"Time (s)","Linear Acceleration x (m/s^2)","Linear Acceleration y (m/s^2)","Linear Acceleration z (m/s^2)","Absolute acceleration (m/s^2)"
4.078749999E-3,-5.573717988E-1,9.045467198E-2,-5.757133448E-1,8.064063648E-1
1.413475000E-2,-4.266289338E-1,1.195214733E-1,-5.033458650E-2,4.459049230E-1
2.419075000E-2,-2.984591362E-1,1.834537598E-1,4.467629439E-1,5.677413724E-1
3.424675000E-2,-1.404150367E-1,1.667526501E-1,5.797771597E-1,6.194064770E-1
4.430175000E-2,7.807728589E-2,1.445490181E-2,4.451929665E-1,4.522187348E-1
5.435775000E-2,1.907934773E-1,5.980795294E-2,3.350618291E-1,3.901865855E-1
6.441375000E-2,1.532979146E-1,2.067888281E-1,2.914942253E-1,3.888839845E-1
7.446975000E-2,5.764360607E-2,1.578909025E-1,3.896473414E-1,4.243552439E-1
8.452575000E-2,-8.709281534E-2,-4.305392593E-2,4.252884597E-1,4.362442813E-1
9.458175000E-2,-2.248722196E-1,-2.512452087E-1,2.839051241E-1,4.407876921E-1
1.046377500E-1,-4.280194017E-1,-3.424240583E-1,2.082678813E-1,5.863704924E-1
1.146927500E-1,-4.778859186E-1,-2.611442524E-1,2.208510894E-1,5.876618717E-1
1.247487500E-1,-1.966485867E-1,-8.277084589E-2,2.512174344E-1,3.295935056E-1
1.348047500E-1,3.394893408E-2,9.407088250E-2,1.575865549E-1,1.866423943E-1
1.448607500E-1,9.065757036E-2,1.997435179E-1,-1.049306238E-1,2.431598319E-1
1.549167500E-1,1.271462426E-1,1.874789831E-1,-5.286760032E-1,5.751633268E-1
1.649727500E-1,1.063070583E-1,1.921014994E-1,-9.024604332E-1,9.287836187E-1
1.750277500E-1,-1.686527029E-2,2.402676460E-1,-9.327636284E-1,9.633592089E-1
1.850837500E-1,-1.472638804E-1,1.039713880E-1,-6.288996184E-1,6.542258249E-1
1.951397500E-1,-1.532099140E-1,-8.992696077E-2,-2.827672559E-1,3.339422959E-1
2.051957500E-1,-1.452609167E-2,-2.334813675E-1,2.037485683E-1,3.102225579E-1
2.152517500E-1,2.159347504E-1,-2.379363611E-1,6.957520044E-1,7.663630863E-1
2.253077500E-1,4.483036852E-1,-2.267132154E-1,8.275494146E-1,9.680976758E-1
2.353627500E-1,4.584006572E-1,-1.432012349E-1,6.202849156E-1,7.844686945E-1
2.454187500E-1,2.242601623E-1,2.321169198E-2,2.580060518E-1,3.426346827E-1
2.554747500E-1,4.160162374E-2,8.558569551E-2,-7.808137894E-2,1.230947119E-1
2.655307500E-1,-1.248082334E-1,1.079246905E-1,-2.716400045E-1,3.178256220E-1
2.755867500E-1,-2.066571195E-1,3.995314747E-2,-4.163480669E-1,4.665288114E-1
2.856427500E-1,-1.529286629E-1,1.374709636E-2,-4.316496456E-1,4.581458012E-1
2.956987500E-1,2.997633576E-2,-3.149807364E-2,-3.803660560E-1,3.828433699E-1
3.057537500E-1,9.386125982E-2,1.145498782E-2,-3.449559027E-1,3.576810418E-1
3.158097500E-1,2.711003065E-2,2.282489866E-2,-2.963994545E-1,2.985105800E-1
3.258657500E-1,-1.529821649E-2,7.854857147E-2,-1.318956435E-1,1.542736992E-1
3.359217500E-1,-4.627150252E-2,7.923649639E-2,5.440015554E-2,1.066716984E-1
3.459777500E-1,-7.711337239E-2,-1.259724140E-2,1.595190597E-1,1.776273996E-1
3.560337500E-1,-7.413304657E-2,-1.664576581E-1,1.574818897E-1,2.408410391E-1
3.660887500E-1,-1.277898748E-1,-1.530166635E-1,1.832844830E-1,2.708090713E-1
3.761447500E-1,-2.002560264E-1,-1.234420314E-1,1.211934847E-1,2.646285547E-1
3.862007500E-1,-1.193124354E-1,-9.506958693E-2,4.194558620E-2,1.582185697E-1
3.962567500E-1,3.674741149E-2,-1.156573409E-1,2.964012086E-2,1.249220938E-1
4.063127500E-1,7.677087173E-2,-1.362158588E-1,-2.493837476E-3,1.563801335E-1
4.163687500E-1,6.004403427E-2,-1.690231240E-1,-1.032495493E-1,2.069651466E-1
4.264250000E-1,2.307705984E-2,-1.858885404E-1,-9.445767581E-2,2.097840620E-1
4.364800000E-1,-1.249256162E-1,-1.318017957E-1,-4.710867763E-2,1.876095692E-1
4.465360000E-1,-1.875663990E-1,-5.646977752E-2,-8.617334068E-2,2.139996132E-1
4.565920000E-1,-1.697543183E-1,1.156666964E-2,-1.605633724E-1,2.339463891E-1
4.666480000E-1,-9.805049747E-2,-1.206280589E-2,-3.111899865E-1,3.264944395E-1
4.767040000E-1,-3.052714348E-2,-4.971302748E-3,-3.914108616E-1,3.926309755E-1
4.867600000E-1,7.179138288E-2,6.979295075E-2,-4.242581803E-1,4.359129066E-1
4.968150000E-1,2.365944251E-1,3.319464326E-2,-3.177435458E-1,3.975421578E-1
5.068710000E-1,4.270436476E-1,-1.103270191E-1,-1.434883332E-1,4.638181000E-1
5.169270000E-1,5.415588811E-1,-1.799580020E-1,2.096793991E-1,6.079772649E-1
5.269830000E-1,6.121743889E-1,-2.633360812E-1,5.571414185E-1,8.686253129E-1
5.370390000E-1,6.357873461E-1,-3.126778105E-1,8.813186556E-1,1.130803049E0
5.470950000E-1,5.865996909E-1,-2.817200196E-1,1.054129606E0,1.238811767E0
5.571500000E-1,4.304921892E-1,-2.301104477E-1,1.062668880E0,1.169418441E0
5.672060000E-1,2.420557246E-1,-1.220176497E-1,9.101688176E-1,9.496770805E-1
5.772620000E-1,1.167572021E-1,-1.071452567E-1,5.159243953E-1,5.397131942E-1
5.873180000E-1,3.371343747E-2,-1.295596808E-1,9.858347118E-2,1.662558497E-1
5.973740000E-1,5.402417958E-2,-1.064468068E-1,-2.426465857E-1,2.704198591E-1
6.074300000E-1,1.216701789E-1,5.939133883E-2,-4.070235121E-1,4.289511662E-1
6.174860000E-1,2.155634522E-1,1.975338551E-1,-5.232538801E-1,5.994012420E-1
6.275410000E-1,2.832378106E-1,2.423311284E-1,-6.521686131E-1,7.511803599E-1
6.375970000E-1,3.195069198E-1,2.865530357E-1,-6.336118895E-1,7.652851368E-1
6.476530000E-1,2.587387079E-1,2.021519861E-1,-5.160723299E-1,6.116713121E-1
6.577090000E-1,2.425550768E-1,3.690850228E-2,-4.611693138E-1,5.223718396E-1
6.677650000E-1,1.939856185E-1,-6.590221345E-2,-3.593920934E-1,4.136861114E-1
6.778210000E-1,2.029587556E-1,-1.584686074E-1,-3.184919894E-1,4.095628197E-1
6.878760000E-1,2.892529875E-2,-5.449020267E-2,-1.863647962E-1,1.963101942E-1
6.979320000E-1,-7.037518725E-2,1.134272128E-1,1.116157454E-1,1.740013627E-1
7.079880000E-1,9.391900107E-2,6.615393609E-2,2.237811291E-1,2.515454547E-1
7.180440000E-1,3.615086393E-1,-2.284600711E-1,1.007948881E-1,4.393655765E-1
7.281000000E-1,5.974584089E-1,-3.911357501E-1,-7.535482228E-2,7.180682939E-1
7.381560000E-1,7.428285223E-1,-6.372851104E-1,-7.617296469E-1,1.240225214E0
7.482120000E-1,4.687837773E-1,-1.779696563E-1,-8.580484915E-1,9.938202263E-1
7.582670000E-1,1.086050141E-1,2.656618112E-1,-6.231161374E-1,6.860356898E-1
7.683230000E-1,-3.474115871E-2,3.108207348E-1,-5.674114680E-1,6.478983341E-1
7.783790000E-1,-7.427571863E-3,1.867013034E-1,-5.430975759E-1,5.743409462E-1
7.884350000E-1,-3.519716844E-2,2.084321880E-1,-2.885653549E-1,3.577048808E-1
7.984910000E-1,-1.242321365E-2,3.263715510E-1,1.400758982E-2,3.269081494E-1
8.085470000E-1,2.625355974E-2,4.319430296E-1,2.391598910E-1,4.944304640E-1
8.186020000E-1,2.604985736E-1,1.726062977E-1,4.077263474E-2,3.151425846E-1
8.286580000E-1,4.492586817E-1,-8.125159308E-2,-1.993619871E-1,4.981770633E-1
8.387140000E-1,4.509254305E-1,-1.529321712E-1,-1.480053073E-1,4.986256751E-1
8.487700000E-1,4.688329670E-1,-2.573428313E-1,-1.817589444E-1,5.648592724E-1
8.588260000E-1,3.362075910E-1,-1.805203579E-1,-2.233227074E-2,3.822589099E-1
8.688820000E-1,1.406477193E-1,1.459888950E-1,5.064407963E-1,5.455060206E-1
8.789380000E-1,-7.249962687E-3,5.366704626E-1,1.055106091E0,1.183772195E0
8.889930000E-1,-2.680283256E-2,7.801453064E-1,1.479599329E0,1.672889496E0
8.990490000E-1,9.271962751E-2,6.537030686E-1,1.486581489E0,1.626606638E0
9.091050000E-1,2.789967520E-1,3.556456362E-1,1.315391972E0,1.390891457E0
9.191610000E-1,3.952161565E-1,9.250339016E-2,1.075563160E0,1.149603757E0
9.292170000E-1,5.454187012E-1,-5.117638090E-1,3.026027656E-1,8.068160817E-1
9.392730000E-1,5.574715669E-1,-1.177318453E0,-5.926281703E-1,1.431104970E0
9.493280000E-1,3.463894207E-1,-1.301989715E0,-8.795212215E-1,1.608950101E0
9.593840000E-1,9.983316734E-3,-8.635320103E-1,-6.650640625E-1,1.089998810E0
9.694400000E-1,-4.460858363E-1,-2.730028443E-1,-2.982851815E-1,6.020773836E-1
9.794960000E-1,-7.553986473E-1,2.412409151E-1,1.018713605E-1,7.995011379E-1
9.895520000E-1,-8.082189582E-1,4.464809619E-1,2.574710315E-1,9.585689677E-1
9.996080000E-1,-6.538486643E-1,3.543196338E-1,2.295628560E-1,7.783055850E-1
1.009663000E0,-3.757224897E-1,1.896563400E-1,2.491995603E-1,4.891189399E-1
1.019719000E0,-5.024168886E-2,-3.784391060E-2,1.210443807E-1,1.364116233E-1
1.029775000E0,1.214711543E-1,-4.009548332E-1,-3.235913461E-1,5.293688496E-1
1.039831000E0,9.724420298E-2,-4.966114806E-1,-5.436197323E-1,7.426990043E-1
1.049887000E0,-7.823070221E-2,-3.093308643E-1,-4.194295496E-1,5.269978875E-1
1.059943000E0,-2.977305366E-1,1.382018656E-2,-1.975739086E-1,3.575890369E-1
1.069998000E0,-5.569010979E-1,2.654935576E-1,-4.930606127E-2,6.189157856E-1
1.080054000E0,-7.243877198E-1,3.125418627E-1,3.949735701E-2,7.899240633E-1
1.090110000E0,-7.054029800E-1,2.394863118E-1,5.534740448E-2,7.470009323E-1
1.100166000E0,-5.097478352E-1,6.605000183E-2,-2.486236095E-3,5.140152134E-1
1.110222000E0,-3.203897763E-1,-6.329640180E-2,2.176041305E-2,3.273065212E-1
1.120278000E0,-1.955991942E-1,-1.402282181E-1,5.340671360E-2,2.465264185E-1
1.130334000E0,-1.992868869E-1,-1.098783915E-1,1.364044315E-1,2.653199826E-1
1.140389000E0,-2.897737917E-1,-5.145739809E-2,1.951081377E-1,3.531060741E-1
1.150445000E0,-3.937549738E-1,-4.280892760E-2,9.450913131E-2,4.071947441E-1
1.160501000E0,-4.449343733E-1,-3.816082969E-2,1.441338658E-1,4.692519758E-1
1.170557000E0,-4.438160203E-1,4.892569989E-2,3.406008965E-1,5.615829009E-1
1.180613000E0,-3.898659541E-1,1.719540408E-1,5.014490283E-1,6.580385872E-1
1.190669000E0,-3.299491334E-1,1.798704399E-1,4.869502723E-1,6.150937924E-1
1.200725000E0,-2.020630353E-1,5.851440266E-2,3.209484047E-1,3.837463798E-1
1.210780000E0,-1.466640474E-1,-4.648317173E-2,3.018642622E-1,3.388112467E-1
1.220836000E0,-1.711892250E-1,-9.194161892E-2,3.607387072E-1,4.097455636E-1
1.230892000E0,-2.063525892E-1,-1.048781450E-1,3.940619892E-1,4.570182356E-1
1.240948000E0,-2.028231733E-1,-8.056279108E-2,3.569812864E-1,4.184055948E-1
1.251004000E0,-2.426802986E-1,-5.554781780E-2,3.540225953E-1,4.327947381E-1
1.261060000E0,-3.296017722E-1,-3.189144507E-2,3.409488058E-1,4.752898912E-1
1.271115000E0,-3.579627416E-1,-3.059000105E-2,2.835069287E-1,4.576562587E-1
1.281171000E0,-3.753701949E-1,-7.532748654E-2,2.585206068E-1,4.619631128E-1
1.291227000E0,-3.912516346E-1,-1.217407840E-1,2.927829516E-1,5.036075028E-1
1.301283000E0,-3.613145848E-1,-1.479681775E-1,3.494348699E-1,5.239728419E-1
1.311339000E0,-2.870019191E-1,-2.676970808E-1,3.280089176E-1,5.114896662E-1
1.321395000E0,-1.956522211E-1,-3.919319947E-1,3.063999474E-1,5.345759141E-1
1.331451000E0,-2.040119488E-1,-3.804441163E-1,4.667516506E-1,6.357796035E-1
1.341506000E0,-2.664783384E-1,-3.259303786E-1,5.206489456E-1,6.695645160E-1
1.351562000E0,-1.840004745E-1,-2.391954128E-1,4.758633667E-1,5.634860814E-1
1.361618000E0,-1.363276502E-1,-9.138554871E-2,5.413515973E-1,5.656837444E-1
1.371674000E0,1.393392038E-1,7.859257177E-2,7.685457462E-1,7.850189616E-1
1.381730000E0,4.872664605E-1,1.363505640E-1,1.067627903E0,1.181460714E0
1.391786000E0,8.629820066E-1,2.142200544E-2,1.210698745E0,1.486939238E0
1.401841000E0,1.220330644E0,-3.089097916E-1,1.040216156E0,1.632997793E0
1.411897000E0,1.493781458E0,-5.470714168E-1,6.404700887E-1,1.714897115E0
1.421952875E0,1.640136243E0,-5.911107082E-1,3.023811561E-1,1.769432996E0
1.432008875E0,1.560092977E0,-6.674111348E-1,1.631618750E-1,1.704684580E0
1.442064875E0,1.062844004E0,-6.851890824E-1,-7.228795767E-2,1.266628203E0
1.452120875E0,-8.416577227E-2,-2.834949419E-3,-4.351790249E-2,9.479304826E-2
1.462176875E0,3.439332247E-2,3.644129513E-1,9.172702610E-2,3.773506950E-1
1.472231875E0,1.464319970E0,2.206618588E-1,3.368768048E-1,1.518687134E0
1.482287875E0,2.086059380E0,5.509684398E-1,1.122528580E0,2.432134942E0
1.492343875E0,2.101022844E0,4.873409394E-1,9.729351693E-1,2.366094044E0
1.502399875E0,2.091820934E0,2.085438699E-2,4.469260812E-1,2.139133621E0
1.512455875E0,2.293353554E0,-7.732854992E-1,9.489680171E-2,2.422074811E0
1.522511875E0,3.090692014E0,-1.886310746E0,9.598204494E-3,3.620861428E0
1.532566875E0,5.000586773E0,-3.032504032E0,-5.380104983E-1,5.872938283E0
1.542622875E0,1.489119620E0,-7.545616183E-2,-2.341090661E-1,1.509297164E0
1.552678875E0,-1.378019745E0,2.169570776E0,1.245014300E0,2.855877514E0
1.562734875E0,-3.169860390E-1,1.191356814E0,9.865416402E-1,1.578947629E0
1.572790875E0,6.937765226E-1,-2.448060355E-1,2.010582644E-1,7.626796732E-1
1.582846875E0,1.253252442E0,-1.602514965E0,-1.437740282E0,2.491142913E0
1.592901875E0,3.019850072E-1,-1.380790448E0,-8.295587518E0,8.415138114E0
1.602957875E0,-2.427768617E0,-3.705058962E-1,-2.954350147E0,3.841812055E0
1.613013875E0,-3.129719254E0,4.167211193E-1,1.373404537E0,3.443114742E0
1.623069875E0,-2.001478529E0,-4.230979465E-1,-4.638561094E-1,2.097639308E0
1.633125875E0,-7.402867377E-1,-7.388258108E-1,-2.639970505E0,2.839600729E0
1.643181875E0,-4.389374690E-1,-8.720864868E-1,-2.084628859E0,2.301929283E0
1.653237875E0,-7.208159481E-1,-6.714841591E-1,-9.186934733E-1,1.347020529E0
1.663292875E0,-6.211399247E-1,-1.065042995E0,-1.370516598E0,1.843487763E0
1.673348875E0,-8.609458599E-1,-1.008488726E0,-9.984606045E-1,1.659879773E0
1.683404875E0,-6.896849334E-1,-8.828507723E-1,7.455574179E-1,1.345714181E0
1.693460875E0,-3.949531049E-1,-1.866259328E0,1.031282780E0,2.168514701E0
1.703516875E0,6.805040739E-2,-1.870540806E0,1.632819183E0,2.483878469E0
1.713572875E0,1.305018134E-1,-9.625568001E-1,2.941228995E0,3.097478704E0
1.723628875E0,4.715618625E-1,-4.042207955E-1,2.931711482E0,2.996781149E0
1.733683875E0,7.766287179E-1,-2.497230323E-1,1.917809551E0,2.084108258E0
1.743739875E0,6.935663152E-1,-4.102260321E-2,6.850451678E-1,9.757069076E-1
1.753795875E0,3.470049863E-1,3.218589623E-1,-6.468570024E-1,8.015170826E-1
1.763851875E0,-3.167630408E-1,3.845298582E-1,-1.627015237E0,1.701581799E0
1.773907875E0,-1.349372189E0,-3.290228248E-3,-2.086264910E0,2.484616148E0
1.783963875E0,-1.917160948E0,-5.060713984E-1,-1.974385455E0,2.798180174E0
1.794018875E0,-1.726820484E0,-9.604720484E-1,-1.903685017E0,2.743798860E0
1.804074875E0,-1.863478685E0,-1.920310697E0,-4.049588603E-1,2.706314405E0
1.814130875E0,-2.307317436E0,-2.752224474E0,1.103076648E0,3.757024274E0
1.824186875E0,-9.822404283E-1,-2.216138440E0,2.800225729E-1,2.440180011E0
1.834242875E0,-9.101178007E-1,-1.906723961E0,2.196260392E0,3.047535132E0
1.844298875E0,-6.638172899E-1,-2.122229672E0,1.922354591E0,2.939380777E0
1.854353875E0,-1.013797120E0,-1.894642590E0,1.471476962E0,2.604361648E0
1.864409875E0,-2.584542409E0,-4.900965494E-1,1.114122038E0,2.856802759E0
1.874465875E0,-2.442857649E0,8.914914221E-1,-2.690531963E-1,2.614325931E0
1.884521875E0,4.702674352E-2,7.137561661E-1,-2.123222821E0,2.240476407E0
1.894577875E0,1.404481612E0,2.455529442E-1,-2.561681550E0,2.931736210E0
1.904633875E0,2.263130612E0,7.855588049E-3,-1.605896264E0,2.775017962E0
1.914689875E0,2.561918362E0,3.810674295E-1,-1.004534107E-1,2.592051112E0
1.924744875E0,1.227086737E0,1.127834417E0,1.038266695E0,1.963606391E0
1.934800875E0,-1.501791559E-1,1.437457861E0,1.326272471E0,1.961590566E0
1.944856875E0,-5.951449580E-1,1.168948091E0,4.885073858E-1,1.399741628E0
1.954912875E0,-1.116470280E-1,2.221222740E-1,-3.067882025E-1,3.948700605E-1
1.964968875E0,4.137174046E-1,-1.133772191E-1,2.118048620E-1,4.784117309E-1
1.975024875E0,6.837427005E-2,1.367877895E-1,1.278992470E0,1.288102356E0
1.985079875E0,-7.728043465E-1,4.383470464E-1,1.517296329E0,1.758284061E0
1.995135875E0,-9.282201225E-1,5.053912941E-1,1.455542130E0,1.798781768E0
2.005191875E0,-6.423515034E-1,5.339254142E-1,1.175243568E0,1.441835374E0
2.015247875E0,-2.064621149E-1,6.731538315E-1,5.060928869E-1,8.671174638E-1
2.025303875E0,1.388943952E-1,6.385162416E-1,-1.403869700E-1,6.683585454E-1
2.035359875E0,4.875931006E-1,5.062519312E-1,-6.430270761E-1,9.526394230E-1
2.045415875E0,3.197551341E-1,6.372212295E-1,-9.355527502E-1,1.176245378E0
2.055470875E0,2.201158020E-1,7.290027809E-1,-4.970712179E-1,9.093821070E-1
2.065526875E0,2.139728634E-1,7.626875670E-1,5.599001348E-1,9.700334387E-1
2.075582875E0,-4.045820072E-2,8.365311764E-1,1.296056399E0,1.543108378E0
2.085638875E0,-3.404114467E-1,8.624727872E-1,1.157159300E0,1.482820592E0
2.095694875E0,-6.321619262E-1,9.126654325E-1,-6.416559041E-2,1.112071992E0
2.105750875E0,-5.353706266E-1,1.020903388E0,-2.131214796E0,2.423002670E0
2.115805875E0,1.297962007E-1,8.180517823E-1,-3.088185897E0,3.197334500E0
2.125861875E0,6.850121310E-1,4.650419247E-1,-1.908616558E0,2.080462155E0
2.135917875E0,5.692727830E-1,2.618467954E-1,3.082546842E-1,6.983238475E-1
2.145973875E0,2.597976387E-1,3.156392790E-1,1.963992614E0,2.006088222E0
2.156029875E0,-3.084466191E-1,2.955231030E-1,2.173753874E0,2.215328221E0
2.166085875E0,-6.386494119E-1,3.469125272E-1,6.873068708E-1,1.000306007E0
2.176141875E0,-4.054232754E-1,6.665365376E-1,-1.141341997E0,1.382497936E0
2.186196875E0,4.684458813E-1,1.102460352E0,-2.815332595E0,3.059568269E0
2.196252875E0,7.706011887E-1,1.440228857E0,-1.835709381E0,2.457216775E0
2.206308875E0,-1.079017402E-1,1.256841170E0,2.030253262E0,2.390234470E0
2.216364875E0,-1.328199129E0,5.895434716E-1,3.522080289E0,3.810081887E0
2.226420875E0,-2.309703539E0,-1.894413087E-1,2.243825737E0,3.225735945E0
2.236476875E0,-1.520233385E0,-5.046386844E-1,9.411701703E-1,1.857840423E0
2.246531875E0,-4.504050283E-1,5.290092945E-2,5.510497892E-1,7.136659359E-1
2.256587875E0,1.070103030E0,9.311316705E-1,2.157441897E0,2.581991909E0
2.266643875E0,3.626383214E0,1.876821154E0,5.820237769E0,7.109731397E0
2.276699875E0,3.633094940E0,2.239440618E0,5.533962768E0,6.988506067E0
2.286755875E0,1.721198240E0,1.122376845E0,7.019880599E-1,2.171414378E0
2.296811875E0,8.396502274E-1,4.324033517E-1,-8.916664732E-1,1.298866530E0
2.306867875E0,5.889841855E-1,-1.857363667E-1,-1.667300799E0,1.778002340E0
2.316922875E0,7.671620026E-1,-8.072996297E-1,-1.588868002E0,1.940301976E0
2.326978875E0,1.975442339E-1,-6.704910095E-1,1.664234519E-2,6.991844434E-1
2.337034875E0,-4.504670088E-1,-4.309419863E-1,9.526728129E-1,1.138515266E0
2.347090875E0,-7.332703713E-1,-3.322098497E-1,7.631078357E-1,1.109226032E0
2.357146875E0,-1.162173141E0,-9.196695198E-1,4.683719140E-1,1.554287839E0
2.367202875E0,-1.430334783E0,-1.555148425E0,6.210368675E-1,2.202278594E0
2.377257875E0,-1.540981060E0,-1.703629842E0,7.231006014E-1,2.408288136E0
2.387313875E0,-1.238251118E0,-1.755752800E0,-2.196073866E-1,2.159666902E0
2.397369875E0,-7.001534960E-1,-1.788527320E0,-2.207578263E0,2.926165867E0
2.407425875E0,-9.461183766E-1,-1.595362212E0,-3.358564072E0,3.836700822E0
2.417481875E0,-1.081814710E0,-1.108036914E0,-2.986004049E0,3.363671960E0
2.427538750E0,-2.336284250E-2,-7.382840663E-2,-2.474652176E0,2.475863456E0
2.437594750E0,1.195034055E0,1.035856618E0,-1.492998224E0,2.174890577E0
2.447649750E0,2.961580814E0,2.426805288E0,6.756253034E-1,3.888034770E0
2.457705750E0,4.168136807E0,2.807422774E0,5.349345705E0,7.339651664E0
2.467761750E0,3.972604746E0,2.747143536E0,8.291767532E0,9.595925952E0
2.477817750E0,3.171298220E0,2.727534898E0,4.356263954E0,6.039338926E0
2.487873750E0,2.870371851E0,2.385731522E0,-5.288789016E-1,3.769676690E0
2.497929750E0,4.255539232E-1,4.998254757E-2,-3.275340652E0,3.303248520E0
2.507984750E0,-8.189475757E-1,-1.162833584E0,2.089869134E0,2.527926042E0
2.518040750E0,-4.338242251E-1,-1.084338807E0,2.790759671E0,3.025282408E0
2.528096750E0,-1.318161213E-1,-1.193071144E0,-1.208939903E0,1.703622591E0
2.538152750E0,7.220767540E-1,-1.681161624E0,-3.491372466E-1,1.862685175E0
2.548208750E0,3.472614598E-1,-9.048957986E-1,1.165030822E0,1.515494554E0
2.558264750E0,-4.322425532E-1,-1.303881582E-2,5.702508759E-1,7.156742954E-1
2.568319750E0,-5.790790021E-1,3.460312787E-1,2.068563634E-1,7.055917316E-1
2.578375750E0,-6.303017807E-1,4.211856877E-1,-5.675249040E-2,7.601963979E-1
2.588431750E0,-1.305375107E0,5.196395700E-1,-4.985341913E-1,1.490827217E0
2.598487750E0,-1.192168334E0,5.464789476E-1,-2.026756042E-1,1.327019961E0
2.608543750E0,-8.593518358E-1,3.175942225E-1,-2.482306767E-1,9.491944673E-1
2.618599750E0,-5.455037051E-1,-1.143624110E-1,-6.405583817E-1,8.490984005E-1
2.628655750E0,-1.576356715E-1,-4.275847343E-1,-1.979282498E-1,4.968433375E-1
2.638710750E0,-1.595413375E0,-4.489461480E-1,-2.785174996E-1,1.680615506E0
2.648766750E0,-2.357181614E0,-6.708376763E-1,-6.091863155E-1,2.525358651E0
2.658822750E0,-1.543551496E0,-2.845266831E-1,-4.764820021E-1,1.640287095E0
2.668878750E0,-5.672120780E-1,2.787151355E-1,-1.656054264E-1,6.533275024E-1
2.678934750E0,1.817698787E0,4.281869975E-1,-4.923589468E-2,1.868099879E0
2.688990750E0,3.899352583E0,3.552777732E-1,3.795193791E-2,3.915688089E0
2.699046750E0,3.307823104E0,4.113131757E-1,7.835877085E-1,3.424161491E0
2.709101750E0,7.514479029E-1,6.254664257E-1,7.189853311E-1,1.213598824E0
2.719157750E0,2.585416567E-1,7.278679825E-1,-1.864560127E-2,7.726469095E-1
2.729213750E0,1.083384980E0,7.232896127E-1,7.149799883E-2,1.304600645E0
2.739269750E0,1.922734076E0,8.971168090E-1,2.307410699E-1,2.134236711E0
2.749325750E0,2.507133459E0,1.066201694E0,-1.938387072E-1,2.731314277E0
2.759381750E0,2.662237871E0,9.717649953E-1,1.474387121E-1,2.837882285E0
2.769436750E0,1.110914841E0,1.031805083E0,9.727223307E-1,1.801372323E0
2.779492750E0,1.379504353E-1,1.311807775E0,1.060952722E0,1.692776016E0
2.789548750E0,2.532546043E-1,1.452486960E0,1.012343064E0,1.788489514E0
2.799604750E0,5.942285532E-1,1.470367014E0,9.397650844E-1,1.843432978E0
2.809660750E0,1.911361241E-1,1.624661879E0,7.328210127E-1,1.792508264E0
2.819716750E0,-5.475590014E-1,1.171986962E0,6.492093372E-1,1.447358650E0
2.829772750E0,-5.450774431E-1,8.996089289E-2,1.092271578E0,1.224034143E0
2.839827750E0,-7.980391020E-1,-5.632228151E-1,9.815258986E-1,1.384730818E0
2.849883750E0,-1.052601728E0,-8.992264844E-1,-1.420189279E-1,1.391670954E0
2.859939750E0,-5.562795389E-1,-1.903390390E-1,-1.445664428E0,1.560647787E0
2.869995750E0,7.571547854E-1,4.701909097E-1,-9.639795738E-1,1.312866893E0
2.880051750E0,2.254156013E0,1.254305964E0,-6.021684873E-1,2.648982761E0
2.890107750E0,3.456290342E0,1.572325644E0,-4.082987899E-1,3.819012799E0
2.900162750E0,3.499304799E0,7.111975707E-1,-3.853198171E-2,3.571053174E0
2.910218750E0,2.628126385E0,3.204891790E-1,-4.871894234E-1,2.692046646E0
2.920274750E0,1.292070937E0,-1.085805581E0,-4.657172781E-1,1.750803715E0
2.930330750E0,-7.119487917E-1,-3.353485181E0,8.901163763E-1,3.541897952E0
2.940386750E0,-1.219874781E0,-2.500589256E0,1.135151550E0,3.004930972E0
2.950442750E0,-2.012559003E-1,-8.315972959E-1,2.889693975E-1,9.030843330E-1
2.960498750E0,-6.960934818E-2,-9.288916022E-1,-4.649986553E-1,1.041109418E0
2.970553750E0,-1.515041642E0,-1.729929741E0,-6.601716971E-1,2.392453710E0
2.980609750E0,-1.551719472E0,-1.232823294E0,-1.866876794E0,2.722666993E0
2.990665750E0,-8.715818721E-1,-1.263703170E-1,-2.338351825E0,2.498702399E0
3.000721750E0,8.214835131E-1,6.697473899E-2,-1.441596521E0,1.660578606E0
3.010777750E0,1.052460811E0,1.141750717E0,-4.622954875E-1,1.620180723E0
3.020833750E0,-7.074873662E-1,2.888934422E0,1.740511447E-1,2.979391594E0
3.030888750E0,-1.997427578E0,2.035367675E0,1.406220281E-1,2.855208059E0
3.040944750E0,-1.627734445E0,9.772650325E-1,1.277223687E0,2.288201633E0
3.051000750E0,-4.927583116E-1,5.068460083E-1,5.188917403E0,5.236847090E0
3.061056750E0,2.213331923E0,-4.972963357E-1,3.065678210E0,3.813728455E0
3.071112750E0,1.593779079E0,1.274861412E0,4.879413754E-1,2.098449465E0
3.081168750E0,2.161908585E-1,1.916915804E0,-1.028720530E0,2.186222911E0
3.091224750E0,6.372821867E-2,2.112427399E0,-1.757297049E0,2.748545747E0
3.101279750E0,1.879242486E-1,2.817426775E0,-1.263602014E0,3.093525369E0
3.111335750E0,2.974338269E-1,3.238026353E0,-5.963774049E-1,3.305895877E0
3.121391750E0,-1.233867753E0,2.193781757E0,-4.441387135E-1,2.555849610E0
3.131447750E0,-3.125816823E0,1.391700475E0,-7.086585635E-1,3.494246411E0
3.141503750E0,-3.138050367E0,3.857130423E-1,-1.534346809E0,3.514307156E0
3.151559750E0,-2.429784737E0,3.668399844E-1,-2.087872894E0,3.224536969E0
3.161615750E0,-1.816279668E0,3.472544432E-1,-1.809936023E0,2.587532780E0
3.171670750E0,-8.896871907E-1,-3.950060222E-1,-7.765546775E-1,1.245235007E0
3.181726750E0,-5.497897142E-1,-1.405650178E0,-7.454778957E-1,1.683406797E0
3.191782750E0,-1.230126119E0,-2.497065724E0,-1.576048567E0,3.198824250E0
3.201838750E0,-2.695086944E-1,-1.381556726E0,-7.000251496E-1,1.572058883E0
3.211894750E0,2.829923737E-1,-2.642110293E0,-7.734427893E-1,2.767498010E0
3.221950750E0,5.411960614E-1,-3.557236673E0,-3.851549256E-1,3.618724947E0
3.232005750E0,-1.129103190E-1,-3.448664695E0,2.133374172E-1,3.457101354E0
3.242061750E0,-3.615076160E-1,-2.950694760E0,7.164827228E-2,2.973620823E0
3.252117750E0,6.234944522E-1,-2.590840445E0,4.235623616E-1,2.698259553E0
3.262173750E0,9.408532512E-1,-1.913732287E0,9.901791930E-1,2.351176502E0
3.272229750E0,9.452871948E-1,-2.357952862E0,1.943205763E0,3.198368055E0
3.282285750E0,3.944309485E-1,-4.168079504E0,2.718610877E0,4.991924241E0
3.292341750E0,-6.116608572E-1,-5.024358044E0,1.231177449E0,5.209040283E0
3.302396750E0,-2.590796006E-1,-2.087957094E0,-1.179284579E0,2.411928520E0
3.312452750E0,1.405894591E0,1.355313837E0,-1.890336408E0,2.717864407E0
3.322508750E0,3.330813187E0,3.645807372E0,-2.653795661E0,5.606144780E0
3.332564750E0,4.162993011E0,3.771546482E0,5.409726977E-2,5.617650772E0
3.342620750E0,2.506212523E0,3.222497610E0,3.200512079E0,5.187375986E0
3.352676750E0,1.181863786E0,7.432606316E-1,2.959279350E0,3.272089951E0
3.362731750E0,1.344467837E-1,-7.852562115E-1,1.509810723E0,1.707112086E0
3.372787750E0,-3.298437738E-1,-1.179710841E0,5.185533035E-1,1.330192510E0
3.382843750E0,-7.366556168E-2,-1.231802808E0,-3.147661436E-1,1.273515802E0
3.392899750E0,3.074115157E-2,-1.073261696E0,-6.449174809E-1,1.252499199E0
3.402955750E0,-2.214211929E-1,-8.585417041E-1,-5.557070965E-1,1.046389784E0
3.413011750E0,-4.652243578E-1,-2.830125466E-1,-2.877087379E-1,6.158783342E-1
3.423067500E0,-4.241038138E-1,2.645230660E-1,-1.738687116E-1,5.292134032E-1
3.433122500E0,-3.538705677E-1,6.892373291E-1,-1.761760229E-1,7.945504801E-1
3.443178500E0,-1.247673029E-1,1.012610574E0,-8.950099111E-2,1.024186254E0
3.453234500E0,3.567140687E-1,8.708790368E-1,-7.803752482E-2,9.443331397E-1
3.463290500E0,5.776785940E-1,4.382941291E-1,1.419733196E-1,7.388983185E-1
3.473346500E0,4.859176540E-1,3.866149753E-2,3.935585439E-1,6.264974105E-1
3.483402500E0,1.154918647E-1,-2.954978138E-1,3.328971899E-1,4.598672284E-1
3.493457500E0,-4.254270387E-1,-4.982684353E-1,-7.845209241E-3,6.552260268E-1
3.503513500E0,-3.692902601E-1,-5.805963546E-1,-1.687073743E-1,7.084699015E-1
3.513569500E0,-5.351769376E-1,-3.237603307E-1,1.285522056E-1,6.385614894E-1
3.523625500E0,-4.685180944E-1,-4.833513111E-2,2.236472279E-1,5.214053819E-1
3.533681500E0,-2.123913378E-1,7.181523952E-1,7.773838127E-1,1.079434359E0
3.543737500E0,6.654961717E-1,1.998510775E0,1.487813498E0,2.578860112E0
3.553793500E0,1.940459325E0,1.581091790E0,1.085477114E0,2.728276783E0
3.563848500E0,1.587827783E0,8.397633711E-1,7.441318667E-1,1.944256110E0
3.573904500E0,1.206613296E0,1.634089491E0,7.700385404E-1,2.172354360E0
3.583960500E0,9.782871258E-1,1.873195880E0,4.465764177E-1,2.159939583E0
3.594016500E0,3.823985481E-1,1.149223751E0,4.443357646E-2,1.211989366E0
3.604072500E0,-4.030649471E-1,6.223881590E-1,-1.153626412E-1,7.504244873E-1
3.614128500E0,-7.199033439E-1,4.420462874E-1,-8.189037216E-1,1.176549638E0
3.624184500E0,-9.208095807E-1,9.930987078E-1,-1.694785051E0,2.169431192E0
3.634239500E0,-8.297169775E-1,1.360405592E0,-2.232724214E0,2.743025893E0
3.644295500E0,-5.867470407E-1,1.421767150E0,-2.681016204E0,3.090880426E0
3.654351500E0,-5.291139597E-1,1.963432743E0,-1.852909550E0,2.751054983E0
3.664407500E0,-4.183027911E-1,2.296307714E0,-1.010293030E0,2.543363589E0
3.674463500E0,-2.135976183E-1,2.315605864E0,-5.206664872E-1,2.383012390E0
3.684519500E0,-3.680050421E-1,2.391468225E0,-3.384906363E-1,2.443179054E0
3.694574500E0,-8.388684547E-1,1.907595050E0,4.856054127E-1,2.139727033E0
3.704630500E0,-9.327700603E-1,8.502067906E-1,1.357425267E0,1.853514210E0
3.714686500E0,-2.786958396E-1,3.218687564E-1,1.967362365E0,2.012904752E0
3.724742500E0,-4.621902376E-1,8.470911017E-1,2.055563520E0,2.270798215E0
3.734798500E0,-2.104471385E-1,2.088583331E0,-8.064245939E-2,2.100707389E0
3.744854500E0,1.012910829E0,4.186986476E-1,-7.607788897E-1,1.334196921E0
3.754910500E0,2.075720626E-1,3.196557315E0,-1.003908455E-1,3.204862423E0
3.764965500E0,4.563061845E-1,2.716868407E0,-7.879286814E-1,2.865383200E0
3.775021500E0,1.596684560E0,9.277168965E-1,1.521380024E0,2.392625629E0
3.785077500E0,1.932779008E0,5.329798463E-1,2.303981307E0,3.054182718E0
3.795133500E0,3.542482978E-1,1.577886639E0,1.537425953E-1,1.624455259E0
3.805189500E0,3.519152588E-1,7.370628753E-1,-2.653955875E0,2.776794522E0
3.815245500E0,-6.408197522E-2,-1.353180773E0,5.854466200E-2,1.355961718E0
3.825300500E0,-7.587692016E-1,-1.114952928E0,1.249655820E0,1.838610997E0
3.835356500E0,-8.832798117E-1,-2.341842028E-1,7.749882084E-1,1.198178697E0
3.845412500E0,-1.402297384E0,-4.748266554E-1,1.417115983E0,2.049418458E0
3.855468500E0,-1.590184795E0,-7.863405776E-1,1.851514989E0,2.564201034E0
3.865524500E0,-1.704301395E0,-2.678799525E-1,1.434149507E0,2.243476704E0
3.875580500E0,-1.334069733E0,1.650611676E0,-1.750714254E0,2.751229063E0
3.885636500E0,5.477110291E-1,-1.819038823E0,-1.373880501E0,2.344448174E0
3.895691500E0,1.235084558E0,-3.111965353E0,-2.071677861E0,3.937208578E0
3.905747500E0,1.183039076E0,-3.815242724E0,-1.604753718E0,4.304752373E0
3.915803500E0,6.941609770E-1,-3.595375137E0,9.415935087E-1,3.780896742E0
3.925859500E0,-5.437302446E-1,-2.377293697E0,4.484779322E-1,2.479576649E0
3.935915500E0,-5.589756900E-1,-2.738851891E0,1.892942512E-1,2.801713015E0
3.945971500E0,-6.877611995E-2,-4.346928874E0,-8.741002679E-2,4.348351562E0
3.956027500E0,-1.643940588E0,-2.283869809E0,4.004372084E-1,2.842349718E0
3.966082500E0,-1.484780547E0,-1.970605961E0,5.353523540E-1,2.524769944E0
3.976138500E0,-2.203108066E-1,-1.770832184E0,5.244870579E-1,1.859965094E0
3.986194500E0,4.022287953E-1,-4.139796522E-1,5.189286947E-2,5.795343183E-1
3.996250500E0,8.193826085E-1,5.147473508E-1,-5.569297493E-2,9.692545599E-1
4.006306500E0,6.241277057E-1,1.568315624E0,-4.558851850E-1,1.748422315E0
4.016362500E0,4.985464704E-1,2.052476482E0,-1.358846140E-1,2.116523782E0
4.026418500E0,1.043675954E0,2.248884456E0,2.873584896E-1,2.495859710E0
4.036473500E0,1.696169087E0,1.356361366E0,5.212944782E-1,2.233484645E0
4.046529500E0,1.444158186E0,-1.075995854E-1,4.268824106E-1,1.509767906E0
4.056585500E0,5.232959801E-1,-2.692309517E-1,7.902921259E-2,5.937757191E-1
4.066641500E0,3.798205107E-1,-4.971352449E-1,-6.015013200E-1,8.678772437E-1
4.076697500E0,4.984611011E-1,-9.482988033E-1,-7.689182138E-1,1.318699856E0
4.086753500E0,2.166627288E-1,-5.434258971E-1,-4.986318398E-1,7.686924972E-1
4.096808500E0,-9.552186906E-2,-5.531553715E-2,5.854875505E-2,1.249487608E-1
4.106864500E0,1.832049608E-1,-9.140952229E-3,1.838481545E-1,2.597070631E-1
4.116920500E0,2.965017807E-1,-3.273505211E-1,5.983806610E-2,4.457042335E-1
4.126976500E0,2.252756774E-1,-2.621128437E-1,9.145513058E-2,3.575140761E-1
4.137032500E0,2.416236153E-1,4.617259687E-1,-4.391498691E-1,6.814876735E-1
4.147088500E0,2.451500711E-1,1.403117748E0,-1.044813237E0,1.766485968E0
4.157144500E0,7.810193190E-1,1.492016184E0,-3.714379424E-1,1.724549105E0
4.167199500E0,8.598020715E-1,1.072168266E0,-1.778138280E-1,1.385792968E0
4.177255500E0,2.418051714E-1,2.104968399E-1,9.660769701E-2,3.348308642E-1
4.187311500E0,-1.927517098E-1,-2.228023052E-1,-1.545828402E-2,2.950136393E-1
4.197367500E0,-3.462323499E-1,-1.366131771E0,1.074431723E-1,1.413413206E0
4.207423500E0,-4.323469260E-1,-2.597189059E0,2.331992394E-1,2.643236039E0
4.217479500E0,-5.549504668E-1,-3.256961099E0,2.094694841E-1,3.310535166E0
4.227535500E0,-2.623788920E-1,-4.283010036E0,4.909100068E-1,4.319028859E0
4.237590500E0,5.977681652E-1,-5.570885012E0,2.364806968E-1,5.607852504E0
4.247646500E0,8.354873022E-1,-5.931159450E0,-7.965486467E-2,5.990245099E0
4.257702500E0,-4.593408895E-1,-4.603852314E0,6.867519701E-1,4.677400822E0
4.267758500E0,-1.204727861E0,-2.572806462E0,1.244758192E0,3.101632677E0
4.277814500E0,-4.422635114E-1,-2.052510396E0,1.228473111E0,2.432599869E0
4.287870500E0,3.649677059E-1,-2.129399235E0,1.273970881E0,2.508095759E0
4.297925500E0,4.891169581E-1,-8.289492381E-1,6.203574210E-1,1.145091947E0
4.307981500E0,9.724203220E-1,1.191291837E0,1.006544965E0,1.837909217E0
4.318037500E0,2.923453167E0,8.278765664E-1,1.640047511E0,3.452783496E0
4.328093500E0,7.219954777E-1,1.473857071E0,-1.664313456E0,2.337406986E0
4.338149500E0,6.044120640E-1,1.668369085E0,-1.221768694E0,2.154411309E0
4.348205500E0,9.850508925E-1,1.397668436E0,-1.140350309E0,2.055286147E0
4.358261500E0,1.956466663E-1,2.619740016E0,-1.753679962E0,3.158592847E0
4.368316500E0,-9.108953342E-1,3.474296842E0,-1.787302621E0,4.011847394E0
4.378372500E0,-1.451725360E0,3.271413077E0,-1.435976177E0,3.856381416E0
4.388428500E0,-1.015007932E0,2.737741798E0,-4.795436043E-1,2.958958148E0
4.398484500E0,-3.176002890E-2,2.068337347E0,4.988446784E-1,2.127880188E0
4.408540500E0,2.573994032E-1,1.218424671E0,9.670388371E-1,1.576698210E0
4.418596500E0,1.193352395E-1,2.592120400E-1,8.908659893E-1,9.354538963E-1
4.428652250E0,-9.542188168E-2,-5.014040047E-1,7.370409483E-1,8.965158509E-1
4.438707250E0,-7.165540588E-1,-7.572258291E-1,3.459604543E-1,1.098421281E0
4.448763250E0,-1.029950492E0,-7.645763639E-1,-4.693618476E-2,1.283580164E0
4.458819250E0,-1.020511624E0,-6.569007647E-1,-2.033234757E-1,1.230570203E0
4.468875250E0,-6.554129407E-1,-4.714770779E-1,-2.240577024E-1,8.378893792E-1
4.478931250E0,-2.702100679E-1,-3.886807966E-1,-9.614576697E-2,4.830427010E-1
4.488987250E0,2.946119606E-2,-3.064935029E-1,1.529339254E-1,3.437950187E-1
4.499042250E0,2.878581342E-1,-1.790949529E-1,3.461194986E-1,4.844956294E-1
4.509098250E0,4.124544060E-1,-2.871099830E-2,4.306456786E-1,5.969913391E-1
4.519154250E0,3.307705575E-1,3.442811340E-2,3.488904941E-1,4.819948481E-1
4.529210250E0,1.403235278E-1,4.464495331E-2,1.788815296E-1,2.316947689E-1
4.539266250E0,-4.719697058E-2,5.151660115E-2,1.303022772E-1,1.478519451E-1
4.549322250E0,-1.180389118E-1,1.496887207E-3,1.850456643E-1,2.194933331E-1
4.559378250E0,-6.190096378E-2,-9.396592498E-2,2.221368921E-1,2.490102873E-1
4.569433250E0,1.055904821E-1,-2.066838706E-1,1.256683588E-1,2.639320152E-1
4.579489250E0,1.783465093E-1,-2.517442685E-1,1.042652106E-1,3.256591597E-1
4.589545250E0,1.429924893E-1,-3.332974318E-1,5.845911723E-1,6.879541182E-1
4.599601250E0,-7.376379490E-2,-3.842831057E-1,8.644593787E-1,9.488965277E-1
4.609657250E0,-1.407994911E-1,-4.023162112E-1,6.198311716E-1,7.522456459E-1
4.619713250E0,-4.627588794E-1,-3.564526981E-1,3.456441200E-1,6.787298167E-1
4.629769250E0,-6.561207461E-1,-2.344791949E-1,-3.183633506E-2,6.974872605E-1
4.639824250E0,-5.131300110E-1,4.652571023E-2,-1.573743010E-1,5.387334410E-1
4.649880250E0,-4.787162232E-1,1.567986426E-1,-9.965643525E-2,5.135040816E-1
4.659936250E0,-4.004237598E-1,1.836037409E-1,-4.997322857E-2,4.433360404E-1
4.669992250E0,-2.448799297E-1,3.441507411E-1,-3.474783915E-1,5.469434570E-1
4.680048250E0,1.098519328E-1,5.842222130E-1,-6.716918814E-1,8.969687982E-1
4.690104250E0,3.964768893E-1,8.460885966E-1,-5.300115073E-1,1.074230904E0
4.700159250E0,1.829511917E-1,7.911773944E-1,6.090810657E-2,8.143356835E-1
4.710215250E0,-1.621669713E-1,4.625840476E-1,3.363996720E-1,5.945139755E-1
4.720271250E0,-1.261536777E-1,4.621229947E-2,1.866975027E-1,2.300136617E-1
4.730327250E0,-4.130093068E-2,-3.058681431E-1,2.653443074E-1,4.070241877E-1
4.740383250E0,9.817036539E-2,-5.162205568E-1,3.394261909E-1,6.255647232E-1
4.750439250E0,1.803374863E-1,-6.564245090E-1,2.433301252E-1,7.229275861E-1
4.760495250E0,1.506918105E-1,-6.639516297E-1,2.324888027E-1,7.194378581E-1
4.770550250E0,1.292839846E-1,-5.236026666E-1,3.412019902E-1,6.381950323E-1
4.780606250E0,2.351954788E-1,-3.003626972E-1,3.841100281E-1,5.413641814E-1
4.790662250E0,4.658380231E-1,-6.685998738E-3,1.411079317E-1,4.867866214E-1
4.800718250E0,6.911116540E-1,2.994242191E-1,-2.182093173E-1,7.841590958E-1
4.810774250E0,7.905537888E-1,4.465185302E-1,-4.246902895E-1,1.002355193E0
4.820830250E0,8.373864779E-1,4.191415742E-1,-2.390628272E-1,9.664609707E-1
4.830886250E0,7.758264068E-1,2.135438240E-1,1.314079857E-1,8.153377441E-1
4.840941250E0,6.956637114E-1,4.328167498E-2,1.454798949E-1,7.120292849E-1
4.850997250E0,7.297778293E-1,9.097302765E-2,-1.699972701E-1,7.548184178E-1
4.861053250E0,5.671214461E-1,2.997738826E-1,-4.326115125E-1,7.737207740E-1
4.871109250E0,2.486116228E-1,5.362507787E-1,-4.666516632E-1,7.530845978E-1
4.881165250E0,-1.438885751E-1,5.582275388E-1,-1.351051801E-1,5.920940101E-1
4.891221250E0,-3.801198882E-1,2.013456550E-1,1.161578625E-1,4.455601544E-1
4.901276250E0,-4.137422553E-1,-1.395578349E-1,-1.023736364E-1,4.484856792E-1
4.911332250E0,-1.267913166E-1,-4.366607094E-1,-2.242524147E-1,5.069889137E-1
4.921388250E0,1.984220472E-1,-5.961096025E-1,-2.914895475E-2,6.289416734E-1
4.931444250E0,3.036271977E-1,-6.564315256E-1,2.373893541E-1,7.612131952E-1
4.941500250E0,1.459432867E-1,-6.685858405E-1,2.789443463E-1,7.389968994E-1
4.951556250E0,6.899129748E-3,-5.560693315E-1,-7.707799673E-3,5.561655415E-1
4.961612250E0,-5.345816910E-3,-4.253554103E-1,-3.265494525E-1,5.362745078E-1
4.971667250E0,-5.754624993E-2,-3.781651640E-1,-5.327292931E-1,6.558360785E-1
4.981723250E0,-1.849310589E-1,-4.553215134E-1,-2.824175924E-1,5.668129088E-1
4.991779250E0,-2.339503142E-1,-5.985607553E-1,-9.717896998E-2,6.499626754E-1
5.001835250E0,-3.546535099E-1,-7.185815808E-1,1.714403629E-1,8.194695836E-1
5.011891250E0,-4.331374696E-1,-8.473507181E-1,1.694452929E-1,9.666038559E-1
5.021947250E0,-3.044466850E-1,-8.262279439E-1,4.780741990E-2,8.818310205E-1
5.032003250E0,-6.173431814E-2,-7.100111707E-1,2.769638944E-1,7.646149274E-1
5.042058250E0,5.332046717E-2,-6.504173720E-1,2.927309114E-1,7.152462628E-1
5.052114250E0,-2.681036085E-2,-6.182009679E-1,6.278447807E-2,6.219591006E-1
5.062170250E0,-5.143064708E-2,-5.019855103E-1,-1.617936265E-1,5.299167308E-1
5.072226250E0,-8.598827630E-2,-3.292048194E-1,-8.781757772E-2,3.513996638E-1
5.082282250E0,-1.512791634E-1,-2.747214872E-1,3.898110634E-1,5.003098499E-1
5.092338250E0,-2.046186340E-1,-3.737392603E-1,7.591077554E-1,8.705138738E-1
5.102393250E0,-1.257332629E-1,-5.088263141E-1,8.300666410E-1,9.816943006E-1
5.112449250E0,1.075618708E-1,-3.344749148E-1,3.888123590E-1,5.240401465E-1
5.122505250E0,1.619857076E-1,-2.301249196E-1,-1.866138875E-2,2.820374009E-1
5.132561250E0,9.323385358E-3,-1.265476339E-1,-1.063199222E-2,1.273352599E-1
5.142617250E0,-2.174178967E-1,-2.517094776E-2,5.702380121E-2,2.261765512E-1
5.152673250E0,-3.757926562E-1,9.299557954E-2,-1.299613845E-1,4.083604532E-1
5.162729250E0,-3.964160782E-1,2.916806053E-1,-1.906315094E-1,5.277912987E-1
5.172784250E0,-3.154031977E-1,4.437201990E-1,-1.055556911E-1,5.545347564E-1
5.182840250E0,-3.003419396E-1,5.058676229E-1,-9.588498116E-2,5.960715244E-1
5.192896250E0,-3.424456930E-1,4.915657720E-1,2.381278574E-2,5.995606805E-1
5.202952250E0,-3.360897696E-1,3.901231585E-1,-1.095464158E-1,5.264530647E-1
5.213008250E0,-5.100935519E-1,5.054780522E-1,-5.538102597E-1,9.068678496E-1
5.223064250E0,-6.505503961E-1,7.408957252E-1,-4.829425907E-1,1.097896097E0
5.233120250E0,-4.948106843E-1,8.307269378E-1,-5.227855182E-1,1.099204056E0
5.243175250E0,-1.239448920E-1,8.392181182E-1,-5.706256825E-1,1.022381072E0
5.253231250E0,2.848976889E-1,7.540797347E-1,-5.091024488E-1,9.534087491E-1
5.263287250E0,6.194832623E-2,7.361893013E-1,1.729559612E-1,7.587661346E-1
5.273343250E0,2.143995640E-1,6.705719934E-1,5.117062140E-1,8.703316729E-1
5.283399250E0,3.972358578E-1,4.977708372E-1,-1.351858717E-1,6.510356005E-1
5.293455250E0,4.977968574E-2,5.031539302E-1,-5.407961118E-1,7.403393338E-1
5.303511250E0,-6.286516964E-2,6.780489743E-1,-5.411627322E-1,8.698043135E-1
5.313566250E0,2.917772305E-1,7.366939160E-1,-5.253799278E-1,9.507239066E-1
5.323622250E0,5.257564884E-1,8.204178581E-1,-6.475721169E-1,1.169980766E0
5.333678250E0,5.054923779E-1,9.168067230E-1,-5.982602084E-1,1.205807774E0
5.343734250E0,3.784861761E-1,8.124346545E-1,-2.041672289E-1,9.192312608E-1
5.353790250E0,2.299043334E-1,6.556231481E-1,-2.934659064E-2,6.953840214E-1
5.363846250E0,2.126038840E-1,5.109285343E-1,2.174830931E-1,5.945984144E-1
5.373901250E0,3.725456974E-1,3.913386485E-1,2.707752013E-1,6.043636687E-1
5.383957250E0,4.558764142E-1,2.231453906E-1,3.570678252E-1,6.205760245E-1
5.394013250E0,3.530458179E-1,-5.061262161E-2,4.656763476E-1,5.865641037E-1
5.404069250E0,2.370227337E-1,-3.490195714E-1,6.244715220E-1,7.536306252E-1
5.414125250E0,2.594061676E-1,-4.866551341E-1,4.232308245E-1,6.951612116E-1
5.424180667E0,3.783835575E-1,-3.330623737E-1,2.159078532E-1,5.483802170E-1
5.434236667E0,4.042045695E-1,-1.673075509E-1,2.493995351E-1,5.035606008E-1
5.444291667E0,3.040999451E-1,-1.478067943E-1,7.022798359E-2,3.453340336E-1
5.454347667E0,1.105208543E-1,-8.837437883E-2,-1.250696039E-1,1.888578722E-1
5.464403667E0,-9.590778530E-2,-2.336167306E-2,-1.484479415E-1,1.782718777E-1
5.474459667E0,-1.361997789E-1,-1.175820981E-1,-3.440735579E-2,1.831933288E-1
5.484515667E0,-3.158139646E-2,-3.533772089E-1,1.463230634E-1,3.837750320E-1
5.494571667E0,-9.079673409E-2,-5.185693833E-1,1.731880957E-1,5.542132881E-1
5.504627667E0,-1.937968996E-1,-4.613710427E-1,1.414535022E-1,5.200284325E-1
5.514682667E0,-1.179532501E-1,-2.400597775E-1,-1.560405511E-1,3.096616211E-1
5.524738667E0,-2.209884989E-1,1.423086575E-1,-3.681909835E-1,4.523850915E-1
5.534794667E0,-4.237599975E-1,2.421630210E-1,-3.332877839E-1,5.910128688E-1
5.544850667E0,-4.855530801E-1,2.077077180E-3,-3.224780363E-1,5.828878038E-1
5.554906667E0,-4.898849899E-1,-3.072021854E-1,-1.968172789E-1,6.108170980E-1
5.564962667E0,-5.584953412E-1,-4.302501145E-1,4.921309054E-2,7.067206913E-1
5.575017667E0,-6.323179007E-1,-3.642695484E-1,2.819784665E-1,7.823235181E-1
5.585073667E0,-5.156334963E-1,-2.183654380E-1,1.611235356E-1,5.826853017E-1
5.595129667E0,-1.751828733E-1,-5.488225847E-2,-8.363623381E-2,2.017327960E-1
5.605185667E0,7.008911222E-2,1.582050441E-1,-1.581841403E-1,2.344430461E-1
5.615241667E0,1.053776434E-1,2.291387866E-1,-1.560212553E-2,2.526904383E-1
5.625297667E0,1.540127367E-1,1.394427909E-1,2.031924981E-1,2.906052413E-1
5.635353667E0,2.904575139E-1,1.076498714E-1,2.200254625E-1,3.799542951E-1
5.645408667E0,4.266002825E-1,1.000704181E-1,2.181742340E-1,4.894914565E-1
5.655464667E0,4.759484437E-1,7.040588513E-2,2.144577438E-1,5.267599392E-1
5.665520667E0,5.603901315E-1,1.341039906E-1,1.566129935E-1,5.971169144E-1
5.675576667E0,6.259605154E-1,3.005256884E-1,1.166069287E-1,7.040876594E-1
5.685632667E0,6.707110110E-1,4.494184569E-1,5.748046875E-2,8.094036162E-1
5.695688667E0,6.846817634E-1,4.895002431E-1,1.117613411E-1,8.490525322E-1
5.705744667E0,4.963371000E-1,3.595153235E-1,1.499612010E-1,6.309438536E-1
5.715799667E0,3.236255524E-1,1.190292840E-1,2.645900166E-1,4.346370273E-1
5.725855667E0,3.386534813E-1,-2.441636458E-2,3.278025109E-1,4.719500242E-1
5.735911667E0,3.379638022E-1,-7.875366256E-2,1.633659428E-1,3.835493479E-1
5.745967667E0,3.578703555E-1,-1.387582281E-1,1.134201962E-1,4.002364028E-1
5.756023667E0,2.379179424E-1,-1.468019503E-1,5.114267170E-2,2.842029782E-1
5.766079667E0,-5.464515388E-3,-1.402653480E-1,1.671426594E-2,1.413633455E-1
5.776134667E0,-1.710415828E-1,-1.791689202E-1,8.595407009E-3,2.478519842E-1
5.786190667E0,-1.388167003E-1,-2.803109868E-1,3.786890745E-2,3.150847184E-1
5.796246667E0,-1.241524681E-1,-3.126919900E-1,9.781982481E-2,3.503695679E-1
5.806302667E0,-9.861533850E-2,-3.030769747E-1,1.505441684E-1,3.524828850E-1
5.816358667E0,-7.877515107E-2,-2.627237315E-1,1.025636709E-1,2.928286020E-1
5.826414667E0,-1.053706267E-1,-2.185056250E-1,-5.072284162E-2,2.478315633E-1
5.836470667E0,-1.025961229E-1,-2.250796495E-1,-1.036992002E-1,2.682169592E-1
5.846525667E0,-7.374245256E-2,-2.311002351E-1,-6.900065303E-2,2.522030097E-1
5.856581667E0,-4.777175188E-2,-2.362681505E-1,-5.891128242E-2,2.481437455E-1
5.866637667E0,-2.749477744E-2,-2.079107626E-1,-4.853130519E-2,2.152629452E-1
5.876693667E0,2.209253490E-2,-6.854237750E-2,-1.009884310E-1,1.240354820E-1
5.886749667E0,2.785876662E-2,9.806657732E-3,-7.682656646E-2,8.230797487E-2
5.896805667E0,5.836398304E-2,-1.443326712E-2,-5.118886471E-2,7.896184892E-2
5.906861667E0,1.267267048E-2,-3.643414691E-2,5.277696848E-2,6.537164554E-2
5.916916667E0,-1.475451314E-1,-9.141595423E-2,5.100526214E-3,1.736446310E-1
5.926972667E0,-1.539738527E-1,-1.038107358E-1,-1.052311707E-1,2.134437056E-1
5.937028667E0,-1.044049591E-1,-2.259086385E-2,-1.809263009E-1,2.101072797E-1
5.947084667E0,-1.405875295E-2,1.236231489E-1,-1.272272265E-1,1.779525180E-1
5.957140667E0,7.830474257E-2,2.390226276E-1,-1.184903169E-1,2.780348978E-1
5.967196667E0,9.881180495E-2,2.569458054E-1,-1.114602095E-1,2.969988182E-1
5.977251667E0,-5.611865222E-3,1.951987696E-1,-7.916720688E-2,2.107166328E-1
5.987307667E0,-8.219138682E-2,1.210812181E-1,2.612068176E-2,1.486552235E-1
5.997363667E0,-1.375133559E-1,9.035146862E-2,1.285177070E-1,2.087824512E-1
6.007419667E0,-1.511721593E-1,1.099526511E-1,1.436514705E-1,2.357506145E-1
6.017475667E0,-1.152600226E-1,1.541125779E-1,9.847763658E-2,2.161791025E-1
6.027531667E0,-7.554164082E-2,2.098730882E-1,-2.609963179E-2,2.245761417E-1
6.037587667E0,-3.032482982E-2,2.113287525E-1,-7.037240982E-2,2.247926000E-1
6.047642667E0,-4.057967663E-3,1.530416603E-1,-7.278614044E-3,1.532683761E-1
6.057698667E0,3.848344982E-2,1.141231777E-1,1.031852299E-1,1.585946634E-1
6.067754667E0,4.617633909E-2,1.196015802E-1,1.923733950E-1,2.311802660E-1
6.077810667E0,1.167124709E-1,9.956741139E-2,2.173953849E-1,2.660755977E-1
6.087866667E0,1.470484105E-1,2.475418746E-2,9.856300592E-2,1.787475062E-1
6.097922667E0,1.242381299E-1,-3.641105041E-2,3.537565470E-2,1.342099640E-1
6.107978667E0,1.119645318E-1,-1.052446193E-1,6.430709302E-2,1.665769747E-1
6.118033667E0,6.455998510E-2,-1.490921585E-1,9.303153992E-2,1.872200065E-1
6.128089667E0,-6.260964632E-2,-2.022774088E-1,1.701516366E-1,2.716389099E-1
6.138145667E0,-1.411243039E-1,-2.769527847E-1,2.105763620E-1,3.754481566E-1
6.148201667E0,-1.405150241E-1,-2.485997821E-1,1.125635791E-1,3.069476877E-1
6.158257667E0,-7.329689473E-2,-1.194241172E-1,5.132101178E-3,1.402173064E-1
6.168313667E0,5.425368279E-2,-5.122453272E-3,-3.751865923E-2,6.616155541E-2
6.178369667E0,1.208946919E-1,1.014374971E-2,-3.054819345E-2,1.251064120E-1
6.188424667E0,8.017585158E-2,-1.543708786E-2,1.501857340E-2,8.301824140E-2
6.198480667E0,1.193065882E-2,-1.396018352E-1,1.066280705E-1,1.760697544E-1
6.208536667E0,-2.261995375E-3,-1.581838480E-1,1.088207763E-1,1.920135614E-1
6.218592667E0,2.574558288E-2,-1.033270249E-1,1.152275705E-1,1.568971068E-1
6.228648667E0,9.765084028E-2,3.998662278E-2,-5.171277523E-2,1.175109686E-1
6.238704667E0,1.375741670E-1,1.758509177E-1,-1.354443187E-1,2.611424135E-1
6.248759667E0,8.478404224E-2,1.419301964E-1,-4.992235780E-2,1.726984548E-1
6.258815667E0,4.297703505E-3,3.798424378E-2,7.181550264E-2,8.135563564E-2
6.268871667E0,-2.249745458E-2,1.295830697E-2,2.968806803E-2,3.943899803E-2
6.278927667E0,3.288591027E-2,4.729973540E-2,-2.027054250E-2,6.107080281E-2
6.288983667E0,8.963167638E-2,6.375891656E-2,-1.544542015E-2,1.110747399E-1
6.299039667E0,1.003431907E-1,5.063425630E-2,6.724882722E-2,1.309770537E-1
6.309095667E0,1.611825925E-1,-1.202055976E-2,1.681162208E-1,2.332110325E-1
6.319150667E0,1.332580447E-1,-1.378641888E-2,1.013147056E-1,1.679655959E-1
6.329206667E0,6.246054232E-2,2.494860739E-3,2.556402683E-3,6.256259963E-2
6.339262667E0,-2.856072485E-3,-1.156096861E-2,-2.113768458E-2,2.426138608E-2
6.349318667E0,-4.147459298E-2,-1.903780326E-2,-1.325037539E-2,4.752001961E-2
6.359374667E0,-4.590590537E-2,-1.493144989E-2,-7.363515615E-2,8.804792198E-2
6.369430667E0,-1.446475437E-1,-3.290973768E-2,-1.002312165E-1,1.790314484E-1
6.379486667E0,-1.096513733E-1,-5.515473872E-2,-5.045211554E-2,1.327060091E-1
6.389541667E0,-5.302547514E-2,-6.407568946E-2,1.833686829E-3,8.319108968E-2
6.399597667E0,-4.277384430E-2,-8.241299629E-2,2.646274388E-2,9.654936834E-2
6.409653667E0,-5.701035261E-5,-1.253105092E-1,3.890620351E-2,1.312113548E-1
6.419709667E0,5.985005289E-2,-1.349433585E-1,4.221455812E-2,1.535376427E-1
6.429765875E0,5.664373219E-2,-9.946201533E-2,-2.100904584E-3,1.144797742E-1
6.439821875E0,9.114932120E-3,-1.391988158E-2,-4.049196839E-3,1.712428351E-2
6.449877875E0,-5.717553645E-2,6.325123206E-2,-9.726258516E-3,8.581585186E-2
6.459932875E0,-1.322950083E-1,1.358324276E-1,-9.764733195E-2,2.132777978E-1
6.469988875E0,-1.652870455E-1,1.606285688E-1,-1.030758870E-1,2.524796685E-1
6.480044875E0,-1.276032025E-1,8.469940379E-2,-3.356535673E-2,1.567903041E-1
6.490100875E0,-1.025958306E-1,-3.293882757E-3,2.896827579E-2,1.066579351E-1
6.500156875E0,-6.775958151E-2,-5.256032914E-2,1.208736420E-1,1.482038677E-1
6.510212875E0,-1.107524040E-1,-2.195220172E-2,1.139867914E-1,1.604399662E-1
6.520267875E0,-9.327127576E-2,8.107632279E-2,6.544554591E-2,1.398428421E-1
6.530323875E0,-5.198964089E-2,1.809223540E-1,-4.893593252E-2,1.945007620E-1
6.540379875E0,-5.115612030E-2,2.294695929E-1,-1.391777658E-1,2.732099801E-1
6.550435875E0,-7.484465271E-2,1.606430407E-1,-1.329779631E-1,2.215649955E-1
6.560491875E0,-8.883382380E-2,4.924466550E-2,-9.747893214E-3,1.020367912E-1
6.570547875E0,-3.245380104E-2,-7.326648921E-2,2.285056794E-1,2.421488657E-1
6.580603875E0,3.619426489E-4,-1.088220920E-1,2.264550608E-1,2.512454443E-1
6.590658875E0,6.994439363E-3,-1.173612195E-1,1.545161819E-1,1.941592864E-1
6.600714875E0,1.080854890E-1,-1.297410907E-1,1.149094820E-1,2.042533050E-1
6.610770875E0,1.457093981E-1,-7.770160228E-2,4.721568167E-2,1.717500751E-1
6.620826875E0,1.315220064E-1,-5.128753647E-2,2.710242927E-2,1.437462738E-1
6.630882875E0,1.562367252E-1,-8.681083336E-2,1.012036085E-2,1.790208278E-1
6.640938875E0,1.525675973E-1,-1.616736124E-1,1.055825883E-1,2.460953305E-1
6.650994875E0,1.374610233E-1,-1.684183757E-1,1.942561984E-1,2.915403108E-1
6.661049875E0,1.743704027E-1,-1.185153137E-1,1.762116909E-1,2.747753208E-1
6.671105875E0,1.438011593E-1,-6.707165658E-2,1.683413386E-2,1.595643086E-1
6.681161875E0,1.318620220E-1,1.642643675E-2,-1.160268849E-1,1.764076492E-1
6.691217875E0,1.542475024E-1,1.658562720E-3,-2.205160439E-2,1.558246325E-1
6.701273875E0,8.311378509E-2,-6.338411003E-2,6.612733126E-2,1.236861779E-1
6.711329875E0,4.437393486E-2,-6.906394914E-2,5.294536829E-2,9.768360758E-2
6.721384875E0,5.774944067E-2,7.888040096E-3,6.641852260E-3,5.866287817E-2
6.731440875E0,5.827744424E-2,8.057726294E-2,-1.320476711E-2,1.003161088E-1
6.741496875E0,2.099881321E-2,1.130924597E-1,-1.121835101E-1,1.606735651E-1
6.751552875E0,2.830929458E-2,1.459864099E-1,-1.818571776E-1,2.349159022E-1
6.761608875E0,5.958897471E-2,1.715027820E-1,-1.302578384E-1,2.234528017E-1
6.771664875E0,-1.222769737E-2,1.102770254E-1,-1.548518121E-2,1.120282543E-1
6.781720875E0,-7.099893898E-2,4.051842704E-2,8.083600223E-2,1.149654362E-1
6.791775875E0,-7.852898329E-2,4.930854633E-2,2.227789164E-2,9.536476506E-2
6.801831875E0,-1.135611141E-1,8.059699729E-2,-6.536426961E-2,1.538326700E-1
6.811887875E0,-1.211396903E-1,1.011767113E-1,-1.367821616E-1,2.088561974E-1
6.821943875E0,-9.680796415E-2,1.183486681E-1,-1.436169720E-1,2.097713608E-1
6.831999875E0,-5.510971516E-2,1.404686849E-1,-6.411296546E-2,1.639481762E-1
6.842055875E0,-3.261079878E-2,5.514757589E-2,2.251704276E-2,6.790976761E-2
6.852111875E0,-1.366494298E-3,-4.947884649E-2,1.594091320E-1,1.669170301E-1
6.862166875E0,1.075419903E-2,-1.142687733E-1,1.301794857E-1,1.735502920E-1
6.872222875E0,1.369944155E-2,-7.716555879E-2,4.639765620E-3,7.850939808E-2
6.882278875E0,4.130151540E-2,2.233066276E-2,3.289117277E-2,5.732628472E-2
6.892334875E0,3.954442710E-2,8.846120998E-2,1.071151435E-1,1.444396115E-1
6.902390875E0,5.322340339E-2,9.846652687E-2,1.514300215E-1,1.883067683E-1
6.912446875E0,7.435699493E-2,9.425755486E-2,9.246436000E-2,1.515358281E-1
6.922502875E0,6.149575174E-2,7.206123188E-2,2.814381838E-2,9.882622696E-2
6.932557875E0,2.108418256E-2,4.772643596E-3,7.409767091E-2,7.718669390E-2
6.942613875E0,-3.965727836E-2,-3.225382626E-2,2.197091281E-2,5.563928509E-2
6.952669875E0,1.578748226E-5,-1.107667297E-2,-3.864541769E-2,4.020150795E-2
6.962725875E0,6.982364863E-2,-1.061854362E-2,-1.081734896E-3,7.063473315E-2
6.972781875E0,6.294527650E-2,-5.392799288E-2,4.607781351E-2,9.483407166E-2
6.982837875E0,2.508630931E-2,-5.542341828E-2,9.879923344E-2,1.160274396E-1
6.992892875E0,1.859560758E-2,4.935854003E-2,1.488584161E-2,5.480556884E-2
7.002948875E0,1.712152451E-2,1.067983706E-1,-8.464604795E-2,1.373462486E-1
7.013004875E0,4.257562369E-2,3.799798474E-2,-7.109220207E-2,9.116266654E-2
7.023060875E0,5.948869497E-2,-3.677913263E-2,3.838814020E-2,7.978257162E-2
7.033116875E0,-8.086845428E-2,-8.500755206E-2,8.860929072E-2,1.470292393E-1
7.043172875E0,-2.110397539E-1,-1.264938395E-1,5.518251300E-2,2.521578452E-1
7.053228875E0,-2.337173027E-1,-1.021621133E-1,-1.155351341E-2,2.553318598E-1
7.063283875E0,-1.327803272E-1,-1.525421619E-2,-5.297518909E-2,1.437695276E-1
7.073339875E0,3.897578537E-2,2.596178368E-2,-5.005567431E-2,6.854703924E-2
7.083395875E0,1.215048489E-1,5.204197347E-2,-3.273914516E-2,1.361750599E-1
7.093451875E0,1.181918165E-1,5.882912904E-2,3.768647432E-2,1.372969128E-1
7.103507875E0,9.513069034E-2,-3.622890964E-2,1.224494666E-1,1.592364720E-1
7.113563875E0,3.978913307E-2,-1.328212577E-1,1.303788757E-1,1.903242308E-1
7.123619875E0,-2.628381908E-2,-1.211746274E-1,1.383802056E-2,1.247622550E-1
7.133674875E0,-3.175769001E-2,-5.758542627E-2,9.712809920E-3,6.647534032E-2
7.143730875E0,-3.386356473E-2,8.767899871E-3,6.499063253E-2,7.380649972E-2
7.153786875E0,-3.159776866E-2,2.088771611E-3,6.368670344E-2,7.112508803E-2
7.163842875E0,3.117384553E-2,-5.195104927E-2,8.809648991E-2,1.069191830E-1
7.173898875E0,3.406997144E-2,-6.206146985E-2,6.703423440E-2,9.749860295E-2
7.183954875E0,3.466054022E-2,-3.469050720E-2,7.518934608E-3,4.961167923E-2
7.194010875E0,9.978507400E-2,6.530755162E-3,-1.483321667E-2,1.010927103E-1
7.204065875E0,1.294374740E-1,5.428788900E-2,3.294555187E-2,1.441757398E-1
7.214121875E0,9.263889939E-2,2.711924002E-2,3.067624748E-2,1.012840117E-1
7.224177875E0,-3.650650620E-2,-1.349975914E-2,-9.857236147E-2,1.059786721E-1
7.234233875E0,-6.006493807E-2,-6.422289312E-3,-8.804211080E-2,1.067729173E-1
7.244289875E0,-5.341314554E-2,-4.773228317E-3,-5.837860107E-3,5.394282562E-2
7.254345875E0,-5.045767039E-2,-1.565285012E-2,3.347063184E-2,6.254015841E-2
7.264400875E0,-5.173704118E-2,1.420581043E-3,1.127869427E-1,1.240952615E-1
7.274456875E0,-6.218367666E-2,4.229729623E-2,1.067116857E-2,7.595883589E-2
7.284512875E0,-4.974928021E-2,9.701466322E-2,-9.733216703E-2,1.461519295E-1
7.294568875E0,5.622097850E-4,1.018203436E-1,-1.205590618E-1,1.578042643E-1
7.304624875E0,3.299759209E-2,5.154583722E-2,-1.204257452E-1,1.350858044E-1
7.314680875E0,4.475809693E-2,-1.334860861E-2,-2.465186119E-2,5.281275275E-2
7.324736875E0,6.504939705E-2,-3.039528877E-3,9.067043424E-2,1.116323897E-1
7.334791875E0,8.836312294E-2,2.625165939E-2,1.271401030E-1,1.570407492E-1
7.344847875E0,8.703785151E-2,4.528127655E-2,9.296780527E-2,1.351628441E-1
7.354903875E0,7.458240509E-2,5.764784530E-2,1.186873680E-1,1.515668188E-1
7.364959875E0,7.374829978E-2,1.102974907E-1,8.974014223E-2,1.601800278E-1
7.375015875E0,1.164218643E-1,1.496761492E-1,-9.626271129E-3,1.898674939E-1
7.385071875E0,1.140674829E-1,1.197277339E-1,-5.124265909E-2,1.731240337E-1
7.395127875E0,8.011825651E-2,-5.627652705E-3,-2.155400634E-2,8.315756544E-2
7.405182875E0,5.563567221E-2,-1.172895911E-1,3.699124038E-2,1.349834363E-1
7.415238875E0,3.159279853E-2,-1.088337864E-1,7.531973898E-2,1.360733665E-1
7.425294875E0,-1.951391280E-2,-2.634945408E-2,5.796929598E-2,6.659974323E-2
7.435351375E0,-6.465938777E-2,5.202223912E-2,3.627846479E-2,9.057194266E-2
7.445407375E0,-9.090052217E-2,9.198825046E-2,-7.321708024E-2,1.486118568E-1
7.455463375E0,-6.477574736E-2,6.241639584E-2,-1.050569236E-1,1.383064030E-1
7.465518375E0,-1.831669539E-2,2.490577653E-2,-4.043291152E-2,5.089812736E-2
7.475574375E0,-8.639553487E-3,-3.460835382E-2,9.399223745E-2,1.005331823E-1
7.485630375E0,-3.878195018E-2,-1.626052201E-1,1.448782164E-1,2.212107476E-1
7.495686375E0,-3.124313504E-2,-2.444283785E-1,8.021970570E-2,2.591458410E-1
7.505742375E0,2.396159738E-2,-2.243763757E-1,4.456513882E-2,2.300107991E-1
7.515798375E0,1.534309387E-2,-1.536440697E-1,4.616961479E-3,1.544772703E-1
7.525854375E0,2.724363953E-2,-7.801325887E-2,2.866889834E-3,8.268315132E-2
7.535909375E0,5.583740115E-2,-3.558191523E-2,-4.410203934E-2,7.955424522E-2
7.545965375E0,4.593952686E-2,3.235381365E-2,-2.866305113E-2,6.307757038E-2
7.556021375E0,5.244426191E-2,5.812863261E-2,3.297654212E-2,8.495169725E-2
7.566077375E0,9.623932242E-3,4.682260260E-2,4.487854958E-2,6.556722045E-2
7.576133375E0,-2.954218000E-2,1.472533554E-2,4.806235850E-2,5.830579911E-2
7.586189375E0,-5.722991556E-2,-2.176479846E-2,6.477603972E-2,8.913419663E-2
7.596245375E0,-1.789335698E-2,-4.484200448E-2,9.350867271E-2,1.052371107E-1
7.606300375E0,4.675404400E-2,-2.574339017E-2,6.075315535E-2,8.086784684E-2
7.616356375E0,2.334091544E-2,7.825240999E-2,-7.211955786E-3,8.197713285E-2
7.626412375E0,4.960777760E-3,1.706865107E-1,-9.840630054E-2,1.970844850E-1
7.636468375E0,4.247417450E-3,1.992757407E-1,-1.017164093E-1,2.237746396E-1
7.646524375E0,-2.785788953E-2,1.958252987E-1,-9.049150944E-3,1.980037797E-1
7.656580375E0,-5.190544099E-2,1.131311975E-1,2.599555135E-2,1.271558546E-1
7.666636375E0,-4.827168882E-3,1.250346668E-1,2.422618389E-2,1.274514710E-1
7.676691375E0,8.043342143E-2,1.809508592E-1,2.245389283E-2,1.992910586E-1
7.686747375E0,1.042994168E-1,2.042641465E-1,-7.466251194E-2,2.411984672E-1
7.696803375E0,8.465628058E-2,2.127712606E-1,-7.595123827E-2,2.412610324E-1
7.706859375E0,7.225112021E-2,2.092250705E-1,2.033427715E-2,2.222809873E-1
7.716915375E0,5.008374095E-2,1.791012387E-1,1.148773223E-1,2.185919349E-1
7.726971375E0,7.078054547E-3,9.335532948E-2,7.306329846E-2,1.187584186E-1
7.737026375E0,-6.219741762E-2,1.362532809E-2,-1.907887995E-2,6.646933115E-2
7.747082375E0,-4.696278960E-2,-3.070899189E-2,-1.340064883E-2,5.768988801E-2
7.757138375E0,2.973309159E-4,1.346029043E-2,-1.731360555E-2,2.193236789E-2
7.767194375E0,9.943774939E-2,1.233987620E-1,-2.149436474E-3,1.584920836E-1
7.777250375E0,2.208198068E-1,1.769417158E-1,-2.163060486E-2,2.837915448E-1
7.787306375E0,2.125840035E-1,1.505864145E-1,4.031070471E-3,2.605464955E-1
7.797362375E0,1.059065241E-1,1.505029455E-2,2.485359013E-2,1.098198714E-1
7.807417375E0,4.389417082E-2,-1.380863830E-1,1.086482835E-1,1.811049334E-1
7.817473375E0,5.219107747E-2,-1.381819850E-1,1.502477145E-1,2.106953850E-1
7.827529375E0,8.909080893E-2,-4.053903848E-2,8.591664791E-2,1.302392271E-1
7.837585375E0,1.384708375E-1,-3.609661639E-2,9.240354896E-2,1.703395268E-1
7.847641375E0,1.367429852E-1,-1.110561669E-1,1.216489828E-1,2.140808054E-1
7.857697375E0,6.485205352E-2,-2.349966735E-1,1.567930877E-1,2.898504748E-1
7.867753375E0,2.295236796E-2,-2.243149799E-1,1.466329658E-1,2.689707197E-1
7.877808375E0,-1.710602939E-3,-1.523632371E-1,1.611141801E-2,1.532222568E-1
7.887864375E0,-3.479970396E-2,-5.165459543E-2,-1.002101666E-1,1.179885338E-1
7.897920375E0,-8.332194597E-2,-5.172213078E-2,-1.114450067E-1,1.484510526E-1
7.907976375E0,-7.337086201E-2,-1.788335824E-1,-9.469507277E-2,2.152484388E-1
7.918032375E0,-1.545261222E-1,-1.667140585E-1,4.431487799E-2,2.315938431E-1
7.928088375E0,-2.137730348E-1,-1.198378077E-1,8.661597490E-2,2.599275624E-1
7.938143375E0,-4.457157075E-2,-5.834878027E-2,-2.399346471E-2,7.724565637E-2
7.948199375E0,1.104158968E-1,4.303112179E-2,-1.015830928E-1,1.560848245E-1
7.958255375E0,1.220354837E-1,3.976515949E-2,-4.877922714E-2,1.373074659E-1
7.968311375E0,3.265055984E-2,-1.695429415E-2,1.326727384E-1,1.376792020E-1
7.978367375E0,-1.342988491E-2,-3.428485662E-2,2.115417373E-1,2.147224251E-1
7.988423375E0,1.889323086E-2,-6.043097377E-4,1.041289705E-1,1.058308172E-1
7.998479375E0,8.524860352E-2,3.901466936E-2,5.918551683E-2,1.108710703E-1
8.008534375E0,6.661732793E-2,-4.382488132E-4,-6.659978628E-3,6.695084583E-2
8.018590375E0,-5.025681853E-3,-1.599885911E-2,-4.154388249E-2,4.480083864E-2
8.028646375E0,-7.765394747E-3,-3.747188151E-3,-1.236458069E-1,1.239460703E-1
8.038702375E0,4.489696831E-2,-1.848217160E-2,-1.011954224E-1,1.122401085E-1
8.048758375E0,9.490820378E-2,-5.500212640E-2,4.976916075E-2,1.204565084E-1
8.058814375E0,9.019651741E-2,-9.937459946E-2,1.053867066E-1,1.706372782E-1
8.068870375E0,4.724579483E-2,-6.910356402E-2,2.118995869E-1,2.278352533E-1
8.078925375E0,-4.308286965E-2,-3.373492599E-2,1.222459835E-1,1.339337872E-1
8.088981375E0,-5.314066529E-2,3.099696726E-2,-8.713286877E-2,1.066624541E-1
8.099037375E0,1.455898225E-2,8.725156724E-2,-1.090377080E-1,1.404066299E-1
8.109093375E0,7.973204792E-2,9.367853433E-2,-6.409600854E-2,1.387125285E-1
8.119149375E0,1.261025146E-1,5.421245992E-2,-2.371747613E-2,1.392959212E-1
8.129205375E0,9.718072414E-2,3.671817541E-2,8.485362411E-2,1.341359574E-1
8.139261375E0,3.240819275E-2,1.019286633E-2,1.993239802E-1,2.021985029E-1
8.149316375E0,-4.831203461E-2,-4.463822901E-2,1.489853007E-1,1.628595837E-1
8.159372375E0,-5.869844377E-2,-6.154106766E-2,1.042757356E-1,1.345594268E-1
8.169428375E0,-1.031118473E-1,-3.583816946E-2,2.589439452E-2,1.121915644E-1
8.179484375E0,-1.559230220E-1,8.288077354E-2,-1.226336539E-2,1.770073489E-1
8.189540375E0,-1.909390730E-1,1.922199056E-1,-6.153843641E-2,2.778366442E-1
8.199596375E0,-1.797653362E-1,2.166495726E-1,-8.729308248E-2,2.947417440E-1
8.209651375E0,-5.663116068E-2,1.606651139E-1,-5.674021125E-2,1.795545008E-1
8.219707375E0,7.306183666E-2,5.390869707E-2,-2.927817822E-2,9.540121234E-2
8.229763375E0,1.186581320E-1,-8.341900975E-2,1.141850120E-1,1.845987552E-1
8.239819375E0,7.329455584E-2,-1.280809200E-1,7.329484820E-2,1.647693805E-1
8.249875375E0,2.181216091E-2,-1.202202156E-1,-5.846046209E-3,1.223227161E-1
8.259931375E0,-9.231145531E-2,-6.725116611E-2,-2.128269553E-2,1.161769222E-1
8.269987375E0,-2.305226764E-1,-1.969751537E-2,-3.358465254E-2,2.337875645E-1
8.280042375E0,-2.210165656E-1,1.550301522E-2,1.622543871E-2,2.221529442E-1
8.290098375E0,-1.400688815E-1,8.802632332E-2,-1.066070205E-1,1.968069663E-1
8.300154375E0,-3.243450522E-2,1.918717039E-1,-1.772934258E-1,2.632483746E-1
8.310210375E0,8.817338079E-2,2.273868147E-1,-9.098209083E-2,2.603018429E-1
8.320266375E0,1.443274087E-1,1.697604579E-1,1.922213674E-2,2.236481712E-1
8.330322375E0,1.205008820E-1,1.390467882E-2,1.327668786E-1,1.798356102E-1
8.340378375E0,2.144934118E-2,-1.684462962E-1,1.640524060E-1,2.361089173E-1
8.350433375E0,-7.583049327E-2,-2.452892348E-1,1.344666642E-1,2.898246991E-1
8.360489375E0,-1.493030968E-1,-2.071265048E-1,1.116490746E-1,2.786724234E-1
8.370545375E0,-1.362909955E-1,-1.950087351E-1,5.707584143E-2,2.446656778E-1
8.380601375E0,-1.331960642E-1,-2.698840857E-1,6.072918177E-3,3.010240714E-1
8.390657375E0,-1.788786060E-1,-2.965295550E-1,-6.726110637E-2,3.527766845E-1
8.400713375E0,-1.337454101E-1,-1.982893154E-1,-4.294429064E-2,2.430034968E-1
8.410769375E0,-5.260067493E-2,-8.319359958E-2,8.864846706E-2,1.324634166E-1
8.420824375E0,-1.326587051E-2,-1.073002079E-1,1.459131736E-1,1.816038881E-1
8.430880542E0,-1.317670047E-2,-2.321058100E-1,1.921044230E-1,3.015805727E-1
8.440936542E0,-6.017194211E-2,-4.108905682E-1,1.801971531E-1,4.526839246E-1
8.450992542E0,-1.064482686E-1,-5.221241981E-1,1.680174029E-1,5.587260149E-1
8.461048542E0,-5.531553715E-2,-5.173569632E-1,1.576918048E-1,5.436770560E-1
8.471104542E0,8.192446142E-2,-4.068785012E-1,5.079417765E-2,4.181408621E-1
8.481159542E0,1.781886345E-1,-2.097437185E-1,-9.679188430E-2,2.917400997E-1
8.491215542E0,2.410801166E-1,-6.448718727E-2,-1.399648011E-1,2.861264851E-1
8.501271542E0,3.135186401E-1,8.351285756E-3,-7.949932873E-2,3.235487984E-1
8.511327542E0,3.217059115E-1,7.047707498E-2,-4.333196104E-2,3.321737052E-1
8.521383542E0,3.285231802E-1,1.520220521E-1,4.313900292E-2,3.645533676E-1
8.531439542E0,2.891547543E-1,2.371773925E-1,1.806035346E-1,4.153085891E-1
8.541495542E0,2.458555377E-1,3.518725741E-1,1.930493331E-1,4.706668661E-1
8.551550542E0,2.234814593E-1,4.055035284E-1,2.168761522E-1,5.112849886E-1
8.561606542E0,2.333255392E-1,3.667946684E-1,9.602180600E-2,4.451958258E-1
8.571662542E0,2.237688500E-1,3.120077196E-1,-4.976799130E-2,3.871668481E-1
8.581718542E0,1.817194757E-1,2.841776043E-1,-2.805961847E-2,3.384763224E-1
8.591774542E0,1.211598632E-1,2.565170583E-1,-2.918345332E-3,2.837062396E-1
8.601830542E0,5.899314344E-2,1.926274565E-1,-2.926531434E-2,2.035730498E-1
8.611886542E0,-1.684378177E-2,1.325639802E-1,-9.357240736E-2,1.631340469E-1
8.621941542E0,-9.753915846E-2,1.144978380E-1,-8.612363935E-2,1.733231768E-1
8.631997542E0,-1.364175877E-1,1.093432251E-1,-1.264431149E-1,2.157627410E-1
8.642053542E0,-2.051855215E-1,1.229961812E-1,-9.269532502E-2,2.565571713E-1
8.652109542E0,-2.739505318E-1,1.237604123E-1,-9.460677981E-2,3.151443738E-1
8.662165542E0,-2.703208727E-1,1.012910244E-1,-5.308628619E-2,2.935155866E-1
8.672221542E0,-2.152754769E-1,3.601007760E-3,1.470808625E-2,2.158073817E-1
8.682277542E0,-2.089467430E-1,-8.528748751E-2,8.202006340E-2,2.401249419E-1
8.692332542E0,-2.157833076E-1,-7.809307337E-2,-1.395905793E-2,2.299039348E-1
8.702388542E0,-1.758485788E-1,-8.877242804E-3,-1.641991711E-1,2.407548460E-1
8.712444542E0,-1.203310204E-1,3.526689649E-2,-1.423925650E-1,1.897338953E-1
8.722500542E0,-1.212879172E-1,6.842704117E-3,-4.417922258E-2,1.292647870E-1
8.732556542E0,-1.181128791E-1,-8.862507820E-2,8.786084712E-2,1.718271956E-1
8.742612542E0,-1.392184040E-1,-1.331814462E-1,1.306455088E-1,2.327816801E-1
8.752667542E0,-6.109726399E-2,-1.458400834E-1,1.184300905E-1,1.975547821E-1
8.762723542E0,5.008081734E-2,-7.194267958E-2,5.880544782E-2,1.055552846E-1
8.772779542E0,1.188765255E-1,1.238323331E-2,1.617105961E-2,1.206087722E-1
8.782835542E0,1.149904659E-1,6.364080280E-2,-2.183525741E-2,1.332281408E-1
8.792891542E0,1.386483005E-1,8.678934485E-2,-7.939817190E-2,1.818235719E-1
8.802947542E0,1.624289265E-1,6.313764989E-2,-3.279527843E-2,1.773275198E-1
8.813003542E0,1.851199239E-1,1.959021896E-2,3.583115280E-2,1.895706582E-1
8.823058542E0,2.062391898E-1,4.573779792E-2,1.157900727E-1,2.409022426E-1
8.833114542E0,1.518814266E-1,9.101249635E-2,8.616807818E-2,1.969166827E-1
8.843170542E0,4.964373797E-2,9.963918597E-2,-9.896412492E-2,1.489508849E-1
8.853226542E0,4.307614535E-2,4.729023367E-2,-1.393894351E-1,1.533666688E-1
8.863282542E0,6.926085413E-2,1.559072345E-2,-6.446145952E-2,9.589273348E-2
8.873338542E0,8.736704975E-2,1.007855326E-2,1.485122609E-1,1.725991607E-1
8.883394542E0,-1.010545045E-2,-5.655953228E-2,1.839703614E-1,1.927334809E-1
8.893449542E0,-9.733245939E-2,-8.905221730E-2,6.204246640E-2,1.457846792E-1
8.903505542E0,-2.363386095E-2,-4.642513812E-2,-5.067781806E-3,5.234056978E-2
8.913561542E0,7.956627935E-2,1.473732233E-2,-5.805583477E-2,9.959147268E-2
8.923617542E0,1.355329040E-1,3.187258780E-2,1.336322665E-2,1.398699601E-1
8.933673542E0,4.782788515E-2,-5.497435212E-2,8.249661148E-2,1.100698728E-1
8.943729542E0,-9.875187099E-2,-1.703048337E-1,6.807679296E-2,2.083029480E-1
8.953784542E0,-1.116993606E-1,-2.053875428E-1,7.147227108E-2,2.444771471E-1
8.963840542E0,-2.914456934E-2,-1.845375413E-1,1.064830595E-1,2.150398847E-1
8.973896542E0,3.245058507E-2,-1.771773586E-1,1.217904854E-1,2.174345400E-1
8.983952542E0,5.584090948E-2,-1.462920731E-1,6.746458948E-2,1.705023421E-1
8.994008542E0,-1.633799762E-2,-5.657356560E-2,-2.082018077E-2,6.245781311E-2
9.004064542E0,6.212023437E-2,-4.018498957E-3,-6.375570059E-2,8.910589885E-2
9.014120542E0,1.215291148E-1,-2.345405906E-2,3.024998546E-2,1.274145999E-1
9.024175542E0,1.711626202E-2,-5.598095030E-2,1.102884275E-1,1.248614050E-1
9.034231542E0,-5.235333771E-2,-9.238542259E-2,1.069473284E-1,1.507105482E-1
9.044287542E0,-5.340203583E-2,-1.218702999E-1,6.774759471E-2,1.493113660E-1
9.054343542E0,-2.723779231E-2,-1.195129949E-1,5.289449751E-2,1.335031129E-1
9.064399542E0,-4.857457459E-2,-6.251375198E-2,3.520725489E-2,8.664299903E-2
9.074455542E0,-3.905413806E-2,1.469756126E-2,-2.074533641E-2,4.660056856E-2
9.084511542E0,3.775576383E-2,7.308347136E-2,-4.710809290E-2,9.479379676E-2
9.094566542E0,4.064370364E-2,9.202845007E-2,-6.456495523E-2,1.195398666E-1
9.104622542E0,1.293316394E-2,8.789212972E-2,-8.364558935E-2,1.220199894E-1
9.114678542E0,4.445755005E-2,1.075259104E-1,1.041856885E-2,1.168196976E-1
9.124734542E0,5.136691242E-2,1.455564934E-1,2.248839140E-2,1.559839101E-1
9.134790542E0,5.083364636E-2,1.479673004E-1,1.596874595E-2,1.572685043E-1
9.144846542E0,4.835150331E-2,1.193679839E-1,-3.415358663E-2,1.332405754E-1
9.154902542E0,2.647034526E-2,7.446604550E-2,-7.618103385E-2,1.097698548E-1
9.164957542E0,-4.188799113E-2,7.326122671E-2,-5.610286474E-2,1.013377648E-1
9.175013542E0,-6.227167726E-2,3.395945907E-2,1.394560933E-3,7.094329742E-2
9.185069542E0,-4.374331266E-2,-1.672303677E-3,3.186498642E-2,5.414472607E-2
9.195125542E0,-1.379241228E-2,3.044352829E-3,4.305831134E-2,4.531574667E-2
9.205181542E0,-4.075918615E-2,2.487873316E-2,3.014590502E-2,5.647156991E-2
9.215237542E0,6.494794786E-3,1.945017815E-2,-4.837050676E-2,5.253758382E-2
9.225292542E0,9.344026029E-2,6.823700666E-4,-3.537565470E-2,9.991488787E-2
9.235348542E0,8.183382958E-2,-1.528783768E-2,-5.329152346E-3,8.341998268E-2
9.245404542E0,9.117475659E-2,1.038465500E-3,2.546170056E-2,9.466896453E-2
9.255460542E0,1.030621460E-1,4.615792036E-3,6.419424176E-2,1.215072514E-1
9.265516542E0,6.486813337E-2,-8.381281972E-2,8.457763553E-2,1.355943948E-1
9.275572542E0,-4.908737540E-4,-1.548591211E-1,3.555048645E-2,1.588880909E-1
9.285628542E0,-7.469291747E-2,-1.361196721E-1,-8.104240894E-3,1.554775732E-1
9.295683542E0,-7.109863400E-2,-5.050093979E-2,6.213953018E-2,1.070825938E-1
9.305739542E0,3.272657365E-2,5.720915794E-3,4.312789321E-2,5.444054255E-2
9.315795542E0,5.840082049E-2,-2.220480144E-3,-5.753894091E-2,8.201412127E-2
9.325851542E0,1.914963126E-4,-8.118566573E-3,-5.739042163E-2,5.796212806E-2
9.335907542E0,-5.873206526E-2,-3.783908665E-2,7.923737347E-2,1.056400176E-1
9.345963542E0,-1.534867796E-1,-4.290511429E-2,9.967163801E-2,1.879720080E-1
9.356019542E0,-1.874553019E-1,7.314866781E-4,8.042260408E-2,2.039799513E-1
9.366074542E0,-1.560326573E-1,3.758005500E-2,3.194275439E-2,1.636422630E-1
9.376130542E0,-5.100818574E-2,5.806957573E-2,1.929171860E-2,7.966229374E-2
9.386186542E0,4.957591027E-2,3.474386305E-2,-2.527166605E-3,6.059119960E-2
9.396242542E0,1.130857354E-1,-3.566158354E-2,-2.715446949E-3,1.186065165E-1
9.406298542E0,1.411202109E-1,-5.535120517E-2,3.959091246E-2,1.566719828E-1
9.416354542E0,1.093891257E-1,-1.155994534E-2,2.675218105E-2,1.132046481E-1
9.426409542E0,7.947564751E-2,3.516047716E-2,-1.303636730E-2,8.787823720E-2
9.436464625E0,8.711445004E-2,3.955202848E-2,-5.228463292E-2,1.090273966E-1
9.446520625E0,1.124711931E-1,3.737277120E-2,6.420827508E-3,1.186917028E-1
9.456576625E0,1.183572927E-1,2.904604375E-3,8.697557867E-2,1.469068982E-1
9.466632625E0,7.279461890E-2,-5.262494087E-4,1.016819108E-1,1.250541661E-1
9.476688625E0,4.642426103E-2,4.342434704E-3,7.383922398E-2,8.732868801E-2
9.486744625E0,4.177309334E-2,-8.449226618E-3,3.443600714E-2,5.479251177E-2
9.496799625E0,1.139710039E-2,1.864940196E-2,-8.340234518E-2,8.621859006E-2
9.506855625E0,-4.161668032E-2,5.539476693E-2,-8.271939039E-2,1.079028537E-1
9.516911625E0,-6.236172438E-2,3.131388634E-2,-1.379942894E-4,6.978225554E-2
9.526967625E0,-5.708519697E-2,2.032433689E-2,2.699250162E-2,6.633546206E-2
9.537023625E0,-4.882425070E-5,-8.872272670E-3,5.349149823E-2,5.422232003E-2
9.547079625E0,3.616035104E-2,-8.538192004E-2,6.710147738E-2,1.144563302E-1
9.557135625E0,-1.236452222E-2,-6.690734982E-2,1.244813740E-2,6.916958143E-2
9.567190625E0,1.378510326E-2,-3.856735736E-2,3.708713472E-2,5.525328667E-2
9.577246625E0,1.451220453E-2,-8.097516596E-3,7.818896770E-3,1.836597403E-2
9.587302625E0,1.533724666E-3,-6.918133199E-3,-2.888524532E-3,7.652218782E-3
9.597358625E0,-5.419462591E-2,-1.946859688E-2,2.411684096E-2,6.243160866E-2
9.607414625E0,-2.345025837E-2,1.629472822E-2,1.903093278E-2,3.431631082E-2
9.617470625E0,-1.684348941E-2,6.176121533E-2,-4.805885017E-2,8.004875973E-2
9.627525625E0,4.010926813E-2,8.534449786E-2,-6.102797449E-2,1.123247541E-1
9.637581625E0,1.011919141E-1,8.713783890E-2,-6.826039553E-3,1.337138783E-1
9.647637625E0,1.192770597E-1,2.575113773E-2,7.737795889E-2,1.444904377E-1
9.657693625E0,8.682472050E-2,-3.180739135E-2,1.545179361E-1,1.800723044E-1
9.667749625E0,1.149065584E-2,-3.634044528E-2,1.083798963E-1,1.148863136E-1
9.677805625E0,-1.501974285E-2,-9.259065986E-3,-3.114344001E-2,3.579436874E-2
9.687861625E0,3.392554522E-3,1.245924711E-2,-1.197404516E-1,1.204347043E-1
9.697916625E0,-6.753826439E-3,1.971973479E-3,-8.706971884E-2,8.735352763E-2
9.707972625E0,-3.810367316E-2,-2.783859372E-3,3.997332036E-2,5.529472056E-2
9.718028625E0,-1.024879494E-1,-1.184996724E-2,7.670962214E-2,1.285634771E-1
9.728084625E0,-1.730170646E-1,-5.748134583E-2,4.269987702E-2,1.872492704E-1
9.738140625E0,-1.617924571E-1,-5.714162260E-2,-2.108505964E-3,1.715995630E-1
9.748196625E0,-3.667198241E-2,-4.639677912E-2,-6.856328130E-2,9.054512107E-2
9.758252625E0,8.535882354E-2,1.061445057E-2,-5.773131430E-2,1.035939186E-1
9.768307625E0,1.359597507E-1,5.584851086E-2,9.614576697E-3,1.472974883E-1
9.778363625E0,1.192659500E-1,-1.574362814E-3,9.002724051E-2,1.494381126E-1
9.788419625E0,5.148005605E-2,-7.971392155E-2,1.126056790E-1,1.472567296E-1
9.798475625E0,-2.581838071E-2,-8.166981518E-2,7.200670660E-2,1.118995679E-1
9.808531625E0,-1.407307863E-2,1.401548356E-2,1.635173857E-2,2.572673077E-2
9.818587625E0,6.640185803E-2,1.131772444E-1,-6.864455760E-2,1.480890633E-1
9.828642625E0,1.639252290E-1,1.003516692E-1,-3.110718727E-2,1.947038657E-1
9.838698625E0,1.508113861E-1,-1.566878378E-2,6.392468512E-2,1.645477145E-1
9.848754625E0,6.062831730E-2,-9.390189797E-2,7.379653931E-2,1.339376292E-1
9.858810625E0,-3.965289295E-3,-1.034878233E-1,7.924731374E-2,1.304054823E-1
9.868866625E0,-6.492952913E-2,-5.962084204E-2,-1.780652583E-2,8.993086745E-2
9.878922625E0,-7.920345962E-2,3.321803212E-3,-5.393237829E-2,9.587973624E-2
9.888978625E0,-1.047353268E-2,-5.537897944E-3,1.870173454E-2,2.213861051E-2
9.899033625E0,4.527762204E-2,-1.826231629E-2,6.877962828E-2,8.434579136E-2
9.909089625E0,2.408175766E-2,-4.728555590E-2,6.694944978E-2,8.542882227E-2
9.919145625E0,-9.296488166E-3,-6.683659852E-3,4.420027256E-2,4.565917318E-2
9.929201625E0,4.024930894E-3,2.917000473E-2,5.924983621E-3,3.003655565E-2
9.939257625E0,1.306852698E-4,-9.549380243E-3,-3.132528841E-2,3.274876236E-2
9.949313625E0,1.516709268E-2,-4.266917914E-2,5.475391209E-2,7.105413738E-2
9.959369625E0,2.637094259E-4,-4.445988894E-2,1.178675884E-1,1.259742817E-1
9.969424625E0,-4.094775885E-2,-4.748991609E-2,5.023342967E-2,8.034555707E-2
9.979480625E0,-3.080927163E-2,-2.573593497E-2,-5.093509555E-3,4.046595368E-2
9.989536625E0,-2.275268555E-2,-2.384933084E-2,-8.200778425E-2,8.838411598E-2
9.999592625E0,-4.048699826E-2,2.740092963E-2,-1.100001597E-1,1.203745950E-1
1.000964862E1,-3.149105698E-2,1.001823923E-1,-2.866597474E-2,1.088574136E-1
1.001970462E1,3.324697584E-2,6.482427925E-2,5.244309247E-2,8.976539717E-2
1.002975962E1,8.008317322E-2,7.766564190E-3,7.148279607E-2,1.076263178E-1
1.003981562E1,1.423387706E-2,-5.001094311E-2,3.739118993E-2,6.404528688E-2
1.004987162E1,-4.361087322E-2,-3.603317410E-2,1.188446581E-2,5.780604144E-2
1.005992762E1,2.318742603E-2,3.069349676E-2,1.428591728E-2,4.103455741E-2
1.006998362E1,9.554321140E-2,3.884159178E-2,-1.770829260E-2,1.046458701E-1
1.008003962E1,9.656004220E-2,1.425024927E-2,-3.196672797E-2,1.027072687E-1
1.009009562E1,7.118400335E-2,1.580297738E-2,6.527246833E-3,7.320861547E-2
1.010015062E1,-2.910217702E-2,-3.264383554E-2,3.218190551E-2,5.429762194E-2
1.011020662E1,-8.050768107E-2,-4.953790337E-2,2.370753586E-2,9.745531201E-2
1.012026262E1,-2.015272111E-2,-2.211066127E-2,6.258508801E-2,6.936790866E-2
1.013031862E1,4.054897875E-2,5.847508013E-3,4.895113528E-2,6.383280248E-2
1.014037462E1,2.861568868E-2,-4.164094627E-3,2.577861965E-2,3.873931535E-2
1.015043062E1,-3.849309772E-2,-5.545236200E-2,-2.589147091E-3,6.755284381E-2
1.016048662E1,-7.368398041E-2,-5.310441256E-2,-6.669100285E-2,1.126813980E-1
1.017054162E1,-2.633059680E-2,8.704749942E-3,-5.942349851E-2,6.557610216E-2
1.018059762E1,1.865174085E-2,2.904604375E-2,1.483614028E-2,3.757221251E-2
1.019065362E1,2.882121831E-2,-9.870100021E-4,7.850003958E-2,8.362949855E-2
1.020070962E1,2.294038117E-2,-6.650535375E-2,1.094341493E-1,1.300963343E-1
1.021076563E1,5.373006463E-3,-5.987841189E-2,6.793704450E-2,9.071788922E-2
1.022082162E1,4.108253717E-2,2.650776744E-2,9.226321578E-3,4.975501588E-2
1.023087762E1,1.280627936E-1,9.154313117E-2,-5.083393872E-2,1.654216228E-1
1.024093262E1,1.833961648E-1,9.390482157E-2,-5.501060486E-3,2.061129070E-1
1.025098862E1,1.207333088E-1,1.542437017E-2,4.263731182E-2,1.289665980E-1
1.026104462E1,-1.900345087E-4,-5.417299122E-2,4.922653913E-2,7.319836915E-2
1.027110062E1,-1.096455261E-1,-3.297449559E-2,7.041743338E-2,1.344175349E-1
1.028115662E1,-1.184499711E-1,1.644880235E-2,4.312380016E-2,1.271244307E-1
1.029121262E1,-1.054878634E-1,2.050004572E-2,-5.218639970E-3,1.075879891E-1
1.030126762E1,-6.240850210E-2,4.371787727E-2,-4.050073922E-2,8.629243191E-2
1.031132362E1,-1.379387408E-2,4.621785432E-2,-5.850723982E-3,4.858592380E-2
1.032137962E1,2.430102825E-2,4.271332562E-2,-3.455704451E-3,4.926367884E-2
1.033143562E1,5.238666683E-2,1.640173227E-2,-9.905768037E-3,5.578085625E-2
1.034149162E1,7.180000752E-2,-5.438085973E-2,5.143152416E-2,1.037194324E-1
1.035154762E1,4.235313714E-2,-7.338138700E-2,5.285356700E-2,9.986048131E-2
1.036160362E1,-2.975180268E-2,-5.789298981E-2,8.833973408E-3,6.568719144E-2
1.037165862E1,-4.142313749E-2,-6.971781403E-2,-2.474541664E-3,8.113305904E-2
1.038171462E1,-2.266468495E-2,-7.751069069E-2,-9.208195210E-3,8.127967750E-2
1.039177062E1,1.094364882E-2,-4.338400126E-2,2.683755040E-2,5.217460231E-2
1.040182662E1,4.228823304E-2,-4.388335347E-3,2.519799113E-2,4.942156309E-2
1.041188262E1,3.615245730E-2,4.506156743E-2,5.857740641E-3,5.806770318E-2
1.042193862E1,3.484443516E-2,7.567671150E-2,-2.349995971E-3,8.334639648E-2
1.043199504E1,3.749117732E-2,6.187786728E-2,7.281537652E-3,7.271505777E-2
1.044205004E1,3.423983306E-2,3.745667875E-2,3.042013943E-2,5.916716855E-2
1.045210604E1,6.041664809E-2,2.698636204E-2,2.638146758E-2,7.123494181E-2
1.046216204E1,9.193080157E-2,-5.788158774E-3,2.225801110E-2,9.476388615E-2
1.047221804E1,5.292694956E-2,-1.230663478E-2,7.419648886E-2,9.196648416E-2
1.048227404E1,-1.846346051E-2,-3.123465657E-2,7.922918737E-2,8.714222442E-2
1.049233004E1,-7.271246552E-2,-3.694475502E-2,-1.122606933E-2,8.232886613E-2
1.050238504E1,-7.108080000E-2,-1.910636187E-2,-1.630437613E-2,7.538810167E-2
1.051244104E1,-4.552700579E-2,-2.275297791E-2,-2.271175504E-2,5.573356329E-2
1.052249704E1,2.139876276E-2,-2.416011035E-2,-9.645566940E-3,3.368463955E-2
1.053255304E1,5.286175311E-3,-4.788694203E-2,6.086425245E-2,7.762448127E-2
1.054260904E1,-7.415468127E-2,-7.627605110E-2,6.902228773E-2,1.268109969E-1
1.055266504E1,-6.313531101E-2,-2.531259656E-2,6.164076269E-2,9.179530851E-2
1.056272104E1,-1.073256433E-3,-2.380927742E-2,2.578095853E-2,3.510970512E-2
1.057277604E1,6.338381767E-2,-3.182054758E-3,4.485457599E-2,7.771464986E-2
1.058283204E1,1.232441032E-1,2.582481265E-2,9.504649043E-3,1.262789304E-1
1.059288804E1,1.307647920E-1,3.941666543E-2,-2.686210871E-2,1.391929496E-1
1.060294404E1,1.147431287E-1,1.282265157E-2,3.311746001E-2,1.201131639E-1
1.061300004E1,3.203689456E-2,-5.109209329E-2,3.693861544E-2,7.071934615E-2
1.062305604E1,-8.946298420E-2,-6.616884649E-2,1.279955506E-2,1.120079033E-1
1.063311204E1,-1.320593655E-1,-2.560554206E-2,-6.281663775E-3,1.346654340E-1
1.064316704E1,-4.764106661E-2,-1.255835742E-2,2.596514583E-2,5.569176211E-2
1.065322304E1,3.934211344E-2,1.131553173E-2,-3.559784889E-3,4.109154677E-2
1.066327904E1,9.251143008E-2,5.739012927E-2,-1.015076637E-3,1.088715850E-1
1.067333504E1,3.382321894E-2,8.149205983E-2,1.184353530E-2,8.902379054E-2
1.068339104E1,-7.129246920E-2,5.762050956E-2,-2.142946064E-2,9.413798952E-2
1.069344704E1,-4.206867009E-2,4.493000507E-3,-1.990450680E-2,4.675627710E-2
1.070350204E1,2.041818470E-2,-5.815874577E-2,3.030261040E-2,6.868471571E-2
1.071355804E1,1.604592919E-2,-2.669400126E-2,4.445930421E-2,5.428325044E-2
1.072361404E1,-4.930021405E-2,3.159338325E-2,1.947999895E-2,6.170999376E-2
1.073367004E1,-6.155685514E-2,3.030553401E-2,-1.439584494E-2,7.010643450E-2
1.074372604E1,-1.438678175E-2,-8.010685444E-4,1.559920192E-2,2.123573169E-2
1.075378204E1,9.594403803E-3,-1.601318479E-2,4.527674496E-2,4.897405748E-2
1.076383804E1,5.190047085E-2,4.405584633E-2,9.487750590E-2,1.167746445E-1
1.077389304E1,9.543036014E-2,2.663143605E-2,6.518651426E-2,1.185979286E-1
1.078394904E1,2.874315798E-2,-2.249482334E-2,-1.204924035E-1,1.258991879E-1
1.079400504E1,-2.694455445E-2,2.035649657E-2,-1.290416175E-1,1.333871621E-1
1.080406104E1,1.456336766E-2,4.883536041E-2,-5.613327026E-2,7.581509173E-2
1.081411704E1,1.142809063E-2,3.748152941E-2,-1.040570498E-2,4.054312517E-2
1.082417304E1,3.778763115E-3,-1.001628041E-2,9.618435860E-2,9.677828146E-2
1.083422804E1,-5.925860703E-3,-7.822492808E-2,1.610750037E-1,1.791630878E-1
1.084428404E1,-4.130736262E-2,-7.770452589E-2,9.460327148E-2,1.292055360E-1
1.085434004E1,-2.179812759E-2,-2.381220102E-2,-1.304572284E-2,3.481910637E-2
1.086439604E1,2.667587489E-2,4.474581778E-2,-6.892990172E-2,8.640093669E-2
1.087445204E1,6.089758158E-2,8.013696760E-2,-9.814668417E-2,1.405817223E-1
1.088450804E1,6.745260268E-2,1.492501795E-2,-1.950163364E-2,7.178386646E-2
1.089456404E1,-3.904478252E-3,-5.639317900E-2,8.155813336E-2,9.923288117E-2
1.090461904E1,-7.782176256E-2,-8.835756809E-2,1.355232561E-1,1.795267097E-1
1.091467504E1,-5.025652617E-2,-8.593565136E-2,1.192668271E-1,1.553551758E-1
1.092473104E1,-5.486325502E-2,-8.210689455E-2,1.588045299E-2,1.000185366E-1
1.093478704E1,-1.284165502E-2,-2.335611820E-2,-1.476421952E-2,3.046963307E-2
1.094484304E1,5.251062781E-2,1.414324522E-2,-1.427246869E-2,5.622366744E-2
1.095489904E1,3.589898050E-2,4.433212727E-2,-3.960143745E-2,6.944312894E-2
1.096495404E1,4.895288944E-3,5.037814826E-2,-4.416460454E-2,6.717465274E-2
1.097501004E1,7.488353670E-2,7.668740273E-2,6.779905021E-2,1.268274931E-1
1.098506604E1,1.081167716E-1,5.200279713E-2,9.830514371E-2,1.551045727E-1
1.099512204E1,5.668846339E-2,-1.614006937E-2,7.244583249E-2,9.339423090E-2
1.100517804E1,2.464309037E-2,-4.876490146E-2,1.225962317E-1,1.342204662E-1
1.101523404E1,4.542351007E-2,-7.625061572E-3,2.693870723E-2,5.335851177E-2
1.102529004E1,8.871278644E-2,3.567532450E-2,-7.889297247E-2,1.239628507E-1
1.103534604E1,8.175050676E-2,4.545420796E-2,-9.334027290E-2,1.321424872E-1
1.104540104E1,7.372344911E-2,-9.901967347E-3,9.238016009E-3,7.495689992E-2
1.105545704E1,-4.256889939E-2,-7.696426839E-2,5.215716362E-2,1.022544841E-1
1.106551304E1,-1.309749994E-1,-5.094591290E-2,-1.150615096E-2,1.410047092E-1
1.107556904E1,-2.780935764E-2,-1.086646557E-2,1.089570165E-2,3.178296337E-2
1.108562504E1,1.580093086E-2,3.170564979E-2,-2.635749400E-2,4.415467285E-2
1.109568104E1,-1.460283637E-2,8.451331615E-2,-8.395198345E-2,1.200153280E-1
1.110573604E1,5.340291291E-2,1.039956540E-1,-4.408274353E-2,1.249410078E-1
1.111579204E1,1.121361476E-1,5.095263720E-2,4.195143342E-2,1.301176760E-1
1.112584804E1,7.212657452E-2,-1.075595319E-2,1.066239774E-1,1.291766459E-1
1.113590404E1,-6.202434003E-3,-4.980015099E-2,1.309413779E-1,1.402289901E-1
1.114596004E1,-5.264540613E-2,-3.353173524E-2,9.234507680E-2,1.114608867E-1
1.115601604E1,-4.455870688E-2,2.551169425E-2,-5.837450802E-2,7.774257578E-2
1.116607204E1,-4.267590344E-3,7.102554381E-2,-1.174296319E-1,1.373046200E-1
1.117612704E1,-1.478468478E-3,1.208327115E-3,3.693803072E-2,3.698734969E-2
1.118618304E1,-1.270336837E-2,-6.634747893E-2,1.616714197E-1,1.752170411E-1
1.119623904E1,-4.062353075E-3,-1.325584254E-1,1.625683826E-1,2.098016155E-1
1.120629504E1,2.696034193E-2,-1.344622788E-1,1.340415716E-1,1.917657617E-1
1.121635104E1,-3.266839385E-3,-1.107626367E-1,7.270077109E-2,1.325308871E-1
1.122640704E1,-1.021286380E-1,-6.791862577E-2,-5.479659677E-2,1.343349003E-1
1.123646204E1,-9.508683622E-2,9.876239598E-3,-8.197679400E-2,1.259334796E-1
1.124651804E1,1.687214077E-3,2.241530120E-3,-2.138560653E-2,2.156885058E-2
1.125657404E1,7.493382275E-2,-2.422092140E-2,4.046624064E-2,8.853952483E-2
1.126663004E1,1.002899811E-1,-5.332748383E-2,1.250877303E-1,1.689640231E-1
1.127668604E1,8.660983533E-2,-6.574667752E-2,7.069459140E-2,1.296981667E-1
1.128674204E1,4.903387338E-2,-5.162857533E-2,-1.001861930E-2,7.190412548E-2
1.129679804E1,2.542866379E-2,-5.091726154E-2,5.356049538E-3,5.716530182E-2
1.130685304E1,1.943351358E-2,-3.562854677E-2,2.613062203E-2,4.826866689E-2
1.131690904E1,-1.011071295E-2,1.796264648E-3,5.922995567E-2,6.011356529E-2
1.132696504E1,-2.849085063E-2,8.221243680E-2,1.801585615E-2,8.885485021E-2
1.133702104E1,-4.676018357E-3,1.369207406E-1,-3.536279082E-2,1.414909231E-1
1.134707704E1,-5.150169075E-2,9.387120008E-2,-1.072262406E-1,1.515311619E-1
1.135713304E1,-1.022566921E-1,5.351079404E-2,-1.212806082E-1,1.674181056E-1
1.136718904E1,-1.214516392E-1,1.895345718E-2,-7.377431989E-3,1.231428468E-1
1.137724404E1,-1.276748309E-1,8.825202584E-3,3.833609998E-2,1.335979161E-1
1.138730004E1,-9.691233695E-2,6.798265278E-3,3.565982938E-2,1.034883612E-1
1.139735604E1,-3.854250669E-2,-4.708645821E-2,-2.100904584E-3,6.088573863E-2
1.140741204E1,-9.409924150E-3,-2.617126018E-2,-5.118652582E-3,2.827865160E-2
1.141746804E1,-1.364360064E-2,-8.221769929E-3,7.998991013E-2,8.156059748E-2
1.142752404E1,-1.228880078E-2,-4.783899486E-3,5.962815106E-2,6.106895052E-2
1.143757875E1,3.590804368E-2,1.796381593E-2,-3.269470632E-2,5.177866458E-2
1.144763475E1,1.180956298E-1,4.421518296E-2,-2.578622103E-3,1.261277506E-1
1.145769075E1,1.131734437E-1,9.910738170E-3,1.079559731E-1,1.567193135E-1
1.146774675E1,1.306589574E-2,-4.772760540E-2,1.005586606E-1,1.120744671E-1
1.147780275E1,-8.814385235E-2,-5.575086236E-2,-4.814597368E-2,1.148718074E-1
1.148785875E1,-4.593163311E-2,1.193504423E-2,-1.312951344E-1,1.396086406E-1
1.149791475E1,3.542389423E-2,6.818759769E-2,-7.620851576E-2,1.082226346E-1
1.150796975E1,1.003943539E-1,4.718381435E-2,5.925802231E-2,1.257650660E-1
1.151802575E1,1.055109599E-1,1.936890185E-3,6.032104611E-2,1.215522226E-1
1.152808175E1,1.092306662E-1,-5.158969134E-2,-1.553605199E-3,1.208107958E-1
1.153813775E1,1.511990565E-1,-8.340760767E-3,1.065771997E-2,1.518035242E-1
1.154819375E1,1.493247315E-1,2.912001103E-2,8.724396586E-2,1.753777639E-1
1.155824975E1,8.568714470E-2,3.765314519E-3,1.900356781E-1,2.084946602E-1
1.156830475E1,-8.072958291E-3,-1.557084292E-2,9.930384815E-2,1.008408551E-1
1.157836075E1,-6.989264578E-2,-1.517878711E-2,-5.431478620E-3,7.172780822E-2
1.158841675E1,-7.780539036E-2,-3.422550738E-2,-4.021831870E-2,9.403497904E-2
1.159847275E1,-1.035407406E-1,-1.821319968E-2,-4.786296844E-2,1.155130701E-1
1.160852875E1,-8.316494823E-2,2.249423862E-3,-3.709298193E-2,9.108983384E-2
1.161858475E1,2.912702769E-2,-3.302156568E-2,2.277315080E-2,4.957241107E-2
1.162864075E1,1.178251961E-1,-7.987822831E-2,4.566616952E-2,1.494948401E-1
1.163869575E1,6.788909733E-2,-9.506578624E-2,7.439354002E-2,1.384948809E-1
1.164875175E1,-1.717385709E-2,-5.339297265E-2,1.023251045E-1,1.166883795E-1
1.165880775E1,-9.027603954E-2,7.284168899E-2,-4.299165308E-2,1.237091638E-1
1.166886375E1,-4.985043705E-2,1.253023231E-1,-1.150299346E-1,1.772501738E-1
1.167891975E1,-2.204400301E-3,1.000935146E-1,-3.686435580E-2,1.066890424E-1
1.168897575E1,6.820192337E-3,2.751378089E-2,4.355883300E-2,5.197013657E-2
1.169903175E1,3.327708900E-2,-4.289078861E-2,3.689183772E-2,6.563529607E-2
1.170908675E1,1.143294382E-1,-5.878118187E-2,-9.087742567E-3,1.288760445E-1
1.171914275E1,1.568433738E-1,-6.240148544E-2,3.187317252E-3,1.688311235E-1
1.172919875E1,9.863229543E-2,5.431478620E-3,-1.416838825E-2,9.979265448E-2
1.173925475E1,9.491755933E-2,3.927574754E-2,-1.622485399E-2,1.039960254E-1
1.174931075E1,7.870469213E-2,4.253527790E-2,-7.213885367E-2,1.149247260E-1
1.175936675E1,7.672628671E-2,-4.254434109E-3,-2.186273932E-2,7.989369595E-2
1.176942175E1,-8.630490303E-3,1.109392226E-2,3.802151978E-2,4.053635949E-2
1.177947775E1,-7.691573650E-2,1.103977704E-1,6.534029603E-2,1.495762432E-1
1.178953375E1,-7.552439153E-2,1.643652320E-1,-4.034578800E-5,1.808863312E-1
1.179958975E1,-5.565584511E-2,8.124296844E-2,-3.190474749E-2,1.035176600E-1
1.180964575E1,-4.593952686E-2,1.646108150E-2,2.717610419E-2,5.585649444E-2
1.181970175E1,-5.250127226E-2,1.469726890E-2,5.893057823E-2,8.028204253E-2
1.182975775E1,-7.239496171E-2,-1.070976019E-2,7.038118064E-2,1.015344278E-1
1.183981275E1,-9.920824617E-2,-9.800781280E-2,5.649521291E-2,1.504643365E-1
1.184986875E1,-1.217787910E-1,-1.266483521E-1,6.955730796E-2,1.889658650E-1
1.185992475E1,-1.357062739E-1,-9.464537144E-2,6.880886436E-2,1.791887243E-1
1.186998075E1,-8.922149420E-2,-2.255797327E-2,4.012125492E-2,1.003944833E-1
1.188003675E1,-5.940800339E-2,-2.134789199E-2,6.437258184E-2,9.016026093E-2
1.189009275E1,-7.362287700E-2,-9.271140486E-2,1.991620123E-2,1.200516042E-1
1.190014775E1,-6.964150786E-2,-1.219743803E-1,-2.991961777E-2,1.436066593E-1
1.191020375E1,-2.045940757E-3,-1.050119001E-1,-1.016246080E-3,1.050367449E-1
1.192025975E1,5.558100075E-2,-9.291547269E-2,2.354732215E-2,1.108016656E-1
1.193031575E1,1.326370704E-1,-4.734315097E-2,7.080978155E-3,1.410110160E-1
1.194037175E1,1.628499261E-1,-6.293065846E-3,6.840072870E-3,1.631149524E-1
1.195042775E1,2.018938315E-1,2.283834726E-2,-1.863507628E-3,2.031900144E-1
1.196048375E1,2.468992656E-1,2.719715416E-2,-2.293687284E-2,2.494494592E-1
1.197053875E1,2.427097356E-1,2.508952528E-2,-5.401073098E-2,2.499093018E-1
1.198059475E1,1.929832596E-1,6.198311716E-2,1.876956224E-2,2.035601674E-1
1.199065075E1,1.035913190E-1,3.241754830E-2,1.087769222E-1,1.536700284E-1
1.200070675E1,3.709152013E-2,-1.109713823E-2,8.383445442E-2,9.234253132E-2
1.201076275E1,5.255155832E-2,-2.737110883E-2,-1.955893636E-2,6.239708223E-2
1.202081875E1,1.556932265E-1,5.494979382E-2,-1.034582949E-1,1.948421910E-1
1.203087475E1,1.559715539E-1,1.166092676E-1,-1.089885914E-1,2.231666641E-1
1.204092975E1,2.791285336E-2,1.010007101E-1,4.284839630E-3,1.048743566E-1
1.205098575E1,-9.710558742E-2,5.730563700E-3,4.174151838E-2,1.058522027E-1
1.206104175E1,-1.368684080E-1,-2.409929931E-2,1.489168882E-2,1.397694521E-1
1.207109775E1,-1.355016214E-1,3.079231471E-2,1.347607791E-2,1.396082401E-1
1.208115375E1,-1.039658332E-1,7.539429098E-2,-7.186228037E-4,1.284278397E-1
1.209120975E1,-1.120604262E-1,1.424092296E-1,-5.030418098E-2,1.880649845E-1
1.210126475E1,-1.256052089E-1,1.201073644E-1,-4.390732706E-2,1.792492701E-1
1.211132075E1,-1.176670289E-1,4.601612538E-2,4.221514285E-2,1.332108546E-1
1.212137675E1,-1.820746940E-1,-7.645059049E-2,1.216524911E-1,2.319379563E-1
1.213143275E1,-1.995029050E-1,-1.908116037E-1,1.782623094E-1,3.286151673E-1
1.214148875E1,-2.066549268E-1,-1.868115234E-1,1.188358873E-1,3.028642801E-1
1.215154475E1,-1.152340025E-1,-8.072607458E-2,3.738183439E-2,1.455780752E-1
1.216160075E1,-5.173090160E-2,1.899614185E-2,-5.640808940E-3,5.539637453E-2
1.217165575E1,-2.241091579E-2,2.663874507E-2,-4.261801600E-2,5.502878496E-2
1.218171175E1,-4.728467882E-2,-5.550089389E-2,-6.608581603E-2,9.840490411E-2
1.219176775E1,-3.779230893E-2,-1.005954981E-1,-3.632114947E-2,1.134325295E-1
1.220182375E1,3.538150191E-2,-1.158675483E-1,3.808350027E-2,1.269940645E-1
1.221187975E1,7.158044457E-2,-1.052010575E-1,1.364202189E-1,1.865515979E-1
1.222193575E1,1.020426840E-1,-6.041138560E-2,9.147618055E-2,1.497669405E-1
1.223199175E1,1.650493562E-1,-7.626815736E-3,5.342659414E-2,1.736486662E-1
1.224204675E1,1.769408387E-1,3.088645488E-2,-1.566001296E-2,1.802977246E-1
1.225210275E1,1.428705749E-1,3.285901308E-2,-5.539710581E-2,1.567180757E-1
1.226215875E1,1.131038618E-1,3.869102597E-3,-5.991641879E-3,1.133285193E-1
1.227221475E1,1.003738886E-1,-3.204566538E-3,3.929621279E-2,1.078395989E-1
1.228227075E1,1.165931877E-1,4.875876188E-2,4.989546061E-2,1.358710612E-1
1.229232675E1,1.657393277E-1,7.423040271E-2,-4.674264193E-3,1.816632218E-1
1.230238175E1,1.950347552E-1,8.283165693E-2,-4.690694869E-2,2.170251159E-1
1.231243775E1,1.535855976E-1,6.389661849E-2,-3.569959044E-2,1.701345773E-1
1.232249375E1,5.188468337E-2,1.552201867E-2,-3.239942193E-3,5.425357737E-2
1.233254975E1,-1.094356111E-1,3.949501812E-3,2.362976789E-2,1.120273068E-1
1.234260575E1,-1.239291045E-1,4.923326343E-2,1.347256958E-2,1.340292778E-1
1.235266175E1,-9.482809693E-2,6.388521641E-2,6.615539789E-3,1.145314551E-1
1.236271775E1,-8.112865537E-2,1.219056755E-2,1.550564647E-2,8.349187824E-2
1.237277275E1,-4.557933837E-2,-2.729187906E-2,6.597764254E-2,8.470756792E-2
1.238282875E1,-6.559903532E-2,-5.204782069E-2,1.192755979E-1,1.457356420E-1
1.239288475E1,-1.060512426E-1,-6.348205090E-2,2.834437788E-2,1.268078886E-1
1.240294075E1,-1.035062420E-1,-3.671145111E-2,-4.369098008E-2,1.181954928E-1
1.241299675E1,-6.590747595E-2,-1.930838317E-2,-7.825913429E-3,6.912202230E-2
1.242305275E1,-9.817855150E-2,-5.011356175E-3,4.523522973E-2,1.082144522E-1
1.243310842E1,-6.629573107E-2,1.018555731E-2,4.682450294E-2,8.180100006E-2
1.244316442E1,-2.929922819E-2,1.733553261E-2,2.650016606E-2,4.314190845E-2
1.245322042E1,-5.228287876E-3,1.819682747E-2,3.936462522E-2,4.368103985E-2
1.246327642E1,1.781880498E-2,-2.821223080E-2,4.711101651E-3,3.369917293E-2
1.247333242E1,-2.818124056E-2,-4.763843536E-2,-6.575077057E-2,8.594630111E-2
1.248338842E1,-1.341819048E-2,-2.120580465E-2,-4.290336013E-2,4.970344351E-2
1.249344442E1,5.279217124E-2,2.501731217E-3,2.644637167E-2,5.909892197E-2
1.250349942E1,7.586557657E-2,1.563282341E-2,4.043408096E-2,8.737783345E-2
1.251355542E1,4.008880287E-2,-2.499655455E-2,6.277629197E-2,7.856718583E-2
1.252361142E1,3.826037854E-2,-8.145902306E-2,5.269861579E-2,1.042908103E-1
1.253366742E1,2.227993816E-2,-1.016363025E-1,5.703958869E-3,1.042058960E-1
1.254372342E1,1.748171300E-2,-1.914056808E-2,-8.632244468E-3,2.732191941E-2
1.255377942E1,6.402876556E-2,9.278420269E-2,-2.744215250E-2,1.160244062E-1
1.256383542E1,7.827024400E-2,1.041184455E-1,-2.827128768E-2,1.332897127E-1
1.257389042E1,8.624643087E-5,3.237252474E-2,2.259948850E-2,3.948068739E-2
1.258394642E1,-5.000509590E-2,-5.213114351E-2,1.152585608E-1,1.360246359E-1
1.259400242E1,-4.118837178E-2,-9.144343615E-2,1.104755384E-1,1.492086746E-1
1.260405842E1,-4.361935169E-2,-5.096140802E-3,-3.473246098E-4,4.391741257E-2
1.261411442E1,2.092835426E-2,6.436878115E-2,-2.490329146E-2,7.212149419E-2
1.262417042E1,6.288154185E-2,5.193584651E-2,2.398352444E-2,8.500958712E-2
1.263422542E1,6.349140644E-2,-2.294856727E-2,6.614545763E-2,9.451463906E-2
1.264428142E1,-9.574815631E-4,-7.232684165E-2,1.077437192E-1,1.297720996E-1
1.265433742E1,-3.965523183E-2,-8.665047348E-2,1.216396272E-1,1.545219754E-1
1.266439342E1,-6.031666070E-2,-7.571618021E-2,2.015301347E-2,9.887964126E-2
1.267444942E1,-2.398966402E-2,-1.462914884E-2,-6.037717938E-2,6.659519326E-2
1.268450542E1,1.397776902E-3,1.454845726E-2,-8.534245133E-2,8.658490278E-2
1.269456142E1,9.584755898E-3,-1.933878869E-2,-3.618783295E-2,4.213568022E-2
1.270461642E1,-5.202063113E-2,-6.155130029E-2,-2.215334594E-2,8.357918023E-2
1.271467242E1,-1.793428749E-2,-7.220551193E-2,3.852671921E-2,8.378295002E-2
1.272472842E1,4.065276682E-3,-6.385539562E-2,4.941598892E-2,8.084539557E-2
1.273478442E1,3.758122444E-2,-3.888778478E-2,-9.196500778E-3,5.485602849E-2
1.274484042E1,6.219712526E-2,-1.201573581E-2,1.444963932E-2,6.497424392E-2
1.275489642E1,8.504424334E-2,1.210636765E-2,-4.070246816E-3,8.599799051E-2
1.276495142E1,9.663810253E-2,5.025155604E-2,1.912565768E-2,1.105890253E-1
1.277500742E1,4.476452887E-2,6.550167918E-2,8.473200202E-3,7.978802004E-2
1.278506342E1,-1.650201201E-2,2.568126351E-2,-1.400583565E-2,3.358581737E-2
1.279511942E1,-8.177915812E-2,9.985582530E-3,-3.970376372E-2,9.145453195E-2
1.280517542E1,-5.461621016E-2,5.029921085E-2,-2.932144761E-2,7.982911946E-2
1.281523142E1,2.241091579E-2,8.121460944E-2,1.913793683E-3,8.427173037E-2
1.282528742E1,5.955038309E-2,6.893896490E-2,-3.670121849E-2,9.821307676E-2
1.283534242E1,5.428964317E-2,9.440329671E-3,3.075576961E-2,6.310627975E-2
1.284539842E1,1.283317655E-2,-3.884510010E-2,1.117800522E-1,1.190311400E-1
1.285545442E1,-1.099627376E-2,-3.558761626E-2,5.289332807E-2,6.469235366E-2
1.286551042E1,4.994779319E-2,2.430336714E-2,1.564656436E-2,5.770832414E-2
1.287556642E1,5.954102755E-2,5.646042198E-2,7.069283724E-4,8.205737602E-2
1.288562242E1,-2.055296302E-4,3.403079510E-3,-8.988924623E-3,9.613738006E-3
1.289567742E1,-8.724601239E-2,-5.589762747E-2,1.046651602E-2,1.041439359E-1
1.290573342E1,-1.002066582E-1,-5.076435685E-2,7.885496557E-2,1.372461288E-1
1.291578942E1,-5.368094802E-2,-3.938128978E-2,6.268332124E-2,9.144248972E-2
1.292584542E1,-4.517763466E-2,-2.945154816E-2,9.906352758E-3,5.483199966E-2
1.293590142E1,-3.250788778E-2,-2.986582339E-2,3.066513777E-2,5.375017069E-2
1.294595742E1,8.878119886E-3,-4.741565645E-2,6.728274107E-2,8.278908584E-2
1.295601342E1,4.266596317E-2,-8.560703784E-2,3.437344193E-2,1.016389829E-1
1.296606842E1,4.717621297E-2,-4.653272688E-2,3.382380366E-2,7.439717357E-2
1.297612442E1,2.516407728E-2,-1.208239406E-2,3.976925254E-2,4.858815163E-2
1.298618042E1,-5.843356490E-2,2.775088549E-3,3.347530961E-3,5.859512426E-2
1.299623642E1,-9.107126087E-2,7.046187222E-3,-2.589264035E-2,9.494236217E-2
1.300629242E1,-6.698160946E-2,1.364038467E-2,-6.600687861E-2,9.502370296E-2
1.301634842E1,1.321266085E-2,1.275774747E-2,2.114937901E-3,1.848803639E-2
1.302640342E1,1.278160411E-1,-3.609310806E-2,1.859718633E-1,2.285283062E-1
1.303645942E1,1.201974115E-1,-1.023783141E-1,1.686880785E-1,2.310506541E-1
1.304651542E1,6.959443778E-2,-4.655991644E-2,6.466669679E-2,1.057969435E-1
1.305657142E1,6.831477463E-2,7.147519469E-2,8.926944137E-3,9.927387482E-2
1.306662742E1,1.489391077E-1,1.527447680E-1,-5.752432287E-2,2.209589773E-1
1.307668342E1,1.323128423E-1,2.142659551E-1,-1.800106269E-1,3.095487257E-1
1.308673942E1,1.320754454E-1,2.524140671E-1,-1.832488149E-1,3.387283760E-1
1.309679442E1,1.203862765E-1,2.100679466E-1,-5.485214531E-2,2.482542157E-1
1.310685042E1,8.096347153E-2,1.622424003E-1,4.813077092E-2,1.876013094E-1
1.311690642E1,9.115809202E-3,8.593799025E-2,1.406676364E-1,1.650933677E-1
1.312696242E1,-6.781249881E-2,5.484132797E-2,3.775781035E-2,9.503556434E-2
1.313701842E1,-5.883556098E-2,5.691825897E-2,-1.673590064E-2,8.355478328E-2
1.314707442E1,-6.914917231E-3,2.051027834E-2,5.460129976E-3,2.232264808E-2
1.315712942E1,-4.427570164E-2,-7.187602133E-2,6.236698687E-2,1.049578070E-1
1.316718542E1,-1.681717694E-1,-1.652171713E-1,9.134052515E-2,2.528271134E-1
1.317724142E1,-2.542866379E-1,-1.361544630E-1,1.656457722E-2,2.889188766E-1
1.318729742E1,-2.112484995E-1,-1.246246308E-2,-7.919001102E-2,2.259475589E-1
1.319735342E1,-2.157844770E-1,3.380713910E-2,-1.840966612E-1,2.856526629E-1
1.320740942E1,-2.223134780E-1,-6.006435335E-2,-1.149141598E-1,2.573640868E-1
1.321746542E1,-1.824623644E-1,-1.683656046E-1,1.094259632E-1,2.713181392E-1
1.322752042E1,-1.585317573E-1,-2.098197323E-1,9.102828383E-2,2.782854409E-1
1.323757642E1,-1.056036383E-2,-1.424595156E-1,-2.444136143E-2,1.449262400E-1
1.324763242E1,1.388362885E-1,-9.446878552E-2,-2.773919106E-2,1.702037871E-1
1.325768842E1,1.546527144E-1,-1.541127241E-1,1.280013978E-2,2.187053666E-1
1.326774442E1,1.082334235E-1,-1.733524024E-1,-5.454867482E-3,2.044389517E-1
1.327780042E1,1.177649698E-1,-1.479532671E-1,-1.858712912E-2,1.900111542E-1
1.328785542E1,1.205347958E-1,-1.478465554E-1,1.061351502E-1,2.182931768E-1
1.329791142E1,7.118575752E-2,-1.694151798E-1,1.041810107E-1,2.112406169E-1
1.330796742E1,-3.953302503E-3,-1.602733505E-1,3.004299402E-3,1.603502457E-1
1.331802342E1,-1.027481505E-1,-1.701946136E-1,5.381192565E-2,2.059590063E-1
1.332807942E1,1.581467181E-2,-1.361287352E-1,1.190919954E-1,1.815600170E-1
1.333813542E1,2.505043665E-1,-7.932917476E-3,5.568829715E-2,2.567421961E-1
1.334819142E1,3.420135838E-1,1.237379006E-1,-4.286593795E-3,3.637344284E-1
1.335824642E1,4.046021801E-1,1.142464077E-1,1.186721653E-1,4.368503733E-1
1.336830242E1,3.827856338E-1,1.254227757E-4,1.233528614E-1,4.021700953E-1
1.337835842E1,2.850295436E-1,-8.459868550E-2,2.108044034E-1,3.644684826E-1
1.338841442E1,1.427059758E-1,-9.183139890E-2,2.532148433E-1,3.048208625E-1
1.339847042E1,1.094715714E-2,-4.985686898E-2,1.149556750E-1,1.257789921E-1
1.340852642E1,-3.552446634E-2,2.884723842E-2,-1.952268362E-2,4.975224667E-2
1.341858242E1,-7.268498361E-2,9.204014450E-2,-1.413026440E-1,1.836326013E-1
1.342863742E1,-1.820910662E-2,1.042049843E-1,-5.017144918E-2,1.170787113E-1
1.343869275E1,1.895550370E-2,1.038924506E-1,8.644815981E-2,1.364779717E-1
1.344874875E1,-5.836281359E-2,1.826140997E-1,-1.034430921E-2,1.919925315E-1
1.345880475E1,-1.388605544E-1,2.742528328E-1,-7.321824968E-2,3.160028196E-1
1.346886075E1,-1.634121358E-1,2.648584038E-1,-5.188936114E-2,3.155091219E-1
1.347891675E1,-1.430992010E-1,2.287688041E-1,-5.479718149E-2,2.753457429E-1
1.348897175E1,-1.793101305E-1,1.836487645E-1,-6.276576698E-2,2.642319683E-1
1.349902775E1,-1.915395820E-1,1.150881144E-1,-1.263688552E-1,2.567134066E-1
1.350908375E1,-1.075396514E-1,9.652729779E-2,-2.063090640E-1,2.518843499E-1
1.351913975E1,-6.663633138E-2,1.218761471E-1,-1.328984410E-1,1.922399321E-1
1.352919575E1,-3.830072433E-2,1.829488528E-1,-4.982470930E-2,1.934417997E-1
1.353925175E1,-4.010488272E-2,2.070738798E-1,-6.046722651E-2,2.194180458E-1
1.354930675E1,1.046154588E-2,1.800714380E-1,-8.312986493E-3,1.805665319E-1
1.355936275E1,1.542083260E-1,1.096291539E-1,-1.414324522E-2,1.897334725E-1
1.356941875E1,3.098240769E-1,1.158777809E-1,-6.388024628E-2,3.368965785E-1
1.357947475E1,3.629340443E-1,1.489122105E-1,-1.463207245E-2,3.925685475E-1
1.358953075E1,3.202227652E-1,5.076991171E-2,7.497066021E-2,3.327774079E-1
1.359958675E1,1.836604589E-1,-5.463199764E-2,6.811772346E-2,2.033613621E-1
1.360964275E1,9.386359870E-2,-7.406434178E-2,1.101983804E-1,1.626025366E-1
1.361969775E1,-1.206046700E-2,-5.225627393E-2,2.510677457E-2,5.921590292E-2
1.362975375E1,-1.004092643E-1,7.977941036E-3,-6.701610804E-2,1.209827534E-1
1.363980975E1,-3.695791125E-2,1.584975511E-2,-2.128035665E-2,4.549676384E-2
1.364986575E1,2.444574684E-2,-2.861627340E-2,3.160186172E-2,4.914431102E-2
1.365992175E1,-3.369750381E-2,-1.546132457E-1,2.138934875E-1,2.660661600E-1
1.366997775E1,-2.004600942E-1,-2.844164631E-1,2.624780023E-1,4.358574028E-1
1.368003375E1,-3.646677437E-1,-3.037578830E-1,7.194355667E-2,4.800284264E-1
1.369008875E1,-3.768434009E-1,-2.754196447E-1,-7.735223114E-2,4.731282037E-1
1.370014475E1,-2.656606418E-1,-1.790171850E-1,-1.029501718E-1,3.364839773E-1
1.371020075E1,-8.663877904E-2,-7.987676650E-2,-7.916545272E-3,1.181069327E-1
1.372025675E1,-4.659353793E-3,-9.784262896E-2,3.766600907E-2,1.049457853E-1
1.373031275E1,-3.691756546E-2,-1.166616002E-1,4.748523831E-3,1.224556412E-1
1.374036875E1,-1.034115171E-1,-9.802973986E-2,3.328819871E-2,1.463279739E-1
1.375042375E1,-1.474442670E-1,-6.122268677E-2,5.408732951E-2,1.685629510E-1
1.376047975E1,-1.217071626E-1,-8.516031057E-2,1.042973703E-1,1.815016622E-1
1.377053575E1,-1.112026396E-1,-1.474126920E-1,9.157616794E-2,2.061133750E-1
1.378059175E1,-1.911513269E-2,-1.622289518E-1,5.495856464E-2,1.723486725E-1
1.379064775E1,1.034302282E-1,-4.286184490E-2,-7.412515283E-3,1.122047024E-1
1.380070375E1,2.173641023E-1,4.943937778E-2,-6.320840120E-2,2.317039210E-1
1.381075975E1,2.868380874E-1,8.540998667E-2,-1.939404488E-2,2.999117924E-1
1.382081475E1,2.416332632E-1,7.300891936E-2,4.870730639E-3,2.524691273E-1
1.383087075E1,1.199316555E-1,7.504901290E-4,7.103957713E-2,1.393943570E-1
1.384092675E1,3.940175503E-2,-2.127626359E-2,1.226050025E-1,1.305264890E-1
1.385098275E1,1.040073484E-2,-5.443026870E-2,2.069505036E-2,5.915331390E-2
1.386103875E1,3.721168041E-3,1.676133603E-2,-7.407311261E-2,7.603693503E-2
1.387109475E1,1.081384063E-1,1.559607366E-1,-9.332214653E-2,2.114868537E-1
1.388114975E1,1.710453835E-1,1.738789442E-1,-9.760757089E-3,2.441017879E-1
1.389120575E1,1.067575863E-1,7.861318320E-2,1.034442616E-1,1.681604295E-1
1.390126175E1,-4.604273021E-2,-6.165041059E-2,1.073273975E-1,1.320601241E-1
1.391131775E1,-1.328659889E-1,-1.006457841E-1,6.056779861E-2,1.773454344E-1
1.392137375E1,-1.517548344E-1,-3.515901536E-2,5.102397323E-2,1.639180648E-1
1.393142975E1,-1.249295631E-1,-2.565465868E-3,5.481764674E-2,1.364512798E-1
1.394148475E1,-1.188624921E-1,-2.367245257E-2,8.667444706E-2,1.490004591E-1
1.395154075E1,-1.381559649E-1,-5.700772136E-2,1.219144464E-2,1.499519332E-1
1.396159675E1,-1.393879732E-1,-8.674432129E-2,-2.343388617E-2,1.658394747E-1
1.397165275E1,-8.913904846E-2,-1.096367553E-1,5.146719217E-3,1.413947552E-1
1.398170875E1,-5.540324539E-2,-1.198144189E-1,-2.499801636E-2,1.343499735E-1
1.399176475E1,-2.854259849E-2,-8.734366089E-2,-1.063561749E-1,1.405533030E-1
1.400182075E1,4.534369558E-2,9.573938549E-3,-1.020982325E-1,1.121238606E-1
1.401187575E1,1.162853318E-1,6.391094416E-2,5.266587138E-3,1.327954221E-1
1.402193175E1,1.589018860E-1,1.478907019E-2,1.162338763E-1,1.974305954E-1
1.403198775E1,1.000645709E-1,-4.222625256E-2,1.194767421E-1,1.614641343E-1
1.404204375E1,-1.600061327E-2,-5.907500446E-2,5.426333070E-2,8.179477266E-2
1.405209975E1,-1.807023525E-2,-4.349129766E-2,3.492951214E-2,5.863528966E-2
1.406215575E1,3.625185996E-2,5.808916390E-3,1.088751554E-3,3.673045385E-2
1.407221075E1,8.021999806E-2,4.493409812E-2,-1.140499413E-1,1.464981583E-1
1.408226675E1,1.326408711E-1,6.689974844E-2,-8.781465411E-2,1.725705378E-1
1.409232275E1,1.539411083E-1,3.677664757E-2,6.504851997E-2,1.711189545E-1
1.410237875E1,7.364129573E-2,-4.732853293E-2,1.402489758E-1,1.653263611E-1
1.411243475E1,-7.748203933E-2,-1.079939801E-1,4.228823304E-2,1.394792486E-1
1.412249075E1,-1.405834365E-1,-4.082613677E-2,-4.089016378E-2,1.519950050E-1
1.413254675E1,-6.185594022E-2,3.536162138E-2,-2.396949112E-2,7.517405212E-2
1.414260175E1,1.710193634E-2,1.206315672E-1,-9.971315324E-2,1.574393984E-1
1.415265775E1,7.487388879E-2,1.686392543E-1,-5.056555152E-2,1.913169420E-1
1.416271375E1,5.183673620E-2,1.351575127E-1,1.555359364E-4,1.447571230E-1
1.417276975E1,-2.721586525E-3,6.611388266E-2,3.705029726E-2,7.583651522E-2
1.418282575E1,-3.396472156E-2,1.373978734E-2,4.355357051E-2,5.691482734E-2
1.419288175E1,-6.187465131E-2,1.168887645E-2,6.824577749E-2,9.285789386E-2
1.420293775E1,-2.880192250E-2,-1.035074115E-2,5.360084116E-2,6.172308122E-2
1.421299275E1,8.018286824E-3,1.018321842E-2,7.534078896E-2,7.644753326E-2
1.422304875E1,4.127491057E-2,7.702537179E-3,7.279432654E-2,8.403547643E-2
1.423310475E1,-1.576116979E-2,-2.470097780E-2,3.294087410E-2,4.408689107E-2
1.424316075E1,-5.845578432E-2,-4.932711124E-2,-1.203006148E-2,7.742715934E-2
1.425321675E1,8.140785992E-3,-3.255700439E-2,-3.690060854E-2,4.987871131E-2
1.426327275E1,7.356528193E-2,-4.048319757E-3,-8.118274212E-3,7.412250653E-2
1.427332775E1,9.820895702E-2,-4.137782156E-2,5.423818767E-2,1.195780262E-1
1.428338375E1,4.055131763E-2,-7.452364057E-2,7.441926777E-2,1.128557034E-1
1.429343975E1,-4.390615761E-2,-4.091355264E-2,4.582287490E-2,7.550765081E-2
1.430349575E1,-6.465120167E-2,-2.800231576E-3,3.779640198E-3,6.482210158E-2
1.431355175E1,-6.909420848E-2,-5.870019794E-2,1.978230000E-2,9.279580958E-2
1.432360775E1,-7.264814615E-2,-1.381773072E-1,8.535356104E-2,1.779211954E-1
1.433366275E1,-7.131322682E-2,-1.602736428E-1,7.425788462E-2,1.904926517E-1
1.434371875E1,-3.476169705E-2,-5.679400563E-2,3.651001453E-3,6.668781350E-2
1.435377475E1,-1.713965088E-2,4.723410040E-2,-5.182504177E-2,7.218492105E-2
1.436383075E1,-4.452596247E-2,7.740894914E-2,-1.098481321E-1,1.415673651E-1
1.437388675E1,1.196281850E-2,3.743328989E-2,2.008518577E-3,3.934964250E-2
1.438394275E1,5.783597946E-2,-1.841375917E-2,5.090059698E-2,7.921450511E-2
1.439399875E1,7.979432076E-2,-6.499764919E-3,-9.013482928E-3,8.056440557E-2
1.440405375E1,6.711229473E-2,5.634230822E-2,-8.214402437E-2,1.201089361E-1
1.441410975E1,1.015164346E-1,8.162157565E-2,-5.186597228E-2,1.402060882E-1
1.442416575E1,1.348929262E-1,5.283047050E-2,-1.604475975E-2,1.457552554E-1
1.443422150E1,5.435776323E-2,2.692730516E-2,2.324209750E-2,6.496184482E-2
1.444427750E1,-1.474404663E-2,1.011685252E-2,9.501433074E-2,9.668226654E-2
1.445433350E1,-6.519645452E-2,3.588699371E-2,7.528874874E-3,7.480065479E-2
1.446438850E1,-8.339123547E-2,8.211800426E-2,-7.832286894E-2,1.408259088E-1
1.447444450E1,-4.348048031E-2,1.372183639E-1,-9.954124510E-2,1.750082599E-1
1.448450050E1,1.581613362E-2,1.764856330E-1,-1.346906126E-1,2.225733359E-1
1.449455650E1,1.088371485E-2,1.289550787E-1,2.247669697E-2,1.313509402E-1
1.450461250E1,-7.617752552E-3,-3.669127822E-2,1.445186126E-1,1.492980557E-1
1.451466850E1,-2.270298421E-2,-1.501857340E-1,1.386497623E-1,2.056573285E-1
1.452472450E1,-2.251470387E-2,-1.749232569E-1,9.129374743E-2,1.985940735E-1
1.453477950E1,-4.319864452E-2,-9.908603936E-2,1.661544800E-2,1.093628785E-1
1.454483550E1,-5.062373132E-2,3.099053532E-2,-3.249999404E-2,6.767144940E-2
1.455489150E1,-4.110884964E-3,7.345126122E-2,-1.397192180E-2,7.488125099E-2
1.456494750E1,1.256332755E-2,6.056955278E-2,1.112549722E-2,6.285128966E-2
1.457500350E1,6.119695902E-3,-3.533355474E-2,4.644034088E-2,5.867381042E-2
1.458505950E1,-4.233501077E-2,-1.310939902E-1,6.482340217E-2,1.522496663E-1
1.459511450E1,-4.313344806E-2,-1.313141379E-1,5.273486853E-2,1.479353356E-1
1.460517050E1,2.366602063E-2,-7.946746141E-2,1.301163357E-1,1.542900476E-1
1.461522650E1,7.129217684E-2,-6.048067510E-3,5.368445635E-2,8.944928425E-2
1.462528250E1,1.091891509E-1,4.063522518E-3,1.194235325E-2,1.099154343E-1
1.463533850E1,1.097045830E-1,2.162007987E-3,9.643812776E-3,1.101488671E-1
1.464539450E1,5.432501882E-2,-4.129566818E-2,-9.274853468E-2,1.151469955E-1
1.465544950E1,-4.119421899E-2,-8.213613063E-2,-2.314152539E-2,9.475672974E-2
1.466550550E1,-9.015237093E-2,-1.249722478E-1,1.335223389E-1,2.038963650E-1
1.467556150E1,-7.355387986E-2,-1.313723177E-1,9.806599259E-2,1.796824922E-1
1.468561750E1,1.976417363E-2,-6.588496417E-2,4.967502058E-2,8.484726708E-2
1.469567350E1,1.175474533E-1,2.313421637E-2,-3.264383554E-2,1.241701081E-1
1.470572950E1,1.414137411E-1,7.974081874E-2,-6.076192617E-2,1.733449048E-1
1.471578550E1,4.330564857E-2,5.272141993E-2,-9.746431410E-2,1.189715085E-1
1.472584050E1,-8.173501164E-2,5.028605461E-5,-5.664782524E-2,9.944642156E-2
1.473589650E1,-1.522518477E-1,-1.627221644E-2,5.944279432E-3,1.532342801E-1
1.474595250E1,-1.696856135E-1,-6.658809185E-3,1.275920928E-2,1.702948754E-1
1.475600850E1,-7.671956241E-2,1.506535113E-3,6.861941457E-2,1.029406866E-1
1.476606450E1,6.189482421E-2,3.623578012E-2,-9.506987929E-3,7.234904176E-2
1.477612050E1,9.450474590E-2,6.832588434E-2,2.675159633E-2,1.196462343E-1
1.478617550E1,9.615219891E-2,7.020371765E-2,-1.878125668E-2,1.205261089E-1
1.479623150E1,3.972335190E-2,2.675598174E-2,-8.906888187E-2,1.011290906E-1
1.480628750E1,-9.592883527E-2,2.360345542E-2,1.233247948E-1,1.580141435E-1
1.481634350E1,-4.654880673E-2,3.302273512E-2,1.067701578E-2,5.806282036E-2
1.482639950E1,4.060277313E-2,4.923472524E-2,2.826017797E-2,6.979456292E-2
1.483645550E1,1.562729779E-1,1.207742393E-3,5.640107274E-2,1.661438632E-1
1.484651150E1,1.316287181E-1,-4.074135214E-2,1.331171268E-1,1.915884826E-1
1.485656650E1,7.336852312E-2,-7.003941089E-2,1.521164846E-1,1.828329406E-1
1.486662250E1,5.367393136E-2,-8.828477025E-2,1.082717228E-1,1.496591378E-1
1.487667850E1,-8.906361938E-2,-6.808088601E-2,4.464641511E-2,1.206674675E-1
1.488673450E1,-1.406533107E-1,-2.293336451E-2,5.212208033E-2,1.517432182E-1
1.489679050E1,-5.184170634E-2,-1.302701175E-2,-1.759544134E-2,5.627490655E-2
1.490684650E1,3.875417590E-2,2.300879359E-4,9.015237093E-3,3.978961661E-2
1.491690150E1,1.101200277E-1,6.443339288E-3,4.795418501E-2,1.202810915E-1
1.492695750E1,6.788091123E-2,8.410342634E-3,-1.769659817E-2,7.065211646E-2
1.493701350E1,-3.378287315E-2,4.187629670E-2,-5.755122006E-2,7.878483150E-2
1.494706950E1,5.057519943E-2,4.555507243E-2,-1.450109482E-4,6.806714662E-2
1.495712550E1,1.383027300E-1,-5.410136282E-3,2.304387689E-2,1.403137020E-1
1.496718150E1,1.164271268E-1,-3.833493054E-2,1.072145462E-2,1.230438635E-1
1.497723650E1,1.072113302E-1,-5.775791913E-2,-5.848735929E-2,1.350963277E-1
1.498729250E1,2.331635714E-2,-4.484609753E-2,-1.323809624E-3,5.056260917E-2
1.499734850E1,-2.147009879E-2,-7.399066687E-2,3.342034578E-2,8.397918455E-2
1.500740450E1,-7.369421303E-2,-2.113943875E-2,3.338350832E-2,8.361920553E-2
1.501746050E1,-9.221848458E-2,1.127518594E-2,1.213998914E-2,9.369502683E-2
1.502751650E1,-5.271147966E-2,8.878996968E-3,-3.173868656E-3,5.354820368E-2
1.503757250E1,-2.679603517E-2,1.399706483E-2,3.707485557E-2,4.783816719E-2
1.504762750E1,-2.033398479E-2,9.431851208E-3,3.866062045E-2,4.468863758E-2
1.505768350E1,1.338281482E-2,3.667432129E-2,1.210297626E-1,1.271703936E-1
1.506773950E1,7.956598699E-2,2.899575770E-2,1.269600087E-1,1.526117429E-1
1.507779550E1,1.655200571E-1,-4.219204634E-2,4.676778495E-2,1.770996436E-1
1.508785150E1,1.677984247E-1,-1.655978251E-1,1.779483140E-1,2.953718900E-1
1.509790750E1,5.361428976E-2,-2.294304165E-1,2.750442535E-1,3.621631531E-1
1.510796250E1,-1.364827842E-2,-2.171813768E-1,2.679182518E-1,3.451582471E-1
1.511801850E1,-8.738312960E-2,-5.963692188E-2,1.517755920E-1,1.850086595E-1
1.512807450E1,-2.377507120E-2,1.274388957E-1,-6.830541909E-2,1.465317591E-1
1.513813050E1,1.391599318E-1,2.127067950E-1,-2.330922353E-1,3.448791925E-1
1.514818650E1,2.362500241E-1,2.000382176E-1,-2.272344947E-1,3.840115597E-1
1.515824250E1,2.133058423E-1,5.854553908E-2,-1.046762699E-1,2.447122473E-1
1.516829850E1,2.362105554E-1,-4.347434074E-2,1.190551579E-2,2.404728386E-1
1.517835350E1,1.410690477E-1,-2.916561931E-2,5.384116173E-2,1.537855009E-1
1.518840950E1,-3.535811305E-2,3.215997845E-2,-5.894578099E-3,4.815813974E-2
1.519846550E1,-1.600885785E-1,5.890280396E-2,-1.077378720E-1,2.017556501E-1
1.520852150E1,-2.330679694E-1,6.670942158E-3,-2.400779039E-1,3.346678648E-1
1.521857750E1,-2.961664429E-1,-6.819446817E-2,-2.513817412E-1,3.944081987E-1
1.522863350E1,-1.763873997E-1,-5.874712184E-2,-9.236144900E-2,2.075918504E-1
1.523868850E1,-8.532344788E-2,2.067078441E-2,-2.487054706E-2,9.124645855E-2
1.524874450E1,-7.680814773E-2,7.369772136E-2,-7.516244888E-2,1.303082477E-1
1.525880050E1,-1.960203034E-1,6.004008740E-2,-1.361904234E-1,2.461231457E-1
1.526885650E1,-3.288272354E-1,1.756503582E-2,-8.806082189E-2,3.408674076E-1
1.527891250E1,-3.853598705E-1,-3.610334069E-2,-6.746166587E-2,3.928826254E-1
1.528896850E1,-2.744165549E-1,-6.783910364E-2,-3.776599646E-2,2.851891654E-1
1.529902450E1,-1.007542500E-1,-1.130290174E-1,-4.058552384E-3,1.514709527E-1
1.530907950E1,2.747372746E-2,-1.278964403E-1,1.765215933E-2,1.319996359E-1
1.531913550E1,2.332308143E-2,-8.903496802E-2,2.839992642E-2,9.632106456E-2
1.532919150E1,-1.385907054E-1,-1.030571759E-2,-2.391335785E-2,1.410157442E-1
1.533924750E1,-1.574935842E-1,2.346282989E-2,1.877131641E-2,1.603343249E-1
1.534930350E1,-1.146279386E-1,-6.515143096E-2,1.473738080E-1,1.977455753E-1
1.535935950E1,-2.783274651E-4,-1.145218116E-1,1.602715963E-1,1.969830129E-1
1.536941450E1,1.839352781E-1,5.333508521E-2,2.047577977E-1,2.803615051E-1
1.537947050E1,2.878245127E-1,2.666204622E-1,2.217234939E-1,4.506558873E-1
1.538952650E1,3.951296908E-1,2.516001347E-1,1.846006912E-1,5.034952984E-1
1.539958250E1,3.723717427E-1,1.846726120E-2,-4.582638323E-2,3.756352112E-1
1.540963850E1,1.217206112E-1,-2.100875348E-2,1.032244062E-1,1.609737648E-1
1.541969450E1,-1.132497498E-1,1.152635309E-1,2.952808821E-1,3.366036048E-1
1.542974950E1,-1.495244139E-1,2.308837420E-1,1.698733091E-1,3.232983047E-1
1.543980625E1,7.131234974E-2,3.580220908E-1,4.321326256E-2,3.676039374E-1
1.544986225E1,3.095258689E-1,2.711979550E-1,-2.892734528E-2,4.125425864E-1
1.545991825E1,3.858030894E-1,-6.488421321E-2,-4.746945083E-2,3.940905146E-1
1.546997425E1,4.008052906E-1,-3.637851065E-1,-1.203614259E-1,5.545009987E-1
1.548003025E1,1.548971280E-1,-4.049240693E-1,8.125934064E-2,4.410892230E-1
1.549008625E1,-2.233636379E-2,-2.561296803E-1,1.318634838E-1,2.889451585E-1
1.550014125E1,1.380890143E-1,-3.821126193E-2,1.887598157E-2,1.445163627E-1
1.551019725E1,-1.626663235E-1,1.634089199E-1,4.298463643E-2,2.345431450E-1
1.552025325E1,-3.275618979E-1,1.942193609E-1,-8.111900747E-2,3.893562000E-1
1.553030925E1,-3.734426603E-1,9.990786552E-2,-1.221190989E-1,4.054060636E-1
1.554036525E1,-4.606772706E-1,-8.868764341E-3,-5.253430903E-2,4.637478369E-1
1.555042125E1,-4.889742860E-1,-4.219672412E-2,1.743604624E-1,5.208435339E-1
1.556047625E1,-2.633773041E-1,-6.199510396E-2,1.438631397E-1,3.064434698E-1
1.557053225E1,-1.042871377E-1,-3.129137456E-3,3.607965946E-2,1.103962880E-1
1.558058825E1,-1.908186203E-1,4.206136107E-2,1.296631765E-1,2.345068087E-1
1.559064425E1,-5.460305393E-2,5.449312627E-2,-4.307643771E-2,8.835481761E-2
1.560070025E1,1.918959698E-1,-2.156365424E-2,-2.524973899E-1,3.178741674E-1
1.561075625E1,1.852497321E-1,-1.212446478E-1,-1.637775868E-1,2.753921310E-1
1.562081125E1,-1.205228090E-2,-1.976256564E-1,3.781575626E-1,4.268539560E-1
1.563086725E1,1.491379130E-1,-3.564126447E-1,5.333578688E-1,6.585914565E-1
1.564092325E1,3.422334391E-1,-3.333205283E-1,1.559996206E-1,5.025556517E-1
1.565097925E1,4.069375581E-1,-2.167267558E-1,-1.569848764E-1,4.870450844E-1
1.566103525E1,4.044761726E-1,-1.217109632E-1,-1.889434183E-1,4.627247001E-1
1.567109125E1,3.812305668E-1,-2.308743864E-2,3.073588908E-2,3.831637636E-1
1.568114725E1,3.688914800E-1,4.250911161E-2,-3.104988456E-2,3.726285602E-1
1.569120225E1,1.733719906E-1,-2.792674050E-2,3.170652688E-2,1.784462211E-1
1.570125825E1,2.962477192E-1,-3.369879019E-1,-9.466817558E-2,4.585691013E-1
1.571131425E1,-5.363694772E-1,-3.096147466E-1,1.133985615E-1,6.296131678E-1
1.572137025E1,-5.954748872E-1,-5.036227307E-1,3.718127489E-2,7.807743870E-1
1.573142625E1,3.841813642E-1,-6.579589646E-1,-2.734783691E-1,8.095033897E-1
1.574148225E1,5.715243995E-1,-2.858712503E-1,1.049224377E-1,6.475887807E-1
1.575153725E1,3.604326054E-1,1.085164288E-1,2.634562415E-1,4.594525760E-1
1.576159325E1,2.032699737E-1,1.998220168E-1,6.816333175E-2,2.930763730E-1
1.577164925E1,-2.027682826E-1,3.902073584E-1,-1.762035048E-1,4.737345608E-1
1.578170525E1,-1.560159928E-1,4.683526182E-1,-6.006961584E-1,7.775159418E-1
1.579176125E1,-1.647979259E-1,1.813360445E-1,-7.249541688E-1,7.652448394E-1
1.580181725E1,-3.465764585E-1,-3.418435760E-1,-4.431569660E-1,6.583011230E-1
1.581187325E1,-5.021454316E-1,-6.559464991E-1,8.141780019E-2,8.300871655E-1
1.582192825E1,-4.470474109E-1,-4.286804295E-1,4.093939734E-1,7.424430777E-1
1.583198425E1,-1.922239986E-1,8.575307205E-2,2.318742603E-1,3.131602267E-1
1.584204025E1,-3.297274143E-2,4.379763329E-1,-8.926827192E-2,4.481955982E-1
1.585209625E1,-6.609809518E-2,5.414982162E-1,-3.442349410E-1,6.450480377E-1
1.586215225E1,-6.522686005E-2,4.049427804E-1,-3.772904205E-1,5.572981788E-1
1.587220825E1,6.472312242E-2,4.208533466E-3,-1.390526354E-1,1.534354253E-1
1.588226325E1,3.695563084E-1,-3.761108910E-1,-5.567718744E-3,5.273160977E-1
1.589231925E1,6.559099540E-1,-6.093593931E-1,9.928221345E-2,9.007739426E-1
1.590237525E1,8.327408651E-1,-5.976053202E-1,3.507563406E-1,1.083337195E0
1.591243125E1,7.926529393E-1,-3.993297458E-1,4.529937369E-1,9.964769208E-1
1.592248725E1,8.641360277E-1,-1.423048568E-1,2.908346593E-1,9.228036333E-1
1.593254325E1,1.079876358E0,1.041921204E-1,6.104493141E-2,1.086607303E0
1.594259825E1,1.152161100E0,2.028671005E-1,-6.286341548E-3,1.169901611E0
1.595265425E1,1.110045652E0,1.783783767E-1,2.651642132E-1,1.155133003E0
1.596271025E1,1.040679840E0,8.837218612E-2,5.412428391E-1,1.176336680E0
1.597276625E1,9.790086722E-1,-6.539233625E-2,5.275954378E-1,1.114042676E0
1.598282225E1,9.088043699E-1,-1.470182973E-1,6.203539127E-1,1.110125551E0
1.599287825E1,7.882280588E-1,-2.899116763E-1,9.724995518E-1,1.284954330E0
1.600293425E1,6.181904429E-1,-4.864202222E-1,9.473612022E-1,1.231364001E0
1.601298925E1,5.589523011E-1,-8.475343207E-1,7.313007367E-1,1.251216555E0
1.602304525E1,6.293407908E-1,-1.150996188E0,5.119746011E-1,1.408183244E0
1.603310125E1,7.284262455E-1,-1.208517880E0,5.039247394E-1,1.498352563E0
1.604315725E1,5.915154451E-1,-9.989924088E-1,2.050390488E-1,1.178947567E0
1.605321325E1,1.019976604E-1,-7.083923690E-1,-3.362149000E-2,7.164870381E-1
1.606326925E1,-2.709126109E-1,-6.061274908E-1,-8.028870285E-2,6.687529093E-1
1.607332425E1,-5.110583425E-1,-6.622533059E-1,-3.415270954E-1,9.035490178E-1
1.608338025E1,-5.904474512E-1,-8.179877552E-1,-2.038988417E-1,1.029226359E0
1.609343625E1,-3.161791232E-1,-9.085136171E-1,2.514261800E-1,9.942742853E-1
1.610349225E1,-2.850517631E-1,-9.188861391E-1,1.490794408E-1,9.735660861E-1
1.611354825E1,-4.437823257E-1,-6.858048673E-1,7.042737365E-2,8.198969957E-1
1.612360425E1,-7.252778122E-1,-3.481695324E-1,-1.277651703E-1,8.146004339E-1
1.613365925E1,-6.178387329E-1,-2.215040772E-1,-2.018932468E-1,6.866947205E-1
1.614371525E1,-1.844147497E-1,-2.245360047E-1,-4.156680357E-1,5.071539542E-1
1.615377125E1,3.403956592E-3,-1.671296494E-1,-5.724599540E-1,5.963675927E-1
1.616382725E1,1.965120542E-1,-1.257921736E-1,-3.047393382E-1,3.838055792E-1
1.617388325E1,3.545757419E-1,3.190664783E-2,-6.752949357E-2,3.623564866E-1
1.618393925E1,4.608266670E-1,2.279724133E-1,3.711327177E-1,6.340915804E-1
1.619399425E1,7.050198412E-1,4.759317791E-1,5.364165473E-1,1.005637483E0
1.620405025E1,7.798750189E-1,5.609672517E-1,6.041828531E-1,1.134868372E0
1.621410625E1,7.900871810E-1,3.425376405E-1,5.454773927E-1,1.019370087E0
1.622416225E1,7.547021708E-1,1.435288252E-1,8.972616738E-1,1.181208873E0
1.623421825E1,1.001455841E0,3.945364907E-2,7.939706093E-1,1.278616330E0
1.624427425E1,9.968356633E-1,1.955699216E-1,3.486484194E-1,1.074004029E0
1.625433025E1,1.187294680E0,3.104361342E-1,-4.088484281E-1,1.293520888E0
1.626438525E1,1.035867290E0,3.706946151E-1,-5.285678297E-1,1.220581620E0
1.627444125E1,1.061720461E0,4.586715294E-1,-2.708681720E-1,1.187854990E0
1.628449725E1,1.339798250E0,4.689086884E-1,-3.379117620E-1,1.459150118E0
1.629455325E1,1.148227093E0,1.983147508E-1,-1.323914874E-1,1.172724053E0
1.630460925E1,3.651203182E-1,-3.360498624E-1,-1.348671985E-1,5.142290521E-1
1.631466525E1,2.357281601E-1,-9.133327460E-1,-5.113834476E-1,1.072966682E0
1.632472025E1,5.547197941E-1,-1.018601631E0,-6.637285584E-1,1.336337881E0
1.633477625E1,7.884926453E-1,-5.880717275E-1,-3.846988428E-1,1.056192316E0
1.634483225E1,7.634077978E-1,-1.240684144E-1,-5.530676633E-1,9.508250509E-1
1.635488825E1,1.938591725E-1,-9.041578799E-2,-7.488184100E-1,7.787717282E-1
1.636494425E1,-3.422036183E-1,-3.249527241E-1,-5.310634214E-1,7.104406709E-1
1.637500025E1,-5.340367305E-1,-5.265388459E-1,-4.807452071E-1,8.908166702E-1
1.638505525E1,-4.814290389E-1,-7.151508732E-1,-3.839714491E-1,9.437418952E-1
1.639511125E1,-2.599321246E-2,-6.003804088E-1,-1.064976776E-1,6.103065112E-1
1.640516725E1,3.499120027E-1,-4.033207628E-1,1.218191367E-1,5.476732141E-1
1.641522325E1,4.097538695E-1,-4.077438891E-1,2.358527058E-1,6.243234831E-1
1.642527925E1,1.221842954E-1,-4.791062325E-1,1.323587430E-1,5.118501938E-1
1.643533525E1,-3.015850577E-1,-5.874375969E-1,1.708591497E-1,6.820772143E-1
1.644538950E1,-5.710846889E-1,-5.118421617E-1,3.211828780E-1,8.314316337E-1
1.645544550E1,-6.305461943E-1,-2.035406998E-1,3.461031264E-1,7.475324031E-1
1.646550150E1,-6.388378385E-1,2.088932410E-2,3.247327226E-1,7.169389715E-1
1.647555750E1,-4.931851584E-1,9.040672481E-2,1.322301042E-1,5.185458290E-1
1.648561350E1,-2.096814457E-1,5.432735771E-2,-2.217889827E-1,3.100131018E-1
1.649566950E1,-1.241597772E-2,-7.615018979E-2,-5.289683640E-2,9.354722448E-2
1.650572550E1,-4.108487606E-2,-3.247718990E-1,1.369131392E-1,3.548379364E-1
1.651578050E1,-2.339263406E-1,-4.173672366E-1,2.234747350E-2,4.789742714E-1
1.652583650E1,-3.288979867E-1,-3.109995134E-1,-5.267522693E-2,4.557074309E-1
1.653589250E1,-3.863018569E-1,-2.122204529E-1,-1.761239827E-2,4.411086509E-1
1.654594850E1,-3.991639772E-1,-1.099564518E-1,-7.808722615E-2,4.213311250E-1
1.655600450E1,-2.714999637E-1,-1.309538032E-1,-2.894073540E-1,4.178728819E-1
1.656606050E1,-2.119068959E-1,-3.140947370E-1,-2.625072384E-1,4.609447761E-1
1.657611550E1,-6.370073676E-2,-5.436419517E-1,3.718946099E-2,5.486231963E-1
1.658617150E1,4.480165869E-2,-6.273034747E-1,-1.776717407E-1,6.535167063E-1
1.659622750E1,-2.032120863E-1,-5.380925055E-1,-7.679265261E-1,9.594528888E-1
1.660628350E1,-5.231468761E-1,-3.830161603E-1,-1.017527205E0,1.206542849E0
1.661633950E1,-6.143570083E-1,-2.125505282E-1,-6.770461768E-1,9.386180193E-1
1.662639550E1,-6.422657686E-1,-1.575967875E-1,-1.470457792E-1,6.774692068E-1
1.663645050E1,-8.832061368E-1,-2.049618655E-1,-6.402057946E-2,9.089340356E-1
1.664650650E1,-1.229566248E0,-3.232346660E-1,5.965914130E-2,1.272742323E0
1.665656250E1,-1.324536725E0,-3.437792967E-1,5.341022193E-2,1.369465002E0
1.666661850E1,-1.412500775E0,-2.216566895E-1,-7.940811217E-2,1.431990146E0
1.667667450E1,-1.646964768E0,1.123951793E-2,-6.364635766E-2,1.648232426E0
1.668673050E1,-1.755912721E0,3.877528435E-1,-3.018461359E-1,1.823374027E0
1.669678550E1,-1.691547740E0,5.483255714E-1,-5.007847846E-1,1.847371130E0
1.670684150E1,-1.403395491E0,4.971869928E-1,-3.411645681E-1,1.527451169E0
1.671689750E1,-8.699537149E-1,3.880022272E-1,3.275317848E-2,9.531201210E-1
1.672695350E1,-4.689733002E-1,1.888134639E-1,3.801327521E-1,6.325246158E-1
1.673700950E1,-4.078365675E-1,6.909859389E-2,3.818407238E-1,5.629454856E-1
1.674706550E1,-3.337049827E-1,2.567320897E-1,2.369262546E-1,4.831194795E-1
1.675712050E1,-3.917576015E-1,5.900849238E-1,-1.245433545E-1,7.191559516E-1
1.676717650E1,-4.857322973E-1,6.480749774E-1,-4.057137358E-1,9.058370032E-1
1.677723250E1,-2.950952330E-1,7.844166975E-1,-3.929247057E-1,9.256244250E-1
1.678728850E1,-3.453985369E-1,6.995303290E-1,-9.811569393E-2,7.863011636E-1
1.679734450E1,-7.476840502E-1,2.736974935E-1,1.815244710E-1,8.166351024E-1
1.680740050E1,-1.345647366E0,-4.609184682E-2,-1.547664428E-1,1.355302160E0
1.681745650E1,-1.383670640E0,4.665493369E-2,-6.835804403E-2,1.386143552E0
1.682751150E1,-1.222913871E0,2.339459288E-1,2.520331210E-1,1.270342366E0
1.683756750E1,-1.150285459E0,4.595908579E-1,1.334568501E-2,1.238772982E0
1.684762350E1,-9.600215936E-1,5.825554642E-1,6.498361588E-2,1.124826742E0
1.685767950E1,-1.077548143E0,3.636864348E-1,-9.588088810E-2,1.141302312E0
1.686773550E1,-1.365236416E0,1.106594333E-1,-5.222154146E-1,1.465887076E0
1.687779150E1,-1.332633657E0,1.597756062E-1,-4.933389401E-1,1.429973432E0
1.688784650E1,-1.290202167E0,3.729893549E-1,-4.197248340E-2,1.343690582E0
1.689790250E1,-1.198871582E0,4.930304995E-1,4.221110827E-1,1.363286437E0
1.690795850E1,-1.335812934E0,3.138539779E-1,3.727366090E-1,1.421911774E0
1.691801450E1,-1.450965368E0,2.950246279E-1,1.507295251E-1,1.488307569E0
1.692807050E1,-1.381710507E0,4.795169994E-1,-1.575415313E-1,1.471013193E0
1.693812650E1,-1.260493049E0,7.453548118E-1,-3.995993024E-1,1.517918352E0
1.694818150E1,-1.202208588E0,9.922982240E-1,-5.186117756E-1,1.642838832E0
1.695823750E1,-9.427949654E-1,1.096837230E0,-6.062182689E-1,1.568252163E0
1.696829350E1,-7.482325190E-1,1.145377306E0,-4.614985120E-1,1.443856625E0
1.697834950E1,-6.679442547E-1,1.088260535E0,-1.224950749E-1,1.282757016E0
1.698840550E1,-7.203927559E-1,8.157915410E-1,2.659389693E-1,1.120359360E0
1.699846150E1,-9.618766227E-1,4.691175802E-1,2.206394202E-1,1.092684627E0
1.700851750E1,-1.028610749E0,3.141858074E-1,-1.224979985E-1,1.082477969E0
1.701857250E1,-1.228981819E0,1.927237894E-1,-2.088713139E-1,1.261414284E0
1.702862850E1,-1.388991022E0,-1.862792806E-1,-7.073786080E-2,1.403210559E0
1.703868450E1,-1.327027346E0,-7.339568344E-1,1.762941366E-1,1.526687210E0
1.704874050E1,-1.232087568E0,-1.239523326E0,2.593895030E-1,1.766844861E0
1.705879650E1,-1.253172774E0,-1.391781605E0,1.075893527E-1,1.875919376E0
1.706885250E1,-1.277962337E0,-1.111047280E0,-1.056205952E-1,1.696693697E0
1.707890750E1,-1.197220036E0,-6.495591469E-1,-4.644384921E-1,1.439085131E0
1.708896350E1,-1.141690783E0,-2.135113719E-1,-6.028508574E-1,1.308615339E0
1.709901950E1,-8.745288688E-1,5.744100004E-2,-6.148440814E-1,1.070576226E0
1.710907550E1,-5.182622583E-1,5.228141695E-2,-3.893017709E-1,6.502960740E-1
1.711913150E1,-4.265758704E-1,-3.175359696E-1,-2.157347757E-1,5.738793938E-1
1.712918750E1,-3.832757767E-1,-5.894550325E-1,-1.222149932E-1,7.136484155E-1
1.713924250E1,-1.583637960E-1,-5.444158307E-1,-1.777460003E-1,5.941896408E-1
1.714929850E1,1.868242411E-1,-2.533978611E-1,-4.477353358E-1,5.473396606E-1
1.715935450E1,4.102076134E-1,1.315338470E-1,-6.517259789E-1,7.812286416E-1
1.716941050E1,2.845595737E-1,3.217765166E-1,-6.115117532E-1,7.473024166E-1
1.717946650E1,-2.171799150E-1,2.436587387E-1,-6.548805517E-1,7.317139014E-1
1.718952250E1,-6.419311617E-1,4.455095932E-2,-7.411872089E-1,9.815390379E-1
1.719957750E1,-9.020224768E-1,-2.262299430E-1,-7.951312816E-1,1.223543334E0
1.720963350E1,-8.951441047E-1,-4.133250564E-1,-9.158067030E-1,1.345668045E0
1.721968950E1,-6.259616849E-1,-2.974962460E-1,-7.242653668E-1,1.002443200E0
1.722974550E1,-3.628268941E-1,-1.090812698E-2,-5.678079093E-1,6.739199983E-1
1.723980150E1,-2.757966439E-1,2.443492949E-1,-5.318411011E-1,6.470126146E-1
1.724985750E1,-5.975306220E-1,2.886798142E-1,-1.795919663E-1,6.874824752E-1
1.725991250E1,-1.214082383E0,1.005269395E-1,3.961780965E-2,1.218881154E0
1.726996850E1,-1.598065380E0,-1.294848365E-1,-2.145647478E-1,1.617596153E0
1.728002450E1,-1.651597663E0,-2.902489145E-1,-5.185661674E-1,1.755257856E0
1.729008050E1,-1.454860052E0,-4.604473288E-1,-4.594432157E-1,1.593649140E0
1.730013650E1,-1.341331244E0,-7.233423838E-1,-6.490526319E-2,1.525321738E0
1.731019250E1,-1.549035892E0,-9.731412837E-1,1.026934791E-1,1.832228726E0
1.732024850E1,-1.741806898E0,-1.081090533E0,-1.025525612E-1,2.052599580E0
1.733030350E1,-1.806579137E0,-1.067375888E0,-3.939631712E-1,2.135000338E0
1.734035950E1,-1.808324238E0,-9.579415928E-1,-4.022410744E-1,2.085542262E0
1.735041550E1,-1.731238056E0,-9.960050663E-1,-3.974872881E-1,2.036469357E0
1.736047150E1,-1.710386885E0,-1.237237503E0,-3.236626822E-1,2.135635143E0
1.737052750E1,-1.849025976E0,-1.614196533E0,-1.634799635E-1,2.459929512E0
1.738058350E1,-2.027851810E0,-1.921609071E0,-2.566342950E-2,2.793818713E0
1.739063850E1,-2.111451499E0,-2.018354324E0,6.255000472E-2,2.921625252E0
1.740069450E1,-2.141741246E0,-1.998391345E0,1.079711759E-1,2.931259338E0
1.741075050E1,-2.024694899E0,-1.899397692E0,-5.482407868E-2,2.776707890E0
1.742080650E1,-1.689533667E0,-1.756524632E0,-2.886571562E-1,2.454226100E0
1.743086250E1,-1.343745998E0,-1.666285138E0,-3.745790666E-1,2.173124236E0
1.744091937E1,-9.958372512E-1,-1.682452396E0,-3.826072937E-1,1.992166218E0
1.745097437E1,-7.630055094E-1,-1.639613356E0,-4.359947115E-1,1.860269000E0
1.746103037E1,-7.960905173E-1,-1.540254544E0,-4.685707194E-1,1.796024134E0
1.747108637E1,-9.986734432E-1,-1.481882667E0,-5.855045074E-1,1.880462819E0
1.748114237E1,-1.255109518E0,-1.409491360E0,-8.672251117E-1,2.077027970E0
1.749119837E1,-1.577532590E0,-1.425345354E0,-1.034204634E0,2.364275296E0
1.750125437E1,-2.016783031E0,-1.750555063E0,-7.562701017E-1,2.775572246E0
1.751130937E1,-2.273069417E0,-2.219095231E0,-7.778053969E-1,3.270505994E0
1.752136537E1,-2.243668447E0,-2.468718422E0,-1.002227381E0,3.483256877E0
1.753142137E1,-1.900308542E0,-2.459667517E0,-1.128065894E0,3.306609972E0
1.754147737E1,-1.475693682E0,-2.481987801E0,-1.152532983E0,3.109062168E0
1.755153337E1,-1.130638376E0,-2.653982480E0,-1.151812021E0,3.106225535E0
1.756158937E1,-9.630013347E-1,-2.765332469E0,-9.348545927E-1,3.073823083E0
1.757164437E1,-9.067768478E-1,-2.782822661E0,-8.851117444E-1,3.057739200E0
1.758170037E1,-8.105267081E-1,-2.743961481E0,-7.351996601E-1,2.954115213E0
1.759175637E1,-1.135246567E0,-2.845394885E0,-4.197897381E-1,3.092131990E0
1.760181238E1,-1.556870576E0,-2.968962924E0,-5.848303235E-1,3.403030024E0
1.761186837E1,-1.584643974E0,-2.852778164E0,-8.433164316E-1,3.370552237E0
1.762192437E1,-1.537740533E0,-2.589104406E0,-5.336601698E-1,3.058251257E0
1.763198037E1,-1.601387183E0,-2.438713289E0,-1.567755461E-1,2.921701899E0
1.764203537E1,-1.490847033E0,-2.518050796E0,-5.051742893E-1,2.969580063E0
1.765209137E1,-1.156914009E0,-2.659167206E0,-1.217017831E0,3.144956702E0
1.766214737E1,-8.489481774E-1,-2.770888494E0,-1.519069789E0,3.272019113E0
1.767220337E1,-6.543160030E-1,-2.938867890E0,-1.612198393E0,3.415297580E0
1.768225937E1,-7.236326981E-1,-2.922341904E0,-1.124436527E0,3.213733652E0
1.769231537E1,-1.565172453E0,-2.815197524E0,-9.915474415E-2,3.222566302E0
1.770237037E1,-2.250125235E0,-3.162791983E0,-3.940245670E-1,3.901483316E0
1.771242637E1,-2.066825549E0,-3.322472718E0,-6.935774249E-1,3.973869960E0
1.772248237E1,-1.460164939E0,-3.209850959E0,-7.995541155E-1,3.615869413E0
1.773253837E1,-1.020374799E0,-3.122861932E0,-1.040345380E0,3.446120991E0
1.774259437E1,-1.073407291E0,-2.952251582E0,-1.186305916E0,3.357873485E0
1.775265037E1,-1.405062532E0,-2.810753641E0,-1.383649444E0,3.433514603E0
1.776270537E1,-1.560387092E0,-2.586732191E0,-1.481578027E0,3.364678997E0
1.777276137E1,-1.543166165E0,-2.568184238E0,-1.485263527E0,3.344090285E0
1.778281737E1,-1.657902569E0,-2.782499017E0,-1.297991243E0,3.489372863E0
1.779287337E1,-2.018042814E0,-3.042331447E0,-9.344464570E-1,3.768483463E0
1.780292937E1,-2.261014505E0,-3.068945634E0,-4.092846304E-1,3.833813741E0
1.781298537E1,-2.352350060E0,-3.174484076E0,3.544120198E-1,3.966926749E0
1.782304137E1,-2.365572076E0,-3.504799135E0,8.430679250E-1,4.311648380E0
1.783309637E1,-2.121784699E0,-3.970938290E0,1.060752747E0,4.625528899E0
1.784315237E1,-1.524875197E0,-4.455248252E0,1.064158750E0,4.827723604E0
1.785320837E1,-1.018765646E0,-4.339424558E0,5.886169803E-1,4.496104857E0
1.786326437E1,-8.343859792E-1,-3.786788127E0,-3.039213127E-1,3.889515708E0
1.787332037E1,-9.504763064E-1,-3.340852564E0,-1.122496421E0,3.650301258E0
1.788337637E1,-1.375491116E0,-3.084166228E0,-1.283724622E0,3.612756017E0
1.789343137E1,-1.901404603E0,-3.177643911E0,-1.178644309E0,3.886124380E0
1.790348737E1,-2.183915458E0,-3.519395247E0,-6.032204014E-1,4.185630715E0
1.791354337E1,-2.209083921E0,-4.049805534E0,2.383541447E-1,4.619284505E0
1.792359937E1,-2.022708892E0,-4.409344685E0,4.911064732E-1,4.875946819E0
1.793365537E1,-1.782747055E0,-4.346524247E0,1.560680330E-2,4.697946750E0
1.794371138E1,-1.742683103E0,-4.012458783E0,-5.955242962E-1,4.414908728E0
1.795376637E1,-1.757794355E0,-3.676875967E0,-7.644100106E-1,4.146514264E0
1.796382237E1,-1.464700624E0,-3.642508957E0,-1.226423662E0,4.113068735E0
1.797387837E1,-9.761525998E-1,-3.484443516E0,-1.489098131E0,3.913008274E0
1.798393437E1,-6.766228384E-1,-3.465410536E0,-1.366921729E0,3.786207029E0
1.799399037E1,-6.856345671E-1,-3.739385042E0,-1.277891439E0,4.010748282E0
1.800404637E1,-7.511341998E-1,-3.721645466E0,-1.306736339E0,4.015271774E0
1.801410137E1,-1.056629583E0,-3.649922057E0,-1.496212438E0,4.083754248E0
1.802415737E1,-1.388139813E0,-3.736191292E0,-1.318206822E0,4.198062260E0
1.803421337E1,-1.708860761E0,-4.083579344E0,-8.173775983E-1,4.501547679E0
1.804426937E1,-1.651316850E0,-4.745643785E0,-4.950434035E-1,5.049064294E0
1.805432537E1,-8.929095912E-1,-5.313516891E0,-3.562977469E-1,5.399786790E0
1.806438137E1,-6.621562421E-2,-5.647535577E0,-9.527307004E-1,5.727716682E0
1.807443638E1,3.879835162E-1,-5.187544477E0,-1.112764315E0,5.319717411E0
1.808449237E1,6.760349008E-1,-4.296443137E0,-1.089619866E0,4.483717015E0
1.809454837E1,7.445639759E-2,-3.309177904E0,-8.011083055E-1,3.405580226E0
1.810460437E1,-1.114023805E0,-2.852176778E0,-9.467694640E-1,3.205048179E0
1.811466037E1,-1.454203702E0,-3.051169513E0,-1.252250814E0,3.604507721E0
1.812471637E1,-1.244107981E0,-3.584468618E0,-1.023201343E0,3.929778738E0
1.813477137E1,-7.520431495E-1,-4.212230076E0,-6.749686611E-1,4.331747200E0
1.814482737E1,-9.866913289E-2,-4.750331790E0,-3.410014307E-1,4.763577405E0
1.815488337E1,4.188424891E-1,-4.983973664E0,-1.803655529E-1,5.004793127E0
1.816493937E1,8.746469826E-1,-4.625484965E0,-2.708903915E-1,4.715241257E0
1.817499537E1,1.244065881E0,-3.932095529E0,-1.122788197E-1,4.125734080E0
1.818505137E1,1.113774714E0,-3.476084044E0,3.171611631E-1,3.663911243E0
1.819510637E1,6.807661754E-1,-3.264870920E0,1.309250057E-2,3.335115609E0
1.820516237E1,-2.965415418E-3,-2.942004921E0,-6.940633285E-1,3.022767879E0
1.821521837E1,-5.821938139E-1,-2.757960592E0,-5.801829565E-1,2.877830525E0
1.822527437E1,-9.651472628E-1,-3.121051927E0,1.787219006E-1,3.271760365E0
1.823533037E1,-1.269670839E0,-3.791043730E0,5.134112620E-1,4.030839581E0
1.824538637E1,-1.245726783E0,-3.921850037E0,5.360434949E-2,4.115290556E0
1.825544237E1,-1.124856649E0,-3.526080369E0,-5.393477565E-1,3.740246148E0
1.826549737E1,-1.148437593E0,-3.404752398E0,-7.142368072E-1,3.663520440E0
1.827555337E1,-9.385582191E-1,-3.656912111E0,-6.202796531E-1,3.826048166E0
1.828560937E1,-4.609696314E-1,-3.858198125E0,-2.987547129E-1,3.897106638E0
1.829566537E1,-1.460491213E-1,-3.905222310E0,2.896260399E-1,3.918670040E0
1.830572137E1,-3.711812496E-2,-3.846946912E0,3.223669392E-1,3.860608598E0
1.831577737E1,-1.647447163E-1,-3.491059932E0,-4.684338945E-1,3.526197752E0
1.832583237E1,-7.259174976E-1,-2.947955632E0,-1.157355766E0,3.249133883E0
1.833588837E1,-1.437636201E0,-2.603915111E0,-1.468608903E0,3.317225326E0
1.834594437E1,-2.133856860E0,-2.597838977E0,-1.768038384E0,3.798430226E0
1.835600037E1,-2.791228033E0,-2.907055528E0,-1.698190470E0,4.373302716E0
1.836605637E1,-3.210553502E0,-3.525927464E0,-1.186143948E0,4.913934853E0
1.837611237E1,-3.010650063E0,-4.173762998E0,-6.957069808E-1,5.193103077E0
1.838616737E1,-2.440843868E0,-4.577629598E0,-4.991943419E-1,5.211679817E0
1.839622337E1,-1.826910490E0,-4.746961163E0,-2.683111846E-2,5.086448872E0
1.840627937E1,-1.193355027E0,-4.612185181E0,2.669060987E-1,4.771539294E0
1.841633538E1,-7.191715649E-1,-4.277668897E0,1.041354024E-1,4.338951845E0
1.842639137E1,-4.652568099E-1,-4.010735024E0,-4.828390950E-1,4.066398028E0
1.843644737E1,-4.132455343E-1,-3.922367224E0,-1.096462862E0,4.093649633E0
1.844650179E1,-4.290368173E-1,-3.915695550E0,-9.928326595E-1,4.062322110E0
1.845655779E1,-2.280566132E-1,-4.046048406E0,-5.123119855E-1,4.084725339E0
1.846661379E1,-2.159142852E-2,-4.185185241E0,6.562447071E-2,4.185755400E0
1.847666979E1,-8.006767809E-2,-4.351305515E0,5.527419734E-1,4.387002873E0
1.848672579E1,-4.311535093E-1,-4.435929051E0,6.012212384E-1,4.497202116E0
1.849678179E1,-7.658680138E-1,-4.248710269E0,2.704009795E-1,4.325645554E0
1.850683679E1,-8.813829750E-1,-3.837306023E0,-1.505862683E-1,3.940105289E0
1.851689279E1,-8.531955948E-1,-3.509121397E0,-4.149324560E-1,3.635112742E0
1.852694879E1,-7.711948273E-1,-3.468850161E0,-5.762963122E-1,3.599969491E0
1.853700479E1,-8.534923410E-1,-3.518509394E0,-6.682420242E-1,3.681698648E0
1.854706079E1,-1.095890712E0,-3.645266212E0,-5.992863947E-1,3.853321475E0
1.855711679E1,-1.205319599E0,-3.842166521E0,-4.321723866E-1,4.049915047E0
1.856717179E1,-1.123911447E0,-3.935220865E0,-3.106491190E-1,4.104344415E0
1.857722779E1,-8.758570638E-1,-3.936351424E0,-2.371273988E-1,4.039581357E0
1.858728379E1,-6.826747066E-1,-3.813313143E0,-2.862773395E-1,3.884502104E0
1.859733979E1,-5.881214288E-1,-3.513257717E0,-5.800005233E-1,3.609053506E0
1.860739579E1,-6.554208344E-1,-3.249072036E0,-9.368338752E-1,3.444372696E0
1.861745179E1,-8.212841231E-1,-3.064079581E0,-1.207886819E0,3.394419222E0
1.862750679E1,-7.589077806E-1,-3.058779372E0,-1.211540160E0,3.376374065E0
1.863756279E1,-5.445696124E-1,-3.203558771E0,-1.096599103E0,3.429558930E0
1.864761879E1,-3.235530469E-1,-3.192877954E0,-9.347171831E-1,3.342581699E0
1.865767479E1,-2.143434307E-1,-3.048362850E0,-8.304601586E-1,3.166721214E0
1.866773079E1,-4.215172979E-1,-3.043293314E0,-7.990448231E-1,3.174552513E0
1.867778679E1,-7.761018106E-1,-3.163678129E0,-7.559759867E-1,3.344053381E0
1.868784179E1,-1.127369198E0,-3.302382270E0,-6.338182962E-1,3.546606209E0
1.869789779E1,-1.390182246E0,-3.540231800E0,-5.349722850E-1,3.840838869E0
1.870795379E1,-1.394822304E0,-3.577675030E0,-5.950161731E-1,3.885785909E0
1.871800979E1,-1.091232820E0,-3.418386059E0,-5.881252295E-1,3.636212810E0
1.872806579E1,-6.796329850E-1,-3.242433107E0,-5.106238943E-1,3.352015843E0
1.873812179E1,-4.304901427E-1,-3.076356980E0,-5.026985782E-1,3.146744332E0
1.874817779E1,-5.008955893E-1,-3.055309342E0,-4.797365624E-1,3.133043047E0
1.875823279E1,-6.674874410E-1,-3.154512326E0,-4.881325793E-1,3.261098115E0
1.876828879E1,-7.638010231E-1,-3.242886851E0,-3.759075540E-1,3.352762088E0
1.877834479E1,-8.657609689E-1,-3.332921985E0,-3.113993168E-1,3.457583050E0
1.878840079E1,-9.399668133E-1,-3.314869584E0,-4.419284660E-1,3.473787376E0
1.879845679E1,-9.402249679E-1,-3.149496292E0,-5.538494360E-1,3.333181525E0
1.880851279E1,-9.139665842E-1,-3.017146027E0,-5.034382510E-1,3.192484164E0
1.881856779E1,-8.971730885E-1,-3.008270246E0,-4.254235303E-1,3.167900662E0
1.882862379E1,-9.561697403E-1,-3.090282416E0,-4.401532513E-1,3.264634875E0
1.883867979E1,-1.080436521E0,-3.172492514E0,-4.456127965E-1,3.380920377E0
1.884873579E1,-1.078505771E0,-3.201461082E0,-5.093258125E-1,3.416422184E0
1.885879179E1,-9.554391307E-1,-3.145172861E0,-5.722172946E-1,3.336526470E0
1.886884779E1,-1.012171156E0,-3.115885327E0,-6.352415085E-1,3.337178987E0
1.887890279E1,-1.084173185E0,-3.058186172E0,-7.087608898E-1,3.321185956E0
1.888895879E1,-9.825859988E-1,-3.006304412E0,-7.273281384E-1,3.245357867E0
1.889901479E1,-8.652981618E-1,-3.025358734E0,-6.663399249E-1,3.216449172E0
1.890907079E1,-8.354080725E-1,-3.066377244E0,-5.452160221E-1,3.224567655E0
1.891912679E1,-8.796580464E-1,-3.147291307E0,-4.592227757E-1,3.300019152E0
1.892918279E1,-9.068920380E-1,-3.150558731E0,-5.401447320E-1,3.322684128E0
1.893923779E1,-8.034708729E-1,-2.981160216E0,-6.301842517E-1,3.151192452E0
1.894929379E1,-6.948120645E-1,-2.891209574E0,-5.885088068E-1,3.031204252E0
1.895934979E1,-8.497086078E-1,-3.018029249E0,-4.582872212E-1,3.168679922E0
1.896940579E1,-1.141309545E0,-3.132867395E0,-5.531963021E-1,3.379862681E0
1.897946179E1,-1.226692927E0,-3.036868978E0,-7.991477340E-1,3.371347776E0
1.898951779E1,-1.056836574E0,-2.830495887E0,-9.017499965E-1,3.153056227E0
1.899957279E1,-8.720093036E-1,-2.785863798E0,-8.374323785E-1,3.036894847E0
1.900962879E1,-8.161508524E-1,-2.874956361E0,-6.853989244E-1,3.066145459E0
1.901968479E1,-7.764096665E-1,-2.988123080E0,-5.502604151E-1,3.135997136E0
1.902974079E1,-7.646883380E-1,-2.949380014E0,-5.888578856E-1,3.103279609E0
1.903979679E1,-8.271383554E-1,-2.852415929E0,-6.935633916E-1,3.049830269E0
1.904985279E1,-9.874391878E-1,-2.813782498E0,-7.219042611E-1,3.068151538E0
1.905990779E1,-1.105878341E0,-2.905905966E0,-5.532746547E-1,3.158064159E0
1.906996379E1,-1.080836471E0,-3.171861015E0,-3.795006680E-1,3.372377578E0
1.908001979E1,-9.973595738E-1,-3.271885825E0,-3.836293870E-1,3.441966658E0
1.909007579E1,-8.766838601E-1,-3.135364741E0,-4.012113798E-1,3.280252616E0
1.910013179E1,-7.475305608E-1,-2.918591500E0,-5.270668495E-1,3.058558116E0
1.911018779E1,-7.304204383E-1,-2.769863769E0,-6.476270807E-1,2.936848677E0
1.912024279E1,-7.525337309E-1,-2.864733381E0,-5.087405062E-1,3.005298864E0
1.913029879E1,-8.021663591E-1,-3.120783539E0,-3.441940105E-1,3.240560181E0
1.914035479E1,-9.239463195E-1,-3.239695441E0,-3.288433152E-1,3.384884234E0
1.915041079E1,-9.273482296E-1,-3.189139829E0,-3.256571674E-1,3.337160497E0
1.916046679E1,-7.721947011E-1,-3.078286561E0,-3.006410247E-1,3.187870423E0
1.917052279E1,-6.556605703E-1,-2.999148882E0,-3.549066943E-1,3.090427731E0
1.918057779E1,-5.872411305E-1,-2.951701943E0,-5.016297072E-1,3.051070119E0
1.919063379E1,-5.874878830E-1,-2.850860862E0,-5.472958767E-1,2.961770154E0
1.920068979E1,-6.109220615E-1,-2.760502669E0,-5.217768735E-1,2.875039453E0
1.921074579E1,-6.969702718E-1,-2.785192830E0,-5.124961728E-1,2.916456580E0
1.922080179E1,-7.542168519E-1,-2.916779448E0,-4.528311843E-1,3.046555676E0
1.923085779E1,-7.364948183E-1,-3.044478837E0,-4.081397456E-1,3.158774138E0
1.924091279E1,-6.726540408E-1,-2.983219605E0,-4.420740616E-1,3.089901640E0
1.925096879E1,-6.227194038E-1,-2.788081647E0,-4.634041196E-1,2.894118536E0
1.926102479E1,-5.917294532E-1,-2.700703195E0,-5.290584111E-1,2.814932378E0
1.927108079E1,-5.787477574E-1,-2.729350458E0,-5.840444577E-1,2.850510624E0
1.928113679E1,-5.996734804E-1,-2.783029652E0,-5.974199635E-1,2.908912673E0
1.929119279E1,-7.009946179E-1,-2.742532129E0,-6.616194677E-1,2.906994368E0
1.930124779E1,-6.800794199E-1,-2.680200518E0,-6.342913359E-1,2.836954059E0
1.931130379E1,-5.889654744E-1,-2.648695720E0,-5.693544978E-1,2.772477933E0
1.932135979E1,-5.940426117E-1,-2.602500670E0,-6.054961377E-1,2.737247145E0
1.933141579E1,-7.065716922E-1,-2.593460290E0,-6.112375188E-1,2.756608629E0
1.934147179E1,-7.959577855E-1,-2.637031402E0,-6.921863723E-1,2.840176999E0
1.935152779E1,-7.518703642E-1,-2.644565247E0,-7.131603348E-1,2.840357733E0
1.936158279E1,-6.789196247E-1,-2.659471261E0,-6.269834858E-1,2.815462224E0
1.937163879E1,-6.212757263E-1,-2.625291070E0,-5.883111709E-1,2.761203861E0
1.938169479E1,-5.977757666E-1,-2.581098691E0,-5.317393595E-1,2.702249631E0
1.939175079E1,-6.038165250E-1,-2.651448297E0,-4.506659603E-1,2.756423820E0
1.940180679E1,-5.834916034E-1,-2.742031023E0,-3.112391031E-1,2.820649989E0
1.941186279E1,-5.208635384E-1,-2.852684024E0,-2.566185075E-1,2.911178116E0
1.942191779E1,-6.032505146E-1,-2.848780423E0,-4.215900958E-1,2.942311895E0
1.943197379E1,-7.081744140E-1,-2.684092132E0,-6.219578040E-1,2.844765910E0
1.944203050E1,-7.477068543E-1,-2.598630690E0,-6.212748492E-1,2.774514271E0
1.945208650E1,-6.771932343E-1,-2.602024122E0,-6.171092927E-1,2.758612710E0
1.946214250E1,-5.494745493E-1,-2.632452739E0,-6.036618662E-1,2.756109097E0
1.947219850E1,-4.665046057E-1,-2.723351507E0,-5.372690713E-1,2.814769624E0
1.948225350E1,-4.645434496E-1,-2.825742978E0,-4.538217026E-1,2.899409963E0
1.949230950E1,-4.377135006E-1,-2.832924236E0,-3.653778881E-1,2.889732485E0
1.950236550E1,-3.899636757E-1,-2.789692554E0,-3.576431912E-1,2.839430378E0
1.951242150E1,-3.167711538E-1,-2.759443738E0,-3.919949985E-1,2.805090692E0
1.952247750E1,-3.366265440E-1,-2.835135068E0,-2.523248971E-1,2.866177967E0
1.953253350E1,-5.010274440E-1,-2.808427033E0,-3.505323923E-1,2.874224045E0
1.954258850E1,-5.532878110E-1,-2.599527068E0,-5.445435923E-1,2.712968135E0
1.955264450E1,-4.949051169E-1,-2.505613183E0,-6.045500582E-1,2.624596973E0
1.956270050E1,-4.985350683E-1,-2.542742418E0,-5.164646780E-1,2.642122628E0
1.957275650E1,-4.934900907E-1,-2.608291460E0,-3.800795424E-1,2.681637050E0
1.958281250E1,-4.746436375E-1,-2.597036739E0,-4.183945924E-1,2.673002140E0
1.959286850E1,-4.891727990E-1,-2.572512055E0,-4.801283258E-1,2.662260601E0
1.960292350E1,-5.424938509E-1,-2.555518584E0,-5.827931535E-1,2.676681280E0
1.961297950E1,-6.382876155E-1,-2.502737523E0,-6.183816469E-1,2.655843002E0
1.962303550E1,-7.265720934E-1,-2.477359730E0,-6.795400143E-1,2.669642835E0
1.963309150E1,-7.753770483E-1,-2.434726949E0,-6.302029628E-1,2.631778991E0
1.964314750E1,-7.821723899E-1,-2.506575927E0,-5.274323004E-1,2.678227279E0
1.965320350E1,-7.496498841E-1,-2.618247514E0,-4.080204624E-1,2.753847434E0
1.966325850E1,-6.597872427E-1,-2.763119883E0,-2.985868979E-1,2.856449690E0
1.967331450E1,-6.296325669E-1,-2.887024429E0,-3.571847695E-1,2.976395166E0
1.968337050E1,-6.248907673E-1,-2.856885541E0,-4.163153225E-1,2.953912983E0
1.969342650E1,-5.898387560E-1,-2.843976643E0,-3.629688352E-1,2.927090583E0
1.970348250E1,-5.537047175E-1,-2.839041008E0,-3.482940781E-1,2.913426080E0
1.971353850E1,-5.094562054E-1,-2.823300596E0,-3.719846570E-1,2.892912799E0
1.972359350E1,-5.202282384E-1,-2.799835135E0,-3.910524273E-1,2.874480162E0
1.973364950E1,-5.835600159E-1,-2.789686415E0,-4.321437353E-1,2.882644757E0
1.974370550E1,-6.057902527E-1,-2.775684965E0,-4.343487203E-1,2.874033344E0
1.975376150E1,-5.678175572E-1,-2.731886981E0,-4.129853332E-1,2.820670158E0
1.976381750E1,-5.266996443E-1,-2.710458689E0,-3.849438411E-1,2.787863085E0
1.977387350E1,-4.418647313E-1,-2.670861345E0,-4.178472930E-1,2.739222723E0
1.978392850E1,-3.957433560E-1,-2.588201011E0,-4.475359458E-1,2.656254073E0
1.979398450E1,-3.785557580E-1,-2.519728070E0,-5.145087844E-1,2.599433264E0
1.980404050E1,-4.212354621E-1,-2.567465031E0,-5.392740816E-1,2.657090991E0
1.981409650E1,-4.516392294E-1,-2.658586577E0,-4.918432224E-1,2.741162224E0
1.982415250E1,-5.128800425E-1,-2.703546111E0,-3.736242163E-1,2.777013246E0
1.983420850E1,-5.599507132E-1,-2.725838036E0,-3.361271918E-1,2.802983997E0
1.984426350E1,-5.746131912E-1,-2.677235979E0,-4.043033874E-1,2.767893430E0
1.985431950E1,-5.312476087E-1,-2.679366120E0,-4.108604550E-1,2.762251462E0
1.986437550E1,-4.263014898E-1,-2.720320896E0,-4.192354220E-1,2.785253503E0
1.987443150E1,-2.893553138E-1,-2.701397844E0,-4.131601650E-1,2.748086267E0
1.988448750E1,-3.238921854E-1,-2.602153637E0,-4.523014265E-1,2.660955896E0
1.989454350E1,-5.042980841E-1,-2.554691203E0,-5.965422964E-1,2.671446502E0
1.990459850E1,-6.377379772E-1,-2.536281829E0,-6.628456289E-1,2.697925050E0
1.991465450E1,-6.436132595E-1,-2.535137529E0,-6.007762653E-1,2.683671448E0
1.992471050E1,-5.777236176E-1,-2.575575996E0,-4.996328831E-1,2.686445478E0
1.993476650E1,-5.145915225E-1,-2.658768134E0,-3.565298814E-1,2.731476886E0
1.994482250E1,-4.312926731E-1,-2.686847633E0,-4.135501742E-1,2.752487478E0
1.995487850E1,-3.958412969E-1,-2.629091760E0,-5.256740427E-1,2.710193169E0
1.996493350E1,-4.760911158E-1,-2.514731624E0,-5.846303487E-1,2.625324844E0
1.997498950E1,-5.872677353E-1,-2.479794218E0,-5.758928543E-1,2.612645276E0
1.998504550E1,-6.811950687E-1,-2.579870483E0,-4.737180233E-1,2.710012398E0
1.999510150E1,-7.508012009E-1,-2.702710252E0,-4.429435426E-1,2.839814101E0
2.000515750E1,-6.937376386E-1,-2.665811105E0,-4.608178961E-1,2.792879140E0
2.001521350E1,-5.972582880E-1,-2.611173552E0,-4.557290643E-1,2.717100249E0
2.002526850E1,-5.926331404E-1,-2.553289626E0,-5.532436645E-1,2.678914053E0
2.003532450E1,-5.298261505E-1,-2.514303900E0,-6.429376137E-1,2.648737176E0
2.004538050E1,-4.469015229E-1,-2.460844561E0,-7.216148239E-1,2.603114458E0
2.005543650E1,-4.474906299E-1,-2.454603828E0,-6.927395189E-1,2.589443156E0
2.006549250E1,-5.147315633E-1,-2.534476794E0,-5.877784896E-1,2.652169820E0
2.007554850E1,-5.539538088E-1,-2.588517931E0,-4.673311096E-1,2.688064037E0
2.008560350E1,-5.974532926E-1,-2.633252639E0,-3.733189917E-1,2.725864444E0
2.009565950E1,-5.981447259E-1,-2.669712075E0,-2.994610566E-1,2.752238471E0
2.010571550E1,-5.402160680E-1,-2.725985970E0,-2.318187118E-1,2.788650718E0
2.011577150E1,-5.687151048E-1,-2.804882451E0,-3.701287508E-1,2.885792392E0
2.012582750E1,-6.546726832E-1,-2.660966102E0,-5.467251885E-1,2.794323773E0
2.013588250E1,-6.354245263E-1,-2.507619948E0,-5.830235338E-1,2.651761409E0
2.014593850E1,-5.263514426E-1,-2.532252221E0,-5.462416238E-1,2.643430926E0
2.015599450E1,-3.866152677E-1,-2.585494920E0,-5.268078178E-1,2.666792422E0
2.016605050E1,-3.226198313E-1,-2.582326899E0,-5.193859470E-1,2.653725217E0
2.017610650E1,-4.393285015E-1,-2.597019782E0,-4.739209217E-1,2.676214177E0
2.018616250E1,-6.220694858E-1,-2.605712545E0,-5.413334709E-1,2.733084382E0
2.019621750E1,-7.544068864E-1,-2.556041910E0,-6.414348793E-1,2.741152805E0
2.020627350E1,-7.674143100E-1,-2.556197154E0,-6.652745622E-1,2.750574277E0
2.021632950E1,-6.684516469E-1,-2.654771562E0,-5.636581403E-1,2.795058165E0
2.022638550E1,-5.598919487E-1,-2.696084479E0,-4.386528558E-1,2.788326889E0
2.023644150E1,-5.014943442E-1,-2.662879311E0,-4.340019804E-1,2.744226762E0
2.024649750E1,-5.286838970E-1,-2.585748689E0,-5.337601572E-1,2.692675779E0
2.025655250E1,-5.856103420E-1,-2.510540047E0,-5.749456054E-1,2.641271143E0
2.026660850E1,-5.905623490E-1,-2.513877638E0,-5.536231488E-1,2.640992855E0
2.027666450E1,-6.152846691E-1,-2.552625382E0,-5.098070383E-1,2.674766304E0
2.028672050E1,-6.538371161E-1,-2.578001713E0,-4.635888916E-1,2.699724147E0
2.029677650E1,-7.110176226E-1,-2.525265675E0,-4.509875572E-1,2.661935868E0
2.030683250E1,-7.040468645E-1,-2.513209886E0,-4.572914404E-1,2.649721000E0
2.031688750E1,-7.053300360E-1,-2.524932092E0,-4.015540266E-1,2.652172348E0
2.032694350E1,-6.924924740E-1,-2.589517512E0,-2.152418554E-1,2.689140351E0
2.033699950E1,-7.271752337E-1,-2.684845254E0,-2.446586126E-1,2.792317262E0
2.034705550E1,-6.975772128E-1,-2.699213909E0,-4.470734310E-1,2.823516309E0
2.035711150E1,-5.375845286E-1,-2.573452872E0,-4.797178513E-1,2.672412024E0
2.036716750E1,-5.079932320E-1,-2.459668102E0,-5.233082592E-1,2.565516679E0
2.037722250E1,-5.502487206E-1,-2.476679114E0,-5.466953677E-1,2.595301314E0
2.038727850E1,-6.017451489E-1,-2.556330470E0,-4.929834294E-1,2.672069490E0
2.039733450E1,-6.456513065E-1,-2.607292463E0,-4.259047562E-1,2.719601893E0
2.040739050E1,-6.146370900E-1,-2.600196574E0,-3.643657351E-1,2.696583647E0
2.041744650E1,-5.573016322E-1,-2.526504115E0,-4.282950979E-1,2.622450161E0
2.042750250E1,-5.113167894E-1,-2.473027235E0,-5.188941962E-1,2.578092270E0
2.043755750E1,-4.853595373E-1,-2.415748788E0,-5.120775121E-1,2.516672300E0
2.044761304E1,-5.021951330E-1,-2.328199305E0,-5.283415425E-1,2.439642749E0
2.045766904E1,-5.624235007E-1,-2.414763824E0,-4.636450249E-1,2.522374126E0
2.046772504E1,-6.519627911E-1,-2.554598817E0,-3.995115942E-1,2.666578353E0
2.047778104E1,-6.534912533E-1,-2.553529654E0,-4.299381655E-1,2.670657473E0
2.048783704E1,-6.037598071E-1,-2.373441844E0,-4.844769001E-1,2.496491529E0
2.049789204E1,-5.589838761E-1,-2.263805381E0,-4.907626569E-1,2.382881819E0
2.050794804E1,-5.621676850E-1,-2.277510377E0,-5.151905698E-1,2.401771710E0
2.051800404E1,-5.573530877E-1,-2.292306756E0,-5.682827032E-1,2.426573296E0
2.052806004E1,-5.510334170E-1,-2.294947944E0,-5.987864578E-1,2.434947456E0
2.053811604E1,-5.471365401E-1,-2.264450621E0,-5.997044706E-1,2.405564479E0
2.054817204E1,-6.328114057E-1,-2.337911969E0,-5.140322363E-1,2.475987033E0
2.055822704E1,-7.450998732E-1,-2.420837620E0,-4.462817180E-1,2.571924566E0
2.056828304E1,-7.668523926E-1,-2.364580388E0,-4.435422975E-1,2.525080746E0
2.057833904E1,-6.830120909E-1,-2.314504395E0,-4.107856107E-1,2.447893161E0
2.058839504E1,-5.838120309E-1,-2.301235601E0,-4.596864599E-1,2.418229398E0
2.059845104E1,-5.172163376E-1,-2.288424790E0,-5.420988715E-1,2.407960121E0
2.060850704E1,-4.486200196E-1,-2.245814229E0,-5.591785884E-1,2.357460958E0
2.061856204E1,-4.379994294E-1,-2.230034494E0,-4.750628829E-1,2.321762712E0
2.062861804E1,-5.087191638E-1,-2.304108484E0,-4.145868856E-1,2.395744849E0
2.063867404E1,-6.608640075E-1,-2.305510062E0,-4.597659820E-1,2.442028386E0
2.064873004E1,-7.412135214E-1,-2.274491314E0,-5.230311012E-1,2.448728191E0
2.065878604E1,-7.200767139E-1,-2.205616229E0,-5.563994068E-1,2.385965994E0
2.066884204E1,-5.889610890E-1,-2.167217857E0,-5.376532334E-1,2.309281144E0
2.067889704E1,-5.092977458E-1,-2.179920786E0,-5.345056772E-1,2.301550596E0
2.068895304E1,-5.321074417E-1,-2.190491968E0,-4.773169845E-1,2.304175534E0
2.069900904E1,-6.552629596E-1,-2.249785366E0,-4.476072818E-1,2.385635349E0
2.070906504E1,-7.197714892E-1,-2.254326167E0,-5.208255315E-1,2.423080003E0
2.071912104E1,-7.112281224E-1,-2.209775062E0,-4.694548184E-1,2.368404334E0
2.072917704E1,-6.968182442E-1,-2.223733389E0,-4.762925524E-1,2.378529051E0
2.073923204E1,-6.773929167E-1,-2.197110723E0,-5.530735105E-1,2.364750939E0
2.074928804E1,-6.628660941E-1,-2.168006792E0,-4.797903568E-1,2.317292320E0
2.075934404E1,-6.084042504E-1,-2.193972815E0,-4.486328834E-1,2.320548192E0
2.076940004E1,-5.016051489E-1,-2.161719427E0,-4.788700050E-1,2.270232387E0
2.077945604E1,-4.614929572E-1,-2.159108061E0,-4.903247005E-1,2.261667898E0
2.078951204E1,-5.699740103E-1,-2.171653554E0,-5.115997946E-1,2.302755715E0
2.079956804E1,-6.807746539E-1,-2.249633338E0,-5.893139684E-1,2.423137478E0
2.080962304E1,-7.351286164E-1,-2.264023628E0,-7.171849734E-1,2.486075493E0
2.081967904E1,-7.565013590E-1,-2.166265199E0,-6.202685434E-1,2.376916550E0
2.082973504E1,-7.523729324E-1,-2.222078188E0,-4.047325730E-1,2.380652213E0
2.083979104E1,-6.866449660E-1,-2.274102912E0,-2.864393073E-1,2.392712444E0
2.084984704E1,-5.730379513E-1,-2.307583338E0,-2.613956827E-1,2.391995205E0
2.085990304E1,-4.670060045E-1,-2.326522908E0,-4.290862262E-1,2.411414199E0
2.086995804E1,-4.367326301E-1,-2.206587160E0,-5.748654985E-1,2.321687452E0
2.088001404E1,-4.381935570E-1,-2.111846917E0,-7.070774764E-1,2.269773018E0
2.089007004E1,-4.650094727E-1,-2.042724934E0,-7.439775002E-1,2.223164746E0
2.090012604E1,-4.993852535E-1,-2.099398195E0,-5.870657140E-1,2.236404383E0
2.091018204E1,-5.658818364E-1,-2.241681563E0,-3.769922125E-1,2.342537430E0
2.092023804E1,-5.719892532E-1,-2.346171599E0,-2.518080032E-1,2.427982733E0
2.093029304E1,-5.669302422E-1,-2.297607696E0,-2.997504938E-1,2.385426876E0
2.094034904E1,-5.615736079E-1,-2.170790652E0,-4.977015477E-1,2.296824721E0
2.095040504E1,-5.487462786E-1,-2.063638524E0,-5.807834655E-1,2.212924732E0
2.096046104E1,-6.081677306E-1,-2.111917668E0,-4.813989258E-1,2.249846473E0
2.097051704E1,-6.890423244E-1,-2.200916530E0,-4.322922546E-1,2.346420570E0
2.098057304E1,-6.628543997E-1,-2.277239943E0,-2.768428570E-1,2.387852525E0
2.099062804E1,-5.685198078E-1,-2.304575238E0,-2.344242311E-1,2.385212049E0
2.100068404E1,-4.161375672E-1,-2.234708466E0,-2.897710508E-1,2.291519074E0
2.101074004E1,-3.819430500E-1,-2.151906045E0,-3.341882551E-1,2.210941408E0
2.102079604E1,-4.841737220E-1,-2.162303272E0,-4.164585793E-1,2.254643515E0
2.103085204E1,-5.992042413E-1,-2.216781049E0,-4.412665612E-1,2.338349871E0
2.104090804E1,-6.720640567E-1,-2.257918404E0,-4.306632203E-1,2.394856243E0
2.105096404E1,-6.083659512E-1,-2.273013137E0,-3.731663793E-1,2.382425445E0
2.106101904E1,-4.954272732E-1,-2.263866923E0,-2.669142848E-1,2.332763353E0
2.107107504E1,-4.876902375E-1,-2.333115498E0,-2.465677285E-1,2.396260699E0
2.108113104E1,-5.440880942E-1,-2.367998524E0,-3.442764562E-1,2.453971301E0
2.109118704E1,-5.876258773E-1,-2.297925346E0,-4.814609063E-1,2.420241656E0
2.110124304E1,-5.563444430E-1,-2.181699509E0,-5.683785975E-1,2.322151183E0
2.111129904E1,-4.699211338E-1,-2.185144104E0,-4.976191020E-1,2.289826500E0
2.112135404E1,-3.795269805E-1,-2.198138225E0,-4.054734153E-1,2.267214387E0
2.113141004E1,-3.193936300E-1,-2.174727728E0,-3.426392359E-1,2.224602128E0
2.114146604E1,-3.150433016E-1,-2.176198010E0,-3.222628587E-1,2.222373374E0
2.115152204E1,-2.816302648E-1,-2.169501779E0,-3.937848312E-1,2.222863034E0
2.116157804E1,-2.639573479E-1,-2.084714813E0,-5.071570802E-1,2.161693234E0
2.117163404E1,-3.586407262E-1,-2.019797709E0,-6.413220280E-1,2.149302189E0
2.118168904E1,-4.688364753E-1,-1.984050172E0,-6.697131836E-1,2.145874757E0
2.119174504E1,-5.005272147E-1,-1.983967434E0,-5.409896547E-1,2.116441371E0
2.120180104E1,-4.916131344E-1,-2.060330316E0,-3.970107400E-1,2.155054991E0
2.121185704E1,-4.970063138E-1,-2.157611466E0,-3.173921281E-1,2.236747701E0
2.122191304E1,-4.444217187E-1,-2.205740921E0,-3.042990428E-1,2.270550943E0
2.123196904E1,-3.162402266E-1,-2.207573731E0,-3.063210100E-1,2.251049138E0
2.124202404E1,-2.831505409E-1,-2.212119064E0,-3.582916474E-1,2.258764682E0
2.125208004E1,-2.999188936E-1,-2.129993897E0,-5.271311688E-1,2.214654062E0
2.126213604E1,-3.344233131E-1,-2.009457493E0,-6.002739894E-1,2.123696596E0
2.127219204E1,-3.632603189E-1,-1.944707327E0,-5.521689463E-1,2.053955986E0
2.128224804E1,-3.822573379E-1,-1.956188774E0,-4.534498197E-1,2.044116418E0
2.129230404E1,-4.086677492E-1,-2.050705214E0,-3.698252803E-1,2.123481091E0
2.130236004E1,-4.452590400E-1,-2.199915925E0,-2.864960253E-1,2.262734112E0
2.131241504E1,-3.763946271E-1,-2.241912090E0,-2.183034575E-1,2.283746731E0
2.132247104E1,-2.902274260E-1,-2.189916748E0,-2.499585289E-1,2.223161395E0
2.133252704E1,-2.310413244E-1,-2.124894540E0,-3.757531875E-1,2.170195235E0
2.134258304E1,-2.193849000E-1,-2.090420380E0,-3.781324196E-1,2.135643048E0
2.135263904E1,-2.083786860E-1,-2.087567670E0,-3.965230823E-1,2.135085714E0
2.136269504E1,-2.550488225E-1,-2.065373539E0,-4.467307842E-1,2.128470379E0
2.137275004E1,-3.300832173E-1,-2.060003457E0,-4.786899108E-1,2.140493682E0
2.138280604E1,-3.988619685E-1,-2.087277355E0,-4.709505361E-1,2.176605623E0
2.139286204E1,-4.865649408E-1,-2.105536602E0,-3.827686769E-1,2.194662089E0
2.140291804E1,-4.787428281E-1,-2.127879252E0,-3.031114733E-1,2.202031192E0
2.141297404E1,-3.628559840E-1,-2.166898306E0,-3.024454755E-1,2.217788538E0
2.142303004E1,-2.376855156E-1,-2.130251759E0,-3.900531381E-1,2.178671249E0
2.143308504E1,-2.099124107E-1,-2.058133079E0,-5.051438838E-1,2.129588066E0
2.144314125E1,-2.775448152E-1,-1.999537984E0,-5.790918660E-1,2.100126345E0
2.145319725E1,-3.406044048E-1,-2.020350271E0,-5.420292896E-1,2.119344788E0
2.146325325E1,-3.593467775E-1,-2.060953337E0,-4.470348394E-1,2.139275324E0
2.147330925E1,-3.342055044E-1,-2.108918485E0,-3.238427764E-1,2.159653824E0
2.148336525E1,-3.265047213E-1,-2.181397939E0,-2.708792818E-1,2.222268635E0
2.149342125E1,-3.804382691E-1,-2.149035062E0,-3.058432925E-1,2.203775192E0
2.150347625E1,-3.920218956E-1,-2.070438836E0,-4.043548429E-1,2.145670287E0
2.151353225E1,-3.958795962E-1,-2.017366730E0,-5.122634536E-1,2.118703146E0
2.152358825E1,-3.808627769E-1,-2.045064990E0,-4.956754875E-1,2.138467081E0
2.153364425E1,-4.174043664E-1,-2.156233570E0,-4.194219482E-1,2.235952679E0
2.154370025E1,-4.759914207E-1,-2.158163151E0,-4.506940269E-1,2.255517928E0
2.155375625E1,-4.457753491E-1,-2.118946899E0,-4.225665808E-1,2.206176361E0
2.156381125E1,-3.577750459E-1,-2.147215263E0,-2.981080109E-1,2.197135579E0
2.157386725E1,-3.665476236E-1,-2.171172036E0,-1.791727209E-1,2.209173609E0
2.158392325E1,-3.994399658E-1,-2.248574407E0,-2.574645996E-1,2.298244367E0
2.159397925E1,-3.801619881E-1,-2.273096022E0,-4.017212570E-1,2.339416301E0
2.160403525E1,-3.208203506E-1,-2.194368379E0,-4.716551256E-1,2.267297254E0
2.161409125E1,-3.428207919E-1,-2.148877041E0,-4.515670162E-1,2.222411169E0
2.162414625E1,-3.986464986E-1,-2.208717008E0,-4.144652635E-1,2.282352143E0
2.163420225E1,-4.393738174E-1,-2.262617957E0,-2.912463033E-1,2.323211954E0
2.164425825E1,-4.476479200E-1,-2.308761260E0,-1.908279759E-1,2.359487769E0
2.165431425E1,-4.164299279E-1,-2.331202289E0,-1.051990110E-1,2.370439796E0
2.166437025E1,-3.254279566E-1,-2.336581289E0,-1.589811158E-1,2.364485244E0
2.167442625E1,-2.487013775E-1,-2.262490488E0,-3.351764345E-1,2.300664866E0
2.168448225E1,-1.930630741E-1,-2.159104260E0,-5.002866018E-1,2.224700259E0
2.169453725E1,-1.888934246E-1,-2.089715206E0,-5.494529146E-1,2.168983373E0
2.170459325E1,-3.000291136E-1,-2.092322772E0,-5.294004732E-1,2.179012829E0
2.171464925E1,-3.205677509E-1,-2.136196039E0,-4.676053441E-1,2.210147497E0
2.172470525E1,-3.374059778E-1,-2.140180185E0,-3.729751754E-1,2.198482318E0
2.173476125E1,-3.866980058E-1,-2.172137996E0,-2.202195901E-1,2.217254043E0
2.174481725E1,-3.756646022E-1,-2.224203505E0,-2.494544989E-1,2.269456470E0
2.175487225E1,-3.203148589E-1,-2.177440836E0,-4.744746530E-1,2.251438740E0
2.176492825E1,-2.234566087E-1,-2.118035464E0,-5.762115276E-1,2.206360534E0
2.177498425E1,-2.486636630E-1,-2.063432995E0,-5.436325961E-1,2.148284371E0
2.178504025E1,-3.370051512E-1,-2.064020640E0,-5.050023812E-1,2.151460220E0
2.179509625E1,-4.233287653E-1,-2.130101047E0,-4.116878361E-1,2.210435385E0
2.180515225E1,-3.967566785E-1,-2.233261719E0,-3.006983274E-1,2.288076321E0
2.181520825E1,-3.667011130E-1,-2.258680004E0,-2.658173472E-1,2.303641450E0
2.182526325E1,-3.340596163E-1,-2.169727335E0,-3.288257736E-1,2.219783532E0
2.183531925E1,-2.523070630E-1,-2.089831712E0,-3.972101301E-1,2.142155766E0
2.184537525E1,-3.250247911E-1,-2.061155943E0,-4.644946253E-1,2.137699743E0
2.185543125E1,-4.128365216E-1,-2.057728451E0,-4.593888366E-1,2.148422322E0
2.186548725E1,-4.673159069E-1,-2.077242949E0,-4.029497570E-1,2.166954298E0
2.187554325E1,-3.854812002E-1,-2.097627804E0,-3.512960386E-1,2.161491862E0
2.188559825E1,-2.514174092E-1,-2.092931028E0,-2.727012742E-1,2.125543928E0
2.189565425E1,-2.266734543E-1,-2.189498380E0,-2.051226640E-1,2.210737279E0
2.190571025E1,-2.840068656E-1,-2.247909725E0,-2.596684152E-1,2.280610821E0
2.191576625E1,-3.388011235E-1,-2.167185405E0,-3.936076605E-1,2.228543419E0
2.192582225E1,-4.201823786E-1,-2.080458625E0,-5.102169281E-1,2.182929828E0
2.193587825E1,-4.496029365E-1,-2.051666935E0,-5.678295439E-1,2.175755134E0
2.194593325E1,-3.767901912E-1,-2.037245655E0,-5.740772939E-1,2.149861727E0
2.195598925E1,-2.862536582E-1,-2.016050667E0,-5.156413901E-1,2.100544571E0
2.196604525E1,-3.074772969E-1,-2.012258748E0,-4.070697051E-1,2.075917460E0
2.197610125E1,-3.681216940E-1,-2.077853983E0,-2.956545192E-1,2.130821989E0
2.198615725E1,-3.251879284E-1,-2.142548454E0,-2.844997859E-1,2.185680945E0
2.199621325E1,-2.239384192E-1,-2.132837983E0,-3.447342932E-1,2.172093002E0
2.200626925E1,-2.169194216E-1,-2.036995540E0,-4.208656257E-1,2.091299295E0
2.201632425E1,-3.145038959E-1,-1.987701612E0,-4.848733413E-1,2.070017525E0
2.202638025E1,-3.694235766E-1,-2.057139929E0,-4.987856215E-1,2.148740460E0
2.203643625E1,-3.739578000E-1,-2.170574597E0,-3.663181204E-1,2.232807086E0
2.204649225E1,-3.600744635E-1,-2.124778473E0,-3.225289071E-1,2.179073674E0
2.205654825E1,-3.638301301E-1,-2.019883225E0,-3.371633184E-1,2.079898966E0
2.206660425E1,-3.987429777E-1,-1.999416947E0,-3.720425445E-1,2.072457417E0
2.207666025E1,-4.533723441E-1,-2.038427377E0,-3.941707474E-1,2.125112522E0
2.208671525E1,-4.185556832E-1,-2.047673579E0,-4.028199488E-1,2.128478296E0
2.209677125E1,-3.699083108E-1,-1.992299277E0,-5.050006270E-1,2.088328088E0
2.210682725E1,-3.756859446E-1,-1.877804655E0,-5.877591938E-1,2.003185244E0
2.211688325E1,-4.350348911E-1,-1.904518537E0,-5.704882729E-1,2.035166599E0
2.212693925E1,-4.603480724E-1,-2.008723814E0,-4.409180671E-1,2.107439311E0
2.213699525E1,-4.181072018E-1,-2.038166007E0,-2.978004473E-1,2.101813362E0
2.214705025E1,-3.938994366E-1,-2.007335246E0,-2.180245453E-1,2.057203505E0
2.215710625E1,-4.199107754E-1,-1.987200213E0,-3.063712960E-1,2.054057720E0
2.216716225E1,-4.714975432E-1,-1.944811116E0,-4.201236141E-1,2.044774819E0
2.217721825E1,-5.115506780E-1,-1.955782539E0,-5.338350016E-1,2.090872843E0
2.218727425E1,-4.290096277E-1,-2.039374918E0,-5.347267020E-1,2.151518525E0
2.219733025E1,-3.730263385E-1,-2.086064789E0,-4.638923621E-1,2.169334247E0
2.220738625E1,-3.656801891E-1,-2.069763044E0,-4.159516257E-1,2.142581811E0
2.221744125E1,-4.400509250E-1,-2.036051946E0,-3.128412402E-1,2.106423980E0
2.222749725E1,-4.629898444E-1,-2.005736764E0,-3.431742561E-1,2.086889583E0
2.223755325E1,-4.400272438E-1,-1.925673471E0,-4.563588095E-1,2.027339551E0
2.224760925E1,-4.070536253E-1,-1.869700707E0,-5.099713451E-1,1.980288908E0
2.225766525E1,-4.019747338E-1,-1.878149641E0,-4.775836176E-1,1.979170501E0
2.226772125E1,-3.830110440E-1,-1.897921855E0,-4.417436939E-1,1.985936131E0
2.227777725E1,-3.862866542E-1,-1.906207359E0,-3.817179322E-1,1.982057632E0
2.228783225E1,-4.337695536E-1,-1.948214926E0,-3.546347988E-1,2.027181113E0
2.229788825E1,-4.720685238E-1,-1.979337608E0,-3.435981792E-1,2.063658346E0
2.230794425E1,-4.391498691E-1,-1.967411335E0,-3.745100695E-1,2.050321380E0
2.231800025E1,-3.821561810E-1,-1.911654333E0,-3.833212388E-1,1.986806686E0
2.232805625E1,-3.503847501E-1,-1.831728304E0,-4.104330236E-1,1.909568883E0
2.233811225E1,-3.878042990E-1,-1.770706469E0,-4.637350720E-1,1.871054192E0
2.234816825E1,-4.382637236E-1,-1.754149201E0,-5.083423108E-1,1.878171029E0
2.235822325E1,-4.587137756E-1,-1.777398753E0,-5.655175549E-1,1.920774521E0
2.236827925E1,-4.566248578E-1,-1.805638612E0,-5.366171068E-1,1.938245335E0
2.237833525E1,-4.498660612E-1,-1.795939689E0,-4.436370224E-1,1.903836298E0
2.238839125E1,-4.752295285E-1,-1.804091147E0,-3.860197288E-1,1.905150703E0
2.239844725E1,-5.102350545E-1,-1.879961986E0,-3.920686734E-1,1.987036669E0
2.240850325E1,-5.559748989E-1,-1.903066674E0,-4.287956196E-1,2.028456688E0
2.241855925E1,-5.697386599E-1,-1.927034703E0,-4.389615887E-1,2.056879229E0
2.242861425E1,-5.931626058E-1,-1.948612975E0,-4.259836936E-1,2.080960478E0
2.243867025E1,-6.283479336E-1,-1.958328416E0,-4.074123520E-1,2.096629709E0
2.244872662E1,-5.466664240E-1,-1.978117441E0,-3.573414749E-1,2.083143230E0
2.245878262E1,-5.213006178E-1,-1.970582134E0,-3.292543745E-1,2.064789753E0
2.246883862E1,-5.712601054E-1,-1.924589251E0,-3.372738308E-1,2.035714992E0
2.247889462E1,-6.286207062E-1,-1.911957511E0,-3.847567302E-1,2.049093277E0
2.248895062E1,-5.651842636E-1,-1.900501062E0,-4.438188708E-1,2.031824974E0
2.249900562E1,-4.742460269E-1,-1.864087672E0,-4.401041347E-1,1.973176067E0
2.250906162E1,-3.614880279E-1,-1.838302913E0,-3.402787149E-1,1.904158816E0
2.251911762E1,-3.173354101E-1,-1.841040579E0,-3.253513581E-1,1.896308436E0
2.252917362E1,-4.040765154E-1,-1.907828354E0,-2.773667675E-1,1.969776429E0
2.253922962E1,-5.500133702E-1,-1.905743237E0,-2.035287130E-1,1.993939801E0
2.254928562E1,-6.166032162E-1,-1.871159441E0,-2.495047849E-1,1.985872558E0
2.255934162E1,-6.027274811E-1,-1.813030516E0,-3.649720913E-1,1.945138734E0
2.256939662E1,-5.159293655E-1,-1.710083853E0,-4.708400238E-1,1.847230419E0
2.257945262E1,-4.565581995E-1,-1.620272813E0,-5.071488941E-1,1.758103916E0
2.258950862E1,-4.771450764E-1,-1.666689911E0,-4.783876097E-1,1.798437485E0
2.259956462E1,-5.408887902E-1,-1.809372059E0,-4.520663685E-1,1.941842407E0
2.260962062E1,-5.554419252E-1,-1.854407753E0,-4.517640674E-1,1.987821576E0
2.261967662E1,-5.224039873E-1,-1.869104583E0,-3.675723481E-1,1.975238543E0
2.262973262E1,-4.675047719E-1,-1.879902344E0,-2.859972578E-1,1.958159331E0
2.263978762E1,-4.884380963E-1,-1.927979028E0,-2.687701911E-1,2.006965950E0
2.264984362E1,-5.077628517E-1,-1.946114752E0,-3.324878848E-1,2.038561732E0
2.265989962E1,-5.128782883E-1,-1.911141386E0,-3.721858013E-1,2.013461648E0
2.266995562E1,-4.824289128E-1,-1.860193134E0,-3.690750825E-1,1.956852720E0
2.268001162E1,-4.114808446E-1,-1.810326179E0,-3.763963813E-1,1.894273369E0
2.269006762E1,-3.798123246E-1,-1.699618067E0,-4.415635997E-1,1.796646150E0
2.270012362E1,-3.879314759E-1,-1.615272274E0,-5.038066256E-1,1.735919487E0
2.271017862E1,-3.571675202E-1,-1.672880358E0,-4.687695247E-1,1.773652220E0
2.272023462E1,-3.755201760E-1,-1.705663211E0,-4.266771734E-1,1.797875358E0
2.273029062E1,-4.579793653E-1,-1.712560587E0,-4.100371671E-1,1.819543718E0
2.274034662E1,-4.786808476E-1,-1.680863708E0,-4.443427813E-1,1.803296611E0
2.275040262E1,-4.779616401E-1,-1.607209548E0,-4.782800210E-1,1.743651812E0
2.276045862E1,-4.261710969E-1,-1.610756031E0,-4.481235909E-1,1.725390259E0
2.277051462E1,-4.338672021E-1,-1.596367495E0,-4.555325979E-1,1.715849608E0
2.278056962E1,-5.062738582E-1,-1.639795058E0,-4.244312578E-1,1.767875263E0
2.279062562E1,-5.463541827E-1,-1.710374605E0,-4.606149977E-1,1.853658642E0
2.280068162E1,-4.649919310E-1,-1.714187575E0,-5.944466543E-1,1.872971800E0
2.281073762E1,-3.607957175E-1,-1.663498062E0,-5.673073876E-1,1.794223237E0
2.282079362E1,-3.302159491E-1,-1.603971507E0,-4.135197687E-1,1.689013252E0
2.283084962E1,-3.665286201E-1,-1.654935107E0,-3.256858188E-1,1.726043073E0
2.284090562E1,-4.727441695E-1,-1.759542526E0,-3.619695461E-1,1.857551858E0
2.285096162E1,-6.162190542E-1,-1.710341276E0,-4.466851759E-1,1.872036552E0
2.286101662E1,-5.611064154E-1,-1.631827350E0,-5.094977206E-1,1.799246741E0
2.287107262E1,-5.235088187E-1,-1.674140141E0,-5.434191728E-1,1.836330878E0
2.288112862E1,-4.639210135E-1,-1.726849282E0,-4.467646980E-1,1.843049062E0
2.289118462E1,-3.901057631E-1,-1.781581267E0,-3.698983705E-1,1.860924265E0
2.290124062E1,-3.411791861E-1,-1.809161267E0,-3.028425014E-1,1.865792408E0
2.291129662E1,-2.698852551E-1,-1.790898512E0,-2.191518885E-1,1.824330859E0
2.292135262E1,-2.675261959E-1,-1.717261748E0,-2.409052849E-1,1.754592128E0
2.293140762E1,-3.481493595E-1,-1.683701362E0,-3.451278108E-1,1.753616679E0
2.294146362E1,-4.386014003E-1,-1.662703864E0,-4.530685812E-1,1.778265016E0
2.295151962E1,-4.907907236E-1,-1.609045136E0,-5.019635832E-1,1.755525341E0
2.296157562E1,-4.723067978E-1,-1.602638780E0,-5.420082396E-1,1.756501552E0
2.297163162E1,-3.980740562E-1,-1.674893262E0,-5.759712070E-1,1.815343831E0
2.298168762E1,-3.249052155E-1,-1.758624221E0,-4.309193283E-1,1.839568976E0
2.299174362E1,-2.878467321E-1,-1.771546421E0,-2.012401128E-1,1.806026037E0
2.300179862E1,-3.012842184E-1,-1.828574754E0,-2.068470079E-1,1.864736844E0
2.301185462E1,-3.978129780E-1,-1.864435582E0,-3.801362604E-1,1.943933841E0
2.302191062E1,-4.642589825E-1,-1.791870320E0,-4.653541660E-1,1.908635676E0
2.303196662E1,-4.212132427E-1,-1.719900889E0,-4.937792355E-1,1.838286593E0
2.304202262E1,-3.963900581E-1,-1.701231314E0,-4.115135890E-1,1.794618761E0
2.305207862E1,-3.620122308E-1,-1.719188991E0,-2.980091929E-1,1.781985724E0
2.306213462E1,-3.198020580E-1,-1.771709412E0,-2.295020449E-1,1.814910132E0
2.307218962E1,-3.535019007E-1,-1.751169167E0,-2.422174001E-1,1.802838405E0
2.308224562E1,-3.856607097E-1,-1.776537605E0,-3.320318019E-1,1.847989492E0
2.309230162E1,-3.655369323E-1,-1.791172601E0,-4.319203717E-1,1.878422674E0
2.310235762E1,-3.712961474E-1,-1.739306190E0,-5.540985274E-1,1.862812935E0
2.311241362E1,-3.859191567E-1,-1.698166058E0,-5.500890917E-1,1.826280253E0
2.312246962E1,-3.157747883E-1,-1.732450622E0,-3.402892399E-1,1.793570640E0
2.313252562E1,-3.542675936E-1,-1.844823728E0,-1.724139243E-1,1.886426960E0
2.314258062E1,-3.503844577E-1,-1.851255957E0,-2.422641778E-1,1.899634128E0
2.315263663E1,-3.056979892E-1,-1.734736298E0,-3.462031138E-1,1.795165141E0
2.316269262E1,-2.953422779E-1,-1.677471738E0,-3.195409799E-1,1.732987285E0
2.317274862E1,-2.371385086E-1,-1.696870168E0,-2.926525587E-1,1.738173916E0
2.318280462E1,-2.208560595E-1,-1.720260054E0,-2.920415246E-1,1.758795129E0
2.319286062E1,-2.258700469E-1,-1.709853034E0,-3.373662168E-1,1.757393137E0
2.320291662E1,-2.914886704E-1,-1.683072494E0,-3.534331959E-1,1.744308943E0
2.321297162E1,-3.231557286E-1,-1.718101993E0,-2.793717778E-1,1.770410312E0
2.322302762E1,-3.171825054E-1,-1.718134153E0,-2.391973132E-1,1.763463939E0
2.323308362E1,-2.358199614E-1,-1.654047500E0,-2.835466897E-1,1.694663067E0
2.324313962E1,-1.524214169E-1,-1.651419761E0,-2.930706346E-1,1.684134767E0
2.325319562E1,-5.828913867E-2,-1.712328599E0,-2.640801394E-1,1.733552761E0
2.326325162E1,-1.833540648E-2,-1.749307560E0,-3.104497290E-1,1.776736379E0
2.327330762E1,-1.035787475E-1,-1.675003482E0,-4.004717070E-1,1.725323973E0
2.328336262E1,-2.040841985E-1,-1.632467620E0,-4.453701371E-1,1.704392985E0
2.329341862E1,-2.700837681E-1,-1.594402100E0,-4.233202869E-1,1.671605026E0
2.330347462E1,-3.204762420E-1,-1.597748169E0,-3.559568542E-1,1.667995658E0
2.331353062E1,-3.143182468E-1,-1.682061656E0,-2.789648116E-1,1.733767211E0
2.332358662E1,-2.091683525E-1,-1.736285372E0,-2.814387685E-1,1.771340191E0
2.333364262E1,-1.221381024E-1,-1.697120575E0,-3.371364212E-1,1.734588404E0
2.334369862E1,-1.288352108E-1,-1.561824191E0,-3.927147907E-1,1.615586031E0
2.335375362E1,-1.819343609E-1,-1.525737808E0,-4.345855325E-1,1.596822017E0
2.336380962E1,-2.336582458E-1,-1.639468052E0,-3.948086786E-1,1.702446934E0
2.337386562E1,-2.972642577E-1,-1.751300145E0,-2.904645306E-1,1.799941077E0
2.338392162E1,-3.338882929E-1,-1.809091685E0,-1.815449363E-1,1.848581262E0
2.339397762E1,-3.078240368E-1,-1.784371997E0,-1.602265728E-1,1.817804064E0
2.340403363E1,-2.745998651E-1,-1.728063164E0,-2.234186018E-1,1.763951035E0
2.341408962E1,-2.167466363E-1,-1.706525383E0,-3.556241477E-1,1.756609382E0
2.342414462E1,-1.546986151E-1,-1.672505552E0,-3.993244833E-1,1.726460693E0
2.343420062E1,-1.692929730E-1,-1.653073354E0,-3.585138416E-1,1.699954058E0
2.344425625E1,-2.770431241E-1,-1.659397410E0,-3.352887011E-1,1.715450719E0
2.345431225E1,-3.242807329E-1,-1.713967866E0,-4.151435405E-1,1.793094531E0
2.346436825E1,-2.578259575E-1,-1.709973048E0,-4.118077040E-1,1.777657907E0
2.347442425E1,-2.339085066E-1,-1.706838209E0,-2.333343101E-1,1.738520855E0
2.348448025E1,-2.071817610E-1,-1.669756191E0,-1.218115354E-1,1.686964158E0
2.349453625E1,-1.715894669E-1,-1.630859051E0,-2.028188610E-1,1.652355797E0
2.350459125E1,-1.559472880E-1,-1.638835384E0,-3.501032066E-1,1.683054731E0
2.351464725E1,-2.277730232E-1,-1.671931209E0,-4.238278252E-1,1.739788649E0
2.352470325E1,-2.920953190E-1,-1.719596834E0,-4.813176495E-1,1.809419693E0
2.353475925E1,-2.862764624E-1,-1.663703592E0,-4.692028034E-1,1.752145863E0
2.354481525E1,-2.757155138E-1,-1.624926027E0,-3.257056993E-1,1.680026143E0
2.355487125E1,-1.991196200E-1,-1.744298981E0,-2.011219990E-1,1.767109962E0
2.356492625E1,-1.761842090E-1,-1.853155279E0,-2.156388813E-1,1.873959843E0
2.357498225E1,-1.846743661E-1,-1.817806960E0,-2.660635149E-1,1.846433470E0
2.358503825E1,-2.217153078E-1,-1.666461870E0,-3.499564415E-1,1.717184426E0
2.359509425E1,-1.871231800E-1,-1.640073970E0,-4.622644973E-1,1.714218824E0
2.360515025E1,-1.985492241E-1,-1.672476316E0,-5.317340970E-1,1.766165329E0
2.361520625E1,-3.187361106E-1,-1.703941499E0,-4.773579150E-1,1.798021112E0
2.362526225E1,-3.737639648E-1,-1.717671053E0,-3.916155142E-1,1.800959761E0
2.363531825E1,-3.203937963E-1,-1.698946369E0,-3.131757009E-1,1.757028733E0
2.364537325E1,-1.920260704E-1,-1.717808317E0,-2.553180867E-1,1.747262645E0
2.365542925E1,-1.635115385E-2,-1.744771144E0,-3.033418536E-1,1.771019476E0
2.366548525E1,-1.643623084E-2,-1.726972219E0,-4.093776011E-1,1.774906537E0
2.367554125E1,-5.916212797E-3,-1.694485382E0,-4.562658387E-1,1.754848776E0
2.368559725E1,2.846424580E-3,-1.634569986E0,-3.884749746E-1,1.680101172E0
2.369565325E1,-7.870586157E-2,-1.568670842E0,-3.375673610E-1,1.606510052E0
2.370570825E1,-1.820849267E-1,-1.611787626E0,-3.862004077E-1,1.667382687E0
2.371576425E1,-2.775410146E-1,-1.670112433E0,-3.585606194E-1,1.730569348E0
2.372582025E1,-2.953758994E-1,-1.705792142E0,-3.397676682E-1,1.764204020E0
2.373587625E1,-2.601768306E-1,-1.710638900E0,-3.404202175E-1,1.763480465E0
2.374593225E1,-1.427805278E-1,-1.709761379E0,-3.556551379E-1,1.752187441E0
2.375598825E1,-6.423312575E-2,-1.722365929E0,-3.556966531E-1,1.759883632E0
2.376604425E1,-6.412699878E-2,-1.773422647E0,-2.684673053E-1,1.794774317E0
2.377609925E1,-6.155743986E-2,-1.847847469E0,-1.839855641E-1,1.858004380E0
2.378615525E1,-1.137037861E-1,-1.838163018E0,-2.293348145E-1,1.855900399E0
2.379621125E1,-1.874640727E-1,-1.765725664E0,-2.848488647E-1,1.798351683E0
2.380626725E1,-2.685117441E-1,-1.696511149E0,-3.627378702E-1,1.755513429E0
2.381632325E1,-3.738797396E-1,-1.662259914E0,-4.211334282E-1,1.755063374E0
2.382637925E1,-3.332763818E-1,-1.677467207E0,-4.718480837E-1,1.774150498E0
2.383643525E1,-2.304226890E-1,-1.695608924E0,-4.151330155E-1,1.760829253E0
2.384649025E1,-1.628730226E-1,-1.758413721E0,-2.878911710E-1,1.789253409E0
2.385654625E1,-1.244895601E-1,-1.782469897E0,-1.420832473E-1,1.792452017E0
2.386660225E1,-1.386316359E-1,-1.740816379E0,-1.391473603E-1,1.751862548E0
2.387665825E1,-1.503248978E-1,-1.689174063E0,-3.370791185E-1,1.729025426E0
2.388671425E1,-1.550447702E-1,-1.637583933E0,-4.432101756E-1,1.703571331E0
2.389677025E1,-1.585545614E-1,-1.660349775E0,-3.841252309E-1,1.711564523E0
2.390682625E1,-1.330715185E-1,-1.712734542E0,-2.902680641E-1,1.742246592E0
2.391688125E1,-1.205570152E-1,-1.748720646E0,-2.716400045E-1,1.773794290E0
2.392693725E1,-1.245000851E-1,-1.764810575E0,-2.403351814E-1,1.785446061E0
2.393699325E1,-1.591018608E-1,-1.731483054E0,-2.264831275E-1,1.753465590E0
2.394704925E1,-2.498374915E-1,-1.754649138E0,-2.592696351E-1,1.791209957E0
2.395710525E1,-2.980887151E-1,-1.784929675E0,-3.495570767E-1,1.843100913E0
2.396716125E1,-2.775623569E-1,-1.790576039E0,-4.375377917E-1,1.864039359E0
2.397721725E1,-2.411473596E-1,-1.748413813E0,-3.733686930E-1,1.804025247E0
2.398727225E1,-1.965091306E-1,-1.697432963E0,-3.057649398E-1,1.735910914E0
2.399732825E1,-2.117349878E-1,-1.703103154E0,-3.166278970E-1,1.745177723E0
2.400738425E1,-2.483938140E-1,-1.729486961E0,-3.357822061E-1,1.779206094E0
2.401744025E1,-3.206551668E-1,-1.722709453E0,-3.798479927E-1,1.792995285E0
2.402749625E1,-3.497409716E-1,-1.706613384E0,-3.804900169E-1,1.783149080E0
2.403755225E1,-2.943903512E-1,-1.767041726E0,-3.642973226E-1,1.828063095E0
2.404760725E1,-2.393233207E-1,-1.829058611E0,-3.512732345E-1,1.877797630E0
2.405766325E1,-2.115911463E-1,-1.775162340E0,-3.012327629E-1,1.812929486E0
2.406771925E1,-2.280300084E-1,-1.678258627E0,-2.675808674E-1,1.714686334E0
2.407777525E1,-3.003235209E-1,-1.644107818E0,-3.430631590E-1,1.706158570E0
2.408783125E1,-2.860101217E-1,-1.678912200E0,-4.227449208E-1,1.754782389E0
2.409788725E1,-2.901107740E-1,-1.654131700E0,-4.258035994E-1,1.732519739E0
2.410794325E1,-3.591766235E-1,-1.616575326E0,-3.390584010E-1,1.690350328E0
2.411799825E1,-3.834054387E-1,-1.652041028E0,-3.210910767E-1,1.726076119E0
2.412805425E1,-4.026091567E-1,-1.747343334E0,-3.695621556E-1,1.830813766E0
2.413811025E1,-3.625066128E-1,-1.811715770E0,-3.287094140E-1,1.876639271E0
2.414816625E1,-2.901762629E-1,-1.764031141E0,-2.689011687E-1,1.807848437E0
2.415822225E1,-2.157195729E-1,-1.716669718E0,-3.246455991E-1,1.760364911E0
2.416827825E1,-1.944503260E-1,-1.694880361E0,-4.020703357E-1,1.752738121E0
2.417833425E1,-2.356708574E-1,-1.667485863E0,-3.905255932E-1,1.728745237E0
2.418838925E1,-2.919456303E-1,-1.687169638E0,-3.739592618E-1,1.752603540E0
2.419844525E1,-3.346057463E-1,-1.724693559E0,-3.914085227E-1,1.799924863E0
2.420850125E1,-2.752942219E-1,-1.745077976E0,-3.987058479E-1,1.811090943E0
2.421855725E1,-2.121366915E-1,-1.706342512E0,-3.513404775E-1,1.755006232E0
2.422861325E1,-1.749875763E-1,-1.666278413E0,-3.257904840E-1,1.706822733E0
2.423866925E1,-1.605066544E-1,-1.681554995E0,-3.600423038E-1,1.727142162E0
2.424872425E1,-1.755228889E-1,-1.664817925E0,-3.761186385E-1,1.715777444E0
2.425878025E1,-2.236437196E-1,-1.623518018E0,-3.914436060E-1,1.684949662E0
2.426883625E1,-2.906188971E-1,-1.605709738E0,-3.920517164E-1,1.678233492E0
2.427889225E1,-3.135203943E-1,-1.628335831E0,-4.668533921E-1,1.722708538E0
2.428894825E1,-3.058307210E-1,-1.580580597E0,-4.581989282E-1,1.673832044E0
2.429900425E1,-3.202446923E-1,-1.585538305E0,-3.864629477E-1,1.663082076E0
2.430906025E1,-3.200148967E-1,-1.653042364E0,-3.312821889E-1,1.716014708E0
2.431911525E1,-3.275472799E-1,-1.689799569E0,-3.747673470E-1,1.761578942E0
2.432917125E1,-3.431806880E-1,-1.671214633E0,-3.903402364E-1,1.750170515E0
2.433922725E1,-3.176523292E-1,-1.654416605E0,-4.066662472E-1,1.733024738E0
2.434928325E1,-2.871225545E-1,-1.629429260E0,-4.117901623E-1,1.705007394E0
2.435933925E1,-3.052182251E-1,-1.613266094E0,-4.034473550E-1,1.690726301E0
2.436939525E1,-3.608348939E-1,-1.604112132E0,-3.233650589E-1,1.675691652E0
2.437945125E1,-3.825777653E-1,-1.667179323E0,-2.241892648E-1,1.725141579E0
2.438950625E1,-3.310936162E-1,-1.739516251E0,-2.127211207E-1,1.783476954E0
2.439956225E1,-2.862872797E-1,-1.736887051E0,-3.077962625E-1,1.787029818E0
2.440961825E1,-2.669829896E-1,-1.682319518E0,-4.072790354E-1,1.751386620E0
2.441967425E1,-3.249739203E-1,-1.612914092E0,-5.095637941E-1,1.722427118E0
2.442973025E1,-3.310363135E-1,-1.568985276E0,-4.571838516E-1,1.667428233E0
2.443978625E1,-3.022457930E-1,-1.631745196E0,-3.300139278E-1,1.691997074E0
2.444984154E1,-2.931495720E-1,-1.664813686E0,-2.498252124E-1,1.708787265E0
2.445989754E1,-3.758432347E-1,-1.616292906E0,-2.767054474E-1,1.682327792E0
2.446995354E1,-4.822289380E-1,-1.565476508E0,-3.565889382E-1,1.676429873E0
2.448000954E1,-4.664081267E-1,-1.602964908E0,-4.141688097E-1,1.720049081E0
2.449006554E1,-3.702109042E-1,-1.634425998E0,-4.531861103E-1,1.736024801E0
2.450012154E1,-2.493170893E-1,-1.652182823E0,-4.480510855E-1,1.729918168E0
2.451017754E1,-1.841086480E-1,-1.595001001E0,-3.786019510E-1,1.649625298E0
2.452023254E1,-2.073463601E-1,-1.570174600E0,-2.953592348E-1,1.611110755E0
2.453028854E1,-2.916728577E-1,-1.666774696E0,-2.666324490E-1,1.712980970E0
2.454034454E1,-3.804233587E-1,-1.667424029E0,-2.886782062E-1,1.734462433E0
2.455040054E1,-4.315098971E-1,-1.588970182E0,-3.525602067E-1,1.683842549E0
2.456045654E1,-4.046045190E-1,-1.556363915E0,-4.387429029E-1,1.666873957E0
2.457051254E1,-3.291473705E-1,-1.558898537E0,-4.202692097E-1,1.647764804E0
2.458056754E1,-2.968917900E-1,-1.612480813E0,-3.408055490E-1,1.674630565E0
2.459062354E1,-2.852672330E-1,-1.658457908E0,-2.805365431E-1,1.706036571E0
2.460067954E1,-2.485385326E-1,-1.626391924E0,-2.924385506E-1,1.671060262E0
2.461073554E1,-2.190896156E-1,-1.525448078E0,-3.009023952E-1,1.570202009E0
2.462079154E1,-2.960196778E-1,-1.497616062E0,-3.574777150E-1,1.567887699E0
2.463084754E1,-3.778105304E-1,-1.527102255E0,-4.274156767E-1,1.630173689E0
2.464090354E1,-4.421041748E-1,-1.579971171E0,-4.432470131E-1,1.699480191E0
2.465095854E1,-4.622487098E-1,-1.570155304E0,-3.918564194E-1,1.683036839E0
2.466101454E1,-4.756209996E-1,-1.537263839E0,-3.731201863E-1,1.651851724E0
2.467107054E1,-4.480838299E-1,-1.570841329E0,-3.921476108E-1,1.679911113E0
2.468112654E1,-3.388040471E-1,-1.618691580E0,-3.779955947E-1,1.696417190E0
2.469118254E1,-2.906829241E-1,-1.631157405E0,-4.053418529E-1,1.705717755E0
2.470123854E1,-3.075881016E-1,-1.551760695E0,-3.711297941E-1,1.624902772E0
2.471129354E1,-3.334406886E-1,-1.454782430E0,-3.762876230E-1,1.539209858E0
2.472134954E1,-3.707049939E-1,-1.418194648E0,-3.879253364E-1,1.516306143E0
2.473140554E1,-3.115127528E-1,-1.465299232E0,-3.716998976E-1,1.543471039E0
2.474146154E1,-2.474325317E-1,-1.492876163E0,-3.505095881E-1,1.553305851E0
2.475151754E1,-2.445577481E-1,-1.445359350E0,-3.361119890E-1,1.503942623E0
2.476157354E1,-2.647800511E-1,-1.425065857E0,-3.184247464E-1,1.484020044E0
2.477162954E1,-3.514223385E-1,-1.435067666E0,-3.253648067E-1,1.512871152E0
2.478168454E1,-4.174879816E-1,-1.482823776E0,-3.802409256E-1,1.586709087E0
2.479174054E1,-4.493134993E-1,-1.484814169E0,-4.540234315E-1,1.616382694E0
2.480179654E1,-4.212904260E-1,-1.486204344E0,-4.649261498E-1,1.613209627E0
2.481185254E1,-3.076714244E-1,-1.519038799E0,-3.802537894E-1,1.595848841E0
2.482190854E1,-2.400311261E-1,-1.509828557E0,-2.626791465E-1,1.551192299E0
2.483196454E1,-2.373668423E-1,-1.512284972E0,-2.334711349E-1,1.548501736E0
2.484201954E1,-2.823573661E-1,-1.510378049E0,-2.512911093E-1,1.556956889E0
2.485207554E1,-3.614877355E-1,-1.529365274E0,-3.191544789E-1,1.603586950E0
2.486213154E1,-4.488439679E-1,-1.544145573E0,-2.946780342E-1,1.634833815E0
2.487218754E1,-4.825607675E-1,-1.514793282E0,-2.689368367E-1,1.612386617E0
2.488224354E1,-4.329711163E-1,-1.469182368E0,-3.812074703E-1,1.578378901E0
2.489229954E1,-3.596072710E-1,-1.474874340E0,-4.399035752E-1,1.580533728E0
2.490235454E1,-2.532566509E-1,-1.466133922E0,-3.310395294E-1,1.524229241E0
2.491241054E1,-1.980162504E-1,-1.462281777E0,-2.043075621E-1,1.489704672E0
2.492246654E1,-2.164645082E-1,-1.507516129E0,-1.934194618E-1,1.535211012E0
2.493252254E1,-2.468188664E-1,-1.490541955E0,-2.843313861E-1,1.537361119E0
2.494257854E1,-2.916275418E-1,-1.384372452E0,-3.690405840E-1,1.462095983E0
2.495263454E1,-3.307822520E-1,-1.282337516E0,-4.585485917E-1,1.401453964E0
2.496269054E1,-4.441597635E-1,-1.317926009E0,-4.825420564E-1,1.472091606E0
2.497274554E1,-5.561114314E-1,-1.406111084E0,-4.096237689E-1,1.566588631E0
2.498280154E1,-5.758194718E-1,-1.460234667E0,-4.140688223E-1,1.623362663E0
2.499285754E1,-5.062232798E-1,-1.522045145E0,-3.358155352E-1,1.638796969E0
2.500291354E1,-3.238056466E-1,-1.537374790E0,-2.398592180E-1,1.589309217E0
2.501296954E1,-1.790534377E-1,-1.460617513E0,-2.220240408E-1,1.488206413E0
2.502302554E1,-1.223415855E-1,-1.399029668E0,-2.964187503E-1,1.435310263E0
2.503308054E1,-1.794779456E-1,-1.430551569E0,-3.313658041E-1,1.479355745E0
2.504313654E1,-2.877075684E-1,-1.442009773E0,-3.634167320E-1,1.514674734E0
2.505319254E1,-3.837039390E-1,-1.413958779E0,-4.212743461E-1,1.524460631E0
2.506324854E1,-4.599428603E-1,-1.378998715E0,-4.601828885E-1,1.524779716E0
2.507330454E1,-4.386876467E-1,-1.412183418E0,-4.255007136E-1,1.538752649E0
2.508336054E1,-2.867328376E-1,-1.400970066E0,-3.146205479E-1,1.464212736E0
2.509341654E1,-2.379071251E-1,-1.405842990E0,-2.230601674E-1,1.443173638E0
2.510347154E1,-2.377296621E-1,-1.442897380E0,-1.937872517E-1,1.475134482E0
2.511352754E1,-2.189972296E-1,-1.428529894E0,-2.819515693E-1,1.472465324E0
2.512358354E1,-1.893234873E-1,-1.416455832E0,-3.734394443E-1,1.477040123E0
2.513363954E1,-2.350370193E-1,-1.410206474E0,-3.804449934E-1,1.479413091E0
2.514369554E1,-2.722299886E-1,-1.401656822E0,-3.584436750E-1,1.472152465E0
2.515375154E1,-3.493506700E-1,-1.391090611E0,-3.313675582E-1,1.472067742E0
2.516380654E1,-3.993978658E-1,-1.366159837E0,-2.877403128E-1,1.452138369E0
2.517386254E1,-4.140211675E-1,-1.375866361E0,-2.783110929E-1,1.463515916E0
2.518391854E1,-3.405225438E-1,-1.448742841E0,-2.843348944E-1,1.515142817E0
2.519397454E1,-2.677793804E-1,-1.435006855E0,-2.887583131E-1,1.488063115E0
2.520403054E1,-2.576017168E-1,-1.335943766E0,-3.253624678E-1,1.398915696E0
2.521408654E1,-3.049325886E-1,-1.313432570E0,-4.287125891E-1,1.414879318E0
2.522414154E1,-2.921020433E-1,-1.366073445E0,-4.148201895E-1,1.457242619E0
2.523419754E1,-2.421931341E-1,-1.474803735E0,-2.648168886E-1,1.517837790E0
2.524425354E1,-2.062675488E-1,-1.524131724E0,-1.906268317E-1,1.549794309E0
2.525430954E1,-2.137478918E-1,-1.554837207E0,-2.488949203E-1,1.589073813E0
2.526436554E1,-2.211782411E-1,-1.496891300E0,-2.926911503E-1,1.541191581E0
2.527442154E1,-2.089368027E-1,-1.401825514E0,-3.475479734E-1,1.459300844E0
2.528447754E1,-2.576607737E-1,-1.360465965E0,-3.949554437E-1,1.439877258E0
2.529453254E1,-2.991151938E-1,-1.356706351E0,-3.836334801E-1,1.441282994E0
2.530458854E1,-3.300034028E-1,-1.418272270E0,-3.118577385E-1,1.489178876E0
2.531464454E1,-2.285688293E-1,-1.479925019E0,-2.707149750E-1,1.521745172E0
2.532470054E1,-1.290734848E-1,-1.402876258E0,-3.003913486E-1,1.440471007E0
2.533475654E1,-9.926730305E-2,-1.303345392E0,-2.927665794E-1,1.339505685E0
2.534481254E1,-1.274105367E-1,-1.320944780E0,-2.612880939E-1,1.352553151E0
2.535486754E1,-2.234952003E-1,-1.374818248E0,-2.628493005E-1,1.417450202E0
2.536492354E1,-3.263801757E-1,-1.367240695E0,-2.830824208E-1,1.433878236E0
2.537497954E1,-3.457081470E-1,-1.320065798E0,-3.529671729E-1,1.409494114E0
2.538503554E1,-2.947996563E-1,-1.262456398E0,-4.433592796E-1,1.370135192E0
2.539509154E1,-1.861303228E-1,-1.329461396E0,-4.178888083E-1,1.405966983E0
2.540514754E1,-1.050572160E-1,-1.382922197E0,-3.129856664E-1,1.421784389E0
2.541520254E1,-1.179003328E-1,-1.370766420E0,-2.834086955E-1,1.404714047E0
2.542525854E1,-1.364488703E-1,-1.417742804E0,-2.140314817E-1,1.440285537E0
2.543531454E1,-1.196676537E-1,-1.417814140E0,-1.120852768E-1,1.427263253E0
2.544536979E1,-1.502222791E-1,-1.367430876E0,-2.370642489E-1,1.395934594E0
2.545542579E1,-2.553128242E-1,-1.287001694E0,-4.353351456E-1,1.382416249E0
2.546548179E1,-3.619631141E-1,-1.267594200E0,-4.968045849E-1,1.408767954E0
2.547553679E1,-3.478917897E-1,-1.315581860E0,-4.729567158E-1,1.440649987E0
2.548559279E1,-2.824763569E-1,-1.392113142E0,-3.496015155E-1,1.462871530E0
2.549564879E1,-2.232276902E-1,-1.435602832E0,-2.537083483E-1,1.474840337E0
2.550570479E1,-1.649590167E-1,-1.472856466E0,-1.618234473E-1,1.490873729E0
2.551576079E1,-1.749881610E-1,-1.466193418E0,-1.182149130E-1,1.481323314E0
2.552581679E1,-1.875602594E-1,-1.474398962E0,-2.039847958E-1,1.500213634E0
2.553587279E1,-1.724799979E-1,-1.477349613E0,-2.686409676E-1,1.511449370E0
2.554592779E1,-1.752603489E-1,-1.390319655E0,-3.375790554E-1,1.441410612E0
2.555598379E1,-1.832985163E-1,-1.329332904E0,-3.828639865E-1,1.395460192E0
2.556603979E1,-2.381266880E-1,-1.321270617E0,-3.736914593E-1,1.393594514E0
2.557609579E1,-2.972066626E-1,-1.358284076E0,-3.169535869E-1,1.426088009E0
2.558615179E1,-2.952042836E-1,-1.446683891E0,-2.765130740E-1,1.502164881E0
2.559620779E1,-2.387614033E-1,-1.517824771E0,-2.314819121E-1,1.553828471E0
2.560626279E1,-1.230137229E-1,-1.543061500E0,-2.152126193E-1,1.562846006E0
2.561631879E1,-6.099581480E-2,-1.470084886E0,-2.468022019E-1,1.491905288E0
2.562637479E1,-2.265211344E-2,-1.408237132E0,-3.360155100E-1,1.447947292E0
2.563643079E1,-2.094209522E-2,-1.444571438E0,-3.636535442E-1,1.489788277E0
2.564648679E1,2.331343353E-2,-1.463359272E0,-3.455669367E-1,1.503788677E0
2.565654279E1,-8.804532677E-2,-1.420871796E0,-2.787981659E-1,1.450640223E0
2.566659779E1,-5.786199957E-2,-1.367208097E0,-3.227101707E-1,1.405968650E0
2.567665379E1,-1.419569474E-1,-1.312273652E0,-3.148526824E-1,1.356962094E0
2.568670979E1,-2.872441766E-1,-1.335709146E0,-2.836846840E-1,1.395387093E0
2.569676579E1,-3.147421700E-1,-1.419038109E0,-2.874309951E-1,1.481670802E0
2.570682179E1,-2.861489931E-1,-1.484808614E0,-3.394285297E-1,1.549757914E0
2.571687779E1,-2.905037069E-1,-1.434590094E0,-3.607007003E-1,1.507496646E0
2.572693279E1,-3.172047248E-1,-1.419091903E0,-3.360733974E-1,1.492442962E0
2.573698879E1,-2.794255722E-1,-1.484899684E0,-2.469249934E-1,1.531005446E0
2.574704479E1,-1.933583584E-1,-1.462906113E0,-1.534332776E-1,1.483584686E0
2.575710079E1,-8.115935326E-2,-1.410864725E0,-1.690786725E-1,1.423275697E0
2.576715679E1,-1.293073735E-1,-1.384381077E0,-2.957007122E-1,1.421502822E0
2.577721279E1,-2.275136992E-1,-1.368505302E0,-3.809753358E-1,1.438649176E0
2.578726779E1,-2.888249713E-1,-1.347353145E0,-4.142547637E-1,1.438884071E0
2.579732379E1,-2.571950430E-1,-1.396226951E0,-3.525596219E-1,1.462838773E0
2.580737979E1,-1.477912992E-1,-1.447541969E0,-2.692186725E-1,1.479763060E0
2.581743579E1,-6.963273704E-2,-1.460319890E0,-2.286840194E-1,1.479756493E0
2.582749179E1,-3.096305341E-2,-1.460542230E0,-2.460859179E-1,1.481452192E0
2.583754779E1,-1.691628724E-2,-1.489693962E0,-2.731281209E-1,1.514619831E0
2.584760379E1,-1.567521572E-2,-1.505236885E0,-2.571523583E-1,1.527125118E0
2.585765879E1,-4.314601958E-2,-1.449554581E0,-2.331015909E-1,1.468811225E0
2.586771479E1,-8.872097254E-2,-1.432362598E0,-2.549286622E-1,1.457574233E0
2.587777079E1,-1.193109736E-1,-1.412778226E0,-3.601498926E-1,1.462834703E0
2.588782679E1,-1.514849854E-1,-1.391597418E0,-4.132122052E-1,1.459532597E0
2.589788279E1,-1.148501328E-1,-1.384578274E0,-3.719133210E-1,1.438251393E0
2.590793879E1,-1.054127267E-1,-1.411200355E0,-2.924712950E-1,1.445039011E0
2.591799379E1,-1.290606210E-1,-1.454163941E0,-2.550181246E-1,1.481986388E0
2.592804979E1,-2.310150120E-1,-1.479476099E0,-2.957439816E-1,1.526329573E0
2.593810579E1,-3.169079787E-1,-1.433854222E0,-3.859413761E-1,1.518327812E0
2.594816179E1,-2.924242249E-1,-1.461731700E0,-4.235325408E-1,1.549693939E0
2.595821779E1,-1.692505807E-1,-1.474052660E0,-3.698767358E-1,1.529145449E0
2.596827379E1,-9.621973425E-2,-1.470886832E0,-2.798033023E-1,1.500352024E0
2.597832879E1,-5.494306952E-2,-1.484754088E0,-2.479003090E-1,1.506309399E0
2.598838479E1,-1.027098513E-1,-1.495786469E0,-3.083353758E-1,1.530685199E0
2.599844079E1,-1.779129383E-1,-1.506810663E0,-2.953855473E-1,1.545763245E0
2.600849679E1,-1.980487025E-1,-1.534529243E0,-2.918719554E-1,1.574545180E0
2.601855279E1,-2.506680885E-1,-1.446786948E0,-4.097740424E-1,1.524448008E0
2.602860879E1,-3.560363764E-1,-1.386725226E0,-5.157080483E-1,1.521750158E0
2.603866379E1,-3.902925816E-1,-1.464169258E0,-4.063276935E-1,1.568828260E0
2.604871979E1,-3.597853187E-1,-1.563490063E0,-2.046408534E-1,1.617351085E0
2.605877579E1,-2.633533305E-1,-1.602283415E0,-7.067938864E-2,1.625319260E0
2.606883179E1,-4.689583898E-2,-1.583331420E0,-1.229622674E-1,1.588791152E0
2.607888779E1,1.319348198E-1,-1.538668194E0,-2.320713115E-1,1.561654156E0
2.608894379E1,1.905505255E-1,-1.480875046E0,-2.981968886E-1,1.522570782E0
2.609899879E1,1.427904680E-1,-1.441032410E0,-3.228686303E-1,1.483646750E0
2.610905479E1,-2.118709356E-2,-1.415903855E0,-3.353097510E-1,1.455220000E0
2.611911079E1,-1.692429793E-1,-1.449053767E0,-3.974715006E-1,1.512079231E0
2.612916679E1,-2.564764202E-1,-1.514639354E0,-3.747913206E-1,1.581259327E0
2.613922279E1,-3.206285620E-1,-1.445516055E0,-3.643353295E-1,1.524814603E0
2.614927879E1,-3.793053710E-1,-1.362770060E0,-4.344264883E-1,1.479777407E0
2.615933479E1,-3.108350605E-1,-1.400359032E0,-4.713341135E-1,1.509893937E0
2.616938979E1,-2.273280501E-1,-1.468127531E0,-4.155867594E-1,1.542656424E0
2.617944579E1,-8.823506892E-2,-1.552452128E0,-2.999276644E-1,1.583619159E0
2.618950179E1,9.724825948E-2,-1.610882185E0,-1.932364440E-1,1.625342721E0
2.619955779E1,1.723867348E-1,-1.554838961E0,-1.419107544E-1,1.570789624E0
2.620961379E1,1.655852535E-1,-1.512150048E0,-1.035705614E-1,1.524710827E0
2.621966979E1,1.561645120E-2,-1.510659739E0,-1.499623704E-1,1.518165153E0
2.622972479E1,-1.986231914E-1,-1.549805824E0,-2.363970816E-1,1.580263537E0
2.623978079E1,-3.180975947E-1,-1.562764862E0,-3.005462998E-1,1.622882674E0
2.624983679E1,-2.794355124E-1,-1.506656004E0,-3.876095867E-1,1.580613081E0
2.625989279E1,-1.631329313E-1,-1.413911124E0,-4.909269637E-1,1.505578395E0
2.626994879E1,-1.386243269E-1,-1.372149286E0,-4.799195802E-1,1.460251065E0
2.628000479E1,-1.793560311E-1,-1.473732964E0,-3.422831404E-1,1.523553472E0
2.629005979E1,-1.909180230E-1,-1.566871508E0,-1.711959493E-1,1.587716620E0
2.630011579E1,-1.870655850E-1,-1.593000960E0,-1.243702769E-1,1.608761498E0
2.631017179E1,-1.677563247E-1,-1.600393449E0,-1.843106693E-1,1.619682623E0
2.632022779E1,-1.163838574E-1,-1.552740980E0,-2.820696831E-1,1.582438960E0
2.633028379E1,-1.251394781E-1,-1.447678794E0,-3.339719081E-1,1.490963117E0
2.634033979E1,-1.263133067E-1,-1.338582322E0,-4.222824061E-1,1.409283546E0
2.635039479E1,-1.557286021E-1,-1.295390109E0,-4.499409056E-1,1.380120919E0
2.636045079E1,-1.930563498E-1,-1.362540411E0,-4.233448452E-1,1.439794424E0
2.637050679E1,-2.133233839E-1,-1.460556702E0,-3.477988189E-1,1.516475112E0
2.638056279E1,-2.376279205E-1,-1.558320540E0,-2.458187002E-1,1.595386087E0
2.639061879E1,-2.421922570E-1,-1.580458244E0,-2.266538662E-1,1.614892358E0
2.640067479E1,-2.886475083E-1,-1.476756121E0,-3.274990404E-1,1.539929104E0
2.641072979E1,-2.914126566E-1,-1.432318890E0,-4.044636011E-1,1.516591422E0
2.642078579E1,-2.314725566E-1,-1.466708704E0,-3.338005847E-1,1.521918788E0
2.643084179E1,-1.567211670E-1,-1.503277044E0,-2.429763687E-1,1.530830138E0
2.644089779E1,-1.063605604E-1,-1.561681812E0,-1.962156004E-1,1.577549749E0
2.645095412E1,-1.122729725E-1,-1.557103880E0,-1.283919919E-1,1.566417000E0
2.646101012E1,-1.119212624E-1,-1.558135037E0,-1.072168851E-1,1.565824582E0
2.647106512E1,-1.433588174E-1,-1.504675844E0,-1.586273593E-1,1.519790705E0
2.648112112E1,-1.448697379E-1,-1.423904454E0,-3.162530905E-1,1.465778685E0
2.649117712E1,-1.766765445E-1,-1.392082152E0,-4.085203993E-1,1.461504785E0
2.650123312E1,-1.928774250E-1,-1.389478095E0,-3.878066379E-1,1.455419206E0
2.651128912E1,-1.486581489E-1,-1.409790883E0,-4.284541422E-1,1.480939746E0
2.652134512E1,-1.391938457E-1,-1.396331616E0,-4.994153666E-1,1.489473940E0
2.653140012E1,-9.395773888E-2,-1.346361604E0,-4.984026289E-1,1.438722630E0
2.654145612E1,-7.375210047E-2,-1.336075328E0,-3.864565158E-1,1.392797650E0
2.655151212E1,-4.328021318E-2,-1.415240196E0,-2.783730733E-1,1.443007123E0
2.656156812E1,-8.414874226E-2,-1.464284448E0,-1.750100881E-1,1.477104765E0
2.657162412E1,-1.959375653E-1,-1.456456342E0,-1.740634239E-1,1.479849547E0
2.658168012E1,-2.456155095E-1,-1.453815739E0,-3.098638380E-1,1.506626291E0
2.659173513E1,-3.548344812E-1,-1.368591402E0,-5.152782780E-1,1.504812825E0
2.660179112E1,-3.616423944E-1,-1.264191121E0,-6.520674562E-1,1.467704459E0
2.661184712E1,-2.881513721E-1,-1.250614763E0,-6.262467366E-1,1.428024325E0
2.662190312E1,-2.139130756E-1,-1.316603954E0,-4.305579704E-1,1.401636522E0
2.663195912E1,-1.882198253E-1,-1.384042231E0,-1.978762096E-1,1.410728391E0
2.664201512E1,-1.624529001E-1,-1.465212694E0,-6.797154307E-2,1.475757200E0
2.665207012E1,-1.965249181E-1,-1.470873675E0,-9.696730077E-2,1.487109300E0
2.666212612E1,-2.638652542E-1,-1.416934427E0,-2.236062974E-1,1.458536190E0
2.667218212E1,-2.123647329E-1,-1.335926516E0,-3.884866691E-1,1.407380662E0
2.668223812E1,-1.876514760E-1,-1.227060716E0,-5.202449030E-1,1.345936788E0
2.669229412E1,-2.067210004E-1,-1.268745224E0,-5.301266974E-1,1.390497153E0
2.670235012E1,-2.562352225E-1,-1.376935379E0,-3.788539660E-1,1.450909320E0
2.671240512E1,-2.275911748E-1,-1.478123784E0,-1.534332776E-1,1.503392642E0
2.672246112E1,-1.056293660E-1,-1.534733310E0,-1.010626906E-1,1.541680111E0
2.673251712E1,-2.979010195E-2,-1.494337236E0,-1.259443474E-1,1.499931067E0
2.674257312E1,-4.427365512E-2,-1.437424240E0,-2.197681850E-1,1.454801243E0
2.675262912E1,-1.697467169E-1,-1.366984295E0,-3.318768507E-1,1.416898816E0
2.676268512E1,-2.717019850E-1,-1.303962420E0,-4.513459915E-1,1.406361676E0
2.677274012E1,-3.457911775E-1,-1.290648456E0,-4.702225578E-1,1.416493639E0
2.678279612E1,-2.981951344E-1,-1.388040557E0,-3.961588007E-1,1.473946648E0
2.679285212E1,-1.438780501E-1,-1.460774511E0,-2.775363368E-1,1.493850556E0
2.680290812E1,-8.677326500E-2,-1.463256654E0,-2.134806740E-1,1.481291205E0
2.681296412E1,-1.535335574E-1,-1.420084760E0,-2.280764937E-1,1.446455034E0
2.682302012E1,-2.656460238E-1,-1.343698635E0,-2.922227883E-1,1.400531324E0
2.683307512E1,-3.248777336E-1,-1.300369013E0,-3.400728929E-1,1.382806814E0
2.684313112E1,-3.281001341E-1,-1.337802011E0,-3.203584206E-1,1.414211242E0
2.685318712E1,-3.114946264E-1,-1.375493601E0,-3.000212198E-1,1.441882201E0
2.686324312E1,-2.573163727E-1,-1.356969184E0,-2.625931925E-1,1.405891982E0
2.687329912E1,-2.359664342E-1,-1.286764735E0,-2.773866481E-1,1.337305872E0
2.688335512E1,-1.800632519E-1,-1.218446745E0,-3.422024488E-1,1.278333978E0
2.689341012E1,-1.259914175E-1,-1.229148757E0,-4.094851899E-1,1.301675315E0
2.690346612E1,-1.597669816E-1,-1.228611544E0,-3.884872538E-1,1.298435274E0
2.691352212E1,-2.001668563E-1,-1.159916408E0,-3.276031208E-1,1.221800577E0
2.692357812E1,-1.840533918E-1,-1.186868418E0,-3.149322045E-1,1.241657999E0
2.693363413E1,-1.888495705E-1,-1.247071350E0,-2.670914555E-1,1.289259073E0
2.694369012E1,-2.210759148E-1,-1.252060926E0,-2.150389570E-1,1.289485508E0
2.695374512E1,-3.539395648E-1,-1.280456905E0,-2.607893264E-1,1.353829448E0
2.696380112E1,-3.735791928E-1,-1.313442364E0,-3.546008849E-1,1.410827433E0
2.697385712E1,-2.611617941E-1,-1.300877867E0,-3.820863068E-1,1.380752930E0
2.698391312E1,-1.653803086E-1,-1.328974177E0,-2.884870023E-1,1.369944437E0
2.699396912E1,-9.017429799E-2,-1.395804490E0,-1.620292693E-1,1.408067847E0
2.700402512E1,-9.678252876E-2,-1.381533337E0,-1.581765389E-1,1.393922894E0
2.701408012E1,-1.522530171E-1,-1.296594636E0,-2.073808587E-1,1.321871949E0
2.702413612E1,-1.698987445E-1,-1.193277697E0,-2.833946621E-1,1.238180027E0
2.703419212E1,-1.795659462E-1,-1.153712951E0,-3.544897878E-1,1.220229696E0
2.704424812E1,-1.525617501E-1,-1.199888559E0,-4.061329812E-1,1.275912082E0
2.705430412E1,-1.661337224E-1,-1.214491542E0,-4.066136223E-1,1.291481613E0
2.706436012E1,-1.874360061E-1,-1.217140915E0,-3.285345823E-1,1.274558447E0
2.707441512E1,-1.733161497E-1,-1.236510548E0,-2.567120630E-1,1.274714833E0
2.708447112E1,-1.720397025E-1,-1.252076274E0,-2.680404586E-1,1.291951370E0
2.709452712E1,-1.975587058E-1,-1.255378782E0,-2.521249223E-1,1.295597277E0
2.710458312E1,-2.296157733E-1,-1.240589419E0,-2.153313178E-1,1.279903546E0
2.711463912E1,-2.273827216E-1,-1.237244666E0,-1.966436166E-1,1.273242309E0
2.712469512E1,-2.405418804E-1,-1.187600051E0,-2.436318415E-1,1.235965514E0
2.713475012E1,-1.934554222E-1,-1.124323529E0,-3.828429365E-1,1.203369068E0
2.714480612E1,-1.866855159E-1,-1.027794331E0,-4.977857476E-1,1.157153110E0
2.715486212E1,-1.984667784E-1,-9.756794138E-1,-4.766837311E-1,1.103887114E0
2.716491812E1,-2.114204076E-1,-1.078312959E0,-3.432882768E-1,1.151218601E0
2.717497412E1,-2.431555858E-1,-1.188662928E0,-2.028200305E-1,1.230113881E0
2.718503012E1,-2.434254348E-1,-1.241592802E0,-7.533728063E-2,1.267471630E0
2.719508512E1,-2.006217697E-1,-1.234017003E0,-5.009134233E-2,1.251221883E0
2.720514112E1,-1.721493378E-1,-1.163519024E0,-1.232628143E-1,1.182626583E0
2.721519712E1,-2.254168877E-1,-1.094996381E0,-2.245453602E-1,1.140285256E0
2.722525312E1,-2.655056906E-1,-1.064890968E0,-3.609398514E-1,1.155319705E0
2.723530912E1,-2.968909130E-1,-1.064293675E0,-4.607816434E-1,1.197157034E0
2.724536512E1,-2.517264345E-1,-1.072714981E0,-4.330903995E-1,1.183913393E0
2.725542012E1,-1.616720045E-1,-1.152218256E0,-2.488925815E-1,1.189828670E0
2.726547612E1,-1.180234167E-1,-1.223492892E0,-1.050943458E-1,1.233656842E0
2.727553212E1,-1.541735351E-1,-1.234666628E0,-4.267824233E-2,1.244986986E0
2.728558812E1,-1.612425265E-1,-1.186599592E0,-1.175611943E-1,1.203261559E0
2.729564412E1,-1.133079296E-1,-1.068399590E0,-2.640263450E-1,1.106357212E0
2.730570012E1,-9.777275473E-2,-1.005084915E0,-3.956226110E-1,1.084560947E0
2.731575512E1,-1.467136574E-1,-9.924863581E-1,-4.711481720E-1,1.108392831E0
2.732581112E1,-1.907785669E-1,-1.061289521E0,-4.683467710E-1,1.175619244E0
2.733586712E1,-2.234282497E-1,-1.102837789E0,-3.335497391E-1,1.173638275E0
2.734592312E1,-2.100115210E-1,-1.177616369E0,-1.554681087E-1,1.206256806E0
2.735597912E1,-1.796428370E-1,-1.248173697E0,-1.954490304E-2,1.261186397E0
2.736603512E1,-1.525982952E-1,-1.241618822E0,-2.875368297E-2,1.251291458E0
2.737609012E1,-1.405752504E-1,-1.099429155E0,-1.969114190E-1,1.125735304E0
2.738614612E1,-1.986790323E-1,-8.983568573E-1,-4.086613172E-1,1.006738533E0
2.739620212E1,-2.057839841E-1,-8.305006506E-1,-5.234497619E-1,1.003034412E0
2.740625813E1,-2.309384134E-1,-8.835797739E-1,-4.732613558E-1,1.028602002E0
2.741631412E1,-2.330591986E-1,-1.010166876E0,-3.313131791E-1,1.088357538E0
2.742637012E1,-2.529359311E-1,-1.094906041E0,-2.108283770E-1,1.143347904E0
2.743642512E1,-2.698522183E-1,-1.113859937E0,-1.799392909E-1,1.160121686E0
2.744648125E1,-2.714365214E-1,-1.106852926E0,-1.709813565E-1,1.152404360E0
2.745653725E1,-2.186738786E-1,-1.105785517E0,-1.145715129E-1,1.133007726E0
2.746659325E1,-1.552538082E-1,-1.142298309E0,-1.593424737E-1,1.163760798E0
2.747664925E1,-1.759444731E-1,-1.103835763E0,-2.662710911E-1,1.149047494E0
2.748670525E1,-1.776825580E-1,-9.956953101E-1,-3.607153183E-1,1.073822976E0
2.749676025E1,-1.511204115E-1,-9.500136454E-1,-3.493816602E-1,1.023440692E0
2.750681625E1,-9.744209468E-2,-9.660528503E-1,-2.808850372E-1,1.010766776E0
2.751687225E1,-7.201781631E-2,-1.046525448E0,-1.575158036E-1,1.060760721E0
2.752692825E1,-9.045204073E-2,-1.138671573E0,-8.974014223E-2,1.145778258E0
2.753698425E1,-1.100752965E-1,-1.138201457E0,-9.575868130E-2,1.147514206E0
2.754704025E1,-1.281534255E-1,-1.070759233E0,-2.206733340E-1,1.100747635E0
2.755709525E1,-1.184903169E-1,-9.558668545E-1,-3.435163182E-1,1.022606894E0
2.756715125E1,-7.886607528E-2,-8.974419142E-1,-3.912658507E-1,9.821969320E-1
2.757720725E1,-6.915911257E-2,-9.191603735E-1,-2.855359125E-1,9.649712599E-1
2.758726325E1,-1.368035039E-1,-9.699908039E-1,-2.005676830E-1,9.999123731E-1
2.759731925E1,-1.838905469E-1,-1.071862749E0,-1.331282365E-1,1.095640732E0
2.760737425E1,-1.717394480E-1,-1.097466391E0,-1.179488647E-1,1.117067076E0
2.761743025E1,-1.470776466E-1,-1.077026718E0,-1.086459446E-1,1.092438706E0
2.762748625E1,-7.882192880E-2,-1.050653729E0,-1.635214788E-1,1.066220159E0
2.763754225E1,-1.107129353E-1,-9.810392641E-1,-2.355620992E-1,1.014980243E0
2.764759825E1,-1.390225223E-1,-9.198450825E-1,-3.185954851E-1,9.833337788E-1
2.765765425E1,-1.127658927E-1,-9.302515183E-1,-3.409353572E-1,9.971564329E-1
2.766770925E1,-9.559992939E-2,-9.126455520E-1,-3.142018872E-1,9.699402435E-1
2.767776525E1,-1.535145539E-1,-9.084542678E-1,-2.337459540E-1,9.505225121E-1
2.768782125E1,-2.694484681E-1,-9.062358342E-1,-2.086508739E-1,9.681947383E-1
2.769787725E1,-2.741268253E-1,-9.422688621E-1,-2.511460984E-1,1.012961247E0
2.770793325E1,-1.711655438E-1,-9.323104692E-1,-2.648619121E-1,9.842013446E-1
2.771798925E1,-6.599138349E-2,-9.226133005E-1,-2.464390898E-1,9.572368516E-1
2.772804425E1,-1.673268467E-2,-9.202796768E-1,-2.195313728E-1,9.462498031E-1
2.773810025E1,-4.187249601E-2,-8.832638781E-1,-2.958182412E-1,9.324252335E-1
2.774815625E1,-1.064240026E-1,-8.371344629E-1,-3.552282912E-1,9.155912386E-1
2.775821225E1,-1.376317620E-1,-8.679033887E-1,-3.200789237E-1,9.352268770E-1
2.776826825E1,-8.757053286E-2,-9.328510442E-1,-2.155944425E-1,9.614367543E-1
2.777832425E1,-2.156336188E-2,-9.962564966E-1,-1.396209848E-1,1.006223636E0
2.778837925E1,-4.030778110E-2,-9.493926711E-1,-1.719923401E-1,9.656875925E-1
2.779843525E1,-1.454272699E-1,-9.352415322E-1,-2.927882141E-1,9.907324324E-1
2.780849125E1,-2.879832646E-1,-9.613285924E-1,-3.524075943E-1,1.063615596E0
2.781854725E1,-3.468755436E-1,-1.022795839E0,-3.149257725E-1,1.124994317E0
2.782860325E1,-2.839144796E-1,-1.073528329E0,-1.971792215E-1,1.127807674E0
2.783865925E1,-1.570810631E-1,-1.120730562E0,-7.984197557E-2,1.134498212E0
2.784871425E1,-5.151981711E-2,-1.164312783E0,-1.354975283E-2,1.165530843E0
2.785877025E1,-2.429225743E-3,-1.100749018E0,-2.175281167E-2,1.100966614E0
2.786882625E1,-3.536279082E-2,-9.953976868E-1,-1.215232676E-1,1.003411673E0
2.787888225E1,-1.396016890E-1,-9.892094323E-1,-2.219562131E-1,1.023371141E0
2.788893825E1,-2.286579993E-1,-1.042568637E0,-2.451328218E-1,1.095136496E0
2.789899425E1,-1.977908403E-1,-1.046502936E0,-1.898520756E-1,1.081819496E0
2.790904925E1,-1.318912581E-1,-1.017940311E0,-1.320131725E-1,1.034903502E0
2.791910525E1,-5.342016220E-2,-9.863926823E-1,-1.201836705E-1,9.951222800E-1
2.792916125E1,1.918822289E-2,-9.396662664E-1,-1.356027782E-1,9.495941205E-1
2.793921725E1,-1.893620789E-3,-8.890641698E-1,-2.044046259E-1,9.122608919E-1
2.794927325E1,-2.621862262E-2,-9.321656044E-1,-2.774597383E-1,9.729357823E-1
2.795932925E1,-1.531210363E-2,-9.576208730E-1,-3.335801446E-1,1.014173511E0
2.796938425E1,2.731760681E-2,-8.879391655E-1,-3.344718450E-1,9.492384466E-1
2.797944025E1,7.567086428E-2,-8.562183130E-1,-2.402118051E-1,8.924895464E-1
2.798949625E1,6.176677018E-2,-8.816794288E-1,-1.025923222E-1,8.897746533E-1
2.799955225E1,-2.683725804E-2,-9.187576465E-1,-5.369147301E-2,9.207163655E-1
2.800960825E1,-1.386775365E-1,-9.819939682E-1,-1.150767124E-1,9.983918381E-1
2.801966425E1,-1.745238921E-1,-9.925585712E-1,-2.400808275E-1,1.035987408E0
2.802971925E1,-1.065432858E-1,-9.327963728E-1,-3.686833191E-1,1.008656500E0
2.803977525E1,-4.826408744E-2,-8.567778915E-1,-4.012733603E-1,9.473215332E-1
2.804983125E1,-1.509078652E-2,-8.734734464E-1,-3.453809953E-1,9.393996089E-1
2.805988725E1,-1.092201412E-2,-9.550122839E-1,-1.896567786E-1,9.737234959E-1
2.806994325E1,3.688423634E-3,-1.002985472E0,-5.050123215E-2,1.004262832E0
2.807999925E1,1.012913167E-2,-1.045403660E0,-6.257690191E-3,1.045471458E0
2.809005425E1,1.702329129E-2,-1.038166707E0,1.895082593E-3,1.038307997E0
2.810011025E1,8.740388721E-2,-1.000399834E0,-4.641929090E-2,1.005283053E0
2.811016625E1,1.372891152E-1,-9.051174080E-1,-1.645248610E-1,9.301366853E-1
2.812022225E1,4.564248830E-2,-7.848203015E-1,-2.361976916E-1,8.208626511E-1
2.813027825E1,-3.913132131E-2,-7.912898071E-1,-2.683146930E-1,8.364589611E-1
2.814033325E1,-6.180214584E-2,-8.906913038E-1,-2.874175465E-1,9.379548762E-1
2.815038925E1,-9.555987597E-2,-9.406427515E-1,-2.479435784E-1,9.774540878E-1
2.816044525E1,-3.495494753E-2,-9.723469394E-1,-8.486707270E-2,9.766692577E-1
2.817050125E1,6.803235412E-2,-1.067469444E0,1.308431447E-1,1.077608158E0
2.818055725E1,2.103547525E-1,-1.109044463E0,2.058412868E-1,1.147431644E0
2.819061325E1,2.675887612E-1,-1.020220433E0,8.871103227E-2,1.058453175E0
2.820066825E1,1.486102018E-1,-8.784356859E-1,-1.216337800E-1,8.991824191E-1
2.821072425E1,8.162976176E-2,-8.546033120E-1,-3.750924522E-1,9.368588936E-1
2.822078025E1,2.579791546E-2,-8.292569478E-1,-5.504802704E-1,9.956712037E-1
2.823083625E1,-1.740850586E-1,-8.883003773E-1,-4.280629635E-1,1.001309677E0
2.824089225E1,-2.540770152E-1,-1.021524654E0,-1.716479391E-1,1.066550873E0
2.825094825E1,-2.187852681E-1,-1.124149721E0,-7.010928512E-2,1.147386117E0
2.826100325E1,-1.251725149E-1,-1.111592679E0,-5.027552962E-2,1.119747325E0
2.827105925E1,5.169026345E-2,-9.592089768E-1,-1.291737646E-1,9.692469272E-1
2.828111525E1,1.183961767E-1,-7.719073105E-1,-3.246970546E-1,8.457462550E-1
2.829117125E1,4.477856219E-2,-6.908211936E-1,-4.746681958E-1,8.393741343E-1
2.830122725E1,-9.492808431E-2,-6.919220781E-1,-4.724333900E-1,8.431849212E-1
2.831128325E1,-2.063137418E-1,-7.821789680E-1,-4.058014441E-1,9.050105580E-1
2.832133825E1,-1.736164042E-1,-8.791920233E-1,-2.965169835E-1,9.439510534E-1
2.833139425E1,-1.380492532E-1,-9.308831638E-1,-5.138650060E-2,9.424657200E-1
2.834145025E1,-2.230508119E-2,-1.039895875E0,1.235727167E-1,1.047449838E0
2.835150625E1,1.189747587E-1,-1.004784953E0,7.317264140E-2,1.014446662E0
2.836156225E1,9.677141905E-2,-9.133688526E-1,-1.957256037E-1,9.391037644E-1
2.837161825E1,4.538667262E-2,-8.377949059E-1,-3.931942624E-1,9.265861980E-1
2.838167325E1,-5.188906878E-2,-8.195264500E-1,-3.829926252E-1,9.060901880E-1
2.839172925E1,-8.402799726E-2,-9.051108299E-1,-2.037532461E-1,9.315587496E-1
2.840178525E1,-8.534771383E-2,-9.580521052E-1,-4.326647222E-2,9.628188075E-1
2.841184125E1,-3.918336153E-2,-9.411450273E-1,5.649462819E-2,9.436529771E-1
2.842189725E1,2.632942736E-2,-9.351817444E-1,9.282045543E-2,9.401456115E-1
2.843195225E1,9.809932172E-2,-9.938845736E-1,-3.260992169E-3,9.987195085E-1
2.844200825E1,1.553915101E-1,-9.955399203E-1,-1.182248533E-1,1.014506466E0
2.845206462E1,9.831596106E-2,-9.383437724E-1,-2.346130961E-1,9.722131291E-1
2.846212062E1,-9.050905108E-3,-8.640313625E-1,-1.933223981E-1,8.854409432E-1
2.847217662E1,1.968757510E-2,-9.028479575E-1,-9.164107203E-2,9.077004577E-1
2.848223262E1,9.859458089E-2,-9.699868570E-1,7.508994341E-3,9.750137328E-1
2.849228762E1,1.389310133E-1,-9.768506111E-1,7.950576067E-2,9.898788355E-1
2.850234362E1,2.475249177E-1,-9.787417468E-1,-3.407523394E-2,1.010131236E0
2.851239962E1,2.751851714E-1,-8.721329722E-1,-2.841372585E-1,9.576412592E-1
2.852245562E1,1.668997076E-1,-7.809142153E-1,-4.202528375E-1,9.023829406E-1
2.853251162E1,9.327683061E-2,-7.800885884E-1,-3.810466719E-1,8.731754343E-1
2.854256762E1,7.605297983E-2,-8.179718216E-1,-2.795173734E-1,8.677510695E-1
2.855262262E1,8.846281797E-2,-8.670035022E-1,-1.306174421E-1,8.812387073E-1
2.856267862E1,1.657106763E-1,-9.207179256E-1,-1.769659817E-2,9.356787356E-1
2.857273462E1,1.712076437E-1,-9.188161187E-1,3.561012805E-2,9.353091459E-1
2.858279062E1,1.123878703E-1,-9.181853503E-1,-6.241844237E-2,9.271415387E-1
2.859284662E1,7.668447912E-2,-8.312821309E-1,-3.418890381E-1,9.021078677E-1
2.860290262E1,-3.125570655E-2,-6.890565039E-1,-5.302804792E-1,8.700420515E-1
2.861295762E1,-8.496472120E-2,-6.803777741E-1,-5.349126434E-1,8.696346678E-1
2.862301362E1,-9.847061992E-2,-7.663891469E-1,-4.150265962E-1,8.770951277E-1
2.863306962E1,-1.290690994E-1,-8.638150156E-1,-1.979042763E-1,8.955452619E-1
2.864312562E1,-9.569845498E-2,-9.335616271E-1,-4.879676878E-2,9.397215708E-1
2.865318162E1,-9.750349045E-2,-9.396269439E-1,-9.369286001E-2,9.493071560E-1
2.866323762E1,-9.656413525E-2,-8.728295217E-1,-2.242810661E-1,9.063432037E-1
2.867329262E1,-1.603929260E-1,-7.934733036E-1,-3.702509576E-1,8.901750086E-1
2.868334862E1,-2.073361275E-1,-8.118527104E-1,-3.701766980E-1,9.160370521E-1
2.869340462E1,-2.271584809E-1,-9.723725210E-1,-2.147349018E-1,1.021381600E0
2.870346062E1,-1.793715262E-1,-1.111902874E0,-6.893165588E-2,1.128385448E0
2.871351663E1,-4.526885122E-2,-1.121097621E0,6.591098428E-2,1.123945462E0
2.872357162E1,1.106030077E-1,-1.044182030E0,1.045511395E-1,1.055215655E0
2.873362762E1,1.868547928E-1,-8.708522858E-1,-5.895455182E-2,8.926220121E-1
2.874368362E1,8.363243312E-2,-7.252794202E-1,-2.320169324E-1,7.660655834E-1
2.875373962E1,-2.477728397E-2,-7.522643204E-1,-3.308904254E-1,8.221946212E-1
2.876379562E1,-1.412415406E-1,-8.602036290E-1,-2.939974183E-1,9.199640961E-1
2.877385162E1,-2.178228164E-1,-9.335509560E-1,-1.390093660E-1,9.686525541E-1
2.878390662E1,-1.770174372E-1,-1.013658980E0,5.856629670E-2,1.030664694E0
2.879396262E1,1.812139839E-2,-1.119156345E0,1.315635216E-1,1.127008549E0
2.880401863E1,2.249798083E-1,-1.118156617E0,1.080448508E-1,1.145671779E0
2.881407462E1,2.606612724E-1,-1.022031900E0,5.684136808E-2,1.056278583E0
2.882413062E1,1.427056834E-1,-8.777502461E-1,-1.103463149E-1,8.960952604E-1
2.883418662E1,1.352691945E-1,-8.241872656E-1,-4.267660511E-1,9.379294569E-1
2.884424162E1,1.256288901E-1,-8.043804073E-1,-4.579398966E-1,9.340874727E-1
2.885429762E1,6.633286089E-2,-9.300632380E-1,-2.014675695E-1,9.539427953E-1
2.886435362E1,1.040889171E-1,-1.072966119E0,-1.501798868E-2,1.078107757E0
2.887440962E1,1.157795477E-1,-1.046059571E0,-4.468442202E-3,1.052456886E0
2.888446562E1,1.593149918E-1,-1.006452287E0,-8.782810271E-2,1.022761579E0
2.889452062E1,1.445566195E-1,-9.270105529E-1,-1.616217184E-1,9.520329623E-1
2.890457662E1,1.080641466E-1,-8.472709036E-1,-2.761546397E-1,8.976676606E-1
2.891463262E1,7.216107309E-2,-8.469206554E-1,-3.252472776E-1,9.100920880E-1
2.892468862E1,-5.984040499E-2,-7.744069952E-1,-2.547193319E-1,8.174160546E-1
2.893474462E1,-1.084693587E-1,-7.976249729E-1,-1.346917820E-1,8.161575064E-1
2.894480062E1,7.924731374E-3,-8.582034427E-1,-3.207899451E-2,8.588393402E-1
2.895485562E1,1.279414639E-1,-8.885795818E-1,-1.365851104E-2,8.978470061E-1
2.896491162E1,1.544851917E-1,-8.419158773E-1,-1.485210317E-1,8.687614838E-1
2.897496762E1,6.069175959E-2,-7.379120372E-1,-4.034935480E-1,8.432109509E-1
2.898502362E1,-6.114199519E-2,-6.509212558E-1,-5.314458293E-1,8.425387197E-1
2.899507962E1,-4.492328078E-2,-7.048451556E-1,-4.107756704E-1,8.170443354E-1
2.900513562E1,7.340828419E-2,-8.091400409E-1,-1.580256808E-1,8.276886478E-1
2.901519062E1,1.525597036E-1,-8.512660137E-1,3.506926060E-2,8.655392205E-1
2.902524662E1,1.232350400E-1,-8.572205257E-1,1.021876949E-1,8.720414152E-1
2.903530262E1,6.638723999E-2,-8.748940274E-1,6.073736787E-2,8.795088702E-1
2.904535862E1,2.433611155E-2,-8.713050064E-1,-5.604146898E-2,8.734445070E-1
2.905541462E1,-1.387748927E-2,-8.184337516E-1,-1.287211901E-1,8.286106053E-1
2.906547062E1,-1.672859162E-2,-8.307259145E-1,-2.900183880E-1,8.800545757E-1
2.907552562E1,-8.422329426E-3,-8.064231321E-1,-3.526122469E-1,8.801844127E-1
2.908558162E1,4.688706815E-2,-7.895357886E-1,-1.988345683E-1,8.155368442E-1
2.909563762E1,1.217706048E-1,-8.852674265E-1,5.319212079E-2,8.951848403E-1
2.910569362E1,1.519951549E-1,-1.009206764E0,2.013243127E-1,1.040255881E0
2.911574962E1,1.147247100E-1,-9.801884942E-1,1.482772028E-1,9.979565983E-1
2.912580562E1,1.000405973E-1,-9.710782398E-1,2.135110795E-2,9.764511963E-1
2.913586062E1,1.693666479E-1,-8.644883224E-1,-2.437897164E-1,9.140342154E-1
2.914591662E1,1.284010550E-1,-6.442370112E-1,-5.490822011E-1,8.561655337E-1
2.915597262E1,2.245243102E-2,-5.606368840E-1,-6.175659603E-1,8.343893232E-1
2.916602862E1,-7.262241840E-2,-6.449550493E-1,-4.003120780E-1,7.625554348E-1
2.917608462E1,-1.187762457E-1,-8.157206436E-1,-1.261805749E-1,8.339241586E-1
2.918613962E1,-7.162459105E-2,-9.682125194E-1,1.289732051E-1,9.793873863E-1
2.919619562E1,3.662666649E-2,-1.021146778E0,1.656352472E-1,1.035141193E0
2.920625162E1,1.143680298E-1,-8.952473080E-1,-5.444342494E-3,9.025394338E-1
2.921630762E1,1.150463068E-1,-7.450107032E-1,-2.115025610E-1,7.829495092E-1
2.922636362E1,9.878724664E-2,-7.127443054E-1,-3.282118160E-1,7.908769570E-1
2.923641962E1,3.568818837E-2,-6.893800011E-1,-3.141937011E-1,7.584432178E-1
2.924647462E1,-3.264851332E-2,-6.867266808E-1,-2.005665135E-1,7.161608660E-1
2.925653062E1,-8.472440064E-2,-7.500976346E-1,-9.523769438E-2,7.608514336E-1
2.926658662E1,-5.016326308E-2,-7.901373209E-1,-3.280054092E-2,7.924072276E-1
2.927664263E1,2.388967663E-2,-7.818203875E-1,-3.325077653E-2,7.828917225E-1
2.928669862E1,3.153695762E-2,-7.696258731E-1,-1.616041768E-1,7.870415962E-1
2.929675462E1,-3.091627568E-2,-6.878993399E-1,-2.451486093E-1,7.309303377E-1
2.930680962E1,-5.138357699E-2,-6.880427429E-1,-2.437411845E-1,7.317464404E-1
2.931686562E1,-7.347640425E-2,-7.852443708E-1,-1.337725997E-1,7.999391304E-1
2.932692162E1,-1.016354254E-1,-8.644905151E-1,2.830286264E-2,8.709045083E-1
2.933697762E1,-5.915335715E-2,-8.908161418E-1,2.903551877E-2,8.932500095E-1
2.934703362E1,-1.886838019E-2,-8.028981382E-1,-8.571784258E-2,8.076812395E-1
2.935708862E1,7.818779826E-2,-7.180559161E-1,-1.294152546E-1,7.338023839E-1
2.936714462E1,1.906242004E-1,-6.481324263E-1,-2.091297609E-1,7.072117679E-1
2.937720062E1,1.536911398E-1,-5.866910537E-1,-3.573970234E-1,7.039602199E-1
2.938725662E1,2.500064760E-2,-6.423227790E-1,-3.297011018E-1,7.224308973E-1
2.939731262E1,8.215630352E-3,-7.647652289E-1,-1.332557058E-1,7.763313951E-1
2.940736862E1,-2.154114246E-2,-8.612418021E-1,9.398288190E-2,8.666223195E-1
2.941742362E1,-1.628092879E-1,-9.030477861E-1,4.706464809E-1,1.031266347E0
2.942747962E1,1.588396132E-2,-1.038633315E0,5.139597309E-1,1.158950417E0
2.943753562E1,-2.454661131E-2,-1.199690631E0,6.266718292E-1,1.353727346E0
2.944759162E1,1.032372701E-1,-1.192011044E0,6.441976887E-1,1.358874139E0
2.945764725E1,2.534016618E-1,-8.717325841E-1,-1.066806954E-1,9.140628376E-1
2.946770325E1,1.634858108E-1,-3.610426162E-1,-9.172638291E-1,9.992258570E-1
2.947775825E1,1.569889694E-2,5.393544808E-2,-1.137523765E0,1.138909919E0
2.948781425E1,8.313454270E-2,5.975196585E-2,-1.173972968E0,1.178428691E0
2.949787025E1,1.799606332E-1,-2.776250683E-1,-8.194434196E-1,8.837132034E-1
2.950792625E1,3.049223560E-1,-5.754145521E-1,-2.350802886E-1,6.923455005E-1
2.951798225E1,3.518097165E-1,-7.101374705E-1,-5.281263649E-2,7.942634816E-1
2.952803725E1,1.044148993E-1,-7.175520323E-1,-4.124508977E-2,7.262813145E-1
2.953809325E1,-2.319289318E-1,-7.373787712E-1,-1.214244497E-1,7.824719666E-1
2.954814925E1,-4.474695799E-1,-7.576925831E-1,-2.221614504E-1,9.075697138E-1
2.955820525E1,-3.725255245E-1,-7.658947648E-1,-2.435645986E-1,8.858294254E-1
2.956826125E1,-8.762461960E-2,-7.435907069E-1,-7.892220855E-2,7.528837416E-1
2.957831725E1,1.990938923E-1,-7.615475062E-1,8.976294637E-2,7.922438820E-1
2.958837225E1,2.519614926E-1,-8.177826641E-1,9.157616794E-2,8.606040170E-1
2.959842825E1,7.902044177E-2,-7.754362513E-1,2.064476430E-2,7.797254750E-1
2.960848425E1,-1.335790569E-1,-7.407663555E-1,-3.857875943E-2,7.537018499E-1
2.961854025E1,-2.489358509E-1,-6.929399322E-1,-1.201994580E-1,7.460447153E-1
2.962859625E1,-2.370753586E-1,-6.350370021E-1,-1.762087673E-1,7.003757916E-1
2.963865225E1,-1.080688244E-1,-5.543951274E-1,-2.437967330E-1,6.151988907E-1
2.964870725E1,-3.965377003E-2,-5.026747508E-1,-2.260492641E-1,5.525871844E-1
2.965876325E1,-9.080989033E-2,-5.554506961E-1,-1.643710792E-1,5.863358795E-1
2.966881925E1,-2.916170168E-1,-6.658686393E-1,-3.117852330E-2,7.275944129E-1
2.967887525E1,-3.921897107E-1,-6.215201399E-1,1.315915883E-2,7.350327999E-1
2.968893125E1,-2.857747713E-1,-5.631568877E-1,-1.765490752E-1,6.557304904E-1
2.969898625E1,-3.731693029E-2,-4.627351981E-1,-2.997768062E-1,5.526142872E-1
2.970904225E1,2.257873088E-1,-4.467929108E-1,-3.427550107E-1,6.066999352E-1
2.971909825E1,1.996666270E-1,-5.492738436E-1,-3.453845036E-1,6.788659459E-1
2.972915425E1,-6.027953088E-2,-6.646354616E-1,-2.062792432E-1,6.985163168E-1
2.973921025E1,-2.687985501E-1,-7.342056334E-1,-3.748825371E-2,7.827617401E-1
2.974926625E1,-3.349232501E-1,-8.094147138E-1,1.328779757E-1,8.859922792E-1
2.975932125E1,-1.905400005E-1,-8.926226391E-1,2.234127545E-1,9.396775652E-1
2.976937725E1,4.250925779E-3,-8.282769544E-1,6.323529840E-2,8.306981922E-1
2.977943325E1,1.162844548E-1,-6.845610183E-1,-1.399162692E-1,7.083236722E-1
2.978948925E1,1.427024674E-1,-6.059023730E-1,-2.899944144E-1,6.867156910E-1
2.979954525E1,1.048718593E-1,-5.592417383E-1,-3.138522238E-1,6.498097007E-1
2.980960125E1,9.620803982E-2,-5.446577592E-1,-1.835622257E-1,5.827547960E-1
2.981965625E1,1.104889870E-1,-5.833577022E-1,-7.174533606E-3,5.937722618E-1
2.982971225E1,1.263489747E-1,-5.967140584E-1,7.147987247E-2,6.141181507E-1
2.983976825E1,3.208922714E-2,-5.712456335E-1,-1.027063429E-2,5.722383928E-1
2.984982425E1,-4.926834673E-2,-6.271518856E-1,-1.662632382E-1,6.506845027E-1
2.985988025E1,-8.218700141E-2,-6.567021056E-1,-2.807330096E-1,7.189042922E-1
2.986993525E1,-1.445846862E-1,-5.353627329E-1,-3.113338280E-1,6.359612721E-1
2.987999125E1,-1.355598012E-1,-5.384162951E-1,-3.449611652E-1,6.536564633E-1
2.989004725E1,-2.799529910E-2,-5.885636245E-1,-2.468220824E-1,6.388364557E-1
2.990010325E1,-4.324512988E-2,-6.174579330E-1,-7.108401597E-2,6.230388251E-1
2.991015925E1,-7.663185418E-2,-7.200379761E-1,2.365608037E-2,7.244906750E-1
2.992021525E1,-1.377323341E-1,-7.285567845E-1,-5.043866694E-2,7.431751094E-1
2.993027025E1,-9.253569603E-2,-6.348624627E-1,-6.576655805E-2,6.449328971E-1
2.994032625E1,5.964715451E-2,-5.795877099E-1,-1.084494781E-1,5.926558747E-1
2.995038225E1,3.543295741E-2,-4.958652297E-1,-1.776278865E-1,5.279104910E-1
2.996043825E1,-3.206963897E-2,-4.835767213E-1,-1.289468926E-1,5.014999583E-1
2.997049425E1,4.947036803E-3,-5.455004892E-1,-5.924983621E-2,5.487310816E-1
2.998054925E1,5.186187923E-3,-6.418051542E-1,-5.078949988E-2,6.438325293E-1
2.999060525E1,-3.765431464E-2,-6.344949652E-1,-6.273945451E-2,6.387002015E-1
3.000066125E1,-3.966604918E-2,-5.361797351E-1,-1.369558239E-1,5.548143847E-1
3.001071725E1,-4.385908753E-2,-4.722448173E-1,-1.517720836E-1,4.979694292E-1
3.002077325E1,-4.296826422E-2,-4.577631645E-1,-1.236048764E-1,4.761003591E-1
3.003082925E1,-7.648275018E-2,-4.842982677E-1,-1.093411785E-1,5.023444202E-1
3.004088425E1,-1.487145746E-1,-5.699020895E-1,-1.512978745E-1,6.081081015E-1
3.005094025E1,-1.564077562E-1,-5.797926548E-1,-1.358816904E-1,6.157002051E-1
3.006099625E1,-7.754401982E-2,-5.866594787E-1,-9.777012348E-2,5.997844746E-1
3.007105225E1,7.567817330E-2,-5.760527757E-1,-4.656897962E-2,5.828658989E-1
3.008110825E1,1.572170109E-1,-5.276745214E-1,-6.989937007E-2,5.550166763E-1
3.009116425E1,4.533580184E-2,-4.700070879E-1,-9.436938286E-2,4.815263004E-1
3.010121925E1,-1.032100806E-1,-4.650653136E-1,-5.498604655E-2,4.795430449E-1
3.011127525E1,-1.673590064E-1,-5.748428406E-1,-9.835075200E-2,6.067340429E-1
3.012133125E1,-7.768376827E-2,-6.198479824E-1,-1.669485319E-1,6.466205235E-1
3.013138725E1,-1.650347382E-2,-5.046655816E-1,-1.482736945E-1,5.262554535E-1
3.014144325E1,8.460921049E-3,-4.574767971E-1,-1.061602932E-1,4.697090748E-1
3.015149825E1,9.792215109E-2,-5.399551360E-1,-1.379966283E-1,5.658474759E-1
3.016155425E1,-1.736126035E-1,-4.851108845E-1,1.445291376E-1,5.351285621E-1
3.017161025E1,-1.056015918E-1,-7.012252906E-1,2.302118969E-1,7.455642976E-1
3.018166625E1,-1.894471559E-1,-9.331786345E-1,4.480551785E-1,1.052362120E0
3.019172225E1,-1.301800704E-1,-1.043877683E0,9.317058671E-1,1.405241364E0
3.020177825E1,4.606962740E-2,-1.017484082E0,7.485763353E-1,1.264026423E0
3.021183325E1,-1.185903043E-2,-7.597965574E-1,3.838393021E-1,8.513307554E-1
3.022188925E1,-4.428534955E-2,-5.452019888E-1,2.012021059E-1,5.828281807E-1
3.023194525E1,7.102642089E-2,-4.103112553E-1,4.798868358E-2,4.191694078E-1
3.024200125E1,3.106982356E-1,-2.961427617E-1,-1.057024562E-1,4.420485699E-1
3.025205725E1,5.764702669E-1,-1.554089056E-1,-2.457608128E-1,6.456533696E-1
3.026211225E1,6.467888823E-1,-1.348090187E-1,-4.242476553E-1,7.851722122E-1
3.027216825E1,4.857352209E-1,-2.252609132E-1,-2.757833415E-1,6.022770420E-1
3.028222425E1,2.859595433E-1,-3.993369086E-1,1.263758719E-2,4.913273202E-1
3.029228025E1,2.854271543E-1,-5.405255319E-1,1.753147280E-1,6.359023234E-1
3.030233625E1,4.275767675E-1,-5.546440727E-1,-3.803964615E-2,7.013550842E-1
3.031239225E1,6.073929745E-1,-4.337954275E-1,-4.406455868E-1,8.667601927E-1
3.032244725E1,6.470271564E-1,-1.379703158E-1,-7.887198097E-1,1.029445913E0
3.033250325E1,6.681622097E-1,1.071242067E-1,-1.008909579E0,1.214831212E0
3.034255925E1,5.993957376E-1,3.053401396E-2,-9.372273928E-1,1.112925317E0
3.035261525E1,4.206147802E-1,-3.361564279E-1,-3.691703922E-1,6.528435615E-1
3.036267125E1,2.813873130E-1,-6.415449531E-1,2.609764373E-1,7.475743760E-1
3.037272625E1,2.821027198E-1,-7.009373152E-1,3.278299928E-1,8.236307234E-1
3.038278225E1,1.731348860E-1,-6.053869410E-1,-8.294275403E-2,6.350972662E-1
3.039283825E1,-6.044266820E-2,-5.277170599E-1,-3.888474423E-1,6.582863699E-1
3.040289425E1,-4.003924772E-1,-4.520176904E-1,-2.718113279E-1,6.622050485E-1
3.041295025E1,-5.389758736E-1,-4.696856372E-1,-1.186593014E-1,7.246927762E-1
3.042300625E1,-4.595870572E-1,-3.804176576E-1,-1.087593806E-1,6.064375156E-1
3.043306125E1,-3.616634443E-1,-1.161862215E-1,-3.460592723E-1,5.138644811E-1
3.044311725E1,-2.344584373E-1,9.109348029E-2,-5.588534832E-1,6.128507132E-1
3.045317350E1,-2.245161241E-1,1.714117116E-1,-5.028143531E-1,5.767250112E-1
3.046322950E1,-3.602338001E-1,7.604230866E-2,-2.623031706E-1,4.520550594E-1
3.047328550E1,-5.122833341E-1,-1.338459823E-1,-1.183938378E-1,5.425551237E-1
3.048334150E1,-6.511932975E-1,-2.542933622E-1,-8.122893512E-2,7.037868745E-1
3.049339650E1,-7.956458366E-1,-3.318267109E-1,-7.682364285E-2,8.654843357E-1
3.050345250E1,-9.285086095E-1,-4.139607950E-1,1.147972155E-1,1.023069000E0
3.051350850E1,-9.207359058E-1,-4.681124438E-1,2.891436446E-1,1.072607997E0
3.052356450E1,-7.860163495E-1,-6.147905794E-1,2.575768661E-1,1.030599340E0
3.053362050E1,-5.830586171E-1,-8.678880398E-1,3.531525296E-1,1.103586748E0
3.054367550E1,-1.453500867E-1,-8.093213046E-1,4.549776971E-1,9.397512046E-1
3.055373150E1,4.603261453E-1,-4.494588026E-1,2.103565067E-1,6.768775629E-1
3.056378750E1,6.634356129E-1,-1.193697381E-1,-7.389711142E-3,6.741294792E-1
3.057384350E1,4.205902219E-1,-5.609146267E-2,-8.096113265E-2,4.319688553E-1
3.058389950E1,4.728847951E-2,-1.971995406E-1,-1.599517536E-1,2.582797371E-1
3.059395550E1,-1.795484045E-1,-3.424689357E-1,-1.009931087E-1,3.996526110E-1
3.060401050E1,-1.360413194E-1,-3.226828350E-1,-6.130220890E-3,3.502413913E-1
3.061406650E1,5.676973969E-2,-2.709605581E-1,1.054019094E-1,2.962296235E-1
3.062412250E1,2.730526918E-1,-2.596880034E-1,1.844287831E-1,4.195349897E-1
3.063417850E1,4.396559456E-1,-2.667404763E-1,3.354489148E-2,5.153378425E-1
3.064423450E1,5.326383689E-1,-2.092753565E-1,-1.643582153E-1,5.954103038E-1
3.065428950E1,5.601962963E-1,-2.115347207E-1,-3.346554476E-1,6.859745600E-1
3.066434550E1,6.358431870E-1,-2.567126477E-1,-4.017230111E-1,7.947196484E-1
3.067440150E1,6.083393463E-1,-2.809047715E-1,-3.024349505E-1,7.351538276E-1
3.068445750E1,3.851695436E-1,-3.218259256E-1,-1.414827383E-1,5.214833352E-1
3.069451350E1,1.252748412E-1,-3.869776489E-1,-5.872007847E-2,4.109665852E-1
3.070456950E1,-4.077000350E-2,-4.489028786E-1,-7.973204792E-2,4.577479515E-1
3.071462450E1,-1.225053075E-1,-4.725649524E-1,-5.644375741E-2,4.914377706E-1
3.072468050E1,-1.352326494E-1,-4.344639105E-1,-4.404999912E-2,4.571511363E-1
3.073473650E1,-7.182719707E-2,-4.188514061E-1,-1.096113199E-1,4.388738863E-1
3.074479250E1,1.144276714E-1,-4.443050668E-1,-1.216501522E-1,4.746571856E-1
3.075484850E1,2.764967018E-1,-4.046640144E-1,-7.183538318E-2,4.953420162E-1
3.076490350E1,2.529406089E-1,-3.488400619E-1,7.895319879E-2,4.380661457E-1
3.077495950E1,1.383933619E-1,-1.816969639E-1,2.006401885E-1,3.040115039E-1
3.078501550E1,7.173598051E-2,-1.563798358E-1,1.093862021E-1,2.038775249E-1
3.079507150E1,-2.084444672E-2,-2.323708351E-1,3.297028559E-1,4.038993305E-1
3.080512750E1,1.814484572E-1,-3.108756986E-1,4.944136584E-1,6.115652935E-1
3.081518350E1,3.512150547E-1,-5.003928749E-1,4.491819370E-1,7.586233956E-1
3.082523850E1,2.942716527E-1,-7.674730745E-1,6.462611711E-1,1.045592763E0
3.083529450E1,3.156560898E-1,-8.904734950E-1,9.705319637E-1,1.354442359E0
3.084535050E1,3.358377546E-1,-6.409220785E-1,1.091371692E0,1.309450372E0
3.085540650E1,4.010766014E-1,-2.100319862E-1,6.382230037E-1,7.824988677E-1
3.086546250E1,4.717606679E-1,9.345940992E-2,-1.777647114E-1,5.127310032E-1
3.087551750E1,4.047293571E-1,2.590448096E-1,-6.599383932E-1,8.163508735E-1
3.088557350E1,3.073056811E-1,2.766618857E-1,-7.477530473E-1,8.544666175E-1
3.089562950E1,3.118910676E-1,2.347019738E-1,-7.547661978E-1,8.497252897E-1
3.090568550E1,2.534893700E-1,1.499579850E-1,-8.223389608E-1,8.734904833E-1
3.091574150E1,6.851738065E-2,-1.013610448E-1,-6.964489925E-1,7.071137758E-1
3.092579750E1,-7.941103578E-2,-3.743573110E-1,-2.375174081E-1,4.504042940E-1
3.093585250E1,-1.094522756E-1,-4.872478956E-1,7.492154360E-2,5.049787620E-1
3.094590850E1,-8.943901062E-2,-5.607456422E-1,2.721364331E-1,6.296770999E-1
3.095596450E1,1.212478638E-2,-5.665444721E-1,1.331966490E-1,5.821176828E-1
3.096602050E1,2.378308189E-1,-4.132905579E-1,-2.486206859E-1,5.377590809E-1
3.097607650E1,3.022674277E-1,-1.948650397E-1,-4.438410902E-1,5.712555426E-1
3.098613150E1,1.654571995E-1,-1.062551643E-1,-3.918014556E-1,4.383772638E-1
3.099618750E1,1.413201857E-1,-1.438344884E-1,-2.813808811E-1,3.461718578E-1
3.100624350E1,1.089304116E-1,-1.711567730E-1,-1.487180829E-1,2.515502807E-1
3.101629950E1,7.287618756E-2,-1.786325844E-1,1.576754326E-1,2.491627599E-1
3.102635550E1,2.879344404E-2,-1.367602345E-1,3.970522553E-1,4.209310129E-1
3.103641150E1,-2.436330110E-2,2.170486450E-2,2.618313003E-1,2.638565924E-1
3.104646650E1,-1.132538429E-1,1.779415897E-1,-7.049754024E-2,2.223950212E-1
3.105652250E1,-2.828479475E-1,2.154478236E-1,-1.931662774E-1,4.046405032E-1
3.106657850E1,-4.175698426E-1,1.129594356E-1,-8.978575051E-2,4.417984705E-1
3.107663450E1,-4.564728302E-1,-2.468869865E-2,1.886153895E-1,4.945227413E-1
3.108669050E1,-4.723532832E-1,-9.525932908E-2,2.889132643E-1,5.618388009E-1
3.109674550E1,-3.944245166E-1,-2.690255682E-1,2.182449853E-1,5.249536449E-1
3.110680150E1,-2.303311801E-1,-3.203506730E-1,3.179774344E-2,3.958384806E-1
3.111685750E1,-2.852798045E-2,-1.956887662E-1,-5.354997039E-2,2.048793260E-1
3.112691350E1,1.438368273E-1,-1.287258679E-1,9.743566275E-2,2.162246293E-1
3.113696950E1,7.177340269E-2,-1.816012157E-1,3.632939404E-1,4.124474634E-1
3.114702550E1,5.908786833E-2,-3.038338968E-1,3.652188438E-1,4.787391951E-1
3.115708050E1,1.209443933E-1,-3.104649317E-1,1.934744257E-1,3.852899862E-1
3.116713650E1,1.417411852E-1,-2.411697252E-1,3.999086201E-2,2.825821455E-1
3.117719250E1,2.057991868E-1,-1.632288256E-1,5.537137806E-2,2.684454215E-1
3.118724850E1,2.462440851E-1,-1.757507841E-1,1.716204572E-1,3.478190175E-1
3.119730450E1,2.349919957E-1,-3.217298850E-1,1.888194573E-1,4.408901727E-1
3.120735950E1,2.650683188E-1,-3.183018087E-1,1.444683266E-1,4.386893576E-1
3.121741550E1,3.877417338E-1,-2.471237987E-1,4.318051815E-2,4.618207241E-1
3.122747150E1,4.916183969E-1,-1.287089109E-1,-8.854146302E-2,5.158432152E-1
3.123752750E1,4.269069690E-1,-2.642225191E-2,-2.036193448E-1,4.737177779E-1
3.124758350E1,2.376749906E-1,-1.354595214E-2,-1.092762744E-1,2.619431200E-1
3.125763950E1,8.435134828E-2,-8.367862612E-2,6.232897997E-2,1.341721438E-1
3.126769450E1,8.326493561E-2,-2.063811310E-1,2.622008443E-2,2.240841662E-1
3.127775050E1,9.274531871E-2,-3.270583065E-1,-1.374621928E-1,3.666942656E-1
3.128780650E1,3.822909594E-3,-2.816950227E-1,-3.076986140E-1,4.171871733E-1
3.129786250E1,-3.353699774E-2,-1.194127151E-1,-3.125734377E-1,3.362830366E-1
3.130791850E1,1.607574999E-2,2.060412616E-2,-1.717502654E-1,1.737271234E-1
3.131797350E1,2.165428609E-2,-1.217580333E-2,3.015701473E-2,3.907177792E-2
3.132802950E1,1.285095209E-1,-2.044628057E-1,2.004659414E-1,3.138571802E-1
3.133808550E1,3.877987441E-1,-2.661974162E-1,2.015921152E-1,5.117502430E-1
3.134814150E1,4.531709075E-1,-2.236543907E-1,1.412558663E-1,5.247269553E-1
3.135819750E1,2.723501489E-1,-2.172641149E-1,1.267524326E-1,3.707350515E-1
3.136825350E1,1.146668226E-2,-2.142510447E-1,4.291973233E-2,2.188083599E-1
3.137830850E1,-1.368154907E-1,-1.906785795E-1,-2.455830574E-4,2.346845958E-1
3.138836450E1,-1.340950736E-1,-1.653152584E-1,1.004101413E-1,2.353567928E-1
3.139842050E1,3.617613852E-2,-1.915979080E-1,1.238802803E-1,2.310082145E-1
3.140847650E1,2.292500299E-1,-8.081246719E-2,4.010780632E-2,2.463632830E-1
3.141853250E1,3.142504191E-1,8.676332474E-2,2.527108133E-2,3.269859752E-1
3.142858750E1,3.051825571E-1,5.966469616E-2,3.535694361E-2,3.129638679E-1
3.143864350E1,2.324338388E-1,-1.109751830E-1,3.139194667E-2,2.594733801E-1
3.144869950E1,2.008395785E-1,-2.274504031E-1,9.949154377E-2,3.193255227E-1
3.145875529E1,1.619082320E-1,-2.649733016E-1,1.781202221E-1,3.579831555E-1
3.146881129E1,1.967725477E-1,-2.276376602E-1,1.893012679E-1,3.554902388E-1
3.147886729E1,1.548219913E-1,-9.137356192E-2,1.069303715E-1,2.091723719E-1
3.148892229E1,9.539118379E-2,1.098282516E-2,-8.019105434E-2,1.251027801E-1
3.149897829E1,6.082770735E-2,3.982231602E-2,-2.564875299E-1,2.665927227E-1
3.150903429E1,7.294606179E-2,1.545229062E-2,-2.231601548E-1,2.352878151E-1
3.151909029E1,9.487545937E-2,-3.196321964E-2,-4.447976947E-3,1.002136952E-1
3.152914629E1,1.272909611E-2,-5.624173611E-2,9.445475221E-2,1.106655456E-1
3.153920129E1,-2.830607861E-2,-7.018763781E-2,3.987801075E-3,7.578549429E-2
3.154925729E1,8.358302414E-3,-3.404190481E-2,-7.052326798E-2,7.875432578E-2
3.155931329E1,4.389650971E-2,-1.041824725E-1,4.367694676E-2,1.211963977E-1
3.156936929E1,8.462996811E-2,-2.094228525E-1,1.730015695E-1,2.845166177E-1
3.157942529E1,1.137265903E-1,-1.947103809E-1,1.145370144E-1,2.529122326E-1
3.158948029E1,1.743475986E-1,-1.158542459E-1,9.459040761E-2,2.297098967E-1
3.159953629E1,2.264474595E-1,-8.830903620E-2,1.247731501E-1,2.732128781E-1
3.160959229E1,2.190393296E-1,-7.375034630E-2,2.924309492E-2,2.329645898E-1
3.161964829E1,1.931911281E-1,-9.820515633E-2,-3.901496172E-2,2.202027065E-1
3.162970429E1,1.314436537E-1,-1.302535991E-1,5.632622838E-2,1.934323608E-1
3.163976029E1,7.154360712E-2,-7.907920629E-2,6.285289049E-2,1.237840637E-1
3.164981529E1,5.491032511E-2,-3.679959789E-2,6.595016062E-2,9.337439635E-2
3.165987129E1,1.609726775E-1,-1.156441846E-1,3.237194002E-2,2.008325741E-1
3.166992729E1,2.313062033E-1,-9.083722606E-2,-5.232731760E-2,2.539529671E-1
3.167998329E1,2.758923921E-1,-1.056815524E-1,-2.762224674E-3,2.954536045E-1
3.169003929E1,2.911942631E-1,-1.526075046E-1,8.710947990E-2,3.401047056E-1
3.170009429E1,2.528803825E-1,-1.803474265E-1,9.276549160E-2,3.241590945E-1
3.171015029E1,1.434523728E-1,-1.316361733E-1,1.161689723E-1,2.267198613E-1
3.172020629E1,1.885785520E-2,-7.577231348E-2,8.221126735E-2,1.133832204E-1
3.173026229E1,-2.583416820E-2,-2.485563666E-2,-1.599564314E-2,3.925643284E-2
3.174031829E1,5.532196909E-2,-1.724636257E-2,-1.528596658E-1,1.634748748E-1
3.175037429E1,1.898079291E-1,-3.369691908E-2,-1.212852859E-1,2.277556868E-1
3.176042929E1,2.876020262E-1,-8.928625211E-2,7.634767950E-2,3.106701280E-1
3.177048529E1,2.856815082E-1,-1.377432977E-1,3.004229236E-1,4.368536061E-1
3.178054129E1,2.435602131E-1,-2.059009284E-1,4.372407532E-1,5.411988969E-1
3.179059729E1,2.136981905E-1,-1.730144334E-1,2.918204999E-1,4.009490179E-1
3.180065329E1,1.810411987E-1,-9.654864013E-2,1.082518423E-1,2.319827944E-1
3.181070829E1,1.134772065E-1,-8.787195683E-3,8.362687826E-3,1.141237300E-1
3.182076429E1,1.199924666E-1,2.474395484E-3,-2.557104349E-2,1.227118288E-1
3.183082029E1,1.723686084E-1,-2.342102230E-2,9.328647852E-3,1.742024831E-1
3.184087629E1,2.131003127E-1,-1.762029201E-2,3.704094172E-2,2.170120948E-1
3.185093229E1,1.726554143E-1,-7.862078458E-2,2.955182791E-2,1.920011208E-1
3.186098729E1,1.051770839E-1,-1.370514259E-1,4.617078424E-2,1.788212896E-1
3.187104329E1,8.778687984E-2,-1.171593444E-1,4.743378282E-2,1.538922090E-1
3.188109929E1,9.459947079E-2,-1.108118995E-1,-9.606975317E-4,1.457026420E-1
3.189115529E1,1.862510678E-1,-4.970747262E-2,-2.106985688E-2,1.939181063E-1
3.190121129E1,1.935320207E-1,5.643834874E-2,-9.860802948E-2,2.244180780E-1
3.191126729E1,1.709863266E-1,7.184181511E-2,-7.526886821E-2,2.001573701E-1
3.192132229E1,2.185051864E-1,3.020043030E-2,-5.853179812E-2,2.282160246E-1
3.193137829E1,2.193989334E-1,-2.366324320E-2,-1.518112600E-2,2.211929195E-1
3.194143429E1,1.626636922E-1,-6.744777873E-2,1.216788036E-1,2.140430117E-1
3.195149029E1,8.472147703E-2,-9.413564041E-2,1.811116576E-1,2.209992760E-1
3.196154629E1,6.341890097E-3,-1.306001928E-1,1.090839010E-1,1.702819057E-1
3.197160129E1,1.550681591E-3,-1.404999675E-1,6.503624082E-2,1.548300943E-1
3.198165729E1,2.672937691E-2,-9.148188159E-2,3.715320826E-3,9.537923180E-2
3.199171329E1,2.524301469E-2,-3.827411950E-2,-6.729268134E-2,8.142740924E-2
3.200176929E1,1.165253600E-1,-6.482807994E-2,-6.180506945E-2,1.469717867E-1
3.201182529E1,1.908618897E-1,-1.151264137E-1,8.175109148E-2,2.374143910E-1
3.202188129E1,2.757839262E-1,-6.058987185E-2,3.307395673E-1,4.348753476E-1
3.203193629E1,3.369744533E-1,-9.766311944E-2,3.822108525E-1,5.188207811E-1
3.204199229E1,3.050235128E-1,-1.988402693E-1,4.101260448E-1,5.484342884E-1
3.205204829E1,3.606644475E-1,-2.027532260E-1,4.556495422E-1,6.154707302E-1
3.206210429E1,4.196812722E-1,-1.532448511E-1,3.848520398E-1,5.896841927E-1
3.207216029E1,4.841161269E-1,-1.890597779E-1,3.251940680E-1,6.130768351E-1
3.208221529E1,5.840868500E-1,-1.735308887E-1,4.028608793E-1,7.304569157E-1
3.209227129E1,6.917530936E-1,-9.973741919E-3,4.506583589E-1,8.256602052E-1
3.210232729E1,6.908619779E-1,4.813384071E-2,3.645335501E-1,7.826185842E-1
3.211238329E1,5.826300162E-1,-1.448662296E-2,1.877008849E-1,6.122901438E-1
3.212243929E1,3.947162926E-1,-9.609460384E-3,-4.745834112E-2,3.976752287E-1
3.213249429E1,2.781497097E-1,7.908154517E-2,-2.145226479E-1,3.600571041E-1
3.214255029E1,2.881116110E-1,1.782390667E-1,-3.278627372E-1,4.714567210E-1
3.215260629E1,3.919856429E-1,1.679617082E-1,-4.806551600E-1,6.425677104E-1
3.216266229E1,4.933763623E-1,7.939758718E-2,-5.374871725E-1,7.339050840E-1
3.217271829E1,4.753078812E-1,2.480023429E-2,-4.072082841E-1,6.263794539E-1
3.218277429E1,4.157864419E-1,-1.876459211E-2,-2.713160688E-1,4.968328535E-1
3.219282929E1,3.350100812E-1,-8.795966506E-2,-1.975633836E-1,3.987479752E-1
3.220288529E1,2.719578007E-1,-1.218033493E-1,-9.765493333E-2,3.135818669E-1
3.221294129E1,2.082026848E-1,-1.768044524E-1,1.696160316E-2,2.736710952E-1
3.222299729E1,1.466893914E-1,-2.628376061E-1,1.022046518E-1,3.178791839E-1
3.223305329E1,9.821860492E-2,-2.597815588E-1,9.127854466E-2,2.923441899E-1
3.224310829E1,1.007162431E-1,-1.601613763E-1,1.509166360E-2,1.897977513E-1
3.225316429E1,1.254607826E-1,-2.959188133E-2,-1.170694435E-1,1.741302444E-1
3.226322029E1,5.567426383E-2,1.188578144E-1,-1.676870352E-1,2.129454049E-1
3.227327629E1,-5.877358049E-2,1.886167051E-1,-1.376188982E-1,2.407686781E-1
3.228333229E1,-5.739100635E-2,1.504111442E-1,-1.309483945E-1,2.075204133E-1
3.229338829E1,2.306609631E-2,1.159903398E-1,3.928802669E-2,1.246168238E-1
3.230344329E1,1.098674279E-1,1.082423405E-1,3.514094746E-1,3.837653904E-1
3.231349929E1,1.142890924E-1,1.151900022E-1,5.549837959E-1,5.782194626E-1
3.232355529E1,-8.916126788E-3,1.336458613E-1,5.262768906E-1,5.430543980E-1
3.233361129E1,-1.979495922E-1,1.216057134E-1,3.732833236E-1,4.396730948E-1
3.234366729E1,-2.620002848E-1,1.011042058E-1,1.637506896E-1,3.250853704E-1
3.235372229E1,-1.596286950E-1,8.966544405E-2,6.029590309E-2,1.927610128E-1
3.236377829E1,5.294653773E-3,8.127278924E-2,4.245078564E-2,9.184426400E-2
3.237383429E1,1.244743574E-1,1.021074419E-1,1.107953811E-1,1.954364649E-1
3.238389029E1,1.463718876E-1,8.852304429E-2,2.161803335E-1,2.756718982E-1
3.239394629E1,1.060696614E-1,4.497780606E-2,2.952709419E-1,3.169522128E-1
3.240400129E1,1.038588291E-1,-3.491065487E-2,2.873766160E-1,3.075560593E-1
3.241405729E1,1.921684501E-1,-8.718622461E-2,2.842319834E-1,3.540027844E-1
3.242411329E1,3.270400339E-1,-4.084397078E-2,2.288038874E-1,4.012164411E-1
3.243416929E1,3.109511277E-1,8.099504650E-2,1.337410247E-1,3.480480758E-1
3.244422529E1,2.423498395E-1,1.082147124E-1,5.614964247E-2,2.712870271E-1
3.245428154E1,2.141519344E-1,3.167071268E-2,-3.133113563E-2,2.187366570E-1
3.246433654E1,2.382164428E-1,1.290115044E-2,-9.882145286E-2,2.582231454E-1
3.247439254E1,2.369511053E-1,9.952399582E-3,-9.033597350E-2,2.537823175E-1
3.248444854E1,2.904104438E-1,-5.205235228E-2,-2.995762467E-2,2.965554460E-1
3.249450454E1,3.285594329E-1,-1.338500753E-2,9.610308230E-2,3.425875973E-1
3.250456054E1,2.917903867E-1,-1.215197593E-2,1.251099497E-1,3.177133926E-1
3.251461554E1,2.926084122E-1,-7.513525933E-3,-1.319131851E-3,2.927078340E-1
3.252467154E1,2.928940487E-1,8.182198897E-2,-2.114095902E-1,3.703724834E-1
3.253472754E1,3.187893203E-1,1.129237676E-1,-1.741148794E-1,3.803871702E-1
3.254478354E1,4.026527184E-1,3.720773354E-2,-2.275268555E-2,4.050077923E-1
3.255483954E1,3.908828580E-1,-9.394692153E-2,1.501272619E-2,4.022944378E-1
3.256489454E1,2.892480174E-1,-1.872022636E-1,6.407203496E-2,3.504487533E-1
3.257495054E1,1.977376306E-1,-1.780301750E-1,1.507049668E-1,3.057889808E-1
3.258500654E1,1.753799245E-1,-2.080845711E-1,2.371490335E-1,3.609667169E-1
3.259506254E1,1.710673106E-1,-2.389739496E-1,2.193232119E-1,3.667086645E-1
3.260511854E1,1.023110712E-1,-2.468431324E-1,2.034866130E-1,3.358658794E-1
3.261517354E1,4.042911083E-2,-1.886495957E-1,3.656035906E-1,4.133874314E-1
3.262522954E1,-1.569392681E-3,-1.147305572E-1,4.866444629E-1,4.999883969E-1
3.263528554E1,7.081065863E-2,-7.859081760E-2,3.680301851E-1,3.829319563E-1
3.264534154E1,1.024549127E-1,-8.414289504E-3,2.120369965E-1,2.356427323E-1
3.265539754E1,1.395139807E-1,8.129310831E-2,1.129646981E-1,1.970627902E-1
3.266545354E1,2.003896353E-1,1.458001761E-1,6.605482578E-2,2.564701489E-1
3.267550854E1,2.350548533E-1,1.617342773E-1,-7.325391769E-3,2.854162256E-1
3.268556454E1,1.871676189E-1,8.541305646E-2,-5.889841855E-2,2.140003072E-1
3.269562054E1,1.120864463E-1,4.113516212E-2,-1.359653056E-2,1.201679601E-1
3.270567654E1,8.432386637E-2,9.438867867E-4,8.048283041E-2,1.165714002E-1
3.271573254E1,1.405685261E-1,-5.645428240E-2,1.301432329E-1,1.997094329E-1
3.272578754E1,2.096092325E-1,-5.723897874E-2,7.074546218E-2,2.285109439E-1
3.273584354E1,2.293967950E-1,3.007427663E-2,-6.529761136E-2,2.403978572E-1
3.274589954E1,1.976741883E-1,1.124062890E-1,-2.097934198E-1,3.093922067E-1
3.275595554E1,1.725671214E-1,1.728201596E-1,-2.787256604E-1,3.705863095E-1
3.276601154E1,1.651888123E-1,1.458696118E-1,-2.496012640E-1,3.329655813E-1
3.277606654E1,2.911843228E-1,5.660353258E-2,-6.011697829E-2,3.026653612E-1
3.278612254E1,3.931588867E-1,3.373726487E-2,2.087648946E-1,4.464245675E-1
3.279617854E1,3.308348769E-1,4.423374787E-2,4.055804193E-1,5.252654726E-1
3.280623454E1,2.443376005E-1,4.075567782E-2,2.946417814E-1,3.849359267E-1
3.281629054E1,1.367725137E-1,6.016551018E-2,-3.659421444E-2,1.538367500E-1
3.282634654E1,1.968699038E-2,9.939828068E-2,-3.078968346E-2,1.059037318E-1
3.283640154E1,9.757921189E-2,1.964649841E-2,1.747592425E-1,2.011180756E-1
3.284645754E1,1.956794107E-1,-1.763578713E-1,6.537450224E-1,7.048227329E-1
3.285651354E1,4.061867756E-1,-2.721911046E-1,1.129858065E0,1.231119386E0
3.286656954E1,5.702982384E-1,-2.238007173E-1,9.617564625E-1,1.140308000E0
3.287662554E1,4.775149128E-1,-1.409814857E-1,4.164772904E-1,6.491144773E-1
3.288668054E1,3.307538930E-1,1.463265717E-4,-1.110620141E-1,3.489024650E-1
3.289673654E1,2.614871916E-1,1.876520607E-1,-5.070816511E-1,6.006002399E-1
3.290679254E1,2.426208580E-1,3.407447380E-1,-6.403601611E-1,7.648744950E-1
3.291684854E1,2.652840811E-1,4.336432537E-1,-5.936847621E-1,7.815905015E-1
3.292690454E1,2.956843400E-1,3.767844902E-1,-3.912377840E-1,6.184357563E-1
3.293695954E1,3.061420852E-1,1.767170365E-1,-1.428036243E-1,3.812410818E-1
3.294701554E1,2.600394210E-1,-1.056387216E-1,6.172847092E-2,2.873855322E-1
3.295707154E1,2.096665353E-1,-3.011659585E-1,2.729041725E-1,4.573157311E-1
3.296712754E1,1.361763901E-1,-3.183463937E-1,3.982392401E-1,5.277148168E-1
3.297718354E1,8.621222466E-2,-3.049005751E-1,4.181998801E-1,5.246789953E-1
3.298723954E1,1.689053026E-1,-3.270520207E-1,3.645551848E-1,5.180661235E-1
3.299729454E1,2.998767936E-1,-2.313262300E-1,2.047063422E-1,4.305143466E-1
3.300735054E1,3.805002496E-1,-8.955025390E-2,8.275388896E-2,3.995596251E-1
3.301740654E1,3.430786541E-1,-3.828464448E-3,1.118274146E-1,3.608642275E-1
3.302746254E1,2.756734139E-1,3.424041778E-2,1.947514576E-1,3.392585556E-1
3.303751854E1,2.316593751E-1,1.006203488E-2,1.657375735E-1,2.850197430E-1
3.304757354E1,2.340087864E-1,1.219159082E-2,1.541343588E-1,2.804748608E-1
3.305762954E1,2.336754951E-1,4.841684595E-2,2.056418967E-1,3.150190751E-1
3.306768554E1,3.130102247E-1,1.235940591E-2,2.193471855E-1,3.824151454E-1
3.307774154E1,4.247712734E-1,2.080541655E-2,1.366938686E-1,4.467087573E-1
3.308779754E1,4.452058303E-1,1.259842546E-1,-4.694378614E-2,4.650634181E-1
3.309785254E1,4.425213736E-1,2.385320462E-1,-1.510552150E-1,5.249194045E-1
3.310790854E1,4.176052183E-1,2.762479028E-1,-1.446074903E-1,5.211701722E-1
3.311796454E1,3.384266093E-1,2.142858356E-1,-8.525006533E-2,4.095345686E-1
3.312802054E1,2.275677860E-1,8.249514967E-2,1.984720409E-2,2.428712796E-1
3.313807654E1,1.228736821E-1,-3.996484190E-2,9.806014538E-2,1.622064193E-1
3.314813154E1,-1.313460052E-2,-6.193180785E-2,1.076542568E-1,1.248899738E-1
3.315818754E1,-1.261887610E-1,-7.160631850E-2,1.396940750E-1,2.014087953E-1
3.316824354E1,-1.319269261E-1,-7.020693362E-2,1.165209746E-1,1.895016224E-1
3.317829954E1,-2.320321351E-2,-2.108637527E-2,6.375394642E-2,7.104639346E-2
3.318835554E1,1.255055138E-1,2.054273039E-2,5.773423791E-2,1.396670326E-1
3.319841154E1,2.786192411E-1,-1.473059803E-2,1.003282803E-1,2.964986271E-1
3.320846654E1,4.306617585E-1,-1.699595556E-2,1.798901743E-1,4.670319984E-1
3.321852254E1,4.599346742E-1,-3.158081174E-3,1.721391052E-1,4.911025856E-1
3.322857854E1,3.910246530E-1,4.854358435E-2,1.432807571E-1,4.192685705E-1
3.323863454E1,3.044376218E-1,1.310475048E-1,7.454615235E-2,3.397246575E-1
3.324869054E1,1.914802328E-1,1.934226778E-1,2.377887189E-2,2.732076986E-1
3.325874554E1,1.615983295E-1,1.803956661E-1,1.510452747E-2,2.426618289E-1
3.326880154E1,2.626060563E-1,1.071221602E-1,-2.297487974E-2,2.845433941E-1
3.327885754E1,3.949048653E-1,9.380366474E-2,1.339129329E-2,4.061136626E-1
3.328891354E1,4.129528812E-1,4.406447098E-2,1.429346019E-1,4.392061704E-1
3.329896954E1,3.460060626E-1,-9.711859748E-2,2.048034060E-1,4.136383112E-1
3.330902454E1,2.266702384E-1,-1.530352284E-1,1.709491968E-1,3.225256672E-1
3.331908054E1,1.608145103E-1,-9.119551420E-2,1.303589952E-1,2.262109550E-1
3.332913654E1,8.188586980E-2,2.435979277E-2,1.533198416E-1,1.755154381E-1
3.333919254E1,-4.213766724E-2,2.735093594E-2,1.392602116E-1,1.480441259E-1
3.334924854E1,-8.697148561E-2,7.130679488E-4,1.212835318E-1,1.492455790E-1
3.335930354E1,-1.301736385E-2,-4.622808695E-2,8.163297772E-2,9.471235841E-2
3.336935954E1,1.709491968E-1,-8.992403716E-2,1.461406302E-1,2.422128076E-1
3.337941554E1,3.248271552E-1,-1.283648023E-1,2.384003377E-1,4.228769611E-1
3.338947154E1,4.008798426E-1,-1.625680903E-1,3.131926578E-1,5.340624244E-1
3.339952754E1,4.044788039E-1,-6.360338062E-2,2.709061790E-1,4.909568724E-1
3.340958354E1,3.771474561E-1,1.222942230E-1,6.002400756E-2,4.009974590E-1
3.341963854E1,3.833341026E-1,2.357385390E-1,-8.631075025E-2,4.582218225E-1
3.342969454E1,3.653457284E-1,2.754623294E-1,-7.698561072E-2,4.639868322E-1
3.343975054E1,3.114238751E-1,2.512857006E-1,-3.944531679E-2,4.021010648E-1
3.344980654E1,2.658916068E-1,1.149170834E-1,-2.374905109E-2,2.906343064E-1
3.345986237E1,2.842840236E-1,3.157730341E-2,2.063482404E-2,2.867757454E-1
3.346991737E1,3.621975875E-1,3.073004186E-3,9.554233432E-2,3.745996174E-1
3.347997337E1,3.122147110E-1,-1.986489192E-2,9.827122986E-2,3.279174810E-1
3.349002937E1,1.301710072E-1,-6.129183009E-2,2.092776954E-2,1.453930916E-1
3.350008537E1,3.182083994E-2,-3.246359512E-2,-5.798099041E-3,4.582650778E-2
3.351014137E1,4.700518191E-2,9.000326693E-2,-1.331878781E-2,1.024083263E-1
3.352019637E1,1.189434761E-1,1.710357356E-1,6.717339814E-2,2.188904721E-1
3.353025237E1,1.229932576E-1,1.089865449E-1,1.797591966E-1,2.435544645E-1
3.354030837E1,1.541422525E-1,-9.738245308E-3,2.583498681E-1,3.009972122E-1
3.355036437E1,1.396636695E-1,1.328297362E-2,2.239910442E-1,2.642997651E-1
3.356042037E1,1.498325622E-1,1.289718895E-1,6.942516088E-2,2.095313770E-1
3.357047537E1,1.710845599E-1,1.967528133E-1,-4.415232539E-2,2.644447466E-1
3.358053137E1,1.327850050E-1,1.448764622E-1,-3.665794909E-2,1.999121109E-1
3.359058737E1,1.484780547E-1,2.612185121E-2,-4.531942964E-2,1.574227891E-1
3.360064337E1,1.021871102E-1,-9.250499815E-2,-9.216673672E-2,1.658134118E-1
3.361069937E1,4.473587751E-2,-1.476894115E-1,-5.595142186E-2,1.641463451E-1
3.362075437E1,-7.259669065E-2,-5.555176467E-2,6.537245572E-2,1.123825432E-1
3.363081037E1,-1.378057167E-1,7.846115559E-2,1.345964724E-1,2.079970646E-1
3.364086637E1,-6.495788813E-2,7.104615524E-2,2.045163077E-1,2.260398273E-1
3.365092237E1,7.659033895E-2,1.551821798E-2,3.213992250E-1,3.307632944E-1
3.366097838E1,1.062377688E-1,-5.425353661E-2,3.952653462E-1,4.128735928E-1
3.367103437E1,1.006513390E-1,-9.628127620E-2,2.354264438E-1,2.735441219E-1
3.368108937E1,1.277622467E-1,-2.303466752E-2,-1.613246799E-2,1.308206563E-1
3.369114537E1,1.171287927E-1,1.401169749E-1,-1.263220775E-1,2.220567225E-1
3.370120137E1,6.727981746E-2,2.479728144E-1,-1.532028973E-2,2.573942537E-1
3.371125737E1,5.062197715E-2,1.528684366E-1,8.195515931E-2,1.806875524E-1
3.372131337E1,1.459695992E-1,6.211643368E-3,7.143543363E-2,1.626306539E-1
3.373136837E1,2.696823567E-1,-3.565398216E-2,1.460804039E-1,3.087705692E-1
3.374142437E1,2.483616543E-1,7.254567370E-2,2.000566363E-1,3.270612234E-1
3.375148037E1,2.117788419E-1,1.512345783E-1,1.104936647E-1,2.827207554E-1
3.376153637E1,1.886095423E-1,2.102056485E-1,-4.308228493E-3,2.824509425E-1
3.377159237E1,2.385453486E-1,2.205663300E-1,-9.989500165E-2,3.399005746E-1
3.378164737E1,3.005325589E-1,2.097853799E-1,-1.537496120E-1,3.974527239E-1
3.379170338E1,2.378737959E-1,2.066837244E-1,-1.328674507E-1,3.419881053E-1
3.380175937E1,1.189396754E-1,1.069008431E-1,1.902742445E-2,1.610480659E-1
3.381181537E1,5.677090913E-2,2.037257642E-2,1.386409914E-1,1.511929314E-1
3.382187137E1,-1.689845324E-3,-6.877056509E-3,1.971061313E-1,1.972333047E-1
3.383192637E1,2.857271165E-2,-1.061225787E-2,2.405345714E-1,2.424580374E-1
3.384198237E1,1.243775859E-1,4.239962250E-3,2.220895296E-1,2.545810683E-1
3.385203837E1,1.582177618E-1,5.047345787E-2,1.754977459E-1,2.416193057E-1
3.386209437E1,1.532140070E-1,9.378378421E-2,7.902336538E-2,1.962514265E-1
3.387215037E1,8.714134723E-2,7.622854248E-2,4.532059908E-2,1.243316604E-1
3.388220637E1,9.853435457E-3,3.186791003E-2,1.402425438E-1,1.441548646E-1
3.389226137E1,-2.816311419E-2,1.193621367E-2,1.501336938E-1,1.532180153E-1
3.390231737E1,-3.000527948E-2,1.867015958E-2,7.667278469E-2,8.442515956E-2
3.391237337E1,3.612263650E-2,4.927755609E-2,-3.111303449E-2,6.856488399E-2
3.392242937E1,1.850447872E-1,8.153430596E-2,-5.430192232E-2,2.093755361E-1
3.393248437E1,2.967383006E-1,1.702406605E-1,-6.889364898E-2,3.489725439E-1
3.394254037E1,3.376091686E-1,1.931091209E-1,-5.768862963E-2,3.931908713E-1
3.395259637E1,2.689926776E-1,8.739906326E-2,4.069369733E-2,2.857475002E-1
3.396265237E1,1.464762604E-1,-2.262112319E-2,1.055925286E-1,1.819801972E-1
3.397270837E1,-8.559446633E-3,-6.676365450E-2,1.418212920E-1,1.569838481E-1
3.398276437E1,-3.741311699E-2,-6.162979916E-2,1.260039890E-1,1.451722381E-1
3.399281937E1,4.353953719E-2,-5.879273012E-2,1.087582111E-1,1.310748828E-1
3.400287537E1,1.866141799E-1,3.119197190E-3,6.462342739E-2,1.975114399E-1
3.401293137E1,2.890857571E-1,7.330098778E-2,6.776689053E-2,3.058364943E-1
3.402298737E1,3.569859642E-1,5.849042907E-2,1.159450239E-1,3.798728175E-1
3.403304337E1,3.594710308E-1,1.770025268E-2,1.561855620E-1,3.923348707E-1
3.404309837E1,2.587308142E-1,2.029641643E-2,2.200699013E-1,3.402709805E-1
3.405315437E1,1.685363433E-1,-9.279092699E-3,1.731167597E-1,2.417850555E-1
3.406321037E1,5.744713962E-2,2.198553085E-3,1.102510053E-1,1.243394212E-1
3.407326637E1,1.436777830E-2,2.818942666E-2,6.472341478E-2,7.204302360E-2
3.408332237E1,6.649950653E-2,6.596901789E-2,-7.311650813E-2,1.188281088E-1
3.409337737E1,8.422446370E-2,1.132842484E-1,-1.968728274E-1,2.422519172E-1
3.410343337E1,4.268935204E-2,1.623802485E-1,-1.479345560E-1,2.237730071E-1
3.411348937E1,5.770851016E-2,9.017473653E-2,5.852887452E-2,1.220138697E-1
3.412354537E1,1.048329753E-1,-3.191015616E-2,1.700136423E-1,2.022692496E-1
3.413360137E1,1.101352304E-1,-2.628338054E-2,1.865723723E-1,2.182426063E-1
3.414365637E1,1.214890614E-1,4.770743251E-3,2.174140960E-1,2.491008655E-1
3.415371237E1,1.213440505E-1,4.668109998E-2,2.255779785E-1,2.603630697E-1
3.416376837E1,1.122984079E-1,2.314415663E-2,1.554996836E-1,1.932012836E-1
3.417382437E1,1.653463948E-1,1.512265384E-2,6.703657329E-2,1.790587252E-1
3.418388037E1,2.720545721E-1,4.591891542E-2,-3.770635486E-2,2.784672444E-1
3.419393637E1,2.632635757E-1,1.253284894E-1,-1.135663766E-1,3.129093518E-1
3.420399137E1,1.508464694E-1,1.786558270E-1,-4.371553838E-2,2.378730968E-1
3.421404737E1,1.095867616E-1,9.299221739E-2,1.175617790E-1,1.856814011E-1
3.422410337E1,1.246909967E-1,7.391757667E-3,2.093461078E-1,2.437791534E-1
3.423415937E1,1.227456281E-1,-1.514691979E-2,2.297458738E-1,2.609196906E-1
3.424421537E1,7.873129696E-2,-2.217264175E-3,2.062850904E-1,2.208100358E-1
3.425427037E1,7.075569481E-2,8.919050395E-3,6.999994218E-2,9.992952373E-2
3.426432637E1,8.114181161E-2,2.524418414E-2,-5.616367579E-2,1.018607918E-1
3.427438237E1,7.151963353E-2,1.440286160E-2,-7.683475256E-2,1.059531953E-1
3.428443837E1,6.908368349E-2,-1.130646855E-2,4.935050011E-3,7.017653649E-2
3.429449437E1,4.876899451E-2,-6.166941404E-2,1.604218698E-1,1.786524776E-1
3.430454937E1,8.058164835E-2,-7.522998422E-2,3.463785303E-1,3.634983340E-1
3.431460537E1,1.298084798E-1,-7.300672665E-2,3.990233517E-1,4.259106230E-1
3.432466137E1,1.542600739E-1,-2.074577495E-2,2.289272636E-1,2.768289176E-1
3.433471737E1,1.705086091E-1,8.900967881E-2,-6.460120797E-2,2.029020078E-1
3.434477337E1,1.738704658E-1,2.249255754E-1,-2.829894501E-1,4.011302559E-1
3.435482837E1,1.817826256E-1,2.643378554E-1,-3.466954494E-1,4.723527912E-1
3.436488437E1,1.826959607E-1,2.633195628E-1,-1.983825785E-1,3.769226097E-1
3.437494037E1,1.563905069E-1,1.789233372E-1,3.231639147E-2,2.398247285E-1
3.438499637E1,1.693292257E-1,5.323129714E-2,1.809561217E-1,2.534779589E-1
3.439505237E1,1.223784229E-1,-5.704426646E-2,3.179511219E-1,3.454322548E-1
3.440510737E1,9.639310420E-2,-8.043634504E-2,3.659684569E-1,3.869037963E-1
3.441516337E1,1.112260285E-1,-2.696341172E-2,2.060944712E-1,2.357396574E-1
3.442521937E1,1.379062888E-1,3.847204775E-2,-4.770158529E-3,1.432515178E-1
3.443527537E1,2.437601879E-1,9.350399494E-2,-7.502094626E-2,2.716434587E-1
3.444533138E1,2.350645012E-1,1.230257097E-1,-1.678267837E-2,2.658426287E-1
3.445538587E1,1.805482784E-1,4.626580149E-2,1.175307888E-1,2.203444838E-1
3.446544187E1,1.672619426E-1,-1.837122068E-2,2.278203857E-1,2.832246235E-1
3.447549787E1,1.451246765E-1,-6.684800059E-2,2.696104360E-1,3.134000863E-1
3.448555387E1,1.283671412E-1,-2.145898908E-2,1.889293849E-1,2.294186646E-1
3.449560987E1,7.977794856E-2,1.070470235E-1,2.145694256E-2,1.352182928E-1
3.450566487E1,7.696046770E-2,1.697035937E-1,-1.724501771E-1,2.538922742E-1
3.451572087E1,1.007323229E-1,1.651572374E-1,-3.152695888E-1,3.698902913E-1
3.452577687E1,7.390442044E-2,2.030866635E-1,-2.380547673E-1,3.215215832E-1
3.453583287E1,4.225139558E-2,1.338554840E-1,-9.527336240E-2,1.696451726E-1
3.454588887E1,3.611240387E-3,3.071600854E-2,7.273059189E-2,7.903324133E-2
3.455594387E1,-3.628782034E-2,-3.725845814E-2,2.970806551E-1,3.015989294E-1
3.456599987E1,2.861919701E-2,-7.331969887E-2,4.138092059E-1,4.212278428E-1
3.457605587E1,1.222763890E-1,-5.153969765E-2,3.912763757E-1,4.131646862E-1
3.458611187E1,2.562176809E-1,-3.294306681E-2,2.914901322E-1,3.894858699E-1
3.459616787E1,3.464966440E-1,6.685911030E-2,8.808654964E-2,3.637159677E-1
3.460622387E1,2.342765889E-1,1.992270626E-1,-7.948646486E-2,3.176397970E-1
3.461627887E1,-5.580582619E-3,2.028359641E-1,-7.917246938E-2,2.178115037E-1
3.462633487E1,-3.672548443E-2,6.419029489E-2,1.766326904E-2,7.603384929E-2
3.463639087E1,6.120280623E-3,-3.726123556E-2,1.409564888E-1,1.459266571E-1
3.464644687E1,8.254718989E-2,-4.490164608E-2,1.461301053E-1,1.737360183E-1
3.465650287E1,1.475062475E-1,1.616492003E-2,1.116227621E-1,1.856853217E-1
3.466655787E1,1.908113113E-1,8.614249662E-2,9.313445091E-2,2.291364489E-1
3.467661387E1,2.662357154E-1,3.594838947E-2,5.264832973E-2,2.737619212E-1
3.468666988E1,2.729831100E-1,3.785779774E-3,2.704278767E-2,2.743454443E-1
3.469672587E1,2.048355657E-1,1.583601415E-2,3.803087533E-2,2.089371575E-1
3.470678187E1,8.214373201E-2,3.877873421E-2,7.955721617E-3,9.118484766E-2
3.471683687E1,3.174774975E-2,1.004833777E-1,-1.640143991E-3,1.053922145E-1
3.472689287E1,6.659510851E-2,1.194898984E-1,1.890989542E-3,1.368076026E-1
3.473694887E1,1.356293830E-1,5.458916679E-2,3.309407115E-2,1.499017152E-1
3.474700487E1,1.859820959E-1,-1.712035507E-2,7.186169565E-2,2.001163408E-1
3.475706087E1,1.926403204E-1,-1.105123758E-2,1.343538129E-1,2.351241585E-1
3.476711587E1,1.824822450E-1,9.124653116E-2,1.267436618E-1,2.401867086E-1
3.477717188E1,1.409734458E-1,1.350760902E-1,9.664336503E-2,2.178508723E-1
3.478722787E1,1.417490789E-1,1.247808976E-1,4.945165694E-2,1.952140880E-1
3.479728387E1,1.201784080E-1,1.328810455E-1,-1.875260532E-2,1.801440596E-1
3.480733987E1,9.328209311E-2,8.090748444E-2,4.136905074E-3,1.235503295E-1
3.481739487E1,9.936115086E-2,-9.808704257E-3,1.517077643E-1,1.816152381E-1
3.482745087E1,5.563567221E-2,-6.203384176E-2,2.107365757E-1,2.266129517E-1
3.483750687E1,1.701539755E-2,-1.373072416E-3,1.017134857E-1,1.031360376E-1
3.484756287E1,4.502063692E-2,8.542138875E-2,2.304680049E-2,9.927147836E-2
3.485761887E1,1.331571802E-1,1.304412948E-1,1.551266313E-3,1.864086169E-1
3.486767387E1,2.022861797E-1,1.157677071E-1,-4.754254103E-2,2.378700353E-1
3.487772987E1,2.018151864E-1,3.281939819E-2,3.094463468E-2,2.067947117E-1
3.488778587E1,1.607782575E-1,-2.677147686E-2,1.732313651E-1,2.378559773E-1
3.489784187E1,6.674947500E-2,-5.556901395E-2,2.475161469E-1,2.623121246E-1
3.490789787E1,-1.683033317E-2,-6.794464588E-3,2.652326256E-1,2.658529115E-1
3.491795287E1,3.182464063E-2,6.570092306E-2,9.715441167E-2,1.215253009E-1
3.492800887E1,1.286913693E-1,1.628284375E-1,-1.262752998E-1,2.429403629E-1
3.493806487E1,2.698557267E-1,1.967985678E-1,-2.293453395E-1,4.051556173E-1
3.494812087E1,2.994923392E-1,2.121903397E-1,-2.184496379E-1,4.271307128E-1
3.495817687E1,1.807941538E-1,1.638623714E-1,-8.873500586E-2,2.596368697E-1
3.496823187E1,1.072589850E-1,9.185361832E-2,1.083103144E-1,1.779682592E-1
3.497828787E1,1.445656827E-1,3.924651146E-3,2.318157881E-1,2.732273763E-1
3.498834387E1,1.495323077E-1,-3.666540429E-2,2.200804263E-1,2.685882666E-1
3.499839987E1,9.276841521E-2,4.149257317E-2,1.643009126E-1,1.931900680E-1
3.500845587E1,-2.751348853E-2,4.493789881E-2,6.671205282E-2,8.501120392E-2
3.501851087E1,-6.747920752E-2,-2.307355151E-2,5.093334138E-2,8.763582310E-2
3.502856687E1,7.992559075E-3,-7.063816577E-2,1.270781225E-1,1.456107162E-1
3.503862287E1,1.158523455E-1,-8.581198275E-2,1.662059355E-1,2.200224428E-1
3.504867887E1,2.091054949E-1,-8.309039623E-2,2.079568094E-1,3.063905294E-1
3.505873487E1,2.599099052E-1,-6.161722764E-2,1.913021851E-1,3.285519252E-1
3.506878987E1,2.595038161E-1,-2.730766654E-2,1.340421563E-1,2.933517324E-1
3.507884587E1,1.740713176E-1,2.879724473E-2,3.957629442E-2,1.808214257E-1
3.508890187E1,8.136137456E-2,8.530853748E-2,-2.126866221E-2,1.197897150E-1
3.509895787E1,4.246745020E-2,1.474863669E-1,-4.256071329E-2,1.592706096E-1
3.510901387E1,5.643118590E-2,1.313093139E-1,-6.207813442E-2,1.558214024E-1
3.511906887E1,1.107462645E-1,6.172291607E-2,-1.946830451E-2,1.282710737E-1
3.512912487E1,1.190978426E-1,5.023927689E-2,4.565272093E-2,1.370855644E-1
3.513918087E1,1.211008063E-1,4.152356341E-2,1.069666243E-1,1.668276665E-1
3.514923687E1,1.548439184E-1,-2.193071321E-2,1.485607928E-1,2.157032786E-1
3.515929287E1,1.867738089E-1,-5.865941361E-2,2.157610881E-1,2.913386855E-1
3.516934787E1,1.400019309E-1,-1.118472952E-1,2.393060714E-1,2.989611244E-1
3.517940387E1,8.172156304E-2,-8.241898969E-2,2.210177350E-1,2.496400267E-1
3.518945987E1,6.431703329E-2,1.473659143E-2,1.555476308E-1,1.689642369E-1
3.519951587E1,9.108646363E-2,1.136068685E-1,5.607012033E-2,1.560356460E-1
3.520957187E1,1.637784639E-1,1.707258332E-1,-3.492424965E-2,2.391451412E-1
3.521962787E1,2.343581575E-1,2.228053750E-1,-2.105085343E-1,3.858494838E-1
3.522968287E1,2.287082854E-1,2.907055821E-1,-3.300174361E-1,4.957103221E-1
3.523973887E1,1.507739639E-1,2.849827659E-1,-2.699618536E-1,4.205084630E-1
3.524979487E1,8.005013645E-2,1.931846961E-1,-2.331284881E-2,2.104087453E-1
3.525985087E1,-5.893993378E-4,3.923920244E-2,1.590121061E-1,1.637831257E-1
3.526990687E1,-2.175778180E-2,-7.326400414E-2,2.881215513E-1,2.980856315E-1
3.527996187E1,3.749059260E-2,-8.973517209E-2,3.308331227E-1,3.448311192E-1
3.529001787E1,1.345906252E-1,-4.245341688E-2,2.656928015E-1,3.008481240E-1
3.530007387E1,1.979750276E-1,7.778404802E-3,1.142621952E-1,2.287148101E-1
3.531012987E1,1.911791012E-1,7.117172420E-2,-3.555457950E-2,2.070724298E-1
3.532018587E1,1.602905998E-1,7.227918684E-2,2.395721197E-2,1.774578971E-1
3.533024087E1,1.306940407E-1,2.153383344E-3,1.456564808E-1,1.957073829E-1
3.534029687E1,8.360875189E-2,-8.405679479E-2,2.076726347E-1,2.391315357E-1
3.535035287E1,4.956801653E-2,-8.500082776E-2,2.039596528E-1,2.264545627E-1
3.536040887E1,4.835793525E-2,-4.668036908E-2,1.171881419E-1,1.350948088E-1
3.537046487E1,6.512453377E-2,-8.416189849E-3,-3.209244311E-2,7.308872728E-2
3.538051987E1,9.373262107E-2,1.120988716E-1,-1.341380507E-1,1.983556853E-1
3.539057587E1,1.139964393E-1,1.765141381E-1,-1.298613971E-1,2.470150028E-1
3.540063187E1,1.766516939E-1,1.133466674E-1,3.249531627E-2,2.123893442E-1
3.541068787E1,2.117136455E-1,2.510224298E-2,1.762806880E-1,2.766363520E-1
3.542074387E1,1.764324233E-1,-6.411998212E-2,2.616892129E-1,3.220574735E-1
3.543079887E1,1.229678223E-1,-7.472697750E-2,2.209417212E-1,2.636673105E-1
3.544085487E1,1.265776008E-1,-1.633887470E-2,1.202766412E-1,1.753719427E-1
3.545091087E1,1.268889651E-1,5.615168899E-2,-9.028100967E-4,1.387610778E-1
3.546096667E1,1.688754818E-1,1.101495561E-1,-2.102717221E-2,2.027165386E-1
3.547102267E1,1.675265291E-1,1.321447349E-1,3.143697023E-2,2.156748757E-1
3.548107767E1,1.723563293E-1,6.395582154E-2,5.967609823E-2,1.932829223E-1
3.549113367E1,1.658246970E-1,4.105344728E-2,1.924494088E-2,1.719115570E-1
3.550118967E1,1.173471862E-1,7.922772557E-2,-2.965707779E-3,1.416198787E-1
3.551124567E1,8.621924132E-2,9.263232127E-2,1.671602011E-2,1.276476786E-1
3.552130167E1,4.571557850E-2,1.390074657E-1,1.313986301E-2,1.469205419E-1
3.553135667E1,5.762109429E-2,1.436950323E-1,1.426954508E-2,1.554737043E-1
3.554141267E1,1.869483483E-1,7.928093523E-2,7.843162715E-2,2.176847991E-1
3.555146867E1,2.322633925E-1,1.608262047E-2,1.222682029E-1,2.629723324E-1
3.556152467E1,1.767458341E-1,-1.524719954E-2,1.948917907E-1,2.635419835E-1
3.557158067E1,1.005168530E-1,-5.302123591E-2,2.165013456E-1,2.445152794E-1
3.558163567E1,4.523639917E-2,-5.032523096E-2,2.092449510E-1,2.199145521E-1
3.559169167E1,2.202704608E-2,-1.580312356E-2,1.410576457E-1,1.436390924E-1
3.560174767E1,2.858352900E-2,2.452278391E-2,7.810652196E-2,8.671224731E-2
3.561180367E1,7.856523603E-2,5.767079562E-2,3.276779652E-2,1.028209389E-1
3.562185967E1,1.355788046E-1,8.083994910E-2,-4.628422022E-2,1.644960142E-1
3.563191467E1,1.877722210E-1,8.923888966E-2,-5.501060486E-2,2.150538375E-1
3.564197067E1,2.303399509E-1,8.768747717E-2,-3.082359731E-2,2.483861526E-1
3.565202667E1,1.509984970E-1,1.383721657E-1,-8.971382976E-3,2.050070439E-1
3.566208267E1,2.506730586E-2,1.331973799E-1,1.829944611E-2,1.367654253E-1
3.567213867E1,1.934463590E-2,8.111813039E-2,1.714695990E-2,8.513744329E-2
3.568219367E1,5.366720706E-2,6.802869961E-2,2.363970816E-2,8.981597233E-2
3.569224967E1,9.933659256E-2,2.829453036E-2,9.598730743E-2,1.410031995E-1
3.570230567E1,1.952268362E-1,1.988345683E-2,1.356384462E-1,2.385511633E-1
3.571236167E1,2.568985891E-1,4.835925087E-2,7.496071994E-2,2.719459722E-1
3.572241767E1,2.399758700E-1,9.108280912E-2,2.553596020E-2,2.579468580E-1
3.573247267E1,1.934425583E-1,1.266460133E-1,1.233411670E-2,2.315412846E-1
3.574252867E1,1.540004575E-1,1.177778336E-1,5.656011701E-2,2.019574357E-1
3.575258467E1,9.813615918E-2,4.726523682E-2,1.558019847E-1,1.901025165E-1
3.576264067E1,8.090090632E-2,8.811461627E-3,1.802053392E-1,1.977285077E-1
3.577269667E1,7.215376407E-2,-1.321178377E-2,1.711994576E-1,1.862524394E-1
3.578275167E1,9.761897296E-2,-1.857689649E-2,1.487034649E-1,1.788498964E-1
3.579280767E1,1.301002559E-1,9.693221748E-3,7.771183491E-2,1.518524429E-1
3.580286367E1,1.312410477E-1,6.946682230E-2,-8.742172122E-3,1.487490422E-1
3.581291967E1,9.970233589E-2,1.269589855E-1,-1.064514846E-1,1.933676766E-1
3.582297567E1,7.688503861E-2,1.339779831E-1,-7.811938584E-2,1.731012639E-1
3.583303067E1,8.980241507E-2,2.676212132E-2,4.572522640E-2,1.042663954E-1
3.584308667E1,9.724241227E-2,-1.031565785E-1,1.643266404E-1,2.170267522E-1
3.585314267E1,6.784670502E-2,-1.236892225E-1,2.591509366E-1,2.950617005E-1
3.586319867E1,7.300073326E-2,-8.576798245E-2,2.341885883E-1,2.598644815E-1
3.587325467E1,8.810058296E-2,-2.966628715E-2,1.824839991E-1,2.047979767E-1
3.588330967E1,1.015252054E-1,-4.558781683E-3,8.109444916E-2,1.300171508E-1
3.589336567E1,7.166289032E-2,-1.214583635E-2,3.110777199E-2,7.906190402E-2
3.590342167E1,8.326084256E-2,-1.386214033E-2,1.422159791E-2,8.559661609E-2
3.591347767E1,9.156856656E-2,2.327732697E-2,-4.287178516E-3,9.457809594E-2
3.592353367E1,1.002572367E-1,8.386047453E-2,1.226745844E-3,1.307118877E-1
3.593358867E1,1.115949878E-1,1.036204089E-1,4.452654719E-2,1.586607823E-1
3.594364467E1,1.307878885E-1,8.308732644E-2,7.374625325E-2,1.716026965E-1
3.595370067E1,1.228567252E-1,6.877597377E-2,4.877571881E-2,1.490066449E-1
3.596375667E1,1.488704029E-1,1.005579297E-1,4.149125755E-2,1.843795502E-1
3.597381267E1,2.009492138E-1,1.412266302E-1,2.692993641E-2,2.470845383E-1
3.598386767E1,2.348300278E-1,1.391116923E-1,2.275151610E-2,2.738883648E-1
3.599392367E1,2.240889850E-1,8.937469125E-2,9.482429624E-2,2.592206701E-1
3.600397967E1,1.751916441E-1,3.148871809E-2,1.258794433E-1,2.180121230E-1
3.601403567E1,1.267077014E-1,2.563448578E-2,1.394607711E-1,1.901611820E-1
3.602409167E1,1.117636800E-1,-7.415438890E-3,1.660141468E-1,2.002668366E-1
3.603414667E1,1.190782544E-1,7.367784083E-3,1.627110547E-1,2.017642244E-1
3.604420267E1,1.528339380E-1,2.969274580E-2,7.257388651E-2,1.717755534E-1
3.605425867E1,1.785897535E-1,8.336813897E-2,-4.645203531E-2,2.024903411E-1
3.606431467E1,2.108903575E-1,1.556927879E-1,-4.216719568E-2,2.655052909E-1
3.607437067E1,2.279159877E-1,1.835103317E-1,-3.597850263E-2,2.948155218E-1
3.608442567E1,1.984050903E-1,1.241809733E-1,-5.609877169E-2,2.406918490E-1
3.609448167E1,1.159622732E-1,9.907434493E-2,-5.281322122E-2,1.614069731E-1
3.610453767E1,5.215277821E-2,5.743822262E-2,4.034578800E-3,7.768744762E-2
3.611459367E1,2.604934573E-2,-3.605480880E-2,1.057316923E-1,1.147070548E-1
3.612464967E1,5.040913850E-2,-7.582113773E-2,1.586191732E-1,1.828933248E-1
3.613470467E1,7.987296581E-2,-8.045578703E-2,1.382094669E-1,1.787587231E-1
3.614476067E1,1.137169424E-1,-3.929416627E-2,8.525649726E-2,1.474592988E-1
3.615481667E1,1.212870401E-1,8.260990128E-2,-6.427844167E-3,1.468885941E-1
3.616487267E1,9.933659256E-2,1.292214194E-1,6.616709232E-3,1.631248439E-1
3.617492867E1,1.176158658E-1,8.984334558E-2,1.235990292E-1,1.928264469E-1
3.618498367E1,7.354715556E-2,5.751540586E-2,1.990152472E-1,2.198278295E-1
3.619503967E1,1.869998038E-2,4.037356228E-3,2.032451230E-1,2.041435023E-1
3.620509567E1,2.754915655E-2,-1.219305262E-2,1.070502394E-1,1.112087241E-1
3.621515167E1,7.566823304E-2,-1.551558673E-3,2.855253875E-2,8.089089129E-2
3.622520767E1,1.819852316E-1,5.511263877E-2,4.228121638E-3,1.901943861E-1
3.623526267E1,2.313301769E-1,1.181978099E-1,-2.939336836E-2,2.614351604E-1
3.624531867E1,2.086084816E-1,1.611840543E-1,-1.948409200E-2,2.643433899E-1
3.625537467E1,1.282414261E-1,1.686927563E-1,4.136320353E-2,2.159028114E-1
3.626543067E1,1.653183281E-2,1.192529400E-1,1.440695465E-1,1.877514298E-1
3.627548667E1,-1.108281255E-2,-2.616775185E-3,2.068616259E-1,2.071748260E-1
3.628554167E1,6.394251913E-2,-5.712992817E-2,1.617228752E-1,1.830485259E-1
3.629559767E1,1.831274852E-1,-3.196146548E-2,7.173481107E-2,1.992563531E-1
3.630565367E1,2.334819523E-1,5.989887714E-2,-4.551648080E-2,2.453027671E-1
3.631570967E1,2.106740105E-1,1.612371178E-1,-1.329364479E-1,2.967373351E-1
3.632576467E1,1.488370737E-1,1.733820771E-1,-1.142195106E-1,2.554602039E-1
3.633582067E1,1.008366957E-1,4.202686250E-2,3.558381557E-2,1.148934476E-1
3.634587667E1,3.855917126E-2,-1.403249896E-1,1.806538206E-1,2.319778336E-1
3.635593267E1,-4.141729027E-2,-1.902757064E-1,2.676627284E-1,3.310038860E-1
3.636598867E1,-1.093502417E-1,-1.340012258E-1,3.147468477E-1,3.591369962E-1
3.637604367E1,-8.269424736E-2,-8.810350657E-2,3.163402140E-1,3.386320974E-1
3.638609967E1,2.743308932E-2,-2.055778697E-2,1.905069637E-1,1.935667849E-1
3.639615567E1,1.829052910E-1,9.064339086E-2,-1.008814269E-1,2.277007512E-1
3.640621167E1,3.070843640E-1,2.128588226E-1,-3.026974905E-1,4.808694789E-1
3.641626767E1,3.960436106E-1,2.797907308E-1,-2.256539923E-1,5.348393392E-1
3.642632367E1,3.187761641E-1,1.606110272E-1,2.955358207E-2,3.581725269E-1
3.643637867E1,1.137751222E-1,-2.266234607E-2,2.551105106E-1,2.802494121E-1
3.644643467E1,-2.016938567E-2,-1.305585314E-1,3.343081230E-1,3.594638443E-1
3.645649162E1,-1.091441274E-1,-9.552640066E-2,2.463040191E-1,2.858380723E-1
3.646654762E1,-3.731693029E-2,4.339057937E-2,1.088710624E-1,1.229967637E-1
3.647660262E1,1.436868462E-1,1.689162661E-1,-5.362539947E-2,2.281541106E-1
3.648665863E1,2.752991921E-1,1.675338382E-1,-1.192539632E-1,3.436258719E-1
3.649671462E1,2.785420579E-1,1.307813103E-1,-3.761747718E-2,3.100072640E-1
3.650677062E1,1.624414980E-1,6.761033133E-2,8.728138804E-2,1.964088539E-1
3.651682662E1,3.555019408E-2,2.945724919E-2,1.490010881E-1,1.559899679E-1
3.652688162E1,2.468752921E-2,3.023346707E-2,1.114537776E-1,1.180909868E-1
3.653693762E1,1.011620933E-1,6.765798613E-2,4.907626569E-2,1.312244339E-1
3.654699362E1,1.296166912E-1,1.190624669E-1,-1.157105505E-2,1.763809711E-1
3.655704962E1,1.677107164E-1,1.435235627E-1,-2.502198994E-2,2.221530946E-1
3.656710562E1,1.901596391E-1,1.046721768E-1,-3.596037626E-2,2.200229570E-1
3.657716062E1,1.860584021E-1,7.706557140E-2,1.756094277E-2,2.021514729E-1
3.658721662E1,1.406571114E-1,5.864406466E-2,1.007241368E-1,1.826715661E-1
3.659727262E1,1.028993011E-1,-6.565399915E-3,1.608510554E-1,1.910613322E-1
3.660732862E1,1.451091814E-1,-3.595716029E-2,2.144764549E-1,2.614378350E-1
3.661738462E1,1.377194703E-1,-2.808417678E-2,2.171047783E-1,2.586307372E-1
3.662743962E1,1.096136588E-1,1.697110489E-2,1.432602918E-1,1.811813561E-1
3.663749562E1,9.117621839E-2,4.954696655E-2,-1.584127665E-2,1.049711900E-1
3.664755162E1,9.237869829E-2,5.997722983E-2,-1.123788071E-1,1.573533866E-1
3.665760762E1,1.125720575E-1,4.491129398E-2,-8.523135424E-2,1.481684049E-1
3.666766362E1,1.021567047E-1,1.488087147E-2,-1.765449822E-2,1.047335379E-1
3.667771862E1,7.851553470E-2,-2.237948701E-2,8.402098060E-2,1.171539833E-1
3.668777462E1,1.191858432E-1,-6.846680224E-2,1.858519953E-1,2.311578084E-1
3.669783062E1,1.219986463E-1,-5.078862280E-2,2.013962334E-1,2.408808767E-1
3.670788662E1,1.263235393E-1,-1.743654326E-2,2.159090227E-1,2.507556095E-1
3.671794262E1,1.535891059E-1,3.023639068E-2,2.030118191E-1,2.563545425E-1
3.672799762E1,1.587983903E-1,4.698135450E-2,1.664906949E-1,2.348261653E-1
3.673805362E1,1.594424611E-1,3.457648650E-2,1.278458619E-1,2.072727581E-1
3.674810962E1,1.692005870E-1,-1.221337169E-3,5.929369032E-2,1.792932570E-1
3.675816562E1,1.786374083E-1,2.883466691E-2,-2.477465272E-2,1.826377428E-1
3.676822162E1,1.482959139E-1,9.872409672E-2,-6.634894073E-2,1.901060422E-1
3.677827662E1,9.427875102E-2,1.398868869E-1,-6.028713226E-2,1.791406217E-1
3.678833262E1,1.069990763E-1,1.163439502E-1,3.208951950E-3,1.580981165E-1
3.679838862E1,1.272219640E-1,8.635928214E-2,1.604885280E-2,1.545992219E-1
3.680844462E1,1.545518500E-1,7.828793183E-2,-5.767108798E-3,1.733451301E-1
3.681850062E1,1.541881531E-1,9.934814081E-2,-1.432217002E-2,1.839814235E-1
3.682855562E1,1.201573581E-1,1.366222402E-1,9.411678314E-3,1.821867364E-1
3.683861162E1,1.080553758E-1,8.763149008E-2,7.579979539E-2,1.584324818E-1
3.684866762E1,1.089152089E-1,-2.284974933E-2,1.106942242E-1,1.569644707E-1
3.685872362E1,8.194872737E-2,-4.929802135E-2,1.325353289E-1,1.634365388E-1
3.686877962E1,6.421733826E-2,2.542661726E-2,8.608797133E-2,1.103699153E-1
3.687883462E1,1.042219412E-1,6.731899381E-2,5.991466463E-2,1.377818094E-1
3.688889062E1,1.329045805E-1,6.059133366E-2,5.217528999E-2,1.551038301E-1
3.689894662E1,1.122662482E-1,3.400769860E-2,4.854650795E-2,1.269527372E-1
3.690900262E1,9.057804823E-2,1.527365819E-2,4.978085518E-2,1.044787107E-1
3.691905862E1,3.972101301E-2,2.472626701E-2,1.089155012E-1,1.185400083E-1
3.692911362E1,4.272852838E-2,1.320111260E-2,1.333562779E-1,1.406552288E-1
3.693916962E1,9.759441465E-2,6.384136230E-3,1.688535547E-1,1.951331594E-1
3.694922562E1,1.164809212E-1,-5.903641284E-3,1.348005402E-1,1.782521911E-1
3.695928162E1,1.322499847E-1,-5.372363269E-2,7.783988893E-2,1.625894692E-1
3.696933762E1,1.359115112E-1,-6.618463397E-3,4.286827683E-2,1.426654551E-1
3.697939262E1,1.555669266E-1,7.357843816E-2,-1.384737611E-2,1.726458949E-1
3.698944862E1,1.374683324E-1,1.125869679E-1,-2.613237619E-2,1.796003030E-1
3.699950462E1,1.241144612E-1,1.142139557E-1,2.094940424E-2,1.699650102E-1
3.700956062E1,9.503508836E-2,6.216978952E-2,7.034726679E-2,1.335870080E-1
3.701961662E1,6.749470264E-2,-1.149124056E-3,6.392643929E-2,9.297012966E-2
3.702967162E1,1.151553574E-1,1.974400073E-2,9.500380576E-2,1.505865366E-1
3.703972762E1,1.231140026E-1,6.336203679E-2,9.543825388E-2,1.681673739E-1
3.704978362E1,1.362170282E-1,8.247102991E-2,6.329903305E-2,1.713572792E-1
3.705983962E1,1.606507882E-1,2.807175145E-2,8.196334541E-2,1.825231190E-1
3.706989462E1,1.512926120E-1,2.906387776E-2,4.990481615E-2,1.619402794E-1
3.707995062E1,7.768142939E-2,1.084008001E-1,-4.005693555E-2,1.392468887E-1
3.709000662E1,6.434948534E-2,9.464946449E-2,-4.031479776E-2,1.213452113E-1
3.710006262E1,6.199802756E-2,2.999928609E-2,7.081095099E-2,9.878210044E-2
3.711011862E1,1.157663915E-1,-3.416133419E-2,2.207417464E-1,2.515865115E-1
3.712017362E1,1.290424946E-1,-9.541544974E-2,2.407655364E-1,2.893512001E-1
3.713022962E1,1.088742784E-1,-6.236304000E-2,1.637214535E-1,2.062703847E-1
3.714028562E1,1.021236679E-1,-6.406355649E-3,9.010150015E-2,1.363398888E-1
3.715034162E1,1.281490400E-1,3.712309510E-2,3.370276630E-2,1.376087828E-1
3.716039762E1,1.428115180E-1,6.659876302E-2,-6.051166534E-2,1.687962872E-1
3.717045262E1,1.345020398E-1,1.095752133E-1,-6.962221205E-2,1.869352254E-1
3.718050862E1,1.307586524E-1,1.441652946E-1,-2.150313556E-2,1.958158374E-1
3.719056462E1,1.101825929E-1,1.377950455E-1,7.656285703E-2,1.923266737E-1
3.720062062E1,7.753817260E-2,8.802559242E-2,1.171039420E-1,1.657528472E-1
3.721067662E1,8.837978750E-2,3.455733687E-2,1.064052916E-1,1.425737789E-1
3.722073162E1,1.522033158E-1,4.347507164E-2,8.147451818E-2,1.780281672E-1
3.723078762E1,2.297178072E-1,7.046815798E-2,2.057284355E-2,2.411623397E-1
3.724084362E1,2.265290281E-1,7.049505517E-2,-9.941436052E-3,2.374527017E-1
3.725089962E1,1.596743032E-1,2.295733809E-2,5.191567361E-2,1.694643315E-1
3.726095562E1,8.546787411E-2,2.191989586E-2,1.534765470E-1,1.770318893E-1
3.727101062E1,2.742022544E-2,1.734503433E-2,1.710719883E-1,1.741216361E-1
3.728106662E1,2.078422040E-2,8.268547654E-3,1.003487456E-1,1.028115919E-1
3.729112262E1,7.356820554E-2,3.477529183E-2,4.845704556E-2,9.470843179E-2
3.730117862E1,1.275356671E-1,6.666162059E-2,-2.068160176E-3,1.439214902E-1
3.731123462E1,1.554844809E-1,6.829416320E-2,3.736955523E-3,1.698631253E-1
3.732128962E1,1.581800473E-1,9.382807687E-2,1.467534184E-2,1.844993253E-1
3.733134562E1,1.168703458E-1,6.068620473E-2,8.824033141E-3,1.319824107E-1
3.734140162E1,4.765919298E-2,7.910551876E-3,1.235867500E-2,4.986694651E-2
3.735145762E1,1.315915883E-3,6.303298473E-3,6.025906563E-2,6.060213030E-2
3.736151362E1,-1.184061170E-2,4.371086061E-3,1.398993123E-1,1.404675196E-1
3.737156862E1,4.203300208E-2,1.321690008E-2,1.856514359E-1,1.908085830E-1
3.738162462E1,1.354373020E-1,1.861753464E-3,1.688769436E-1,2.164859140E-1
3.739168062E1,1.732117769E-1,4.698120832E-2,1.007481104E-1,2.058148084E-1
3.740173663E1,1.709342864E-1,9.249520406E-2,2.589965701E-2,1.960731631E-1
3.741179162E1,2.036523816E-1,7.909031600E-2,-3.028857708E-4,2.184711934E-1
3.742184762E1,1.845445579E-1,1.765201315E-2,7.399125159E-2,1.996070959E-1
3.743190362E1,1.655428612E-1,-2.878335759E-2,1.687629229E-1,2.381466874E-1
3.744195962E1,1.257967052E-1,-6.455326080E-4,1.591682267E-1,2.028786636E-1
3.745201562E1,1.039822054E-1,6.020790249E-2,2.321227670E-2,1.223768783E-1
3.746207004E1,1.072657093E-1,8.683246806E-2,-5.512287140E-2,1.486080108E-1
3.747212604E1,1.604359031E-1,9.398887530E-2,-7.597521186E-2,2.008626906E-1
3.748218204E1,1.668400660E-1,6.489049897E-2,-8.082313836E-2,1.964147759E-1
3.749223804E1,6.592823356E-2,7.891109884E-2,-3.722395957E-2,1.093577463E-1
3.750229404E1,-1.784277856E-2,7.257490978E-2,7.063787341E-2,1.028357498E-1
3.751234904E1,-4.289517403E-3,-1.108339727E-2,1.696908760E-1,1.701065403E-1
3.752240504E1,1.991620123E-2,-5.924574316E-2,1.951087224E-1,2.048758813E-1
3.753246104E1,3.115279555E-2,-5.974568009E-2,2.010342908E-1,2.120255386E-1
3.754251704E1,7.571121007E-2,-2.790642142E-2,1.796264648E-1,1.969178066E-1
3.755257304E1,1.056951472E-1,-4.737998843E-3,1.180792576E-1,1.585453369E-1
3.756262804E1,1.516680032E-1,3.401281491E-2,8.036764026E-2,1.749828917E-1
3.757268404E1,1.609586442E-1,4.929348975E-2,2.469746947E-2,1.701396434E-1
3.758274004E1,1.548640913E-1,9.697241709E-2,-2.592363060E-2,1.845496439E-1
3.759279604E1,1.191706404E-1,6.878240570E-2,1.225927234E-2,1.381410534E-1
3.760285204E1,1.304692152E-1,2.631685585E-3,8.800702751E-2,1.573987890E-1
3.761290704E1,1.716856536E-1,-3.563161656E-2,1.234323835E-1,2.144321083E-1
3.762296304E1,1.742005411E-1,2.581618801E-2,5.696532905E-2,1.850874193E-1
3.763301904E1,1.508833069E-1,1.359202820E-1,-1.249783874E-2,2.034607857E-1
3.764307504E1,2.011807635E-1,1.053551316E-1,-6.755756021E-2,2.369333816E-1
3.765313104E1,1.756448033E-1,1.066165222E-1,-3.988912046E-2,2.093067645E-1
3.766318604E1,1.443361795E-1,8.283151075E-2,2.202763081E-2,1.678666387E-1
3.767324204E1,1.161531848E-1,1.884148300E-2,1.305425978E-1,1.757496334E-1
3.768329804E1,9.351305813E-2,-2.500474066E-2,2.549859649E-1,2.727412169E-1
3.769335404E1,7.017360449E-2,-7.516127944E-2,3.018455511E-1,3.188797413E-1
3.770341004E1,6.925529927E-2,-3.921829864E-2,1.750451714E-1,1.922893222E-1
3.771346504E1,7.842694938E-2,5.952728659E-2,1.536122024E-2,9.965064639E-2
3.772352104E1,1.013287389E-1,1.351208214E-1,-9.942780912E-2,1.959873438E-1
3.773357704E1,1.375841072E-1,1.015025474E-1,-1.317289978E-1,2.158348502E-1
3.774363304E1,1.316287181E-1,8.586899310E-2,-2.265386760E-2,1.587853933E-1
3.775368904E1,1.070297742E-1,3.952922434E-2,8.224985898E-2,1.406519514E-1
3.776374404E1,6.810515195E-2,-8.967436105E-3,1.800468796E-1,1.927060080E-1
3.777380004E1,6.342767179E-2,-1.686921716E-3,2.144249994E-1,2.236157320E-1
3.778385604E1,8.205017656E-2,-2.170647249E-2,1.238463664E-1,1.501376865E-1
3.779391204E1,7.900260776E-2,2.623017088E-2,-2.035883546E-2,8.569665150E-2
3.780396704E1,1.080229238E-1,1.083167464E-1,-7.262358785E-2,1.693388766E-1
3.781402304E1,1.526152521E-1,1.197889835E-1,-2.923373938E-2,1.962025159E-1
3.782407904E1,1.183166546E-1,5.881626517E-2,5.363066196E-2,1.425988489E-1
3.783413504E1,2.759213358E-2,8.095323890E-3,1.249421346E-1,1.282084128E-1
3.784419104E1,-1.215840787E-2,-2.088493869E-2,1.227546912E-1,1.251108379E-1
3.785424604E1,2.162680417E-2,-1.940252334E-2,8.585817575E-2,9.064106638E-2
3.786430204E1,1.280607471E-1,2.129906774E-2,3.833843887E-2,1.353626282E-1
3.787435804E1,1.923166770E-1,7.378206745E-2,-1.687331021E-2,2.066741549E-1
3.788441404E1,2.220851442E-1,5.612128347E-2,-8.519977927E-3,2.292247800E-1
3.789447004E1,2.033804861E-1,-1.448940039E-3,5.544446826E-2,2.108075203E-1
3.790452504E1,1.312968886E-1,-2.546740159E-2,1.429433727E-1,1.957556367E-1
3.791458104E1,5.974509537E-2,-2.427281544E-2,1.521492290E-1,1.652514263E-1
3.792463704E1,9.831216037E-3,3.263111785E-2,8.764976263E-2,9.404213710E-2
3.793469304E1,5.134323120E-2,6.425461426E-2,9.286430955E-2,1.240506462E-1
3.794474904E1,1.302975994E-1,3.596037626E-2,1.098101252E-1,1.741518782E-1
3.795480404E1,1.912089220E-1,2.993335873E-2,3.877405643E-2,1.973835993E-1
3.796486004E1,1.586028010E-1,4.659704626E-2,8.887767792E-5,1.653062040E-1
3.797491604E1,1.073113176E-1,1.101187120E-1,4.671925306E-3,1.538300248E-1
3.798497204E1,8.683699965E-2,9.710061729E-2,9.684217036E-2,1.623194392E-1
3.799502704E1,7.010899276E-2,3.687882766E-2,1.285177070E-1,1.509705925E-1
3.800508304E1,6.244183123E-2,3.746164888E-2,8.075355649E-2,1.087358925E-1
3.801513904E1,8.381048083E-2,8.021590501E-2,3.039265752E-2,1.199270684E-1
3.802519504E1,1.771299961E-1,7.904339209E-2,2.537925482E-2,1.956195285E-1
3.803525104E1,2.678118324E-1,3.766644761E-2,3.474181652E-2,2.726700069E-1
3.804530604E1,1.977849931E-1,1.823468819E-2,-1.085243225E-2,1.989200408E-1
3.805536204E1,5.285532117E-2,3.108730674E-2,4.191401124E-2,7.427576963E-2
3.806541804E1,2.802336574E-2,3.901759297E-2,1.598003107E-1,1.668646784E-1
3.807547404E1,2.809645593E-2,3.370539755E-2,1.764426559E-1,1.818171485E-1
3.808553004E1,4.778549284E-2,-2.769416749E-2,1.911998588E-1,1.990171004E-1
3.809558504E1,1.204579049E-1,-4.808340847E-2,1.954601401E-1,2.345778920E-1
3.810564104E1,1.643365806E-1,-9.196793139E-3,1.137002778E-1,2.000471092E-1
3.811569704E1,2.292947611E-1,5.310835943E-2,-1.736213744E-2,2.360042990E-1
3.812575304E1,2.095747340E-1,9.923017323E-2,-1.554727864E-1,2.791773338E-1
3.813580904E1,1.370493793E-1,1.034799296E-1,-1.278061008E-1,2.140678108E-1
3.814586404E1,1.149816951E-1,1.065073255E-1,-7.510163784E-3,1.569108127E-1
3.815592004E1,6.953888923E-2,7.156714216E-2,6.459477603E-2,1.188696683E-1
3.816597604E1,3.208484173E-2,9.480967820E-3,7.358194649E-2,8.083086458E-2
3.817603204E1,1.549073607E-2,-1.774644569E-2,4.125444531E-2,4.750608905E-2
3.818608804E1,3.514030427E-2,1.197553620E-2,4.551998913E-2,5.873945745E-2
3.819614304E1,8.698493421E-2,1.379372790E-2,5.091287613E-2,1.017288881E-1
3.820619904E1,1.486227733E-1,1.099700466E-2,4.026568115E-2,1.543728860E-1
3.821625504E1,1.760994244E-1,4.627705738E-2,8.886247516E-2,2.026058064E-1
3.822631104E1,1.682892984E-1,3.847614080E-2,1.743575388E-1,2.453614736E-1
3.823636704E1,1.354030958E-1,1.890141696E-2,2.214276248E-1,2.602334624E-1
3.824642204E1,1.063023806E-1,4.002579913E-2,2.112996626E-1,2.398954108E-1
3.825647804E1,8.295444846E-2,3.581609622E-2,1.587010342E-1,1.826205123E-1
3.826653404E1,8.023081541E-2,7.152314186E-3,3.417054355E-2,8.749723073E-2
3.827659004E1,7.650818557E-2,9.924099058E-2,-8.331405222E-2,1.504775996E-1
3.828664504E1,6.742541313E-2,1.512068041E-1,-9.603642404E-2,1.913966527E-1
3.829670104E1,1.090926719E-1,1.137214740E-1,-3.686727941E-2,1.618424573E-1
3.830675704E1,1.075364354E-1,3.574022859E-2,2.433435738E-2,1.159034505E-1
3.831681304E1,5.612128347E-2,-8.498957187E-2,1.260648000E-1,1.620652942E-1
3.832686904E1,3.348232627E-2,-1.029763381E-1,1.392900324E-1,1.764281880E-1
3.833692404E1,6.622059435E-2,-5.931137815E-2,1.278622341E-1,1.557297583E-1
3.834698004E1,1.394794822E-1,-3.830759481E-2,1.275271887E-1,1.928345965E-1
3.835703604E1,1.833993807E-1,1.212420166E-2,1.101223665E-1,2.142644738E-1
3.836709204E1,1.506602356E-1,5.905804753E-2,-3.857408166E-3,1.618679683E-1
3.837714804E1,8.604090124E-2,5.435396254E-2,-1.276505649E-2,1.025686921E-1
3.838720304E1,9.443750292E-2,3.695659563E-2,6.384223938E-2,1.198334822E-1
3.839725904E1,1.056910542E-1,-4.203563333E-3,9.146507084E-2,1.398360757E-1
3.840731504E1,1.328727132E-1,-1.425638884E-2,1.323195666E-1,1.880608153E-1
3.841737104E1,1.763374060E-1,2.388324469E-2,1.190083802E-1,2.140754182E-1
3.842742704E1,1.479094130E-1,5.198788673E-2,8.807543993E-2,1.798255208E-1
3.843748204E1,1.249649388E-1,8.248930246E-2,1.289077163E-2,1.502893640E-1
3.844753804E1,1.032922339E-1,1.365055883E-1,-6.092915654E-2,1.817014676E-1
3.845759404E1,1.400183031E-1,1.464379612E-1,-6.263888240E-2,2.120679874E-1
3.846764967E1,1.912103838E-1,1.368859497E-1,1.755918860E-2,2.358124237E-1
3.847770467E1,2.030036330E-1,6.480089039E-2,7.660320282E-2,2.264457575E-1
3.848776067E1,9.176093996E-2,6.225822866E-3,1.117747897E-1,1.447495581E-1
3.849781667E1,-2.813095450E-3,-1.697139725E-2,1.073730057E-1,1.087423753E-1
3.850787267E1,-4.224613309E-2,-3.132645786E-3,5.955447614E-2,7.308409443E-2
3.851792867E1,3.762683272E-4,5.462819695E-2,-3.338818610E-2,6.402462379E-2
3.852798367E1,4.581381172E-2,1.561962332E-1,-5.929661393E-2,1.732404601E-1
3.853803967E1,7.865323663E-2,1.267397149E-1,5.033867955E-3,1.492468653E-1
3.854809567E1,9.509151399E-2,2.773962960E-2,9.222286999E-2,1.353400932E-1
3.855815167E1,7.288642019E-2,-5.487144113E-2,1.666602641E-1,1.899972340E-1
3.856820767E1,5.882912904E-2,-9.321163416E-2,1.957478231E-1,2.246474692E-1
3.857826267E1,9.697987229E-2,-3.377264053E-2,1.420031404E-1,1.752443402E-1
3.858831867E1,1.458003223E-1,4.583106101E-2,8.095996320E-2,1.729529872E-1
3.859837467E1,1.602496693E-1,7.360007286E-2,4.054810166E-2,1.809449523E-1
3.860843067E1,1.456085336E-1,6.483173445E-2,2.955065846E-2,1.621056454E-1
3.861848667E1,1.205853742E-1,7.214060783E-2,1.557230473E-2,1.413774963E-1
3.862854167E1,1.177018198E-1,6.507278591E-2,2.380109131E-2,1.365821284E-1
3.863859767E1,1.422060388E-1,1.311004221E-2,6.580222607E-2,1.572398284E-1
3.864865367E1,1.812522832E-1,-3.797181845E-2,1.420820779E-1,2.334128660E-1
3.865870967E1,1.927771452E-1,-4.766445547E-2,1.520229292E-1,2.500917812E-1
3.866876467E1,1.567498183E-1,1.680635959E-3,1.054767537E-1,1.889409317E-1
3.867882067E1,1.488973001E-1,4.814217299E-2,1.204351008E-2,1.569494215E-1
3.868887667E1,1.288129914E-1,7.983086586E-2,-3.669946432E-2,1.559249966E-1
3.869893267E1,1.034302282E-1,8.443364784E-2,-9.919216633E-3,1.338851891E-1
3.870898867E1,6.516400248E-2,6.230442166E-2,7.718324661E-5,9.015649802E-2
3.871904367E1,1.078460455E-2,9.970438242E-2,-7.719494104E-3,1.005826136E-1
3.872909967E1,-1.282586753E-3,8.481444776E-2,6.748914778E-2,1.083970509E-1
3.873915567E1,8.154322296E-2,2.978030786E-2,7.546474993E-2,1.150264858E-1
3.874921167E1,1.106135327E-1,2.346853092E-2,6.015732408E-2,1.280821189E-1
3.875926767E1,1.359650132E-1,3.251446590E-2,8.554418027E-2,1.638947287E-1
3.876932267E1,1.684068274E-1,6.952061668E-2,1.243416256E-1,2.205783659E-1
3.877937867E1,1.856198609E-1,8.430369347E-2,1.251269066E-1,2.392040724E-1
3.878943467E1,1.888861156E-1,3.231317550E-2,1.448887414E-1,2.402391586E-1
3.879949067E1,1.567629746E-1,-1.980890483E-3,1.475854772E-1,2.153137878E-1
3.880954667E1,1.243699846E-1,-1.324365109E-2,1.287048179E-1,1.794664802E-1
3.881960167E1,7.485576242E-2,1.157134742E-2,7.482331038E-2,1.064697564E-1
3.882965767E1,4.156610191E-2,3.989496768E-2,-5.705128312E-3,5.789557637E-2
3.883971367E1,6.174718201E-2,4.283787131E-2,-1.580560863E-2,7.679593068E-2
3.884976967E1,1.109377608E-1,4.431897104E-2,-3.315780580E-2,1.239790226E-1
3.885982567E1,1.278049314E-1,3.244649202E-2,-1.166110218E-2,1.323739273E-1
3.886988067E1,1.292781374E-1,4.149842039E-2,2.791460752E-2,1.386152265E-1
3.887993667E1,1.158818740E-1,7.483705133E-3,8.615813792E-2,1.445954331E-1
3.888999267E1,6.665328830E-2,-4.001322761E-2,1.164899844E-1,1.400486904E-1
3.890004867E1,2.455830574E-2,-1.960220575E-2,6.583497047E-2,7.294929875E-2
3.891010367E1,3.109139979E-2,5.138328463E-2,3.270932436E-2,6.838725744E-2
3.892015967E1,1.009144637E-1,6.376812592E-2,4.893827140E-2,1.290157249E-1
3.893021567E1,1.627285963E-1,6.193326965E-2,6.109229386E-2,1.845226120E-1
3.894027167E1,1.361848685E-1,3.371899232E-2,7.400703907E-2,1.586200829E-1
3.895032767E1,8.270301819E-2,5.312049240E-3,8.916711509E-2,1.217324176E-1
3.896038267E1,4.337142974E-2,3.757420778E-3,8.908291519E-2,9.915122242E-2
3.897043867E1,4.015867710E-2,3.621648431E-2,7.582552314E-2,9.313357634E-2
3.898049467E1,3.195444882E-2,4.888009161E-2,8.256736279E-2,1.011321885E-1
3.899055067E1,4.474757195E-2,4.938879937E-2,1.084629267E-1,1.273020235E-1
3.900060667E1,7.950195998E-2,1.461263046E-2,1.307735628E-1,1.537394397E-1
3.901066167E1,1.573000413E-1,1.762643158E-3,1.158649170E-1,1.953742279E-1
3.902071767E1,2.296952954E-1,2.498310596E-2,4.016510904E-2,2.345150748E-1
3.903077367E1,1.895842731E-1,9.425609306E-2,-4.353076637E-2,2.161511862E-1
3.904082967E1,1.322409216E-1,9.821056500E-2,-4.818398058E-2,1.716236359E-1
3.905088567E1,1.293015262E-1,6.437243566E-2,3.701813757E-2,1.491074702E-1
3.906094067E1,1.005633384E-1,3.041458458E-2,1.149363792E-1,1.557189881E-1
3.907099667E1,6.944445670E-2,3.340660483E-3,1.027221304E-1,1.240384160E-1
3.908105267E1,5.298191339E-2,1.748478279E-2,5.065209031E-2,7.535539150E-2
3.909110867E1,4.667744547E-2,9.899482280E-3,2.429284215E-2,5.354368165E-2
3.910116367E1,3.026255697E-2,-5.540236831E-3,4.462887347E-2,5.420565400E-2
3.911121967E1,3.973767757E-2,7.606058121E-3,1.640260935E-2,4.365753924E-2
3.912127567E1,5.296466410E-2,4.495894879E-2,-8.112426996E-3,6.994550873E-2
3.913133167E1,1.129547578E-1,5.265534639E-2,4.842897892E-2,1.337038848E-1
3.914138767E1,1.970996994E-1,9.137590080E-3,1.371312404E-1,2.402847563E-1
3.915144267E1,2.210966724E-1,-4.027167454E-2,1.777179337E-1,2.865121468E-1
3.916149867E1,2.136502433E-1,-2.219544590E-2,1.468580836E-1,2.602044600E-1
3.917155467E1,1.382463044E-1,3.828230560E-2,8.693172455E-2,1.677340166E-1
3.918161067E1,7.893448770E-2,9.328940213E-2,4.864474118E-2,1.315289958E-1
3.919166667E1,8.652534306E-2,5.895849869E-2,3.748006761E-2,1.112092398E-1
3.920172167E1,9.034854501E-2,6.270510212E-2,1.981972218E-2,1.117479790E-1
3.921177767E1,4.606758088E-2,7.792379647E-2,-1.531151891E-2,9.180840199E-2
3.922183367E1,7.020108640E-2,7.144581243E-2,-5.685247779E-2,1.151733514E-1
3.923188967E1,9.532481790E-2,7.810301363E-2,-3.160186172E-2,1.272225582E-1
3.924194567E1,1.003578088E-1,3.349022001E-2,3.409511447E-3,1.058532446E-1
3.925200067E1,9.648227423E-2,-5.274480879E-3,8.939749539E-2,1.316379944E-1
3.926205667E1,6.840599120E-2,-1.633083478E-2,1.471802652E-1,1.631199137E-1
3.927211267E1,7.070248514E-2,-3.525973365E-2,2.000420183E-1,2.150788211E-1
3.928216867E1,9.017166674E-2,-2.951045886E-2,2.388815635E-1,2.570334571E-1
3.929222367E1,1.086529613E-1,-1.590325713E-2,1.748715091E-1,2.064907365E-1
3.930227967E1,1.164396983E-1,8.824910223E-3,7.405966401E-2,1.382784011E-1
3.931233567E1,1.384553424E-1,6.490555555E-2,-4.119363427E-3,1.529692195E-1
3.932239167E1,1.491998935E-1,9.429103017E-2,-7.131147265E-2,1.903594829E-1
3.933244767E1,1.187686443E-1,1.289955707E-1,-1.101802540E-1,2.070882336E-1
3.934250267E1,8.668906510E-2,1.444044457E-1,-6.310665965E-2,1.798613034E-1
3.935255867E1,1.026984492E-1,4.572566494E-2,8.995590448E-2,1.439787229E-1
3.936261467E1,9.153669924E-2,-3.700264245E-2,2.036322087E-1,2.263056324E-1
3.937267067E1,3.874686688E-2,-3.984658197E-2,1.876687253E-1,1.957258803E-1
3.938272667E1,3.559083223E-2,5.358973145E-4,6.590104401E-2,7.489954691E-2
3.939278167E1,1.092932314E-1,8.817089573E-2,-3.270230770E-2,1.441823783E-1
3.940283767E1,1.781953588E-1,8.880794987E-2,-2.786724508E-2,2.010398498E-1
3.941289367E1,2.158827102E-1,5.846280098E-2,-2.714920700E-2,2.253005173E-1
3.942294967E1,1.438561231E-1,5.808156252E-2,4.229817331E-2,1.608017025E-1
3.943300467E1,1.301511267E-1,2.202324539E-2,1.576000035E-1,2.055774798E-1
3.944306067E1,1.175837061E-1,-2.056173384E-3,1.516808671E-1,1.919303030E-1
3.945311667E1,6.906672657E-2,6.347444952E-3,8.058047891E-2,1.063189370E-1
3.946317300E1,6.579345524E-2,3.353056580E-2,1.230429590E-2,7.486303022E-2
3.947322900E1,8.896480143E-2,2.620371222E-2,6.724882722E-3,9.298706617E-2
3.948328400E1,1.032384396E-1,3.676875383E-3,6.032338500E-2,1.196269434E-1
3.949334000E1,1.265816939E-1,3.185373053E-2,9.998270988E-2,1.644205816E-1
3.950339600E1,1.659007108E-1,2.917906791E-3,9.204745352E-2,1.897479742E-1
3.951345200E1,1.424934295E-1,1.690430045E-2,8.136575997E-2,1.649561145E-1
3.952350800E1,8.349297702E-2,5.052418247E-2,9.971490741E-2,1.395235929E-1
3.953356300E1,4.712007970E-2,2.152652442E-2,6.369664371E-2,8.210332261E-2
3.954361900E1,3.474327832E-2,2.647911608E-3,1.100153625E-2,3.653957614E-2
3.955367500E1,7.800097972E-2,1.165291607E-2,7.046947360E-2,1.057633679E-1
3.956373100E1,1.872082570E-1,4.918809369E-2,9.068446755E-2,2.137523631E-1
3.957378700E1,1.772182891E-1,6.710425481E-2,1.463850439E-2,1.900620657E-1
3.958384200E1,7.047912151E-2,7.673198774E-2,-1.528871477E-2,1.053036054E-1
3.959389800E1,-2.166217983E-2,5.062124625E-2,-1.736798465E-2,5.773566920E-2
3.960395400E1,-4.677480161E-2,-2.834437788E-3,-1.455079615E-2,4.906772638E-2
3.961401000E1,3.354313731E-2,-9.485499412E-2,1.576537979E-1,1.870222766E-1
3.962406500E1,1.685451141E-1,-1.238003196E-1,2.725059772E-1,3.435017936E-1
3.963412100E1,2.740455490E-1,-8.469969615E-2,2.491539520E-1,3.799377492E-1
3.964417700E1,2.927809051E-1,-3.800821736E-2,1.649189633E-1,3.381767991E-1
3.965423300E1,2.312360367E-1,2.769519076E-2,2.865077198E-2,2.346444012E-1
3.966428900E1,1.775059721E-1,1.268107586E-1,-9.535346925E-2,2.380790262E-1
3.967434400E1,9.920006007E-2,2.332485022E-1,-1.845755482E-1,3.135500736E-1
3.968440000E1,4.403596580E-2,2.447957298E-1,-1.136353737E-1,2.734540433E-1
3.969445600E1,1.444262266E-4,1.231034777E-1,8.259776831E-3,1.233803509E-1
3.970451200E1,-1.406255364E-4,-2.253078371E-3,1.284457862E-1,1.284656224E-1
3.971456800E1,4.579627007E-2,-5.288090274E-2,1.700715297E-1,1.838967467E-1
3.972462300E1,1.264451614E-1,-2.585755706E-2,1.119765186E-1,1.708675886E-1
3.973467900E1,1.738891768E-1,-8.087576330E-3,9.600367963E-2,1.987952746E-1
3.974473500E1,1.364672890E-1,6.116450697E-2,5.022056580E-2,1.577546295E-1
3.975479100E1,9.846974283E-2,9.660784319E-2,3.353085816E-2,1.419636717E-1
3.976484600E1,6.760492265E-2,4.011876985E-2,4.395527422E-2,9.006668304E-2
3.977490200E1,4.436457932E-2,-4.166243479E-2,1.340550202E-1,1.472233773E-1
3.978495800E1,7.545714855E-2,-7.007493272E-2,1.295029628E-1,1.654548121E-1
3.979501400E1,1.155594000E-1,-1.110678613E-2,7.242595196E-2,1.368314808E-1
3.980507000E1,1.208444059E-1,1.032371239E-1,1.288960218E-2,1.594597631E-1
3.981512500E1,1.280791658E-1,2.004425526E-1,-4.306240439E-2,2.417351035E-1
3.982518100E1,1.156804374E-1,1.208815357E-1,-4.468383729E-2,1.731789669E-1
3.983523700E1,5.568712771E-2,4.384666219E-2,-4.090127349E-3,7.099517674E-2
3.984529300E1,-9.482429624E-3,1.732120693E-2,2.415718675E-2,3.120112742E-2
3.985534900E1,-2.691473365E-2,6.904684603E-3,3.932310998E-2,4.814960577E-2
3.986540400E1,1.031156480E-2,4.869692758E-2,9.615336835E-2,1.082736781E-1
3.987546000E1,1.057802242E-1,1.947385937E-2,1.565954518E-1,1.899758473E-1
3.988551600E1,1.483716354E-1,-2.925595880E-2,1.361465693E-1,2.034844997E-1
3.989557200E1,1.283969620E-1,-4.835676581E-2,6.742015064E-2,1.528712967E-1
3.990562700E1,1.247523925E-1,-1.995464668E-2,6.944562614E-2,1.441667172E-1
3.991568300E1,1.168267840E-1,-6.498595476E-3,1.274172610E-1,1.729910044E-1
3.992573900E1,1.076931408E-1,-6.927547216E-2,1.763204491E-1,2.179123778E-1
3.993579500E1,9.091514021E-2,-6.186456487E-2,1.324511290E-1,1.721513540E-1
3.994585100E1,4.542701840E-2,-2.923607826E-3,3.421556711E-2,5.694617210E-2
3.995590600E1,1.079115343E-1,5.189462364E-2,-4.447099864E-2,1.277326149E-1
3.996596200E1,1.535578233E-1,8.255274475E-2,-6.657230437E-2,1.866194858E-1
3.997601800E1,1.699794361E-1,9.934667900E-2,-7.906195700E-2,2.121640035E-1
3.998607400E1,2.054115164E-1,1.054900561E-1,-1.371522903E-2,2.313226114E-1
3.999613000E1,1.945652238E-1,8.349867806E-2,8.849643946E-2,2.294760888E-1
4.000618500E1,1.602218950E-1,5.011429265E-2,1.900701767E-1,2.535925276E-1
4.001624100E1,1.362673143E-1,-3.230396613E-2,2.624277163E-1,2.974569438E-1
4.002629700E1,6.719357103E-2,-6.235836223E-2,1.930224359E-1,2.136848195E-1
4.003635300E1,6.718480021E-2,-9.633287787E-3,7.038995147E-2,9.778211943E-2
4.004640800E1,9.975876153E-2,9.579405695E-2,-4.049898505E-2,1.441127324E-1
4.005646400E1,1.207590365E-1,1.391748422E-1,-1.296982598E-1,2.253309127E-1
4.006652000E1,1.210730320E-1,9.571848169E-2,-9.503128767E-2,1.812502482E-1
4.007657600E1,6.270466357E-2,6.519470036E-2,-9.867176414E-3,9.099222472E-2
4.008663200E1,1.632893443E-2,3.510858312E-2,8.672239423E-2,9.497378780E-2
4.009668700E1,1.116818190E-3,5.000231847E-2,1.114485151E-1,1.221566643E-1
4.010674300E1,-1.863741517E-2,4.183697417E-2,1.176395470E-1,1.262408360E-1
4.011679900E1,2.643146127E-2,1.925780475E-2,7.773931682E-2,8.433793078E-2
4.012685500E1,7.424677491E-2,1.579771489E-2,8.162420690E-2,1.114659703E-1
4.013691100E1,1.224643770E-1,-3.613579273E-4,8.445133567E-2,1.487604864E-1
4.014696600E1,1.160371175E-1,2.787967041E-2,8.866776288E-2,1.486736723E-1
4.015702200E1,7.792730480E-2,3.447693765E-2,6.988592148E-2,1.102060166E-1
4.016707800E1,5.241882652E-2,1.685109079E-2,6.577825248E-2,8.578153143E-2
4.017713400E1,4.017709583E-2,1.795168296E-2,7.342465639E-2,8.560164786E-2
4.018718900E1,4.882717431E-2,7.965223342E-3,5.459662199E-2,7.367719366E-2
4.019724500E1,9.682725996E-2,2.236896202E-2,1.273055792E-2,1.001895994E-1
4.020730100E1,1.528658053E-1,4.540903822E-2,-1.782874525E-2,1.604612082E-1
4.021735700E1,1.859087133E-1,3.210062921E-2,2.025417030E-2,1.897438576E-1
4.022741300E1,1.916889784E-1,4.466951162E-2,4.845002890E-2,2.027003577E-1
4.023746800E1,1.586481169E-1,5.963516772E-2,6.122677982E-2,1.802062618E-1
4.024752400E1,1.633764678E-1,3.857846707E-2,1.004346997E-1,1.956202885E-1
4.025758000E1,1.390228146E-1,2.512738600E-2,1.551769173E-1,2.098537686E-1
4.026763600E1,8.347777426E-2,2.138969958E-2,1.888089323E-1,2.075448649E-1
4.027769200E1,9.735467881E-2,2.742578030E-2,1.434023792E-1,1.754831880E-1
4.028774700E1,1.115721837E-1,6.840087488E-2,4.155499220E-2,1.373093195E-1
4.029780300E1,1.382112211E-1,6.630830258E-2,-1.518931210E-2,1.540449539E-1
4.030785900E1,1.078875607E-1,5.355216309E-2,-4.430493772E-2,1.283373969E-1
4.031791500E1,4.025574088E-2,5.494906291E-2,-2.382974267E-2,7.216495565E-2
4.032797000E1,3.269850701E-2,5.536304578E-2,1.047236323E-2,6.514544950E-2
4.033802600E1,4.502706885E-2,3.638152197E-2,1.686103106E-2,6.029383417E-2
4.034808200E1,7.501042128E-2,1.859414577E-2,5.328567624E-2,9.387048977E-2
4.035813800E1,8.724279642E-2,-6.678397357E-3,8.572953701E-2,1.224967756E-1
4.036819400E1,1.017889148E-1,5.978924185E-3,7.188040674E-2,1.247538520E-1
4.037824900E1,1.370335919E-1,-4.413624555E-3,9.817416608E-2,1.686293339E-1
4.038830500E1,1.478331068E-1,-2.599876732E-2,1.294135004E-1,1.981878338E-1
4.039836100E1,1.248877555E-1,-4.743319809E-2,1.308875835E-1,1.870251835E-1
4.040841700E1,7.307206929E-2,-1.882218719E-3,1.226652288E-1,1.427929565E-1
4.041847300E1,7.097321123E-2,5.952333972E-2,7.793285966E-2,1.210526964E-1
4.042852800E1,1.015415776E-1,9.218559399E-2,3.117209136E-2,1.406434321E-1
4.043858400E1,1.293070811E-1,1.096540046E-1,1.538285494E-2,1.702379340E-1
4.044864000E1,1.674060765E-1,8.723022491E-2,7.780305147E-3,1.889297217E-1
4.045869600E1,1.979267880E-1,5.872168645E-2,-4.578954577E-3,2.065047619E-1
4.046875125E1,1.434053028E-1,5.349544510E-2,-1.086821973E-2,1.534436760E-1
4.047880725E1,6.391825318E-2,5.495154798E-2,-7.903096676E-3,8.466212053E-2
4.048886325E1,7.376934975E-2,1.823965833E-2,5.272960603E-2,9.249331571E-2
4.049891925E1,9.385190427E-2,-2.816998467E-2,1.342152339E-1,1.661789908E-1
4.050897525E1,7.185321718E-2,-6.921670765E-2,1.643792653E-1,1.922872338E-1
4.051903025E1,4.625878483E-2,-6.303824723E-2,1.048002309E-1,1.307546717E-1
4.052908625E1,4.832723737E-2,-1.517469406E-2,6.390071154E-2,8.154197782E-2
4.053914225E1,5.834030181E-2,3.836299717E-2,2.001443446E-2,7.263530790E-2
4.054919825E1,8.884054810E-2,1.063108590E-1,-6.450180531E-2,1.528238353E-1
4.055925425E1,9.384751886E-2,1.411074932E-1,-7.647573352E-2,1.859226163E-1
4.056930925E1,1.022142997E-1,1.402618396E-1,-4.055628777E-3,1.736018285E-1
4.057936525E1,8.589472085E-2,8.962495208E-2,6.352648973E-2,1.394494532E-1
4.058942125E1,3.557650656E-2,-4.405292273E-3,8.349180758E-2,9.086240340E-2
4.059947725E1,-7.219557166E-3,-6.230529875E-2,1.304192215E-1,1.447178137E-1
4.060953225E1,4.455285966E-3,-2.304051474E-2,1.513592702E-1,1.531676975E-1
4.061958825E1,6.075198591E-2,-5.584090948E-4,1.257461268E-1,1.396538722E-1
4.062964425E1,1.199056354E-1,1.297394827E-2,9.018803895E-2,1.505973675E-1
4.063970025E1,1.621453366E-1,-6.910677999E-3,7.534078896E-2,1.789276449E-1
4.064975625E1,1.764563969E-1,-2.940535516E-2,9.480032265E-2,2.024565042E-1
4.065981125E1,1.266837278E-1,-3.238801986E-2,1.082752311E-1,1.697683021E-1
4.066986725E1,8.191510588E-2,-3.672680005E-2,9.232870460E-2,1.287770636E-1
4.067992325E1,8.063895106E-2,5.307824627E-2,1.110152364E-2,9.717604891E-2
4.068997925E1,7.936308861E-2,1.369242489E-1,-9.460736454E-2,1.843835763E-1
4.070003425E1,1.156965172E-1,1.777908777E-1,-1.084354448E-1,2.382299855E-1
4.071009025E1,1.420706758E-1,1.210622147E-1,-3.466054022E-2,1.898459633E-1
4.072014625E1,8.064509064E-2,8.504365861E-2,4.282500744E-2,1.247799494E-1
4.073020225E1,2.375197470E-2,1.968158171E-2,1.241200161E-1,1.278956581E-1
4.074025825E1,2.879198223E-2,-5.014630616E-2,1.593910056E-1,1.695556632E-1
4.075031325E1,3.856004834E-2,-8.768660009E-2,1.592711377E-1,1.858577748E-1
4.076036925E1,4.407426506E-2,-6.164193213E-2,1.436023539E-1,1.623696545E-1
4.077042525E1,8.136575997E-2,6.890505105E-3,1.079933953E-1,1.353899531E-1
4.078048125E1,1.388976842E-1,6.882172823E-2,4.298580587E-2,1.608626012E-1
4.079053725E1,1.483523396E-1,8.391777724E-2,4.963116646E-3,1.705146402E-1
4.080059225E1,1.349189463E-1,5.536684647E-2,2.554063797E-2,1.480571983E-1
4.081064825E1,1.097718260E-1,4.104920805E-2,4.756300628E-2,1.264797645E-1
4.082070425E1,1.100478145E-1,3.851283208E-2,7.032270849E-2,1.361581545E-1
4.083076025E1,1.505599558E-1,1.067803904E-2,8.489163101E-2,1.731730632E-1
4.084081525E1,1.847676292E-1,-4.698968679E-3,6.281897664E-2,1.952111189E-1
4.085087125E1,1.944143656E-1,1.607808888E-2,4.368396342E-2,1.999093273E-1
4.086092725E1,1.473998281E-1,4.679555923E-2,-3.337356806E-2,1.582097618E-1
4.087098325E1,1.004177427E-1,1.536304750E-1,-5.180808485E-2,1.907095266E-1
4.088103925E1,9.063739747E-2,1.629057670E-1,3.435239196E-2,1.895613715E-1
4.089109425E1,1.011884058E-1,4.564190358E-2,9.647788882E-2,1.470722946E-1
4.090115025E1,6.787798762E-2,-2.687614202E-2,1.288194233E-1,1.480682006E-1
4.091120625E1,2.028896123E-2,-5.430981606E-2,1.390532202E-1,1.506552226E-1
4.092126225E1,4.906281710E-2,-4.508086324E-2,1.138499665E-1,1.319138322E-1
4.093131725E1,9.588790476E-2,-1.176138192E-2,6.687109709E-2,1.174928254E-1
4.094137325E1,1.293480116E-1,2.885045439E-2,1.783225358E-2,1.337207766E-1
4.095142925E1,1.220650122E-1,9.722399354E-2,-3.245789409E-2,1.593922426E-1
4.096148525E1,1.026920173E-1,8.511631027E-2,-1.860584021E-3,1.333937722E-1
4.097154125E1,3.873546481E-2,3.161823392E-2,6.773005307E-2,8.418734489E-2
4.098159625E1,-9.371624887E-3,-1.665886357E-2,1.355331963E-1,1.368743672E-1
4.099165225E1,-2.938021213E-2,-4.242622733E-2,1.037003696E-1,1.158315513E-1
4.100170825E1,2.839174032E-2,1.068944111E-2,-1.012737751E-2,3.198310249E-2
4.101176425E1,1.084886545E-1,1.043043870E-1,-8.771408200E-2,1.741922888E-1
4.102182025E1,1.973528838E-1,1.478686287E-1,-4.608132184E-2,2.508720397E-1
4.103187525E1,2.026767737E-1,9.455400869E-2,2.034012437E-2,2.245708258E-1
4.104193125E1,1.591375288E-1,3.301045597E-3,1.115935260E-1,1.943933256E-1
4.105198725E1,7.224585772E-2,-4.304764017E-2,1.566884226E-1,1.778308889E-1
4.106204325E1,1.107491881E-2,-6.054777190E-2,1.701487130E-1,1.809399653E-1
4.107209825E1,9.435067177E-3,-5.248373061E-2,9.426998019E-2,1.083069325E-1
4.108215425E1,4.270894021E-2,-1.433766514E-2,5.711150944E-2,7.274164369E-2
4.109221025E1,9.610892951E-2,9.820544869E-3,5.311201394E-2,1.102463399E-1
4.110226625E1,1.234861779E-1,1.905885324E-2,8.056995392E-2,1.486727732E-1
4.111232225E1,1.710541543E-1,1.152237698E-2,8.826372027E-2,1.928283517E-1
4.112237725E1,1.675902638E-1,2.723501489E-2,3.862202883E-2,1.741261142E-1
4.113243325E1,8.470510483E-2,7.381071880E-2,3.054936290E-2,1.164312697E-1
4.114248925E1,5.576080263E-2,5.992372781E-2,6.034209609E-2,1.016921276E-1
4.115254525E1,9.095957905E-2,1.547670275E-2,8.144645154E-2,1.230719213E-1
4.116260025E1,9.746285230E-2,2.606469467E-2,3.921025872E-2,1.082396428E-1
4.117265625E1,1.298704603E-1,5.014104366E-2,-2.012962461E-2,1.406615175E-1
4.118271225E1,1.072127920E-1,6.459156007E-2,-6.422581673E-3,1.253311692E-1
4.119276825E1,9.028100967E-2,6.607499868E-2,2.753044546E-2,1.152149799E-1
4.120282425E1,8.192387670E-2,6.010221407E-2,6.542157233E-2,1.208460998E-1
4.121287925E1,6.595220715E-2,5.856425017E-2,1.233037448E-1,1.516023697E-1
4.122293525E1,5.912499815E-2,4.982821763E-2,7.818838298E-2,1.099638118E-1
4.123299125E1,5.514275193E-2,4.969051570E-2,1.738143325E-2,7.623637362E-2
4.124304725E1,7.154126823E-2,5.436287954E-2,-3.108379841E-2,9.507722259E-2
4.125310325E1,6.675035208E-2,5.300793350E-2,-4.825356245E-2,9.794823534E-2
4.126315825E1,6.927050203E-2,5.086682931E-2,5.193496943E-3,8.609767236E-2
4.127321425E1,6.426411599E-2,4.756753787E-2,5.408148229E-2,9.652644192E-2
4.128327025E1,4.204118818E-2,2.593620211E-2,1.069040591E-1,1.177651303E-1
4.129332625E1,3.831271112E-2,1.374534220E-3,1.580145711E-1,1.625987634E-1
4.130338125E1,9.272163749E-2,-3.175286606E-2,1.953244847E-1,2.185342099E-1
4.131343725E1,1.413219398E-1,-6.298226014E-2,1.864174211E-1,2.422604191E-1
4.132349325E1,2.096036777E-1,-7.481600136E-2,1.557019973E-1,2.716141523E-1
4.133354925E1,1.913647503E-1,-1.491230026E-2,7.067646503E-2,2.045434112E-1
4.134360525E1,1.466057763E-1,7.045660973E-2,-5.796754181E-2,1.726778022E-1
4.135366025E1,1.158953226E-1,1.113393183E-1,-1.533484930E-1,2.221349362E-1
4.136371625E1,7.705226898E-2,9.728524312E-2,-1.439181036E-1,1.900365523E-1
4.137377225E1,6.818496644E-2,4.616420612E-2,-2.962550282E-2,8.750996511E-2
4.138382825E1,4.366145164E-2,-1.658752754E-2,5.212441921E-2,6.998873843E-2
4.139388325E1,2.045356035E-3,-2.467700422E-2,1.290971661E-1,1.314504329E-1
4.140393925E1,1.359068334E-2,-2.697262108E-2,2.065452915E-1,2.087419134E-1
4.141399525E1,8.204549879E-2,-4.367753148E-2,2.365853620E-1,2.541885602E-1
4.142405125E1,1.614322686E-1,-5.938096002E-2,1.970347953E-1,2.615514984E-1
4.143410725E1,2.064760020E-1,-3.175783619E-2,1.283551544E-1,2.451855323E-1
4.144416225E1,1.864349627E-1,7.978379577E-3,3.139487028E-2,1.892281368E-1
4.145421825E1,1.186230487E-1,6.660548732E-2,-1.078752816E-2,1.364701043E-1
4.146427437E1,5.501148194E-2,7.411389694E-2,-1.027765095E-2,9.286960199E-2
4.147433037E1,5.190427154E-2,7.098782927E-2,1.729898751E-2,8.962466333E-2
4.148438537E1,9.287191093E-2,4.434601441E-2,-3.636383414E-3,1.029805036E-1
4.149444137E1,1.207069963E-1,5.031748340E-2,-4.013704240E-2,1.367955053E-1
4.150449738E1,1.007282299E-1,8.277873963E-2,-1.677683115E-2,1.314532544E-1
4.151455337E1,4.903182685E-2,4.645890579E-2,1.558750749E-2,6.932186063E-2
4.152460937E1,1.873944908E-2,9.862644821E-3,9.682989120E-2,9.911844705E-2
4.153466437E1,-3.200181127E-2,1.057439715E-2,1.287159276E-1,1.330553412E-1
4.154472038E1,3.001668155E-2,-1.218676686E-2,1.448542428E-1,1.484327124E-1
4.155477637E1,1.242314056E-1,-8.729746789E-3,1.381691211E-1,1.860117110E-1
4.156483237E1,1.820831725E-1,9.078240842E-3,1.295719600E-1,2.236640091E-1
4.157488837E1,1.975490579E-1,-9.799348712E-3,6.460237741E-2,2.080748055E-1
4.158494337E1,1.365503195E-1,4.139258578E-2,-3.883545220E-2,1.478767333E-1
4.159499937E1,8.651657224E-2,6.285756826E-2,-2.863381505E-2,1.107072108E-1
4.160505537E1,7.321766496E-2,2.918769255E-2,4.701161385E-4,7.882238811E-2
4.161511137E1,1.222439370E-1,5.949834287E-3,4.414472401E-2,1.301066382E-1
4.162516637E1,1.379007339E-1,-1.812914595E-2,4.392252982E-2,1.458576943E-1
4.163522238E1,8.701504737E-2,-2.838413894E-2,6.315460682E-2,1.112015385E-1
4.164527837E1,5.342922539E-2,-9.886618406E-3,8.397244871E-2,1.000189956E-1
4.165533437E1,2.082719743E-2,1.802755058E-2,1.104866481E-1,1.138686267E-1
4.166539037E1,2.558566153E-2,2.322996452E-2,1.040728372E-1,1.096604431E-1
4.167544537E1,6.085197330E-2,2.591003582E-2,8.022672236E-2,1.039741294E-1
4.168550137E1,1.241916445E-1,4.221689701E-3,9.519208610E-2,1.565340873E-1
4.169555737E1,1.809102210E-1,-4.728789479E-3,9.959971726E-2,2.065695360E-1
4.170561337E1,2.104240420E-1,1.986649990E-2,8.894667506E-2,2.293130312E-1
4.171566837E1,1.402118459E-1,5.578214496E-2,5.082341373E-2,1.592294848E-1
4.172572438E1,7.245548040E-2,6.852278933E-2,3.068618774E-2,1.043398841E-1
4.173578037E1,1.633273512E-2,6.575267091E-2,3.691522658E-2,7.715507710E-2
4.174583637E1,3.331801951E-2,3.668996260E-2,2.211300015E-2,5.426995997E-2
4.175589237E1,7.352201253E-2,6.127078012E-2,-1.907127857E-2,9.758744022E-2
4.176594737E1,8.826605916E-2,8.842510343E-2,-4.027854502E-2,1.312716927E-1
4.177600337E1,1.132395172E-1,1.161198556E-1,-3.750521064E-2,1.664741720E-1
4.178605937E1,1.328478625E-1,7.985995576E-2,2.685860038E-2,1.573135453E-1
4.179611537E1,8.419785887E-2,4.032049879E-2,8.815554678E-2,1.283994645E-1
4.180617037E1,6.681467146E-2,7.893887311E-3,1.251058567E-1,1.420492490E-1
4.181622637E1,9.701583266E-2,3.114417091E-2,1.266623855E-1,1.625588849E-1
4.182628237E1,1.287396088E-1,5.889914945E-2,1.005744481E-1,1.736612113E-1
4.183633837E1,6.627234221E-2,2.836381987E-2,2.152301610E-2,7.523144184E-2
4.184639437E1,3.816770017E-2,-9.764996320E-3,6.855275631E-3,3.998903967E-2
4.185644938E1,2.003314555E-2,3.845465228E-2,9.791747332E-3,4.445183369E-2
4.186650537E1,2.809528649E-2,8.607788488E-2,-1.451863647E-3,9.055857384E-2
4.187656137E1,8.100381732E-2,6.343600407E-2,4.543520451E-2,1.124726760E-1
4.188661737E1,6.160304815E-2,3.203470185E-2,4.757236183E-2,8.416820821E-2
4.189667337E1,4.141612083E-2,1.424922600E-2,7.257505596E-2,8.476717674E-2
4.190672837E1,7.608835548E-2,1.753711537E-2,8.124940038E-2,1.126874142E-1
4.191678437E1,1.388962224E-1,-2.219310701E-2,1.251304150E-1,1.882612954E-1
4.192684037E1,2.017701629E-1,-5.357540578E-2,1.776746643E-1,2.741346550E-1
4.193689637E1,1.624944153E-1,-8.667327762E-2,1.080717480E-1,2.135326551E-1
4.194695138E1,4.570066810E-2,-3.701097474E-2,2.671066582E-2,6.458965075E-2
4.195700737E1,2.606220961E-2,2.803491399E-2,-2.153529525E-3,3.833839930E-2
4.196706337E1,4.766211659E-2,3.108628348E-2,4.914175451E-2,7.518607859E-2
4.197711937E1,8.031238407E-2,2.191770315E-2,5.288572669E-2,9.862740407E-2
4.198717537E1,1.164777052E-1,4.681134671E-2,-2.515998423E-2,1.280288358E-1
4.199723037E1,1.389833459E-1,6.554889545E-2,-2.470682502E-2,1.556388619E-1
4.200728637E1,1.522044852E-1,3.186454788E-2,4.909906983E-2,1.630713752E-1
4.201734237E1,1.720432109E-1,-1.666354135E-2,1.178512162E-1,2.092019340E-1
4.202739837E1,1.116417655E-1,-3.424670354E-2,8.772168338E-2,1.460541484E-1
4.203745337E1,2.390663356E-2,-3.485379070E-2,8.105468810E-2,9.141212347E-2
4.204750937E1,3.691756546E-2,-6.510143727E-2,9.953130484E-2,1.245294520E-1
4.205756537E1,6.921846181E-2,-8.975666061E-2,1.226096803E-1,1.669748103E-1
4.206762137E1,1.386985865E-1,-6.980522990E-2,8.710421741E-2,1.780371105E-1
4.207767737E1,1.606273994E-1,-6.655300856E-3,5.496031880E-2,1.699002387E-1
4.208773237E1,1.464420542E-1,4.733920410E-2,5.827919841E-2,1.645683458E-1
4.209778837E1,1.290857640E-1,2.484671965E-2,8.916477621E-2,1.588422213E-1
4.210784437E1,8.538630545E-2,1.555607870E-2,1.082196826E-1,1.387238712E-1
4.211790037E1,2.258896351E-2,6.652961969E-3,5.989887714E-2,6.436146874E-2
4.212795537E1,2.451562107E-2,2.230815098E-2,6.064732075E-3,3.369644271E-2
4.213801137E1,2.383383572E-2,3.735610664E-2,-1.363570690E-2,4.636230075E-2
4.214806737E1,7.091240019E-2,2.290047392E-2,2.118446231E-2,7.747116657E-2
4.215812337E1,1.245044705E-1,5.410253227E-2,1.850409865E-2,1.370067474E-1
4.216817937E1,1.299412116E-1,9.956755757E-2,2.525997162E-4,1.637024154E-1
4.217823437E1,9.674422950E-2,7.346397892E-2,3.749176204E-2,1.271299900E-1
4.218829037E1,6.422640145E-2,-8.236826509E-3,1.124279237E-1,1.297417203E-1
4.219834637E1,4.773374498E-2,-6.710776314E-2,1.248392236E-1,1.495553210E-1
4.220840237E1,6.301807433E-2,-3.472515196E-3,6.352181196E-2,8.954527709E-2
4.221845737E1,7.216925919E-2,1.114974855E-1,-2.662646592E-2,1.354587019E-1
4.222851337E1,9.961024225E-2,1.534405866E-1,-3.483888030E-2,1.862255664E-1
4.223856937E1,1.207523122E-1,1.126318453E-1,3.248888433E-2,1.682931404E-1
4.224862537E1,1.245892552E-1,2.176801443E-2,5.665367246E-2,1.385855965E-1
4.225868137E1,1.032352236E-1,-3.301747262E-2,5.070354581E-2,1.196599952E-1
4.226873637E1,7.630908787E-2,-5.840286702E-2,8.753047943E-2,1.299829089E-1
4.227879237E1,5.933666736E-2,-6.660651058E-2,1.456787002E-1,1.708202302E-1
4.228884837E1,3.783031583E-2,-6.600073904E-2,1.691944474E-1,1.855100843E-1
4.229890437E1,3.743562877E-2,-5.610344946E-2,1.690938753E-1,1.820487902E-1
4.230896037E1,2.766697794E-2,-2.599365100E-2,1.413687176E-1,1.463770674E-1
4.231901537E1,-6.195709705E-3,-1.877292439E-2,1.248503333E-1,1.264057564E-1
4.232907137E1,1.102258623E-2,-4.105315492E-2,6.186061800E-2,7.505727809E-2
4.233912737E1,-5.644317269E-3,-1.117008224E-2,-2.982079983E-5,1.251518853E-2
4.234918337E1,-4.014084309E-2,9.350545675E-2,-7.018529892E-2,1.236144567E-1
4.235923837E1,-2.999972463E-2,1.265938269E-1,-9.860978365E-2,1.632478787E-1
4.236929437E1,3.130189955E-2,7.689044729E-2,-5.760384500E-2,1.010453005E-1
4.237935037E1,9.709740132E-2,2.535221145E-2,5.990881741E-2,1.168747465E-1
4.238940637E1,8.037699580E-2,1.669760138E-2,9.283624291E-2,1.239267499E-1
4.239946237E1,2.595871389E-2,6.672842503E-3,6.158345997E-2,6.716326523E-2
4.240951737E1,1.968202025E-2,1.619094014E-3,1.075770736E-2,2.248847825E-2
4.241957337E1,9.230180740E-2,5.775879622E-3,3.070255995E-2,9.744553157E-2
4.242962937E1,1.570266840E-1,-3.702895492E-2,7.404387653E-2,1.775134323E-1
4.243968537E1,2.121928248E-1,-1.986521351E-1,1.106018382E-1,3.110003735E-1
4.244974037E1,2.227412018E-1,-3.580351008E-1,1.739938420E-1,4.561541773E-1
4.245979637E1,1.856987983E-1,-4.792953900E-1,2.620955944E-1,5.769767891E-1
4.246985175E1,1.986810789E-1,-6.356456973E-1,3.619180906E-1,7.579606374E-1
4.247990775E1,2.109953150E-1,-8.526307538E-1,4.686549193E-1,9.955579635E-1
4.248996375E1,1.661068252E-1,-1.018306347E0,5.553439844E-1,1.171727884E0
4.250001875E1,1.317529714E-1,-1.033151843E0,6.349152339E-1,1.219786428E0
4.251007475E1,2.286261320E-4,-1.010593723E0,6.377359307E-1,1.194992403E0
4.252013075E1,-1.439818382E-1,-9.964563252E-1,5.491336566E-1,1.146823330E0
4.253018675E1,-2.532739002E-1,-8.488423428E-1,3.248151684E-1,9.434966269E-1
4.254024175E1,-3.314929810E-1,-5.892914566E-1,2.239542067E-1,7.122552239E-1
4.255029775E1,-4.446611622E-1,-3.250984660E-1,2.946610773E-1,6.246900929E-1
4.256035375E1,-6.887824157E-1,-2.775187951E-1,4.619230199E-1,8.745346043E-1
4.257040975E1,-9.159771493E-1,-4.179572207E-1,5.700532401E-1,1.157006082E0
4.258046475E1,-1.103799364E0,-6.131694388E-1,5.796800959E-1,1.389380729E0
4.259052075E1,-1.132870551E0,-5.973471656E-1,5.108110052E-1,1.378820947E0
4.260057675E1,-1.081377046E0,-5.486506035E-1,3.445138532E-1,1.260588591E0
4.261063275E1,-8.631598350E-1,-3.097879703E-1,1.826295948E-1,9.350759628E-1
4.262068875E1,-5.506723514E-1,-1.596158311E-2,2.802804351E-2,5.516161546E-1
4.263074375E1,-2.333132601E-1,1.710659219E-1,-7.242653668E-2,2.982351927E-1
4.264079975E1,-5.279392540E-2,3.636797105E-1,-2.221240282E-1,4.294056524E-1
4.265085575E1,-2.036503351E-1,3.692144655E-1,-5.263774627E-1,6.744375537E-1
4.266091175E1,-2.765145358E-1,4.456198132E-1,-8.454740542E-1,9.949189328E-1
4.267096775E1,1.655127481E-1,7.728284662E-1,-1.251605281E0,1.480261493E0
4.268102275E1,3.273250857E-1,1.061746628E0,-1.559714954E0,1.914982598E0
4.269107875E1,6.103966892E-2,1.079900917E0,-1.479812753E0,1.832964160E0
4.270113475E1,-1.459239909E-1,1.045228974E0,-1.360315545E0,1.721701427E0
4.271119075E1,-1.317731443E-1,9.111064187E-1,-1.352575586E0,1.636135625E0
4.272124575E1,8.921871677E-2,7.130576431E-1,-1.152545262E0,1.358223753E0
4.273130175E1,3.797249088E-1,6.609923539E-1,-7.950464970E-1,1.101453962E0
4.274135775E1,5.717714444E-1,7.593721227E-1,-7.296184927E-1,1.198295352E0
4.275141375E1,5.882056287E-1,9.113240082E-1,-8.104293519E-1,1.353991523E0
4.276146975E1,3.916450426E-1,1.028677188E0,-7.771224421E-1,1.347398191E0
4.277152475E1,4.261409837E-1,1.183481930E0,-8.393245375E-1,1.512180973E0
4.278158075E1,2.163238826E-1,1.328518386E0,-1.263406717E0,1.846064370E0
4.279163675E1,1.369904687E-1,1.409441074E0,-1.776688170E0,2.271984019E0
4.280169275E1,1.172455908E-1,1.297254640E0,-1.775146844E0,2.201763486E0
4.281174775E1,2.551672286E-1,1.417585807E0,-1.163086622E0,1.851332041E0
4.282180375E1,2.741540149E-2,1.311129352E0,-2.992213207E-1,1.345119021E0
4.283185975E1,-2.256072146E-1,9.023078209E-1,1.021210366E-1,9.356744760E-1
4.284191575E1,1.024973050E-1,6.287695178E-1,1.364909703E-1,6.515263533E-1
4.285197175E1,4.162189896E-1,3.389417490E-1,1.653651059E-2,5.370225440E-1
4.286202675E1,8.386214098E-1,3.413418849E-1,6.361770630E-4,9.054283827E-1
4.287208275E1,1.094778572E0,6.651884620E-1,2.003045583E-1,1.296586953E0
4.288213875E1,1.396670609E0,1.061103580E0,4.411209655E-1,1.808650686E0
4.289219475E1,1.586642991E0,1.119203854E0,2.646157444E-1,1.959610864E0
4.290224975E1,1.204325719E0,9.594832112E-1,-3.124108851E-1,1.571180776E0
4.291230575E1,1.560612356E0,1.088548364E-1,-9.371525484E-1,1.823626935E0
4.292236175E1,-2.184095845E-1,-1.642336696E-3,-1.470767695E-1,2.633192359E-1
4.293241775E1,-8.554476500E-3,6.931378604E-1,-4.875408411E-1,8.474723266E-1
4.294247375E1,1.405254760E0,3.207738653E-2,5.294659621E-1,1.502033323E0
4.295252875E1,5.648512647E-1,8.474691242E-2,9.494322860E-1,1.107998491E0
4.296258475E1,1.493394957E-1,9.487095702E-1,1.599013506E0,1.865260391E0
4.297264075E1,9.913281709E-2,1.770697698E0,7.778697163E-1,1.936563696E0
4.298269675E1,2.355047965E-1,1.797617109E0,1.103477182E0,2.122392912E0
4.299275175E1,-7.977356315E-3,1.196904871E0,1.507406348E0,1.924816564E0
4.300280775E1,4.879391827E-1,5.388837799E-1,6.906631726E-1,1.002744231E0
4.301286375E1,6.742819056E-1,5.860412818E-1,2.989611197E-1,9.420606261E-1
4.302291975E1,4.633867241E-1,8.138932425E-1,1.566942698E-1,9.495802022E-1
4.303297575E1,-1.448231064E-1,6.699166667E-1,5.398248893E-1,8.724522816E-1
4.304303075E1,-1.098915477E0,7.438108546E-1,1.404567858E0,1.932273449E0
4.305308675E1,-1.928604534E0,1.105111479E0,1.678923309E0,2.785600529E0
4.306314275E1,-2.302690242E0,1.269339302E0,1.107419375E0,2.853065419E0
4.307319875E1,-2.706448376E0,1.347138260E0,4.210562450E-1,3.052365094E0
4.308325375E1,-2.167071092E0,1.365211711E0,-2.488504815E-1,2.573310454E0
4.309330975E1,-2.866836625E0,1.116385496E-1,7.648953295E-1,2.969222165E0
4.310336575E1,-3.412743495E0,-1.618739381E0,3.110815206E0,4.893292000E0
4.311342175E1,-2.645431512E0,-1.645872508E0,4.874026714E0,5.784750695E0
4.312347775E1,-3.174704808E-1,1.099212223E-1,5.543935779E0,5.554106058E0
4.313353275E1,-3.928197482E-1,1.240748171E0,4.596804957E0,4.777486703E0
4.314358875E1,-1.217288996E0,1.608122883E0,1.104451329E0,2.299492215E0
4.315364475E1,5.626664525E-1,7.019272488E-1,-1.184078711E-1,9.073675239E-1
4.316370075E1,1.526173279E0,1.518602304E0,-7.327262878E-2,2.154234600E0
4.317375575E1,1.172131973E0,1.487508858E0,2.270532310E-1,1.907388039E0
4.318381175E1,2.279295824E0,1.424549256E0,-8.245696735E-1,2.811484516E0
4.319386775E1,8.056855059E-1,1.415501859E0,-7.996184349E-1,1.814432222E0
4.320392375E1,-1.219238896E0,-1.767964125E-1,1.685715435E0,2.087926480E0
4.321397875E1,-1.452717632E0,-2.256145821E0,2.875687555E0,3.933212605E0
4.322403475E1,-1.893078460E-1,-1.962305692E0,1.519148726E0,2.488833852E0
4.323409075E1,6.237279023E-1,-1.574967417E0,1.624646530E0,2.347133402E0
4.324414675E1,2.020624506E0,-1.781043761E0,1.641026335E0,3.154046244E0
4.325420275E1,1.621346069E0,-5.684978807E-1,1.573314993E0,2.329650829E0
4.326425775E1,6.542107531E-1,-1.194101424E0,7.226059270E-1,1.541437396E0
4.327431375E1,1.109515163E0,-1.092860978E0,-3.669455266E-1,1.600005636E0
4.328436975E1,4.708933796E-1,1.290422022E-2,-7.947710931E-2,4.777276470E-1
4.329442575E1,5.617373300E-1,3.115513444E-1,3.987543797E-1,7.560543125E-1
4.330448075E1,4.324542224E-1,3.273218697E-1,6.507606035E-1,8.471396721E-1
4.331453675E1,6.254965389E-1,1.395549113E-1,7.914510441E-1,1.018389046E0
4.332459275E1,5.521841490E-1,2.210949183E-2,2.652519214E-1,6.129883734E-1
4.333464875E1,4.658305679E-1,-5.869329822E-1,-1.295158267E-1,7.604359230E-1
4.334470475E1,3.527525800E-1,-1.060501902E0,2.398831916E-1,1.143084691E0
4.335475975E1,2.146384227E-1,-1.534136310E0,4.652109092E-1,1.617425442E0
4.336481575E1,-2.628640647E-1,-1.699477442E0,7.040158743E-1,1.858214047E0
4.337487175E1,-4.403292525E-1,-1.391983480E0,8.867928189E-1,1.708188913E0
4.338492775E1,-1.193174055E-1,-1.227519431E0,8.788762736E-1,1.514418733E0
4.339498275E1,6.128379017E-2,-1.137753561E0,7.774709362E-1,1.379383893E0
4.340503875E1,5.369498134E-2,-1.554298679E0,9.484172094E-1,1.821598951E0
4.341509475E1,-3.265602699E-1,-2.131548672E0,8.240837699E-1,2.308518012E0
4.342515075E1,-3.616526270E-1,-1.674150812E0,6.077367908E-1,1.817393070E0
4.343520675E1,1.771150857E-2,-9.271082014E-1,3.204274178E-1,9.810795302E-1
4.344526175E1,1.536320829E-1,-1.423992308E0,5.615964121E-1,1.538423687E0
4.345531775E1,-2.912109277E-1,-1.307434496E0,5.893478823E-1,1.463393212E0
4.346537379E1,-2.713608000E-1,-1.731979190E0,7.314802462E-1,1.899592575E0
4.347542979E1,-1.399364421E-1,-2.306442985E0,6.924471581E-1,2.412207395E0
4.348548479E1,-2.930682957E-2,-1.696538047E0,3.707298446E-1,1.736819176E0
4.349554079E1,2.026984084E-1,-4.505770826E-1,6.838213456E-1,8.436337978E-1
4.350559679E1,2.765095657E-1,2.874806964E-1,1.042515574E0,1.116217457E0
4.351565279E1,2.292471063E-1,-3.109607756E-2,5.516637468E-1,5.982090699E-1
4.352570879E1,5.485270080E-1,-8.800410390E-2,1.315366244E-1,5.709014664E-1
4.353576379E1,5.658318427E-1,-7.509169757E-2,1.524129385E-1,5.907911146E-1
4.354581979E1,4.280322656E-1,2.292336577E-1,3.897502524E-1,6.226274564E-1
4.355587579E1,1.950797787E-1,6.427230209E-1,2.807976213E-1,7.280084517E-1
4.356593179E1,1.636740911E-1,1.188177025E0,4.128365216E-1,1.268458846E0
4.357598679E1,-4.441805211E-1,1.341499790E0,1.867056888E-1,1.425404166E0
4.358604279E1,-4.606784400E-1,5.489670110E-1,-6.632096180E-1,9.764406801E-1
4.359609879E1,1.145248814E0,1.118391091E0,-8.966477162E-1,1.834767180E0
4.360615479E1,9.292514983E-1,1.838296189E0,-9.823164421E-1,2.282057584E0
4.361620979E1,7.252380511E-1,2.545694677E0,-8.917718692E-1,2.793168217E0
4.362626579E1,9.117914200E-1,3.486761937E0,-1.249883276E-1,3.606174494E0
4.363632179E1,7.274222785E-1,4.023077327E0,3.799988508E-2,4.088488516E0
4.364637779E1,5.071371996E-1,4.622847871E0,-3.969323874E-2,4.650751136E0
4.365643379E1,-7.560654491E-2,3.037885809E0,-4.849154413E-1,3.077273066E0
4.366648879E1,-5.934333318E-1,1.592988535E0,-8.127267230E-1,1.884224063E0
4.367654479E1,-6.801092407E-1,5.811261123E-1,-9.184711330E-1,1.282125329E0
4.368660079E1,6.652464956E-1,1.039953032E0,-7.785912627E-1,1.459540874E0
4.369665679E1,2.345868714E0,2.116532437E0,-2.335677601E-2,3.159644777E0
4.370671179E1,2.382474622E0,2.212573539E0,-1.294140851E-1,3.253984480E0
4.371676779E1,1.310665083E0,1.552336938E0,7.241250336E-2,2.032937898E0
4.372682379E1,7.668804592E-1,1.336043168E0,3.600510746E-1,1.582009407E0
4.373687979E1,7.452682731E-1,1.338269788E0,5.111267549E-1,1.614819304E0
4.374693579E1,3.186288142E-1,1.564185736E0,5.501113111E-1,1.688438270E0
4.375699079E1,4.529339491E-1,2.115143723E0,6.786985999E-1,2.267071662E0
4.376704679E1,-1.681279153E-2,1.207826008E0,6.624883640E-1,1.377685439E0
4.377710279E1,-1.356120460E0,1.247064918E0,2.187151015E-1,1.855281625E0
4.378715879E1,-1.564519758E0,3.106892309E0,-1.713175714E-1,3.482793649E0
4.379721379E1,-4.885059240E-1,1.811818242E0,-5.997301984E-1,1.970025302E0
4.380726979E1,-3.036916633E-1,4.640554994E-1,-6.916191924E-1,8.865174788E-1
4.381732579E1,-1.528522544E0,-6.885166597E-1,-1.131195323E0,2.022384538E0
4.382738179E1,-2.309432959E0,-1.195501247E0,-1.023724669E0,2.794765826E0
4.383743779E1,-2.476769453E0,-8.907420284E-1,-7.752261901E-1,2.743862958E0
4.384749279E1,-1.822098086E0,-1.785540855E-1,-9.610098461E-1,2.067719256E0
4.385754879E1,-1.415002507E0,1.699855757E-1,-1.155014541E0,1.834444270E0
4.386760479E1,-1.629747641E0,6.798692125E-1,-1.643798500E0,2.412544928E0
4.387766079E1,-1.831778005E0,1.671963953E0,-1.911258330E0,3.131099252E0
4.388771579E1,-1.924248651E0,2.108813528E0,-1.712060065E0,3.328810153E0
4.389777179E1,-1.578655840E0,2.467965885E0,-1.232845659E0,3.178508816E0
4.390782779E1,-1.288738024E0,1.804237912E0,-8.588717064E-1,2.377768018E0
4.391788379E1,-1.017127475E0,6.007172084E-1,-1.266122017E0,1.731610357E0
4.392793979E1,-4.990285002E-1,-2.073294032E-1,-7.453328848E-1,9.206172031E-1
4.393799479E1,4.565076211E-1,-2.141191900E-1,9.287848905E-2,5.127110779E-1
4.394805079E1,1.056530546E0,5.883368987E-1,4.486067171E-1,1.289823665E0
4.395810679E1,1.357973589E0,7.540809041E-1,1.233038910E-1,1.558182957E0
4.396816279E1,1.007849406E0,2.122267971E0,-4.940768588E-1,2.400811052E0
4.397821779E1,-3.660495139E-1,2.109159098E0,2.178473747E-1,2.151743904E0
4.398827379E1,1.185201377E-1,2.466104132E-1,4.378476942E-1,5.163083596E-1
4.399832979E1,6.630065735E-1,-1.115356970E0,2.188376006E-1,1.315860473E0
4.400838579E1,5.579258955E-1,-1.925589856E0,1.549836668E-1,2.010770383E0
4.401844179E1,9.638234532E-1,-3.180498229E0,2.149319530E-1,3.330273319E0
4.402849679E1,8.949012259E-1,-2.359307662E0,2.408944675E-1,2.534799990E0
4.403855279E1,1.728412096E-1,-5.428291887E-1,6.999725246E-1,9.024960649E-1
4.404860879E1,-3.241732903E-1,-1.953013882E0,8.383591622E-2,1.981509527E0
4.405866479E1,-1.075410767E0,-6.004084754E-1,4.642405638E-1,1.316251479E0
4.406871979E1,-1.762337788E0,1.946011257E0,2.107452588E0,3.366623041E0
4.407877579E1,9.370551923E-1,-2.040186512E0,-3.727974200E-1,2.275832013E0
4.408883179E1,2.838966639E-2,2.416409816E0,-4.398418578E0,5.018558394E0
4.409888779E1,-1.930964324E0,-1.721997408E0,-1.575319419E0,3.029113660E0
4.410894379E1,-7.146734481E-1,-1.521633208E0,6.020994902E-2,1.682186374E0
4.411899879E1,-1.648939957E0,-7.098262525E-1,2.666779111E0,3.214742154E0
4.412905479E1,-3.474223460E0,-3.764583617E-1,3.461238256E0,4.918548547E0
4.413911079E1,-4.899007189E0,8.586536783E-1,3.297055749E0,5.967255163E0
4.414916679E1,-5.418032947E0,1.972894415E0,2.247320910E0,6.188525242E0
4.415922179E1,-5.025620458E0,2.367883773E0,1.298035097E0,5.705140634E0
4.416927779E1,-4.152229165E0,1.766692355E0,7.009057403E-1,4.566560825E0
4.417933379E1,-4.072659669E0,2.207779992E-1,3.453321710E-1,4.093232710E0
4.418938979E1,-2.075886687E0,-2.617961000E0,-3.463609886E-1,3.359016414E0
4.419944579E1,3.032627993E0,-5.308102369E-1,-6.182310811E-1,3.140191351E0
4.420950079E1,2.670904614E0,-2.826163977E-1,-3.859633031E-1,2.713405823E0
4.421955679E1,7.577682314E-1,-2.737096265E0,-5.910029367E-1,2.900895229E0
4.422961279E1,6.288649736E-1,-1.731531293E0,1.500878809E0,2.376196325E0
4.423966879E1,4.478492104E-3,-1.333003786E0,1.541233952E0,2.037724526E0
4.424972479E1,-7.241038375E-1,-2.059967642E0,7.123654059E-1,2.296792879E0
4.425977979E1,-1.474120927E0,-2.354073819E0,1.617983043E-1,2.782242754E0
4.426983579E1,-2.693265829E0,-1.215709224E0,-1.331279442E-1,2.957930491E0
4.427989179E1,-3.434019759E0,2.497349313E0,8.458699107E-1,4.329519743E0
4.428994779E1,-4.409821818E0,8.074486753E0,2.018601808E0,9.419056112E0
4.430000379E1,-8.230024443E0,1.207420211E0,-4.102219391E-1,8.328231982E0
4.431005879E1,-8.542314291E0,-6.249476607E0,-2.134609104E0,1.079739077E1
4.432011479E1,-5.694003984E0,-8.271953073E0,-9.294383168E-1,1.008517449E1
4.433017079E1,-3.660524521E0,-1.002204811E1,2.451632273E-1,1.067244082E1
4.434022679E1,-2.304912184E0,-1.082208988E1,8.059240723E-1,1.109413192E1
4.435028179E1,-2.177053166E0,-9.462481847E0,2.449600950E0,1.001392371E1
4.436033779E1,-2.564363667E0,-7.332356973E0,1.762511011E0,7.965291260E0
4.437039379E1,-2.497474444E0,-5.428790070E0,1.302087510E0,6.115927739E0
4.438044979E1,-2.126174203E0,-2.595067981E0,-1.211796560E0,3.566993899E0
4.439050579E1,-1.003105925E0,-8.604177833E-3,-4.466380473E0,4.577646782E0
4.440056079E1,1.346510123E0,1.254414868E-1,-4.851874537E0,5.036815621E0
4.441061679E1,4.005460251E0,-1.174237263E0,-5.194295672E0,6.663576555E0
4.442067279E1,4.370546948E0,-2.253925048E0,-5.556828890E0,7.420256468E0
4.443072879E1,3.793394895E0,-2.245412087E0,-5.733444039E0,7.232157411E0
4.444078479E1,2.364548813E0,-1.064389715E0,-4.998300512E0,5.630899090E0
4.445083979E1,1.761571949E0,-1.271605682E-1,-3.177215602E0,3.635107223E0
4.446089579E1,1.004478559E-1,-4.738753134E-1,-1.412288522E0,1.493052729E0
4.447095225E1,-1.357824924E0,5.599328792E-1,2.415835619E-2,1.468944171E0
4.448100825E1,-2.648674670E0,1.082638291E0,6.198901554E-1,2.927771675E0
4.449106425E1,-2.666543469E0,1.198152959E0,9.381821700E-1,3.070213408E0
4.450111925E1,-1.819490666E0,9.808756882E-1,-4.221840998E-1,2.109716288E0
4.451117525E1,-4.965151477E-1,1.726010352E0,-2.476046737E0,3.058830900E0
4.452123125E1,1.641185964E0,2.205724111E0,-3.917347974E0,4.785846359E0
4.453128725E1,2.847913865E0,2.938325853E0,-4.497141505E0,6.080185353E0
4.454134325E1,4.047511087E0,3.425596552E0,-3.675193723E0,6.451674716E0
4.455139825E1,4.696796438E0,2.796654249E0,-1.876702455E0,5.779548761E0
4.456145425E1,5.065254639E0,2.757390781E0,-2.461467290E-1,5.772399561E0
4.457151025E1,5.376057540E0,3.430611709E0,2.210914282E-1,6.381220322E0
4.458156625E1,5.155512845E0,4.143463896E0,2.428886604E-1,6.618655502E0
4.459162225E1,4.805198846E0,3.893626404E0,-3.394530880E-1,6.193988289E0
4.460167725E1,3.896512882E0,3.771013216E0,-1.418950839E0,5.605066886E0
4.461173325E1,3.352091789E0,3.836119623E0,-1.128483385E0,5.217835555E0
4.462178925E1,3.247318456E0,3.957307845E0,-6.243434680E-1,5.157050252E0
4.463184525E1,2.175898048E0,4.230790892E0,-2.323823833E-1,4.763205377E0
4.464190125E1,3.966891432E-1,2.847482926E0,7.272187954E-1,2.965530048E0
4.465195625E1,-4.195388925E-1,4.659692931E-1,9.079872215E-1,1.103440555E0
4.466201225E1,-4.268316860E-1,-5.882322335E-1,1.426983744E-1,7.406519256E-1
4.467206825E1,-3.902753323E-2,-1.133393292E0,-7.052665937E-1,1.335479116E0
4.468212425E1,-2.053879814E-1,-9.451521242E-1,-1.131126911E0,1.488269078E0
4.469217925E1,4.476824185E-1,-8.527830738E-1,-8.308302142E-1,1.271981668E0
4.470223525E1,2.418421550E0,-2.162692112E-1,-2.045041455E0,3.174544017E0
4.471229125E1,1.126284539E0,-4.251767778E-1,-3.485236398E0,3.687297778E0
4.472234725E1,-1.865171161E0,-1.772965248E0,-5.386982478E0,5.970079518E0
4.473240325E1,8.341287602E0,-4.254321842E0,3.660994345E-1,9.370718328E0
4.474245825E1,6.506251820E0,-1.675007078E1,5.627406537E0,1.882986692E1
4.475251425E1,-9.436053602E0,-2.427571449E1,2.140098470E0,2.613291876E1
4.476257025E1,-1.693564153E0,-6.930818734E0,1.503394573E0,7.291406113E0
4.477262625E1,-5.623968959E0,1.594216450E0,4.574158106E0,7.422497917E0
4.478268225E1,-1.941636808E0,9.059257856E0,1.748485734E0,9.428536936E0
4.479273725E1,-2.667793896E0,7.300276809E0,8.742441094E-1,7.821474830E0
4.480279325E1,-2.980329326E0,4.121239214E0,-3.131186906E0,5.972546106E0
4.481284925E1,4.982667981E0,1.524854439E1,-6.461664462E0,1.729445559E1
4.482290525E1,5.862921858E0,1.928742908E1,-8.044796931E0,2.170478130E1
4.483296125E1,4.022120430E0,1.513806242E1,-6.828215302E0,1.708692222E1
4.484301625E1,7.620397248E0,2.004111179E1,-7.369796110E0,2.267224098E1
4.485307225E1,9.609853901E0,2.072238024E1,-8.276131493E0,2.429528118E1
4.486312825E1,4.416708376E0,1.139876217E1,-1.054922021E1,1.614698544E1
4.487318425E1,3.074113111E0,8.841403465E0,-1.274813816E1,1.581567618E1
4.488324025E1,-2.048480787E0,-1.454232938E0,-7.860581571E0,8.252260879E0
4.489329525E1,-4.992524632E0,-1.018219867E1,7.639025892E0,1.367322890E1
4.490335125E1,-1.648443821E0,-9.703262002E0,2.376580921E1,2.572322585E1
4.491340725E1,1.284742271E1,-2.231571610E1,7.482189535E0,2.681474624E1
4.492346325E1,-6.855435260E0,-1.976101145E1,4.109251252E0,2.131620304E1
4.493351925E1,-6.423762226E0,-9.938299606E0,8.606715524E-1,1.186487571E1
4.494357425E1,-4.666252338E0,-1.469688883E0,-4.633317018E0,6.738065218E0
4.495363025E1,-3.703703285E0,-1.015857825E0,-1.548532739E0,4.140934531E0
4.496368625E1,-5.592087016E-1,-4.036218359E0,-1.077167782E0,4.214743580E0
4.497374225E1,-1.516561334E0,-4.766336789E0,-1.594087812E0,5.249670525E0
4.498379825E1,-1.238603120E0,-1.159561921E0,-1.225438260E0,2.092945405E0
4.499385325E1,-1.048722393E0,8.183306944E-1,-1.673756125E0,2.137976461E0
4.500390925E1,-1.811219195E0,2.561604951E0,5.710858583E-2,3.137769317E0
4.501396525E1,1.204712951E0,3.637242370E0,-1.390189116E0,4.075965055E0
4.502402125E1,1.500206233E0,-6.798306209E-1,-2.929380490E-1,1.672902004E0
4.503407725E1,-2.594568922E-1,-2.642102984E0,3.618743534E0,4.488132220E0
4.504413225E1,-1.146695707E0,-6.826752913E-1,6.888939513E-1,1.501842693E0
4.505418825E1,-1.718524747E0,-1.837364727E-1,-1.398292772E0,2.223130467E0
4.506424425E1,-1.509941116E0,-8.506324679E-1,-1.387073720E0,2.219790817E0
4.507430025E1,-1.026269670E0,-7.218826264E-1,-1.117429808E0,1.680176579E0
4.508435625E1,-7.777434164E-1,2.253031594E-1,-1.657067587E0,1.844320830E0
4.509441125E1,-1.021658556E0,1.867269727E0,-3.148069571E0,3.800108480E0
4.510446725E1,-7.855450639E-1,1.038793529E0,-2.171839496E0,2.532401990E0
4.511452325E1,2.893211076E-1,-4.958906651E-1,-8.063390784E-1,9.898469398E-1
4.512457925E1,3.200932494E-1,-1.170221980E0,1.234709752E-1,1.219477040E0
4.513463525E1,1.023505106E0,-8.646973604E-1,3.490475503E0,3.738807760E0
4.514469025E1,1.774840450E0,1.459957947E0,1.706054975E0,2.862194859E0
4.515474625E1,1.476840613E0,3.491811592E0,-8.099692491E-1,3.876835897E0
4.516480225E1,6.556398126E-1,3.826340740E0,-2.393923909E0,4.560879159E0
4.517485825E1,-5.609318760E-1,2.633428640E0,-3.299776751E0,4.258886894E0
4.518491425E1,-5.041141891E-1,1.975463682E0,-2.714709030E0,3.395030632E0
4.519496925E1,-1.426055206E0,2.256358075E0,-2.510968063E0,3.664661762E0
4.520502525E1,-3.201153226E0,1.222405456E0,-2.875965298E0,4.473570550E0
4.521508125E1,-1.860858840E0,-1.188709706E-1,-2.787319462E-1,1.885369308E0
4.522513725E1,-1.194402848E0,-4.610172862E-1,-3.213809524E-1,1.320007885E0
4.523519325E1,-1.623959482E0,-5.876217842E-1,-1.082382840E0,2.038160046E0
4.524524825E1,-1.397659080E0,-5.825452316E-1,-1.097307785E0,1.869998456E0
4.525530425E1,-1.765891579E0,-1.281341296E0,-8.318523806E-1,2.334991857E0
4.526536025E1,-1.479339713E0,-2.024184437E0,2.882594725E-1,2.523660465E0
4.527541625E1,-6.703917530E-1,-1.998090068E0,-2.162112068E0,3.019357153E0
4.528547225E1,-9.371668741E-1,-1.965738008E0,-2.423292573E0,3.258029245E0
4.529552725E1,-1.887772696E0,-1.156409687E-1,-1.972069373E0,2.732419477E0
4.530558325E1,1.274907313E0,-9.280735767E-1,2.431305013E0,2.897922236E0
4.531563925E1,5.938367897E-1,-1.588986701E0,-1.038916320E0,1.989187771E0
4.532569525E1,-1.519896001E-1,-2.926764738E0,-1.917586772E0,3.502312336E0
4.533575125E1,-7.088015279E-1,-2.861355445E0,-1.606089807E-1,2.952211007E0
4.534580625E1,-1.520704086E0,-1.710636853E0,-7.886654305E-1,2.420911506E0
4.535586225E1,-3.041999325E0,-2.290844368E0,-1.576420450E0,4.121508128E0
4.536591825E1,-2.247927851E0,-4.412346354E0,-2.079527164E0,5.370885699E0
4.537597425E1,-4.206919634E-1,-4.205351411E0,-1.144892426E0,4.378668849E0
4.538602925E1,-1.029143284E0,-2.103331763E0,-5.317796687E-1,2.401235103E0
4.539608525E1,-3.586030994E0,-2.018682792E0,-1.605592793E-1,4.118310064E0
4.540614125E1,-3.802006090E0,-3.392250466E0,4.328576803E-1,5.113705047E0
4.541619725E1,-3.363583907E0,-3.042244323E0,1.522008015E0,4.783874541E0
4.542625325E1,-2.198577351E0,-1.524995357E0,2.009816074E0,3.346447947E0
4.543630825E1,-1.392316772E0,-7.837379819E-1,-1.790465965E0,2.399699895E0
4.544636425E1,-5.323998025E-1,6.583502895E-1,-3.525467581E0,3.625713215E0
4.545642025E1,1.688435560E0,2.529268679E0,3.277556162E0,4.471061293E0
4.546647642E1,1.171443171E0,2.612508472E0,4.859440835E0,5.640181277E0
4.547653242E1,-7.128931171E-1,8.145463765E-1,-1.181070904E0,1.602070808E0
4.548658742E1,1.919466359E0,-3.693170988E0,-3.456990473E-1,4.176526174E0
4.549664342E1,2.018743603E0,2.491116182E0,-7.067529559E-2,3.207176416E0
4.550669942E1,1.128533086E-1,7.615314848E0,1.345605705E0,7.734106982E0
4.551675542E1,1.092437055E0,-2.471454334E-1,2.619860176E0,2.849239710E0
4.552681142E1,5.495981594E0,-2.471473045E0,6.349004989E0,8.753505415E0
4.553686742E1,1.046957119E0,6.171572399E0,-1.340705738E0,6.401712034E0
4.554692242E1,-3.496860955E0,-5.062671340E-1,-2.931110973E0,4.590833747E0
4.555697842E1,-1.747090150E0,-3.832403718E0,-3.553950537E0,5.510917044E0
4.556703442E1,-1.704546686E0,-5.704835951E-1,-4.053570557E0,4.434226561E0
4.557709042E1,-3.921112996E0,-2.204045375E0,-1.591673058E0,4.771411349E0
4.558714542E1,-3.935182274E0,-3.597834476E0,3.663032684E0,6.468993808E0
4.559720142E1,-3.143343852E0,-3.259916866E0,4.047916299E0,6.073985093E0
4.560725742E1,-3.061214153E0,-3.442230127E0,2.553946853E0,5.267126813E0
4.561731342E1,-3.603083813E0,-6.001020813E0,-1.187802657E-1,7.000612296E0
4.562736942E1,-3.506737487E0,-4.710250297E0,5.838468218E-1,5.901232310E0
4.563742442E1,-4.025073859E0,-3.745499475E0,-6.970546909E-1,5.542190102E0
4.564748042E1,-5.428829831E0,-4.572951826E0,-2.256454554E0,7.448199036E0
4.565753642E1,-5.542699678E0,-3.001231368E0,4.300148372E-1,6.317738694E0
4.566759242E1,-5.252651469E0,-1.660067208E0,-5.282023787E-1,5.534001115E0
4.567764842E1,-4.558631995E0,-2.359269655E-1,1.396770815E-1,4.566869484E0
4.568770342E1,-4.260550296E0,4.990972781E-1,1.918950927E0,4.699336079E0
4.569775942E1,-4.969578404E0,1.910492345E0,3.153016316E0,6.187746149E0
4.570781542E1,-4.816551508E0,3.028626743E0,4.664674759E0,7.357373103E0
4.571787142E1,-3.669670444E0,3.675037603E0,6.319051457E0,8.179412807E0
4.572792742E1,-1.372677729E0,4.382871709E0,7.897030190E0,9.135474502E0
4.573798242E1,8.749890447E-2,5.339107815E0,8.207175279E0,9.791396957E0
4.574803842E1,1.039903915E-1,7.470392777E0,6.652867829E0,1.000391087E1
4.575809442E1,-9.513718075E-1,7.892141333E0,4.995157049E0,9.388428893E0
4.576815042E1,-1.199589036E0,7.615497866E0,4.556736912E0,8.955371175E0
4.577820642E1,-1.009497809E0,7.470153626E0,4.166682020E0,8.612985550E0
4.578826142E1,-1.725299331E0,7.096371535E0,2.779354677E0,7.814087225E0
4.579831742E1,-2.544286668E0,5.690714926E0,1.324814175E0,6.372814418E0
4.580837342E1,-2.314958285E0,4.110007882E0,1.133798504E-1,4.718479802E0
4.581842942E1,-1.323503814E0,4.082404931E0,-9.941824892E-1,4.405234522E0
4.582848542E1,-1.642646599E-1,3.868570501E0,-1.456331796E0,4.136873566E0
4.583854042E1,4.801207244E-1,2.741769360E0,-1.678349113E0,3.250333964E0
4.584859642E1,-2.795495331E-2,-5.805367130E-1,-2.489507613E0,2.556453111E0
4.585865242E1,-1.832113928E0,-4.072922502E0,-4.829114835E0,6.577665942E0
4.586870842E1,-3.222570115E0,-5.614836193E0,-7.743324432E0,1.009308758E1
4.587876442E1,-3.200837184E0,-5.757252731E0,-9.315744216E0,1.140939998E1
4.588881942E1,-2.269758723E0,-5.036384597E0,-9.500201651E0,1.098957715E1
4.589887542E1,-1.686767349E0,-4.836296970E0,-9.151730987E0,1.048757038E1
4.590893142E1,-1.949654072E0,-6.145940545E0,-8.884467623E0,1.097759086E1
4.591898742E1,-2.068800154E0,-6.648733848E0,-8.590580717E0,1.105819483E1
4.592904342E1,-1.754133705E0,-6.053624704E0,-8.362034692E0,1.047124545E1
4.593909842E1,-1.536549163E0,-5.071437485E0,-8.108892939E0,9.686826425E0
4.594915442E1,-3.123817952E-1,-4.564752860E0,-4.048786365E0,6.109600812E0
4.595921042E1,2.013379221E0,-3.672729707E0,3.004356120E0,5.154492709E0
4.596926642E1,2.568978582E0,-3.845482477E0,1.320543369E0,4.809492824E0
4.597932242E1,1.779929867E0,-3.086788997E0,7.390436196E-1,3.639038625E0
4.598937742E1,3.920769472E0,-1.098842314E0,1.487847412E-1,4.074558207E0
4.599943342E1,-1.352187038E0,-1.129852949E0,-2.457862481E0,3.024246262E0
4.600948942E1,-3.306202841E0,-6.365399412E0,3.383336971E0,7.930715980E0
4.601954542E1,-2.105280202E0,-8.884349509E0,4.347990729E0,1.011280843E1
4.602960142E1,-1.202950600E-1,-7.107374241E0,2.795802895E0,7.638439194E0
4.603965642E1,1.284480374E0,-5.097920694E0,3.175530435E0,6.141879092E0
4.604971242E1,1.956090102E0,-3.506190188E0,1.677619965E0,4.351329322E0
4.605976842E1,2.853849374E0,-3.830738723E0,1.542229441E0,5.019709858E0
4.606982442E1,2.278281625E0,-4.429637155E0,2.510981512E-1,4.987514689E0
4.607988042E1,1.990410042E0,-4.663900588E0,4.668136311E-1,5.092309475E0
4.608993542E1,2.145068896E0,-4.564686787E0,9.669265705E-1,5.135429195E0
4.609999142E1,1.921753498E0,-4.183140762E0,1.875938809E-1,4.607276268E0
4.611004742E1,2.054808352E0,-3.697744095E0,4.806820571E-2,4.230586166E0
4.612010342E1,2.062840087E0,-3.109484965E0,-7.648783726E-1,3.809100274E0
4.613015942E1,2.137502014E0,-2.709046587E0,-1.775809334E0,3.880895137E0
4.614021442E1,2.583996863E0,-2.392905763E0,-2.301495656E0,4.207127290E0
4.615027042E1,3.289075469E0,-2.238891272E0,-2.748671998E0,4.835891781E0
4.616032642E1,4.260495040E0,-2.474051083E0,-3.039783230E0,5.789043862E0
4.617038242E1,2.363786044E0,-1.688540810E0,-2.808918784E0,4.040876052E0
4.618043842E1,2.639177330E-1,-5.366252929E-1,-1.662499065E0,1.766783070E0
4.619049342E1,1.058648627E-1,2.513776481E-1,-1.962431408E0,1.981296323E0
4.620054942E1,2.228977610E-1,-1.371487820E-1,-2.093786768E0,2.110079674E0
4.621060542E1,3.917478074E-1,-6.684554476E-1,-1.827894577E0,1.985320532E0
4.622066142E1,1.040025245E-1,-4.803978825E-1,-1.530411049E0,1.607406802E0
4.623071642E1,2.804763168E-2,-2.919544011E-1,-1.047729828E0,1.088008196E0
4.624077242E1,-3.138186023E-2,-1.846392828E-1,-4.770339793E-1,5.124821005E-1
4.625082842E1,-7.519643582E-2,-2.261878431E-2,-2.724451661E-2,8.311664725E-2
4.626088442E1,-1.306148109E-1,2.452100050E-1,6.166701669E-1,6.763654856E-1
4.627094042E1,-1.589239447E0,9.015997231E-1,1.225356545E0,2.200014260E0
4.628099542E1,-7.099806190E-1,1.149926879E0,1.094754306E0,1.739221463E0
4.629105142E1,-3.982612037E-1,9.858586854E-1,8.521363717E-1,1.362595219E0
4.630110742E1,-5.784577720E-1,5.881942266E-1,5.916914463E-1,1.015226384E0
4.631116342E1,2.923594670E-1,8.195340514E-2,1.976534307E-1,3.622944896E-1
4.632121942E1,9.318352367E-1,-3.365838593E-1,1.619409764E-1,1.003907607E0
4.633127542E1,1.465358436E0,-7.844238603E-1,1.536379302E-1,1.669191646E0
4.634133042E1,1.388949945E0,-8.746762186E-1,-5.827218175E-2,1.642448198E0
4.635138642E1,1.176341822E0,-8.256338668E-1,-3.405558729E-1,1.476966373E0
4.636144242E1,9.621996083E-1,-6.093289876E-1,-2.254370606E-1,1.161004638E0
4.637149842E1,6.270593534E-1,-1.206274742E-1,-8.771642089E-2,6.445530163E-1
4.638155442E1,7.825506317E-1,-5.581635118E-2,1.329949200E-1,7.957314905E-1
4.639160942E1,9.468793186E-1,-1.960337520E-1,1.730039084E-1,9.823136099E-1
4.640166542E1,9.212331384E-1,-1.887235630E-1,1.732892525E-1,9.561988514E-1
4.641172142E1,8.155541441E-1,-4.621697724E-2,2.845442247E-1,8.650028825E-1
4.642177742E1,6.720729737E-1,4.880086184E-3,2.150044584E-1,7.056435462E-1
4.643183342E1,6.043461366E-1,-1.085155517E-1,-4.180232942E-2,6.154326222E-1
4.644188842E1,5.374627238E-1,-2.016722220E-1,-2.292295647E-1,6.181294832E-1
4.645194442E1,4.484699654E-1,-2.436797887E-1,-1.022923601E-1,5.205467090E-1
4.646200042E1,4.830998808E-1,-2.879326862E-1,3.463949025E-1,6.605150680E-1
4.647205562E1,5.436221442E-1,-3.925803047E-1,6.517634010E-1,9.351148926E-1
4.648211062E1,4.531704690E-1,-4.693080533E-1,6.641852260E-1,9.309970661E-1
4.649216662E1,3.117159435E-1,-3.937450701E-1,7.265229768E-1,8.831973989E-1
4.650222262E1,3.459401353E-1,-3.162308711E-1,8.047195458E-1,9.312626313E-1
4.651227862E1,5.719042493E-1,-2.191203135E-1,6.821864641E-1,9.167696297E-1
4.652233462E1,5.364421654E-1,-1.708334219E-1,4.828092742E-1,7.416596592E-1
4.653238962E1,4.254191449E-1,-2.236559987E-1,4.971852386E-1,6.915176181E-1
4.654244562E1,3.154545801E-1,-2.470583099E-1,5.582366019E-1,6.871517331E-1
4.655250162E1,3.966573855E-1,-2.740315157E-1,3.353711468E-1,5.872854154E-1
4.656255762E1,5.343040214E-1,-3.471731669E-1,-1.059866309E-2,6.372772762E-1
4.657261362E1,7.150109786E-1,-3.890596962E-1,-1.945520675E-1,8.369340796E-1
4.658266862E1,8.626193330E-1,-4.232156217E-1,-2.840624142E-1,1.001955603E0
4.659272462E1,7.767384262E-1,-5.649638236E-1,-4.538082540E-1,1.062284630E0
4.660278062E1,7.589853293E-1,-7.168768251E-1,-5.810653013E-1,1.194825509E0
4.661283662E1,6.227090250E-1,-7.498492742E-1,-4.499333042E-1,1.073536419E0
4.662289262E1,4.051102301E-1,-5.817839241E-1,-8.021912098E-2,7.134577354E-1
4.663294762E1,1.838905469E-1,-3.568368602E-1,2.591316408E-1,4.778048611E-1
4.664300362E1,-9.052900471E-2,-1.419434988E-1,3.546622807E-1,3.925923979E-1
4.665305962E1,-3.594223528E-1,-2.178087831E-3,3.338754290E-1,4.905731075E-1
4.666311562E1,-2.468233249E-1,1.408436376E-1,-2.613062203E-2,2.853795602E-1
4.667317162E1,1.963847311E-1,1.946970785E-1,-4.621206558E-1,5.385437916E-1
4.668322662E1,1.987342154E-1,3.367586911E-2,-5.147935438E-1,5.528487544E-1
4.669328262E1,5.524544366E-2,-2.398323208E-1,-1.880914789E-1,3.097579791E-1
4.670333862E1,5.660981834E-3,-3.889977157E-1,4.991943419E-2,3.922285296E-1
4.671339462E1,4.807507619E-3,-2.728661656E-1,1.319979697E-1,3.031542850E-1
4.672345062E1,-4.375266820E-2,-1.141487592E-1,7.805448174E-2,1.450404679E-1
4.673350562E1,-7.151276305E-2,-6.427259445E-2,-8.159204721E-3,9.649670616E-2
4.674356162E1,-2.410748541E-2,-4.900025189E-2,1.013351709E-1,1.151130418E-1
4.675361762E1,-2.606250197E-3,-6.514441431E-2,2.702015895E-1,2.779559069E-1
4.676367362E1,1.326210637E-1,-4.545625448E-2,2.982097524E-1,3.295203697E-1
4.677372962E1,2.726324232E-1,-3.078208208E-2,1.757813358E-1,3.258451362E-1
4.678378462E1,2.923855602E-1,-1.041739941E-2,3.889509380E-2,2.951451615E-1
4.679384062E1,2.137924768E-1,-3.545283794E-2,-2.377945662E-2,2.180128194E-1
4.680389662E1,6.102059238E-2,-4.812375426E-2,3.535285056E-2,8.537700194E-2
4.681395262E1,-4.894419171E-2,-4.950252771E-3,1.269880754E-1,1.361837369E-1
4.682400862E1,-6.061150655E-3,-1.777378142E-2,1.168180132E-1,1.183177631E-1
4.683406362E1,5.640823558E-2,-7.911750555E-2,1.325318205E-1,1.643354867E-1
4.684411962E1,1.625960838E-1,-1.384380931E-1,1.729781806E-1,2.748163806E-1
4.685417562E1,2.576194046E-1,-1.678946114E-1,2.073451906E-1,3.708751626E-1
4.686423162E1,3.428459349E-1,-1.064772123E-1,3.861998230E-1,5.272864830E-1
4.687428762E1,3.166487277E-1,-3.513708830E-2,4.572744834E-1,5.573158754E-1
4.688434262E1,2.710820340E-1,3.559141695E-2,4.173187047E-1,4.989059224E-1
4.689439862E1,1.935213496E-1,1.009533477E-1,2.982056594E-1,3.695520348E-1
4.690445462E1,1.267298477E-1,1.501477271E-1,1.461353678E-1,2.448680052E-1
4.691451062E1,7.896167725E-2,8.942088425E-2,1.277271634E-1,1.747720495E-1
4.692456662E1,1.759558752E-2,2.488165677E-2,1.166823578E-1,1.205963273E-1
4.693462162E1,1.953262389E-3,3.394717991E-2,9.385307372E-2,9.982297183E-2
4.694467762E1,2.938057758E-2,8.265448630E-2,5.218815386E-2,1.020714742E-1
4.695473362E1,-8.336521536E-3,1.326645523E-1,-3.657901168E-2,1.378673461E-1
4.696478962E1,9.752519824E-2,5.248870075E-2,-8.942614675E-2,1.423490910E-1
4.697484562E1,2.137147819E-1,-1.114923692E-1,-2.317058605E-1,3.343533493E-1
4.698490062E1,1.047118648E-1,-2.281501687E-1,-9.469156444E-2,2.682975335E-1
4.699495662E1,5.151177719E-2,-1.866308445E-1,4.065159738E-2,1.978309573E-1
4.700501262E1,9.732171513E-2,-6.261023104E-2,2.893319249E-2,1.192840597E-1
4.701506862E1,9.284296721E-2,3.416761994E-2,3.289409637E-2,1.042557643E-1
4.702512462E1,8.893973149E-2,3.157496452E-2,6.397847950E-2,1.140197354E-1
4.703517962E1,1.440316857E-1,9.702869654E-3,8.100732565E-2,1.655338605E-1
4.704523562E1,2.278624126E-1,-9.164925814E-3,1.394350433E-1,2.672964763E-1
4.705529162E1,3.011649352E-1,-2.289067984E-2,1.475106329E-1,3.361304631E-1
4.706534762E1,3.372958309E-1,-6.708568990E-2,-3.503066897E-2,3.456821012E-1
4.707540362E1,2.385562391E-1,-1.042219412E-1,-1.646108150E-1,3.080065140E-1
4.708545862E1,1.090646783E-1,-8.237381995E-2,-4.381903410E-2,1.435292932E-1
4.709551462E1,8.655728348E-2,-2.789238811E-2,1.190861481E-1,1.498387777E-1
4.710557062E1,1.230296566E-1,-1.259431779E-2,2.747858065E-1,3.013339555E-1
4.711562663E1,1.454751440E-1,-8.063427329E-2,3.308097339E-1,3.702701495E-1
4.712568262E1,1.156115864E-1,-1.980633205E-1,2.909422481E-1,3.704625616E-1
4.713573762E1,9.339655235E-2,-1.595050263E-1,3.548797971E-1,4.001305285E-1
4.714579362E1,1.565395378E-1,-1.448080498E-1,4.125087851E-1,4.643678456E-1
4.715584962E1,2.652548450E-1,-7.741947412E-2,6.210047078E-1,6.797063740E-1
4.716590562E1,2.742461816E-1,-1.339421690E-2,6.670252186E-1,7.213272596E-1
4.717596162E1,1.844757801E-1,3.219710827E-2,4.985593343E-1,5.325686594E-1
4.718601662E1,8.982821591E-2,5.938081384E-2,6.726110637E-2,1.269615921E-1
4.719607262E1,3.595233634E-3,8.072256625E-2,-1.447332054E-1,1.657611509E-1
4.720612863E1,-4.390666924E-2,1.239054233E-1,-1.709532899E-1,2.156510534E-1
4.721618462E1,-1.225124703E-1,9.094934642E-2,-1.817981207E-1,2.373428864E-1
4.722624062E1,-6.721579045E-2,-1.026186347E-3,-2.125264084E-1,2.229046653E-1
4.723629562E1,4.656342477E-2,-4.340095818E-2,-1.716374141E-1,1.830606392E-1
4.724635162E1,7.766052559E-2,-9.273333192E-2,-1.943789899E-1,2.289406469E-1
4.725640762E1,7.850135520E-2,-1.737593687E-1,-2.030036330E-1,2.785053967E-1
4.726646362E1,5.063951880E-2,-2.347201002E-1,-6.719555908E-1,7.135700403E-1
4.727651962E1,-1.026037974E-1,-1.068683910E-1,-8.126629883E-1,8.260566111E-1
4.728657462E1,-1.244983310E-1,-6.213251352E-3,5.659110725E-2,1.368977440E-1
4.729663062E1,-1.222016908E-2,-8.007761836E-2,3.880633307E-1,3.964276808E-1
4.730668662E1,1.400759713E-1,-1.549517995E-1,3.452038246E-1,4.034811253E-1
4.731674262E1,2.467370054E-1,-1.995900285E-1,1.350396913E-1,3.448928059E-1
4.732679862E1,1.343366367E-1,-1.464674896E-1,2.641257477E-1,3.305472252E-1
4.733685462E1,3.133011237E-2,-3.303442955E-2,4.916233671E-1,4.937270344E-1
4.734690962E1,-6.871128894E-2,5.520297825E-2,4.575586581E-1,4.659705309E-1
4.735696562E1,-1.883128691E-1,4.128368139E-2,1.033220547E-1,2.187270583E-1