"Time (s)","Gravity X (m/s^2)","Gravity Y (m/s^2)","Gravity Z (m/s^2)"
2.765729162E-2,-8.997215792E-2,1.987686957E-1,9.807573406E0
3.761929157E-2,-8.067319382E-2,1.870930121E-1,9.807883893E0
4.758129164E-2,-4.919840398E-2,1.670619861E-1,9.808453996E0
5.754329159E-2,-3.710211650E-3,1.409701933E-1,9.808986093E0
6.750529166E-2,4.879788798E-2,1.103761905E-1,9.809257404E0
7.746729162E-2,9.691464842E-2,8.044308761E-2,9.809191330E0
8.742929169E-2,1.096925322E-1,6.270918146E-2,9.809186068E0
9.739129164E-2,9.222015652E-2,6.697160981E-2,9.809338095E0
1.073532916E-1,7.075672264E-2,8.891255108E-2,9.809341604E0
1.173152917E-1,5.081464291E-2,1.106220385E-1,9.809244540E0
1.272782916E-1,3.006210254E-2,1.205024077E-1,9.809213549E0
1.372402916E-1,1.945447676E-2,1.240208053E-1,9.809196593E0
1.472022916E-1,2.156464096E-2,1.237105100E-1,9.809196008E0
1.571642916E-1,3.306839137E-2,1.183187194E-1,9.809230506E0
1.671262917E-1,5.160700458E-2,1.075021561E-1,9.809274945E0
1.770882916E-1,7.151320159E-2,9.369585671E-2,9.809291902E0
1.870502916E-1,8.149702082E-2,8.472692225E-2,9.809295411E0
1.970122916E-1,7.891320932E-2,8.602515944E-2,9.809305351E0
2.069742916E-1,6.819643247E-2,9.441248780E-2,9.809308859E0
2.169362917E-1,5.735354763E-2,1.028610657E-1,9.809293072E0
2.268982916E-1,5.206586026E-2,1.066775982E-1,9.809281962E0
2.368602917E-1,5.344306684E-2,1.053452096E-1,9.809288979E0
2.468222916E-1,6.066362443E-2,1.006002672E-1,9.809296580E0
2.567852916E-1,6.797360787E-2,9.537533236E-2,9.809300673E0
2.667472917E-1,7.055450034E-2,9.281156584E-2,9.809307105E0
2.767092916E-1,6.826375311E-2,9.420846566E-2,9.809310029E0
2.866712916E-1,6.390650850E-2,9.774238575E-2,9.809304766E0
2.966332916E-1,6.040823358E-2,1.003033474E-1,9.809301258E0
3.065952916E-1,6.016986361E-2,1.005512877E-1,9.809300088E0
3.165572917E-1,6.248970988E-2,9.877649325E-2,9.809303597E0
3.265192916E-1,6.516124332E-2,9.660521194E-2,9.809307690E0
3.364812917E-1,6.628133687E-2,9.556005869E-2,9.809310613E0
3.464432916E-1,6.523363459E-2,9.628257355E-2,9.809310613E0
3.564052916E-1,6.339372596E-2,9.777223396E-2,9.809307690E0
3.663672917E-1,6.201846084E-2,9.886193569E-2,9.809305936E0
3.763302916E-1,6.195551648E-2,9.881751512E-2,9.809306520E0
3.862922916E-1,6.309664173E-2,9.812780863E-2,9.809306520E0
3.962542916E-1,6.428738608E-2,9.734472941E-2,9.809306520E0
4.062162916E-1,6.466200988E-2,9.698914560E-2,9.809307690E0
4.161782917E-1,6.419595938E-2,9.732468442E-2,9.809307105E0
4.261402916E-1,6.345502580E-2,9.796612398E-2,9.809305351E0
4.361022916E-1,6.303464297E-2,9.838188842E-2,9.809304181E0
4.460642916E-1,6.303615502E-2,9.835022209E-2,9.809304181E0
4.560262916E-1,6.342178346E-2,9.805415198E-2,9.809304766E0
4.659882917E-1,6.381049083E-2,9.782082980E-2,9.809304766E0
4.759502916E-1,6.382345977E-2,9.788416246E-2,9.809304181E0
4.859122917E-1,6.343517724E-2,9.808729839E-2,9.809304766E0
4.958742916E-1,6.311048318E-2,9.832037388E-2,9.809304181E0
5.058372916E-1,6.310732660E-2,9.847034583E-2,9.809303012E0
5.157992917E-1,6.323260319E-2,9.825011593E-2,9.809304181E0
5.257612916E-1,6.341466174E-2,9.794190371E-2,9.809305936E0
5.357232916E-1,6.344840657E-2,9.785505429E-2,9.809306520E0
5.456852916E-1,6.324754557E-2,9.787922887E-2,9.809307690E0
5.556472916E-1,6.293522660E-2,9.802688020E-2,9.809308274E0
5.656092917E-1,6.261373937E-2,9.809748533E-2,9.809309444E0
5.755712916E-1,6.265301165E-2,9.823360668E-2,9.809308274E0
5.855332917E-1,6.262131791E-2,9.823827532E-2,9.809308274E0
5.954952916E-1,6.324797498E-2,9.819479579E-2,9.809304766E0
6.054572916E-1,6.416001728E-2,9.810018053E-2,9.809299504E0
6.154192917E-1,6.479791196E-2,9.779742267E-2,9.809298334E0
6.253822916E-1,6.380808342E-2,9.723963484E-2,9.809310613E0
6.353442916E-1,6.417587328E-2,9.798359253E-2,9.809300673E0
6.453062916E-1,6.225367879E-2,9.804496089E-2,9.809312367E0
6.552682916E-1,6.114708866E-2,9.845326100E-2,9.809315291E0
6.652302917E-1,6.184099785E-2,9.903671262E-2,9.809305351E0
6.751922916E-1,6.141505559E-2,9.843553662E-2,9.809314122E0
6.851542917E-1,6.215492480E-2,9.815966682E-2,9.809311783E0
6.951162916E-1,6.322183609E-2,9.807439797E-2,9.809305936E0
7.050782916E-1,6.305887237E-2,9.779075319E-2,9.809310029E0
7.150402917E-1,6.350030517E-2,9.795946363E-2,9.809305351E0
7.250022916E-1,6.346586142E-2,9.799269226E-2,9.809305351E0
7.349642917E-1,6.329525063E-2,9.791187278E-2,9.809307105E0
7.449262916E-1,6.330213024E-2,9.784919794E-2,9.809307690E0
7.548892916E-1,6.296158932E-2,9.772521869E-2,9.809311198E0
7.648512917E-1,6.264215775E-2,9.793951915E-2,9.809311198E0
7.748132916E-1,6.222010755E-2,9.824118066E-2,9.809310613E0
7.847752916E-1,6.183852192E-2,9.831068030E-2,9.809312367E0
7.947372916E-1,6.201096910E-2,9.838771736E-2,9.809310613E0
8.046992916E-1,6.245273081E-2,9.823132262E-2,9.809309444E0
8.146612917E-1,6.274516468E-2,9.792773335E-2,9.809310613E0
8.246232916E-1,6.312764567E-2,9.776304287E-2,9.809309444E0
8.345852917E-1,6.336126935E-2,9.772079674E-2,9.809308859E0
8.445472916E-1,6.329658452E-2,9.766141095E-2,9.809309444E0
8.545092916E-1,6.304475682E-2,9.775265492E-2,9.809310613E0
8.644712917E-1,6.268170412E-2,9.777986275E-2,9.809312367E0
8.744342916E-1,6.240071800E-2,9.779110037E-2,9.809314122E0
8.843962916E-1,6.236299432E-2,9.801580704E-2,9.809312367E0
8.943582916E-1,6.213365099E-2,9.811620556E-2,9.809312367E0
9.043202916E-1,6.204520728E-2,9.821506918E-2,9.809312367E0
9.142822917E-1,6.228947472E-2,9.825913344E-2,9.809310029E0
9.242442916E-1,6.247631610E-2,9.808958245E-2,9.809310613E0
9.342062917E-1,6.277224003E-2,9.788285597E-2,9.809310613E0
9.441682916E-1,6.290492614E-2,9.766149318E-2,9.809312367E0
9.541302916E-1,6.289834346E-2,9.746807825E-2,9.809314122E0
9.640922917E-1,6.290630115E-2,9.747232662E-2,9.809314122E0
9.740542916E-1,6.279958947E-2,9.752967501E-2,9.809314122E0
9.840162917E-1,6.261547983E-2,9.762772551E-2,9.809314122E0
9.939782916E-1,6.245289526E-2,9.767515191E-2,9.809314706E0
1.003941292E0,6.236112138E-2,9.774710921E-2,9.809314706E0
1.013903292E0,6.227220716E-2,9.776881699E-2,9.809315291E0
1.023865292E0,6.222543857E-2,9.778975734E-2,9.809315291E0
1.033827292E0,6.228587959E-2,9.769500503E-2,9.809315876E0
1.043789292E0,6.240918275E-2,9.756004399E-2,9.809316460E0
1.053751292E0,6.257800740E-2,9.749701283E-2,9.809315876E0
1.063713292E0,6.254716334E-2,9.739591995E-2,9.809317045E0
1.073675292E0,6.261221361E-2,9.742907549E-2,9.809316460E0
1.083637292E0,6.260606947E-2,9.746544700E-2,9.809315876E0
1.093599292E0,6.263308543E-2,9.756504153E-2,9.809314706E0
1.103561292E0,6.251089233E-2,9.760744298E-2,9.809315291E0
1.113523292E0,6.252754776E-2,9.773131259E-2,9.809314122E0
1.123486292E0,6.249864059E-2,9.777316586E-2,9.809313537E0
1.133448292E0,6.245880643E-2,9.778320663E-2,9.809313537E0
1.143410292E0,6.256433954E-2,9.782946358E-2,9.809312952E0
1.153372292E0,6.258446218E-2,9.781680071E-2,9.809312952E0
1.163334292E0,6.258099496E-2,9.775751542E-2,9.809313537E0
1.173296292E0,6.262318171E-2,9.771358822E-2,9.809313537E0
1.183258292E0,6.264316731E-2,9.771125847E-2,9.809313537E0
1.193220292E0,6.257867435E-2,9.772164641E-2,9.809313537E0
1.203182292E0,6.233327859E-2,9.774995059E-2,9.809314706E0
1.213144292E0,6.225647449E-2,9.781608808E-2,9.809314706E0
1.223106292E0,6.230775640E-2,9.786669390E-2,9.809314122E0
1.233068292E0,6.231209157E-2,9.771765386E-2,9.809315291E0
1.243031292E0,6.235861804E-2,9.772636986E-2,9.809315291E0
1.252993292E0,6.230890301E-2,9.757473512E-2,9.809317045E0
1.262955292E0,6.225148609E-2,9.753882042E-2,9.809317630E0
1.272917292E0,6.233647628E-2,9.750992239E-2,9.809317045E0
1.282879292E0,6.222438790E-2,9.748481590E-2,9.809318215E0
1.292841292E0,6.208975119E-2,9.751403371E-2,9.809318799E0
1.302803292E0,6.213588938E-2,9.758454747E-2,9.809317630E0
1.312765292E0,6.230022355E-2,9.770006653E-2,9.809315876E0
1.322727292E0,6.235694611E-2,9.768840864E-2,9.809315291E0
1.332689292E0,6.236703255E-2,9.765533533E-2,9.809315876E0
1.342651292E0,6.240339036E-2,9.773971796E-2,9.809314706E0
1.352613292E0,6.251090147E-2,9.776830536E-2,9.809313537E0
1.362576292E0,6.251920177E-2,9.769667697E-2,9.809314122E0
1.372538292E0,6.247569483E-2,9.763852458E-2,9.809315291E0
1.382500292E0,6.242273642E-2,9.758928007E-2,9.809315876E0
1.392462292E0,6.241877127E-2,9.754767347E-2,9.809316460E0
1.402424292E0,6.234385839E-2,9.752223808E-2,9.809317045E0
1.412386292E0,6.235352457E-2,9.764267245E-2,9.809315876E0
1.422348292E0,6.225266467E-2,9.757476253E-2,9.809317045E0
1.432310292E0,6.228918693E-2,9.759511814E-2,9.809317045E0
1.442272292E0,6.235363421E-2,9.758845780E-2,9.809316460E0
1.452234292E0,6.237216714E-2,9.754092176E-2,9.809317045E0
1.462196292E0,6.228587959E-2,9.749841068E-2,9.809317630E0
1.472158292E0,6.226494382E-2,9.759492628E-2,9.809317045E0
1.482120292E0,6.216269977E-2,9.766703890E-2,9.809317045E0
1.492083292E0,6.179365824E-2,9.748928354E-2,9.809321138E0
1.502045292E0,6.177540853E-2,9.754364437E-2,9.809320554E0
1.512007292E0,6.195365725E-2,9.752845075E-2,9.809319384E0
1.521969292E0,6.174635975E-2,9.737412080E-2,9.809322308E0
1.531931292E0,6.204012295E-2,9.739267658E-2,9.809320554E0
1.541893292E0,6.198689501E-2,9.723687569E-2,9.809322308E0
1.551855292E0,6.211906950E-2,9.733923851E-2,9.809320554E0
1.561817292E0,6.221150118E-2,9.729368504E-2,9.809319969E0
1.571779292E0,6.214577483E-2,9.717238273E-2,9.809321723E0
1.581741292E0,6.222586798E-2,9.725603445E-2,9.809320554E0
1.591703292E0,6.208809752E-2,9.737994061E-2,9.809319969E0
1.601666292E0,6.177671959E-2,9.742371250E-2,9.809321723E0
1.611628292E0,6.179909432E-2,9.748188316E-2,9.809321138E0
1.621590292E0,6.188929676E-2,9.750973052E-2,9.809319969E0
1.631552292E0,6.193303667E-2,9.745404493E-2,9.809320554E0
1.641514292E0,6.198820607E-2,9.737406598E-2,9.809321138E0
1.651476292E0,6.199753877E-2,9.730790108E-2,9.809321723E0
1.661438292E0,6.212271487E-2,9.725946969E-2,9.809321138E0
1.671400292E0,6.209447008E-2,9.725869311E-2,9.809321138E0
1.681362292E0,6.197619187E-2,9.736089148E-2,9.809321138E0
1.691324292E0,6.187726886E-2,9.732939874E-2,9.809321723E0
1.701286292E0,6.191237499E-2,9.738340326E-2,9.809321138E0
1.711248292E0,6.183535620E-2,9.745721522E-2,9.809321138E0
1.721210292E0,6.172845265E-2,9.755809796E-2,9.809320554E0
1.731173292E0,6.167989792E-2,9.756542525E-2,9.809321138E0
1.741135292E0,6.174311180E-2,9.758455661E-2,9.809320554E0
1.751097292E0,6.182361608E-2,9.761890900E-2,9.809319384E0
1.761059292E0,6.177560953E-2,9.757450671E-2,9.809319969E0
1.771021292E0,6.171953565E-2,9.759086978E-2,9.809320554E0
1.780983292E0,6.166392314E-2,9.752475969E-2,9.809321138E0
1.790945292E0,6.165840026E-2,9.749436331E-2,9.809321723E0
1.800907292E0,6.160776703E-2,9.751081774E-2,9.809321723E0
1.810869292E0,6.152686989E-2,9.750314327E-2,9.809322308E0
1.820831292E0,6.149628164E-2,9.748179180E-2,9.809322892E0
1.830793292E0,6.149503911E-2,9.763444067E-2,9.809321138E0
1.840755292E0,6.142992488E-2,9.759651599E-2,9.809322308E0
1.850718292E0,6.145951271E-2,9.752160768E-2,9.809322892E0
1.860680292E0,6.141870097E-2,9.747553345E-2,9.809323477E0
1.870642292E0,6.150258110E-2,9.748653352E-2,9.809322892E0
1.880604292E0,6.154928574E-2,9.735579344E-2,9.809324062E0
1.890566292E0,6.151868379E-2,9.724953856E-2,9.809325231E0
1.900528292E0,6.149533604E-2,9.714857359E-2,9.809326401E0
1.910490542E0,6.140227395E-2,9.709714551E-2,9.809327570E0
1.920452542E0,6.121425855E-2,9.713911755E-2,9.809328155E0
1.930414542E0,6.110607593E-2,9.718870925E-2,9.809328155E0
1.940376542E0,6.098784340E-2,9.720128076E-2,9.809328740E0
1.950338542E0,6.109226188E-2,9.719849420E-2,9.809328155E0
1.960300542E0,6.117769062E-2,9.722103339E-2,9.809327570E0
1.970263542E0,6.127861447E-2,9.722997780E-2,9.809326985E0
1.980225542E0,6.132536479E-2,9.728279460E-2,9.809325816E0
1.990187542E0,6.147315773E-2,9.738523965E-2,9.809324062E0
2.000149542E0,6.153105430E-2,9.746086973E-2,9.809322892E0
2.010111542E0,6.140487778E-2,9.749435417E-2,9.809323477E0
2.020073542E0,6.132500391E-2,9.755985213E-2,9.809322892E0
2.030035542E0,6.122957095E-2,9.754747247E-2,9.809324062E0
2.039997542E0,6.130144602E-2,9.759967715E-2,9.809322892E0
2.049959542E0,6.132707784E-2,9.749674788E-2,9.809324062E0
2.059921542E0,6.136754240E-2,9.747487564E-2,9.809323477E0
2.069883542E0,6.144620572E-2,9.752635854E-2,9.809322892E0
2.079845542E0,6.121756589E-2,9.746840715E-2,9.809324647E0
2.089808542E0,6.117909760E-2,9.732468442E-2,9.809326401E0
2.099770542E0,6.132356951E-2,9.724181841E-2,9.809326401E0
2.109732542E0,6.153900743E-2,9.720192944E-2,9.809325231E0
2.119694542E0,6.143861348E-2,9.714072553E-2,9.809326401E0
2.129656542E0,6.128855017E-2,9.710852017E-2,9.809328155E0
2.139618542E0,6.128843140E-2,9.724401112E-2,9.809326401E0
2.149580542E0,6.113194986E-2,9.732871352E-2,9.809326401E0
2.159542542E0,6.097681135E-2,9.733596772E-2,9.809327570E0
2.169504542E0,6.103800612E-2,9.729197656E-2,9.809327570E0
2.179466542E0,6.111350372E-2,9.722292460E-2,9.809327570E0
2.189428542E0,6.112686552E-2,9.724463238E-2,9.809327570E0
2.199391542E0,6.110328023E-2,9.711772040E-2,9.809328740E0
2.209353542E0,6.115622494E-2,9.699521209E-2,9.809329909E0
2.219315542E0,6.131708732E-2,9.684764299E-2,9.809330494E0
2.229277542E0,6.146577562E-2,9.678249221E-2,9.809329909E0
2.239239542E0,6.133147696E-2,9.671205154E-2,9.809331663E0
2.249201542E0,6.126018661E-2,9.668543757E-2,9.809332248E0
2.259163542E0,6.123419847E-2,9.683175500E-2,9.809331079E0
2.269125542E0,6.119360601E-2,9.690828044E-2,9.809330494E0
2.279087542E0,6.111670142E-2,9.691305871E-2,9.809331079E0
2.289049542E0,6.113485976E-2,9.686668298E-2,9.809331079E0
2.299011542E0,6.117441983E-2,9.685944705E-2,9.809331079E0
2.308973542E0,6.104361579E-2,9.679631540E-2,9.809332248E0
2.318936542E0,6.091695505E-2,9.683259554E-2,9.809332833E0
2.328898542E0,6.098307883E-2,9.691258362E-2,9.809331663E0
2.338860542E0,6.091565770E-2,9.683753827E-2,9.809332833E0
2.348822542E0,6.116498206E-2,9.678122227E-2,9.809331663E0
2.358784542E0,6.107830622E-2,9.676784676E-2,9.809332833E0
2.368746542E0,6.089126841E-2,9.670129814E-2,9.809334587E0
2.378708542E0,6.083468290E-2,9.667459281E-2,9.809335172E0
2.388670542E0,6.088374012E-2,9.672871610E-2,9.809334002E0
2.398632542E0,6.091935789E-2,9.665244648E-2,9.809334587E0
2.408594542E0,6.105701870E-2,9.665929869E-2,9.809334002E0
2.418556542E0,6.104135456E-2,9.660228834E-2,9.809334587E0
2.428518542E0,6.131616913E-2,9.662726691E-2,9.809332248E0
2.438481542E0,6.113853254E-2,9.658061709E-2,9.809334002E0
2.448443542E0,6.104237782E-2,9.670504401E-2,9.809333417E0
2.458405542E0,6.090338768E-2,9.698572864E-2,9.809331663E0
2.468367542E0,6.073517516E-2,9.705810620E-2,9.809331663E0
2.478329542E0,6.077787354E-2,9.697508488E-2,9.809332248E0
2.488291542E0,6.095868041E-2,9.682716860E-2,9.809332833E0
2.498253542E0,6.140588277E-2,9.661951021E-2,9.809332248E0
2.508215542E0,6.169080206E-2,9.618707207E-2,9.809334587E0
2.518177542E0,6.173423134E-2,9.602671218E-2,9.809335756E0
2.528139542E0,6.169742129E-2,9.620772919E-2,9.809334002E0
2.538101542E0,6.142976043E-2,9.651316398E-2,9.809332833E0
2.548063542E0,6.095110187E-2,9.674382750E-2,9.809333417E0
2.558026542E0,6.075223259E-2,9.698044787E-2,9.809332248E0
2.567988542E0,6.059923197E-2,9.702474053E-2,9.809332833E0
2.577950542E0,6.060377726E-2,9.693617349E-2,9.809334002E0
2.587912542E0,6.086455395E-2,9.684116537E-2,9.809333417E0
2.597874542E0,6.112021888E-2,9.680883209E-2,9.809331663E0
2.607836542E0,6.138250305E-2,9.670085046E-2,9.809331079E0
2.617798542E0,6.156437886E-2,9.655773073E-2,9.809331663E0
2.627760542E0,6.159552442E-2,9.653406777E-2,9.809331663E0
2.637722542E0,6.164459992E-2,9.650036406E-2,9.809331663E0
2.647684542E0,6.167862341E-2,9.658231644E-2,9.809330494E0
2.657646542E0,6.146648825E-2,9.660137471E-2,9.809331663E0
2.667608542E0,6.118518693E-2,9.672491541E-2,9.809332248E0
2.677571542E0,6.097930555E-2,9.686090886E-2,9.809332248E0
2.687533542E0,6.085412946E-2,9.703470821E-2,9.809331079E0
2.697495542E0,6.085197786E-2,9.703201300E-2,9.809331079E0
2.707457542E0,6.100013626E-2,9.702472226E-2,9.809330494E0
2.717419542E0,6.119162800E-2,9.693571667E-2,9.809330494E0
2.727381542E0,6.133656586E-2,9.677140078E-2,9.809331079E0
2.737343542E0,6.128699244E-2,9.669303895E-2,9.809332248E0
2.747305542E0,6.118013457E-2,9.671328493E-2,9.809332248E0
2.757267542E0,6.106846189E-2,9.659468696E-2,9.809334587E0
2.767229542E0,6.109750153E-2,9.645845597E-2,9.809335756E0
2.777191542E0,6.107628711E-2,9.654610025E-2,9.809334587E0
2.787153542E0,6.121133495E-2,9.661834077E-2,9.809333417E0
2.797116542E0,6.122322581E-2,9.654889595E-2,9.809334002E0
2.807078542E0,6.155380363E-2,9.655824236E-2,9.809331663E0
2.817040542E0,6.162912764E-2,9.656357794E-2,9.809331079E0
2.827002542E0,6.138588347E-2,9.657775744E-2,9.809332248E0
2.836964542E0,6.123174538E-2,9.666873646E-2,9.809332833E0
2.846926542E0,6.115967388E-2,9.675532093E-2,9.809332248E0
2.856888542E0,6.094283354E-2,9.679346488E-2,9.809333417E0
2.866850542E0,6.079944885E-2,9.676191732E-2,9.809334587E0
2.876812542E0,6.081265077E-2,9.677180277E-2,9.809334002E0
2.886774542E0,6.079658920E-2,9.675469967E-2,9.809334587E0
2.896736542E0,6.098410210E-2,9.681731969E-2,9.809332833E0
2.906698542E0,6.100092198E-2,9.678304953E-2,9.809332833E0
2.916661917E0,6.098074908E-2,9.672686144E-2,9.809333417E0
2.926623917E0,6.113802548E-2,9.656302976E-2,9.809334002E0
2.936585917E0,6.127793839E-2,9.639523295E-2,9.809335172E0
2.946547917E0,6.124044312E-2,9.638310911E-2,9.809335172E0
2.956509917E0,6.102562646E-2,9.640599548E-2,9.809336341E0
2.966471917E0,6.094911930E-2,9.641607279E-2,9.809336926E0
2.976433917E0,6.105791863E-2,9.647531239E-2,9.809335756E0
2.986395917E0,6.103451606E-2,9.649783331E-2,9.809335756E0
2.996357917E0,6.092530103E-2,9.650979269E-2,9.809336341E0
3.006319917E0,6.091992434E-2,9.660742292E-2,9.809335172E0
3.016281917E0,6.083492958E-2,9.661469540E-2,9.809335756E0
3.026243917E0,6.083144865E-2,9.659207398E-2,9.809335756E0
3.036206917E0,6.090031332E-2,9.659739129E-2,9.809335172E0
3.046168917E0,6.087795229E-2,9.657110623E-2,9.809335756E0
3.056130917E0,6.079541976E-2,9.653150048E-2,9.809336926E0
3.066092917E0,6.090814311E-2,9.652769979E-2,9.809335756E0
3.076054917E0,6.089504169E-2,9.643952561E-2,9.809336926E0
3.086016917E0,6.089140089E-2,9.648886149E-2,9.809336341E0
3.095978917E0,6.068990035E-2,9.646049336E-2,9.809338095E0
3.105940917E0,6.087519770E-2,9.652550709E-2,9.809336341E0
3.115902917E0,6.082126171E-2,9.645195094E-2,9.809337510E0
3.125864917E0,6.075734433E-2,9.636629837E-2,9.809338680E0
3.135826917E0,6.098370010E-2,9.633056640E-2,9.809337510E0
3.145789917E0,6.090751271E-2,9.620033794E-2,9.809339265E0
3.155751917E0,6.093530982E-2,9.624568127E-2,9.809338680E0
3.165713917E0,6.106945317E-2,9.631951150E-2,9.809336926E0
3.175675917E0,6.092601366E-2,9.618175476E-2,9.809339265E0
3.185637917E0,6.097888528E-2,9.635811226E-2,9.809337510E0
3.195599917E0,6.076114502E-2,9.657749249E-2,9.809336341E0
3.205561917E0,6.027406282E-2,9.659716289E-2,9.809339265E0
3.215523917E0,6.019163079E-2,9.668248655E-2,9.809338680E0
3.225485917E0,6.038810637E-2,9.674730842E-2,9.809336926E0
3.235447917E0,6.041746122E-2,9.684418034E-2,9.809335756E0
3.245409917E0,6.022853677E-2,9.668945753E-2,9.809338680E0
3.255371917E0,6.034193164E-2,9.661596534E-2,9.809338680E0
3.265334917E0,6.068903698E-2,9.657512619E-2,9.809336926E0
3.275296917E0,6.076941335E-2,9.638270712E-2,9.809338095E0
3.285258917E0,6.085925947E-2,9.625473532E-2,9.809339265E0
3.295220917E0,6.117245096E-2,9.611484982E-2,9.809338680E0
3.305182917E0,6.113210974E-2,9.598516040E-2,9.809339849E0
3.315144917E0,6.100987553E-2,9.601856262E-2,9.809340434E0
3.325106917E0,6.079818348E-2,9.626960917E-2,9.809339265E0
3.335068917E0,6.032838254E-2,9.636379503E-2,9.809341019E0
3.345030917E0,6.021936852E-2,9.655728305E-2,9.809339849E0
3.354992917E0,6.039261055E-2,9.663124119E-2,9.809338095E0
3.364954917E0,6.032404281E-2,9.653388505E-2,9.809339265E0
3.374916917E0,6.050911632E-2,9.643247240E-2,9.809339265E0
3.384879917E0,6.059685654E-2,9.631993177E-2,9.809339849E0
3.394841917E0,6.066762612E-2,9.620872504E-2,9.809340434E0
3.404803917E0,6.070218408E-2,9.625250607E-2,9.809339849E0
3.414765917E0,6.064214962E-2,9.637429261E-2,9.809339265E0
3.424727917E0,6.046123768E-2,9.643290181E-2,9.809339849E0
3.434689917E0,6.041281999E-2,9.646377328E-2,9.809339849E0
3.444651917E0,6.028858493E-2,9.655638769E-2,9.809339265E0
3.454613917E0,6.002511305E-2,9.661377263E-2,9.809340434E0
3.464575917E0,5.983844526E-2,9.658483805E-2,9.809342188E0
3.474537917E0,6.017160407E-2,9.652958186E-2,9.809340434E0
3.484499917E0,6.054100192E-2,9.636821698E-2,9.809339849E0
3.494462917E0,6.061204102E-2,9.613357005E-2,9.809341604E0
3.504424917E0,6.058607116E-2,9.599069699E-2,9.809343358E0
3.514386917E0,6.068111583E-2,9.600953599E-2,9.809342773E0
3.524348917E0,6.071080872E-2,9.610409643E-2,9.809341604E0
3.534310917E0,6.056066775E-2,9.623685563E-2,9.809341019E0
3.544272917E0,6.028857579E-2,9.624902515E-2,9.809342773E0
3.554234917E0,6.035774653E-2,9.643667509E-2,9.809340434E0
3.564196917E0,6.035870584E-2,9.662615228E-2,9.809338680E0
3.574158917E0,6.016494830E-2,9.672604831E-2,9.809338680E0
3.584120917E0,5.989081895E-2,9.672465046E-2,9.809340434E0
3.594082917E0,5.975288405E-2,9.679974150E-2,9.809340434E0
3.604044917E0,5.978534980E-2,9.691597318E-2,9.809339265E0
3.614007917E0,5.974709165E-2,9.689296804E-2,9.809339265E0
3.623969917E0,5.980766058E-2,9.684437220E-2,9.809339849E0
3.633931917E0,6.020946936E-2,9.678269321E-2,9.809337510E0
3.643893917E0,6.071085897E-2,9.651143722E-2,9.809337510E0
3.653855917E0,6.113400095E-2,9.622235636E-2,9.809337510E0
3.663817917E0,6.128952318E-2,9.601510911E-2,9.809338680E0
3.673779917E0,6.123557348E-2,9.597430651E-2,9.809339265E0
3.683741917E0,6.112810805E-2,9.616232190E-2,9.809338095E0
3.693703917E0,6.082235349E-2,9.638513736E-2,9.809338095E0
3.703665917E0,6.026416824E-2,9.658231644E-2,9.809339265E0
3.713627917E0,5.980644546E-2,9.663549869E-2,9.809341604E0
3.723589917E0,5.958902496E-2,9.683871685E-2,9.809341019E0
3.733552917E0,5.949878598E-2,9.695047176E-2,9.809340434E0
3.743514917E0,5.976800915E-2,9.686692053E-2,9.809339849E0
3.753476917E0,6.033014128E-2,9.649286318E-2,9.809339849E0
3.763438917E0,6.086188615E-2,9.615870394E-2,9.809339849E0
3.773400917E0,6.119528708E-2,9.592702629E-2,9.809339849E0
3.783362917E0,6.111516195E-2,9.585856819E-2,9.809341019E0
3.793324917E0,6.079606843E-2,9.600743464E-2,9.809341604E0
3.803286917E0,6.053446949E-2,9.626949954E-2,9.809341019E0
3.813248917E0,6.047459034E-2,9.637524278E-2,9.809340434E0
3.823210917E0,6.051049133E-2,9.632090935E-2,9.809340434E0
3.833172917E0,6.034789306E-2,9.621024166E-2,9.809342773E0
3.843135917E0,6.042858463E-2,9.628252787E-2,9.809341604E0
3.853097917E0,6.065143664E-2,9.623825348E-2,9.809340434E0
3.863059917E0,6.082737844E-2,9.609572760E-2,9.809341019E0
3.873021917E0,6.086172170E-2,9.593324809E-2,9.809342188E0
3.882983917E0,6.101284025E-2,9.596550828E-2,9.809341019E0
3.892945917E0,6.104591356E-2,9.603419479E-2,9.809339849E0
3.902907917E0,6.102305460E-2,9.615937089E-2,9.809338680E0
3.912869917E0,6.087661383E-2,9.627997885E-2,9.809338680E0
3.922831917E0,6.071662853E-2,9.644288776E-2,9.809338095E0
3.932793917E0,6.050395433E-2,9.650696958E-2,9.809338680E0
3.942755917E0,6.033043820E-2,9.665896978E-2,9.809338095E0
3.952717917E0,6.013333679E-2,9.675905767E-2,9.809338680E0
3.962680917E0,6.020179489E-2,9.666224057E-2,9.809339265E0
3.972642917E0,6.059185899E-2,9.648699769E-2,9.809338095E0
3.982604917E0,6.093464287E-2,9.630777139E-2,9.809338095E0
3.992566917E0,6.107712764E-2,9.621656396E-2,9.809338095E0
4.002528917E0,6.086846884E-2,9.634470935E-2,9.809338095E0
4.012490917E0,6.057219773E-2,9.653322724E-2,9.809338095E0
4.022452917E0,6.042895008E-2,9.669527734E-2,9.809337510E0
4.032414917E0,6.045389668E-2,9.678984691E-2,9.809336341E0
4.042376917E0,6.054310783E-2,9.663267558E-2,9.809337510E0
4.052338917E0,6.072915436E-2,9.660367705E-2,9.809336341E0
4.062300917E0,6.091730223E-2,9.652854033E-2,9.809335756E0
4.072263917E0,6.083683906E-2,9.657330807E-2,9.809335756E0
4.082225917E0,6.050569022E-2,9.674942804E-2,9.809336341E0
4.092187917E0,6.032813586E-2,9.696104242E-2,9.809335172E0
4.102149917E0,6.066820170E-2,9.690242409E-2,9.809334002E0
4.112111917E0,6.089968292E-2,9.656076397E-2,9.809335756E0
4.122073917E0,6.099242067E-2,9.635317868E-2,9.809336926E0
4.132035917E0,6.098151196E-2,9.635930912E-2,9.809336926E0
4.141997917E0,6.069430861E-2,9.655018416E-2,9.809336926E0
4.151959917E0,6.034245697E-2,9.672328915E-2,9.809337510E0
4.161921917E0,6.020057520E-2,9.688327446E-2,9.809336926E0
4.171883917E0,6.033320650E-2,9.675480017E-2,9.809337510E0
4.181845917E0,6.052222231E-2,9.663091228E-2,9.809337510E0
4.191808917E0,6.033597935E-2,9.679319993E-2,9.809336926E0
4.201770917E0,5.969269884E-2,9.715202711E-2,9.809337510E0
4.211732917E0,5.943644461E-2,9.745155073E-2,9.809335756E0
4.221694917E0,6.002156361E-2,9.725780689E-2,9.809334002E0
4.231656917E0,6.081004693E-2,9.658899506E-2,9.809335756E0
4.241618917E0,6.141177567E-2,9.599830750E-2,9.809338095E0
4.251580917E0,6.139729468E-2,9.583326984E-2,9.809339849E0
4.261542917E0,6.087690162E-2,9.614002026E-2,9.809339849E0
4.271504917E0,6.002214376E-2,9.672443119E-2,9.809339265E0
4.281466917E0,5.956803437E-2,9.712882097E-2,9.809338095E0
4.291428917E0,5.967497447E-2,9.704357039E-2,9.809338680E0
4.301391917E0,6.024922586E-2,9.678214503E-2,9.809337510E0
4.311353917E0,6.072228388E-2,9.642743832E-2,9.809338095E0
4.321315917E0,6.099196386E-2,9.628489416E-2,9.809338095E0
4.331277917E0,6.085022370E-2,9.639739824E-2,9.809337510E0
4.341239917E0,6.061106344E-2,9.649189473E-2,9.809338095E0
4.351201917E0,6.046131534E-2,9.651707430E-2,9.809338680E0
4.361163917E0,6.041810533E-2,9.653543822E-2,9.809338680E0
4.371125917E0,6.042164563E-2,9.646059386E-2,9.809339849E0
4.381087917E0,6.036045543E-2,9.645896760E-2,9.809339849E0
4.391049917E0,6.037792399E-2,9.643114764E-2,9.809340434E0
4.401011917E0,6.034463597E-2,9.643865766E-2,9.809340434E0
4.410974917E0,6.037386748E-2,9.645042518E-2,9.809339849E0
4.420936917E0,6.046023726E-2,9.633786628E-2,9.809340434E0
4.430898917E0,6.043197419E-2,9.625682753E-2,9.809341604E0
4.440860917E0,6.012353813E-2,9.630799980E-2,9.809342773E0
4.450822917E0,5.979081329E-2,9.644114273E-2,9.809343942E0
4.460784917E0,5.949685823E-2,9.668238605E-2,9.809343358E0
4.470746917E0,5.927208760E-2,9.671664708E-2,9.809343942E0
4.480708917E0,5.944685997E-2,9.664729362E-2,9.809343942E0
4.490670917E0,5.977648761E-2,9.632999995E-2,9.809345112E0
4.500632917E0,6.018054849E-2,9.614967730E-2,9.809343942E0
4.510594917E0,6.028924731E-2,9.610677335E-2,9.809343942E0
4.520557917E0,6.007010463E-2,9.625942223E-2,9.809343942E0
4.530519917E0,6.003088261E-2,9.631605799E-2,9.809343358E0
4.540481917E0,6.020525754E-2,9.622353494E-2,9.809343358E0
4.550443917E0,6.045489253E-2,9.607232960E-2,9.809343358E0
4.560405917E0,6.071557329E-2,9.596759135E-2,9.809342773E0
4.570367917E0,6.071840096E-2,9.589732426E-2,9.809343358E0
4.580329917E0,6.059127884E-2,9.598463050E-2,9.809343358E0
4.590291917E0,6.024606014E-2,9.624147858E-2,9.809342773E0
4.600253917E0,5.972806536E-2,9.639769061E-2,9.809344527E0
4.610215917E0,5.944740357E-2,9.657676158E-2,9.809344527E0
4.620177917E0,5.948041750E-2,9.656571583E-2,9.809344527E0
4.630139917E0,5.990295192E-2,9.636034152E-2,9.809343942E0
4.640102917E0,6.055589862E-2,9.590418560E-2,9.809344527E0
4.650064917E0,6.094122556E-2,9.551887237E-2,9.809345697E0
4.660026917E0,6.075736261E-2,9.544447568E-2,9.809347451E0
4.669988917E0,6.008650881E-2,9.584120926E-2,9.809348035E0
4.679950917E0,5.929929543E-2,9.631151726E-2,9.809348035E0
4.689912917E0,5.900088186E-2,9.652402701E-2,9.809347451E0
4.699874917E0,5.929112303E-2,9.631400233E-2,9.809348035E0
4.709836917E0,5.993924577E-2,9.589471129E-2,9.809348035E0
4.719798917E0,6.065504090E-2,9.560275250E-2,9.809346866E0
4.729760917E0,6.088706573E-2,9.540794886E-2,9.809346866E0
4.739722917E0,6.065213556E-2,9.538281497E-2,9.809348620E0
4.749685917E0,6.016369206E-2,9.562962228E-2,9.809349205E0
4.759647917E0,5.978772980E-2,9.581368167E-2,9.809349790E0
4.769609917E0,5.982013616E-2,9.576805511E-2,9.809350374E0
4.779571917E0,6.021555869E-2,9.556648149E-2,9.809349790E0
4.789533917E0,6.082740129E-2,9.523932978E-2,9.809349205E0
4.799495917E0,6.131370233E-2,9.494613759E-2,9.809348620E0
4.809457917E0,6.120777637E-2,9.485761623E-2,9.809350374E0
4.819419917E0,6.085855598E-2,9.508235031E-2,9.809350374E0
4.829381917E0,6.046712601E-2,9.532305459E-2,9.809350374E0
4.839343917E0,6.002946191E-2,9.545879222E-2,9.809352129E0
4.849305917E0,5.963201570E-2,9.557103136E-2,9.809353298E0
4.859268917E0,5.935640171E-2,9.577057673E-2,9.809352713E0
4.869230917E0,5.931979723E-2,9.600244624E-2,9.809350959E0
4.879192917E0,5.935089711E-2,9.597453492E-2,9.809350959E0
4.889154917E0,5.942903053E-2,9.580028789E-2,9.809352129E0
4.899116917E0,5.961792300E-2,9.569542173E-2,9.809352129E0
4.909078917E0,5.996692868E-2,9.552794469E-2,9.809351544E0
4.919040292E0,6.017302933E-2,9.537585313E-2,9.809351544E0
4.929002292E0,6.017194211E-2,9.532075225E-2,9.809352129E0
4.938964292E0,6.017396123E-2,9.523917446E-2,9.809353298E0
4.948926292E0,6.014305321E-2,9.531926304E-2,9.809352713E0
4.958888292E0,6.000856269E-2,9.537164130E-2,9.809352713E0
4.968851292E0,5.994627614E-2,9.533577229E-2,9.809353298E0
4.978813292E0,5.994026447E-2,9.522019842E-2,9.809354467E0
4.988775292E0,5.986284368E-2,9.522198913E-2,9.809355052E0
4.998737292E0,5.970864621E-2,9.539040721E-2,9.809354467E0
5.008699292E0,5.952068563E-2,9.552398868E-2,9.809354467E0
5.018661292E0,5.943798864E-2,9.561139542E-2,9.809353883E0
5.028623292E0,5.963418100E-2,9.560757645E-2,9.809352713E0
5.038585292E0,5.983902998E-2,9.534053229E-2,9.809354467E0
5.048547292E0,6.010386317E-2,9.500060806E-2,9.809355637E0
5.058509292E0,6.020983481E-2,9.484585784E-2,9.809356806E0
5.068471292E0,6.002590790E-2,9.497026649E-2,9.809356806E0
5.078434292E0,5.961083325E-2,9.508407706E-2,9.809357976E0
5.088396292E0,5.933299001E-2,9.525994121E-2,9.809357976E0
5.098358292E0,5.925931509E-2,9.522838452E-2,9.809358560E0
5.108320292E0,5.933187081E-2,9.521047742E-2,9.809358560E0
5.118282292E0,5.945021298E-2,9.504406932E-2,9.809359145E0
5.128244292E0,5.941791168E-2,9.488645031E-2,9.809360899E0
5.138206292E0,5.936671657E-2,9.483054545E-2,9.809362069E0
5.148168292E0,5.920617852E-2,9.490636739E-2,9.809362069E0
5.158130292E0,5.907262446E-2,9.494423725E-2,9.809362653E0
5.168092292E0,5.921603656E-2,9.492624792E-2,9.809362069E0
5.178054292E0,5.951249039E-2,9.484103389E-2,9.809360899E0
5.188017292E0,5.985637063E-2,9.467805189E-2,9.809360315E0
5.197979292E0,5.989015657E-2,9.457561598E-2,9.809361484E0
5.207941292E0,5.975430474E-2,9.460447747E-2,9.809362069E0
5.217903292E0,5.963339985E-2,9.478378600E-2,9.809360899E0
5.227865292E0,5.938806347E-2,9.490306006E-2,9.809360899E0
5.237827292E0,5.907831636E-2,9.497622334E-2,9.809362069E0
5.247789292E0,5.890489616E-2,9.496898741E-2,9.809363238E0
5.257751292E0,5.894052307E-2,9.495176554E-2,9.809363238E0
5.267713292E0,5.898362344E-2,9.490894382E-2,9.809363823E0
5.277675292E0,5.914176778E-2,9.488413883E-2,9.809362653E0
5.287637292E0,5.933612375E-2,9.473618601E-2,9.809363238E0
5.297600292E0,5.948150929E-2,9.458481621E-2,9.809363823E0
5.307562292E0,5.966060767E-2,9.449327988E-2,9.809363238E0
5.317524292E0,5.967994003E-2,9.444901463E-2,9.809363823E0
5.327486292E0,5.961290719E-2,9.444853954E-2,9.809364408E0
5.337448292E0,5.950956678E-2,9.436457718E-2,9.809365577E0
5.347410292E0,5.940395602E-2,9.447085032E-2,9.809364992E0
5.357372292E0,5.935598601E-2,9.453685991E-2,9.809364992E0
5.367334292E0,5.934457024E-2,9.461634549E-2,9.809364408E0
5.377296292E0,5.936837480E-2,9.467252444E-2,9.809363238E0
5.387258292E0,5.936131703E-2,9.467712913E-2,9.809363238E0
5.397220292E0,5.928507482E-2,9.462648676E-2,9.809364408E0
5.407183292E0,5.916522060E-2,9.457163257E-2,9.809365577E0
5.417145292E0,5.905409153E-2,9.446577055E-2,9.809367331E0
5.427107292E0,5.898381530E-2,9.442724288E-2,9.809367916E0
5.437069292E0,5.917347522E-2,9.433238095E-2,9.809367916E0
5.447031292E0,5.941897606E-2,9.426631655E-2,9.809367331E0
5.456993292E0,5.956525695E-2,9.419671641E-2,9.809366747E0
5.466955292E0,5.956973829E-2,9.424416108E-2,9.809366162E0
5.476917292E0,5.938632758E-2,9.444181524E-2,9.809365577E0
5.486879292E0,5.907227271E-2,9.468909765E-2,9.809364992E0
5.496841292E0,5.895045420E-2,9.478192220E-2,9.809364992E0
5.506804292E0,5.900028344E-2,9.482591336E-2,9.809364408E0
5.516766292E0,5.925409828E-2,9.471368336E-2,9.809363823E0
5.526728292E0,5.958556688E-2,9.453928102E-2,9.809363238E0
5.536690292E0,5.987510456E-2,9.435009618E-2,9.809363823E0
5.546652292E0,5.991382409E-2,9.427927178E-2,9.809363823E0
5.556614292E0,5.966093658E-2,9.434179131E-2,9.809364992E0
5.566576292E0,5.939830067E-2,9.448492019E-2,9.809364992E0
5.576538292E0,5.910271935E-2,9.469134517E-2,9.809364992E0
5.586500292E0,5.878041442E-2,9.487282813E-2,9.809364992E0
5.596462292E0,5.857052679E-2,9.501854257E-2,9.809364992E0
5.606424292E0,5.847231184E-2,9.507560774E-2,9.809364992E0
5.616386292E0,5.843724225E-2,9.503185412E-2,9.809365577E0
5.626349292E0,5.857129881E-2,9.490889814E-2,9.809366162E0
5.636311292E0,5.869007951E-2,9.483151389E-2,9.809366162E0
5.646273292E0,5.876771044E-2,9.480533847E-2,9.809365577E0
5.656235292E0,5.888569628E-2,9.464616629E-2,9.809366747E0
5.666197292E0,5.898915546E-2,9.454697376E-2,9.809366747E0
5.676159292E0,5.908386208E-2,9.456821560E-2,9.809366162E0
5.686121292E0,5.895427316E-2,9.461333966E-2,9.809366747E0
5.696083292E0,5.885026581E-2,9.454299035E-2,9.809367916E0
5.706045292E0,5.881805131E-2,9.450500172E-2,9.809368501E0
5.716007292E0,5.888111901E-2,9.448522168E-2,9.809368501E0
5.725970292E0,5.898188298E-2,9.439204082E-2,9.809368501E0
5.735932292E0,5.908276572E-2,9.433703131E-2,9.809368501E0
5.745894292E0,5.899168620E-2,9.432152705E-2,9.809369085E0
5.755856292E0,5.886126589E-2,9.444377040E-2,9.809368501E0
5.765818292E0,5.868420945E-2,9.449336210E-2,9.809369085E0
5.775780292E0,5.859968064E-2,9.452753177E-2,9.809369670E0
5.785742292E0,5.851131003E-2,9.456153698E-2,9.809369670E0
5.795704292E0,5.838493251E-2,9.454235081E-2,9.809370840E0
5.805666292E0,5.832698112E-2,9.460347248E-2,9.809370255E0
5.815628292E0,5.822133381E-2,9.468432851E-2,9.809370255E0
5.825590292E0,5.818142200E-2,9.475053909E-2,9.809369670E0
5.835553292E0,5.835936922E-2,9.468385343E-2,9.809369670E0
5.845515292E0,5.885182355E-2,9.442103022E-2,9.809369085E0
5.855477292E0,5.940413418E-2,9.420852961E-2,9.809367916E0
5.865439292E0,5.970309592E-2,9.390468453E-2,9.809369085E0
5.875401292E0,5.969636705E-2,9.383288255E-2,9.809369670E0
5.885363292E0,5.948013428E-2,9.391184737E-2,9.809370255E0
5.895325292E0,5.906495912E-2,9.403910654E-2,9.809371424E0
5.905287292E0,5.866537959E-2,9.420571564E-2,9.809372009E0
5.915249417E0,5.839698783E-2,9.435807215E-2,9.809372594E0
5.925211417E0,5.821226149E-2,9.433056283E-2,9.809373763E0
5.935173417E0,5.816685878E-2,9.433942501E-2,9.809373763E0
5.945136417E0,5.824459020E-2,9.426744031E-2,9.809374348E0
5.955098417E0,5.837919950E-2,9.420884938E-2,9.809373763E0
5.965060417E0,5.838090342E-2,9.420912347E-2,9.809373763E0
5.975022417E0,5.825051964E-2,9.413230567E-2,9.809375517E0
5.984984417E0,5.833246746E-2,9.410333455E-2,9.809374933E0
5.994946417E0,5.834471006E-2,9.399935461E-2,9.809376102E0
6.004908417E0,5.858483877E-2,9.402391291E-2,9.809374348E0
6.014870417E0,5.860095059E-2,9.399677818E-2,9.809374348E0
6.024832417E0,5.852546669E-2,9.392219877E-2,9.809375517E0
6.034794417E0,5.832977682E-2,9.401276666E-2,9.809376102E0
6.044757417E0,5.813748109E-2,9.406623214E-2,9.809376687E0
6.054719417E0,5.818796357E-2,9.403587230E-2,9.809376687E0
6.064681417E0,5.845665227E-2,9.395462341E-2,9.809376102E0
6.074643417E0,5.861672436E-2,9.384136101E-2,9.809376102E0
6.084605417E0,5.869940765E-2,9.379408079E-2,9.809376102E0
6.094567417E0,5.864686036E-2,9.385391425E-2,9.809375517E0
6.104529417E0,5.837122810E-2,9.392758917E-2,9.809376687E0
6.114491417E0,5.830918366E-2,9.404721955E-2,9.809376102E0
6.124453417E0,5.837204580E-2,9.395616744E-2,9.809376102E0
6.134415417E0,5.828706474E-2,9.372001301E-2,9.809379026E0
6.144377417E0,5.819813224E-2,9.384851472E-2,9.809378441E0
6.154340417E0,5.795137974E-2,9.401764543E-2,9.809378441E0
6.164302417E0,5.765942096E-2,9.412445761E-2,9.809379026E0
6.174264417E0,5.758615260E-2,9.419076869E-2,9.809379026E0
6.184226417E0,5.782037014E-2,9.408115167E-2,9.809378441E0
6.194188417E0,5.797782469E-2,9.398875653E-2,9.809378441E0
6.204150417E0,5.814306792E-2,9.402904750E-2,9.809377272E0
6.214112417E0,5.812572727E-2,9.400763207E-2,9.809377272E0
6.224074417E0,5.811481399E-2,9.390960898E-2,9.809378441E0
6.234036417E0,5.822645470E-2,9.387968768E-2,9.809377856E0
6.243998417E0,5.831211640E-2,9.378190214E-2,9.809378441E0
6.253961417E0,5.829110297E-2,9.376552993E-2,9.809378441E0
6.263923417E0,5.804885466E-2,9.366652013E-2,9.809380780E0
6.273885417E0,5.799607440E-2,9.380348202E-2,9.809380195E0
6.283847417E0,5.796503391E-2,9.399434793E-2,9.809378441E0
6.293809417E0,5.795139802E-2,9.399550823E-2,9.809378441E0
6.303771417E0,5.813062888E-2,9.390963639E-2,9.809378441E0
6.313733417E0,5.823999465E-2,9.386972001E-2,9.809377856E0
6.323695417E0,5.824020022E-2,9.378199350E-2,9.809379026E0
6.333657417E0,5.817381605E-2,9.370765164E-2,9.809380195E0
6.343619417E0,5.799915332E-2,9.369417563E-2,9.809381365E0
6.353581417E0,5.790877730E-2,9.368214316E-2,9.809381949E0
6.363544417E0,5.783719459E-2,9.369232097E-2,9.809381949E0
6.373506417E0,5.772559043E-2,9.378212141E-2,9.809381949E0
6.383468417E0,5.773244263E-2,9.392998287E-2,9.809380195E0
6.393430417E0,5.777109364E-2,9.402304497E-2,9.809379026E0
6.403392417E0,5.787044149E-2,9.404841640E-2,9.809378441E0
6.413354417E0,5.793529533E-2,9.397236605E-2,9.809379026E0
6.423316417E0,5.802844879E-2,9.374709293E-2,9.809380195E0
6.433278417E0,5.811019104E-2,9.366091959E-2,9.809380780E0
6.443240417E0,5.824260306E-2,9.358886180E-2,9.809380780E0
6.453202417E0,5.830906032E-2,9.352196599E-2,9.809380780E0
6.463165417E0,5.815164231E-2,9.349682297E-2,9.809381949E0
6.473127417E0,5.821998621E-2,9.352271517E-2,9.809381365E0
6.483089417E0,5.822836875E-2,9.352052246E-2,9.809381365E0
6.493051417E0,5.813264343E-2,9.354010150E-2,9.809381949E0
6.503013417E0,5.804411750E-2,9.356041144E-2,9.809381949E0
6.512975417E0,5.815133625E-2,9.365499015E-2,9.809380780E0
6.522937417E0,5.817672595E-2,9.371231114E-2,9.809379610E0
6.532899417E0,5.823622594E-2,9.379764394E-2,9.809378441E0
6.542861417E0,5.824811223E-2,9.376585884E-2,9.809379026E0
6.552823417E0,5.821084537E-2,9.382226620E-2,9.809378441E0
6.562786417E0,5.833770254E-2,9.383513921E-2,9.809377856E0
6.572748417E0,5.835211045E-2,9.374672748E-2,9.809378441E0
6.582710417E0,5.830604992E-2,9.358072137E-2,9.809380195E0
6.592672417E0,5.830704577E-2,9.366432742E-2,9.809379610E0
6.602634417E0,5.830634685E-2,9.368797210E-2,9.809379610E0
6.612596417E0,5.811720769E-2,9.358845980E-2,9.809381365E0
6.622558417E0,5.799971064E-2,9.353052668E-2,9.809382534E0
6.632520417E0,5.776628796E-2,9.358664168E-2,9.809383703E0
6.642482417E0,5.754878981E-2,9.363018516E-2,9.809384288E0
6.652444417E0,5.773384048E-2,9.368441809E-2,9.809382534E0
6.662406417E0,5.811668236E-2,9.349731633E-2,9.809382534E0
6.672369417E0,5.842612797E-2,9.312530550E-2,9.809383703E0
6.682331417E0,5.852496876E-2,9.295546216E-2,9.809384873E0
6.692293417E0,5.849267660E-2,9.310328708E-2,9.809383703E0
6.702255417E0,5.832272362E-2,9.316683901E-2,9.809384288E0
6.712217417E0,5.817403532E-2,9.322754955E-2,9.809384288E0
6.722179417E0,5.798282680E-2,9.315691701E-2,9.809386042E0
6.732141417E0,5.785956932E-2,9.320271716E-2,9.809386627E0
6.742103417E0,5.794473310E-2,9.325417265E-2,9.809385458E0
6.752065417E0,5.793480197E-2,9.325817434E-2,9.809385458E0
6.762027417E0,5.806958486E-2,9.327341365E-2,9.809384873E0
6.771990417E0,5.793043484E-2,9.313725575E-2,9.809386627E0
6.781952417E0,5.801834407E-2,9.300922000E-2,9.809387212E0
6.791914417E0,5.820220246E-2,9.294156589E-2,9.809387212E0
6.801876417E0,5.828307676E-2,9.290594355E-2,9.809386627E0
6.811838417E0,5.838665927E-2,9.282915317E-2,9.809387212E0
6.821800417E0,5.856543789E-2,9.269370790E-2,9.809387212E0
6.831762417E0,5.886581575E-2,9.269512402E-2,9.809385458E0
6.841724417E0,5.889375905E-2,9.276399326E-2,9.809384873E0
6.851686417E0,5.866494562E-2,9.277348584E-2,9.809386042E0
6.861648417E0,5.845867595E-2,9.291731821E-2,9.809386042E0
6.871611417E0,5.821253558E-2,9.295271214E-2,9.809386627E0
6.881573417E0,5.826552141E-2,9.300968595E-2,9.809386042E0
6.891535417E0,5.811630777E-2,9.295642147E-2,9.809387212E0
6.901497417E0,5.789753968E-2,9.284620145E-2,9.809389551E0
6.911459417E0,5.827914816E-2,9.307620716E-2,9.809385458E0
6.921421167E0,5.804616402E-2,9.293595621E-2,9.809387797E0
6.931383167E0,5.800786476E-2,9.299439183E-2,9.809387797E0
6.941345167E0,5.805448717E-2,9.300582130E-2,9.809387212E0
6.951307167E0,5.827040474E-2,9.291500674E-2,9.809386627E0
6.961269167E0,5.827745795E-2,9.282263900E-2,9.809387797E0
6.971232167E0,5.834425325E-2,9.288100152E-2,9.809386627E0
6.981194167E0,5.830915625E-2,9.291841457E-2,9.809386627E0
6.991156167E0,5.817487586E-2,9.299684948E-2,9.809386627E0
7.001118167E0,5.825370820E-2,9.311582205E-2,9.809384873E0
7.011080167E0,5.808022405E-2,9.305012310E-2,9.809386627E0
7.021042167E0,5.795855629E-2,9.305142959E-2,9.809387212E0
7.031004167E0,5.796211030E-2,9.305650022E-2,9.809387212E0
7.040966167E0,5.789636110E-2,9.303259972E-2,9.809387797E0
7.050928167E0,5.792432724E-2,9.306280425E-2,9.809387797E0
7.060890167E0,5.775689130E-2,9.306311488E-2,9.809388381E0
7.070853167E0,5.770828632E-2,9.301379727E-2,9.809389551E0
7.080815167E0,5.769132026E-2,9.305442628E-2,9.809388966E0
7.090777167E0,5.757787057E-2,9.308448463E-2,9.809389551E0
7.100739167E0,5.762549340E-2,9.311577637E-2,9.809388966E0
7.110701167E0,5.778778105E-2,9.310590005E-2,9.809387797E0
7.120663167E0,5.802901067E-2,9.305598859E-2,9.809387212E0
7.130625167E0,5.819210230E-2,9.300674407E-2,9.809386627E0
7.140587167E0,5.813823940E-2,9.294341141E-2,9.809387212E0
7.150549167E0,5.814673613E-2,9.298746653E-2,9.809387212E0
7.160511167E0,5.804911047E-2,9.300590353E-2,9.809387212E0
7.170473167E0,5.787218195E-2,9.303973516E-2,9.809387797E0
7.180436167E0,5.767102403E-2,9.310469407E-2,9.809388381E0
7.190398167E0,5.754816854E-2,9.315934726E-2,9.809388966E0
7.200360167E0,5.761043682E-2,9.311821575E-2,9.809388966E0
7.210322167E0,5.772648578E-2,9.314080062E-2,9.809387797E0
7.220284167E0,5.782933739E-2,9.317748277E-2,9.809387212E0
7.230246167E0,5.793882650E-2,9.323597319E-2,9.809386042E0
7.240208167E0,5.800126837E-2,9.327837464E-2,9.809384873E0
7.250170167E0,5.791560666E-2,9.327279238E-2,9.809385458E0
7.260132167E0,5.789672198E-2,9.324253304E-2,9.809386042E0
7.270094167E0,5.778705928E-2,9.329226178E-2,9.809386042E0
7.280057167E0,5.762932150E-2,9.328582071E-2,9.809387212E0
7.290019167E0,5.770561853E-2,9.327593526E-2,9.809386627E0
7.299981167E0,5.754372375E-2,9.326331806E-2,9.809387797E0
7.309943167E0,5.745573229E-2,9.319873374E-2,9.809388966E0
7.319905167E0,5.754399327E-2,9.331474615E-2,9.809387212E0
7.329867167E0,5.754806804E-2,9.334595567E-2,9.809387212E0
7.339829167E0,5.747862779E-2,9.328457817E-2,9.809387797E0
7.349791167E0,5.775657153E-2,9.326501741E-2,9.809386627E0
7.359753167E0,5.782352672E-2,9.320406932E-2,9.809386627E0
7.369715167E0,5.773441607E-2,9.325611868E-2,9.809386627E0
7.379678167E0,5.768777995E-2,9.346927710E-2,9.809384873E0
7.389640167E0,5.750859477E-2,9.346913092E-2,9.809386042E0
7.399602167E0,5.769464586E-2,9.355115639E-2,9.809384288E0
7.409564167E0,5.780065862E-2,9.351307640E-2,9.809384288E0
7.419526167E0,5.770747319E-2,9.346385015E-2,9.809384873E0
7.429488167E0,5.776458404E-2,9.346155695E-2,9.809384873E0
7.439450167E0,5.784026894E-2,9.368769801E-2,9.809381949E0
7.449412167E0,5.732974306E-2,9.372330207E-2,9.809384873E0
7.459374167E0,5.774525626E-2,9.420906865E-2,9.809377856E0
7.469336167E0,5.720654497E-2,9.413553991E-2,9.809381365E0
7.479299167E0,5.723763114E-2,9.428658994E-2,9.809379610E0
7.489261167E0,5.772652233E-2,9.449147089E-2,9.809374933E0
7.499223167E0,5.739874021E-2,9.431489412E-2,9.809378441E0
7.509185167E0,5.758832247E-2,9.443859014E-2,9.809376102E0
7.519147167E0,5.782380994E-2,9.450459058E-2,9.809374348E0
7.529109167E0,5.763440127E-2,9.439416043E-2,9.809376687E0
7.539071167E0,5.763565751E-2,9.446979965E-2,9.809375517E0
7.549033167E0,5.751378417E-2,9.449652325E-2,9.809376102E0
7.558995167E0,5.746114553E-2,9.455677698E-2,9.809376102E0
7.568957167E0,5.746072069E-2,9.449189116E-2,9.809376687E0
7.578920167E0,5.739727383E-2,9.440889725E-2,9.809377856E0
7.588882167E0,5.755198751E-2,9.430245051E-2,9.809377856E0
7.598844167E0,5.761050534E-2,9.416573530E-2,9.809379026E0
7.608806167E0,5.758778343E-2,9.410262192E-2,9.809379610E0
7.618768167E0,5.758977057E-2,9.398128306E-2,9.809380780E0
7.628730167E0,5.755828697E-2,9.385751395E-2,9.809381949E0
7.638692167E0,5.758179917E-2,9.380341806E-2,9.809382534E0
7.648654167E0,5.759868301E-2,9.381253607E-2,9.809382534E0
7.658616167E0,5.749095262E-2,9.381897714E-2,9.809383119E0
7.668578167E0,5.755894478E-2,9.385395993E-2,9.809381949E0
7.678541167E0,5.760747667E-2,9.395273220E-2,9.809380780E0
7.688503167E0,5.755031100E-2,9.411628978E-2,9.809379610E0
7.698465167E0,5.744006814E-2,9.416877768E-2,9.809379610E0
7.708427167E0,5.743596596E-2,9.412890698E-2,9.809380195E0
7.718389167E0,5.742837371E-2,9.405302108E-2,9.809380780E0
7.728351167E0,5.749119017E-2,9.399662286E-2,9.809381365E0
7.738313167E0,5.750064164E-2,9.391852599E-2,9.809381949E0
7.748275167E0,5.736743476E-2,9.387173912E-2,9.809383119E0
7.758237167E0,5.747577727E-2,9.396583362E-2,9.809381365E0
7.768199167E0,5.758850520E-2,9.393791316E-2,9.809381365E0
7.778162167E0,5.766693554E-2,9.378063220E-2,9.809381949E0
7.788124167E0,5.769424387E-2,9.362712451E-2,9.809383703E0
7.798086167E0,5.772009496E-2,9.356775700E-2,9.809383703E0
7.808048167E0,5.748000737E-2,9.346487341E-2,9.809386627E0
7.818010167E0,5.730107343E-2,9.344035165E-2,9.809387797E0
7.827972167E0,5.727858906E-2,9.356380099E-2,9.809386627E0
7.837934167E0,5.712169639E-2,9.355949781E-2,9.809387797E0
7.847896167E0,5.703188224E-2,9.358610264E-2,9.809387797E0
7.857858167E0,5.708212718E-2,9.365668950E-2,9.809386627E0
7.867821167E0,5.704888028E-2,9.361175730E-2,9.809387212E0
7.877783167E0,5.697476682E-2,9.353354165E-2,9.809388381E0
7.887745167E0,5.707585056E-2,9.345047465E-2,9.809388966E0
7.897707167E0,5.715719995E-2,9.338846675E-2,9.809388966E0
7.907669167E0,5.727486146E-2,9.322557611E-2,9.809389551E0
7.917631292E0,5.734601934E-2,9.324943093E-2,9.809388966E0
7.927593292E0,5.737215822E-2,9.324218586E-2,9.809388966E0
7.937555292E0,5.723359291E-2,9.321067485E-2,9.809390135E0
7.947517292E0,5.727718664E-2,9.339417692E-2,9.809388381E0
7.957479292E0,5.684207157E-2,9.332824043E-2,9.809391305E0
7.967442292E0,5.717003642E-2,9.372869248E-2,9.809385458E0
7.977404292E0,6.142404112E-2,9.796140966E-2,9.809318799E0
7.987366292E0,5.734416924E-2,1.041084139E-1,9.809280208E0
7.997328292E0,3.753839359E-2,1.104384451E-1,9.809306520E0
8.007290292E0,1.287715058E-2,1.260469386E-1,9.809181975E0
8.017252292E0,-5.718109245E-3,1.448058114E-1,9.808929375E0
8.027214292E0,-2.592052426E-3,1.546214866E-1,9.808780856E0
8.037176292E0,1.657993987E-2,1.434356809E-1,9.808937561E0
8.047138292E0,4.563324239E-2,1.181888564E-1,9.809181975E0
8.057100292E0,6.394567114E-2,9.460614941E-2,9.809335172E0
8.067063292E0,6.403286318E-2,8.335399602E-2,9.809436913E0
8.077025292E0,5.609017446E-2,7.843425840E-2,9.809525791E0
8.086987292E0,3.113308176E-2,6.825840839E-2,9.809712902E0
8.096949292E0,-1.231767255E-2,4.760096293E-2,9.809876624E0
8.106911292E0,-9.144942954E-2,1.140387722E-2,9.809567306E0
8.116873292E0,-1.937321782E-1,-3.989227247E-2,9.808005515E0
8.126835292E0,-2.802265859E-1,-9.451807573E-2,9.805541498E0
8.136797292E0,-3.137661235E-1,-1.391011856E-1,9.803994325E0
8.146759292E0,-2.868475343E-1,-1.682299126E-1,9.804362115E0
8.156722292E0,-2.185177031E-1,-1.784741979E-1,9.805942032E0
8.166684292E0,-1.368825784E-1,-1.743473245E-1,9.807495638E0
8.176646292E0,-8.912458573E-2,-1.708749554E-1,9.808106672E0
8.186608292E0,-1.164126093E-1,-1.737272272E-1,9.807770457E0
8.196570292E0,-2.013000833E-1,-1.715343021E-1,9.806434368E0
8.206532292E0,-2.854844387E-1,-1.577153946E-1,9.804576707E0
8.216494292E0,-3.607549698E-1,-1.431688468E-1,9.802319098E0
8.226456292E0,-4.383014381E-1,-1.379686256E-1,9.799232352E0
8.236418292E0,-5.229304926E-1,-1.419727075E-1,9.795023527E0
8.246380292E0,-6.739494183E-1,-1.644805866E-1,9.785439940E0
8.256343292E0,-9.243659303E-1,-2.070149509E-1,9.764158414E0
8.266305292E0,-1.182773028E0,-2.216339402E-1,9.735914024E0
8.276267292E0,-1.429538392E0,-2.109620590E-1,9.702990106E0
8.286229292E0,-1.630174488E0,-2.037203007E-1,9.671459581E0
8.296191292E0,-1.803282184E0,-2.169950151E-1,9.640393324E0
8.306153292E0,-1.984142265E0,-2.332552447E-1,9.604419499E0
8.316115292E0,-2.154578369E0,-2.382650112E-1,9.567503688E0
8.326077292E0,-2.308288805E0,-2.343491857E-1,9.531683060E0
8.336039292E0,-2.455236789E0,-2.140707312E-1,9.495371851E0
8.346001292E0,-2.580024557E0,-1.636029013E-1,9.463234384E0
8.355964292E0,-2.692083814E0,-8.560545727E-2,9.432998432E0
8.365926292E0,-2.802414342E0,1.281652912E-2,9.401191918E0
8.375888292E0,-2.899709086E0,1.276198031E-1,9.370779380E0
8.385850292E0,-2.983821868E0,2.605289426E-1,9.341575461E0
8.395812292E0,-3.068471425E0,4.087709160E-1,9.308785445E0
8.405774292E0,-3.136160547E0,5.741515901E-1,9.277443200E0
8.415736292E0,-3.160067473E0,7.654940113E-1,9.255489829E0
8.425698292E0,-3.121987189E0,9.726478518E-1,9.248959658E0
8.435660292E0,-3.027031038E0,1.195069357E0,9.254457795E0
8.445623292E0,-2.883426345E0,1.435675191E0,9.266109542E0
8.455585292E0,-2.704021782E0,1.699475542E0,9.275567413E0
8.465547292E0,-2.520701923E0,1.984358759E0,9.270624762E0
8.475509292E0,-2.379652464E0,2.270505120E0,9.242194430E0
8.485471292E0,-2.297504931E0,2.538807242E0,9.193042735E0
8.495433292E0,-2.255054730E0,2.780411561E0,9.133462531E0
8.505395292E0,-2.238582393E0,2.995529456E0,9.069269459E0
8.515357292E0,-2.235663024E0,3.189887396E0,9.003473080E0
8.525319292E0,-2.216712929E0,3.369501289E0,8.942524627E0
8.535281292E0,-2.176115126E0,3.552353078E0,8.881520627E0
8.545244292E0,-2.111987250E0,3.743578957E0,8.818232703E0
8.555206292E0,-2.013717336E0,3.941918266E0,8.754560033E0
8.565168292E0,-1.877913414E0,4.148790709E0,8.688905157E0
8.575130292E0,-1.712390287E0,4.361239350E0,8.618782423E0
8.585092292E0,-1.520287618E0,4.575086352E0,8.543618220E0
8.595054292E0,-1.301202534E0,4.787520959E0,8.463014352E0
8.605016292E0,-1.060641065E0,4.997924536E0,8.374478737E0
8.614978292E0,-8.132759227E-1,5.203886860E0,8.276125061E0
8.624940292E0,-5.829210979E-1,5.397725567E0,8.170731922E0
8.634902292E0,-3.815216120E-1,5.570490324E0,8.065988994E0
8.644865292E0,-2.046434481E-1,5.722022088E0,7.965719186E0
8.654827292E0,-3.721686068E-2,5.857118497E0,7.869490389E0
8.664789292E0,1.272351933E-1,5.976218094E0,7.778478477E0
8.674751292E0,2.849339782E-1,6.082649113E0,7.691312864E0
8.684713292E0,4.445151645E-1,6.179201846E0,7.606311305E0
8.694675292E0,6.202388687E-1,6.267465566E0,7.521321441E0
8.704637292E0,8.154668744E-1,6.350726409E0,7.432320971E0
8.714599292E0,1.033685767E0,6.438769689E0,7.328699539E0
8.724561292E0,1.289249948E0,6.539594398E0,7.197752314E0
8.734524292E0,1.569501293E0,6.653374198E0,7.036006050E0
8.744486292E0,1.849198030E0,6.779068285E0,6.845494993E0
8.754448292E0,2.112103464E0,6.912477772E0,6.632705460E0
8.764410292E0,2.345710254E0,7.048474068E0,6.407243841E0
8.774372292E0,2.532207782E0,7.185723422E0,6.179757916E0
8.784334292E0,2.657109278E0,7.324332839E0,5.960705431E0
8.794296292E0,2.720539289E0,7.466339487E0,5.752263302E0
8.804258292E0,2.727230843E0,7.609204507E0,5.558626324E0
8.814220292E0,2.708151378E0,7.750311270E0,5.369795172E0
8.824183292E0,2.670500864E0,7.889077976E0,5.183336236E0
8.834145292E0,2.613978462E0,8.019890131E0,5.008450693E0
8.844107292E0,2.544872559E0,8.137740178E0,4.851485698E0
8.854069292E0,2.477915215E0,8.242165602E0,4.707733947E0
8.864031292E0,2.420570840E0,8.335919858E0,4.570489856E0
8.873993292E0,2.370234354E0,8.417872093E0,4.444942534E0
8.883955292E0,2.324903960E0,8.488335720E0,4.333483202E0
8.893917292E0,2.287424770E0,8.549770660E0,4.231454259E0
8.903879292E0,2.259740981E0,8.604805824E0,4.133640281E0
8.913841292E0,2.244569795E0,8.657806740E0,4.029936111E0
8.923804167E0,2.242954356E0,8.707570639E0,3.922176897E0
8.933766167E0,2.253553165E0,8.753752533E0,3.811748136E0
8.943728167E0,2.282215632E0,8.796897383E0,3.693531176E0
8.953690167E0,2.329375034E0,8.838100373E0,3.563439399E0
8.963652167E0,2.383591441E0,8.880037188E0,3.420456558E0
8.973614167E0,2.438289366E0,8.923110117E0,3.266337694E0
8.983576167E0,2.489593274E0,8.966621588E0,3.104468638E0
8.993538167E0,2.530284633E0,9.010972719E0,2.938731065E0
9.003500167E0,2.557574758E0,9.054339178E0,2.777384166E0
9.013463167E0,2.578086498E0,9.094898974E0,2.621522832E0
9.023425167E0,2.597023290E0,9.132363254E0,2.468102418E0
9.033387167E0,2.612252656E0,9.167066479E0,2.318864079E0
9.043349167E0,2.623507961E0,9.199050164E0,2.175033537E0
9.053311167E0,2.630306811E0,9.228743495E0,2.036632867E0
9.063273167E0,2.632657977E0,9.255476965E0,1.908230496E0
9.073235167E0,2.630725472E0,9.279414881E0,1.791044547E0
9.083197167E0,2.623504453E0,9.301493382E0,1.683908207E0
9.093159167E0,2.610107020E0,9.322205390E0,1.587422571E0
9.103122167E0,2.586857614E0,9.341928048E0,1.507536302E0
9.113084167E0,2.549172309E0,9.360736787E0,1.454104153E0
9.123046167E0,2.494296775E0,9.379239716E0,1.429833384E0
9.133008167E0,2.422512262E0,9.397387719E0,1.434103606E0
9.142970167E0,2.334463719E0,9.414734069E0,1.466005722E0
9.152932167E0,2.232159957E0,9.430457232E0,1.523168833E0
9.162894167E0,2.118318323E0,9.442451041E0,1.609014730E0
9.172856167E0,1.990619226E0,9.448195930E0,1.733533672E0
9.182818167E0,1.846951237E0,9.444537912E0,1.904090082E0
9.192781167E0,1.689432364E0,9.428241722E0,2.119002009E0
9.202743167E0,1.518429957E0,9.396488417E0,2.374127137E0
9.212705167E0,1.337223283E0,9.345747449E0,2.665512897E0
9.222667167E0,1.150013418E0,9.275255172E0,2.980470244E0
9.232629167E0,9.559177253E-1,9.186086302E0,3.307286330E0
9.242591167E0,7.602151450E-1,9.072267326E0,3.654059255E0
9.252553167E0,5.617608650E-1,8.930916735E0,4.019857850E0
9.262515167E0,3.564816053E-1,8.767061380E0,4.387213559E0
9.272477167E0,1.425425095E-1,8.586622737E0,4.741907122E0
9.282440167E0,-8.260328662E-2,8.394677943E0,5.075300156E0
9.292402167E0,-3.169660123E-1,8.193733115E0,5.385014305E0
9.302364167E0,-5.541378500E-1,7.988981164E0,5.666146095E0
9.312326167E0,-7.861789752E-1,7.783345699E0,5.919253349E0
9.322288167E0,-1.020403524E0,7.567729622E0,6.158274661E0
9.332250167E0,-1.255882812E0,7.331809089E0,6.395579231E0
9.342212167E0,-1.477242609E0,7.069255657E0,6.639237970E0
9.352174167E0,-1.682592145E0,6.778566009E0,6.888833971E0
9.362136167E0,-1.881654755E0,6.465199104E0,7.134190741E0
9.372099167E0,-2.080260258E0,6.137645684E0,7.364639450E0
9.382061167E0,-2.283024594E0,5.802618354E0,7.573210802E0
9.392023167E0,-2.491600331E0,5.462392849E0,7.758240094E0
9.401985167E0,-2.696955130E0,5.111001500E0,7.927181357E0
9.411947167E0,-2.889607144E0,4.745908664E0,8.084715287E0
9.421909167E0,-3.065629970E0,4.377770306E0,8.226368179E0
9.431871167E0,-3.217531277E0,4.020447249E0,8.349826291E0
9.441833167E0,-3.341918219E0,3.682201904E0,8.456304088E0
9.451795167E0,-3.446156240E0,3.368861311E0,8.544640313E0
9.461758167E0,-3.540191454E0,3.077882518E0,8.615671120E0
9.471720167E0,-3.629925165E0,2.802598529E0,8.672092658E0
9.481682167E0,-3.713189808E0,2.542963150E0,8.716746089E0
9.491644167E0,-3.799703164E0,2.296050144E0,8.747943324E0
9.501606167E0,-3.902456577E0,2.047945621E0,8.764294478E0
9.511568167E0,-4.021727497E0,1.788614005E0,8.767135640E0
9.521530167E0,-4.152323597E0,1.514956273E0,8.757808746E0
9.531492167E0,-4.290985638E0,1.230030225E0,8.735592250E0
9.541454167E0,-4.429947642E0,9.457872780E-1,8.701560286E0
9.551417167E0,-4.568095713E0,6.719440426E-1,8.655466100E0
9.561379167E0,-4.708409008E0,4.058536670E-1,8.596643111E0
9.571341167E0,-4.845915932E0,1.414643378E-1,8.528375114E0
9.581303167E0,-4.962670503E0,-1.265118562E-1,8.461205224E0
9.591265167E0,-5.046914263E0,-4.004167066E-1,8.402644190E0
9.601227167E0,-5.091753636E0,-6.719894316E-1,8.358144540E0
9.611189167E0,-5.095232145E0,-9.280229252E-1,8.331475389E0
9.621151167E0,-5.077120979E0,-1.160582918E0,8.313362469E0
9.631113167E0,-5.061768529E0,-1.367880234E0,8.291170532E0
9.641076167E0,-5.056133568E0,-1.549122285E0,8.262677634E0
9.651038167E0,-5.063315703E0,-1.704560719E0,8.227600188E0
9.661000167E0,-5.095611044E0,-1.837918459E0,8.178808097E0
9.670962167E0,-5.117897122E0,-1.967441010E0,8.134642323E0
9.680924167E0,-5.098924077E0,-2.097940338E0,8.113920960E0
9.690886167E0,-5.021159617E0,-2.226605541E0,8.128116830E0
9.700848167E0,-4.888892967E0,-2.360980258E0,8.170716135E0
9.710810167E0,-4.725893645E0,-2.507053645E0,8.222938203E0
9.720772167E0,-4.549224994E0,-2.661274543E0,8.273951651E0
9.730735167E0,-4.358057880E0,-2.809093031E0,8.327810354E0
9.740697167E0,-4.146696237E0,-2.940332032E0,8.390200145E0
9.750659167E0,-3.904867384E0,-3.050126955E0,8.466689912E0
9.760621167E0,-3.620543307E0,-3.127723892E0,8.564175861E0
9.770583167E0,-3.297841322E0,-3.161483084E0,8.681323072E0
9.780545167E0,-2.948243315E0,-3.149520558E0,8.810475787E0
9.790507167E0,-2.578151402E0,-3.098460624E0,8.943644369E0
9.800469167E0,-2.186181254E0,-3.021868531E0,9.073313978E0
9.810432167E0,-1.776183556E0,-2.932879756E0,9.191272198E0
9.820394167E0,-1.355452416E0,-2.839504985E0,9.291719761E0
9.830356167E0,-9.336125710E-1,-2.747178619E0,9.371098053E0
9.840318167E0,-5.201480585E-1,-2.664050508E0,9.427002697E0
9.850280167E0,-1.161814524E-1,-2.595616743E0,9.459671091E0
9.860242167E0,2.817355330E-1,-2.540788571E0,9.471067314E0
9.870204167E0,6.801318987E-1,-2.490455154E0,9.464203852E0
9.880166167E0,1.093113212E0,-2.433818292E0,9.440219159E0
9.890128167E0,1.520995570E0,-2.362593651E0,9.398979916E0
9.900091167E0,1.950315831E0,-2.264490821E0,9.343685136E0
9.910053167E0,2.376299232E0,-2.134986396E0,9.275297272E0
9.920015292E0,2.798526528E0,-1.980981115E0,9.191303773E0
9.929977292E0,3.223976663E0,-1.807844182E0,9.087011080E0
9.939939292E0,3.654821439E0,-1.618737188E0,8.958686916E0
9.949901292E0,4.082499656E0,-1.418839011E0,8.806599668E0
9.959863292E0,4.490006441E0,-1.212154117E0,8.637512809E0
9.969825292E0,4.866844871E0,-9.968519624E-1,8.459090286E0
9.979787292E0,5.214942775E0,-7.700682150E-1,8.273298517E0
9.989750292E0,5.542489178E0,-5.296279299E-1,8.076905746E0
9.999712292E0,5.859421715E0,-2.748900880E-1,7.863060206E0
1.000967429E1,6.171409262E0,-4.212802105E-3,7.625601270E0
1.001963629E1,6.478495672E0,2.893473287E-1,7.360806600E0
1.002959829E1,6.775009732E0,6.034626589E-1,7.069029370E0
1.003956029E1,7.046418187E0,9.346951830E-1,6.760949517E0
1.004952229E1,7.277619433E0,1.282605172E0,6.451920662E0
1.005948429E1,7.459200622E0,1.640951052E0,6.156598849E0
1.006944729E1,7.588151023E0,2.009362768E0,5.883750810E0
1.007940929E1,7.667733967E0,2.384272203E0,5.635352903E0
1.008937129E1,7.714764876E0,2.756086560E0,5.396525719E0
1.009933329E1,7.746881293E0,3.120877095E0,5.146072515E0
1.010929529E1,7.770071935E0,3.481159135E0,4.872742081E0
1.011925729E1,7.788627489E0,3.832808930E0,4.569787605E0
1.012921929E1,7.800545869E0,4.172041870E0,4.240477682E0
1.013918129E1,7.794751863E0,4.496771669E0,3.906019286E0
1.014914429E1,7.770410489E0,4.802954392E0,3.576093943E0
1.015910629E1,7.737035167E0,5.089162735E0,3.236482103E0
1.016906829E1,7.695373755E0,5.354374895E0,2.889289640E0
1.017903029E1,7.636806874E0,5.601556581E0,2.556921039E0
1.018899229E1,7.556462038E0,5.835350482E0,2.254915713E0
1.019895429E1,7.456181704E0,6.058571448E0,1.983730037E0
1.020891629E1,7.338864339E0,6.271182641E0,1.746264376E0
1.021887829E1,7.206514952E0,6.474939981E0,1.541886063E0
1.022884029E1,7.062284607E0,6.670827552E0,1.363919038E0
1.023880329E1,6.909841847E0,6.858284023E0,1.205876181E0
1.024876529E1,6.750441486E0,7.038484685E0,1.061767458E0
1.025872729E1,6.585690923E0,7.209875346E0,9.393994141E-1
1.026868929E1,6.421622145E0,7.367075400E0,8.515156167E-1
1.027865129E1,6.261198521E0,7.510028713E0,7.956018363E-1
1.028861329E1,6.103572205E0,7.642183388E0,7.612761223E-1
1.029857529E1,5.944567700E0,7.768428867E0,7.414354232E-1
1.030853729E1,5.779192654E0,7.892999119E0,7.331992545E-1
1.031850029E1,5.614714571E0,8.011559603E0,7.252593204E-1
1.032846229E1,5.460245751E0,8.120229521E0,6.954883680E-1
1.033842429E1,5.314350704E0,8.221640121E0,6.312051024E-1
1.034838629E1,5.167689672E0,8.320152256E0,5.533308977E-1
1.035834829E1,5.010127675E0,8.419637368E0,4.944048145E-1
1.036831029E1,4.834440187E0,8.522591633E0,4.793168054E-1
1.037827229E1,4.636285357E0,8.629815534E0,5.169548209E-1
1.038823429E1,4.415980106E0,8.738936273E0,6.051774279E-1
1.039819729E1,4.177983518E0,8.844974359E0,7.395845602E-1
1.040815929E1,3.923592508E0,8.944861760E0,9.115942957E-1
1.041812129E1,3.652076756E0,9.036908628E0,1.110284730E0
1.042808329E1,3.368436804E0,9.116817262E0,1.331685092E0
1.043804529E1,3.076696995E0,9.182853962E0,1.563719712E0
1.044800729E1,2.777316338E0,9.236613262E0,1.790971164E0
1.045796929E1,2.469426812E0,9.278444828E0,2.012089764E0
1.046793129E1,2.145431716E0,9.309773040E0,2.227412018E0
1.047789429E1,1.800324078E0,9.330506097E0,2.436511374E0
1.048785629E1,1.436057599E0,9.337806931E0,2.641815594E0
1.049781829E1,1.057334830E0,9.328975296E0,2.844007925E0
1.050778029E1,6.737982678E-1,9.303487868E0,3.037632625E0
1.051774229E1,3.021863890E-1,9.260271682E0,3.223684302E0
1.052770429E1,-5.036025486E-2,9.197478433E0,3.411740113E0
1.053766629E1,-3.936248002E-1,9.114315823E0,3.606993847E0
1.054762829E1,-7.374639943E-1,9.013208694E0,3.801880960E0
1.055759129E1,-1.081547273E0,8.898333126E0,3.985726483E0
1.056755329E1,-1.422549216E0,8.771866037E0,4.155335498E0
1.057751529E1,-1.758283182E0,8.632055603E0,4.316496163E0
1.058747729E1,-2.087654501E0,8.478290788E0,4.471730968E0
1.059743929E1,-2.411694036E0,8.314181079E0,4.614567337E0
1.060740129E1,-2.732502400E0,8.142922565E0,4.739446321E0
1.061736329E1,-3.054091367E0,7.964053899E0,4.845871201E0
1.062732529E1,-3.374911718E0,7.777118999E0,4.935837046E0
1.063728729E1,-3.685131944E0,7.584985340E0,5.012375345E0
1.064725029E1,-3.975897021E0,7.390467771E0,5.080287246E0
1.065721229E1,-4.244894084E0,7.194775497E0,5.143167619E0
1.066717429E1,-4.496496850E0,7.000255589E0,5.197502870E0
1.067713629E1,-4.734796031E0,6.808567488E0,5.240344834E0
1.068709829E1,-4.960870730E0,6.616402254E0,5.277222639E0
1.069706029E1,-5.170634914E0,6.418962246E0,5.319545370E0
1.070702229E1,-5.362467442E0,6.217553149E0,5.368620467E0
1.071698429E1,-5.540989952E0,6.017186025E0,5.415441461E0
1.072694729E1,-5.706392480E0,5.823369538E0,5.455416536E0
1.073690929E1,-5.856535529E0,5.640506054E0,5.488331682E0
1.074687129E1,-5.993925802E0,5.466881171E0,5.515629408E0
1.075683329E1,-6.124207029E0,5.296400337E0,5.538802509E0
1.076679529E1,-6.258132241E0,5.121238221E0,5.553810557E0
1.077675729E1,-6.397312346E0,4.943681670E0,5.556123131E0
1.078671929E1,-6.539654040E0,4.767404198E0,5.544445657E0
1.079668129E1,-6.683114891E0,4.591361784E0,5.521909318E0
1.080664429E1,-6.822952223E0,4.410443670E0,5.498310540E0
1.081660629E1,-6.948548076E0,4.219954247E0,5.490516787E0
1.082656829E1,-7.054124233E0,4.018116842E0,5.507282508E0
1.083653029E1,-7.137129552E0,3.806996396E0,5.550158971E0
1.084649229E1,-7.196439614E0,3.587018004E0,5.619667747E0
1.085645429E1,-7.242477082E0,3.359172475E0,5.700753425E0
1.086641629E1,-7.289427300E0,3.130230886E0,5.770788451E0
1.087637929E1,-7.342983118E0,2.901310931E0,5.822293065E0
1.088634129E1,-7.409416258E0,2.667849152E0,5.849721184E0
1.089630329E1,-7.489789746E0,2.425975714E0,5.852674613E0
1.090626529E1,-7.571515694E0,2.175676731E0,5.845911139E0
1.091622729E1,-7.639616461E0,1.923405775E0,5.845757942E0
1.092618958E1,-7.687259574E0,1.675689653E0,5.859539244E0
1.093615158E1,-7.713327046E0,1.437295016E0,5.888536756E0
1.094611358E1,-7.717595513E0,1.208038920E0,5.934262567E0
1.095607658E1,-7.701883460E0,9.838305786E-1,5.995762997E0
1.096603858E1,-7.672130488E0,7.594710137E-1,6.066112018E0
1.097600058E1,-7.632552440E0,5.284824604E-1,6.140109701E0
1.098596258E1,-7.581955898E0,2.905046754E-1,6.218171200E0
1.099592458E1,-7.514739815E0,5.398830600E-2,6.305700510E0
1.100588658E1,-7.424996749E0,-1.748764792E-1,6.408973448E0
1.101584858E1,-7.315133414E0,-4.015072854E-1,6.524087582E0
1.102581058E1,-7.195574226E0,-6.338557184E-1,6.637622969E0
1.103577358E1,-7.069093105E0,-8.605782162E-1,6.747104480E0
1.104573558E1,-6.929294949E0,-1.067940145E0,6.861521042E0
1.105569758E1,-6.773321641E0,-1.256402922E0,6.984244158E0
1.106565958E1,-6.600908886E0,-1.427049525E0,7.115310082E0
1.107562158E1,-6.410148738E0,-1.577170501E0,7.256626174E0
1.108558358E1,-6.202983057E0,-1.701643689E0,7.406990249E0
1.109554558E1,-5.982499757E0,-1.793354051E0,7.565029963E0
1.110550758E1,-5.747667975E0,-1.845961158E0,7.732583097E0
1.111547058E1,-5.496950478E0,-1.858614971E0,7.909815711E0
1.112543258E1,-5.231074659E0,-1.834855833E0,8.093532304E0
1.113539458E1,-4.953984464E0,-1.779512376E0,8.278132410E0
1.114535658E1,-4.669450472E0,-1.694024621E0,8.459469185E0
1.115531858E1,-4.376692371E0,-1.578241126E0,8.636539832E0
1.116528058E1,-4.065715808E0,-1.435069128E0,8.811732354E0
1.117524258E1,-3.723327710E0,-1.268059638E0,8.986932476E0
1.118520558E1,-3.342814305E0,-1.086095018E0,9.158716655E0
1.119516758E1,-2.919970273E0,-9.014416290E-1,9.321870929E0
1.120512958E1,-2.449783968E0,-7.247811643E-1,9.471502347E0
1.121509158E1,-1.934914411E0,-5.598135229E-1,9.600980167E0
1.122505358E1,-1.390162073E0,-4.037546993E-1,9.702604190E0
1.123501558E1,-8.290987806E-1,-2.474835121E-1,9.771767980E0
1.124497758E1,-2.658862712E-1,-9.023901022E-2,9.805980624E0
1.125493958E1,2.934524578E-1,5.983232395E-2,9.805427477E0
1.126490158E1,8.522247378E-1,1.918629696E-1,9.771028892E0
1.127486458E1,1.416116694E0,2.922124095E-1,9.702851527E0
1.128482658E1,1.987512893E0,3.457758651E-1,9.600329956E0
1.129478858E1,2.559937617E0,3.453534768E-1,9.463802149E0
1.130475058E1,3.116517411E0,2.924263993E-1,9.297198603E0
1.131471258E1,3.646142417E0,1.936180296E-1,9.105177210E0
1.132467458E1,4.133324824E0,5.784757339E-2,8.896537446E0
1.133463658E1,4.557754328E0,-1.067829029E-1,8.686286774E0
1.134459958E1,4.902403252E0,-2.912642470E-1,8.492214763E0
1.135456158E1,5.163406586E0,-4.871628186E-1,8.326944966E0
1.136452358E1,5.358090801E0,-6.851594809E-1,8.188865308E0
1.137448558E1,5.517568930E0,-8.685749415E-1,8.064621330E0
1.138444758E1,5.664229378E0,-1.028153131E0,7.943268217E0
1.139440958E1,5.808557371E0,-1.163413920E0,7.819413664E0
1.140437158E1,5.957458472E0,-1.271737537E0,7.689438831E0
1.141433358E1,6.115712194E0,-1.343483312E0,7.551769062E0
1.142429658E1,6.285843365E0,-1.371682240E0,7.405589256E0
1.143425858E1,6.474112599E0,-1.351787527E0,7.245318244E0
1.144422058E1,6.689001283E0,-1.281464527E0,7.060539213E0
1.145418258E1,6.927435535E0,-1.159126376E0,6.848588755E0
1.146414458E1,7.178431944E0,-9.868888917E-1,6.613037766E0
1.147410658E1,7.429660488E0,-7.718364130E-1,6.359285563E0
1.148406858E1,7.664727913E0,-5.224603033E-1,6.100416462E0
1.149403058E1,7.860305582E0,-2.441785927E-1,5.864474879E0
1.150399358E1,8.009777956E0,5.669329191E-2,5.663597878E0
1.151395558E1,8.119683391E0,3.778682716E-1,5.492182658E0
1.152391758E1,8.193706802E0,7.133551933E-1,5.346999802E0
1.153387958E1,8.240189243E0,1.056597569E0,5.217181674E0
1.154384158E1,8.270264981E0,1.409789275E0,5.084418304E0
1.155380358E1,8.287694362E0,1.773798915E0,4.940025406E0
1.156376558E1,8.289863679E0,2.144551856E0,4.786978922E0
1.157372758E1,8.274681383E0,2.512509097E0,4.631743825E0
1.158369058E1,8.240156499E0,2.871103630E0,4.482486921E0
1.159365258E1,8.182319934E0,3.210024914E0,4.356775001E0
1.160361458E1,8.101746472E0,3.521405227E0,4.265856060E0
1.161357658E1,8.002468352E0,3.807117726E0,4.207430389E0
1.162353858E1,7.888317838E0,4.072067639E0,4.174783045E0
1.163350058E1,7.758015561E0,4.321325671E0,4.168386191E0
1.164346258E1,7.615714213E0,4.559839445E0,4.176707363E0
1.165342458E1,7.470983931E0,4.790303064E0,4.180132370E0
1.166338758E1,7.320051507E0,5.020025842E0,4.177594971E0
1.167334958E1,7.164540129E0,5.248130402E0,4.166843988E0
1.168331158E1,7.005876517E0,5.476040835E0,4.143280878E0
1.169327358E1,6.843960684E0,5.704123176E0,4.106005755E0
1.170323558E1,6.682146592E0,5.923560408E0,4.061581827E0
1.171319758E1,6.528183557E0,6.133131049E0,4.000453573E0
1.172315958E1,6.380699236E0,6.333711596E0,3.925156930E0
1.173312258E1,6.234535217E0,6.523913335E0,3.847753828E0
1.174308458E1,6.080904889E0,6.710015007E0,3.772849826E0
1.175304658E1,5.909240577E0,6.900559977E0,3.701249793E0
1.176300858E1,5.708083495E0,7.102336280E0,3.634652638E0
1.177297058E1,5.481370572E0,7.310513529E0,3.570302276E0
1.178293258E1,5.241169292E0,7.517935903E0,3.499553306E0
1.179289458E1,4.990514944E0,7.722736970E0,3.419092110E0
1.180285658E1,4.726594434E0,7.922331676E0,3.336472122E0
1.181281958E1,4.453452864E0,8.112893019E0,3.253278230E0
1.182278158E1,4.180849823E0,8.291723093E0,3.162898987E0
1.183274358E1,3.917954330E0,8.455912324E0,3.063216240E0
1.184270558E1,3.673219996E0,8.603072124E0,2.954776994E0
1.185266758E1,3.449350866E0,8.732920073E0,2.841510287E0
1.186262958E1,3.241124208E0,8.847065324E0,2.731420080E0
1.187259158E1,3.043860202E0,8.946855075E0,2.631502275E0
1.188255358E1,2.853362301E0,9.034745743E0,2.543183006E0
1.189251658E1,2.669864979E0,9.112770989E0,2.462789930E0
1.190247858E1,2.492217797E0,9.180698678E0,2.395771629E0
1.191244058E1,2.318487664E0,9.237635940E0,2.350911352E0
1.192240258E1,2.147467863E0,9.283263518E0,2.333560325E0
1.193236458E1,1.977817332E0,9.317730516E0,2.346115320E0
1.194232658E1,1.807576233E0,9.342331506E0,2.385289326E0
1.195228858E1,1.632445985E0,9.358023094E0,2.449205094E0
1.196225158E1,1.445761492E0,9.364845040E0,2.538813089E0
1.197221358E1,1.243295365E0,9.363508367E0,2.648594563E0
1.198217558E1,1.026089795E0,9.354849810E0,2.769480776E0
1.199213758E1,7.950913013E-1,9.338879895E0,2.896417689E0
1.200209958E1,5.480868223E-1,9.314206983E0,3.030057849E0
1.201206158E1,2.832415930E-1,9.280712378E0,3.166110278E0
1.202202358E1,3.038144731E-3,9.238243466E0,3.300146587E0
1.203198558E1,-2.933384736E-1,9.186442983E0,3.429187035E0
1.204194858E1,-6.116598339E-1,9.124726791E0,3.549837021E0
1.205191058E1,-9.551064972E-1,9.052465146E0,3.657424912E0
1.206187258E1,-1.323002269E0,8.968656419E0,3.748193872E0
1.207183458E1,-1.708020224E0,8.872387860E0,3.820927095E0
1.208179658E1,-2.097758051E0,8.762185387E0,3.880672483E0
1.209175858E1,-2.481106918E0,8.636097198E0,3.936752836E0
1.210172058E1,-2.858634443E0,8.490113858E0,3.997783149E0
1.211168258E1,-3.216696295E0,8.335952602E0,4.049797641E0
1.212164558E1,-3.541584846E0,8.178746116E0,4.098950213E0
1.213160758E1,-3.840569647E0,8.016578853E0,4.149768656E0
1.214156958E1,-4.122698679E0,7.852921134E0,4.191790256E0
1.215153158E1,-4.383972447E0,7.691847884E0,4.225204170E0
1.216149358E1,-4.627413377E0,7.535603265E0,4.247097023E0
1.217145558E1,-4.856619553E0,7.382798563E0,4.259535804E0
1.218141758E1,-5.072527991E0,7.230209039E0,4.269618451E0
1.219138058E1,-5.280061462E0,7.075628538E0,4.276977172E0
1.220134258E1,-5.481883373E0,6.919223705E0,4.278949145E0
1.221130458E1,-5.671875781E0,6.762738181E0,4.281507302E0
1.222126658E1,-5.842154303E0,6.608734215E0,4.293014038E0
1.223122858E1,-5.994349140E0,6.459593963E0,4.310164798E0
1.224119058E1,-6.138747885E0,6.315327365E0,4.320707036E0
1.225115258E1,-6.283385196E0,6.173082150E0,4.318360548E0
1.226111458E1,-6.429370875E0,6.029756954E0,4.305964743E0
1.227107758E1,-6.567906616E0,5.886725289E0,4.294783405E0
1.228103958E1,-6.687547081E0,5.748718135E0,4.297098610E0
1.229100158E1,-6.778199973E0,5.624321546E0,4.319619454E0
1.230096358E1,-6.859885576E0,5.500200360E0,4.350386041E0
1.231092558E1,-6.938739372E0,5.371084483E0,4.386506630E0
1.232088758E1,-7.008788431E0,5.242407732E0,4.430592005E0
1.233084958E1,-7.061048505E0,5.124488103E0,4.485233943E0
1.234081258E1,-7.102345635E0,5.004310865E0,4.555179799E0
1.235077458E1,-7.131134986E0,4.878252204E0,4.646038806E0
1.236073658E1,-7.152931652E0,4.744555326E0,4.749827760E0
1.237069858E1,-7.174364621E0,4.599811888E0,4.858633042E0
1.238066058E1,-7.197507901E0,4.443902022E0,4.968270382E0
1.239062258E1,-7.220528973E0,4.278987152E0,5.078419645E0
1.240058458E1,-7.250366730E0,4.099760052E0,5.182687780E0
1.241054658E1,-7.290326602E0,3.900459168E0,5.279551000E0
1.242050958E1,-7.340002792E0,3.685790048E0,5.364271308E0
1.243047158E1,-7.394091291E0,3.469937743E0,5.433511696E0
1.244043358E1,-7.449287837E0,3.262119513E0,5.486600906E0
1.245039558E1,-7.507712631E0,3.069950478E0,5.517768320E0
1.246035758E1,-7.567657117E0,2.893689086E0,5.531115759E0
1.247031958E1,-7.621788885E0,2.724645789E0,5.542628342E0
1.248028158E1,-7.661202042E0,2.567804461E0,5.563133358E0
1.249024458E1,-7.682222782E0,2.428827986E0,5.596457809E0
1.250020658E1,-7.686854362E0,2.302023806E0,5.643495736E0
1.251016858E1,-7.677057937E0,2.186744341E0,5.702370765E0
1.252013058E1,-7.651509697E0,2.082219952E0,5.775366236E0
1.253009258E1,-7.606609513E0,1.976809272E0,5.870930205E0
1.254005458E1,-7.538198844E0,1.858244403E0,5.996548278E0
1.255001658E1,-7.451702737E0,1.719052897E0,6.144354195E0
1.255997858E1,-7.357256171E0,1.557178286E0,6.299371483E0
1.256994158E1,-7.260823891E0,1.376629715E0,6.451466333E0
1.257990358E1,-7.163998677E0,1.185033415E0,6.596128787E0
1.258986558E1,-7.061481784E0,9.818249837E-1,6.738514920E0
1.259982758E1,-6.938913034E0,7.650776164E-1,6.892186764E0
1.260978958E1,-6.782815765E0,5.371162763E-1,7.066895136E0
1.261975158E1,-6.590824193E0,3.004928526E-1,7.259947978E0
1.262971358E1,-6.358284520E0,6.432889674E-2,7.470220284E0
1.263967658E1,-6.086300699E0,-1.646870116E-1,7.691938516E0
1.264963858E1,-5.780917583E0,-3.909518186E-1,7.916075156E0
1.265960058E1,-5.446308913E0,-6.169286869E-1,8.135921693E0
1.266956258E1,-5.095204078E0,-8.333226630E-1,8.341496932E0
1.267952458E1,-4.742622821E0,-1.028850338E0,8.525555586E0
1.268948658E1,-4.398166856E0,-1.196637215E0,8.686787880E0
1.269944858E1,-4.063667821E0,-1.331316864E0,8.828946556E0
1.270941158E1,-3.732960413E0,-1.434757763E0,8.957822113E0
1.271937358E1,-3.405375127E0,-1.512977867E0,9.074713216E0
1.272933558E1,-3.092848759E0,-1.575238435E0,9.175457234E0
1.273929758E1,-2.814987902E0,-1.627006320E0,9.255527835E0
1.274925958E1,-2.585263370E0,-1.662802974E0,9.315986291E0
1.275922158E1,-2.399722154E0,-1.672537711E0,9.363762721E0
1.276918358E1,-2.238505502E0,-1.648674493E0,9.407819152E0
1.277914558E1,-2.071474086E0,-1.593947479E0,9.455391514E0
1.278910858E1,-1.869223136E0,-1.527089976E0,9.508422836E0
1.279907058E1,-1.628286422E0,-1.467478344E0,9.561971052E0
1.280903258E1,-1.364900932E0,-1.422477002E0,9.609875536E0
1.281899458E1,-1.099370171E0,-1.394659897E0,9.647922783E0
1.282895658E1,-8.420316522E-1,-1.383237215E0,9.675419315E0
1.283891858E1,-5.893824905E-1,-1.379579197E0,9.694611631E0
1.284888058E1,-3.315161872E-1,-1.375606745E0,9.707414694E0
1.285884358E1,-6.831149471E-2,-1.361646371E0,9.714800897E0
1.286880558E1,2.116961221E-1,-1.330606720E0,9.717035118E0
1.287876758E1,5.042772168E-1,-1.287620621E0,9.712046274E0
1.288872958E1,7.909001633E-1,-1.242095516E0,9.698854371E0
1.289869158E1,1.059755358E0,-1.195679295E0,9.679017107E0
1.290865358E1,1.309609661E0,-1.142001709E0,9.654887402E0
1.291861558E1,1.547106896E0,-1.078193749E0,9.627048224E0
1.292857733E1,1.788644996E0,-1.007489802E0,9.592799912E0
1.293854033E1,2.050099589E0,-9.270764071E-1,9.548493220E0
1.294850233E1,2.328511985E0,-8.332454798E-1,9.493146400E0
1.295846433E1,2.608404019E0,-7.295663794E-1,9.428682602E0
1.296842633E1,2.892561450E0,-6.149005070E-1,9.353666918E0
1.297838833E1,3.187467818E0,-4.807434529E-1,9.265259356E0
1.298835033E1,3.496804237E0,-3.194590823E-1,9.160043973E0
1.299831233E1,3.814161574E0,-1.298957404E-1,9.037223209E0
1.300827533E1,4.122042037E0,8.853300283E-2,8.901518689E0
1.301823733E1,4.411600249E0,3.368347780E-1,8.755593821E0
1.302819933E1,4.689651433E0,6.130489497E-1,8.594617050E0
1.303816133E1,4.957823161E0,9.105654050E-1,8.415875269E0
1.304812333E1,5.211902808E0,1.216172031E0,8.221501542E0
1.305808533E1,5.450235903E0,1.516707806E0,8.014401349E0
1.306804733E1,5.675242608E0,1.799283712E0,7.796813006E0
1.307800933E1,5.891484337E0,2.054595367E0,7.570016468E0
1.308797233E1,6.099281518E0,2.279143066E0,7.337599586E0
1.309793433E1,6.293417848E0,2.474727606E0,7.106667312E0
1.310789633E1,6.464341902E0,2.650743122E0,6.886358845E0
1.311785833E1,6.618301429E0,2.814743780E0,6.671686508E0
1.312782033E1,6.763755012E0,2.973567606E0,6.453341535E0
1.313778233E1,6.898082512E0,3.139520065E0,6.228641809E0
1.314774433E1,7.014797614E0,3.319170796E0,6.000985145E0
1.315770633E1,7.108257170E0,3.509422528E0,5.778644770E0
1.316766933E1,7.179750491E0,3.710593352E0,5.560466443E0
1.317763133E1,7.233125045E0,3.925609505E0,5.339250487E0
1.318759333E1,7.272425351E0,4.150201058E0,5.111139495E0
1.319755533E1,7.297883543E0,4.379749880E0,4.877988495E0
1.320751733E1,7.309801338E0,4.617066144E0,4.635257709E0
1.321747933E1,7.311573629E0,4.864320921E0,4.372114294E0
1.322744133E1,7.305229985E0,5.120927734E0,4.079928928E0
1.323740433E1,7.288894034E0,5.386488973E0,3.754179959E0
1.324736633E1,7.260211102E0,5.655679579E0,3.396868597E0
1.325732833E1,7.217493099E0,5.920618089E0,3.014988990E0
1.326729033E1,7.156675040E0,6.176257188E0,2.621439509E0
1.327725233E1,7.071770545E0,6.421718624E0,2.233311274E0
1.328721433E1,6.960750046E0,6.656277341E0,1.864952329E0
1.329717633E1,6.826286890E0,6.878913000E0,1.522651355E0
1.330713933E1,6.672259535E0,7.090281075E0,1.202074102E0
1.331710133E1,6.501562938E0,7.292910486E0,8.827492500E-1
1.332706333E1,6.314229843E0,7.486016538E0,5.711012073E-1
1.333702533E1,6.117082781E0,7.663708743E0,2.914921422E-1
1.334698733E1,5.919845672E0,7.822183490E0,7.048462154E-2
1.335694933E1,5.729216502E0,7.962827153E0,-7.460715526E-2
1.336691133E1,5.539888921E0,8.094842080E0,-1.387357894E-1
1.337687333E1,5.343455805E0,8.225859472E0,-1.371237760E-1
1.338683633E1,5.133359499E0,8.359149091E0,-9.676135087E-2
1.339679833E1,4.910705128E0,8.492371468E0,-2.667885103E-2
1.340676033E1,4.682471344E0,8.620000983E0,7.830959394E-2
1.341672233E1,4.455800814E0,8.736880392E0,2.210572585E-1
1.342668433E1,4.234229640E0,8.839903069E0,4.043426368E-1
1.343664633E1,4.015146456E0,8.928392492E0,6.312942725E-1
1.344660833E1,3.792210834E0,9.002739254E0,8.977312783E-1
1.345657133E1,3.561383226E0,9.061961024E0,1.197296708E0
1.346653333E1,3.319364339E0,9.104943321E0,1.522478570E0
1.347649533E1,3.062673618E0,9.131345839E0,1.864043380E0
1.348645733E1,2.790827499E0,9.140489715E0,2.213329730E0
1.349641933E1,2.502725536E0,9.130737144E0,2.569461270E0
1.350638133E1,2.196659465E0,9.099607152E0,2.933930793E0
1.351634333E1,1.872035062E0,9.045506374E0,3.303089783E0
1.352630633E1,1.535653662E0,8.967329101E0,3.669451173E0
1.353626833E1,1.200322496E0,8.865830208E0,4.023975459E0
1.354623033E1,8.774090610E-1,8.744649587E0,4.358596408E0
1.355619233E1,5.750450446E-1,8.609719239E0,4.666707836E0
1.356615433E1,2.900899433E-1,8.469519380E0,4.941578427E0
1.357611633E1,1.573318310E-2,8.329406059E0,5.182359166E0
1.358607833E1,-2.485337817E-1,8.195393139E0,5.386080837E0
1.359604033E1,-5.014264799E-1,8.068924296E0,5.556719547E0
1.360600333E1,-7.434807061E-1,7.949215420E0,5.700290911E0
1.361596533E1,-9.818080267E-1,7.833984341E0,5.822442169E0
1.362592733E1,-1.221993519E0,7.719813947E0,5.928517093E0
1.363588933E1,-1.459222367E0,7.603973588E0,6.023816183E0
1.364585133E1,-1.686213033E0,7.482554401E0,6.115895212E0
1.365581333E1,-1.903135086E0,7.348493534E0,6.214002135E0
1.366577533E1,-2.116756093E0,7.195388285E0,6.323118196E0
1.367573833E1,-2.333432417E0,7.019946088E0,6.442946355E0
1.368570033E1,-2.552470138E0,6.822327740E0,6.570907992E0
1.369566233E1,-2.765002102E0,6.605222377E0,6.705363547E0
1.370562433E1,-2.959929268E0,6.370882931E0,6.847391245E0
1.371558633E1,-3.131860212E0,6.119339806E0,6.998659299E0
1.372554833E1,-3.284368168E0,5.848954614E0,7.158125734E0
1.373551033E1,-3.428394153E0,5.555118579E0,7.322764031E0
1.374547333E1,-3.577072475E0,5.233198952E0,7.486940982E0
1.375543533E1,-3.733058647E0,4.884559596E0,7.644701200E0
1.376539733E1,-3.889399745E0,4.515426918E0,7.792277906E0
1.377535933E1,-4.040047701E0,4.130713165E0,7.927883023E0
1.378532133E1,-4.181185161E0,3.731855874E0,8.051524152E0
1.379528333E1,-4.306481637E0,3.322629131E0,8.163973126E0
1.380524533E1,-4.410171482E0,2.905546947E0,8.267060122E0
1.381520833E1,-4.489930719E0,2.484210328E0,8.360940093E0
1.382517033E1,-4.547059478E0,2.065854327E0,8.443494008E0
1.383513233E1,-4.586275291E0,1.655230245E0,8.512484720E0
1.384509433E1,-4.618969413E0,1.252870619E0,8.563383563E0
1.385505633E1,-4.648259578E0,8.602843937E-1,8.595911624E0
1.386501833E1,-4.669250498E0,4.803785866E-1,8.614141488E0
1.387498033E1,-4.678120431E0,1.143724061E-1,8.621960970E0
1.388494333E1,-4.672112125E0,-2.378416362E-1,8.622696549E0
1.389490533E1,-4.660119778E0,-5.791875776E-1,8.613009467E0
1.390486733E1,-4.661553223E0,-9.129360855E-1,8.583272867E0
1.391482933E1,-4.686614974E0,-1.234609618E0,8.529213020E0
1.392479117E1,-4.736035348E0,-1.536822959E0,8.452469484E0
1.393475317E1,-4.807073171E0,-1.817607424E0,8.356102692E0
1.394471517E1,-4.894314213E0,-2.076923398E0,8.244281709E0
1.395467717E1,-4.987927551E0,-2.316013854E0,8.123592839E0
1.396464017E1,-5.079869755E0,-2.531688842E0,8.001348610E0
1.397460217E1,-5.164663153E0,-2.717815364E0,7.885165604E0
1.398456417E1,-5.243052095E0,-2.870367758E0,7.778656232E0
1.399452617E1,-5.321662647E0,-2.989679024E0,7.679702632E0
1.400448817E1,-5.401710445E0,-3.075122632E0,7.589549092E0
1.401445017E1,-5.477228404E0,-3.124712284E0,7.514801795E0
1.402441217E1,-5.548471465E0,-3.138903768E0,7.456396882E0
1.403437517E1,-5.618325811E0,-3.119100126E0,7.412269115E0
1.404433717E1,-5.678413553E0,-3.065979634E0,7.388605433E0
1.405429917E1,-5.718409678E0,-2.984876706E0,7.390967708E0
1.406426117E1,-5.735179492E0,-2.883531010E0,7.418157846E0
1.407422317E1,-5.733723536E0,-2.764850366E0,7.464322783E0
1.408418517E1,-5.721230375E0,-2.626923905E0,7.523489004E0
1.409414717E1,-5.704612003E0,-2.473331290E0,7.587894330E0
1.410411017E1,-5.693419847E0,-2.309691990E0,7.647640010E0
1.411407217E1,-5.696375030E0,-2.144348665E0,7.693450606E0
1.412403417E1,-5.717081775E0,-1.986423849E0,7.720440769E0
1.413399617E1,-5.754835492E0,-1.837773594E0,7.729201652E0
1.414395817E1,-5.803120630E0,-1.694488744E0,7.725839503E0
1.415392017E1,-5.848258211E0,-1.563763713E0,7.719366635E0
1.416388217E1,-5.880797966E0,-1.459151178E0,7.715127988E0
1.417384517E1,-5.893192309E0,-1.381405721E0,7.719981177E0
1.418380717E1,-5.881559858E0,-1.320248085E0,7.739527835E0
1.419376917E1,-5.850659078E0,-1.261306835E0,7.772708445E0
1.420373117E1,-5.809101747E0,-1.189683925E0,7.815055735E0
1.421369317E1,-5.762984757E0,-1.094769070E0,7.862925135E0
1.422365517E1,-5.714424216E0,-9.705875853E-1,7.914506932E0
1.423361717E1,-5.661768869E0,-8.143952259E-1,7.969770137E0
1.424358017E1,-5.597598016E0,-6.303895620E-1,8.031538369E0
1.425354217E1,-5.515652213E0,-4.292843737E-1,8.101197419E0
1.426350417E1,-5.419857863E0,-2.235739550E-1,8.173815159E0
1.427346617E1,-5.322397057E0,-2.499948501E-2,8.240604395E0
1.428342817E1,-5.235124440E0,1.575381509E-1,8.294863048E0
1.429339017E1,-5.161197508E0,3.162466586E-1,8.336553696E0
1.430335217E1,-5.096402757E0,4.387405274E-1,8.370799668E0
1.431331517E1,-5.034102429E0,5.249662007E-1,8.403470986E0
1.432327717E1,-4.971005124E0,5.812140764E-1,8.437262630E0
1.433323917E1,-4.901743101E0,5.980629014E-1,8.476516743E0
1.434320117E1,-4.816749728E0,5.698834150E-1,8.527030839E0
1.435316317E1,-4.716330816E0,5.084995278E-1,8.586836160E0
1.436312517E1,-4.612655882E0,4.255403650E-1,8.647451906E0
1.437308717E1,-4.500549263E0,3.218715338E-1,8.710772574E0
1.438305017E1,-4.366990671E0,1.949935506E-1,8.782224964E0
1.439301217E1,-4.211369073E0,4.678661481E-2,8.859925690E0
1.440297417E1,-4.048788411E0,-1.168091236E-1,8.934750754E0
1.441293617E1,-3.899991391E0,-2.962576412E-1,8.996576874E0
1.442289817E1,-3.772380002E0,-5.071477246E-1,9.041463025E0
1.443286017E1,-3.653289761E0,-7.606851880E-1,9.072537467E0
1.444282217E1,-3.532992947E0,-1.042309898E0,9.092175341E0
1.445278517E1,-3.413775821E0,-1.334156126E0,9.099574993E0
1.446274717E1,-3.286149230E0,-1.624217052E0,9.099408932E0
1.447270917E1,-3.136397944E0,-1.899202395E0,9.099018338E0
1.448267117E1,-2.964807015E0,-2.150941840E0,9.100520487E0
1.449263317E1,-2.778832813E0,-2.373825860E0,9.103797852E0
1.450259517E1,-2.583976398E0,-2.564985519E0,9.109336919E0
1.451255717E1,-2.385560637E0,-2.723017631E0,9.117586171E0
1.452252017E1,-2.176578664E0,-2.833558659E0,9.136166868E0
1.453248217E1,-1.942353531E0,-2.889832262E0,9.171272382E0
1.454244417E1,-1.669631061E0,-2.895311103E0,9.223101516E0
1.455240617E1,-1.355112254E0,-2.850580196E0,9.288378078E0
1.456236817E1,-1.026393119E0,-2.755424070E0,9.358966835E0
1.457233017E1,-7.289449666E-1,-2.615480319E0,9.426770563E0
1.458229217E1,-4.884626181E-1,-2.445570026E0,9.487712583E0
1.459225417E1,-3.101292650E-1,-2.262984286E0,9.540378454E0
1.460221717E1,-1.877568720E-1,-2.075198616E0,9.586156890E0
1.461217917E1,-1.104306153E-1,-1.876373549E0,9.628246318E0
1.462214117E1,-6.877401860E-2,-1.658100059E0,9.668612571E0
1.463210317E1,-5.484778274E-2,-1.414884539E0,9.707275531E0
1.464206517E1,-5.651009590E-2,-1.139207982E0,9.743465118E0
1.465202717E1,-6.543111973E-2,-8.256411758E-1,9.774975178E0
1.466198917E1,-7.605609986E-2,-4.740018325E-1,9.798246512E0
1.467195217E1,-9.043803482E-2,-8.957366103E-2,9.809174373E0
1.468191417E1,-1.226287934E-1,3.194155571E-1,9.804031747E0
1.469187617E1,-1.869614132E-1,7.419033466E-1,9.780118974E0
1.470183817E1,-2.876386078E-1,1.162545097E0,9.736624460E0
1.471180017E1,-4.274810193E-1,1.558612754E0,9.675953751E0
1.472176217E1,-6.008822095E-1,1.915907890E0,9.602309239E0
1.473172417E1,-7.998197984E-1,2.236956282E0,9.518004668E0
1.474168717E1,-1.025369491E0,2.523127933E0,9.424359171E0
1.475164917E1,-1.264911790E0,2.782855405E0,9.321577983E0
1.476161117E1,-1.503212725E0,3.033334629E0,9.207352041E0
1.477157317E1,-1.731856252E0,3.290627612E0,9.077915152E0
1.478153517E1,-1.942154725E0,3.564113291E0,8.930914396E0
1.479149717E1,-2.124313035E0,3.852221393E0,8.768340166E0
1.480145917E1,-2.271213803E0,4.146078186E0,8.595797018E0
1.481142217E1,-2.381947204E0,4.440070342E0,8.417137683E0
1.482138417E1,-2.464819206E0,4.732106604E0,8.232128271E0
1.483134617E1,-2.529702835E0,5.018641806E0,8.040518523E0
1.484130817E1,-2.582643525E0,5.296381041E0,7.843111845E0
1.485127017E1,-2.627970556E0,5.561269265E0,7.642130764E0
1.486123217E1,-2.667020309E0,5.806706142E0,7.443472196E0
1.487119417E1,-2.690159495E0,6.027471862E0,7.257322578E0
1.488115717E1,-2.691066106E0,6.218385792E0,7.094078257E0
1.489111917E1,-2.670948761E0,6.378546876E0,6.958180779E0
1.490108117E1,-2.634777592E0,6.510304525E0,6.849085768E0
1.491104317E1,-2.584901428E0,6.614002556E0,6.768260876E0
1.492100517E1,-2.520236485E0,6.692258182E0,6.715518991E0
1.493096746E1,-2.443197811E0,6.752300316E0,6.683810125E0
1.494092946E1,-2.363697605E0,6.802040241E0,6.661927505E0
1.495089246E1,-2.294276976E0,6.847200041E0,6.639898120E0
1.496085446E1,-2.238087134E0,6.890643100E0,6.614083833E0
1.497081646E1,-2.192139567E0,6.932675225E0,6.585486855E0
1.498077846E1,-2.154391404E0,6.974088129E0,6.554142855E0
1.499074046E1,-2.127568180E0,7.015677620E0,6.518421046E0
1.500070246E1,-2.114088009E0,7.056439145E0,6.478687461E0
1.501066446E1,-2.112190295E0,7.094796295E0,6.437282742E0
1.502062746E1,-2.122433740E0,7.127419665E0,6.397753810E0
1.503058946E1,-2.136277754E0,7.152887213E0,6.364638689E0
1.504055146E1,-2.136826076E0,7.173077649E0,6.341688952E0
1.505051346E1,-2.114388117E0,7.191139113E0,6.328742048E0
1.506047546E1,-2.067950992E0,7.210065381E0,6.322549846E0
1.507043746E1,-2.005827396E0,7.230282714E0,6.319475380E0
1.508039946E1,-1.928484520E0,7.243376969E0,6.328549674E0
1.509036246E1,-1.821944304E0,7.240756246E0,6.363023688E0
1.510032446E1,-1.678161125E0,7.214739060E0,6.431750692E0
1.511028646E1,-1.512227377E0,7.159237289E0,6.534109125E0
1.512024846E1,-1.369110781E0,7.075116906E0,6.656151626E0
1.513021046E1,-1.270443987E0,6.956113788E0,6.799599613E0
1.514017246E1,-1.202613654E0,6.781905354E0,6.985383781E0
1.515013446E1,-1.133676151E0,6.529672843E0,7.232859582E0
1.516009746E1,-1.054532991E0,6.192617698E0,7.534955394E0
1.517005946E1,-9.552952892E-1,5.782561820E0,7.866733426E0
1.518002146E1,-8.322764499E-1,5.309605688E0,8.206796379E0
1.518998346E1,-6.858341034E-1,4.776917911E0,8.540889325E0
1.519994546E1,-4.761562026E-1,4.199216805E0,8.853019543E0
1.520990746E1,-2.004155275E-1,3.595370167E0,9.125198661E0
1.521986946E1,1.138988821E-1,2.989070037E0,9.342836121E0
1.522983246E1,4.145190213E-1,2.410827333E0,9.500115112E0
1.523979446E1,6.731547817E-1,1.891445186E0,9.602364203E0
1.524975646E1,8.949691267E-1,1.427184303E0,9.664278030E0
1.525971846E1,1.106743291E0,1.000905179E0,9.695844809E0
1.526968046E1,1.326200550E0,6.138913507E-1,9.700537784E0
1.527964246E1,1.534018927E0,2.724826066E-1,9.685485882E0
1.528960446E1,1.695462451E0,-2.391452958E-2,9.662346110E0
1.529956746E1,1.790271837E0,-2.884946950E-1,9.640943547E0
1.530952946E1,1.819948503E0,-5.516705077E-1,9.623904760E0
1.531949146E1,1.828142060E0,-8.431999259E-1,9.601198268E0
1.532945346E1,1.862943372E0,-1.157598645E0,9.561668751E0
1.533941546E1,1.930832031E0,-1.462469180E0,9.506269891E0
1.534937746E1,2.015304124E0,-1.720518794E0,9.445340735E0
1.535933946E1,2.095707579E0,-1.908298908E0,9.391618856E0
1.536930246E1,2.146110724E0,-2.019093412E0,9.357006263E0
1.537926446E1,2.140954064E0,-2.061540836E0,9.348928335E0
1.538922646E1,2.075045419E0,-2.062999716E0,9.363456327E0
1.539918846E1,1.976903997E0,-2.056018287E0,9.386199657E0
1.540915046E1,1.883145795E0,-2.052919847E0,9.406135154E0
1.541911246E1,1.810146669E0,-2.050710331E0,9.420937380E0
1.542907446E1,1.756759982E0,-2.033566440E0,9.434749673E0
1.543903746E1,1.704857611E0,-1.989278898E0,9.453694067E0
1.544899946E1,1.636544591E0,-1.920464918E0,9.479959760E0
1.545896146E1,1.543984775E0,-1.833910046E0,9.512569681E0
1.546892346E1,1.426214835E0,-1.728558277E0,9.550606989E0
1.547888546E1,1.281200817E0,-1.599654653E0,9.593525552E0
1.548884746E1,1.102709882E0,-1.439652029E0,9.640930098E0
1.549880946E1,8.905576949E-1,-1.229463922E0,9.691822509E0
1.550877246E1,6.473434907E-1,-9.489946219E-1,9.742507929E0
1.551873446E1,3.772011409E-1,-5.852660507E-1,9.785258676E0
1.552869646E1,9.036257833E-2,-1.363489377E-1,9.808636429E0
1.553865846E1,-2.005016460E-1,3.842805476E-1,9.800419922E0
1.554862046E1,-4.932802487E-1,9.520322505E-1,9.751226127E0
1.555858246E1,-8.015196571E-1,1.545606500E0,9.654261750E0
1.556854446E1,-1.133609566E0,2.151000165E0,9.503905862E0
1.557850746E1,-1.493057719E0,2.743275602E0,9.299533396E0
1.558846946E1,-1.872821951E0,3.299644896E0,9.046600973E0
1.559843146E1,-2.243443329E0,3.814575557E0,8.755117273E0
1.560839346E1,-2.588321172E0,4.281650266E0,8.438256072E0
1.561835546E1,-2.909216074E0,4.688350427E0,8.111223055E0
1.562831746E1,-3.199927357E0,5.039150330E0,7.784826799E0
1.563827946E1,-3.452990173E0,5.341815661E0,7.468464950E0
1.564824246E1,-3.678934187E0,5.599769087E0,7.165482116E0
1.565820446E1,-3.882101250E0,5.828149636E0,6.870084289E0
1.566816646E1,-4.059349945E0,6.041912731E0,6.576706676E0
1.567812846E1,-4.214471021E0,6.240568959E0,6.287260146E0
1.568809046E1,-4.356858908E0,6.421821535E0,6.001173425E0
1.569805246E1,-4.482415878E0,6.590111418E0,5.719658058E0
1.570801446E1,-4.583588203E0,6.743662224E0,5.454341233E0
1.571797746E1,-4.664206982E0,6.877946455E0,5.212976941E0
1.572793946E1,-4.721942974E0,6.995160325E0,5.000708395E0
1.573790146E1,-4.753053669E0,7.098159029E0,4.822936082E0
1.574786346E1,-4.765212954E0,7.187203937E0,4.676852755E0
1.575782546E1,-4.767731350E0,7.259869625E0,4.560607769E0
1.576778746E1,-4.762964408E0,7.312947725E0,4.480072898E0
1.577774946E1,-4.752715993E0,7.346068109E0,4.436560258E0
1.578771246E1,-4.738460481E0,7.366210597E0,4.418372786E0
1.579767446E1,-4.719466678E0,7.377785745E0,4.419389617E0
1.580763646E1,-4.692398747E0,7.381546674E0,4.441875085E0
1.581759846E1,-4.661323427E0,7.374501364E0,4.486077404E0
1.582756046E1,-4.618670036E0,7.366422851E0,4.543103544E0
1.583752246E1,-4.546275951E0,7.370361536E0,4.609256311E0
1.584748546E1,-4.440106595E0,7.382023222E0,4.693324654E0
1.585744746E1,-4.292092516E0,7.397839356E0,4.804790711E0
1.586740946E1,-4.094495511E0,7.412934528E0,4.951728024E0
1.587737146E1,-3.852411720E0,7.424960496E0,5.124937170E0
1.588733346E1,-3.575377074E0,7.425071009E0,5.321756787E0
1.589729546E1,-3.264418053E0,7.401081052E0,5.550105761E0
1.590725746E1,-2.911162028E0,7.343346230E0,5.816915381E0
1.591722046E1,-2.505155639E0,7.242730266E0,6.123981911E0
1.592718229E1,-2.073173140E0,7.092242231E0,6.452763246E0
1.593714429E1,-1.642070063E0,6.896209649E0,6.781003128E0
1.594710629E1,-1.230276100E0,6.662270152E0,7.094834887E0
1.595706829E1,-8.542755025E-1,6.393736188E0,7.390970632E0
1.596703029E1,-5.222994318E-1,6.093530781E0,7.670214356E0
1.597699229E1,-2.246513227E-1,5.766774337E0,7.932840292E0
1.598695529E1,6.425117446E-2,5.419761384E0,8.176683803E0
1.599691729E1,3.597055042E-1,5.064545372E0,8.393872197E0
1.600687929E1,6.747834505E-1,4.710379520E0,8.578641872E0
1.601684129E1,1.029912047E0,4.356654548E0,8.728971448E0
1.602680329E1,1.440186318E0,3.997236727E0,8.842175297E0
1.603676529E1,1.906101379E0,3.624746870E0,8.914263280E0
1.604672729E1,2.409727179E0,3.236444681E0,8.941741685E0
1.605669029E1,2.922926918E0,2.835322471E0,8.924883578E0
1.606665229E1,3.416483375E0,2.417945148E0,8.872276179E0
1.607661429E1,3.860777624E0,1.977670275E0,8.798824625E0
1.608657629E1,4.236603025E0,1.517072380E0,8.716982317E0
1.609653829E1,4.531816371E0,1.044731522E0,8.637550231E0
1.610650029E1,4.729471849E0,5.748624653E-1,8.575414209E0
1.611646229E1,4.812333619E0,1.300743820E-1,8.547551057E0
1.612642529E1,4.780138557E0,-2.589751912E-1,8.562669033E0
1.613638729E1,4.633067050E0,-5.644061088E-1,8.628570662E0
1.614634929E1,4.393836700E0,-7.519193347E-1,8.738701800E0
1.615631129E1,4.102154194E0,-7.834122189E-1,8.876637617E0
1.616627329E1,3.776632098E0,-6.621206472E-1,9.029659250E0
1.617623529E1,3.435304977E0,-4.183413462E-1,9.179312303E0
1.618619729E1,3.089845044E0,-8.857008697E-2,9.310269468E0
1.619616029E1,2.727709437E0,2.849303785E-1,9.418838230E0
1.620612229E1,2.333792167E0,6.671128538E-1,9.504971225E0
1.621608429E1,1.918750806E0,1.034610211E0,9.564730938E0
1.622604629E1,1.509976345E0,1.381531729E0,9.594136001E0
1.623600829E1,1.117368340E0,1.716848058E0,9.593748915E0
1.624597029E1,7.300976720E-1,2.051818086E0,9.565202808E0
1.625593229E1,3.409306064E-1,2.395371826E0,9.506948168E0
1.626589529E1,-5.447716063E-2,2.755626384E0,9.414863293E0
1.627585729E1,-4.597994208E-1,3.134443220E0,9.284392616E0
1.628581929E1,-8.714426353E-1,3.522841596E0,9.114070240E0
1.629578129E1,-1.276038457E0,3.907196038E0,8.907392802E0
1.630574329E1,-1.668700915E0,4.280721144E0,8.667580946E0
1.631570529E1,-2.045828636E0,4.639299012E0,8.398071082E0
1.632566729E1,-2.397509276E0,4.975087066E0,8.107808281E0
1.633563029E1,-2.711136674E0,5.282578104E0,7.808982816E0
1.634559229E1,-2.974079822E0,5.560440130E0,7.514815829E0
1.635555429E1,-3.186075888E0,5.812436414E0,7.231916426E0
1.636551629E1,-3.354612816E0,6.039707746E0,6.964524423E0
1.637547829E1,-3.484459011E0,6.239090783E0,6.720743478E0
1.638544029E1,-3.579227466E0,6.409168745E0,6.507517743E0
1.639540229E1,-3.643925738E0,6.554005446E0,6.324786406E0
1.640536529E1,-3.687353593E0,6.675375516E0,6.170809337E0
1.641532729E1,-3.721441106E0,6.770926037E0,6.044960300E0
1.642528929E1,-3.747222357E0,6.839314486E0,5.951319480E0
1.643525129E1,-3.764154724E0,6.883698946E0,5.889137265E0
1.644521329E1,-3.784662371E0,6.905670444E0,5.850141599E0
1.645517529E1,-3.815291841E0,6.904991582E0,5.831015942E0
1.646513829E1,-3.849359474E0,6.882195627E0,5.835572677E0
1.647510029E1,-3.881263929E0,6.836859825E0,5.867643485E0
1.648506229E1,-3.913165753E0,6.771371010E0,5.922141874E0
1.649502429E1,-3.949159750E0,6.692900206E0,5.987097423E0
1.650498629E1,-3.989442388E0,6.605227640E0,6.057345287E0
1.651494829E1,-4.030460899E0,6.509832655E0,6.132989547E0
1.652491029E1,-4.050092340E0,6.409430700E0,6.225114183E0
1.653487329E1,-3.974943925E0,6.369222906E0,6.314183650E0
1.654483529E1,-3.885730032E0,6.391179786E0,6.347442028E0
1.655479729E1,-3.804318371E0,6.421967715E0,6.365657859E0
1.656475929E1,-3.751602214E0,6.449957167E0,6.368644032E0
1.657472129E1,-3.721753932E0,6.466573784E0,6.369306521E0
1.658468329E1,-3.702220431E0,6.473449525E0,6.373704797E0
1.659464529E1,-3.701528706E0,6.473582842E0,6.373972015E0
1.660460829E1,-3.740063611E0,6.474158208E0,6.350850955E0
1.661457029E1,-3.808783305E0,6.474678610E0,6.309343325E0
1.662453229E1,-3.880596761E0,6.470606024E0,6.269635468E0
1.663449429E1,-3.939477054E0,6.464491006E0,6.239148086E0
1.664445629E1,-3.981692781E0,6.463575332E0,6.213244336E0
1.665441829E1,-4.009882208E0,6.474275152E0,6.183907101E0
1.666438129E1,-4.030138132E0,6.495994635E0,6.147857262E0
1.667434329E1,-4.047318714E0,6.524581672E0,6.106156089E0
1.668430529E1,-4.060858819E0,6.557398000E0,6.061852321E0
1.669426729E1,-4.069413003E0,6.591383772E0,6.019105082E0
1.670422929E1,-4.072089273E0,6.624605312E0,5.980702908E0
1.671419129E1,-4.070646181E0,6.655865112E0,5.946880859E0
1.672415329E1,-4.070607589E0,6.682983329E0,5.916418034E0
1.673411629E1,-4.076126191E0,6.705457687E0,5.887115883E0
1.674407829E1,-4.088268227E0,6.724648833E0,5.856727903E0
1.675404029E1,-4.105135397E0,6.741819767E0,5.825103822E0
1.676400229E1,-4.125141646E0,6.758015969E0,5.792109738E0
1.677396429E1,-4.146889487E0,6.774024476E0,5.757777227E0
1.678392629E1,-4.170138017E0,6.789211450E0,5.722992725E0
1.679388829E1,-4.196489371E0,6.799686736E0,5.691206676E0
1.680385129E1,-4.217526484E0,6.797971163E0,5.677688498E0
1.681381329E1,-4.223735349E0,6.791738032E0,5.680531999E0
1.682377529E1,-4.223570166E0,6.781008976E0,5.693458439E0
1.683373729E1,-4.221587667E0,6.769103460E0,5.709074598E0
1.684369929E1,-4.217928480E0,6.760153711E0,5.722368827E0
1.685366129E1,-4.210205185E0,6.755129784E0,5.733977889E0
1.686362329E1,-4.196802197E0,6.754541554E0,5.744485921E0
1.687358629E1,-4.177570412E0,6.759967185E0,5.752118291E0
1.688354829E1,-4.154901342E0,6.769270690E0,5.757592455E0
1.689351029E1,-4.130935359E0,6.777812303E0,5.764785115E0
1.690347229E1,-4.106905057E0,6.782975394E0,5.775870266E0
1.691343429E1,-4.080819459E0,6.784740084E0,5.792263520E0
1.692339629E1,-4.053836605E0,6.783939600E0,5.812113647E0
1.693335967E1,-4.026148869E0,6.781299582E0,5.834397971E0
1.694332167E1,-3.996272521E0,6.776957440E0,5.859928084E0
1.695328367E1,-3.959975637E0,6.770705012E0,5.891710625E0
1.696324567E1,-3.916138769E0,6.763947385E0,5.928657426E0
1.697320767E1,-3.868838303E0,6.755878227E0,5.968777512E0
1.698316967E1,-3.819101594E0,6.747595646E0,6.010034881E0
1.699313167E1,-3.769514282E0,6.740410588E0,6.049274960E0
1.700309467E1,-3.725149118E0,6.734186811E0,6.083592854E0
1.701305667E1,-3.689081153E0,6.730815892E0,6.109246927E0
1.702301867E1,-3.659329643E0,6.730248127E0,6.127737578E0
1.703298067E1,-3.632475720E0,6.730203103E0,6.143743161E0
1.704294267E1,-3.606559983E0,6.729759884E0,6.159477434E0
1.705290467E1,-3.579791722E0,6.729958105E0,6.174856780E0
1.706286767E1,-3.550341928E0,6.733348321E0,6.188149840E0
1.707282967E1,-3.520855882E0,6.735497172E0,6.202640410E0
1.708279167E1,-3.489698701E0,6.737340800E0,6.218226163E0
1.709275367E1,-3.458743541E0,6.741533838E0,6.230964907E0
1.710271567E1,-3.428378365E0,6.745000652E0,6.243980809E0
1.711267767E1,-3.396544954E0,6.745495911E0,6.260820791E0
1.712263967E1,-3.363444451E0,6.743737653E0,6.280552804E0
1.713260267E1,-3.330761731E0,6.740725753E0,6.301170672E0
1.714256467E1,-3.297497506E0,6.736809288E0,6.322816479E0
1.715252667E1,-3.264520087E0,6.732882298E0,6.344076371E0
1.716248867E1,-3.234600762E0,6.730394892E0,6.362015043E0
1.717245067E1,-3.208299401E0,6.730320048E0,6.375399320E0
1.718241267E1,-3.186293989E0,6.731698821E0,6.384972382E0
1.719237467E1,-3.171064916E0,6.734707798E0,6.389377674E0
1.720233767E1,-3.163846821E0,6.741208148E0,6.386100309E0
1.721229967E1,-3.163886290E0,6.752853463E0,6.373766778E0
1.722226167E1,-3.169912430E0,6.769704553E0,6.352861227E0
1.723222367E1,-3.181864431E0,6.790087947E0,6.325072920E0
1.724218567E1,-3.191003337E0,6.810032215E0,6.298973288E0
1.725214767E1,-3.189272269E0,6.825302219E0,6.283302750E0
1.726210967E1,-3.178315171E0,6.836354041E0,6.276837484E0
1.727207267E1,-3.162911266E0,6.846840438E0,6.273185897E0
1.728203467E1,-3.143149139E0,6.858206840E0,6.270702000E0
1.729199667E1,-3.115772768E0,6.870402378E0,6.271015411E0
1.730195867E1,-3.081066327E0,6.882841744E0,6.274522571E0
1.731192067E1,-3.041708134E0,6.895159489E0,6.280197294E0
1.732188267E1,-3.001590972E0,6.906519459E0,6.287013978E0
1.733184567E1,-2.963594303E0,6.915761569E0,6.294875559E0
1.734180767E1,-2.929066202E0,6.922019843E0,6.304149828E0
1.735176967E1,-2.899585125E0,6.923680453E0,6.315943662E0
1.736173167E1,-2.875107511E0,6.920829350E0,6.330243613E0
1.737169367E1,-2.855689200E0,6.913605700E0,6.346905254E0
1.738165567E1,-2.841325808E0,6.901527107E0,6.366466529E0
1.739161767E1,-2.831896003E0,6.885643145E0,6.387831670E0
1.740158067E1,-2.825084874E0,6.868494431E0,6.409272825E0
1.741154267E1,-2.821513102E0,6.852655494E0,6.427774000E0
1.742150467E1,-2.823047996E0,6.838387118E0,6.442280357E0
1.743146667E1,-2.828951930E0,6.824830933E0,6.454054896E0
1.744142867E1,-2.838063646E0,6.811625581E0,6.463996916E0
1.745139067E1,-2.847138817E0,6.798729547E0,6.473575825E0
1.746135367E1,-2.852479371E0,6.786249250E0,6.484310728E0
1.747131567E1,-2.852506561E0,6.775163514E0,6.495880614E0
1.748127767E1,-2.848466720E0,6.765626705E0,6.507583231E0
1.749123967E1,-2.842598454E0,6.757276881E0,6.518813978E0
1.750120167E1,-2.837336837E0,6.750146787E0,6.528486443E0
1.751116367E1,-2.833074802E0,6.744488436E0,6.536180209E0
1.752112567E1,-2.829760892E0,6.739987249E0,6.542257220E0
1.753108867E1,-2.830053253E0,6.734845208E0,6.547423820E0
1.754105067E1,-2.835594952E0,6.728188153E0,6.551868873E0
1.755101267E1,-2.845852722E0,6.721240491E0,6.554550991E0
1.756097467E1,-2.857900617E0,6.715768667E0,6.554918196E0
1.757093667E1,-2.869858758E0,6.713115785E0,6.552410910E0
1.758089867E1,-2.881280417E0,6.712704726E0,6.547817338E0
1.759086167E1,-2.890887100E0,6.712111233E0,6.544190310E0
1.760082367E1,-2.897336871E0,6.710372272E0,6.543122023E0
1.761078567E1,-2.900605465E0,6.707844520E0,6.544265739E0
1.762074767E1,-2.901925766E0,6.705053059E0,6.546540306E0
1.763070967E1,-2.902691166E0,6.701864573E0,6.549465083E0
1.764067167E1,-2.902653452E0,6.698595394E0,6.552825478E0
1.765063367E1,-2.901060670E0,6.695271837E0,6.556926130E0
1.766059667E1,-2.898489942E0,6.691550669E0,6.561860011E0
1.767055867E1,-2.896616202E0,6.687196248E0,6.567124259E0
1.768052067E1,-2.896111879E0,6.682737746E0,6.571883308E0
1.769048267E1,-2.896464759E0,6.679235263E0,6.575288141E0
1.770044467E1,-2.896405410E0,6.677404500E0,6.577173284E0
1.771040667E1,-2.894597158E0,6.677297496E0,6.578077848E0
1.772036867E1,-2.889768235E0,6.677951215E0,6.579536728E0
1.773033167E1,-2.881849059E0,6.678956936E0,6.581989051E0
1.774029367E1,-2.872745236E0,6.680349158E0,6.584555978E0
1.775025567E1,-2.863951609E0,6.681281789E0,6.587438655E0
1.776021767E1,-2.855953202E0,6.680987089E0,6.591210110E0
1.777017967E1,-2.849204054E0,6.678569850E0,6.596577854E0
1.778014167E1,-2.843798303E0,6.674574448E0,6.602951903E0
1.779010367E1,-2.840448433E0,6.669069879E0,6.609951605E0
1.780006667E1,-2.839767817E0,6.662183028E0,6.617184611E0
1.781002867E1,-2.841459124E0,6.654778115E0,6.623907155E0
1.781999067E1,-2.844780927E0,6.647529321E0,6.629756125E0
1.782995267E1,-2.849318367E0,6.640820226E0,6.634530961E0
1.783991467E1,-2.854288500E0,6.634156739E0,6.639059045E0
1.784987667E1,-2.859533452E0,6.626726097E0,6.644220382E0
1.785983967E1,-2.865279511E0,6.618734708E0,6.649708579E0
1.786980167E1,-2.871487792E0,6.610207129E0,6.655511355E0
1.787976367E1,-2.877631754E0,6.600694293E0,6.662295295E0
1.788972567E1,-2.883089838E0,6.591076208E0,6.669452872E0
1.789968767E1,-2.888000037E0,6.582187271E0,6.676104664E0
1.790964967E1,-2.891587889E0,6.574238566E0,6.682381065E0
1.791961167E1,-2.893352871E0,6.567262253E0,6.688473864E0
1.792957446E1,-2.892506194E0,6.561227927E0,6.694759621E0
1.793953646E1,-2.889457748E0,6.555739145E0,6.701448251E0
1.794949846E1,-2.886156702E0,6.550937412E0,6.707565023E0
1.795946046E1,-2.884407800E0,6.546981186E0,6.712178476E0
1.796942246E1,-2.885881298E0,6.542725582E0,6.715693823E0
1.797938446E1,-2.891367741E0,6.537045597E0,6.718863013E0
1.798934746E1,-2.899579571E0,6.528948373E0,6.723196970E0
1.799930946E1,-2.908252746E0,6.517872577E0,6.730193748E0
1.800927146E1,-2.914887289E0,6.503662673E0,6.741060798E0
1.801923346E1,-2.917123849E0,6.487913198E0,6.755254914E0
1.802919546E1,-2.915166493E0,6.474033077E0,6.769401668E0
1.803915746E1,-2.911673367E0,6.463624449E0,6.780841160E0
1.804911946E1,-2.908204798E0,6.456594341E0,6.789023169E0
1.805908246E1,-2.906263230E0,6.451463410E0,6.794729467E0
1.806904446E1,-2.906069395E0,6.447323581E0,6.798740657E0
1.807900646E1,-2.907436767E0,6.443359169E0,6.801913941E0
1.808896846E1,-2.909212274E0,6.438780799E0,6.805489513E0
1.809893046E1,-2.911308208E0,6.433590810E0,6.809500703E0
1.810889246E1,-2.913987402E0,6.428344688E0,6.813307241E0
1.811885546E1,-2.916331551E0,6.423557573E0,6.816819078E0
1.812881746E1,-2.916483579E0,6.419513054E0,6.820563051E0
1.813877946E1,-2.913995881E0,6.416074891E0,6.824859585E0
1.814874146E1,-2.910187297E0,6.413488083E0,6.828915213E0
1.815870346E1,-2.906392746E0,6.411495352E0,6.832401908E0
1.816866546E1,-2.903279396E0,6.409279257E0,6.835803233E0
1.817862746E1,-2.901633697E0,6.406247476E0,6.839343722E0
1.818859046E1,-2.901328473E0,6.402442693E0,6.843033900E0
1.819855246E1,-2.900831459E0,6.398472433E0,6.846957382E0
1.820851446E1,-2.898660096E0,6.394860023E0,6.851250992E0
1.821847646E1,-2.893784688E0,6.391895485E0,6.856076115E0
1.822843846E1,-2.886212836E0,6.389445502E0,6.861549109E0
1.823840046E1,-2.876487454E0,6.386917166E0,6.867984554E0
1.824836346E1,-2.864666431E0,6.383228157E0,6.876349581E0
1.825832546E1,-2.851150592E0,6.378066235E0,6.886748854E0
1.826828746E1,-2.836972263E0,6.371566470E0,6.898611100E0
1.827824946E1,-2.823502617E0,6.364542795E0,6.910609002E0
1.828821146E1,-2.812501958E0,6.357997422E0,6.921112356E0
1.829817346E1,-2.803824690E0,6.352463617E0,6.929709517E0
1.830813546E1,-2.796424746E0,6.347651358E0,6.937105075E0
1.831809846E1,-2.789886974E0,6.342090071E0,6.944819307E0
1.832806046E1,-2.783807332E0,6.335088031E0,6.953645094E0
1.833802246E1,-2.777535024E0,6.326766273E0,6.963722770E0
1.834798446E1,-2.770322483E0,6.317437041E0,6.975055259E0
1.835794646E1,-2.762416755E0,6.307313172E0,6.987342598E0
1.836790846E1,-2.754272753E0,6.297233741E0,6.999637538E0
1.837787146E1,-2.745862118E0,6.287599284E0,7.011593340E0
1.838783346E1,-2.736977274E0,6.277774208E0,7.023860214E0
1.839779546E1,-2.727575244E0,6.267130521E0,7.037010602E0
1.840775746E1,-2.718398039E0,6.255817913E0,7.050613564E0
1.841771946E1,-2.710259884E0,6.244383683E0,7.063870372E0
1.842768146E1,-2.702646809E0,6.233166384E0,7.076682791E0
1.843764346E1,-2.694590223E0,6.222601050E0,7.089042050E0
1.844760646E1,-2.685834310E0,6.213102833E0,7.100685611E0
1.845756846E1,-2.675915678E0,6.205062912E0,7.111453843E0
1.846753046E1,-2.664454843E0,6.197905920E0,7.121989941E0
1.847749246E1,-2.652123358E0,6.189735020E0,7.133689050E0
1.848745446E1,-2.639824909E0,6.178667995E0,7.147831126E0
1.849741646E1,-2.627681704E0,6.164801323E0,7.164259463E0
1.850737946E1,-2.616252151E0,6.148831408E0,7.182144341E0
1.851734146E1,-2.605959882E0,6.131559902E0,7.200628560E0
1.852730346E1,-2.596315777E0,6.114163266E0,7.218881813E0
1.853726546E1,-2.586724297E0,6.097078287E0,7.236753243E0
1.854722746E1,-2.576318007E0,6.079334911E0,7.255368438E0
1.855718946E1,-2.564692573E0,6.059937358E0,7.275686343E0
1.856715146E1,-2.551781629E0,6.038498542E0,7.298016860E0
1.857711446E1,-2.537747434E0,6.015985007E0,7.321465364E0
1.858707646E1,-2.522299090E0,5.993385519E0,7.345300369E0
1.859703846E1,-2.505854673E0,5.971582421E0,7.368650056E0
1.860700046E1,-2.487727135E0,5.951424145E0,7.391067111E0
1.861696246E1,-2.466519577E0,5.933279650E0,7.412731045E0
1.862692446E1,-2.439537161E0,5.915156205E0,7.436107044E0
1.863688746E1,-2.399522033E0,5.890926513E0,7.468291873E0
1.864684946E1,-2.339310476E0,5.854146357E0,7.516162443E0
1.865681146E1,-2.273238986E0,5.812721758E0,7.568404976E0
1.866677346E1,-2.215628417E0,5.775969084E0,7.613492855E0
1.867673546E1,-2.171482085E0,5.745355402E0,7.649291264E0
1.868669746E1,-2.131964409E0,5.718613161E0,7.680383833E0
1.869666046E1,-2.089394778E0,5.692166204E0,7.711664683E0
1.870662246E1,-2.043932531E0,5.664638098E0,7.744050656E0
1.871658446E1,-2.002267903E0,5.637400013E0,7.774750877E0
1.872654646E1,-1.972681284E0,5.610592868E0,7.801658009E0
1.873650846E1,-1.958794001E0,5.585162158E0,7.823375153E0
1.874647046E1,-1.959316596E0,5.562311824E0,7.839507036E0
1.875643246E1,-1.967815670E0,5.542995547E0,7.851051194E0
1.876639546E1,-1.973126404E0,5.527851259E0,7.860389782E0
1.877635746E1,-1.960646984E0,5.517122787E0,7.871042824E0
1.878631946E1,-1.920711524E0,5.511189033E0,7.885034042E0
1.879628146E1,-1.851989345E0,5.510159923E0,7.902175155E0
1.880624346E1,-1.757151892E0,5.512211711E0,7.922376115E0
1.881620546E1,-1.639645369E0,5.517483560E0,7.943868141E0
1.882616846E1,-1.511346640E0,5.521899962E0,7.966213861E0
1.883613046E1,-1.388874954E0,5.516699449E0,7.992067909E0
1.884609246E1,-1.283009069E0,5.494692283E0,8.024857925E0
1.885605446E1,-1.195720371E0,5.454532437E0,8.065632314E0
1.886601646E1,-1.126667020E0,5.402095191E0,8.110738905E0
1.887597846E1,-1.075422242E0,5.346964134E0,8.154112381E0
1.888594146E1,-1.032898877E0,5.299798738E0,8.190320680E0
1.889590346E1,-9.884629621E-1,5.266538606E0,8.217214363E0
1.890586546E1,-9.360039360E-1,5.248367214E0,8.234964171E0
1.891582746E1,-8.713437442E-1,5.244649554E0,8.244423212E0
1.892578946E1,-7.945296762E-1,5.251328829E0,8.247930956E0
1.893575092E1,-7.088672360E-1,5.262361940E0,8.248706297E0
1.894571392E1,-6.183993347E-1,5.273491530E0,8.248877036E0
1.895567592E1,-5.297381499E-1,5.281437312E0,8.249963449E0
1.896563792E1,-4.486201292E-1,5.282436016E0,8.254133098E0
1.897559992E1,-3.772841348E-1,5.275350945E0,8.262229738E0
1.898556192E1,-3.169220120E-1,5.260572107E0,8.274179692E0
1.899552392E1,-2.674631374E-1,5.238793568E0,8.289729193E0
1.900548592E1,-2.279232419E-1,5.211733823E0,8.307946778E0
1.901544892E1,-1.957170704E-1,5.181399053E0,8.327718553E0
1.902541092E1,-1.623765209E-1,5.149950973E0,8.347917759E0
1.903537292E1,-1.177689166E-1,5.117831633E0,8.368394709E0
1.904533492E1,-5.626264905E-2,5.086430331E0,8.388155959E0
1.905529692E1,2.725889254E-2,5.058333875E0,8.405273098E0
1.906525892E1,1.339521732E-1,5.034227559E0,8.418711753E0
1.907522192E1,2.575671634E-1,5.010938099E0,8.429724984E0
1.908518392E1,3.845795961E-1,4.983354444E0,8.441230550E0
1.909514592E1,4.995248558E-1,4.943441935E0,8.458661685E0
1.910510792E1,5.956892607E-1,4.889854250E0,8.483547435E0
1.911506992E1,6.769809803E-1,4.829798082E0,8.511806443E0
1.912503192E1,7.472748913E-1,4.767365899E0,8.541071173E0
1.913499492E1,8.098316934E-1,4.705671634E0,8.569534834E0
1.914495692E1,8.728691366E-1,4.650070461E0,8.593662785E0
1.915491892E1,9.438239291E-1,4.607915837E0,8.608856190E0
1.916488092E1,1.027272979E0,4.584805594E0,8.611641219E0
1.917484292E1,1.105867597E0,4.585203497E0,8.601689842E0
1.918480492E1,1.162922096E0,4.606323640E0,8.582860638E0
1.919476792E1,1.210524206E0,4.640312335E0,8.557933958E0
1.920472992E1,1.253428151E0,4.685833201E0,8.526897522E0
1.921469192E1,1.300925668E0,4.726322831E0,8.497385455E0
1.922465392E1,1.347863022E0,4.751996493E0,8.475723860E0
1.923461592E1,1.391656621E0,4.763915749E0,8.461944312E0
1.924457792E1,1.433652786E0,4.767579322E0,8.452865340E0
1.925453992E1,1.472821822E0,4.773770062E0,8.442630959E0
1.926450292E1,1.508683088E0,4.789185661E0,8.427554498E0
1.927446492E1,1.539359189E0,4.816352410E0,8.406498674E0
1.928442692E1,1.564388049E0,4.858293611E0,8.377695290E0
1.929438892E1,1.588026149E0,4.917393174E0,8.338676235E0
1.930435092E1,1.620469864E0,4.990710241E0,8.288726395E0
1.931431292E1,1.673565652E0,5.071262069E0,8.229069008E0
1.932427592E1,1.755453130E0,5.155007061E0,8.159680685E0
1.933423792E1,1.866891851E0,5.239144401E0,8.080976577E0
1.934419992E1,1.990853407E0,5.317033406E0,8.000109585E0
1.935416192E1,2.106193829E0,5.381690163E0,7.927008280E0
1.936412392E1,2.202724635E0,5.431203216E0,7.866774357E0
1.937408592E1,2.279654697E0,5.468150017E0,7.819118380E0
1.938404892E1,2.340862035E0,5.495446574E0,7.781807297E0
1.939401092E1,2.391040209E0,5.513868812E0,7.753468766E0
1.940397292E1,2.430023303E0,5.525635749E0,7.732945039E0
1.941393492E1,2.458697464E0,5.532885126E0,7.718684265E0
1.942389692E1,2.481230002E0,5.535302950E0,7.709735101E0
1.943385892E1,2.500855889E0,5.532740700E0,7.705232161E0
1.944382192E1,2.514676660E0,5.526787650E0,7.705005873E0
1.945378392E1,2.522449071E0,5.520546332E0,7.706940132E0
1.946374592E1,2.526355596E0,5.518327314E0,7.707249450E0
1.947370792E1,2.524003261E0,5.520093758E0,7.706755360E0
1.948366992E1,2.512697378E0,5.525372039E0,7.706666483E0
1.949363192E1,2.496647648E0,5.534204258E0,7.705545571E0
1.950359392E1,2.478091801E0,5.546241336E0,7.702880995E0
1.951355692E1,2.456276132E0,5.560709687E0,7.699436401E0
1.952351892E1,2.431073755E0,5.578358338E0,7.694666827E0
1.953348092E1,2.405242072E0,5.599091395E0,7.687723843E0
1.954344292E1,2.379984439E0,5.621499680E0,7.679226084E0
1.955340492E1,2.353009333E0,5.645252824E0,7.670109106E0
1.956336692E1,2.324209750E0,5.671360057E0,7.659622709E0
1.957332992E1,2.296855159E0,5.698864190E0,7.647450560E0
1.958329192E1,2.274442782E0,5.724220641E0,7.635201228E0
1.959325392E1,2.261720556E0,5.743210058E0,7.624713662E0
1.960321592E1,2.269468117E0,5.755269940E0,7.613309253E0
1.961317792E1,2.309289556E0,5.758841420E0,7.598619878E0
1.962313992E1,2.381039131E0,5.751914808E0,7.581703883E0
1.963310292E1,2.462570952E0,5.738185546E0,7.566047963E0
1.964306492E1,2.529766862E0,5.724514171E0,7.554225478E0
1.965302692E1,2.571203156E0,5.716809295E0,7.546065688E0
1.966298892E1,2.588827541E0,5.717991602E0,7.539140831E0
1.967295092E1,2.591653208E0,5.727176408E0,7.531194465E0
1.968291292E1,2.590474701E0,5.740475315E0,7.521468791E0
1.969287592E1,2.591450309E0,5.755008570E0,7.510017019E0
1.970283792E1,2.593370827E0,5.768845421E0,7.498730139E0
1.971279992E1,2.595446881E0,5.781024002E0,7.488625565E0
1.972276192E1,2.595395718E0,5.791789895E0,7.480320180E0
1.973272392E1,2.595042838E0,5.799184869E0,7.474711531E0
1.974268592E1,2.596722451E0,5.801469376E0,7.472355103E0
1.975264792E1,2.597388157E0,5.800377116E0,7.472971399E0
1.976261092E1,2.593003622E0,5.798218324E0,7.476168657E0
1.977257292E1,2.584101821E0,5.795507555E0,7.481351044E0
1.978253492E1,2.572704720E0,5.792371693E0,7.487704629E0
1.979249692E1,2.561809019E0,5.789491355E0,7.493665865E0
1.980245892E1,2.553122980E0,5.788658127E0,7.497273012E0
1.981242092E1,2.545850506E0,5.790840307E0,7.498060632E0
1.982238392E1,2.540133390E0,5.796360079E0,7.495734610E0
1.983234592E1,2.538064646E0,5.804743817E0,7.489945282E0
1.984230792E1,2.540337458E0,5.814951301E0,7.481251642E0
1.985226992E1,2.545201465E0,5.826502476E0,7.470603862E0
1.986223192E1,2.552010255E0,5.838816127E0,7.458657416E0
1.987219392E1,2.560215945E0,5.851446113E0,7.445936798E0
1.988215692E1,2.564848694E0,5.865289396E0,7.433440129E0
1.989211892E1,2.559173679E0,5.882824026E0,7.421530520E0
1.990208092E1,2.542207105E0,5.903439555E0,7.410983312E0
1.991204292E1,2.518175926E0,5.924137529E0,7.402667987E0
1.992200492E1,2.491448011E0,5.942753309E0,7.396787442E0
1.993196746E1,2.465064789E0,5.957405847E0,7.393839861E0
1.994193046E1,2.443046514E0,5.967357223E0,7.393122992E0
1.995189246E1,2.429357598E0,5.973023175E0,7.393058088E0
1.996185446E1,2.424173456E0,5.975775459E0,7.392536516E0
1.997181646E1,2.424734350E0,5.977678728E0,7.390813342E0
1.998177846E1,2.430012193E0,5.979865587E0,7.387310275E0
1.999174046E1,2.438634498E0,5.982734231E0,7.382144260E0
2.000170346E1,2.450159506E0,5.984968452E0,7.376514561E0
2.001166546E1,2.463307993E0,5.985135682E0,7.371998756E0
2.002162746E1,2.475414653E0,5.983177450E0,7.369532985E0
2.003158946E1,2.482227244E0,5.979266247E0,7.370415330E0
2.004155146E1,2.487342096E0,5.972925526E0,7.373831273E0
2.005151346E1,2.491925729E0,5.965818821E0,7.378035421E0
2.006147546E1,2.494818639E0,5.960648713E0,7.381236772E0
2.007143846E1,2.498190143E0,5.958824966E0,7.381568894E0
2.008140046E1,2.504883159E0,5.959753504E0,7.378550561E0
2.009136246E1,2.514662334E0,5.962090636E0,7.373333675E0
2.010132446E1,2.526939441E0,5.964952263E0,7.366819292E0
2.011128646E1,2.541302249E0,5.968483397E0,7.359013844E0
2.012124846E1,2.557480033E0,5.973034285E0,7.349710924E0
2.013121146E1,2.574213594E0,5.978929448E0,7.339068407E0
2.014117346E1,2.590417106E0,5.986225019E0,7.327410813E0
2.015113546E1,2.607813157E0,5.993258049E0,7.315481324E0
2.016109746E1,2.627210418E0,5.998165618E0,7.304510778E0
2.017105946E1,2.646807654E0,6.000216236E0,7.295746386E0
2.018102146E1,2.663926840E0,5.999974746E0,7.289711475E0
2.019098446E1,2.679819572E0,5.997393200E0,7.286009603E0
2.020094646E1,2.698195324E0,5.991510317E0,7.284067742E0
2.021090846E1,2.722249892E0,5.981342009E0,7.283474835E0
2.022087046E1,2.752393751E0,5.966949087E0,7.283950798E0
2.023083246E1,2.786854316E0,5.948475979E0,7.285958147E0
2.024079446E1,2.823399414E0,5.926178207E0,7.290057045E0
2.025075746E1,2.860775401E0,5.899497947E0,7.297122236E0
2.026071946E1,2.893519809E0,5.870666496E0,7.307456020E0
2.027068146E1,2.916172799E0,5.842363048E0,7.321122133E0
2.028064346E1,2.928319513E0,5.814427391E0,7.338492456E0
2.029060546E1,2.931941570E0,5.786391161E0,7.359177566E0
2.030056746E1,2.930205824E0,5.759749492E0,7.380736835E0
2.031053046E1,2.927505288E0,5.734730426E0,7.401262316E0
2.032049246E1,2.925919231E0,5.710620017E0,7.420507257E0
2.033045446E1,2.926848353E0,5.687979598E0,7.437509791E0
2.034041646E1,2.931402165E0,5.666611533E0,7.452012640E0
2.035037846E1,2.940087911E0,5.644737099E0,7.465181154E0
2.036034046E1,2.953989082E0,5.620754160E0,7.477778395E0
2.037030346E1,2.968729620E0,5.594998344E0,7.491244533E0
2.038026546E1,2.980295705E0,5.567401825E0,7.507195153E0
2.039022746E1,2.991613283E0,5.537046005E0,7.525123301E0
2.040018946E1,3.006925094E0,5.501982592E0,7.544713227E0
2.041015146E1,3.029258535E0,5.458068248E0,7.567640744E0
2.042011346E1,3.064995255E0,5.399288528E0,7.595366487E0
2.043007646E1,3.111765671E0,5.321483138E0,7.631174836E0
2.044003846E1,3.166701432E0,5.223632323E0,7.676051046E0
2.045000046E1,3.224892337E0,5.108374346E0,7.729209838E0
2.045996246E1,3.281129980E0,4.982020109E0,7.787795430E0
2.046992446E1,3.333467238E0,4.845105801E0,7.851690295E0
2.047988646E1,3.383168571E0,4.693192214E0,7.922387225E0
2.048984946E1,3.436434074E0,4.520931779E0,7.999262323E0
2.049981146E1,3.499682529E0,4.321910100E0,8.081424474E0
2.050977346E1,3.573200741E0,4.092309530E0,8.168312929E0
2.051973546E1,3.655116724E0,3.824872212E0,8.261148587E0
2.052969746E1,3.749523529E0,3.517476776E0,8.354910445E0
2.053965946E1,3.830967349E0,3.189024054E0,8.449255269E0
2.054962246E1,3.871315476E0,2.860238334E0,8.547985505E0
2.055958446E1,3.863261229E0,2.543168388E0,8.651219852E0
2.056954646E1,3.808034277E0,2.237826786E0,8.759400943E0
2.057950846E1,3.707401064E0,1.938081847E0,8.873281315E0
2.058947046E1,3.574702013E0,1.635627309E0,8.987899021E0
2.059943346E1,3.433010822E0,1.327558712E0,9.093300930E0
2.060939546E1,3.302351572E0,1.016018258E0,9.181409699E0
2.061935746E1,3.191876326E0,7.074577647E-1,9.249190623E0
2.062931946E1,3.101198583E0,4.181552220E-1,9.297516691E0
2.063928146E1,3.026005436E0,1.658181189E-1,9.330160527E0
2.064924346E1,2.957553544E0,-3.500647612E-2,9.353488578E0
2.065920646E1,2.884014575E0,-1.737537773E-1,9.374880032E0
2.066916846E1,2.796530288E0,-2.488165128E-1,9.399659947E0
2.067913046E1,2.681241030E0,-2.663068322E-1,9.432716011E0
2.068909246E1,2.525405424E0,-2.350811109E-1,9.476453184E0
2.069905446E1,2.328047277E0,-1.618848248E-1,9.528383476E0
2.070901646E1,2.083904243E0,-4.922097058E-2,9.585980304E0
2.071897946E1,1.795989975E0,9.516677862E-2,9.643726822E0
2.072894146E1,1.482551004E0,2.578553763E-1,9.693897686E0
2.073890346E1,1.165188258E0,4.268107823E-1,9.731200583E0
2.074886546E1,8.591380470E-1,5.952930388E-1,9.754158506E0
2.075882746E1,5.619094939E-1,7.594131263E-1,9.764407505E0
2.076878946E1,2.687158120E-1,9.182869457E-1,9.763229291E0
2.077875246E1,-2.491466384E-2,1.072647080E0,9.751148944E0
2.078871446E1,-3.253114874E-1,1.224028350E0,9.727899245E0
2.079867646E1,-6.273048634E-1,1.373587117E0,9.693082584E0
2.080863846E1,-9.218060924E-1,1.521423001E0,9.647364959E0
2.081860046E1,-1.205522863E0,1.667306646E0,9.591814656E0
2.082856346E1,-1.474839111E0,1.808290471E0,9.528433177E0
2.083852546E1,-1.732136188E0,1.940772005E0,9.458816228E0
2.084848746E1,-1.980670481E0,2.066328097E0,9.383140978E0
2.085844946E1,-2.219610809E0,2.195503031E0,9.299956734E0
2.086841146E1,-2.442170016E0,2.341354078E0,9.208146678E0
2.087837346E1,-2.644081390E0,2.512412033E0,9.106740171E0
2.088833646E1,-2.824378822E0,2.713152794E0,8.994319848E0
2.089829846E1,-2.980851775E0,2.939128675E0,8.871986741E0
2.090826046E1,-3.115900237E0,3.180036592E0,8.741546470E0
2.091822246E1,-3.236567180E0,3.424865066E0,8.604128716E0
2.092818446E1,-3.339769075E0,3.668838677E0,8.462958804E0
2.093814617E1,-3.411986866E0,3.911218045E0,8.324471009E0
2.094810917E1,-3.447410175E0,4.151747354E0,8.192341477E0
2.095807117E1,-3.452822650E0,4.390204410E0,8.064751723E0
2.096803317E1,-3.433067248E0,4.625038531E0,7.940980201E0
2.097799517E1,-3.390802111E0,4.853102745E0,7.822145483E0
2.098795717E1,-3.333325443E0,5.072362515E0,7.706892185E0
2.099791917E1,-3.269496360E0,5.283291464E0,7.591661106E0
2.100788217E1,-3.206418936E0,5.487130664E0,7.473043905E0
2.101784417E1,-3.147125246E0,5.686274550E0,7.348332151E0
2.102780617E1,-3.091227326E0,5.882157444E0,7.216692030E0
2.103776817E1,-3.034375433E0,6.074781684E0,7.079950215E0
2.104773017E1,-2.971517280E0,6.264441971E0,6.939953254E0
2.105769317E1,-2.901652993E0,6.451189175E0,6.796960180E0
2.106765517E1,-2.824799237E0,6.633752112E0,6.652063252E0
2.107761717E1,-2.738011062E0,6.810684180E0,6.507993706E0
2.108757917E1,-2.642923349E0,6.981314119E0,6.364928126E0
2.109754117E1,-2.542490403E0,7.144163752E0,6.223564671E0
2.110750417E1,-2.436177644E0,7.299066435E0,6.084797965E0
2.111746617E1,-2.323163244E0,7.449164461E0,5.945498577E0
2.112742817E1,-2.203555817E0,7.595810291E0,5.803802415E0
2.113739017E1,-2.076842414E0,7.738741969E0,5.659919980E0
2.114735217E1,-1.947965250E0,7.877347292E0,5.512615753E0
2.115731417E1,-1.822097501E0,8.010206557E0,5.362149938E0
2.116727717E1,-1.703049652E0,8.136017003E0,5.209698408E0
2.117723917E1,-1.592180450E0,8.253811501E0,5.057238691E0
2.118720117E1,-1.483365667E0,8.363778917E0,4.907436535E0
2.119716317E1,-1.370015053E0,8.467430170E0,4.760438703E0
2.120712517E1,-1.251135604E0,8.563751353E0,4.618757159E0
2.121708817E1,-1.127212712E0,8.652068283E0,4.484106308E0
2.122705017E1,-9.986397486E-1,8.732885574E0,4.356091754E0
2.123701217E1,-8.666851214E-1,8.805847131E0,4.235801371E0
2.124697417E1,-7.367435443E-1,8.869512784E0,4.126142397E0
2.125693617E1,-6.135954816E-1,8.923334066E0,4.029108730E0
2.126689817E1,-4.976933982E-1,8.967531415E0,3.946109843E0
2.127686117E1,-3.910827597E-1,9.001890823E0,3.879318560E0
2.128682317E1,-2.900530693E-1,9.027389361E0,3.828603905E0
2.129678517E1,-1.863518775E-1,9.045380659E0,3.792424258E0
2.130674717E1,-7.656483047E-2,9.056725427E0,3.769079249E0
2.131670917E1,3.893735364E-2,9.063284249E0,3.753859532E0
2.132667217E1,1.599554629E-1,9.066043550E0,3.743978029E0
2.133663417E1,2.871727492E-1,9.064857150E0,3.739251433E0
2.134659617E1,4.155434535E-1,9.059028060E0,3.741316085E0
2.135655817E1,5.415440803E-1,9.049374892E0,3.748551722E0
2.136652017E1,6.693972878E-1,9.034991326E0,3.762570421E0
2.137648317E1,8.026290932E-1,9.014032567E0,3.786698664E0
2.138644517E1,9.460899445E-1,8.984318771E0,3.824007116E0
2.139640717E1,1.107363900E0,8.943709273E0,3.875553246E0
2.140636917E1,1.289154785E0,8.891425225E0,3.939130314E0
2.141633117E1,1.488866435E0,8.827713963E0,4.011340503E0
2.142629417E1,1.706352452E0,8.753431520E0,4.086795021E0
2.143625617E1,1.936297131E0,8.669533916E0,4.162453313E0
2.144621817E1,2.172740844E0,8.574972745E0,4.240889618E0
2.145618017E1,2.410209282E0,8.469077330E0,4.324549826E0
2.146614217E1,2.643659513E0,8.353418820E0,4.412206897E0
2.147610417E1,2.865191803E0,8.231896722E0,4.501406172E0
2.148606717E1,3.065835207E0,8.110268204E0,4.589151829E0
2.149602917E1,3.241089124E0,7.993123916E0,4.673480958E0
2.150599117E1,3.386967507E0,7.885117657E0,4.752839077E0
2.151595317E1,3.503151390E0,7.789540240E0,4.825671410E0
2.152591617E1,3.597314073E0,7.703980857E0,4.893272532E0
2.153587817E1,3.678727488E0,7.622819164E0,4.959403664E0
2.154584017E1,3.753015778E0,7.542487777E0,5.026116301E0
2.155580217E1,3.822652901E0,7.461394497E0,5.094214729E0
2.156576417E1,3.885693779E0,7.378309071E0,5.167015488E0
2.157572617E1,3.940895296E0,7.293322715E0,5.245272283E0
2.158568917E1,3.990025648E0,7.206422566E0,5.327596402E0
2.159565117E1,4.033662542E0,7.116666636E0,5.414675476E0
2.160561317E1,4.069003405E0,7.025555322E0,5.506440509E0
2.161557517E1,4.091288898E0,6.935001247E0,5.603857461E0
2.162553717E1,4.098600257E0,6.846870843E0,5.705955693E0
2.163550017E1,4.093564635E0,6.762926461E0,5.808756176E0
2.164546217E1,4.080584401E0,6.680266128E0,5.912612082E0
2.165542417E1,4.061969497E0,6.595207266E0,6.019945326E0
2.166538617E1,4.037293078E0,6.509222206E0,6.129142079E0
2.167534817E1,4.003858699E0,6.422978114E0,6.241038491E0
2.168531117E1,3.959427169E0,6.335083353E0,6.358125476E0
2.169527317E1,3.908844660E0,6.244001859E0,6.478385160E0
2.170523517E1,3.857614865E0,6.148970572E0,6.598868793E0
2.171519717E1,3.800465349E0,6.047750006E0,6.724379861E0
2.172515917E1,3.730562763E0,5.937704238E0,6.860224130E0
2.173512217E1,3.645567636E0,5.819703918E0,7.005496448E0
2.174508417E1,3.545014530E0,5.696113660E0,7.157042829E0
2.175504617E1,3.436178843E0,5.565665787E0,7.311097081E0
2.176500817E1,3.332523205E0,5.429671830E0,7.459828613E0
2.177497117E1,3.235738630E0,5.291783375E0,7.600205058E0
2.178493317E1,3.142647156E0,5.150722806E0,7.734980455E0
2.179489517E1,3.058961221E0,5.008856490E0,7.860675126E0
2.180485717E1,2.983330702E0,4.868456949E0,7.977090266E0
2.181481917E1,2.906593598E0,4.725834588E0,8.090382993E0
2.182478217E1,2.819495520E0,4.575534833E0,8.206767728E0
2.183474417E1,2.713103677E0,4.413415809E0,8.330481947E0
2.184470617E1,2.581484022E0,4.238640487E0,8.462030851E0
2.185466817E1,2.431855967E0,4.051696524E0,8.596855949E0
2.186463017E1,2.284533176E0,3.857880036E0,8.725466627E0
2.187459317E1,2.156762450E0,3.668344880E0,8.838988565E0
2.188455517E1,2.056452589E0,3.491049407E0,8.934185913E0
2.189451717E1,1.986446946E0,3.327807718E0,9.011982533E0
2.190447917E1,1.943200939E0,3.177463817E0,9.075449966E0
2.191444117E1,1.915557642E0,3.036073172E0,9.129567116E0
2.192440417E1,1.891407179E0,2.898130631E0,9.179298270E0
2.193436608E1,1.862249746E0,2.756005868E0,9.228897861E0
2.194432808E1,1.819738734E0,2.602933071E0,9.281669567E0
2.195429008E1,1.754626626E0,2.434796970E0,9.339654651E0
2.196425208E1,1.667656894E0,2.252852961E0,9.401046322E0
2.197421508E1,1.562716476E0,2.065323838E0,9.461947412E0
2.198417708E1,1.447448706E0,1.878008723E0,9.519142537E0
2.199413908E1,1.332418918E0,1.694138788E0,9.570300411E0
2.200410108E1,1.218918249E0,1.518552457E0,9.614797722E0
2.201406408E1,1.106023791E0,1.353524297E0,9.653019217E0
2.202402608E1,9.978045470E-1,1.197938220E0,9.685320405E0
2.203398808E1,8.949499040E-1,1.051703742E0,9.712315831E0
2.204395008E1,7.995077033E-1,9.119117995E-1,9.734747504E0
2.205391208E1,7.178556490E-1,7.745420659E-1,9.752992571E0
2.206387508E1,6.513642555E-1,6.435265745E-1,9.767174408E0
2.207383708E1,5.877105888E-1,5.216302911E-1,9.778476491E0
2.208379908E1,5.162122611E-1,4.080599311E-1,9.787906296E0
2.209376108E1,4.350021101E-1,3.037755891E-1,9.795641577E0
2.210372308E1,3.378927220E-1,2.046252852E-1,9.802043694E0
2.211368608E1,2.276730176E-1,9.670739204E-2,9.806881095E0
2.212364808E1,1.211900768E-1,-2.805839878E-2,9.809211211E0
2.213361008E1,2.991156186E-2,-1.695007867E-1,9.808489664E0
2.214357208E1,-4.266569822E-2,-3.157490605E-1,9.804824629E0
2.215353508E1,-9.050591734E-2,-4.573715838E-1,9.798914264E0
2.216349708E1,-1.092524836E-1,-5.923914311E-1,9.791487715E0
2.217345908E1,-1.112679092E-1,-7.175325903E-1,9.783091114E0
2.218342108E1,-1.126472765E-1,-8.286755153E-1,9.774288130E0
2.219338408E1,-1.241675704E-1,-9.269210174E-1,9.765321425E0
2.220334608E1,-1.467024654E-1,-1.020953381E0,9.755625572E0
2.221330808E1,-1.837971559E-1,-1.122576966E0,9.743825891E0
2.222327008E1,-2.394656821E-1,-1.234155143E0,9.729111958E0
2.223323208E1,-3.069966923E-1,-1.351282474E0,9.711636969E0
2.224319508E1,-3.723294600E-1,-1.459986891E0,9.693601232E0
2.225315708E1,-4.269287864E-1,-1.543351229E0,9.678424199E0
2.226311908E1,-4.556379574E-1,-1.594307667E0,9.668851138E0
2.227308108E1,-4.475431086E-1,-1.617762311E0,9.665332283E0
2.228304408E1,-4.065633728E-1,-1.625434442E0,9.665855609E0
2.229300608E1,-3.501422003E-1,-1.626902240E0,9.667817350E0
2.230296808E1,-2.936918647E-1,-1.627528623E0,9.669591395E0
2.231293008E1,-2.395544319E-1,-1.628296655E0,9.670954381E0
2.232289208E1,-1.883385055E-1,-1.624834372E0,9.672669954E0
2.233285508E1,-1.462026016E-1,-1.612262566E0,9.675501761E0
2.234281708E1,-1.157206279E-1,-1.588761437E0,9.679800634E0
2.235277908E1,-1.001513655E-1,-1.553820230E0,9.685644926E0
2.236274108E1,-9.970876783E-2,-1.509748596E0,9.692616561E0
2.237270408E1,-1.071702535E-1,-1.459239763E0,9.700269982E0
2.238266608E1,-1.192257778E-1,-1.399477857E0,9.708931462E0
2.239262808E1,-1.407219059E-1,-1.324668580E0,9.719133099E0
2.240259008E1,-1.782994758E-1,-1.231281091E0,9.730788939E0
2.241255308E1,-2.327093158E-1,-1.119955440E0,9.743082125E0
2.242251508E1,-2.986154030E-1,-9.904079653E-1,9.755307484E0
2.243247708E1,-3.764778037E-1,-8.382862182E-1,9.766864505E0
2.244243908E1,-4.665142902E-1,-6.595551082E-1,9.776679057E0
2.245240108E1,-5.628676333E-1,-4.538173903E-1,9.783319155E0
2.246236408E1,-6.528457206E-1,-2.239982618E-1,9.785689616E0
2.247232608E1,-7.230025875E-1,2.785010314E-2,9.783281148E0
2.248228808E1,-7.741521297E-1,2.972458207E-1,9.774888055E0
2.249225008E1,-8.149827249E-1,5.799768421E-1,9.758869023E0
2.250221308E1,-8.551400133E-1,8.709014024E-1,9.733774527E0
2.251217508E1,-8.993514687E-1,1.161780501E0,9.699357231E0
2.252213708E1,-9.513283188E-1,1.448132100E0,9.655775009E0
2.253209908E1,-1.014229887E0,1.728962027E0,9.603027277E0
2.254206208E1,-1.087702345E0,2.004180527E0,9.541292374E0
2.255202408E1,-1.165325741E0,2.273883057E0,9.471408207E0
2.256198608E1,-1.236976571E0,2.536055835E0,9.395446444E0
2.257194808E1,-1.292141542E0,2.791618627E0,9.315220891E0
2.258191108E1,-1.328447050E0,3.043612280E0,9.230804638E0
2.259187308E1,-1.352682882E0,3.296783853E0,9.139888621E0
2.260183508E1,-1.368450338E0,3.553602920E0,9.040760189E0
2.261179708E1,-1.378125726E0,3.812868755E0,8.933022902E0
2.262176008E1,-1.384816987E0,4.066927936E0,8.819210942E0
2.263172208E1,-1.385816714E0,4.314092373E0,8.700817105E0
2.264168408E1,-1.375704247E0,4.559941771E0,8.576157390E0
2.265164608E1,-1.360944267E0,4.809069411E0,8.441373222E0
2.266160908E1,-1.358538723E0,5.058428015E0,8.294744350E0
2.267157108E1,-1.368796201E0,5.296815489E0,8.142864677E0
2.268153308E1,-1.386826967E0,5.520791915E0,7.989597461E0
2.269149508E1,-1.409210693E0,5.747476187E0,7.824112487E0
2.270145808E1,-1.437204238E0,5.996336609E0,7.629842255E0
2.271142008E1,-1.475256748E0,6.265815482E0,7.402652784E0
2.272138208E1,-1.505403384E0,6.542627349E0,7.152893645E0
2.273134408E1,-1.511883269E0,6.811913264E0,6.895516754E0
2.274130708E1,-1.499379437E0,7.063999010E0,6.639870638E0
2.275126908E1,-1.483420485E0,7.288520982E0,6.396329429E0
2.276123108E1,-1.464775468E0,7.477826927E0,6.178401362E0
2.277119308E1,-1.445635631E0,7.635422253E0,5.987199749E0
2.278115608E1,-1.434204909E0,7.763324833E0,5.823224527E0
2.279111808E1,-1.431723935E0,7.865392075E0,5.685231991E0
2.280108008E1,-1.432775850E0,7.945914082E0,5.571867929E0
2.281104208E1,-1.425181632E0,8.008051858E0,5.484164371E0
2.282100508E1,-1.399457392E0,8.056486099E0,5.419469023E0
2.283096708E1,-1.353963130E0,8.097289724E0,5.369989300E0
2.284092908E1,-1.293941900E0,8.131048624E0,5.333654117E0
2.285089108E1,-1.224961420E0,8.159835051E0,5.305907325E0
2.286085408E1,-1.158007000E0,8.184868736E0,5.282333105E0
2.287081608E1,-1.094402962E0,8.205950872E0,5.263150145E0
2.288077808E1,-1.028631141E0,8.222016097E0,5.251330583E0
2.289074008E1,-9.677179181E-1,8.243375391E0,5.229377212E0
2.290070308E1,-9.183217366E-1,8.277554705E0,5.184097543E0
2.291066508E1,-8.814793810E-1,8.322466584E0,5.118168433E0
2.292062708E1,-8.558799054E-1,8.377013505E0,5.032814872E0
2.293058946E1,-8.414621334E-1,8.434161267E0,4.938924376E0
2.294055246E1,-8.339429795E-1,8.486590911E0,4.849578336E0
2.295051446E1,-8.313212342E-1,8.527068261E0,4.778505722E0
2.296047646E1,-8.327978754E-1,8.556872689E0,4.724665730E0
2.297043846E1,-8.318314037E-1,8.579772139E0,4.683126233E0
2.298040146E1,-8.279220285E-1,8.599343939E0,4.647788292E0
2.299036346E1,-8.295477006E-1,8.617386693E0,4.613958349E0
2.300032546E1,-8.386294498E-1,8.629533699E0,4.589547686E0
2.301028846E1,-8.506264745E-1,8.629964054E0,4.586529353E0
2.302025046E1,-8.610578341E-1,8.616560481E0,4.609725550E0
2.303021246E1,-8.694852798E-1,8.587740725E0,4.661632160E0
2.304017446E1,-8.714994264E-1,8.540330915E0,4.747560795E0
2.305013746E1,-8.592740679E-1,8.475995756E0,4.863666325E0
2.306009946E1,-8.350801168E-1,8.400518142E0,4.997003599E0
2.307006146E1,-8.025010391E-1,8.314887423E0,5.143417295E0
2.308002346E1,-7.669894367E-1,8.215806354E0,5.305500943E0
2.308998646E1,-7.338511460E-1,8.099215797E0,5.486370526E0
2.309994846E1,-7.053977175E-1,7.962381595E0,5.686737649E0
2.310991046E1,-6.789766350E-1,7.800508447E0,5.909920608E0
2.311987346E1,-6.518006770E-1,7.609063590E0,6.157385885E0
2.312983546E1,-6.183568693E-1,7.390494668E0,6.421395273E0
2.313979746E1,-5.746744773E-1,7.152791319E0,6.689053323E0
2.314975946E1,-5.271213382E-1,6.907494775E0,6.945844324E0
2.315972246E1,-4.813325599E-1,6.664559337E0,7.182483480E0
2.316968446E1,-4.289399727E-1,6.424872027E0,7.400887510E0
2.317964646E1,-3.658818084E-1,6.186112086E0,7.604883415E0
2.318960846E1,-2.931083126E-1,5.947873716E0,7.795702620E0
2.319957146E1,-2.215724713E-1,5.715656224E0,7.969835626E0
2.320953346E1,-1.621068363E-1,5.498198858E0,8.122784754E0
2.321949546E1,-1.190458937E-1,5.295634936E0,8.257007589E0
2.322945846E1,-9.571051486E-2,5.099805252E0,8.379673403E0
2.323942046E1,-8.682559758E-2,4.897797400E0,8.499420286E0
2.324938246E1,-8.645916902E-2,4.678568620E0,8.622042831E0
2.325934446E1,-1.000536165E-1,4.438796818E0,8.747752705E0
2.326930746E1,-1.269645586E-1,4.174591548E0,8.876528859E0
2.327926946E1,-1.341024740E-1,3.885381830E0,9.006770909E0
2.328923146E1,-8.251488402E-2,3.576734506E0,9.134344876E0
2.329919446E1,-3.840530726E-2,3.247911071E0,9.256656933E0
2.330915646E1,1.107268613E-2,2.910404229E0,9.368325303E0
2.331911846E1,7.268616676E-2,2.574802994E0,9.465791371E0
2.332908046E1,1.428662717E-1,2.235514066E0,9.550820412E0
2.333904346E1,2.198367802E-1,1.896478323E0,9.622428923E0
2.334900546E1,3.014031727E-1,1.566862737E0,9.679369694E0
2.335896746E1,4.025763392E-1,1.247721414E0,9.721997066E0
2.336893046E1,5.278630210E-1,9.367602003E-1,9.750894590E0
2.337889246E1,6.607401927E-1,6.392204656E-1,9.766827668E0
2.338885446E1,7.765339930E-1,3.706601531E-1,9.772190734E0
2.339881646E1,8.507493391E-1,1.409311357E-1,9.772024673E0
2.340877946E1,8.810560425E-1,-4.913098741E-2,9.770231917E0
2.341874146E1,8.911741376E-1,-2.148517730E-1,9.767074420E0
2.342870346E1,8.969834194E-1,-3.631727934E-1,9.762152819E0
2.343866646E1,8.885000597E-1,-4.845081827E-1,9.757659819E0
2.344862846E1,8.582304130E-1,-5.641407549E-1,9.756089841E0
2.345859046E1,8.155968288E-1,-5.973381025E-1,9.757770916E0
2.346855246E1,7.681275241E-1,-5.960462333E-1,9.761701414E0
2.347851546E1,7.216637944E-1,-5.741614207E-1,9.766556942E0
2.348847746E1,6.742982778E-1,-5.379274678E-1,9.772003623E0
2.349843946E1,6.231493934E-1,-4.893357170E-1,9.777951411E0
2.350840246E1,5.731615103E-1,-4.332427926E-1,9.783654200E0
2.351836446E1,5.281189097E-1,-3.752624600E-1,9.788583403E0
2.352832646E1,4.907039655E-1,-3.213077161E-1,9.792449582E0
2.353828946E1,4.629574654E-1,-2.673658543E-1,9.795421722E0
2.354825146E1,4.404267548E-1,-2.026730095E-1,9.798012623E0
2.355821346E1,4.202901866E-1,-1.226459056E-1,9.800225210E0
2.356817546E1,4.025276976E-1,-2.220468724E-2,9.801713326E0
2.357813846E1,3.768389058E-1,1.081058629E-1,9.802163562E0
2.358810046E1,3.325547257E-1,2.755741026E-1,9.800488334E0
2.359806246E1,2.699932276E-1,4.831050702E-1,9.794376824E0
2.360802546E1,1.967048113E-1,7.362737936E-1,9.780353447E0
2.361798746E1,1.101796144E-1,1.039469248E0,9.754150904E0
2.362794946E1,9.157849198E-3,1.386257156E0,9.711555108E0
2.363791246E1,-9.557073900E-2,1.761987247E0,9.649993283E0
2.364787446E1,-1.910036482E-1,2.147115860E0,9.570240769E0
2.365783646E1,-2.660454069E-1,2.521937732E0,9.476557850E0
2.366779846E1,-3.179922352E-1,2.875214223E0,9.373800051E0
2.367776146E1,-3.592619198E-1,3.205431926E0,9.264568800E0
2.368772346E1,-4.035331264E-1,3.517191724E0,9.148913798E0
2.369768546E1,-4.519041813E-1,3.813438858E0,9.027157227E0
2.370764846E1,-4.925344364E-1,4.097600968E0,8.899616590E0
2.371761046E1,-5.263193926E-1,4.374850206E0,8.764689165E0
2.372757246E1,-5.708381191E-1,4.648355180E0,8.619920876E0
2.373753546E1,-6.321044042E-1,4.919140906E0,8.463958678E0
2.374749746E1,-7.022375898E-1,5.185135424E0,8.298032239E0
2.375745946E1,-7.695597265E-1,5.445581519E0,8.123392864E0
2.376742246E1,-8.249592443E-1,5.711428102E0,7.933166567E0
2.377738446E1,-8.681204666E-1,5.989732178E0,7.720464742E0
2.378734646E1,-9.032367242E-1,6.278866467E0,7.483053753E0
2.379730946E1,-9.390233651E-1,6.571842962E0,7.222549186E0
2.380727146E1,-9.880654246E-1,6.857657202E0,6.944952039E0
2.381723346E1,-1.049819843E0,7.119726484E0,6.666594168E0
2.382719546E1,-1.109841438E0,7.341021962E0,6.411999967E0
2.383715846E1,-1.167311016E0,7.518368597E0,6.192544608E0
2.384712046E1,-1.225773817E0,7.653890099E0,6.012615842E0
2.385708246E1,-1.240945222E0,7.761283570E0,5.870147263E0
2.386704546E1,-1.221610307E0,7.847667995E0,5.758288273E0
2.387700746E1,-1.177278619E0,7.921445823E0,5.665757840E0
2.388696946E1,-1.111990875E0,8.000638758E0,5.566808918E0
2.389693246E1,-1.034827362E0,8.093775548E0,5.445734716E0
2.390689446E1,-9.639374739E-1,8.193971096E0,5.307143426E0
2.391685646E1,-9.141182464E-1,8.288253356E0,5.167722416E0
2.392681946E1,-8.871590008E-1,8.372894726E0,5.034250948E0
2.393678079E1,-8.717724182E-1,8.451475457E0,4.903946039E0
2.394674279E1,-8.551984855E-1,8.525795322E0,4.776563862E0
2.395670579E1,-8.322956727E-1,8.599262663E0,4.647155916E0
2.396666779E1,-8.063927997E-1,8.670979933E0,4.516627644E0
2.397662979E1,-7.842100715E-1,8.735362455E0,4.394831019E0
2.398659279E1,-7.690573045E-1,8.785707566E0,4.296042311E0
2.399655479E1,-7.565055983E-1,8.816304291E0,4.235159932E0
2.400651679E1,-7.385545731E-1,8.822369024E0,4.225686858E0
2.401647979E1,-7.110214233E-1,8.806417235E0,4.263514250E0
2.402644179E1,-6.755267047E-1,8.773952324E0,4.335612173E0
2.403640379E1,-6.376846214E-1,8.733042279E0,4.423057576E0
2.404636679E1,-6.014682101E-1,8.690352927E0,4.511330944E0
2.405632879E1,-5.719955755E-1,8.649028316E0,4.593825801E0
2.406629079E1,-5.507044380E-1,8.611051235E0,4.667186723E0
2.407625379E1,-5.389578203E-1,8.574531865E0,4.735294798E0
2.408621579E1,-5.398869794E-1,8.537351759E0,4.801901601E0
2.409617779E1,-5.525788361E-1,8.498406964E0,4.869068275E0
2.410614079E1,-5.697089121E-1,8.456273682E0,4.939934775E0
2.411610279E1,-5.855935313E-1,8.409480169E0,5.017350740E0
2.412606479E1,-5.934197736E-1,8.353860869E0,5.108519357E0
2.413602779E1,-5.882036187E-1,8.286229634E0,5.218095594E0
2.414598979E1,-5.683871491E-1,8.203061762E0,5.350029244E0
2.415595179E1,-5.394485113E-1,8.100184096E0,5.507459094E0
2.416591479E1,-5.017658743E-1,7.977345205E0,5.687379674E0
2.417587679E1,-4.374167544E-1,7.840489953E0,5.879751899E0
2.418583879E1,-3.416377174E-1,7.692271807E0,6.078515131E0
2.419580179E1,-2.719125944E-1,7.524118164E0,6.288864037E0
2.420576379E1,-2.065032830E-1,7.339498177E0,6.505783458E0
2.421572579E1,-1.355512496E-1,7.151639417E0,6.713551403E0
2.422568879E1,-6.858953438E-2,6.962211850E0,6.910788512E0
2.423565079E1,-6.387617721E-3,6.768798235E0,7.100663976E0
2.424561279E1,4.479345888E-2,6.572014870E0,7.283042725E0
2.425557579E1,7.554465122E-2,6.376511461E0,7.454562026E0
2.426553779E1,9.562744785E-2,6.182418984E0,7.616078494E0
2.427550079E1,1.101475644E-1,5.991012134E0,7.767351226E0
2.428546279E1,1.193910622E-1,5.804066709E0,7.907886130E0
2.429542479E1,1.233325697E-1,5.619260196E0,8.040199265E0
2.430538779E1,1.208270378E-1,5.431773904E0,8.168067931E0
2.431534979E1,1.144566426E-1,5.241707236E0,8.291411437E0
2.432531179E1,1.088757493E-1,5.053886483E0,8.407287464E0
2.433527479E1,1.039957179E-1,4.870669535E0,8.514802557E0
2.434523679E1,1.022767736E-1,4.692170121E0,8.614474779E0
2.435519879E1,1.082818001E-1,4.516012225E0,8.708042509E0
2.436516179E1,1.171742091E-1,4.339035425E0,8.797451114E0
2.437512379E1,1.171805314E-1,4.159550171E0,8.883722103E0
2.438508579E1,1.017395241E-1,3.977467583E0,8.966911610E0
2.439504879E1,7.060908958E-2,3.792542664E0,9.046974025E0
2.440501079E1,3.340064112E-2,3.599903513E0,9.125550663E0
2.441497279E1,6.413513920E-3,3.395100692E0,9.203768283E0
2.442493579E1,1.646485707E-3,3.175029328E0,9.281987071E0
2.443489779E1,2.403426274E-2,2.942055792E0,9.358409595E0
2.444486079E1,7.283547632E-2,2.697919920E0,9.431437810E0
2.445482279E1,1.423445082E-1,2.445129585E0,9.499325153E0
2.446478479E1,2.241743361E-1,2.187612360E0,9.560344942E0
2.447474779E1,3.048448439E-1,1.928631431E0,9.613716572E0
2.448470979E1,3.815919247E-1,1.665001674E0,9.660137617E0
2.449467179E1,4.652270622E-1,1.386784136E0,9.700334886E0
2.450463479E1,5.640130663E-1,1.082578430E0,9.733756401E0
2.451459679E1,6.711989611E-1,7.438683765E-1,9.758701208E0
2.452455879E1,7.685482313E-1,3.703439649E-1,9.772833928E0
2.453452179E1,8.377084402E-1,-3.229257320E-2,9.774113883E0
2.454448379E1,8.597454996E-1,-4.459036224E-1,9.762075051E0
2.455444679E1,8.318328656E-1,-8.377014966E-1,9.738706654E0
2.456440879E1,7.933825256E-1,-1.167980157E0,9.707856159E0
2.457437079E1,7.671723083E-1,-1.411908891E0,9.677502678E0
2.458433379E1,7.506997517E-1,-1.572084885E0,9.654071715E0
2.459429579E1,7.336262474E-1,-1.662832649E0,9.640169960E0
2.460425779E1,7.086662380E-1,-1.700429807E0,9.635477570E0
2.461422079E1,6.734696542E-1,-1.694488451E0,9.639047880E0
2.462418279E1,6.257041150E-1,-1.649710912E0,9.650028366E0
2.463414579E1,5.703955580E-1,-1.572764186E0,9.666290057E0
2.464410779E1,5.165391204E-1,-1.474607707E0,9.684772521E0
2.465406979E1,4.676972915E-1,-1.367954494E0,9.702889534E0
2.466403279E1,4.230516804E-1,-1.260916680E0,9.719424875E0
2.467399479E1,3.811019281E-1,-1.155099399E0,9.734300777E0
2.468395679E1,3.434373808E-1,-1.051954953E0,9.747386261E0
2.469391979E1,3.161546746E-1,-9.519154523E-1,9.758586017E0
2.470388179E1,2.993792504E-1,-8.479358051E-1,9.768698777E0
2.471384479E1,2.865972735E-1,-7.253822581E-1,9.778946022E0
2.472380679E1,2.690029651E-1,-5.743562791E-1,9.789476858E0
2.473376879E1,2.463649763E-1,-3.947646783E-1,9.798957533E0
2.474373179E1,2.322631367E-1,-1.926837177E-1,9.805357311E0
2.475369379E1,2.364726934E-1,2.480833816E-2,9.807117907E0
2.476365679E1,2.579005826E-1,2.543186331E-1,9.803311370E0
2.477361879E1,2.849817975E-1,4.972389599E-1,9.793244804E0
2.478358079E1,3.002286864E-1,7.526484094E-1,9.776476158E0
2.479354379E1,2.913540383E-1,1.014693572E0,9.753030578E0
2.480350579E1,2.576886759E-1,1.277602002E0,9.723036116E0
2.481346779E1,2.029574766E-1,1.538926787E0,9.686413835E0
2.482343079E1,1.325638889E-1,1.797171259E0,9.643064917E0
2.483339279E1,5.491338576E-2,2.050923608E0,9.593060113E0
2.484335579E1,-2.606111554E-2,2.300413775E0,9.536430999E0
2.485331779E1,-1.068903912E-1,2.545064347E0,9.473506188E0
2.486327979E1,-1.823259233E-1,2.784601676E0,9.404724805E0
2.487324279E1,-2.442727146E-1,3.022039562E0,9.329721985E0
2.488320479E1,-2.883439830E-1,3.259652280E0,9.248114735E0
2.489316779E1,-3.181201430E-1,3.499686037E0,9.158989720E0
2.490312979E1,-3.399151643E-1,3.743671343E0,9.061207902E0
2.491309179E1,-3.586936070E-1,3.992256069E0,8.953732570E0
2.492305479E1,-3.732308449E-1,4.243276744E0,8.836933853E0
2.493301804E1,-3.766618448E-1,4.490700505E0,8.713658175E0
2.494298104E1,-3.646364246E-1,4.727795452E0,8.587845390E0
2.495294304E1,-3.379012005E-1,4.952688137E0,8.461253171E0
2.496290504E1,-3.013794001E-1,5.167790244E0,8.333019639E0
2.497286804E1,-2.603315260E-1,5.377136351E0,8.200898293E0
2.498283004E1,-2.225726376E-1,5.588456479E0,8.059510864E0
2.499279304E1,-1.975964934E-1,5.807410732E0,7.903862076E0
2.500275504E1,-1.907930936E-1,6.035985408E0,7.730885065E0
2.501271704E1,-2.072294340E-1,6.270990853E0,7.541076844E0
2.502268004E1,-2.418745157E-1,6.507836416E0,7.336597958E0
2.503264204E1,-2.844161342E-1,6.744041709E0,7.118504416E0
2.504260504E1,-3.272104803E-1,6.976224117E0,6.889218133E0
2.505256704E1,-3.635968993E-1,7.201298066E0,6.651706572E0
2.506252904E1,-3.895279851E-1,7.423415662E0,6.401349263E0
2.507249204E1,-4.115720612E-1,7.642333662E0,6.136891394E0
2.508245404E1,-4.410675365E-1,7.853359675E0,5.862278665E0
2.509241704E1,-4.822590877E-1,8.052624013E0,5.582003492E0
2.510237904E1,-5.318480081E-1,8.236870363E0,5.301621900E0
2.511234204E1,-5.832502962E-1,8.404008930E0,5.026784053E0
2.512230404E1,-6.300469883E-1,8.553870728E0,4.761349407E0
2.513226604E1,-6.666827910E-1,8.687127603E0,4.508376346E0
2.514222904E1,-6.913434231E-1,8.804533846E0,4.270635574E0
2.515219104E1,-7.051665332E-1,8.906408131E0,4.051511167E0
2.516215404E1,-7.101044337E-1,8.993751499E0,3.852829504E0
2.517211604E1,-7.093173254E-1,9.066713056E0,3.678002726E0
2.518207804E1,-7.076358124E-1,9.126146495E0,3.528286816E0
2.519204104E1,-7.078080129E-1,9.173290840E0,3.403798425E0
2.520200304E1,-7.098223787E-1,9.210044684E0,3.302626099E0
2.521196604E1,-7.130483606E-1,9.238023611E0,3.222824177E0
2.522192804E1,-7.147433223E-1,9.258186564E0,3.164051473E0
2.523189004E1,-7.110119216E-1,9.271469684E0,3.125767414E0
2.524185304E1,-7.027009086E-1,9.278003363E0,3.108211733E0
2.525181504E1,-6.957455724E-1,9.278151882E0,3.109332937E0
2.526177804E1,-6.962286986E-1,9.273410375E0,3.123336726E0
2.527174004E1,-7.055873135E-1,9.265691466E0,3.144073292E0
2.528170304E1,-7.203669550E-1,9.256137115E0,3.168769592E0
2.529166504E1,-7.371595006E-1,9.244926249E0,3.197506025E0
2.530162704E1,-7.523874774E-1,9.231532617E0,3.232462142E0
2.531159004E1,-7.647055873E-1,9.215049316E0,3.276306612E0
2.532155204E1,-7.763680782E-1,9.194867066E0,3.329828223E0
2.533151504E1,-7.893377873E-1,9.170767767E0,3.392650124E0
2.534147704E1,-8.026062890E-1,9.142545011E0,3.464936912E0
2.535144004E1,-8.130601604E-1,9.109816391E0,3.547713897E0
2.536140204E1,-8.185974006E-1,9.070813708E0,3.645039925E0
2.537136404E1,-8.174729079E-1,9.023582239E0,3.760694342E0
2.538132704E1,-8.092496031E-1,8.966892314E0,3.895647787E0
2.539128904E1,-7.935947795E-1,8.899505492E0,4.050323598E0
2.540125204E1,-7.678366982E-1,8.819048390E0,4.227400677E0
2.541121404E1,-7.299699104E-1,8.723464540E0,4.427687401E0
2.542117704E1,-6.835444068E-1,8.612462168E0,4.646972606E0
2.543113904E1,-6.351943653E-1,8.486626579E0,4.879527482E0
2.544110204E1,-5.876420302E-1,8.347745267E0,5.119172400E0
2.545106404E1,-5.389667739E-1,8.197160168E0,5.362106084E0
2.546102604E1,-4.838900589E-1,8.033410648E0,5.609480143E0
2.547098904E1,-4.119462464E-1,7.854429715E0,5.862962789E0
2.548095104E1,-3.159157427E-1,7.658422861E0,6.122487947E0
2.549091404E1,-1.997791677E-1,7.445617540E0,6.384274224E0
2.550087604E1,-7.281195499E-2,7.217803586E0,6.643350901E0
2.551083904E1,5.340842666E-2,6.977528631E0,6.895458282E0
2.552080104E1,1.663514215E-1,6.728812051E0,7.136631954E0
2.553076304E1,2.556555442E-1,6.473156580E0,7.366749126E0
2.554072604E1,3.228106698E-1,6.211848605E0,7.585830848E0
2.555068804E1,3.766696290E-1,5.948720393E0,7.791466312E0
2.556065104E1,4.287162437E-1,5.689532619E0,7.980070007E0
2.557061304E1,4.790277337E-1,5.443193516E0,8.147286342E0
2.558057604E1,5.157932350E-1,5.217564082E0,8.291385709E0
2.559053804E1,5.266781924E-1,5.015046353E0,8.414750265E0
2.560050104E1,5.086738479E-1,4.833828861E0,8.521235079E0
2.561046304E1,4.673947347E-1,4.666547914E0,8.616320161E0
2.562042604E1,4.110539613E-1,4.502403122E0,8.706060888E0
2.563038804E1,3.461043324E-1,4.334391567E0,8.793711820E0
2.564035004E1,2.730392798E-1,4.162096633E0,8.879105142E0
2.565031304E1,1.963379351E-1,3.986161808E0,8.961476623E0
2.566027504E1,1.294374101E-1,3.807791910E0,9.039915267E0
2.567023804E1,8.476912270E-2,3.629916686E0,9.113320627E0
2.568020004E1,6.138917253E-2,3.457287877E0,9.180386437E0
2.569016304E1,5.022843670E-2,3.294220434E0,9.240220994E0
2.570012504E1,4.554880494E-2,3.138920725E0,9.294148695E0
2.571008804E1,4.229488425E-2,2.983311699E0,9.345274994E0
2.572005004E1,3.008102833E-2,2.819995750E0,9.395893756E0
2.573001304E1,3.962992664E-3,2.644367318E0,9.446872705E0
2.573997504E1,-2.944045672E-2,2.454870754E0,9.497833529E0
2.574993804E1,-5.921854903E-2,2.255804928E0,9.546933183E0
2.575990004E1,-7.803821918E-2,2.054470236E0,9.592140931E0
2.576986204E1,-8.137272181E-2,1.853049006E0,9.633051560E0
2.577982504E1,-6.740082285E-2,1.648588539E0,9.670248622E0
2.578978704E1,-4.446209991E-2,1.441719312E0,9.703378946E0
2.579975004E1,-2.851581550E-2,1.236803493E0,9.731680639E0
2.580971204E1,-2.184945518E-2,1.037101856E0,9.755001090E0
2.581967504E1,-1.496407210E-2,8.420624962E-1,9.773781762E0
2.582963704E1,-3.366384520E-3,6.483862685E-1,9.788548320E0
2.583960004E1,8.014878994E-3,4.587120945E-1,9.799266266E0
2.584956204E1,1.500882500E-2,2.823416151E-1,9.805924491E0
2.585952504E1,1.194173312E-2,1.312128988E-1,9.809115316E0
2.586948704E1,-7.642675738E-3,1.306006794E-2,9.809988306E0
2.587945004E1,-3.807191547E-2,-7.329332245E-2,9.809652091E0
2.588941204E1,-6.210303077E-2,-1.314881108E-1,9.808922358E0
2.589937504E1,-7.408268742E-2,-1.618717234E-1,9.808384414E0
2.590933704E1,-7.845730009E-2,-1.634169232E-1,9.808324773E0
2.591930004E1,-8.120623148E-2,-1.383798402E-1,9.808687885E0
2.592926204E1,-8.219563519E-2,-9.209418557E-2,9.809223490E0
2.593922342E1,-7.947488920E-2,-2.963256288E-2,9.809633380E0
2.594918642E1,-6.893912022E-2,4.671226381E-2,9.809646828E0
2.595914842E1,-4.884319933E-2,1.397936056E-1,9.808882597E0
2.596911142E1,-2.302073927E-2,2.515277571E-1,9.806747779E0
2.597907342E1,3.604933217E-3,3.794855384E-1,9.802656482E0
2.598903642E1,2.735672605E-2,5.203278969E-1,9.796152624E0
2.599899842E1,4.965122972E-2,6.722762375E-1,9.786811697E0
2.600896142E1,7.615722472E-2,8.357370514E-1,9.774039039E0
2.601892342E1,1.087734961E-1,1.013103641E0,9.756940611E0
2.602888642E1,1.395315772E-1,1.207365686E0,9.734418306E0
2.603884842E1,1.618733131E-1,1.419544478E0,9.705400329E0
2.604881142E1,1.734544729E-1,1.647880880E0,9.669048774E0
2.605877342E1,1.757366777E-1,1.887035216E0,9.625191733E0
2.606873642E1,1.720962378E-1,2.132019080E0,9.573974217E0
2.607869842E1,1.632628857E-1,2.379574111E0,9.515622513E0
2.608866142E1,1.472664659E-1,2.626579211E0,9.450687429E0
2.609862342E1,1.228969613E-1,2.869952314E0,9.379998685E0
2.610858642E1,9.439845448E-2,3.107650693E0,9.304283674E0
2.611854842E1,7.067605847E-2,3.336353424E0,9.224958007E0
2.612851142E1,6.076398184E-2,3.552710635E0,9.143886362E0
2.613847342E1,7.338245137E-2,3.757038078E0,9.061753448E0
2.614843642E1,1.077233088E-1,3.954521062E0,8.976985193E0
2.615839842E1,1.530200713E-1,4.149523950E0,8.887864856E0
2.616836142E1,2.042981883E-1,4.343349209E0,8.793729946E0
2.617832342E1,2.575633810E-1,4.534658118E0,8.695207871E0
2.618828642E1,3.041232792E-1,4.720273886E0,8.594336384E0
2.619824842E1,3.381366971E-1,4.895416121E0,8.494508041E0
2.620821142E1,3.629675927E-1,5.057931002E0,8.397719080E0
2.621817342E1,3.841805236E-1,5.208449442E0,8.304248999E0
2.622813642E1,4.017936528E-1,5.349434583E0,8.213294975E0
2.623809842E1,4.157303086E-1,5.486345968E0,8.121777864E0
2.624806142E1,4.255524980E-1,5.624226236E0,8.026399251E0
2.625802342E1,4.319872126E-1,5.763603977E0,7.926559798E0
2.626798642E1,4.372340654E-1,5.902489967E0,7.823396788E0
2.627794842E1,4.429311904E-1,6.038852883E0,7.718300103E0
2.628791142E1,4.488083364E-1,6.173586180E0,7.610617779E0
2.629787342E1,4.506289767E-1,6.308189669E0,7.499318368E0
2.630783642E1,4.446822122E-1,6.442554007E0,7.384568515E0
2.631779842E1,4.314118101E-1,6.579343185E0,7.263760947E0
2.632776142E1,4.098144978E-1,6.717888283E0,7.137095638E0
2.633772342E1,3.836797462E-1,6.856184288E0,7.005827985E0
2.634768642E1,3.574495022E-1,6.994260439E0,6.869399580E0
2.635764842E1,3.301371579E-1,7.130894081E0,6.728852397E0
2.636761142E1,3.003258050E-1,7.267272200E0,6.582754451E0
2.637757342E1,2.627066650E-1,7.404219253E0,6.429978400E0
2.638753642E1,2.134872704E-1,7.541448142E0,6.270333626E0
2.639749842E1,1.512570536E-1,7.677173127E0,6.105262635E0
2.640746142E1,7.787663503E-2,7.809751140E0,5.936145371E0
2.641742342E1,-6.260777110E-3,7.937258449E0,5.765065196E0
2.642738642E1,-1.036940016E-1,8.057356165E0,5.595030504E0
2.643734842E1,-2.106897615E-1,8.168867830E0,5.427827033E0
2.644731142E1,-3.192605328E-1,8.270112369E0,5.266822196E0
2.645727442E1,-4.210927901E-1,8.361589134E0,5.112984291E0
2.646723642E1,-5.131864731E-1,8.444202690E0,4.966707421E0
2.647719942E1,-5.967730422E-1,8.517353112E0,4.830596520E0
2.648716142E1,-6.717344199E-1,8.580580224E0,4.707282835E0
2.649712442E1,-7.393065982E-1,8.631881940E0,4.602187612E0
2.650708642E1,-8.056255719E-1,8.669338034E0,4.519917288E0
2.651704942E1,-8.707149493E-1,8.693236774E0,4.461569092E0
2.652701142E1,-9.324437857E-1,8.704645277E0,4.426715009E0
2.653697442E1,-9.902817386E-1,8.704969212E0,4.413497086E0
2.654693642E1,-1.044303287E0,8.695954560E0,4.418814543E0
2.655689942E1,-1.094964733E0,8.678866072E0,4.440093146E0
2.656686142E1,-1.139325584E0,8.656953632E0,4.471596774E0
2.657682442E1,-1.171546447E0,8.633900399E0,4.507699238E0
2.658678642E1,-1.192535393E0,8.611883293E0,4.544164814E0
2.659674942E1,-1.205470677E0,8.591916806E0,4.578417218E0
2.660671142E1,-1.214540439E0,8.573977548E0,4.609544578E0
2.661667442E1,-1.223852788E0,8.558135102E0,4.636443232E0
2.662663742E1,-1.232406095E0,8.545719125E0,4.657032448E0
2.663659942E1,-1.238954099E0,8.536791596E0,4.671646102E0
2.664656242E1,-1.243753786E0,8.530198275E0,4.682402055E0
2.665652442E1,-1.244566257E0,8.525164407E0,4.691346248E0
2.666648742E1,-1.240376727E0,8.520418223E0,4.701067244E0
2.667644942E1,-1.230999255E0,8.513377005E0,4.716266204E0
2.668641242E1,-1.218827618E0,8.501253389E0,4.741227676E0
2.669637442E1,-1.204666246E0,8.481260589E0,4.780490852E0
2.670633742E1,-1.187779633E0,8.449810170E0,4.840038896E0
2.671629942E1,-1.166633909E0,8.404129382E0,4.923989418E0
2.672626242E1,-1.137495041E0,8.342841792E0,5.033804221E0
2.673622542E1,-1.094283094E0,8.264185631E0,5.171254134E0
2.674618742E1,-1.029560556E0,8.166668108E0,5.336819215E0
2.675615042E1,-9.430021761E-1,8.051201386E0,5.524944023E0
2.676611242E1,-8.416920751E-1,7.920034890E0,5.727189857E0
2.677607542E1,-7.337754976E-1,7.773789595E0,5.938507646E0
2.678603742E1,-6.273161193E-1,7.614137219E0,6.153656530E0
2.679600042E1,-5.241677999E-1,7.441262534E0,6.370946081E0
2.680596242E1,-4.196572986E-1,7.256150796E0,6.588494663E0
2.681592542E1,-3.067263317E-1,7.061595220E0,6.802638411E0
2.682588742E1,-1.805539246E-1,6.858566444E0,7.011673447E0
2.683585042E1,-4.787892952E-2,6.648519255E0,7.213252113E0
2.684581342E1,7.398627689E-2,6.439668991E0,7.400087026E0
2.685577542E1,1.695193333E-1,6.241807399E0,7.566188296E0
2.686573842E1,2.307649887E-1,6.058646877E0,7.712045336E0
2.687570042E1,2.547754651E-1,5.888259013E0,7.842167519E0
2.688566342E1,2.483158633E-1,5.723197378E0,7.963632315E0
2.689562542E1,2.281860011E-1,5.556225457E0,8.081608077E0
2.690558842E1,2.119142780E-1,5.384350646E0,8.197558363E0
2.691555142E1,2.086000762E-1,5.207803910E0,8.310918333E0
2.692551342E1,2.218889336E-1,5.030580066E0,8.419033350E0
2.693547633E1,2.513637244E-1,4.858059430E0,8.518930691E0
2.694543833E1,2.905252320E-1,4.692411611E0,8.610050191E0
2.695540133E1,3.257994010E-1,4.533720810E0,8.693407513E0
2.696536333E1,3.476418212E-1,4.380631348E0,8.770707704E0
2.697532633E1,3.545656554E-1,4.226864195E0,8.845563759E0
2.698528933E1,3.515170999E-1,4.065203007E0,8.921135513E0
2.699525133E1,3.440509730E-1,3.892773003E0,8.998002425E0
2.700521433E1,3.365121578E-1,3.709023667E0,9.075572172E0
2.701517633E1,3.219941792E-1,3.515268867E0,9.152885227E0
2.702513933E1,2.852953361E-1,3.314263228E0,9.228779163E0
2.703510133E1,2.227007464E-1,3.103785099E0,9.303387880E0
2.704506433E1,1.409096472E-1,2.872731788E0,9.378894145E0
2.705502733E1,5.458206790E-2,2.612395328E0,9.455607276E0
2.706498933E1,-1.671003585E-2,2.319474821E0,9.531833918E0
2.707495233E1,-6.282114194E-2,1.995088546E0,9.604778518E0
2.708491433E1,-9.051714582E-2,1.647305660E0,9.670278443E0
2.709487733E1,-1.021027732E-1,1.282595086E0,9.725256888E0
2.710483933E1,-8.499991413E-2,9.040656401E-1,9.767883090E0
2.711480233E1,-3.125247688E-2,5.090085279E-1,9.796735591E0
2.712476533E1,5.279174640E-2,9.123246130E-2,9.809433990E0
2.713472733E1,1.745154685E-1,-3.474589130E-1,9.802291616E0
2.714469033E1,3.205967677E-1,-7.964450779E-1,9.772358549E0
2.715465233E1,4.361791181E-1,-1.217575363E0,9.724369281E0
2.716461533E1,4.934052695E-1,-1.544234159E0,9.675122277E0
2.717457833E1,4.905641805E-1,-1.728835142E0,9.643991700E0
2.718454033E1,4.408775386E-1,-1.773330845E0,9.638310546E0
2.719450333E1,3.707720907E-1,-1.711948383E0,9.652350295E0
2.720446533E1,2.940545017E-1,-1.580935523E0,9.677307381E0
2.721442833E1,2.122692771E-1,-1.400423498E0,9.707206534E0
2.722439033E1,1.285756767E-1,-1.179960590E0,9.737928974E0
2.723435333E1,4.779047668E-2,-9.323368547E-1,9.765478131E0
2.724431633E1,-2.493772151E-2,-6.790172732E-1,9.786440399E0
2.725427833E1,-8.434817799E-2,-4.463149375E-1,9.799479105E0
2.726424133E1,-1.310034954E-1,-2.567560998E-1,9.805764277E0
2.727420333E1,-1.689247811E-1,-1.237943170E-1,9.807764025E0
2.728416633E1,-1.995512907E-1,-4.909499049E-2,9.807847055E0
2.729412933E1,-2.205006584E-1,-2.524425037E-2,9.807489206E0
2.730409133E1,-2.295173939E-1,-4.048502939E-2,9.807231343E0
2.731405433E1,-2.260741878E-1,-8.383386970E-2,9.807036631E0
2.732401633E1,-2.146526388E-1,-1.460906000E-1,9.806563007E0
2.733397933E1,-2.055583729E-1,-2.162346030E-1,9.805461976E0
2.734394233E1,-2.052822199E-1,-2.838843482E-1,9.803742310E0
2.735390433E1,-2.150523873E-1,-3.389426261E-1,9.801784077E0
2.736386733E1,-2.317274952E-1,-3.719369657E-1,9.800207668E0
2.737382933E1,-2.537570812E-1,-3.762893041E-1,9.799495477E0
2.738379233E1,-2.801930558E-1,-3.518131152E-1,9.799684927E0
2.739375533E1,-3.149831118E-1,-3.034426815E-1,9.800245090E0
2.740371733E1,-3.633472232E-1,-2.424266756E-1,9.800270818E0
2.741368033E1,-4.215285173E-1,-1.799932132E-1,9.799286731E0
2.742364233E1,-4.801937415E-1,-1.240420654E-1,9.797455384E0
2.743360533E1,-5.307795756E-1,-8.126183485E-2,9.795293083E0
2.744356833E1,-5.689356544E-1,-5.831095610E-2,9.793314385E0
2.745353033E1,-5.915882429E-1,-6.581574775E-2,9.791925087E0
2.746349333E1,-5.978047468E-1,-1.152215406E-1,9.791090689E0
2.747345633E1,-5.950660572E-1,-2.095761044E-1,9.789692035E0
2.748341833E1,-5.869849493E-1,-3.421593256E-1,9.786443322E0
2.749338133E1,-5.782334948E-1,-5.035478863E-1,9.779989166E0
2.750334333E1,-5.864885573E-1,-6.889476726E-1,9.768187146E0
2.751330633E1,-6.334260942E-1,-8.974451302E-1,9.748305443E0
2.752326933E1,-7.191319500E-1,-1.126348932E0,9.718553640E0
2.753323133E1,-8.337382539E-1,-1.373307035E0,9.677551795E0
2.754319433E1,-9.353653470E-1,-1.639667004E0,9.626665231E0
2.755315633E1,-9.945135878E-1,-1.922805558E0,9.568169101E0
2.756311933E1,-8.815660659E-1,-1.917452286E0,9.580309090E0
2.757308233E1,-7.642003148E-1,-1.702340677E0,9.630894522E0
2.758304433E1,-8.702365009E-1,-1.666111621E0,9.628232285E0
2.759300733E1,-9.644512249E-1,-1.650060868E0,9.622017864E0
2.760297033E1,-1.020641213E0,-1.632594943E0,9.619200675E0
2.761293233E1,-1.093968586E0,-1.657969374E0,9.606792884E0
2.762289533E1,-1.183854690E0,-1.675047336E0,9.593164194E0
2.763285733E1,-1.325726926E0,-1.692504930E0,9.571518971E0
2.764282033E1,-1.503013335E0,-1.699682094E0,9.544010160E0
2.765278333E1,-1.676972678E0,-1.692962767E0,9.516183261E0
2.766274533E1,-1.817434785E0,-1.663900058E0,9.495496981E0
2.767270833E1,-1.874110531E0,-1.598423522E0,9.495727946E0
2.768267133E1,-1.801184057E0,-1.492066178E0,9.527097089E0
2.769263333E1,-1.611953248E0,-1.359825256E0,9.580635949E0
2.770259633E1,-1.310178156E0,-1.191711374E0,9.648801035E0
2.771255933E1,-8.964127312E-1,-9.745843765E-1,9.720222436E0
2.772252133E1,-1.888260537E-1,-6.835001142E-1,9.784338325E0
2.773248433E1,5.634402584E-1,-3.082664517E-1,9.788953532E0
2.774244633E1,7.066346960E-1,1.192515969E-1,9.783789856E0
2.775240933E1,2.653150348E-1,3.888445552E-1,9.798699086E0
2.776237233E1,-2.724784222E-1,5.128844279E-1,9.792793398E0
2.777233433E1,-5.435126917E-1,5.805727830E-1,9.777711090E0
2.778229733E1,-5.138986640E-1,6.271950819E-1,9.776432889E0
2.779226033E1,-4.685148785E-1,6.141849540E-1,9.779538345E0
2.780222233E1,-3.676514683E-1,5.184932233E-1,9.789386811E0
2.781218533E1,-1.990225562E-1,3.693922940E-1,9.801022185E0
2.782214833E1,1.231498077E-2,2.055171135E-1,9.807839454E0
2.783211033E1,2.764414639E-1,5.582059954E-2,9.805945541E0
2.784207333E1,5.050091420E-1,-7.186582068E-2,9.796729159E0
2.785203633E1,5.120516382E-1,-1.644495415E-1,9.795246890E0
2.786199833E1,3.786687920E-1,-2.175567315E-1,9.800274326E0
2.787196133E1,2.862853977E-1,-2.287416145E-1,9.803153495E0
2.788192333E1,2.638256028E-1,-1.920543197E-1,9.804570860E0
2.789188633E1,3.122596249E-1,-1.167137683E-1,9.804334048E0
2.790184933E1,3.823867806E-1,-1.323321061E-2,9.802535444E0
2.791181133E1,3.504464016E-1,6.724820138E-2,9.803507836E0
2.792177433E1,2.444240114E-1,8.929189833E-2,9.806547804E0
2.793173733E1,1.560062169E-1,9.398666432E-2,9.808308985E0
2.794169979E1,1.256792584E-1,1.069028713E-1,9.808612456E0
2.795166279E1,1.416964540E-1,1.179524553E-1,9.808267470E0
2.796162579E1,1.742526178E-1,1.075733460E-1,9.807862258E0
2.797158779E1,2.175078159E-1,7.683059555E-2,9.807287477E0
2.798155079E1,2.810354020E-1,3.976647054E-2,9.805892916E0
2.799151379E1,3.506323431E-1,3.182643477E-3,9.803731200E0
2.800147579E1,3.741376384E-1,-2.461597847E-2,9.802831898E0
2.801143879E1,3.539599935E-1,-2.925090187E-2,9.803568648E0
2.802140179E1,3.276335263E-1,-8.956840882E-3,9.804523498E0
2.803136379E1,3.046784358E-1,1.827752476E-2,9.805250307E0
2.804132679E1,2.813758013E-1,3.480838342E-2,9.805902271E0
2.805128979E1,2.607123442E-1,3.687820411E-2,9.806465943E0
2.806125179E1,2.508707859E-1,3.162437121E-2,9.806740762E0
2.807121479E1,2.575698678E-1,2.484701658E-2,9.806586396E0
2.808117779E1,2.761266096E-1,1.581534219E-2,9.806100492E0
2.809113979E1,2.960217974E-1,3.146974890E-3,9.805532143E0
2.810110279E1,3.050966030E-1,-8.231695349E-3,9.805250891E0
2.811106579E1,3.054613597E-1,-1.192845583E-2,9.805235689E0
2.812102779E1,3.048162839E-1,-7.706627946E-3,9.805260247E0
2.813099079E1,3.032999364E-1,-2.479943201E-3,9.805309948E0
2.814095379E1,3.030769565E-1,-1.238293096E-3,9.805316965E0
2.815091579E1,3.058181677E-1,-3.948707528E-3,9.805231011E0
2.816087879E1,3.079284827E-1,-8.077240348E-3,9.805162598E0
2.817084179E1,3.064412434E-1,-1.020268668E-2,9.805207037E0
2.818080479E1,3.031474154E-1,-6.833733438E-3,9.805312872E0
2.819076679E1,2.983152947E-1,1.690582364E-3,9.805463145E0
2.820072979E1,2.936862916E-1,9.806706839E-3,9.805598216E0
2.821069279E1,2.901780901E-1,1.117058474E-2,9.805701127E0
2.822065479E1,2.928313556E-1,6.533549720E-3,9.805626283E0
2.823061779E1,2.965559223E-1,-1.593436358E-3,9.805516355E0
2.824058079E1,2.998765195E-1,-9.297544548E-3,9.805411105E0
2.825054279E1,3.046532745E-1,-1.296830662E-2,9.805259662E0
2.826050579E1,3.109516759E-1,-1.103396888E-2,9.805064365E0
2.827046879E1,3.070219815E-1,-6.423273174E-3,9.805192419E0
2.828043079E1,2.917213896E-1,-3.355051542E-3,9.805660781E0
2.829039379E1,2.813357296E-1,-1.181110296E-3,9.805964836E0
2.830035679E1,2.771731516E-1,-9.191958622E-4,9.806083535E0
2.831031879E1,2.800840600E-1,-2.104700849E-3,9.806000504E0
2.832028179E1,2.861244713E-1,-3.653498797E-3,9.805825673E0
2.833024479E1,2.902931524E-1,-5.241245968E-3,9.805702296E0
2.834020779E1,2.941531918E-1,-5.422098521E-3,9.805587691E0
2.835016979E1,2.987057791E-1,-3.545845789E-3,9.805450866E0
2.836013279E1,3.041704772E-1,-3.663826285E-4,9.805283051E0
2.837009579E1,3.025323432E-1,1.084002405E-3,9.805333922E0
2.838005779E1,2.960461913E-1,1.308542053E-3,9.805532143E0
2.839002079E1,2.915945416E-1,1.522769702E-3,9.805665459E0
2.839998379E1,2.878715463E-1,1.441802467E-3,9.805775387E0
2.840994579E1,2.882773248E-1,1.214587461E-3,9.805763108E0
2.841990879E1,2.901144286E-1,2.547920295E-4,9.805709313E0
2.842987179E1,2.909235005E-1,-6.505051682E-4,9.805685340E0
2.843983479E1,2.896642478E-1,-8.879399535E-4,9.805722762E0
2.844979679E1,2.867592414E-1,6.433025440E-7,9.805808131E0
2.845975979E1,2.845598660E-1,9.584313074E-4,9.805871866E0
2.846972279E1,2.810200896E-1,-3.761175430E-4,9.805974192E0
2.847968479E1,2.773402541E-1,-3.392919402E-3,9.806078272E0
2.848964779E1,2.775036837E-1,-7.079129773E-3,9.806071841E0
2.849961079E1,2.833548280E-1,-9.771465944E-3,9.805902271E0
2.850957279E1,2.870675724E-1,-1.227940754E-2,9.805791174E0
2.851953579E1,2.829369348E-1,-1.473788992E-2,9.805908118E0
2.852949879E1,2.757984164E-1,-1.454135039E-2,9.806111602E0
2.853946179E1,2.711881427E-1,-1.186191292E-2,9.806243749E0
2.854942379E1,2.686991291E-1,-9.889304470E-3,9.806314500E0
2.855938679E1,2.683882217E-1,-1.034728649E-2,9.806322686E0
2.856934979E1,2.700412296E-1,-1.277270241E-2,9.806274154E0
2.857931279E1,2.719577641E-1,-1.543189960E-2,9.806217436E0
2.858927479E1,2.726662091E-1,-1.671831674E-2,9.806195801E0
2.859923779E1,2.715200818E-1,-1.628430259E-2,9.806227961E0
2.860920079E1,2.725948000E-1,-1.465069218E-2,9.806201064E0
2.861916279E1,2.992640054E-1,-1.563818754E-2,9.805421630E0
2.862912579E1,3.421667077E-1,-2.941393412E-2,9.803986723E0
2.863908879E1,3.597372619E-1,-5.126513433E-2,9.803268101E0
2.864905179E1,3.541675331E-1,-5.887857913E-2,9.803427730E0
2.865901379E1,3.451311730E-1,-4.954268621E-2,9.803801951E0
2.866897679E1,3.267281581E-1,-3.856329172E-2,9.804481983E0
2.867893979E1,2.913284384E-1,-2.879579434E-2,9.805630960E0
2.868890179E1,2.667631343E-1,-1.647036853E-2,9.806358354E0
2.869886479E1,2.624881436E-1,-7.650870405E-3,9.806484654E0
2.870882779E1,2.667743354E-1,-1.021321509E-2,9.806366540E0
2.871879079E1,2.783811681E-1,-2.009448878E-2,9.806028571E0
2.872875279E1,3.038550747E-1,-3.082512764E-2,9.805244460E0
2.873871579E1,3.274778077E-1,-4.313022753E-2,9.804437544E0
2.874867879E1,3.373610274E-1,-5.297630828E-2,9.804054551E0
2.875864179E1,3.382287542E-1,-5.368695512E-2,9.804020637E0
2.876860379E1,3.388619345E-1,-4.957107261E-2,9.804020637E0
2.877856679E1,3.466400835E-1,-5.005833754E-2,9.803745818E0
2.878852979E1,3.581634472E-1,-5.745747732E-2,9.803290905E0
2.879849279E1,3.686449467E-1,-6.608725499E-2,9.802848271E0
2.880845479E1,3.726308840E-1,-7.049916649E-2,9.802667007E0
2.881841779E1,3.723152440E-1,-7.095488843E-2,9.802675778E0
2.882838079E1,3.775862531E-1,-7.207517384E-2,9.802465863E0
2.883834379E1,3.935511984E-1,-7.683953997E-2,9.801801619E0
2.884830579E1,4.150083967E-1,-8.662067095E-2,9.800835074E0
2.885826879E1,4.292476094E-1,-9.802786692E-2,9.800114112E0
2.886823179E1,4.316300208E-1,-1.037113149E-1,9.799950975E0
2.887819379E1,4.286267813E-1,-1.000464994E-1,9.800121129E0
2.888815679E1,4.290579403E-1,-9.404726523E-2,9.800161475E0
2.889811979E1,4.327571448E-1,-9.381971718E-2,9.800001261E0
2.890808279E1,4.367180486E-1,-9.822293552E-2,9.799781991E0
2.891804479E1,4.321560510E-1,-1.003135435E-1,9.799963254E0
2.892800779E1,4.265436376E-1,-9.570094918E-2,9.800255030E0
2.893797021E1,4.212012925E-1,-8.869784863E-2,9.800552069E0
2.894793321E1,4.199132239E-1,-8.506046936E-2,9.800639777E0
2.895789621E1,4.231999804E-1,-8.625780554E-2,9.800487750E0
2.896785821E1,4.332183804E-1,-9.052545070E-2,9.800011786E0
2.897782121E1,4.452809305E-1,-9.615916989E-2,9.799417124E0
2.898778421E1,4.505592852E-1,-1.010881808E-1,9.799126518E0
2.899774721E1,4.445996568E-1,-1.012279750E-1,9.799397244E0
2.900770921E1,4.391702247E-1,-9.652506854E-2,9.799689605E0
2.901767221E1,4.364505020E-1,-9.229369439E-2,9.799851573E0
2.902763521E1,4.355390672E-1,-9.100404530E-2,9.799904197E0
2.903759821E1,4.424041004E-1,-9.134478265E-2,9.799593710E0
2.904756021E1,4.510313017E-1,-9.341643289E-2,9.799180897E0
2.905752321E1,4.549921690E-1,-9.540229350E-2,9.798978583E0
2.906748621E1,4.518256824E-1,-9.460394757E-2,9.799132950E0
2.907744921E1,4.384415520E-1,-8.895496166E-2,9.799793685E0
2.908741121E1,4.230553349E-1,-7.872518479E-2,9.800557331E0
2.909737421E1,4.077023373E-1,-6.845373737E-2,9.801285310E0
2.910733721E1,3.948882373E-1,-6.119188839E-2,9.801857752E0
2.911730021E1,3.882004113E-1,-5.795126554E-2,9.802144850E0
2.912726321E1,3.868655285E-1,-5.820514434E-2,9.802196306E0
2.913722521E1,3.856101679E-1,-5.961785448E-2,9.802237236E0
2.914718821E1,3.825484561E-1,-5.900578348E-2,9.802360613E0
2.915715121E1,3.746813198E-1,-5.576996174E-2,9.802683379E0
2.916711421E1,3.642393256E-1,-5.068389368E-2,9.803104379E0
2.917707621E1,3.452629912E-1,-4.454194638E-2,9.803821247E0
2.918703921E1,3.247035597E-1,-3.599819815E-2,9.804558581E0
2.919700221E1,3.181885554E-1,-2.817569027E-2,9.804797732E0
2.920696521E1,3.243651155E-1,-2.691372181E-2,9.804598927E0
2.921692821E1,3.310554997E-1,-3.116106388E-2,9.804362699E0
2.922689021E1,3.343141164E-1,-3.620982168E-2,9.804235230E0
2.923685321E1,3.353403758E-1,-3.782527946E-2,9.804193715E0
2.924681621E1,3.334537352E-1,-3.639122241E-2,9.804263297E0
2.925677921E1,3.295500609E-1,-3.225302455E-2,9.804410062E0
2.926674121E1,3.262448126E-1,-2.592402117E-2,9.804539285E0
2.927670421E1,3.229474946E-1,-1.923899088E-2,9.804663831E0
2.928666721E1,3.194346702E-1,-1.260330560E-2,9.804789546E0
2.929663021E1,3.152709045E-1,-7.181002659E-3,9.804929879E0
2.930659321E1,3.114294299E-1,-4.250122073E-3,9.805054425E0
2.931655521E1,3.110738461E-1,-4.266646453E-3,9.805065535E0
2.932651821E1,3.141451693E-1,-5.900550368E-3,9.804966717E0
2.933648121E1,3.163503370E-1,-7.340293033E-3,9.804895381E0
2.934644421E1,3.170619797E-1,-7.093652452E-3,9.804872577E0
2.935640721E1,3.168200511E-1,-5.438067587E-3,9.804881347E0
2.936636921E1,3.163263634E-1,-3.555780631E-3,9.804897720E0
2.937633221E1,3.167852602E-1,-1.358416975E-3,9.804883686E0
2.938629521E1,3.151926979E-1,5.517903636E-4,9.804935142E0
2.939625821E1,3.137587414E-1,1.151898628E-3,9.804981335E0
2.940622121E1,3.154096296E-1,4.156223655E-4,9.804928125E0
2.941618321E1,3.174617831E-1,-2.140832387E-3,9.804861467E0
2.942614621E1,3.191980407E-1,-9.158059332E-3,9.804801241E0
2.943610921E1,3.242463805E-1,-1.441682639E-2,9.804629332E0
2.944607221E1,3.282189788E-1,-1.614562765E-2,9.804494262E0
2.945603521E1,3.273878336E-1,-1.723872693E-2,9.804520574E0
2.946599721E1,3.262025299E-1,-2.049436524E-2,9.804553903E0
2.947596021E1,3.274440034E-1,-2.183006115E-2,9.804509465E0
2.948592321E1,3.268157567E-1,-1.851050889E-2,9.804536946E0
2.949588621E1,3.226822868E-1,-1.336353729E-2,9.804682542E0
2.950584921E1,3.181925023E-1,-1.018942994E-2,9.804832816E0
2.951581121E1,3.166085647E-1,-9.528136121E-3,9.804884856E0
2.952577421E1,3.186189105E-1,-1.050978313E-2,9.804818782E0
2.953573721E1,3.211979346E-1,-1.242951197E-2,9.804732243E0
2.954570021E1,3.221551603E-1,-1.385418720E-2,9.804698914E0
2.955566321E1,3.215559669E-1,-1.374649679E-2,9.804718795E0
2.956562521E1,3.201771204E-1,-1.255553659E-2,9.804765573E0
2.957558821E1,3.189210654E-1,-1.134918862E-2,9.804808257E0
2.958555121E1,3.184241982E-1,-1.093136395E-2,9.804824629E0
2.959551421E1,3.181964492E-1,-1.116578933E-2,9.804831646E0
2.960547721E1,3.172128379E-1,-1.026004649E-2,9.804864390E0
2.961544021E1,3.155417767E-1,-9.024236323E-3,9.804919939E0
2.962540221E1,3.144391380E-1,-8.316261848E-3,9.804955607E0
2.963536521E1,3.141852227E-1,-8.429846296E-3,9.804963793E0
2.964532821E1,3.146140794E-1,-9.084601973E-3,9.804949760E0
2.965529121E1,3.150296337E-1,-9.593990387E-3,9.804935727E0
2.966525421E1,3.148435826E-1,-9.703310479E-3,9.804941574E0
2.967521721E1,3.141635149E-1,-9.569733007E-3,9.804963793E0
2.968517921E1,3.136069331E-1,-9.391355243E-3,9.804981335E0
2.969514221E1,3.134880153E-1,-9.518192999E-3,9.804985428E0
2.970510521E1,3.135993682E-1,-9.694917669E-3,9.804981335E0
2.971506821E1,3.136952626E-1,-9.938094460E-3,9.804978411E0
2.972503121E1,3.135262049E-1,-9.907213852E-3,9.804983674E0
2.973499321E1,3.132730205E-1,-9.753502887E-3,9.804991860E0
2.974495621E1,3.129698424E-1,-9.561681665E-3,9.805001800E0
2.975491921E1,3.126331158E-1,-9.528684297E-3,9.805012325E0
2.976488221E1,3.125409491E-1,-9.661700459E-3,9.805015249E0
2.977484521E1,3.125565173E-1,-9.829633178E-3,9.805014664E0
2.978480821E1,3.125154041E-1,-1.000661423E-2,9.805015833E0
2.979477021E1,3.125905773E-1,-1.008571267E-2,9.805013494E0
2.980473321E1,3.127522163E-1,-1.004852461E-2,9.805008232E0
2.981469621E1,3.102623622E-1,-5.937104602E-3,9.805090678E0
2.982465921E1,2.961475308E-1,9.964742688E-3,9.805523956E0
2.983462221E1,2.696687802E-1,3.097428417E-2,9.806243749E0
2.984458521E1,2.501866251E-1,4.030628275E-2,9.806726144E0
2.985454821E1,2.622570872E-1,3.046518583E-2,9.806446647E0
2.986451021E1,3.118229476E-1,4.774522813E-3,9.805041561E0
2.987447321E1,3.551957660E-1,-2.603542890E-2,9.803532979E0
2.988443621E1,3.630492710E-1,-4.283693941E-2,9.803186240E0
2.989439921E1,3.497531411E-1,-3.614085423E-2,9.803696702E0
2.990436221E1,3.303535414E-1,-1.443477232E-2,9.804425265E0
2.991432521E1,3.070173768E-1,6.603635224E-3,9.805192419E0
2.992428721E1,2.867971021E-1,1.947010665E-2,9.805787666E0
2.993425021E1,2.772993418E-1,2.573934966E-2,9.806046113E0
2.994421304E1,2.808895322E-1,3.054380119E-2,9.805930338E0
2.995417604E1,2.787670478E-1,3.188316532E-2,9.805986471E0
2.996413904E1,2.716892856E-1,3.402218873E-2,9.806178260E0
2.997410204E1,2.702676447E-1,3.917986691E-2,9.806198140E0
2.998406504E1,2.728873618E-1,3.970045182E-2,9.806123296E0
2.999402704E1,2.795638405E-1,3.355028873E-2,9.805958405E0
3.000399004E1,2.898367224E-1,2.448302284E-2,9.805687094E0
3.001395304E1,3.041890603E-1,1.494050165E-2,9.805271357E0
3.002391604E1,3.175311091E-1,6.662702380E-3,9.804857374E0
3.003387904E1,3.257951983E-1,8.828836680E-4,9.804588402E0
3.004384204E1,3.290660576E-1,-2.721837487E-3,9.804479059E0
3.005380504E1,3.277062145E-1,-6.314671422E-3,9.804522913E0
3.006376704E1,3.268346505E-1,-7.231195067E-3,9.804551564E0
3.007373004E1,3.261884966E-1,-5.480666037E-3,9.804573784E0
3.008369304E1,3.276818389E-1,-3.019330287E-3,9.804525252E0
3.009365604E1,3.309782799E-1,-4.097735581E-3,9.804414155E0
3.010361904E1,3.340763174E-1,-7.185312696E-3,9.804307151E0
3.011358204E1,3.334033760E-1,-7.762169642E-3,9.804329955E0
3.012354504E1,3.305836293E-1,-6.707704813E-3,9.804425849E0
3.013350804E1,3.289205350E-1,-8.890480123E-3,9.804480228E0
3.014347004E1,3.302164973E-1,-1.714448283E-2,9.804425849E0
3.015343304E1,3.338794855E-1,-2.748801431E-2,9.804277915E0
3.016339604E1,3.370505402E-1,-3.776266628E-2,9.804135243E0
3.017335904E1,3.369972209E-1,-4.908341026E-2,9.804087296E0
3.018332204E1,3.358245984E-1,-6.078810160E-2,9.804061568E0
3.019328504E1,3.336330619E-1,-6.936457368E-2,9.804079694E0
3.020324804E1,3.304701934E-1,-7.392524657E-2,9.804153369E0
3.021321104E1,3.256835895E-1,-7.316350969E-2,9.804319430E0
3.022317304E1,3.225189668E-1,-6.562433367E-2,9.804477305E0
3.023313604E1,3.198688259E-1,-5.403271286E-2,9.804634595E0
3.024309904E1,3.164750654E-1,-4.103754559E-2,9.804808257E0
3.025306204E1,3.123930511E-1,-2.815295008E-2,9.804984258E0
3.026302504E1,3.068696615E-1,-1.508023526E-2,9.805187742E0
3.027298804E1,3.005797020E-1,-1.773515325E-3,9.805394148E0
3.028295104E1,2.948463426E-1,8.791830058E-3,9.805564302E0
3.029291404E1,2.897368263E-1,1.671787820E-2,9.805706390E0
3.030287704E1,2.836192500E-1,2.272668828E-2,9.805873035E0
3.031283904E1,2.738641026E-1,2.868580274E-2,9.806134406E0
3.032280204E1,2.624184338E-1,3.551185828E-2,9.806425012E0
3.033276504E1,2.475093678E-1,4.246798924E-2,9.806785201E0
3.034272804E1,2.303880443E-1,4.952727788E-2,9.807169363E0
3.035269104E1,2.172560384E-1,5.598330289E-2,9.807434242E0
3.036265404E1,2.127089147E-1,5.857435946E-2,9.807519026E0
3.037261704E1,2.193923918E-1,5.509784714E-2,9.807391557E0
3.038258004E1,2.397997774E-1,4.589750913E-2,9.806961202E0
3.039254304E1,2.688935856E-1,3.422159020E-2,9.806254274E0
3.040250604E1,2.878339231E-1,2.472460649E-2,9.805744981E0
3.041246804E1,2.934165340E-1,2.276273316E-2,9.805584767E0
3.042243104E1,2.971800760E-1,2.589076742E-2,9.805463730E0
3.043239404E1,3.034581949E-1,2.768425235E-2,9.805266094E0
3.044235704E1,3.106422120E-1,2.529440395E-2,9.805047993E0
3.045232004E1,3.188386196E-1,1.969296094E-2,9.804797732E0
3.046228304E1,3.276048384E-1,1.197979599E-2,9.804521159E0
3.047224604E1,3.357198967E-1,2.775664990E-3,9.804253356E0
3.048220904E1,3.428910316E-1,-6.954030764E-3,9.804003096E0
3.049217204E1,3.479475575E-1,-1.508301269E-2,9.803815985E0
3.050213504E1,3.430068430E-1,-1.577287793E-2,9.803989062E0
3.051209704E1,3.231716988E-1,-2.806885924E-3,9.804674941E0
3.052206004E1,3.019518791E-1,1.327477153E-2,9.805342693E0
3.053202304E1,2.905997292E-1,2.293635436E-2,9.805667798E0
3.054198604E1,2.913715616E-1,2.393998553E-2,9.805642655E0
3.055194904E1,2.955469852E-1,2.169320890E-2,9.805522787E0
3.056191204E1,2.934033046E-1,2.215159863E-2,9.805586522E0
3.057187504E1,2.875539694E-1,2.425623538E-2,9.805754921E0
3.058183804E1,2.836017998E-1,2.535445440E-2,9.805867188E0
3.059180104E1,2.808766135E-1,2.412204407E-2,9.805948464E0
3.060176404E1,2.788654820E-1,2.050830262E-2,9.806013953E0
3.061172704E1,2.785246624E-1,1.435010989E-2,9.806035003E0
3.062169004E1,2.776574472E-1,6.304769414E-3,9.806067747E0
3.063165204E1,2.740255040E-1,2.069180584E-3,9.806171828E0
3.064161504E1,2.716669931E-1,3.402424553E-3,9.806237317E0
3.065157804E1,2.669494960E-1,9.590227384E-3,9.806362447E0
3.066154104E1,2.580931753E-1,1.786697941E-2,9.806588150E0
3.067150404E1,2.444892809E-1,2.606091682E-2,9.806918517E0
3.068146704E1,2.263099951E-1,3.547150564E-2,9.807324899E0
3.069143004E1,2.045961953E-1,4.639134760E-2,9.807756423E0
3.070139304E1,1.813905881E-1,5.825371734E-2,9.808149941E0
3.071135604E1,1.598335302E-1,6.996364833E-2,9.808448149E0
3.072131904E1,1.409178333E-1,8.028936979E-2,9.808659233E0
3.073128204E1,1.237805578E-1,8.875410981E-2,9.808817693E0
3.074124504E1,1.075360791E-1,9.631646913E-2,9.808937561E0
3.075120804E1,9.105558302E-2,1.038056834E-1,9.809028193E0
3.076117104E1,7.366003880E-2,1.126335081E-1,9.809076725E0
3.077113304E1,5.307580688E-2,1.227666872E-1,9.809088419E0
3.078109604E1,3.007992970E-2,1.340370126E-1,9.809038133E0
3.079105904E1,7.088391671E-3,1.452891203E-1,9.808921773E0
3.080102204E1,-1.121425613E-2,1.545039028E-1,9.808776762E0
3.081098504E1,-2.167482900E-2,1.593472977E-1,9.808682038E0
3.082094804E1,-2.476394957E-2,1.599589713E-1,9.808664496E0
3.083091104E1,-2.504216969E-2,1.580490148E-1,9.808694901E0
3.084087404E1,-2.417667670E-2,1.550695844E-1,9.808744603E0
3.085083704E1,-2.230512459E-2,1.508907895E-1,9.808814185E0
3.086080004E1,-2.042020381E-2,1.458199653E-1,9.808894876E0
3.087076304E1,-1.964425089E-2,1.423294516E-1,9.808947501E0
3.088072604E1,-2.041100587E-2,1.425001812E-1,9.808943993E0
3.089068904E1,-2.470513024E-2,1.465451753E-1,9.808874411E0
3.090065204E1,-3.103823124E-2,1.532574409E-1,9.808753958E0
3.091061504E1,-3.653320697E-2,1.611829580E-1,9.808607778E0
3.092057804E1,-3.877335751E-2,1.680194129E-1,9.808484402E0
3.093054104E1,-3.464595645E-2,1.710832808E-1,9.808446980E0
3.094050429E1,-2.341668257E-2,1.689518245E-1,9.808517146E0
3.095046729E1,-5.468467398E-3,1.621426322E-1,9.808658649E0
3.096042929E1,1.674510658E-2,1.533114911E-1,9.808787872E0
3.097039229E1,3.677164317E-2,1.439770417E-1,9.808874411E0
3.098035529E1,5.367739858E-2,1.342574435E-1,9.808934637E0
3.099031829E1,6.952282309E-2,1.250647891E-1,9.808956272E0
3.100028129E1,8.273840298E-2,1.170639069E-1,9.808952764E0
3.101024429E1,9.260130362E-2,1.107667937E-1,9.808937561E0
3.102020729E1,1.002969246E-1,1.063053224E-1,9.808911248E0
3.103017029E1,1.070230773E-1,1.031379862E-1,9.808873826E0
3.104013329E1,1.130541787E-1,9.993644379E-2,9.808839328E0
3.105009629E1,1.204787905E-1,9.648955585E-2,9.808785533E0
3.106005929E1,1.300756885E-1,9.326870847E-2,9.808694317E0
3.107002229E1,1.403483145E-1,9.189124150E-2,9.808565678E0
3.107998529E1,1.541422160E-1,9.356436744E-2,9.808342899E0
3.108994829E1,1.723594173E-1,9.558242429E-2,9.808020133E0
3.109991129E1,1.904390629E-1,9.276456884E-2,9.807712569E0
3.110987429E1,2.082476170E-1,8.593612645E-2,9.807413192E0
3.111983729E1,2.282533720E-1,7.945338241E-2,9.807022598E0
3.112980029E1,2.483130493E-1,7.592361018E-2,9.806563007E0
3.113976329E1,2.636743426E-1,7.611494204E-2,9.806160718E0
3.114972629E1,2.649144274E-1,8.073957799E-2,9.806089967E0
3.115968929E1,2.524351902E-1,9.259771306E-2,9.806314500E0
3.116965229E1,2.274471872E-1,1.120008028E-1,9.806723220E0
3.117961529E1,1.877307423E-1,1.369354866E-1,9.807247716E0
3.118957829E1,1.368877221E-1,1.640171217E-1,9.807673393E0
3.119954129E1,8.690811642E-2,1.907264170E-1,9.807760516E0
3.120950429E1,4.751102088E-2,2.121922583E-1,9.807589778E0
3.121946729E1,2.424288500E-2,2.235529415E-1,9.807422547E0
3.122943029E1,1.911934109E-2,2.233481611E-1,9.807438335E0
3.123939329E1,3.121794861E-2,2.134414063E-1,9.807627785E0
3.124935629E1,5.568037600E-2,1.970512223E-1,9.807862843E0
3.125931929E1,8.577357385E-2,1.774894902E-1,9.808018963E0
3.126928229E1,1.172282685E-1,1.577939118E-1,9.808030073E0
3.127924529E1,1.477466503E-1,1.394927480E-1,9.807895587E0
3.128920829E1,1.757911665E-1,1.236951702E-1,9.807644742E0
3.129917129E1,2.000493639E-1,1.107366896E-1,9.807334839E0
3.130913429E1,2.208803254E-1,1.011426696E-1,9.806991608E0
3.131909729E1,2.357698216E-1,9.414336056E-2,9.806714450E0
3.132906029E1,2.425716500E-1,8.899578254E-2,9.806596920E0
3.133902329E1,2.428922967E-1,8.678163383E-2,9.806608615E0
3.134898629E1,2.374689311E-1,8.639270263E-2,9.806744855E0
3.135894929E1,2.263024851E-1,8.585907111E-2,9.807013827E0
3.136891229E1,2.141543829E-1,8.538106123E-2,9.807290400E0
3.137887529E1,2.057507646E-1,8.651492771E-2,9.807460554E0
3.138883829E1,2.022005910E-1,8.956662610E-2,9.807506747E0
3.139880129E1,1.995769454E-1,9.303851089E-2,9.807528382E0
3.140876429E1,1.954253492E-1,9.616608605E-2,9.807581592E0
3.141872729E1,1.869722305E-1,9.740854628E-2,9.807734204E0
3.142869029E1,1.841658776E-1,9.215147001E-2,9.807838284E0
3.143865329E1,1.980348884E-1,7.554113375E-2,9.807710230E0
3.144861629E1,2.353538470E-1,5.336712613E-2,9.807031369E0
3.145857929E1,2.878763154E-1,2.715708246E-2,9.805737380E0
3.146854229E1,3.181438973E-1,6.901558855E-4,9.804839832E0
3.147850529E1,3.164544174E-1,-1.272015855E-2,9.804886025E0
3.148846829E1,3.015499561E-1,-6.258177269E-3,9.805361989E0
3.149843129E1,2.871299914E-1,1.064859283E-2,9.805791174E0
3.150839429E1,2.741117139E-1,2.207397456E-2,9.806144931E0
3.151835729E1,2.686249426E-1,2.282255292E-2,9.806294619E0
3.152832029E1,2.759218109E-1,1.692663522E-2,9.806104000E0
3.153828329E1,2.886762876E-1,8.820411179E-3,9.805747905E0
3.154824629E1,2.955927032E-1,2.156202456E-3,9.805545591E0
3.155820929E1,2.947465197E-1,7.280759927E-4,9.805571319E0
3.156817229E1,2.900353632E-1,4.581570407E-3,9.805710483E0
3.157813529E1,2.797779217E-1,1.126789634E-2,9.806002843E0
3.158809829E1,2.505297653E-1,1.957970539E-2,9.806781108E0
3.159806129E1,2.057254754E-1,3.367323329E-2,9.807785075E0
3.160802429E1,1.598726883E-1,5.306445963E-2,9.808553399E0
3.161798729E1,1.185077306E-1,7.049930810E-2,9.809031116E0
3.162795029E1,8.716817133E-2,8.253905861E-2,9.809265590E0
3.163791329E1,6.723843927E-2,8.901930844E-2,9.809365577E0
3.164787629E1,6.081112044E-2,8.815401189E-2,9.809415278E0
3.165783929E1,6.759693298E-2,7.757161137E-2,9.809460302E0
3.166780229E1,8.412249374E-2,6.103873702E-2,9.809449192E0
3.167776529E1,1.035071191E-1,4.385157294E-2,9.809355637E0
3.168772829E1,1.179940253E-1,2.955532253E-2,9.809245709E0
3.169769129E1,1.230059571E-1,2.096214477E-2,9.809206533E0
3.170765429E1,1.191031964E-1,1.891917902E-2,9.809258573E0
3.171761729E1,1.085591774E-1,2.330570196E-2,9.809371424E0
3.172758029E1,9.287240429E-2,3.193687976E-2,9.809508249E0
3.173754329E1,7.400980736E-2,4.212998363E-2,9.809630456E0
3.174750629E1,5.496164813E-2,5.197318646E-2,9.809708224E0
3.175746929E1,3.883559838E-2,6.137637261E-2,9.809731028E0
3.176743229E1,2.848168923E-2,6.892209477E-2,9.809716410E0
3.177739529E1,2.373232258E-2,7.429189440E-2,9.809690098E0
3.178735829E1,2.113343393E-2,7.894059073E-2,9.809659692E0
3.179732129E1,1.810681690E-2,8.331462781E-2,9.809629287E0
3.180728429E1,1.359175000E-2,8.815187400E-2,9.809594788E0
3.181724829E1,5.602164783E-3,9.331340312E-2,9.809554442E0
3.182721129E1,-3.736877009E-3,9.858191801E-2,9.809504156E0
3.183717429E1,-1.225230364E-2,1.038162815E-1,9.809442760E0
3.184713729E1,-1.854562759E-2,1.074697772E-1,9.809393644E0
3.185710029E1,-2.324876926E-2,1.101463584E-1,9.809353883E0
3.186706329E1,-2.681472342E-2,1.119798899E-1,9.809324062E0
3.187702629E1,-3.137210954E-2,1.126028651E-1,9.809303597E0
3.188698929E1,-3.686093198E-2,1.131248296E-1,9.809278454E0
3.189695229E1,-4.160125372E-2,1.149713620E-1,9.809238108E0
3.190691529E1,-4.633909268E-2,1.185152680E-1,9.809174373E0
3.191687829E1,-5.212818336E-2,1.229147770E-1,9.809091343E0
3.192684129E1,-5.859594391E-2,1.272886771E-1,9.808998957E0
3.193680429E1,-6.451976722E-2,1.320426004E-1,9.808898969E0
3.194676717E1,-6.804124828E-2,1.372347635E-1,9.808804244E0
3.195673017E1,-7.287413647E-2,1.431976718E-1,9.808684376E0
3.196669317E1,-8.128483085E-2,1.504431029E-1,9.808509545E0
3.197665617E1,-9.376823427E-2,1.612407540E-1,9.808226539E0
3.198661917E1,-1.094843165E-1,1.751814846E-1,9.807824836E0
3.199658217E1,-1.280975115E-1,1.897609321E-1,9.807327822E0
3.200654617E1,-1.444326677E-1,2.036906809E-1,9.806821454E0
3.201650917E1,-1.527973472E-1,2.164636859E-1,9.806420919E0
3.202647217E1,-1.560325111E-1,2.265153420E-1,9.806143177E0
3.203643517E1,-1.581479607E-1,2.346802843E-1,9.805917474E0
3.204639817E1,-1.622118304E-1,2.429016522E-1,9.805650841E0
3.205636117E1,-1.675809448E-1,2.523535119E-1,9.805321643E0
3.206632417E1,-1.740683392E-1,2.625636092E-1,9.804940404E0
3.207628717E1,-1.844057596E-1,2.738148033E-1,9.804443976E0
3.208625017E1,-1.978198571E-1,2.860134839E-1,9.803834111E0
3.209621317E1,-2.093081375E-1,2.966777454E-1,9.803278626E0
3.210617617E1,-2.155821816E-1,3.045187702E-1,9.802902065E0
3.211613917E1,-2.154816095E-1,3.096031618E-1,9.802745360E0
3.212610217E1,-2.102949648E-1,3.116750130E-1,9.802792137E0
3.213606517E1,-2.009091238E-1,3.099843637E-1,9.803042398E0
3.214602817E1,-1.909487391E-1,3.073932432E-1,9.803323064E0
3.215599217E1,-1.818856097E-1,3.058943825E-1,9.803542335E0
3.216595517E1,-1.767944208E-1,3.048722344E-1,9.803667465E0
3.217591817E1,-1.730862628E-1,3.045395644E-1,9.803744064E0
3.218588117E1,-1.698345165E-1,3.039174206E-1,9.803820078E0
3.219584417E1,-1.674906784E-1,3.029669192E-1,9.803889660E0
3.220580717E1,-1.667640705E-1,3.034240435E-1,9.803887905E0
3.221577017E1,-1.680099294E-1,3.055900898E-1,9.803799613E0
3.222573317E1,-1.709555374E-1,3.091414876E-1,9.803637645E0
3.223569617E1,-1.727746245E-1,3.121066472E-1,9.803511345E0
3.224565917E1,-1.724129924E-1,3.133581706E-1,9.803478016E0
3.225562217E1,-1.702724181E-1,3.137772332E-1,9.803501989E0
3.226558517E1,-1.671733390E-1,3.149535834E-1,9.803517777E0
3.227554917E1,-1.651804435E-1,3.161950203E-1,9.803511345E0
3.228551217E1,-1.645462033E-1,3.174848796E-1,9.803480355E0
3.229547517E1,-1.639964554E-1,3.190080062E-1,9.803440009E0
3.230543817E1,-1.631591707E-1,3.200538538E-1,9.803420128E0
3.231540117E1,-1.625939094E-1,3.203345567E-1,9.803420128E0
3.232536417E1,-1.627842180E-1,3.205158934E-1,9.803411357E0
3.233532717E1,-1.639059149E-1,3.212619251E-1,9.803368088E0
3.234529017E1,-1.663257669E-1,3.224157269E-1,9.803289151E0
3.235525317E1,-1.694445072E-1,3.237507193E-1,9.803192087E0
3.236521617E1,-1.720653755E-1,3.250467912E-1,9.803103209E0
3.237518017E1,-1.726743447E-1,3.257904474E-1,9.803068126E0
3.238514317E1,-1.720332341E-1,3.251401639E-1,9.803100870E0
3.239510617E1,-1.735657893E-1,3.233642915E-1,9.803132445E0
3.240506917E1,-1.762885087E-1,3.230561797E-1,9.803094438E0
3.241503217E1,-1.779852245E-1,3.233881919E-1,9.803052923E0
3.242499517E1,-1.767734073E-1,3.212722673E-1,9.803144140E0
3.243495817E1,-1.712857589E-1,3.170276638E-1,9.803379782E0
3.244492117E1,-1.644542924E-1,3.141750266E-1,9.803588528E0
3.245488417E1,-1.613773962E-1,3.142394556E-1,9.803637645E0
3.246484717E1,-1.609132734E-1,3.166226345E-1,9.803568648E0
3.247481017E1,-1.611099957E-1,3.190351957E-1,9.803487371E0
3.248477417E1,-1.602495779E-1,3.196189671E-1,9.803482109E0
3.249473717E1,-1.564352199E-1,3.185074845E-1,9.803579757E0
3.250470017E1,-1.533598951E-1,3.174829427E-1,9.803661618E0
3.251466317E1,-1.516128384E-1,3.173615764E-1,9.803693193E0
3.252462617E1,-1.505429441E-1,3.176499172E-1,9.803700210E0
3.253458917E1,-1.489169796E-1,3.172906789E-1,9.803736463E0
3.254455217E1,-1.468048374E-1,3.163060809E-1,9.803800197E0
3.255451517E1,-1.452145409E-1,3.155562851E-1,9.803848144E0
3.256447917E1,-1.445785831E-1,3.159026596E-1,9.803846390E0
3.257444217E1,-1.448875171E-1,3.168516627E-1,9.803811307E0
3.258440517E1,-1.455988949E-1,3.177468348E-1,9.803771546E0
3.259436817E1,-1.464581706E-1,3.182746557E-1,9.803741725E0
3.260433117E1,-1.475273979E-1,3.188589387E-1,9.803706642E0
3.261429417E1,-1.486073604E-1,3.197000972E-1,9.803662788E0
3.262425717E1,-1.498053727E-1,3.203258589E-1,9.803624196E0
3.263422017E1,-1.505118808E-1,3.209492818E-1,9.803593206E0
3.264418317E1,-1.507880155E-1,3.212795398E-1,9.803578003E0
3.265414717E1,-1.507551249E-1,3.216155720E-1,9.803567478E0
3.266411017E1,-1.502123206E-1,3.219036935E-1,9.803566309E0
3.267407317E1,-1.492505267E-1,3.220047042E-1,9.803578003E0
3.268403617E1,-1.478615937E-1,3.219344280E-1,9.803601392E0
3.269399917E1,-1.462029396E-1,3.215872495E-1,9.803637645E0
3.270396217E1,-1.449953434E-1,3.215159866E-1,9.803657525E0
3.271392517E1,-1.444604968E-1,3.218449290E-1,9.803654602E0
3.272388817E1,-1.438362608E-1,3.222889519E-1,9.803649339E0
3.273385217E1,-1.425409198E-1,3.222856629E-1,9.803668635E0
3.274381517E1,-1.411113030E-1,3.219214910E-1,9.803700795E0
3.275377817E1,-1.400524179E-1,3.218744574E-1,9.803717752E0
3.276374117E1,-1.393007127E-1,3.221678049E-1,9.803718921E0
3.277370417E1,-1.384578457E-1,3.223842250E-1,9.803723599E0
3.278366717E1,-1.366554780E-1,3.203220582E-1,9.803816569E0
3.279363017E1,-1.300778903E-1,3.124592343E-1,9.804159801E0
3.280359417E1,-1.209711717E-1,3.053113420E-1,9.804501278E0
3.281355717E1,-1.185006957E-1,3.031345698E-1,9.804599512E0
3.282352017E1,-1.201180081E-1,3.044715722E-1,9.804538116E0
3.283348317E1,-1.207427648E-1,3.045516425E-1,9.804528176E0
3.284344617E1,-1.194206637E-1,3.034892948E-1,9.804577292E0
3.285340917E1,-1.186696802E-1,3.041255998E-1,9.804566767E0
3.286337217E1,-1.200499794E-1,3.068582595E-1,9.804464441E0
3.287333517E1,-1.220041554E-1,3.101566738E-1,9.804336972E0
3.288329917E1,-1.234716056E-1,3.127537147E-1,9.804235815E0
3.289326217E1,-1.239520457E-1,3.150265274E-1,9.804156877E0
3.290322517E1,-1.245650075E-1,3.162947154E-1,9.804108346E0
3.291318817E1,-1.248816159E-1,3.166663059E-1,9.804092558E0
3.292315117E1,-1.255020421E-1,3.170108896E-1,9.804073262E0
3.293311417E1,-1.263354622E-1,3.175720762E-1,9.804044611E0
3.294307858E1,-1.269956402E-1,3.183394501E-1,9.804011282E0
3.295304158E1,-1.273674409E-1,3.187244527E-1,9.803993740E0
3.296300458E1,-1.275624181E-1,3.188098221E-1,9.803988478E0
3.297296758E1,-1.278707217E-1,3.190128667E-1,9.803977953E0
3.298293058E1,-1.280833320E-1,3.193320150E-1,9.803964504E0
3.299289358E1,-1.282569303E-1,3.197678884E-1,9.803948132E0
3.300285658E1,-1.284481160E-1,3.202064661E-1,9.803931175E0
3.301282058E1,-1.288983059E-1,3.205597476E-1,9.803913633E0
3.302278358E1,-1.296023107E-1,3.209390491E-1,9.803891999E0
3.303274658E1,-1.300221590E-1,3.214049991E-1,9.803871533E0
3.304270958E1,-1.299751986E-1,3.216450639E-1,9.803863932E0
3.305267258E1,-1.296138863E-1,3.215759571E-1,9.803870949E0
3.306263558E1,-1.289066016E-1,3.213279986E-1,9.803888490E0
3.307259958E1,-1.281784680E-1,3.212775664E-1,9.803899600E0
3.308256258E1,-1.273266200E-1,3.213287295E-1,9.803908955E0
3.309252558E1,-1.271759355E-1,3.213918429E-1,9.803908955E0
3.310248858E1,-1.276795543E-1,3.221195289E-1,9.803878550E0
3.311245158E1,-1.274692281E-1,3.221113793E-1,9.803881474E0
3.312241458E1,-1.273604242E-1,3.222670249E-1,9.803877965E0
3.313237758E1,-1.273494516E-1,3.226708482E-1,9.803865101E0
3.314234158E1,-1.271471471E-1,3.227432441E-1,9.803865101E0
3.315230458E1,-1.265724206E-1,3.224172983E-1,9.803883228E0
3.316226758E1,-1.254739480E-1,3.221082730E-1,9.803907786E0
3.317223058E1,-1.243002200E-1,3.217669783E-1,9.803933514E0
3.318219358E1,-1.234267465E-1,3.217696827E-1,9.803944623E0
3.319215758E1,-1.223328786E-1,3.216651271E-1,9.803961580E0
3.320212058E1,-1.211615351E-1,3.213897964E-1,9.803985554E0
3.321208358E1,-1.208581925E-1,3.216952403E-1,9.803979122E0
3.322204658E1,-1.211418556E-1,3.224524913E-1,9.803950471E0
3.323200958E1,-1.215658427E-1,3.232004963E-1,9.803920650E0
3.324197258E1,-1.215204719E-1,3.235390136E-1,9.803910125E0
3.325193558E1,-1.209299031E-1,3.236435325E-1,9.803914218E0
3.326189958E1,-1.207226011E-1,3.240809043E-1,9.803901939E0
3.327186258E1,-1.208290113E-1,3.246694996E-1,9.803881474E0
3.328182558E1,-1.206556961E-1,3.248832884E-1,9.803876211E0
3.329178858E1,-1.202074705E-1,3.249086507E-1,9.803880889E0
3.330175158E1,-1.201865576E-1,3.252274336E-1,9.803870949E0
3.331171558E1,-1.202413752E-1,3.259508804E-1,9.803845806E0
3.332167858E1,-1.201814778E-1,3.262201812E-1,9.803837619E0
3.333164158E1,-1.198651800E-1,3.265011399E-1,9.803832357E0
3.334160458E1,-1.198807391E-1,3.271607789E-1,9.803810138E0
3.335156758E1,-1.201122888E-1,3.280340971E-1,9.803777978E0
3.336153058E1,-1.201619445E-1,3.286274068E-1,9.803757513E0
3.337149458E1,-1.198156340E-1,3.288317304E-1,9.803755174E0
3.338145758E1,-1.193902673E-1,3.290089742E-1,9.803754589E0
3.339142058E1,-1.188825097E-1,3.292753879E-1,9.803751665E0
3.340138358E1,-1.185997238E-1,3.297009556E-1,9.803740556E0
3.341134658E1,-1.181983764E-1,3.300448815E-1,9.803734124E0
3.342131058E1,-1.182739425E-1,3.304549906E-1,9.803719506E0
3.343127358E1,-1.186651669E-1,3.308645150E-1,9.803700795E0
3.344123658E1,-1.189719356E-1,3.311699589E-1,9.803686761E0
3.345119958E1,-1.188313923E-1,3.313595914E-1,9.803682083E0
3.346116258E1,-1.188327353E-1,3.317539496E-1,9.803668635E0
3.347112658E1,-1.187324464E-1,3.325167919E-1,9.803644077E0
3.348108958E1,-1.184639496E-1,3.330913905E-1,9.803627704E0
3.349105258E1,-1.183157683E-1,3.332724715E-1,9.803623611E0
3.350101558E1,-1.185186941E-1,3.336512614E-1,9.803607824E0
3.351097858E1,-1.195144384E-1,3.345344833E-1,9.803565724E0
3.352094258E1,-1.197607341E-1,3.346934910E-1,9.803557538E0
3.353090558E1,-1.080101695E-1,3.226187715E-1,9.804098405E0
3.354086858E1,-8.465581463E-2,3.026086493E-1,9.804966132E0
3.355083158E1,-7.218976099E-2,2.934421886E-1,9.805344447E0
3.356079458E1,-7.716448984E-2,2.989905750E-1,9.805139210E0
3.357075858E1,-9.141835707E-2,3.132096878E-1,9.804572614E0
3.358072158E1,-1.067705233E-1,3.273324678E-1,9.803955733E0
3.359068458E1,-1.139892308E-1,3.331607166E-1,9.803678575E0
3.360064758E1,-1.108054767E-1,3.288521957E-1,9.803860424E0
3.361061058E1,-1.052337471E-1,3.224266173E-1,9.804135243E0
3.362057358E1,-1.044515632E-1,3.209405109E-1,9.804192545E0
3.363053758E1,-1.075972647E-1,3.229302088E-1,9.804093143E0
3.364050058E1,-1.091741218E-1,3.237510117E-1,9.804048704E0
3.365046358E1,-1.074477679E-1,3.213856668E-1,9.804145183E0
3.366042658E1,-1.046132935E-1,3.182868252E-1,9.804277330E0
3.367039058E1,-1.041046132E-1,3.174512946E-1,9.804309490E0
3.368035358E1,-1.059518308E-1,3.187138912E-1,9.804248679E0
3.369031658E1,-1.083000270E-1,3.199937736E-1,9.804181436E0
3.370027958E1,-1.096795770E-1,3.202549980E-1,9.804157462E0
3.371024258E1,-1.105758455E-1,3.198289918E-1,9.804161555E0
3.372020658E1,-1.121888548E-1,3.200385048E-1,9.804136412E0
3.373016958E1,-1.141061933E-1,3.207850481E-1,9.804089634E0
3.374013258E1,-1.158404592E-1,3.214830595E-1,9.804046365E0
3.375009558E1,-1.173150539E-1,3.218117826E-1,9.804018298E0
3.376005858E1,-1.186035519E-1,3.221907187E-1,9.803990232E0
3.377002258E1,-1.200890004E-1,3.226908018E-1,9.803955733E0
3.377998558E1,-1.216383481E-1,3.230903129E-1,9.803923573E0
3.378994858E1,-1.227054559E-1,3.232186227E-1,9.803906032E0
3.379991158E1,-1.233214143E-1,3.229299530E-1,9.803907786E0
3.380987458E1,-1.240366841E-1,3.225970637E-1,9.803909540E0
3.381983858E1,-1.250148320E-1,3.225418440E-1,9.803899015E0
3.382980158E1,-1.259226487E-1,3.226935427E-1,9.803882643E0
3.383976458E1,-1.266236568E-1,3.228926770E-1,9.803866856E0
3.384972758E1,-1.267993017E-1,3.228838696E-1,9.803865101E0
3.385969158E1,-1.264663576E-1,3.227407955E-1,9.803873872E0
3.386965458E1,-1.260441155E-1,3.225177974E-1,9.803886736E0
3.387961758E1,-1.258110217E-1,3.222821911E-1,9.803897261E0
3.388958058E1,-1.260449926E-1,3.221880144E-1,9.803897846E0
3.389954358E1,-1.269592870E-1,3.220565617E-1,9.803890244E0
3.390950758E1,-1.279940706E-1,3.222254000E-1,9.803870949E0
3.391947058E1,-1.285844201E-1,3.226001335E-1,9.803851068E0
3.392943358E1,-1.285703776E-1,3.229078066E-1,9.803841128E0
3.393939658E1,-1.286976368E-1,3.217035726E-1,9.803879135E0
3.394935992E1,-1.339269662E-1,3.227606761E-1,9.803774469E0
3.395932292E1,-1.238453797E-1,3.194491055E-1,9.804015375E0
3.396928592E1,-1.239778008E-1,3.173895700E-1,9.804080279E0
3.397924892E1,-1.307791999E-1,3.219292386E-1,9.803844051E0
3.398921292E1,-1.213814452E-1,3.182438116E-1,9.804084957E0
3.399917592E1,-1.178740569E-1,3.141632591E-1,9.804259788E0
3.400913892E1,-1.189852654E-1,3.155015771E-1,9.804203070E0
3.401910192E1,-1.220457438E-1,3.192404695E-1,9.804044611E0
3.402906492E1,-1.248430060E-1,3.200789968E-1,9.803982046E0
3.403902892E1,-1.220629108E-1,3.184989695E-1,9.804068584E0
3.404899192E1,-1.247089586E-1,3.188938393E-1,9.804022391E0
3.405895492E1,-1.302008920E-1,3.223669757E-1,9.803837619E0
3.406891792E1,-1.324772222E-1,3.230880836E-1,9.803783240E0
3.407888192E1,-1.320771904E-1,3.212333103E-1,9.803849314E0
3.408884492E1,-1.313874930E-1,3.197260808E-1,9.803907786E0
3.409880792E1,-1.355313599E-1,3.201372497E-1,9.803838204E0
3.410877092E1,-1.398104711E-1,3.219265342E-1,9.803719506E0
3.411873492E1,-1.385693905E-1,3.185039762E-1,9.803848729E0
3.412869792E1,-1.430519665E-1,3.167409676E-1,9.803841712E0
3.413866092E1,-1.495828496E-1,3.173282838E-1,9.803725353E0
3.414862392E1,-1.550315775E-1,3.165705212E-1,9.803665127E0
3.415858792E1,-1.610623226E-1,3.140472649E-1,9.803648754E0
3.416855092E1,-1.694397746E-1,3.115530255E-1,9.803587359E0
3.417851392E1,-1.847364380E-1,3.100276696E-1,9.803359317E0
3.418847692E1,-1.991105386E-1,3.099945232E-1,9.803079236E0
3.419843992E1,-2.128059784E-1,3.093667881E-1,9.802810848E0
3.420840392E1,-2.293414109E-1,3.075137689E-1,9.802496268E0
3.421836692E1,-2.523556680E-1,3.058366595E-1,9.801983467E0
3.422832992E1,-2.799336587E-1,3.062731176E-1,9.801220990E0
3.423829292E1,-3.043806663E-1,3.034220701E-1,9.800580720E0
3.424825692E1,-3.099876893E-1,2.822801463E-1,9.801036803E0
3.425821992E1,-3.157037080E-1,2.597492347E-1,9.801477683E0
3.426818292E1,-3.422783896E-1,2.483653088E-1,9.800880682E0
3.427814592E1,-3.924232339E-1,2.420032458E-1,9.799159847E0
3.428810992E1,-4.561975360E-1,2.287786895E-1,9.796715711E0
3.429807292E1,-5.184912864E-1,2.061688588E-1,9.794118962E0
3.430803592E1,-5.715960279E-1,1.808095576E-1,9.791664301E0
3.431799892E1,-6.076968470E-1,1.631213648E-1,9.789800794E0
3.432796292E1,-6.187030245E-1,1.613405404E-1,9.789140643E0
3.433792592E1,-6.087516847E-1,1.739190707E-1,9.789549363E0
3.434788892E1,-5.825621885E-1,1.954216764E-1,9.790736933E0
3.435785192E1,-5.405909842E-1,2.224491334E-1,9.792567696E0
3.436781592E1,-4.859830698E-1,2.533344737E-1,9.794679126E0
3.437777892E1,-4.242315389E-1,2.883439099E-1,9.796580055E0
3.438774192E1,-3.560115257E-1,3.323136012E-1,9.797903865E0
3.439770492E1,-3.317117765E-1,3.674772212E-1,9.797500992E0
3.440766892E1,-3.494159395E-1,3.796283566E-1,9.796422181E0
3.441763192E1,-3.467130641E-1,3.864184358E-1,9.796252611E0
3.442759492E1,-3.354143796E-1,3.866955207E-1,9.796635604E0
3.443755792E1,-3.248695840E-1,3.834623394E-1,9.797117999E0
3.444752192E1,-3.200702625E-1,3.837231983E-1,9.797265349E0
3.445748492E1,-3.183383538E-1,3.880661081E-1,9.797150744E0
3.446744792E1,-3.145829064E-1,3.929433072E-1,9.797077653E0
3.447741192E1,-2.950649371E-1,3.998184634E-1,9.797406852E0
3.448737492E1,-2.707285332E-1,4.053636703E-1,9.797881646E0
3.449733792E1,-2.455581154E-1,4.090386088E-1,9.798392107E0
3.450730092E1,-2.213392770E-1,4.117703914E-1,9.798854622E0
3.451726492E1,-2.036720611E-1,4.120534698E-1,9.799225920E0
3.452722792E1,-1.928113880E-1,4.089592329E-1,9.799575584E0
3.453719092E1,-1.842272003E-1,4.014019625E-1,9.800052717E0
3.454715392E1,-1.764083035E-1,3.962708845E-1,9.800405304E0
3.455711792E1,-1.692527368E-1,3.950696106E-1,9.800580136E0
3.456708092E1,-1.643350092E-1,3.941176474E-1,9.800702342E0
3.457704392E1,-1.598941403E-1,3.915781651E-1,9.800877759E0
3.458700692E1,-1.556090996E-1,3.891144408E-1,9.801044405E0
3.459697092E1,-1.534777164E-1,3.886290853E-1,9.801097614E0
3.460693392E1,-1.565040525E-1,3.921109926E-1,9.800911088E0
3.461689692E1,-1.629889436E-1,3.993241909E-1,9.800514062E0
3.462686092E1,-1.726003409E-1,4.078376273E-1,9.799998922E0
3.463682392E1,-1.806770085E-1,4.141161482E-1,9.799590202E0
3.464678692E1,-1.847635727E-1,4.138355184E-1,9.799525883E0
3.465674992E1,-1.777428391E-1,4.062437859E-1,9.799973195E0
3.466671392E1,-1.470039260E-1,3.961772195E-1,9.800894716E0
3.467667692E1,-1.119208330E-1,3.731623594E-1,9.802261210E0
3.468663992E1,-7.822391395E-2,3.357009663E-1,9.803942285E0
3.469660292E1,-2.205971740E-2,2.917388581E-1,9.805636223E0
3.470656692E1,5.781274592E-2,2.444995683E-1,9.806782277E0
3.471652992E1,1.456224390E-1,1.911996943E-1,9.807055342E0
3.472649292E1,2.152039398E-1,1.307961842E-1,9.806767074E0
3.473645692E1,2.464288937E-1,7.481363963E-2,9.806619140E0
3.474641992E1,2.495468666E-1,3.989294856E-2,9.806744270E0
3.475638292E1,2.455957020E-1,3.423980565E-2,9.806865308E0
3.476634592E1,2.429820149E-1,5.678935527E-2,9.806826131E0
3.477630992E1,2.304328851E-1,9.684580659E-2,9.806815022E0
3.478627292E1,1.964737367E-1,1.386409184E-1,9.807052419E0
3.479623592E1,1.548274365E-1,1.731311219E-1,9.807250054E0
3.480619992E1,1.213414558E-1,1.984534943E-1,9.807241868E0
3.481616292E1,1.011307102E-1,2.136040868E-1,9.807152991E0
3.482612592E1,9.635073015E-2,2.178719695E-1,9.807106798E0
3.483608892E1,1.065752445E-1,2.114300007E-1,9.807142466E0
3.484605292E1,1.291287410E-1,1.956071793E-1,9.807199768E0
3.485601592E1,1.601908865E-1,1.729240574E-1,9.807167609E0
3.486597892E1,1.920320272E-1,1.458906709E-1,9.807035462E0
3.487594292E1,2.136479044E-1,1.198860198E-1,9.806940737E0
3.488590592E1,2.244825209E-1,1.027463872E-1,9.806892790E0
3.489586892E1,2.275686631E-1,9.894764308E-2,9.806861215E0
3.490583192E1,2.218429233E-1,1.072753572E-1,9.806904484E0
3.491579592E1,2.087960676E-1,1.234127680E-1,9.807000963E0
3.492575892E1,1.936526561E-1,1.419026049E-1,9.807061774E0
3.493572192E1,1.804125499E-1,1.573535982E-1,9.807078731E0
3.494568608E1,1.721455371E-1,1.658925430E-1,9.807086332E0
3.495564908E1,1.701288873E-1,1.663321257E-1,9.807114399E0
3.496561208E1,1.753940126E-1,1.605292027E-1,9.807117907E0
3.497557508E1,1.860026891E-1,1.511174056E-1,9.807072299E0
3.498553908E1,1.970367322E-1,1.407699718E-1,9.807010903E0
3.499550208E1,2.043467567E-1,1.322714276E-1,9.806979328E0
3.500546508E1,2.072145967E-1,1.280879366E-1,9.806974651E0
3.501542908E1,2.064508407E-1,1.292335524E-1,9.806975820E0
3.502539208E1,2.031323814E-1,1.344619133E-1,9.806974651E0
3.503535508E1,1.980767143E-1,1.410992797E-1,9.806985176E0
3.504531908E1,1.931107654E-1,1.464778867E-1,9.807005056E0
3.505528208E1,1.902608508E-1,1.492899041E-1,9.807018505E0
3.506524508E1,1.908177432E-1,1.489753787E-1,9.807012658E0
3.507520808E1,1.939823112E-1,1.459548350E-1,9.806995701E0
3.508517208E1,1.979386104E-1,1.415975630E-1,9.806980498E0
3.509513508E1,2.012791247E-1,1.375639709E-1,9.806969973E0
3.510509808E1,2.032087607E-1,1.354440628E-1,9.806960033E0
3.511506208E1,2.033711305E-1,1.357532709E-1,9.806952431E0
3.512502508E1,2.022207639E-1,1.377961967E-1,9.806947753E0
3.513498808E1,1.998027393E-1,1.405632362E-1,9.806957694E0
3.514495208E1,1.973651995E-1,1.429728463E-1,9.806972312E0
3.515491508E1,1.962257234E-1,1.442815994E-1,9.806975820E0
3.516487808E1,1.968274749E-1,1.442329030E-1,9.806964710E0
3.517484108E1,1.985587990E-1,1.428065662E-1,9.806950677E0
3.518480508E1,2.007025527E-1,1.408275852E-1,9.806935474E0
3.519476808E1,2.023745457E-1,1.390305987E-1,9.806926703E0
3.520473108E1,2.031394712E-1,1.380002006E-1,9.806925534E0
3.521469508E1,2.030438692E-1,1.381760008E-1,9.806924949E0
3.522465808E1,2.023304906E-1,1.393296381E-1,9.806923780E0
3.523462108E1,2.009925746E-1,1.408509832E-1,9.806929627E0
3.524458508E1,1.997289547E-1,1.419469341E-1,9.806939567E0
3.525454808E1,1.992724334E-1,1.424500413E-1,9.806941321E0
3.526451108E1,1.997913372E-1,1.421309661E-1,9.806935474E0
3.527447508E1,2.010022407E-1,1.411555226E-1,9.806924949E0
3.528443808E1,2.023744361E-1,1.398702955E-1,9.806915009E0
3.529440108E1,2.037636066E-1,1.389132433E-1,9.806899806E0
3.530436508E1,2.047289271E-1,1.384797636E-1,9.806885773E0
3.531432808E1,2.047448242E-1,1.385658547E-1,9.806884019E0
3.532429108E1,2.042092558E-1,1.390176070E-1,9.806889281E0
3.533425408E1,2.036755512E-1,1.396612849E-1,9.806891035E0
3.534421808E1,2.028715225E-1,1.401722128E-1,9.806900391E0
3.535418108E1,2.023676204E-1,1.404080292E-1,9.806907408E0
3.536414408E1,2.021292733E-1,1.403014911E-1,9.806913840E0
3.537410808E1,2.020295783E-1,1.401111825E-1,9.806918517E0
3.538407108E1,2.023578263E-1,1.400638566E-1,9.806912670E0
3.539403408E1,2.027064483E-1,1.400890453E-1,9.806905069E0
3.540399808E1,2.031488084E-1,1.401706231E-1,9.806894544E0
3.541396108E1,2.036873004E-1,1.401502766E-1,9.806884019E0
3.542392408E1,2.041444431E-1,1.398759782E-1,9.806878172E0
3.543388808E1,2.046192553E-1,1.394691856E-1,9.806874079E0
3.544385108E1,2.050471253E-1,1.390293014E-1,9.806871155E0
3.545381408E1,2.052392794E-1,1.385245314E-1,9.806874663E0
3.546377808E1,2.052259770E-1,1.382771667E-1,9.806878172E0
3.547374108E1,2.047208141E-1,1.384712486E-1,9.806886358E0
3.548370408E1,2.041633369E-1,1.390899937E-1,9.806888697E0
3.549366808E1,2.036460958E-1,1.397997360E-1,9.806889866E0
3.550363108E1,2.031670810E-1,1.403064886E-1,9.806892205E0
3.551359408E1,2.031051370E-1,1.406231062E-1,9.806889281E0
3.552355808E1,2.035533444E-1,1.405807870E-1,9.806880510E0
3.553352108E1,2.042884125E-1,1.402629268E-1,9.806869401E0
3.554348408E1,2.050417349E-1,1.395188138E-1,9.806864723E0
3.555344808E1,2.054066559E-1,1.387938961E-1,9.806867062E0
3.556341108E1,2.068090558E-1,1.386461900E-1,9.806839580E0
3.557337408E1,2.066921480E-1,1.382828952E-1,9.806847181E0
3.558333808E1,2.055065702E-1,1.382852523E-1,9.806872324E0
3.559330108E1,2.055140072E-1,1.391198693E-1,9.806860045E0
3.560326408E1,2.049973691E-1,1.400299336E-1,9.806858291E0
3.561322808E1,2.041223698E-1,1.404579954E-1,9.806870570E0
3.562319108E1,2.044479867E-1,1.406296204E-1,9.806861215E0
3.563315408E1,2.053433415E-1,1.402330421E-1,9.806847766E0
3.564311808E1,2.061615497E-1,1.392525280E-1,9.806844842E0
3.565308108E1,2.070414278E-1,1.382098050E-1,9.806841334E0
3.566304408E1,2.078679500E-1,1.375589825E-1,9.806832563E0
3.567300808E1,2.078910830E-1,1.374312208E-1,9.806834317E0
3.568297108E1,2.073618004E-1,1.379801556E-1,9.806837826E0
3.569293408E1,2.066106159E-1,1.389711125E-1,9.806839580E0
3.570289808E1,2.054412641E-1,1.400316786E-1,9.806848935E0
3.571286108E1,2.039687525E-1,1.404864458E-1,9.806872909E0
3.572282408E1,2.036214644E-1,1.406054549E-1,9.806878756E0
3.573278808E1,2.045706320E-1,1.401976938E-1,9.806864723E0
3.574275108E1,2.059705468E-1,1.393965796E-1,9.806846597E0
3.575271408E1,2.073588402E-1,1.386296533E-1,9.806828470E0
3.576267808E1,2.086877296E-1,1.381947484E-1,9.806806251E0
3.577264108E1,2.093214216E-1,1.381015310E-1,9.806793972E0
3.578260408E1,2.091107026E-1,1.384514960E-1,9.806793972E0
3.579256808E1,2.085410193E-1,1.391991265E-1,9.806795141E0
3.580253108E1,2.078122735E-1,1.402208178E-1,9.806796311E0
3.581249408E1,2.072885457E-1,1.411278945E-1,9.806794556E0
3.582245808E1,2.068727539E-1,1.414524789E-1,9.806798649E0
3.583242108E1,2.145594670E-1,1.398235269E-1,9.806656562E0
3.584238408E1,2.268716201E-1,1.346860627E-1,9.806451325E0
3.585234808E1,2.277955350E-1,1.302660702E-1,9.806489916E0
3.586231108E1,2.241873827E-1,1.323280268E-1,9.806545465E0
3.587227408E1,2.196283817E-1,1.422244027E-1,9.806509797E0
3.588223808E1,2.116354024E-1,1.560047917E-1,9.806475883E0
3.589220108E1,1.990403172E-1,1.688832111E-1,9.806526754E0
3.590216508E1,1.854480624E-1,1.800710725E-1,9.806593997E0
3.591212808E1,1.743079654E-1,1.899813721E-1,9.806610954E0
3.592209108E1,1.678360478E-1,1.970524100E-1,9.806584641E0
3.593205508E1,1.656921297E-1,1.987567820E-1,9.806586396E0
3.594201879E1,1.687399908E-1,1.950409313E-1,9.806609200E0
3.595198179E1,1.776585844E-1,1.872598770E-1,9.806603352E0
3.596194579E1,1.903757851E-1,1.763244325E-1,9.806567684E0
3.597190879E1,2.028478778E-1,1.627706597E-1,9.806551897E0
3.598187179E1,2.127215958E-1,1.490993305E-1,9.806560083E0
3.599183579E1,2.202928447E-1,1.382270269E-1,9.806551897E0
3.600179879E1,2.249356253E-1,1.326800566E-1,9.806523246E0
3.601176179E1,2.249488729E-1,1.326980002E-1,9.806522661E0
3.602172579E1,2.205142166E-1,1.371745189E-1,9.806561837E0
3.603168879E1,2.142565082E-1,1.439161575E-1,9.806603937E0
3.604165179E1,2.085244279E-1,1.500596169E-1,9.806635512E0
3.605161579E1,2.052268540E-1,1.535217533E-1,9.806651300E0
3.606157879E1,2.053974283E-1,1.535006850E-1,9.806648376E0
3.607154179E1,2.084201830E-1,1.504274524E-1,9.806632004E0
3.608150579E1,2.125738257E-1,1.457776461E-1,9.806613293E0
3.609146879E1,2.160840554E-1,1.413887899E-1,9.806600429E0
3.610143279E1,2.177725851E-1,1.389008545E-1,9.806598675E0
3.611139579E1,2.174304317E-1,1.388958478E-1,9.806606276E0
3.612135879E1,2.152982445E-1,1.410023164E-1,9.806623818E0
3.613132279E1,2.122268848E-1,1.440543620E-1,9.806646037E0
3.614128579E1,2.095168100E-1,1.467876977E-1,9.806663579E0
3.615124879E1,2.082296368E-1,1.482800534E-1,9.806668841E0
3.616121279E1,2.087383263E-1,1.481782113E-1,9.806659486E0
3.617117579E1,2.106071147E-1,1.464281397E-1,9.806646037E0
3.618113879E1,2.131063060E-1,1.439102921E-1,9.806629080E0
3.619110279E1,2.152120346E-1,1.415671574E-1,9.806617386E0
3.620106579E1,2.161874781E-1,1.401015894E-1,9.806616801E0
3.621102979E1,2.159699799E-1,1.400881682E-1,9.806622064E0
3.622099279E1,2.148014321E-1,1.411870793E-1,9.806632004E0
3.623095579E1,2.131326368E-1,1.429756420E-1,9.806642529E0
3.624091979E1,2.114627999E-1,1.447104104E-1,9.806653054E0
3.625088279E1,2.103816863E-1,1.457866818E-1,9.806660070E0
3.626084579E1,2.103939289E-1,1.459525235E-1,9.806657732E0
3.627080979E1,2.112707920E-1,1.453143364E-1,9.806648376E0
3.628077279E1,2.126133492E-1,1.440744892E-1,9.806637266E0
3.629073579E1,2.138133989E-1,1.427440558E-1,9.806630834E0
3.630069979E1,2.147193518E-1,1.418289300E-1,9.806624402E0
3.631066279E1,2.149460228E-1,1.415988512E-1,9.806622648E0
3.632062679E1,2.143656684E-1,1.419264780E-1,9.806630834E0
3.633058979E1,2.116262479E-1,1.383129992E-1,9.806741931E0
3.634055279E1,2.229732997E-1,1.226184328E-1,9.806699247E0
3.635051679E1,2.416350722E-1,1.064745993E-1,9.806445478E0
3.636047979E1,2.499224040E-1,9.686050686E-2,9.806337304E0
3.637044279E1,2.485355176E-1,9.831696605E-2,9.806358354E0
3.638040679E1,2.396118442E-1,1.119530201E-1,9.806434368E0
3.639036979E1,2.244196816E-1,1.313147226E-1,9.806553651E0
3.640033379E1,2.081298687E-1,1.488872867E-1,9.806661825E0
3.641029679E1,1.963151309E-1,1.601069058E-1,9.806728483E0
3.642025979E1,1.928872190E-1,1.631629531E-1,9.806746024E0
3.643022379E1,1.985035976E-1,1.584775609E-1,9.806710941E0
3.644018679E1,2.090626275E-1,1.481003703E-1,9.806653638E0
3.645014979E1,2.195914712E-1,1.361391323E-1,9.806596920E0
3.646011379E1,2.270378821E-1,1.267842360E-1,9.806553066E0
3.647007679E1,2.297749089E-1,1.229571237E-1,9.806537864E0
3.648004079E1,2.276781156E-1,1.252950415E-1,9.806557159E0
3.649000379E1,2.219086314E-1,1.322392679E-1,9.806598090E0
3.649996679E1,2.146498065E-1,1.405709198E-1,9.806643698E0
3.650993079E1,2.083098899E-1,1.473316441E-1,9.806681705E0
3.651989379E1,2.054938708E-1,1.504869387E-1,9.806692815E0
3.652985679E1,2.068913736E-1,1.495089005E-1,9.806678782E0
3.653982079E1,2.113185747E-1,1.452029379E-1,9.806648961E0
3.654978379E1,2.167824323E-1,1.394342485E-1,9.806613293E0
3.655974779E1,2.212833630E-1,1.344784043E-1,9.806581718E0
3.656971079E1,2.234044040E-1,1.318182958E-1,9.806570023E0
3.657967379E1,2.228499600E-1,1.321718787E-1,9.806577625E0
3.658963779E1,2.201601860E-1,1.349603793E-1,9.806600429E0
3.659960079E1,2.165274754E-1,1.388046861E-1,9.806627911E0
3.660956379E1,2.132650397E-1,1.421585211E-1,9.806651300E0
3.661952779E1,2.114995643E-1,1.438990453E-1,9.806664163E0
3.662949079E1,2.117832456E-1,1.437567022E-1,9.806660070E0
3.663945479E1,2.135417043E-1,1.419450520E-1,9.806648376E0
3.664941779E1,2.159093333E-1,1.394450476E-1,9.806632589E0
3.665938079E1,2.179041292E-1,1.372563708E-1,9.806619140E0
3.666934479E1,2.187670321E-1,1.362856142E-1,9.806613293E0
3.667930779E1,2.184294467E-1,1.366325825E-1,9.806616216E0
3.668927079E1,2.171576590E-1,1.379593797E-1,9.806625572E0
3.669923479E1,2.155781068E-1,1.396585623E-1,9.806636682E0
3.670919779E1,2.144977972E-1,1.408210801E-1,9.806643698E0
3.671916179E1,2.140963127E-1,1.411441022E-1,9.806647791E0
3.672912479E1,2.145920470E-1,1.404905389E-1,9.806646622E0
3.673908779E1,2.155830587E-1,1.392477680E-1,9.806642529E0
3.674905179E1,2.167120647E-1,1.380299026E-1,9.806634927E0
3.675901479E1,2.175357181E-1,1.371577721E-1,9.806628495E0
3.676897879E1,2.177250034E-1,1.368638947E-1,9.806628495E0
3.677894179E1,2.174747609E-1,1.371100533E-1,9.806630834E0
3.678890479E1,2.168230887E-1,1.377048340E-1,9.806636682E0
3.679886879E1,2.160375335E-1,1.382743893E-1,9.806646037E0
3.680883179E1,2.156446555E-1,1.386281276E-1,9.806649545E0
3.681879479E1,2.156598034E-1,1.387707265E-1,9.806647207E0
3.682875879E1,2.158465488E-1,1.385652152E-1,9.806646037E0
3.683872179E1,2.162484901E-1,1.382813968E-1,9.806641359E0
3.684868579E1,2.165725538E-1,1.380105611E-1,9.806637851E0
3.685864879E1,2.168239475E-1,1.377833968E-1,9.806635512E0
3.686861179E1,2.168548829E-1,1.376905540E-1,9.806636097E0
3.687857579E1,2.168936207E-1,1.375662275E-1,9.806637266E0
3.688853879E1,2.168127099E-1,1.373913410E-1,9.806641359E0
3.689850279E1,2.168669062E-1,1.374376527E-1,9.806639605E0
3.690846579E1,2.170179654E-1,1.374025603E-1,9.806636682E0
3.691842879E1,2.171046321E-1,1.374708174E-1,9.806633758E0
3.692839279E1,2.169930782E-1,1.376666443E-1,9.806633758E0
3.693835579E1,2.168140072E-1,1.378271138E-1,9.806635512E0
3.694831804E1,2.167747030E-1,1.381334440E-1,9.806632004E0
3.695828204E1,2.167514420E-1,1.384800103E-1,9.806627326E0
3.696824504E1,2.168028061E-1,1.387064437E-1,9.806623233E0
3.697820904E1,2.169894602E-1,1.386719086E-1,9.806619725E0
3.698817204E1,2.173513846E-1,1.384772603E-1,9.806614462E0
3.699813504E1,2.169060643E-1,1.379621206E-1,9.806631419E0
3.700809904E1,2.033928931E-1,1.338290436E-1,9.806978159E0
3.701806204E1,2.043432667E-1,1.326474310E-1,9.806974651E0
3.702802604E1,2.208526425E-1,1.327414798E-1,9.806615047E0
3.703798904E1,2.320754411E-1,1.239352532E-1,9.806471205E0
3.704795204E1,2.264125041E-1,1.086128621E-1,9.806785201E0
3.705791604E1,2.240531891E-1,9.809637984E-2,9.806950677E0
3.706787904E1,2.339081046E-1,9.695889540E-2,9.806731406E0
3.707784304E1,2.355630311E-1,1.021110598E-1,9.806639605E0
3.708780604E1,2.269615028E-1,1.105564675E-1,9.806751287E0
3.709776904E1,2.177030946E-1,1.189067939E-1,9.806862969E0
3.710773304E1,2.238362026E-1,1.255847619E-1,9.806641944E0
3.711769604E1,2.290716350E-1,1.255595823E-1,9.806521491E0
3.712766004E1,2.366677529E-1,1.194725943E-1,9.806416826E0
3.713762304E1,2.549510643E-1,1.093564270E-1,9.806076518E0
3.714758604E1,2.747511983E-1,9.380303434E-2,9.805702881E0
3.715755004E1,3.198819822E-1,9.360650394E-2,9.804336387E0
3.716751304E1,4.361231675E-1,2.078573519E-1,9.798096238E0
3.717747704E1,3.528971525E-1,3.460606610E-1,9.797540753E0
3.718744004E1,2.264365325E-1,4.414804962E-1,9.797444859E0
3.719740304E1,2.097958135E-1,4.805951529E-1,9.795974284E0
3.720736704E1,3.056626683E-1,4.247498946E-1,9.796032756E0
3.721733004E1,4.346639583E-1,2.947579583E-1,9.795932184E0
3.722729404E1,5.298557521E-1,1.562326504E-1,9.794434127E0
3.723725704E1,5.950562996E-1,4.793556071E-2,9.791818668E0
3.724722004E1,7.021469580E-1,-3.826334326E-2,9.784765171E0
3.725718404E1,8.417987137E-1,-1.231066571E-1,9.773040335E0
3.726714704E1,9.733726873E-1,-1.894976978E-1,9.759750783E0
3.727711004E1,1.114106178E0,-2.184954654E-1,9.744081414E0
3.728707404E1,1.298777401E0,-2.346090396E-1,9.720814759E0
3.729703704E1,1.521288515E0,-2.551582750E-1,9.687965686E0
3.730700104E1,1.762861113E0,-2.621123138E-1,9.646746324E0
3.731696404E1,2.012377447E0,-2.488268916E-1,9.598151869E0
3.732692704E1,2.263445777E0,-2.288357912E-1,9.542565313E0
3.733689104E1,2.465543384E0,-2.160568842E-1,9.492655819E0
3.734685404E1,2.576197262E0,-2.342796038E-1,9.462791165E0
3.735681804E1,2.618079114E0,-2.916487928E-1,9.449693402E0
3.736678104E1,2.595475532E0,-3.663381105E-1,9.453327447E0
3.737674404E1,2.549919291E0,-4.392982056E-1,9.462612240E0
3.738670804E1,2.525922318E0,-4.943440034E-1,9.466331654E0
3.739667104E1,2.537089330E0,-5.152494805E-1,9.462229832E0
3.740663504E1,2.584503232E0,-5.194467215E-1,9.449159551E0
3.741659804E1,2.638017535E0,-5.345877210E-1,9.433513572E0
3.742656104E1,2.672890036E0,-5.674407772E-1,9.421771193E0
3.743652504E1,2.679902602E0,-6.245156685E-1,9.416167222E0
3.744648804E1,2.664780533E0,-7.045128145E-1,9.414813007E0
3.745645204E1,2.653585454E0,-7.853882124E-1,9.411575403E0
3.746641504E1,2.682139454E0,-8.445371841E-1,9.398350171E0
3.747637804E1,2.738285589E0,-8.563671977E-1,9.381072818E0
3.748634204E1,2.795040710E0,-8.163882494E-1,9.367889686E0
3.749630504E1,2.833167188E0,-7.295344390E-1,9.363601922E0
3.750626904E1,2.837691178E0,-5.944791064E-1,9.371776915E0
3.751623204E1,2.807498496E0,-4.152580728E-1,9.390506716E0
3.752619504E1,2.762732213E0,-2.079096845E-1,9.410642188E0
3.753615904E1,2.717798699E0,1.737311924E-2,9.425994052E0
3.754612204E1,2.680499895E0,2.583049359E-1,9.433148705E0
3.755608604E1,2.662915271E0,5.093280052E-1,9.427914278E0
3.756604904E1,2.672377820E0,7.639700076E-1,9.408020296E0
3.757601204E1,2.718001305E0,1.027599107E0,9.369770735E0
3.758597604E1,2.797880995E0,1.310631754E0,9.310757711E0
3.759593904E1,2.895048856E0,1.614717958E0,9.232955829E0
3.760590304E1,2.990084529E0,1.929604116E0,9.141779026E0
3.761586604E1,3.069452880E0,2.245928688E0,9.042696787E0
3.762582904E1,3.107850083E0,2.565037851E0,8.944157170E0
3.763579304E1,3.089471407E0,2.892039586E0,8.850275445E0
3.764575604E1,3.023666842E0,3.225858297E0,8.757132808E0
3.765572004E1,2.928019258E0,3.558338873E0,8.660313442E0
3.766568304E1,2.813728119E0,3.874101090E0,8.562148046E0
3.767564604E1,2.689335330E0,4.159425918E0,8.467747673E0
3.768561004E1,2.560951817E0,4.409121029E0,8.380768586E0
3.769557304E1,2.442691734E0,4.623048138E0,8.300408548E0
3.770553704E1,2.346832773E0,4.804077058E0,8.224920993E0
3.771550004E1,2.271873077E0,4.959414189E0,8.153459832E0
3.772546304E1,2.216521871E0,5.094859677E0,8.084895381E0
3.773542704E1,2.182217134E0,5.212334332E0,8.019076783E0
3.774539004E1,2.154434674E0,5.320752820E0,7.955130463E0
3.775535404E1,2.118692545E0,5.431756362E0,7.889440504E0
3.776531704E1,2.067423281E0,5.551588030E0,7.819318355E0
3.777528004E1,2.007981218E0,5.677427128E0,7.744090417E0
3.778524404E1,1.955234070E0,5.801608540E0,7.665148328E0
3.779520704E1,1.906309686E0,5.924310606E0,7.583180305E0
3.780517104E1,1.856720181E0,6.048338821E0,7.497085317E0
3.781513404E1,1.815536048E0,6.168847012E0,7.408457900E0
3.782509704E1,1.788364329E0,6.282787026E0,7.318772721E0
3.783506104E1,1.769952617E0,6.393442658E0,7.226842212E0
3.784502404E1,1.753999220E0,6.500163115E0,7.134947371E0
3.785498804E1,1.738658465E0,6.600427660E0,7.046100098E0
3.786495104E1,1.726340574E0,6.691129670E0,6.963091271E0
3.787491504E1,1.718444932E0,6.768808760E0,6.889577737E0
3.788487804E1,1.709413908E0,6.832648076E0,6.828537483E0
3.789484104E1,1.695282211E0,6.883563291E0,6.780757545E0
3.790480504E1,1.674516848E0,6.921171412E0,6.747554131E0
3.791476804E1,1.645933173E0,6.945811579E0,6.729243575E0
3.792473204E1,1.614325171E0,6.956636530E0,6.725715950E0
3.793469504E1,1.590771710E0,6.953972538E0,6.734077469E0
3.794465854E1,1.577454822E0,6.945059043E0,6.746398137E0
3.795462254E1,1.570481433E0,6.938859825E0,6.754399467E0
3.796458554E1,1.562777872E0,6.939427589E0,6.755602823E0
3.797454954E1,1.548362293E0,6.945239722E0,6.752948772E0
3.798451254E1,1.523799602E0,6.951929521E0,6.751652445E0
3.799447554E1,1.489147686E0,6.955600988E0,6.755601654E0
3.800443954E1,1.449269529E0,6.953217078E0,6.766718380E0
3.801440254E1,1.412123630E0,6.943214831E0,6.784819606E0
3.802436654E1,1.383054197E0,6.925942156E0,6.808420138E0
3.803432954E1,1.366513448E0,6.901966817E0,6.836050571E0
3.804429254E1,1.365555089E0,6.872468784E0,6.865895929E0
3.805425654E1,1.379367089E0,6.840298573E0,6.895198665E0
3.806421954E1,1.405507506E0,6.808621282E0,6.921222283E0
3.807418354E1,1.442014889E0,6.779849473E0,6.941925520E0
3.808414654E1,1.484661702E0,6.757182156E0,6.955024452E0
3.809410954E1,1.523883363E0,6.744417685E0,6.958930392E0
3.810407354E1,1.551059760E0,6.741664231E0,6.955593386E0
3.811403654E1,1.562755653E0,6.745467260E0,6.949285410E0
3.812400054E1,1.560610017E0,6.750975337E0,6.944417018E0
3.813396354E1,1.550248459E0,6.753099630E0,6.944672542E0
3.814392654E1,1.538029386E0,6.748729421E0,6.951634821E0
3.815389054E1,1.529121591E0,6.737734902E0,6.964253113E0
3.816385354E1,1.524159936E0,6.722473669E0,6.980070416E0
3.817381754E1,1.522242927E0,6.705647137E0,6.996654289E0
3.818378054E1,1.521931416E0,6.688648696E0,7.012973868E0
3.819374454E1,1.522446702E0,6.671403503E0,7.029269473E0
3.820370754E1,1.523210641E0,6.653505176E0,7.046048643E0
3.821367054E1,1.522372004E0,6.634720411E0,7.063920658E0
3.822363454E1,1.518880047E0,6.614691358E0,7.083429308E0
3.823359754E1,1.512626596E0,6.592610518E0,7.105317775E0
3.824356154E1,1.503941434E0,6.568306566E0,7.129629913E0
3.825352454E1,1.493581630E0,6.541946733E0,7.155994424E0
3.826348754E1,1.482190377E0,6.514415703E0,7.183426051E0
3.827345154E1,1.469765190E0,6.487210363E0,7.210547192E0
3.828341454E1,1.456331796E0,6.461934603E0,7.235924107E0
3.829337854E1,1.439613730E0,6.440145539E0,7.258659251E0
3.830334154E1,1.417227080E0,6.422488117E0,7.278681872E0
3.831330454E1,1.388755817E0,6.408275875E0,7.296674924E0
3.832326854E1,1.356209338E0,6.395470473E0,7.314010164E0
3.833323154E1,1.323134124E0,6.382489654E0,7.331387504E0
3.834319554E1,1.292151190E0,6.368599593E0,7.348971251E0
3.835315854E1,1.265525163E0,6.354080957E0,7.366152710E0
3.836312154E1,1.245131683E0,6.339491569E0,7.382181682E0
3.837308554E1,1.230574016E0,6.323547966E0,7.398279067E0
3.838304854E1,1.218655417E0,6.303334726E0,7.417476060E0
3.839301254E1,1.204917165E0,6.276051033E0,7.442812046E0
3.840297554E1,1.185511425E0,6.241041999E0,7.475296252E0
3.841293854E1,1.157896488E0,6.198944385E0,7.514549780E0
3.842290254E1,1.120228797E0,6.149478110E0,7.560761495E0
3.843286554E1,1.070807765E0,6.091424614E0,7.614723694E0
3.844282954E1,1.011369649E0,6.023748940E0,7.676436962E0
3.845279254E1,9.490717321E-1,5.945379294E0,7.745180338E0
3.846275554E1,8.929510333E-1,5.853824760E0,7.821219285E0
3.847271954E1,8.512296879E-1,5.743308876E0,7.907332984E0
3.848268254E1,8.311735189E-1,5.605430946E0,8.007771192E0
3.849264654E1,8.390007479E-1,5.431108491E0,8.126206545E0
3.850260954E1,8.728868975E-1,5.213998450E0,8.263678678E0
3.851257354E1,9.306953951E-1,4.951784742E0,8.417228900E0
3.852253654E1,1.017250997E0,4.642905575E0,8.581650265E0
3.853249954E1,1.128260094E0,4.294621730E0,8.747534019E0
3.854246354E1,1.255859715E0,3.919314100E0,8.904936386E0
3.855242654E1,1.403045828E0,3.528146190E0,9.045426852E0
3.856239054E1,1.565072904E0,3.127135954E0,9.165569592E0
3.857235354E1,1.728305969E0,2.721161433E0,9.265221934E0
3.858231654E1,1.877264080E0,2.321229278E0,9.344724187E0
3.859228054E1,2.009239246E0,1.927986045E0,9.406483063E0
3.860224354E1,2.132125938E0,1.539683271E0,9.450900267E0
3.861220754E1,2.244703550E0,1.158451169E0,9.479208393E0
3.862217054E1,2.329397107E0,7.960622314E-1,9.496119710E0
3.863213354E1,2.365953753E0,4.720799989E-1,9.508706426E0
3.864209754E1,2.346524625E0,1.976917300E-1,9.523173607E0
3.865206054E1,2.271191584E0,-1.952468675E-2,9.543448243E0
3.866202454E1,2.147665791E0,-1.824973015E-1,9.570283454E0
3.867198754E1,1.993854783E0,-3.025933917E-1,9.600473213E0
3.868195054E1,1.827794882E0,-3.934301610E-1,9.630185840E0
3.869191454E1,1.665858876E0,-4.692967974E-1,9.656126427E0
3.870187754E1,1.517090799E0,-5.381532069E-1,9.677030808E0
3.871184154E1,1.383386319E0,-6.048581334E-1,9.693115329E0
3.872180454E1,1.279293894E0,-6.726053627E-1,9.702943329E0
3.873176754E1,1.244275504E0,-7.424719884E-1,9.702402461E0
3.874173154E1,1.339949693E0,-8.107670286E-1,9.684177275E0
3.875169454E1,1.636832712E0,-8.714905094E-1,9.633139853E0
3.876165854E1,2.142009194E0,-9.218770630E-1,9.528800383E0
3.877162154E1,2.604453347E0,-9.261121282E-1,9.412504526E0
3.878158454E1,2.465738096E0,-6.928862840E-1,9.469748767E0
3.879154854E1,2.135981446E0,-4.474604071E-1,9.564176037E0
3.880151154E1,1.998785448E0,-3.039317463E-1,9.599405512E0
3.881147554E1,2.032767565E0,-3.002889127E-1,9.592381251E0
3.882143854E1,2.014172688E0,-3.339705925E-1,9.595190254E0
3.883140254E1,2.014005750E0,-3.360866998E-1,9.595151078E0
3.884136554E1,2.025797099E0,-3.010735908E-1,9.593831361E0
3.885132854E1,2.021088190E0,-2.368945518E-1,9.596623406E0
3.886129254E1,1.924797704E0,-1.497303821E-1,9.618151100E0
3.887125554E1,1.629343745E0,-9.142139032E-2,9.673312563E0
3.888121954E1,1.238437644E0,-6.689303785E-2,9.731284198E0
3.889118254E1,7.896489322E-1,-7.260895610E-2,9.777897617E0
3.890114554E1,2.541487167E-1,-8.557453098E-2,9.806333796E0
3.891110954E1,8.346726755E-2,6.328233650E-3,9.809642735E0
3.892107254E1,-1.653678525E-3,1.359560962E-1,9.809057429E0
3.893103654E1,-7.581951147E-2,2.563678995E-1,9.806356600E0
3.894099954E1,-1.361222028E-1,3.266389880E-1,9.803615425E0
3.895096283E1,-1.441611376E-1,3.211554692E-1,9.803682083E0
3.896092683E1,-1.432539695E-1,2.873353383E-1,9.804744523E0
3.897088983E1,-8.346829995E-2,2.416863267E-1,9.806667087E0
3.898085383E1,1.948727599E-2,1.835248766E-1,9.808263962E0
3.899081683E1,1.324329386E-1,1.157332907E-1,9.808423006E0
3.900077983E1,2.554824300E-1,4.490096999E-2,9.806570023E0
3.901074383E1,3.722770909E-1,-2.444351987E-2,9.802903234E0
3.902070683E1,4.262176553E-1,-7.755959717E-2,9.800429862E0
3.903067083E1,4.014895611E-1,-1.000126769E-1,9.801270692E0
3.904063383E1,3.499988704E-1,-8.927791069E-2,9.803347623E0
3.905059683E1,3.245775156E-1,-4.559679322E-2,9.804522913E0
3.906056083E1,3.218042543E-1,1.292967503E-2,9.804711778E0
3.907052383E1,2.931359590E-1,4.509651824E-2,9.805515770E0
3.908048783E1,2.455978947E-1,4.968737739E-2,9.806799234E0
3.909045083E1,2.154510030E-1,5.304318124E-2,9.807490375E0
3.910041383E1,2.120537159E-1,6.224508156E-2,9.807510256E0
3.911037783E1,2.203451042E-1,6.554973142E-2,9.807306188E0
3.912034083E1,2.306185342E-1,5.656960960E-2,9.807125509E0
3.913030483E1,2.495621790E-1,4.213102060E-2,9.806734330E0
3.914026783E1,2.803502728E-1,2.740452019E-2,9.805954896E0
3.915023083E1,3.158914402E-1,9.724306780E-3,9.804907660E0
3.916019483E1,3.412875789E-1,-9.681025964E-3,9.804056890E0
3.917015783E1,3.471838746E-1,-2.047868511E-2,9.803832942E0
3.918012183E1,3.405849263E-1,-1.656284133E-2,9.804072093E0
3.919008483E1,3.276004530E-1,-3.296031495E-3,9.804528176E0
3.920004883E1,3.127859474E-1,9.086756991E-3,9.805008232E0
3.921001183E1,3.009823011E-1,1.552659366E-2,9.805369590E0
3.921997483E1,2.951770940E-1,1.768608460E-2,9.805542083E0
3.922993883E1,2.978392400E-1,1.716332068E-2,9.805462561E0
3.923990183E1,3.068747413E-1,1.273286940E-2,9.805190665E0
3.924986483E1,3.188702677E-1,4.889955073E-3,9.804815274E0
3.925982883E1,3.274072025E-1,-2.489593676E-3,9.804534608E0
3.926979183E1,3.299220534E-1,-5.006967337E-3,9.804449238E0
3.927975583E1,3.266558353E-1,-2.212990398E-3,9.804559751E0
3.928971883E1,3.207638154E-1,2.821611029E-3,9.804753878E0
3.929968283E1,3.158585862E-1,6.953573379E-3,9.804911168E0
3.930964583E1,3.143778154E-1,8.234452791E-3,9.804957946E0
3.931960883E1,3.164320518E-1,6.827533905E-3,9.804893042E0
3.932957283E1,3.200129963E-1,3.983813662E-3,9.804778436E0
3.933953583E1,3.229538169E-1,1.743362050E-3,9.804682542E0
3.934949983E1,3.236552635E-1,1.078083241E-3,9.804659153E0
3.935946283E1,3.222966995E-1,2.043850120E-3,9.804704177E0
3.936942583E1,3.202654133E-1,3.782115557E-3,9.804770250E0
3.937938983E1,3.188507891E-1,5.007222011E-3,9.804815859E0
3.938935283E1,3.189845077E-1,5.312662512E-3,9.804811181E0
3.939931683E1,3.203375168E-1,4.714512908E-3,9.804767327E0
3.940927983E1,3.210254783E-1,3.425821410E-3,9.804745107E0
3.941924283E1,3.222815698E-1,2.883942691E-3,9.804704177E0
3.942920683E1,3.224789865E-1,2.855677342E-3,9.804697745E0
3.943916983E1,3.212249780E-1,3.086046789E-3,9.804738675E0
3.944913383E1,3.209713915E-1,3.831692123E-3,9.804746861E0
3.945909683E1,3.206942335E-1,4.140097060E-3,9.804755632E0
3.946905983E1,3.208243341E-1,3.922927245E-3,9.804751539E0
3.947902383E1,3.214288631E-1,3.765060417E-3,9.804732243E0
3.948898683E1,3.216813166E-1,3.466259988E-3,9.804724057E0
3.949895083E1,3.216484991E-1,3.475038806E-3,9.804724642E0
3.950891383E1,3.218327229E-1,3.848063185E-3,9.804718795E0
3.951887683E1,3.214647138E-1,4.022278520E-3,9.804730489E0
3.952884083E1,3.210964123E-1,4.025391705E-3,9.804742768E0
3.953880383E1,3.212120045E-1,4.056128131E-3,9.804739260E0
3.954876783E1,3.214722056E-1,3.992503401E-3,9.804730489E0
3.955873083E1,3.213996270E-1,3.802588806E-3,9.804732828E0
3.956869383E1,3.213526665E-1,3.778210085E-3,9.804734582E0
3.957865783E1,3.215279368E-1,3.960099891E-3,9.804728735E0
3.958862083E1,3.216709743E-1,3.940051193E-3,9.804724057E0
3.959858483E1,3.217870781E-1,3.842869498E-3,9.804719964E0
3.960854783E1,3.220188471E-1,3.658685060E-3,9.804712948E0
3.961851083E1,3.221457317E-1,3.540231834E-3,9.804708270E0
3.962847483E1,3.223563777E-1,3.616466050E-3,9.804701838E0
3.963843783E1,3.224175541E-1,3.885583294E-3,9.804699499E0
3.964840183E1,3.213980556E-1,3.825991088E-3,9.804732828E0
3.965836483E1,3.219968470E-1,4.140337173E-3,9.804712948E0
3.966832783E1,3.222845300E-1,4.010198652E-3,9.804703592E0
3.967829183E1,3.218923645E-1,3.641651619E-3,9.804717041E0
3.968825483E1,3.224582654E-1,3.501953128E-3,9.804698330E0
3.969821883E1,3.225121694E-1,3.392254738E-3,9.804696575E0
3.970818183E1,3.222260213E-1,3.453776982E-3,9.804705931E0
3.971814483E1,3.218568793E-1,3.868173267E-3,9.804717625E0
3.972810883E1,3.207885930E-1,4.271031864E-3,9.804752709E0
3.973807183E1,3.200116076E-1,4.598240396E-3,9.804777852E0
3.974803583E1,3.211407781E-1,4.874125906E-3,9.804741014E0
3.975799883E1,3.214759697E-1,4.154360497E-3,9.804730489E0
3.976796183E1,3.223115734E-1,3.280384197E-3,9.804703007E0
3.977792583E1,3.235169403E-1,2.780500364E-3,9.804663831E0
3.978788883E1,3.237690284E-1,2.410012443E-3,9.804655645E0
3.979785283E1,3.236684563E-1,2.658713540E-3,9.804658569E0
3.980781583E1,3.229947109E-1,3.016370134E-3,9.804680788E0
3.981777883E1,3.221612999E-1,3.267671928E-3,9.804708270E0
3.982774283E1,3.220467310E-1,3.571248630E-3,9.804711778E0
3.983770583E1,3.217312738E-1,3.553945668E-3,9.804722303E0
3.984766983E1,3.216125753E-1,3.496356875E-3,9.804725811E0
3.985763283E1,3.218378393E-1,3.319837486E-3,9.804718795E0
3.986759583E1,3.225042026E-1,2.895327631E-3,9.804697160E0
3.987755983E1,3.231552535E-1,2.632567806E-3,9.804675525E0
3.988752283E1,3.236072067E-1,2.565061587E-3,9.804660907E0
3.989748683E1,3.229462155E-1,2.561452473E-3,9.804682542E0
3.990744983E1,3.226673399E-1,2.925133870E-3,9.804691313E0
3.991741283E1,3.224377636E-1,3.103140758E-3,9.804698914E0
3.992737683E1,3.226021069E-1,3.372141229E-3,9.804693652E0
3.993733983E1,3.225903759E-1,3.280980054E-3,9.804694237E0
3.994730342E1,3.227424401E-1,3.172811703E-3,9.804688974E0
3.995726642E1,3.227861480E-1,3.120167633E-3,9.804687805E0
3.996722942E1,3.227901314E-1,3.203644346E-3,9.804687220E0
3.997719342E1,3.226813732E-1,3.320357968E-3,9.804690728E0
3.998715642E1,3.225642462E-1,3.447175738E-3,9.804694821E0
3.999711942E1,3.227497856E-1,3.406080490E-3,9.804688974E0
4.000708342E1,3.228245204E-1,3.236758772E-3,9.804686050E0
4.001704642E1,3.231166984E-1,3.187946513E-3,9.804676695E0
4.002701042E1,3.234216307E-1,3.071905549E-3,9.804666755E0
4.003697342E1,3.235939408E-1,3.100421289E-3,9.804660907E0
4.004693642E1,3.237315697E-1,3.199068500E-3,9.804656230E0
4.005690042E1,3.237786032E-1,3.278958653E-3,9.804655060E0
4.006686342E1,3.237296328E-1,3.309269386E-3,9.804656230E0
4.007682742E1,3.238505605E-1,3.339286901E-3,9.804652721E0
4.008679042E1,3.238828664E-1,3.309387301E-3,9.804651552E0
4.009675342E1,3.238649958E-1,3.505643612E-3,9.804652137E0
4.010671742E1,3.240353691E-1,3.650927792E-3,9.804646289E0
4.011668042E1,3.242882246E-1,3.751098762E-3,9.804638103E0
4.012664442E1,3.244314083E-1,3.825855471E-3,9.804632841E0
4.013660742E1,3.247219418E-1,4.097870627E-3,9.804623485E0
4.014657042E1,3.249736645E-1,4.351876473E-3,9.804614714E0
4.015653442E1,3.254436710E-1,4.578219107E-3,9.804598927E0
4.016649742E1,3.259100595E-1,4.894860110E-3,9.804583724E0
4.017646142E1,3.262138224E-1,5.035811127E-3,9.804573199E0
4.018642442E1,3.264830866E-1,5.231113269E-3,9.804564428E0
4.019638742E1,3.265684560E-1,5.420703526E-3,9.804561505E0
4.020635142E1,3.264499768E-1,5.610307488E-3,9.804565013E0
4.021631442E1,3.263138098E-1,5.837963462E-3,9.804569691E0
4.022627742E1,3.261591509E-1,5.960776118E-3,9.804574953E0
4.023624142E1,3.260377846E-1,6.021641407E-3,9.804578462E0
4.024620442E1,3.260781670E-1,6.297124065E-3,9.804577292E0
4.025616842E1,3.261801643E-1,6.487451505E-3,9.804573784E0
4.026613142E1,3.262461282E-1,6.517540112E-3,9.804571445E0
4.027609442E1,3.262384172E-1,6.580330872E-3,9.804571445E0
4.028605842E1,3.260717716E-1,6.608958817E-3,9.804577292E0
4.029602142E1,3.262089253E-1,6.803769884E-3,9.804572614E0
4.030598542E1,3.264245049E-1,6.915754913E-3,9.804565013E0
4.031594842E1,3.265383428E-1,6.879548999E-3,9.804561505E0
4.032591142E1,3.267395236E-1,6.679444032E-3,9.804555073E0
4.033587542E1,3.268194112E-1,6.517603495E-3,9.804552149E0
4.034583842E1,3.269062058E-1,6.359131960E-3,9.804549810E0
4.035580242E1,3.268724381E-1,6.342835130E-3,9.804550980E0
4.036576542E1,3.267065599E-1,6.424053184E-3,9.804556242E0
4.037572842E1,3.263077798E-1,6.536454484E-3,9.804569106E0
4.038569242E1,3.258984382E-1,6.668213838E-3,9.804583139E0
4.039565542E1,3.257236064E-1,6.875653520E-3,9.804588402E0
4.040561842E1,3.257483109E-1,7.012786716E-3,9.804587817E0
4.041558242E1,3.258241054E-1,7.087608235E-3,9.804584894E0
4.042554542E1,3.260583961E-1,7.130721743E-3,9.804577292E0
4.043550942E1,3.263640227E-1,7.116988210E-3,9.804567352E0
4.044547242E1,3.265778481E-1,7.066547410E-3,9.804559751E0
4.045543542E1,3.267215434E-1,7.108829517E-3,9.804555073E0
4.046539942E1,3.267337860E-1,7.102108645E-3,9.804555073E0
4.047536242E1,3.266602938E-1,7.172507637E-3,9.804557412E0
4.048532642E1,3.265322763E-1,7.103327196E-3,9.804561505E0
4.049528942E1,3.265621337E-1,7.128789992E-3,9.804560335E0
4.050525242E1,3.267123706E-1,7.170875670E-3,9.804555658E0
4.051521642E1,3.267976303E-1,7.263046975E-3,9.804552734E0
4.052517942E1,3.271009181E-1,7.340713302E-3,9.804542209E0
4.053514242E1,3.272356964E-1,7.494516772E-3,9.804537531E0
4.054510642E1,3.273037434E-1,7.609717199E-3,9.804535192E0
4.055506942E1,3.274712661E-1,7.798084908E-3,9.804529930E0
4.056503342E1,3.274888443E-1,7.960513593E-3,9.804528760E0
4.057499642E1,3.272055832E-1,8.094096775E-3,9.804538116E0
4.058495942E1,3.272007227E-1,8.221602050E-3,9.804538116E0
4.059492342E1,3.272108457E-1,8.155273839E-3,9.804538116E0
4.060488642E1,3.273559663E-1,8.088732639E-3,9.804533438E0
4.061485042E1,3.276712774E-1,7.970252861E-3,9.804522913E0
4.062481342E1,3.277555139E-1,7.883125351E-3,9.804519989E0
4.063477642E1,3.280422832E-1,8.056106432E-3,9.804510634E0
4.064474042E1,3.282486169E-1,8.518215768E-3,9.804503033E0
4.065470342E1,3.278976012E-1,8.943486504E-3,9.804514142E0
4.066466642E1,3.278431125E-1,9.313455370E-3,9.804515896E0
4.067463042E1,3.277994411E-1,9.356997141E-3,9.804517066E0
4.068459342E1,3.276032304E-1,9.105305342E-3,9.804524083E0
4.069455742E1,3.277518594E-1,9.028137513E-3,9.804519405E0
4.070452042E1,3.278029859E-1,8.896777871E-3,9.804517651E0
4.071448342E1,3.275732635E-1,8.903493604E-3,9.804525252E0
4.072444742E1,3.274870536E-1,9.088009803E-3,9.804528176E0
4.073441042E1,3.272039022E-1,9.125249258E-3,9.804537531E0
4.074437442E1,3.270541403E-1,9.127934180E-3,9.804542209E0
4.075433742E1,3.269110297E-1,9.102551326E-3,9.804547471E0
4.076430042E1,3.269361362E-1,8.934590627E-3,9.804546302E0
4.077426442E1,3.271398751E-1,8.771702845E-3,9.804539870E0
4.078422742E1,3.275625557E-1,8.733959753E-3,9.804525837E0
4.079419042E1,3.278810828E-1,8.693384416E-3,9.804515312E0
4.080415442E1,3.283829932E-1,8.920427118E-3,9.804498355E0
4.081411742E1,3.289643161E-1,9.080323341E-3,9.804478474E0
4.082408142E1,3.291339584E-1,9.282738073E-3,9.804472627E0
4.083404442E1,3.295989217E-1,9.441684695E-3,9.804456840E0
4.084400742E1,3.296371113E-1,9.623603337E-3,9.804455670E0
4.085397142E1,3.296289983E-1,9.718625159E-3,9.804455670E0
4.086393442E1,3.297269757E-1,9.758951532E-3,9.804452162E0
4.087389742E1,3.296664205E-1,9.737201489E-3,9.804454501E0
4.088386142E1,3.296511446E-1,9.643829906E-3,9.804455085E0
4.089382442E1,3.297042812E-1,9.749149452E-3,9.804453331E0
4.090378842E1,3.295465891E-1,9.993799467E-3,9.804458009E0
4.091375142E1,3.293949270E-1,1.010313326E-2,9.804463271E0
4.092371442E1,3.295573699E-1,1.019550328E-2,9.804457424E0
4.093367842E1,3.297806239E-1,1.016388378E-2,9.804449823E0
4.094364142E1,3.297786505E-1,1.000510218E-2,9.804450408E0
4.095360479E1,3.293059762E-1,1.003056155E-2,9.804466195E0
4.096356879E1,3.289161131E-1,1.023952756E-2,9.804479059E0
4.097353179E1,3.285728450E-1,1.053538411E-2,9.804490169E0
4.098349579E1,3.283509431E-1,1.071365224E-2,9.804497770E0
4.099345879E1,3.285519046E-1,1.076743521E-2,9.804490753E0
4.100342179E1,3.285787287E-1,1.066432664E-2,9.804490169E0
4.101338579E1,3.287720523E-1,1.055017003E-2,9.804483737E0
4.102334879E1,3.291739387E-1,1.058160909E-2,9.804470288E0
4.103331179E1,3.295467718E-1,1.048102328E-2,9.804457424E0
4.104327579E1,3.298509367E-1,1.035546689E-2,9.804447484E0
4.105323879E1,3.300444430E-1,1.011358402E-2,9.804441052E0
4.106320279E1,3.299398509E-1,9.977905776E-3,9.804445145E0
4.107316579E1,3.298590497E-1,1.012292015E-2,9.804447484E0
4.108312879E1,3.303490098E-1,1.053580096E-2,9.804430527E0
4.109309279E1,3.296729986E-1,1.043905238E-2,9.804453331E0
4.110305579E1,3.289021529E-1,1.051414913E-2,9.804479059E0
4.111301879E1,3.287888265E-1,1.104591913E-2,9.804482567E0
4.112298279E1,3.287040784E-1,1.142525953E-2,9.804484906E0
4.113294579E1,3.289285384E-1,1.140405880E-2,9.804477305E0
4.114290979E1,3.294568343E-1,1.103255504E-2,9.804459763E0
4.115287279E1,3.300052301E-1,1.072302378E-2,9.804442222E0
4.116283579E1,3.301828758E-1,1.050401928E-2,9.804436374E0
4.117279979E1,3.301260116E-1,1.068213552E-2,9.804438128E0
4.118276279E1,3.299350635E-1,1.081757851E-2,9.804443976E0
4.119272579E1,3.296423007E-1,1.091519275E-2,9.804453916E0
4.120268979E1,3.296749720E-1,1.105448667E-2,9.804452747E0
4.121265279E1,3.294889209E-1,1.112463499E-2,9.804458594E0
4.122261679E1,3.288780331E-1,1.109343575E-2,9.804479644E0
4.123257979E1,3.285790942E-1,1.131294959E-2,9.804488999E0
4.124254279E1,3.283457903E-1,1.155595850E-2,9.804496601E0
4.125250679E1,3.282936039E-1,1.164763074E-2,9.804498355E0
4.126246979E1,3.284701532E-1,1.150694582E-2,9.804492508E0
4.127243279E1,3.288391856E-1,1.118791625E-2,9.804480813E0
4.128239679E1,3.293407306E-1,1.086947597E-2,9.804463856E0
4.129235979E1,3.297497799E-1,1.081523391E-2,9.804450408E0
4.130232279E1,3.297952420E-1,1.077168700E-2,9.804448653E0
4.131228679E1,3.296556397E-1,1.083757895E-2,9.804453331E0
4.132224979E1,3.295583932E-1,1.092163154E-2,9.804456840E0
4.133221379E1,3.294054885E-1,1.095237967E-2,9.804462102E0
4.134217679E1,3.291728424E-1,1.091695833E-2,9.804469703E0
4.135213979E1,3.288979502E-1,1.098357776E-2,9.804479059E0
4.136210379E1,3.286674237E-1,1.095220836E-2,9.804486660E0
4.137206679E1,3.286686297E-1,1.095456781E-2,9.804486660E0
4.138202979E1,3.287958066E-1,1.087225568E-2,9.804482567E0
4.139199379E1,3.288932724E-1,1.088632098E-2,9.804479059E0
4.140195679E1,3.290735128E-1,1.099245137E-2,9.804473212E0
4.141191979E1,3.291728424E-1,1.104961247E-2,9.804469703E0
4.142188379E1,3.291294268E-1,1.115300654E-2,9.804470873E0
4.143184679E1,3.288065143E-1,1.125856478E-2,9.804481398E0
4.144181079E1,3.287638662E-1,1.142396218E-2,9.804482567E0
4.145177379E1,3.288606011E-1,1.149196233E-2,9.804479644E0
4.146173679E1,3.289168074E-1,1.142310108E-2,9.804477890E0
4.147170079E1,3.289505751E-1,1.117116946E-2,9.804476720E0
4.148166379E1,3.289017143E-1,1.094880967E-2,9.804478474E0
4.149162679E1,3.287715041E-1,1.094245425E-2,9.804483152E0
4.150159079E1,3.286233503E-1,1.115838553E-2,9.804487830E0
4.151155379E1,3.284211097E-1,1.134440007E-2,9.804494262E0
4.152151679E1,3.282596535E-1,1.149623582E-2,9.804499524E0
4.153148079E1,3.283028498E-1,1.159247048E-2,9.804498355E0
4.154144379E1,3.285377617E-1,1.162161291E-2,9.804490169E0
4.155140779E1,3.285745260E-1,1.156156932E-2,9.804488999E0
4.156137079E1,3.287977070E-1,1.157811625E-2,9.804481398E0
4.157133379E1,3.291084499E-1,1.158510664E-2,9.804470873E0
4.158129779E1,3.292657766E-1,1.153313837E-2,9.804465610E0
4.159126079E1,3.293043682E-1,1.143694711E-2,9.804464441E0
4.160122379E1,3.292447631E-1,1.128553620E-2,9.804466780E0
4.161118779E1,3.288888504E-1,1.131044739E-2,9.804479059E0
4.162115079E1,3.285714197E-1,1.150645703E-2,9.804488999E0
4.163111379E1,3.280784629E-1,1.178403532E-2,9.804505371E0
4.164107779E1,3.275879546E-1,1.206031740E-2,9.804521159E0
4.165104079E1,3.277183475E-1,1.224454580E-2,9.804517066E0
4.166100479E1,3.278872955E-1,1.221344478E-2,9.804511219E0
4.167096779E1,3.282412713E-1,1.207164067E-2,9.804499524E0
4.168093079E1,3.293054280E-1,1.196564161E-2,9.804463856E0
4.169089479E1,3.299817681E-1,1.177060157E-2,9.804441637E0
4.170085779E1,3.303572690E-1,1.151150824E-2,9.804429358E0
4.171082079E1,3.300528483E-1,1.141324647E-2,9.804439298E0
4.172078479E1,3.294068041E-1,1.176900158E-2,9.804460933E0
4.173074779E1,3.282031913E-1,1.223902064E-2,9.804500694E0
4.174071079E1,3.273048397E-1,1.283900664E-2,9.804529930E0
4.175067479E1,3.273958736E-1,1.334168674E-2,9.804526421E0
4.176063779E1,3.280102697E-1,1.325744344E-2,9.804505956E0
4.177060079E1,3.286278453E-1,1.263837519E-2,9.804486076E0
4.178056479E1,3.294016147E-1,1.216724721E-2,9.804460348E0
4.179052779E1,3.299014055E-1,1.202575487E-2,9.804443976E0
4.180049179E1,3.299681003E-1,1.215896290E-2,9.804441637E0
4.181045479E1,3.300844964E-1,1.229974375E-2,9.804437544E0
4.182041779E1,3.301144268E-1,1.215938088E-2,9.804436374E0
4.183038179E1,3.303154980E-1,1.196020210E-2,9.804429942E0
4.184034479E1,3.302590358E-1,1.188594703E-2,9.804432281E0
4.185030779E1,3.298728272E-1,1.210688385E-2,9.804444560E0
4.186027179E1,3.292917967E-1,1.249619192E-2,9.804463856E0
4.187023479E1,3.287866703E-1,1.282693648E-2,9.804480228E0
4.188019779E1,3.284188439E-1,1.301427579E-2,9.804492508E0
4.189016179E1,3.283085508E-1,1.299088806E-2,9.804496016E0
4.190012479E1,3.286462641E-1,1.284689581E-2,9.804484906E0
4.191008779E1,3.291200347E-1,1.266543113E-2,9.804469119E0
4.192005179E1,3.295162201E-1,1.257333634E-2,9.804456255E0
4.193001479E1,3.297148062E-1,1.256895550E-2,9.804449238E0
4.193997779E1,3.297638863E-1,1.255959081E-2,9.804448069E0
4.194994129E1,3.297012480E-1,1.261431824E-2,9.804449823E0
4.195990429E1,3.296204102E-1,1.262393874E-2,9.804452747E0
4.196986829E1,3.295230541E-1,1.258340337E-2,9.804455670E0
4.197983129E1,3.293236640E-1,1.261525128E-2,9.804462687E0
4.198979429E1,3.291597227E-1,1.257581455E-2,9.804467949E0
4.199975829E1,3.289195118E-1,1.260882391E-2,9.804476135E0
4.200972129E1,3.288002286E-1,1.263673523E-2,9.804480228E0
4.201968429E1,3.288300859E-1,1.268088057E-2,9.804479059E0
4.202964829E1,3.289058439E-1,1.267744419E-2,9.804476720E0
4.203961129E1,3.290297318E-1,1.273068354E-2,9.804472042E0
4.204957429E1,3.292328129E-1,1.274611014E-2,9.804465610E0
4.205953829E1,3.297045370E-1,1.284720416E-2,9.804449238E0
4.206950129E1,3.301381446E-1,1.276533172E-2,9.804435205E0
4.207946429E1,3.302554544E-1,1.258371401E-2,9.804431112E0
4.208942829E1,3.303621661E-1,1.261334523E-2,9.804427603E0
4.209939129E1,3.300212734E-1,1.260732100E-2,9.804439298E0
4.210935429E1,3.296177424E-1,1.278084512E-2,9.804452747E0
4.211931829E1,3.292156367E-1,1.297216555E-2,9.804465610E0
4.212928129E1,3.289221065E-1,1.311975522E-2,9.804475551E0
4.213924429E1,3.288167104E-1,1.318092486E-2,9.804479059E0
4.214920829E1,3.288543153E-1,1.320102238E-2,9.804477305E0
4.215917129E1,3.290775328E-1,1.320141638E-2,9.804470288E0
4.216913529E1,3.293747175E-1,1.313624733E-2,9.804460348E0
4.217909829E1,3.296203371E-1,1.304036442E-2,9.804452162E0
4.218906129E1,3.297637766E-1,1.285835270E-2,9.804447484E0
4.219902529E1,3.298990300E-1,1.274484705E-2,9.804442806E0
4.220898829E1,3.299246116E-1,1.270344831E-2,9.804442222E0
4.221895129E1,3.299125152E-1,1.275251581E-2,9.804442806E0
4.222891529E1,3.297468562E-1,1.278922194E-2,9.804448069E0
4.223887829E1,3.295944266E-1,1.283764762E-2,9.804453331E0
4.224884129E1,3.294765322E-1,1.285014947E-2,9.804457424E0
4.225880529E1,3.293835614E-1,1.275344314E-2,9.804460348E0
4.226876829E1,3.293502688E-1,1.279173670E-2,9.804461517E0
4.227873129E1,3.294422529E-1,1.276399440E-2,9.804458594E0
4.228869529E1,3.297020520E-1,1.275534349E-2,9.804449823E0
4.229865829E1,3.298692458E-1,1.281213800E-2,9.804443976E0
4.230862129E1,3.300316156E-1,1.301074918E-2,9.804438128E0
4.231858529E1,3.301177524E-1,1.309689968E-2,9.804435205E0
4.232854829E1,3.302660159E-1,1.329956395E-2,9.804429942E0
4.233851129E1,3.303565016E-1,1.339580661E-2,9.804427019E0
4.234847529E1,3.302012580E-1,1.341225647E-2,9.804432281E0
4.235843829E1,3.299071430E-1,1.333091508E-2,9.804442222E0
4.236840129E1,3.296464669E-1,1.323357492E-2,9.804450992E0
4.237836529E1,3.295597453E-1,1.321949136E-2,9.804453916E0
4.238832829E1,3.297891024E-1,1.311182721E-2,9.804446315E0
4.239829129E1,3.298910267E-1,1.312983253E-2,9.804442806E0
4.240825529E1,3.299363791E-1,1.321088156E-2,9.804441052E0
4.241821829E1,3.302672219E-1,1.335383799E-2,9.804429942E0
4.242818129E1,3.305037783E-1,1.356608506E-2,9.804421756E0
4.243814529E1,3.305845430E-1,1.379862609E-2,9.804418833E0
4.244810829E1,3.308127306E-1,1.385565015E-2,9.804410647E0
4.245807129E1,3.309377513E-1,1.385497178E-2,9.804406554E0
4.246803529E1,3.309036182E-1,1.401914835E-2,9.804407723E0
4.247799829E1,3.307362417E-1,1.406122203E-2,9.804412985E0
4.248796129E1,3.307536737E-1,1.417184861E-2,9.804412401E0
4.249792529E1,3.307087232E-1,1.417699804E-2,9.804413570E0
4.250788829E1,3.306971750E-1,1.400563808E-2,9.804414740E0
4.251785129E1,3.305920713E-1,1.376297406E-2,9.804418248E0
4.252781529E1,3.305864068E-1,1.369344587E-2,9.804418833E0
4.253777829E1,3.305497520E-1,1.379221585E-2,9.804420002E0
4.254774129E1,3.305577554E-1,1.375415756E-2,9.804419417E0
4.255770529E1,3.305053132E-1,1.384843592E-2,9.804421172E0
4.256766829E1,3.305288848E-1,1.409276388E-2,9.804420002E0
4.257763129E1,3.304947517E-1,1.434715887E-2,9.804420587E0
4.258759529E1,3.320701012E-1,1.649827756E-2,9.804364454E0
4.259755829E1,3.339511870E-1,1.685544194E-2,9.804299549E0
4.260752229E1,3.201796420E-1,1.390454292E-2,9.804763818E0
4.261748529E1,3.314262862E-1,1.880599085E-2,9.804381995E0
4.262744829E1,3.322185108E-1,1.712051838E-2,9.804358022E0
4.263741229E1,3.274657112E-1,1.326479243E-2,9.804524083E0
4.264737529E1,3.333153754E-1,1.391160526E-2,9.804325862E0
4.265733829E1,3.337527837E-1,1.390032196E-2,9.804311244E0
4.266730129E1,3.310176389E-1,1.432813601E-2,9.804403045E0
4.267726529E1,3.307320024E-1,1.578271198E-2,9.804410647E0
4.268722829E1,3.287857567E-1,1.568020870E-2,9.804476135E0
4.269719129E1,3.300777721E-1,1.584945361E-2,9.804432281E0
4.270715529E1,3.317853783E-1,1.569115281E-2,9.804374979E0
4.271711829E1,3.310267021E-1,1.490593799E-2,9.804401876E0
4.272708229E1,3.307420158E-1,1.466239118E-2,9.804411816E0
4.273704529E1,3.314866222E-1,1.514839530E-2,9.804386088E0
4.274700829E1,3.317820162E-1,1.546334894E-2,9.804375563E0
4.275697129E1,3.312252882E-1,1.532413953E-2,9.804394859E0
4.276693529E1,3.306968461E-1,1.491938887E-2,9.804412985E0
4.277689829E1,3.311314038E-1,1.495376638E-2,9.804398367E0
4.278686129E1,3.315724666E-1,1.516289913E-2,9.804383165E0
4.279682529E1,3.308838108E-1,1.526069610E-2,9.804406554E0
4.280678829E1,3.300992972E-1,1.531602652E-2,9.804432866E0
4.281675129E1,3.301830951E-1,1.549569250E-2,9.804429358E0
4.282671529E1,3.306378988E-1,1.562938017E-2,9.804414155E0
4.283667829E1,3.308690831E-1,1.541385889E-2,9.804406554E0
4.284664129E1,3.309653794E-1,1.505940341E-2,9.804403630E0
4.285660529E1,3.312638798E-1,1.485575357E-2,9.804394274E0
4.286656829E1,3.314937485E-1,1.486097724E-2,9.804386088E0
4.287653129E1,3.313957345E-1,1.499974583E-2,9.804389597E0
4.288649529E1,3.310587522E-1,1.508815641E-2,9.804400706E0
4.289645829E1,3.309112561E-1,1.506349761E-2,9.804405969E0
4.290642129E1,3.310553169E-1,1.503690762E-2,9.804400706E0
4.291638529E1,3.311139718E-1,1.501589647E-2,9.804398952E0
4.292634829E1,3.309337314E-1,1.490710400E-2,9.804405384E0
4.293631129E1,3.308961996E-1,1.480543897E-2,9.804406554E0
4.294627529E1,3.310401507E-1,1.482318732E-2,9.804401876E0
4.295623871E1,3.311223772E-1,1.480688935E-2,9.804398952E0
4.296620171E1,3.311174801E-1,1.472144920E-2,9.804398952E0
4.297616571E1,3.311513574E-1,1.467045508E-2,9.804398367E0
4.298612871E1,3.312047133E-1,1.470743643E-2,9.804396029E0
4.299609171E1,3.312793384E-1,1.488259709E-2,9.804393690E0
4.300605571E1,3.313533787E-1,1.499014474E-2,9.804390766E0
4.301601871E1,3.311881218E-1,1.493963257E-2,9.804396613E0
4.302598171E1,3.312272616E-1,1.497515326E-2,9.804394859E0
4.303594571E1,3.312747337E-1,1.493527913E-2,9.804393690E0
4.304590871E1,3.311926899E-1,1.488742104E-2,9.804396613E0
4.305587171E1,3.311922149E-1,1.495259466E-2,9.804396613E0
4.306583571E1,3.311460949E-1,1.503270722E-2,9.804397783E0
4.307579871E1,3.312377135E-1,1.503833402E-2,9.804394859E0
4.308576171E1,3.312478365E-1,1.509348058E-2,9.804394274E0
4.309572571E1,3.312444744E-1,1.524802523E-2,9.804394274E0
4.310568871E1,3.313072223E-1,1.532151856E-2,9.804391935E0
4.311565171E1,3.314178808E-1,1.533640384E-2,9.804388427E0
4.312561571E1,3.316769125E-1,1.545338241E-2,9.804379072E0
4.313557871E1,3.317721856E-1,1.531557656E-2,9.804376148E0
4.314554171E1,3.318799571E-1,1.525420363E-2,9.804372640E0
4.315550471E1,3.319699676E-1,1.537722814E-2,9.804369131E0
4.316546871E1,3.317478831E-1,1.554037345E-2,9.804376733E0
4.317543171E1,3.316996070E-1,1.564694009E-2,9.804377902E0
4.318539471E1,3.315898986E-1,1.581809335E-2,9.804381410E0
4.319535871E1,3.317140789E-1,1.599922684E-2,9.804377317E0
4.320532171E1,3.319763265E-1,1.589786901E-2,9.804368547E0
4.321528471E1,3.323772262E-1,1.580194613E-2,9.804355098E0
4.322524871E1,3.327039394E-1,1.572126254E-2,9.804343988E0
4.323521171E1,3.328925121E-1,1.563238030E-2,9.804337556E0
4.324517471E1,3.329998816E-1,1.571782045E-2,9.804334048E0
4.325513871E1,3.330109182E-1,1.590068641E-2,9.804333463E0
4.326510171E1,3.327567836E-1,1.607695712E-2,9.804341649E0
4.327506471E1,3.325486593E-1,1.622063874E-2,9.804348666E0
4.328502871E1,3.323490865E-1,1.635956265E-2,9.804355098E0
4.329499171E1,3.322002383E-1,1.629186171E-2,9.804360361E0
4.330495471E1,3.322038563E-1,1.627889734E-2,9.804359776E0
4.331491871E1,3.322713185E-1,1.620278646E-2,9.804358022E0
4.332488171E1,3.324193627E-1,1.602812830E-2,9.804353344E0
4.333484471E1,3.327845213E-1,1.580244405E-2,9.804341065E0
4.334480771E1,3.332153880E-1,1.561438184E-2,9.804327031E0
4.335477171E1,3.335315762E-1,1.556776742E-2,9.804315922E0
4.336473471E1,3.334873566E-1,1.567586211E-2,9.804317676E0
4.337469771E1,3.333230864E-1,1.596930897E-2,9.804322354E0
4.338466171E1,3.330635066E-1,1.618817642E-2,9.804331124E0
4.339462471E1,3.327279861E-1,1.633294982E-2,9.804342234E0
4.340458771E1,3.325240279E-1,1.638613665E-2,9.804349251E0
4.341455171E1,3.323869472E-1,1.631350212E-2,9.804353929E0
4.342451471E1,3.324576620E-1,1.631710981E-2,9.804351590E0
4.343447771E1,3.326922084E-1,1.625150907E-2,9.804343404E0
4.344444171E1,3.328852762E-1,1.606748966E-2,9.804337556E0
4.345440471E1,3.331745306E-1,1.604347953E-2,9.804327616E0
4.346436771E1,3.334637120E-1,1.601167159E-2,9.804317676E0
4.347433171E1,3.335418088E-1,1.607287892E-2,9.804314752E0
4.348429471E1,3.334943002E-1,1.612680692E-2,9.804316506E0
4.349425771E1,3.332290559E-1,1.642579379E-2,9.804325277E0
4.350422071E1,3.329144391E-1,1.673420358E-2,9.804335217E0
4.351418471E1,3.327183016E-1,1.679331527E-2,9.804341649E0
4.352414771E1,3.326980922E-1,1.685721894E-2,9.804342234E0
4.353411071E1,3.329438945E-1,1.679365674E-2,9.804334048E0
4.354407471E1,3.333657711E-1,1.673815616E-2,9.804320015E0
4.355403771E1,3.337032651E-1,1.649413883E-2,9.804308905E0
4.356400071E1,3.337845048E-1,1.639917639E-2,9.804305981E0
4.357396471E1,3.335513106E-1,1.634428109E-2,9.804314167E0
4.358392771E1,3.334653565E-1,1.641294476E-2,9.804317091E0
4.359389071E1,3.332002584E-1,1.638645756E-2,9.804325862E0
4.360385471E1,3.329944729E-1,1.656346260E-2,9.804332879E0
4.361381771E1,3.328445284E-1,1.670410184E-2,9.804337556E0
4.362378071E1,3.328812562E-1,1.677721487E-2,9.804336387E0
4.363374371E1,3.329658946E-1,1.670672052E-2,9.804333463E0
4.364370771E1,3.332073846E-1,1.666199503E-2,9.804325277E0
4.365367071E1,3.334389344E-1,1.649573996E-2,9.804317676E0
4.366363371E1,3.335425763E-1,1.638126359E-2,9.804314167E0
4.367359771E1,3.334700343E-1,1.643194935E-2,9.804316506E0
4.368356071E1,3.332722522E-1,1.663407800E-2,9.804322938E0
4.369352371E1,3.328421529E-1,1.690496740E-2,9.804337556E0
4.370348771E1,3.325577955E-1,1.700111755E-2,9.804346912E0
4.371345071E1,3.326179488E-1,1.700271412E-2,9.804344573E0
4.372341371E1,3.327658468E-1,1.695257310E-2,9.804339895E0
4.373337771E1,3.330445031E-1,1.688824916E-2,9.804330540E0
4.374334071E1,3.334890377E-1,1.674902376E-2,9.804315337E0
4.375330371E1,3.336963946E-1,1.656886328E-2,9.804308905E0
4.376326671E1,3.336950790E-1,1.649091144E-2,9.804308905E0
4.377323071E1,3.336976737E-1,1.668464157E-2,9.804308905E0
4.378319371E1,3.334605325E-1,1.677316522E-2,9.804316506E0
4.379315671E1,3.333185548E-1,1.692573187E-2,9.804321184E0
4.380312071E1,3.332111488E-1,1.711304034E-2,9.804324692E0
4.381308371E1,3.331399955E-1,1.717868447E-2,9.804326447E0
4.382304671E1,3.331063740E-1,1.723632066E-2,9.804327616E0
4.383301071E1,3.331285203E-1,1.719844281E-2,9.804327031E0
4.384297371E1,3.332032916E-1,1.714296506E-2,9.804324692E0
4.385293671E1,3.332904151E-1,1.711414583E-2,9.804321769E0
4.386289971E1,3.334423331E-1,1.709662474E-2,9.804316506E0
4.387286371E1,3.337206971E-1,1.704627473E-2,9.804307151E0
4.388282671E1,3.337369231E-1,1.699966032E-2,9.804306566E0
4.389278971E1,3.337511757E-1,1.692597740E-2,9.804306566E0
4.390275371E1,3.336463278E-1,1.685069336E-2,9.804310074E0
4.391271671E1,3.335414068E-1,1.704013744E-2,9.804313583E0
4.392267971E1,3.335968823E-1,1.712640328E-2,9.804311244E0
4.393264271E1,3.335654170E-1,1.715368077E-2,9.804312413E0
4.394260671E1,3.336135103E-1,1.724215417E-2,9.804310659E0
4.395256967E1,3.337223782E-1,1.726781911E-2,9.804306566E0
4.396253267E1,3.336442813E-1,1.726571091E-2,9.804309490E0
4.397249667E1,3.335605565E-1,1.737064788E-2,9.804311829E0
4.398245967E1,3.335994770E-1,1.733029524E-2,9.804310659E0
4.399242267E1,3.336125601E-1,1.729521423E-2,9.804310659E0
4.400238667E1,3.335947261E-1,1.722670130E-2,9.804311244E0
4.401234967E1,3.335600448E-1,1.706620209E-2,9.804312413E0
4.402231267E1,3.335897560E-1,1.703924437E-2,9.804311829E0
4.403227567E1,3.336628097E-1,1.702795993E-2,9.804309490E0
4.404223967E1,3.336804609E-1,1.701791231E-2,9.804308905E0
4.405220267E1,3.337081987E-1,1.724249450E-2,9.804307151E0
4.406216567E1,3.337158000E-1,1.741288031E-2,9.804306566E0
4.407212967E1,3.336130352E-1,1.756088909E-2,9.804310074E0
4.408209267E1,3.335529185E-1,1.769213510E-2,9.804311829E0
4.409205567E1,3.335263137E-1,1.779158916E-2,9.804312413E0
4.410201967E1,3.334152166E-1,1.779394061E-2,9.804316506E0
4.411198267E1,3.334510308E-1,1.781740599E-2,9.804314752E0
4.412194567E1,3.335269715E-1,1.775336756E-2,9.804312413E0
4.413190867E1,3.335747725E-1,1.759174686E-2,9.804311244E0
4.414187267E1,3.336419789E-1,1.750349159E-2,9.804308905E0
4.415183567E1,3.336987700E-1,1.748811410E-2,9.804307151E0
4.416179867E1,3.338149469E-1,1.754770317E-2,9.804303058E0
4.417176267E1,3.338900105E-1,1.772108110E-2,9.804300134E0
4.418172567E1,3.339466920E-1,1.784164338E-2,9.804298380E0
4.419168867E1,3.339201602E-1,1.798271203E-2,9.804298965E0
4.420165167E1,3.338372760E-1,1.799928637E-2,9.804301304E0
4.421161567E1,3.338357411E-1,1.799237706E-2,9.804301888E0
4.422157867E1,3.338624555E-1,1.806977730E-2,9.804300719E0
4.423154167E1,3.338770005E-1,1.828654340E-2,9.804299549E0
4.424150567E1,3.338406016E-1,1.842584646E-2,9.804300719E0
4.425146867E1,3.338453524E-1,1.847237294E-2,9.804300134E0
4.426143167E1,3.339505292E-1,1.844885960E-2,9.804296626E0
4.427139467E1,3.340615898E-1,1.840659176E-2,9.804293118E0
4.428135867E1,3.340474103E-1,1.835063437E-2,9.804293702E0
4.429132167E1,3.340441943E-1,1.835317197E-2,9.804293702E0
4.430128467E1,3.340804470E-1,1.839591717E-2,9.804292533E0
4.431124867E1,3.341812750E-1,1.843850934E-2,9.804289024E0
4.432121167E1,3.341437431E-1,1.847765028E-2,9.804290194E0
4.433117467E1,3.341947966E-1,1.851705275E-2,9.804288440E0
4.434113767E1,3.342632091E-1,1.854183261E-2,9.804286101E0
4.435110167E1,3.342705181E-1,1.851538424E-2,9.804286101E0
4.436106467E1,3.341818231E-1,1.854619861E-2,9.804289024E0
4.437102767E1,3.340857461E-1,1.848532589E-2,9.804291948E0
4.438099167E1,3.340452906E-1,1.868234508E-2,9.804293118E0
4.439095467E1,3.340096592E-1,1.877930494E-2,9.804294287E0
4.440091767E1,3.340106094E-1,1.876947202E-2,9.804294287E0
4.441088067E1,3.340693739E-1,1.876730673E-2,9.804291948E0
4.442084467E1,3.341147629E-1,1.877450268E-2,9.804290779E0
4.443080767E1,3.342556808E-1,1.867155629E-2,9.804286101E0
4.444077067E1,3.342935780E-1,1.862628262E-2,9.804284931E0
4.445073467E1,3.344294162E-1,1.865985158E-2,9.804280254E0
4.446069767E1,3.344656324E-1,1.865219081E-2,9.804279084E0
4.447066067E1,3.345135064E-1,1.869536999E-2,9.804277330E0
4.448062367E1,3.344634762E-1,1.870706327E-2,9.804279084E0
4.449058767E1,3.344023728E-1,1.878983107E-2,9.804280838E0
4.450055067E1,3.343976950E-1,1.878040129E-2,9.804280838E0
4.451051367E1,3.344970611E-1,1.885355773E-2,9.804277330E0
4.452047767E1,3.345056858E-1,1.893587670E-2,9.804276745E0
4.453044067E1,3.345617460E-1,1.887134719E-2,9.804274991E0
4.454040367E1,3.346196700E-1,1.883514813E-2,9.804273237E0
4.455036667E1,3.346309258E-1,1.876855154E-2,9.804273237E0
4.456033067E1,3.345289650E-1,1.871147039E-2,9.804276745E0
4.457029367E1,3.344759746E-1,1.880979726E-2,9.804278499E0
4.458025667E1,3.344789348E-1,1.889755802E-2,9.804277915E0
4.459021967E1,3.344969150E-1,1.892299798E-2,9.804277330E0
4.460018367E1,3.345418654E-1,1.903119659E-2,9.804275576E0
4.461014667E1,3.346520124E-1,1.898493964E-2,9.804272068E0
4.462010967E1,3.348002393E-1,1.899427805E-2,9.804266805E0
4.463007367E1,3.348990572E-1,1.886305717E-2,9.804263881E0
4.464003667E1,3.350383671E-1,1.884731308E-2,9.804259204E0
4.464999967E1,3.351152215E-1,1.886937833E-2,9.804256280E0
4.465996267E1,3.351623281E-1,1.889869549E-2,9.804254526E0
4.466992667E1,3.350726464E-1,1.893475180E-2,9.804257450E0
4.467988967E1,3.349960114E-1,1.896224627E-2,9.804260373E0
4.468985267E1,3.349554098E-1,1.910180058E-2,9.804261543E0
4.469981567E1,3.350704903E-1,1.914289098E-2,9.804257450E0
4.470977967E1,3.350613905E-1,1.915796583E-2,9.804257450E0
4.471974267E1,3.351401452E-1,1.914367327E-2,9.804255111E0
4.472970567E1,3.353014918E-1,1.920234071E-2,9.804249263E0
4.473966967E1,3.354749349E-1,1.920382993E-2,9.804243416E0
4.474963267E1,3.355168521E-1,1.915502052E-2,9.804242247E0
4.475959567E1,3.354943038E-1,1.914381488E-2,9.804242831E0
4.476955867E1,3.353092029E-1,1.901934570E-2,9.804249263E0
4.477952267E1,3.353135517E-1,1.902462076E-2,9.804249263E0
4.478948567E1,3.352454682E-1,1.897979135E-2,9.804251602E0
4.479944867E1,3.350643872E-1,1.892738453E-2,9.804258034E0
4.480941167E1,3.351550556E-1,1.900839017E-2,9.804254526E0
4.481937567E1,3.351850592E-1,1.900057637E-2,9.804253941E0
4.482933867E1,3.351567367E-1,1.903473462E-2,9.804254526E0
4.483930167E1,3.353660670E-1,1.910971716E-2,9.804247509E0
4.484926567E1,3.354214329E-1,1.905912619E-2,9.804245755E0
4.485922867E1,3.354393034E-1,1.898261788E-2,9.804245170E0
4.486919167E1,3.355713774E-1,1.880340186E-2,9.804241077E0
4.487915467E1,3.356060221E-1,1.861084460E-2,9.804239908E0
4.488911867E1,3.353787116E-1,1.851363464E-2,9.804248094E0
4.489908167E1,3.354022832E-1,1.864217745E-2,9.804246925E0
4.490904467E1,3.353892732E-1,1.865961974E-2,9.804247509E0
4.491900767E1,3.352406077E-1,1.863120707E-2,9.804252187E0
4.492897167E1,3.352601228E-1,1.866708865E-2,9.804251602E0
4.493893467E1,3.352528503E-1,1.861227214E-2,9.804252187E0
4.494889767E1,3.352444084E-1,1.851861505E-2,9.804252772E0
4.495886046E1,3.354025025E-1,1.847376622E-2,9.804247509E0
4.496882446E1,3.354954367E-1,1.829016936E-2,9.804244586E0
4.497878746E1,3.355743741E-1,1.810417309E-2,9.804242247E0
4.498875046E1,3.356548829E-1,1.808474480E-2,9.804239323E0
4.499871446E1,3.356250987E-1,1.812886958E-2,9.804240493E0
4.500867746E1,3.352699900E-1,1.821863347E-2,9.804252187E0
4.501864046E1,3.350441047E-1,1.841339486E-2,9.804259788E0
4.502860346E1,3.348376980E-1,1.843147669E-2,9.804266805E0
4.503856746E1,3.347634749E-1,1.844528846E-2,9.804269144E0
4.504853046E1,3.349218248E-1,1.846220769E-2,9.804263881E0
4.505849346E1,3.350365399E-1,1.835666431E-2,9.804259788E0
4.506845646E1,3.351815874E-1,1.825197174E-2,9.804255111E0
4.507842046E1,3.353818180E-1,1.821739894E-2,9.804248679E0
4.508838346E1,3.354505593E-1,1.826129417E-2,9.804245755E0
4.509834646E1,3.353185219E-1,1.831766841E-2,9.804250433E0
4.510830946E1,3.352790532E-1,1.848083884E-2,9.804251602E0
4.511827346E1,3.352478071E-1,1.854610839E-2,9.804252187E0
4.512823646E1,3.353097876E-1,1.857681312E-2,9.804250433E0
4.513819946E1,3.353250269E-1,1.850777943E-2,9.804249848E0
4.514816346E1,3.354618152E-1,1.854878417E-2,9.804245170E0
4.515812646E1,3.354798319E-1,1.859183316E-2,9.804244586E0
4.516808946E1,3.356007596E-1,1.857282514E-2,9.804240493E0
4.517805246E1,3.356748731E-1,1.861588097E-2,9.804237569E0
4.518801646E1,3.355461613E-1,1.861025074E-2,9.804242247E0
4.519797946E1,3.354490975E-1,1.861251083E-2,9.804245170E0
4.520794246E1,3.354096288E-1,1.851865617E-2,9.804246925E0
4.521790546E1,3.351902120E-1,1.842376682E-2,9.804254526E0
4.522786946E1,3.352266109E-1,1.841114962E-2,9.804253356E0
4.523783246E1,3.351186567E-1,1.831827939E-2,9.804257450E0
4.524779546E1,3.352020526E-1,1.822847895E-2,9.804254526E0
4.525775846E1,3.353625952E-1,1.815995918E-2,9.804249263E0
4.526772246E1,3.354570643E-1,1.820579016E-2,9.804245755E0
4.527768546E1,3.354421174E-1,1.830307206E-2,9.804246340E0
4.528764846E1,3.354037816E-1,1.839456272E-2,9.804247509E0
4.529761146E1,3.352550430E-1,1.844812527E-2,9.804252187E0
4.530757546E1,3.352174381E-1,1.842492027E-2,9.804253941E0
4.531753846E1,3.353158541E-1,1.831555107E-2,9.804250433E0
4.532750146E1,3.354388283E-1,1.807795426E-2,9.804246925E0
4.533746446E1,3.355055231E-1,1.795152079E-2,9.804244586E0
4.534742846E1,3.354840712E-1,1.783472608E-2,9.804245755E0
4.535739146E1,3.354355758E-1,1.779227210E-2,9.804247509E0
4.536735446E1,3.353318608E-1,1.783681372E-2,9.804251018E0
4.537731746E1,3.353177179E-1,1.792588668E-2,9.804251018E0
4.538728146E1,3.352876778E-1,1.802774130E-2,9.804252187E0
4.539724446E1,3.352073882E-1,1.810266788E-2,9.804254526E0
4.540720746E1,3.352691494E-1,1.828090861E-2,9.804252187E0
4.541717046E1,3.353199106E-1,1.834461356E-2,9.804250433E0
4.542713446E1,3.354391207E-1,1.832536800E-2,9.804246340E0
4.543709746E1,3.354684664E-1,1.818669763E-2,9.804245755E0
4.544706046E1,3.354957290E-1,1.801107902E-2,9.804245170E0
4.545702346E1,3.355463075E-1,1.799144174E-2,9.804243416E0
4.546698746E1,3.354395958E-1,1.796610571E-2,9.804246925E0
4.547695046E1,3.353620836E-1,1.814123553E-2,9.804249263E0
4.548691346E1,3.352107504E-1,1.821197313E-2,9.804254526E0
4.549687646E1,3.351323611E-1,1.817859033E-2,9.804256865E0
4.550684046E1,3.352036606E-1,1.816334645E-2,9.804254526E0
4.551680346E1,3.352945848E-1,1.817054926E-2,9.804251602E0
4.552676646E1,3.354436888E-1,1.808664172E-2,9.804246340E0
4.553672946E1,3.355612544E-1,1.801647970E-2,9.804242831E0
4.554669346E1,3.355078620E-1,1.807011077E-2,9.804244586E0
4.555665646E1,3.356005038E-1,1.804156791E-2,9.804241077E0
4.556661946E1,3.356107730E-1,1.803674053E-2,9.804241077E0
4.557658246E1,3.357431028E-1,1.813295578E-2,9.804236400E0
4.558654646E1,3.357117837E-1,1.814723235E-2,9.804236984E0
4.559650946E1,3.356745077E-1,1.812993738E-2,9.804238738E0
4.560647246E1,3.357014414E-1,1.820706010E-2,9.804237569E0
4.561643546E1,3.354776027E-1,1.834372734E-2,9.804245170E0
4.562639946E1,3.353582829E-1,1.837221653E-2,9.804248679E0
4.563636246E1,3.352062919E-1,1.835269802E-2,9.804253941E0
4.564632546E1,3.352091789E-1,1.817911224E-2,9.804254526E0
4.565628846E1,3.354441639E-1,1.798644762E-2,9.804246925E0
4.566625246E1,3.356694644E-1,1.774161031E-2,9.804239323E0
4.567621546E1,3.358138541E-1,1.749912331E-2,9.804235230E0
4.568617846E1,3.358868347E-1,1.738235830E-2,9.804232891E0
4.569614146E1,3.359489613E-1,1.740060458E-2,9.804230552E0
4.570610546E1,3.356587933E-1,1.749255890E-2,9.804240493E0
4.571606846E1,3.353919044E-1,1.759776310E-2,9.804249263E0
4.572603146E1,3.351563713E-1,1.760471694E-2,9.804257450E0
4.573599446E1,3.351179258E-1,1.765171166E-2,9.804258619E0
4.574595846E1,3.348854990E-1,1.763979681E-2,9.804266220E0
4.575592146E1,3.348107643E-1,1.771137724E-2,9.804269144E0
4.576588446E1,3.348313026E-1,1.773553812E-2,9.804267974E0
4.577584746E1,3.348161729E-1,1.771000451E-2,9.804268559E0
4.578581146E1,3.350071576E-1,1.752741150E-2,9.804262712E0
4.579577446E1,3.352311791E-1,1.737184016E-2,9.804255111E0
4.580573746E1,3.354181072E-1,1.724332361E-2,9.804248679E0
4.581570046E1,3.354440177E-1,1.720850413E-2,9.804248094E0
4.582566346E1,3.353297412E-1,1.736541051E-2,9.804251602E0
4.583562746E1,3.350506828E-1,1.758204642E-2,9.804260958E0
4.584559046E1,3.348129204E-1,1.772402527E-2,9.804268559E0
4.585555346E1,3.348895555E-1,1.775535698E-2,9.804266220E0
4.586551646E1,3.349858153E-1,1.774802626E-2,9.804262712E0
4.587548046E1,3.351520589E-1,1.774309838E-2,9.804256865E0
4.588544346E1,3.353566749E-1,1.763653745E-2,9.804250433E0
4.589540646E1,3.353472463E-1,1.764525574E-2,9.804250433E0
4.590536946E1,3.353277312E-1,1.770888875E-2,9.804251018E0
4.591533346E1,3.352659700E-1,1.759985416E-2,9.804253356E0
4.592529646E1,3.352193750E-1,1.756956513E-2,9.804255111E0
4.593525946E1,3.350995071E-1,1.755775764E-2,9.804259204E0
4.594522246E1,3.350720252E-1,1.753584999E-2,9.804260373E0
4.595518671E1,3.351004938E-1,1.764838834E-2,9.804259204E0
4.596514971E1,3.350979356E-1,1.778862330E-2,9.804259204E0
4.597511271E1,3.352951330E-1,1.785831023E-2,9.804252187E0
4.598507571E1,3.354916725E-1,1.787421192E-2,9.804245170E0
4.599503971E1,3.357083119E-1,1.780633511E-2,9.804238154E0
4.600500271E1,3.360850553E-1,1.805029191E-2,9.804224705E0
4.601496571E1,3.361165937E-1,1.819877350E-2,9.804223536E0
4.602492871E1,3.351353578E-1,1.789391429E-2,9.804257450E0
4.603489171E1,3.361448431E-1,1.799381831E-2,9.804222951E0
4.604485571E1,3.361190057E-1,1.768755440E-2,9.804224120E0
4.605481871E1,3.353908081E-1,1.747144839E-2,9.804249263E0
4.606478171E1,3.357651395E-1,1.770231063E-2,9.804236400E0
4.607474471E1,3.355429088E-1,1.771718791E-2,9.804244001E0
4.608470871E1,3.355155365E-1,1.776391881E-2,9.804244586E0
4.609467171E1,3.357999304E-1,1.780452612E-2,9.804234645E0
4.610463471E1,3.356833516E-1,1.752220382E-2,9.804239323E0
4.611459771E1,3.358680139E-1,1.733113349E-2,9.804233476E0
4.612456171E1,3.363241333E-1,1.731538369E-2,9.804217688E0
4.613452471E1,3.364600080E-1,1.721817259E-2,9.804213011E0
4.614448771E1,3.365209287E-1,1.703402299E-2,9.804211257E0
4.615445071E1,3.365576930E-1,1.695116497E-2,9.804210672E0
4.616441371E1,3.363393726E-1,1.711271143E-2,9.804217688E0
4.617437771E1,3.357793921E-1,1.727990297E-2,9.804236400E0
4.618434071E1,3.352288036E-1,1.748672424E-2,9.804255111E0
4.619430371E1,3.350920153E-1,1.758970033E-2,9.804259204E0
4.620426671E1,3.353894193E-1,1.755633580E-2,9.804249263E0
4.621423071E1,3.358811702E-1,1.726690434E-2,9.804232891E0
4.622419371E1,3.363566950E-1,1.694618342E-2,9.804217104E0
4.623415671E1,3.367410032E-1,1.672868527E-2,9.804204240E0
4.624411971E1,3.368647084E-1,1.656705544E-2,9.804200732E0
4.625408371E1,3.367605183E-1,1.654185873E-2,9.804204240E0
4.626404671E1,3.364821909E-1,1.663599434E-2,9.804213595E0
4.627400971E1,3.360286297E-1,1.676877752E-2,9.804228798E0
4.628397271E1,3.357504849E-1,1.681129775E-2,9.804238154E0
4.629393571E1,3.354482570E-1,1.687682882E-2,9.804248679E0
4.630389971E1,3.352981297E-1,1.701948717E-2,9.804253356E0
4.631386271E1,3.353482696E-1,1.690934824E-2,9.804252187E0
4.632382571E1,3.355876034E-1,1.671563067E-2,9.804244001E0
4.633378871E1,3.358669541E-1,1.653404265E-2,9.804234645E0
4.634375271E1,3.360139385E-1,1.638583972E-2,9.804229968E0
4.635371571E1,3.360531514E-1,1.625841153E-2,9.804228798E0
4.636367871E1,3.361352682E-1,1.623004225E-2,9.804225875E0
4.637364171E1,3.361749197E-1,1.628387204E-2,9.804224705E0
4.638360471E1,3.362718738E-1,1.623940579E-2,9.804221197E0
4.639356871E1,3.361754313E-1,1.623547605E-2,9.804224705E0
4.640353171E1,3.361351221E-1,1.625508364E-2,9.804225875E0
4.641349471E1,3.361702419E-1,1.633031401E-2,9.804224705E0
4.642345771E1,3.361282150E-1,1.637516055E-2,9.804225875E0
4.643342171E1,3.361010620E-1,1.631922486E-2,9.804227044E0
4.644338471E1,3.361511654E-1,1.626472812E-2,9.804225290E0
4.645334771E1,3.360946301E-1,1.621353415E-2,9.804227629E0
4.646331071E1,3.360264369E-1,1.621660165E-2,9.804229968E0
4.647327371E1,3.361237200E-1,1.617515038E-2,9.804226459E0
4.648323771E1,3.361172881E-1,1.606040219E-2,9.804227044E0
4.649320071E1,3.361992953E-1,1.607657911E-2,9.804224120E0
4.650316371E1,3.362267772E-1,1.612533941E-2,9.804222951E0
4.651312671E1,3.362725682E-1,1.609386723E-2,9.804221781E0
4.652309071E1,3.362775383E-1,1.617104705E-2,9.804221197E0
4.653305371E1,3.362074083E-1,1.617766285E-2,9.804223536E0
4.654301671E1,3.361148761E-1,1.620229425E-2,9.804227044E0
4.655297971E1,3.360782214E-1,1.627753147E-2,9.804228213E0
4.656294271E1,3.361570491E-1,1.615258035E-2,9.804225290E0
4.657290671E1,3.363554890E-1,1.602376231E-2,9.804218858E0
4.658286971E1,3.365021079E-1,1.593755471E-2,9.804214180E0
4.659283271E1,3.366017664E-1,1.586980809E-2,9.804210672E0
4.660279571E1,3.366316969E-1,1.586892872E-2,9.804209502E0
4.661275871E1,3.366852354E-1,1.581082658E-2,9.804207748E0
4.662272271E1,3.367163718E-1,1.577143211E-2,9.804207163E0
4.663268571E1,3.365974906E-1,1.574424484E-2,9.804211257E0
4.664264871E1,3.364571575E-1,1.577215502E-2,9.804215934E0
4.665261171E1,3.362518471E-1,1.576143703E-2,9.804222951E0
4.666257571E1,3.361338795E-1,1.580924944E-2,9.804227044E0
4.667253871E1,3.361104176E-1,1.577184096E-2,9.804227629E0
4.668250171E1,3.361274476E-1,1.572462698E-2,9.804227044E0
4.669246471E1,3.362602159E-1,1.566854167E-2,9.804222951E0
4.670242771E1,3.364385926E-1,1.557683403E-2,9.804216519E0
4.671239171E1,3.365225732E-1,1.549308523E-2,9.804214180E0
4.672235471E1,3.366590691E-1,1.552028278E-2,9.804209502E0
4.673231771E1,3.366530392E-1,1.555985998E-2,9.804209502E0
4.674228071E1,3.364833603E-1,1.558530793E-2,9.804215350E0
4.675224371E1,3.363816553E-1,1.558610735E-2,9.804218858E0
4.676220771E1,3.362321128E-1,1.567460245E-2,9.804223536E0
4.677217071E1,3.361308463E-1,1.575990328E-2,9.804227044E0
4.678213371E1,3.361511654E-1,1.588389051E-2,9.804225875E0
4.679209671E1,3.361536870E-1,1.589808600E-2,9.804225875E0
4.680206071E1,3.362889038E-1,1.587549885E-2,9.804221197E0
4.681202371E1,3.365062741E-1,1.591220154E-2,9.804214180E0
4.682198671E1,3.366990129E-1,1.587489471E-2,9.804207163E0
4.683194971E1,3.367092456E-1,1.581316661E-2,9.804207163E0
4.684191271E1,3.366559263E-1,1.576476834E-2,9.804208918E0
4.685187671E1,3.365358391E-1,1.580487773E-2,9.804213011E0
4.686183971E1,3.364385195E-1,1.575997865E-2,9.804216519E0
4.687180271E1,3.361714479E-1,1.573940604E-2,9.804225875E0
4.688176571E1,3.363291034E-1,1.569310683E-2,9.804220612E0
4.689172871E1,3.363287745E-1,1.539399663E-2,9.804220612E0
4.690169271E1,3.362055445E-1,1.525316666E-2,9.804225290E0
4.691165571E1,3.364934833E-1,1.538561980E-2,9.804215350E0
4.692161871E1,3.364550744E-1,1.533874044E-2,9.804216519E0
4.693158171E1,3.360811815E-1,1.543780278E-2,9.804229383E0
4.694154471E1,3.361240489E-1,1.578221292E-2,9.804227044E0
4.695150871E1,3.360155465E-1,1.584059371E-2,9.804231137E0
4.696147167E1,3.360202974E-1,1.583149055E-2,9.804230552E0
4.697143467E1,3.361395806E-1,1.582870285E-2,9.804226459E0
4.698139767E1,3.361402018E-1,1.588862196E-2,9.804226459E0
4.699136067E1,3.361375706E-1,1.581940555E-2,9.804226459E0
4.700132467E1,3.362104050E-1,1.582136870E-2,9.804224120E0
4.701128767E1,3.363346948E-1,1.578689982E-2,9.804220027E0
4.702125067E1,3.363229639E-1,1.580895593E-2,9.804220612E0
4.703121367E1,3.361900494E-1,1.577238571E-2,9.804224705E0
4.704117667E1,3.361993318E-1,1.589023794E-2,9.804224705E0
4.705114067E1,3.361950195E-1,1.604688850E-2,9.804224120E0
4.706110367E1,3.360990155E-1,1.610075255E-2,9.804227629E0
4.707106667E1,3.359212236E-1,1.621686089E-2,9.804233476E0
4.708102967E1,3.360028654E-1,1.617824300E-2,9.804230552E0
4.709099267E1,3.361774778E-1,1.606971548E-2,9.804224705E0
4.710095667E1,3.363356450E-1,1.597437389E-2,9.804219443E0
4.711091967E1,3.363498611E-1,1.592794335E-2,9.804219443E0
4.712088267E1,3.363524923E-1,1.597339974E-2,9.804218858E0
4.713084567E1,3.363982833E-1,1.611607180E-2,9.804217104E0
4.714080867E1,3.363141200E-1,1.623801480E-2,9.804220027E0
4.715077267E1,3.361738233E-1,1.623626406E-2,9.804224705E0
4.716073567E1,3.360002707E-1,1.637991484E-2,9.804230552E0
4.717069867E1,3.359519580E-1,1.635515097E-2,9.804232306E0
4.718066167E1,3.358911470E-1,1.642574011E-2,9.804234061E0
4.719062467E1,3.358605587E-1,1.654308185E-2,9.804235230E0
4.720058867E1,3.359128913E-1,1.661748881E-2,9.804232891E0
4.721055167E1,3.361382649E-1,1.659135564E-2,9.804225290E0
4.722051467E1,3.364395793E-1,1.650947292E-2,9.804215350E0
4.723047767E1,3.366414544E-1,1.645632836E-2,9.804208333E0
4.724044067E1,3.366999631E-1,1.636297619E-2,9.804206579E0
4.725040467E1,3.366467534E-1,1.627869520E-2,9.804208333E0
4.726036767E1,3.366799364E-1,1.634533290E-2,9.804207163E0
4.727033067E1,3.365465833E-1,1.633105062E-2,9.804211841E0
4.728029367E1,3.363651004E-1,1.637978008E-2,9.804217688E0
4.729025667E1,3.361580358E-1,1.639630303E-2,9.804225290E0
4.730022067E1,3.361603382E-1,1.635931483E-2,9.804225290E0
4.731018367E1,3.362865284E-1,1.644685747E-2,9.804220612E0
4.732014667E1,3.363414922E-1,1.640847712E-2,9.804218858E0
4.733010967E1,3.364886228E-1,1.640793694E-2,9.804213595E0
4.734007267E1,3.366150688E-1,1.632838740E-2,9.804209502E0
4.735003667E1,3.367423920E-1,1.624322019E-2,9.804205409E0
4.735999967E1,3.367323421E-1,1.613835517E-2,9.804205994E0
4.736996267E1,3.366327932E-1,1.614184066E-2,9.804208918E0
4.737992567E1,3.366463149E-1,1.615268999E-2,9.804208918E0
4.738988867E1,3.365458524E-1,1.618594831E-2,9.804211841E0
4.739985267E1,3.364450610E-1,1.633634052E-2,9.804215350E0
4.740981567E1,3.363521634E-1,1.634237503E-2,9.804218273E0
4.741977867E1,3.363870274E-1,1.630127093E-2,9.804217104E0
4.742974167E1,3.364858454E-1,1.631891194E-2,9.804214180E0
4.743970467E1,3.366884514E-1,1.627386782E-2,9.804207163E0
4.744966867E1,3.365837497E-1,1.616376544E-2,9.804210672E0
4.745963167E1,3.367544518E-1,1.631773793E-2,9.804204825E0
4.746959467E1,3.365803144E-1,1.641607165E-2,9.804210672E0
4.747955767E1,3.363864427E-1,1.637834683E-2,9.804217104E0
4.748952067E1,3.364036920E-1,1.636230582E-2,9.804216519E0
4.749948367E1,3.364629681E-1,1.632181956E-2,9.804214765E0
4.750944767E1,3.363828978E-1,1.623743007E-2,9.804217688E0
4.751941067E1,3.363178841E-1,1.624422632E-2,9.804220027E0
4.752937367E1,3.362758572E-1,1.628449102E-2,9.804221197E0
4.753933667E1,3.362563787E-1,1.631636520E-2,9.804221781E0
4.754929967E1,3.363219041E-1,1.639304481E-2,9.804219443E0
4.755926367E1,3.362777576E-1,1.633052985E-2,9.804221197E0
4.756922667E1,3.362773190E-1,1.624139179E-2,9.804221197E0
4.757918967E1,3.362636146E-1,1.620243357E-2,9.804221781E0
4.758915267E1,3.362208569E-1,1.629329839E-2,9.804222951E0
4.759911567E1,3.360420782E-1,1.644004866E-2,9.804228798E0
4.760907967E1,3.359291174E-1,1.648626907E-2,9.804232891E0
4.761904267E1,3.358393260E-1,1.654770252E-2,9.804235815E0
4.762900567E1,3.359496922E-1,1.657457116E-2,9.804231722E0
4.763896867E1,3.359653701E-1,1.649409772E-2,9.804231722E0
4.764893167E1,3.359872971E-1,1.651415070E-2,9.804230552E0
4.765889467E1,3.360771250E-1,1.648361841E-2,9.804227629E0
4.766885867E1,3.361805476E-1,1.645388669E-2,9.804224120E0
4.767882167E1,3.361239393E-1,1.646708404E-2,9.804225875E0
4.768878467E1,3.360195299E-1,1.653485235E-2,9.804229383E0
4.769874767E1,3.359513002E-1,1.662311333E-2,9.804231722E0
4.770871067E1,3.358818280E-1,1.668106929E-2,9.804234061E0
4.771867467E1,3.358855921E-1,1.655299814E-2,9.804234061E0
4.772863767E1,3.358404589E-1,1.648882494E-2,9.804235815E0
4.773860067E1,3.357800134E-1,1.657071451E-2,9.804237569E0
4.774856367E1,3.357539932E-1,1.664986549E-2,9.804238738E0
4.775852667E1,3.356570756E-1,1.662175774E-2,9.804241662E0
4.776848967E1,3.356563082E-1,1.663047260E-2,9.804241662E0
4.777845367E1,3.356770293E-1,1.660907545E-2,9.804241077E0
4.778841667E1,3.356430058E-1,1.659872633E-2,9.804242247E0
4.779837967E1,3.356625940E-1,1.663133370E-2,9.804241662E0
4.780834267E1,3.356194707E-1,1.666291209E-2,9.804242831E0
4.781830567E1,3.354886758E-1,1.676102197E-2,9.804247509E0
4.782826967E1,3.354955098E-1,1.673619186E-2,9.804246925E0
4.783823267E1,3.354683568E-1,1.674370530E-2,9.804248094E0
4.784819567E1,3.354363067E-1,1.681849941E-2,9.804249263E0
4.785815867E1,3.354583069E-1,1.685047866E-2,9.804248094E0
4.786812167E1,3.354576125E-1,1.695749641E-2,9.804248094E0
4.787808467E1,3.354800877E-1,1.690170461E-2,9.804247509E0
4.788804867E1,3.354834864E-1,1.686516065E-2,9.804247509E0
4.789801167E1,3.354804166E-1,1.689023972E-2,9.804247509E0
4.790797467E1,3.354834499E-1,1.681989612E-2,9.804247509E0
4.791793767E1,3.354327618E-1,1.683403793E-2,9.804249263E0
4.792790067E1,3.353150135E-1,1.684393023E-2,9.804253356E0
4.793786467E1,3.353551400E-1,1.687676258E-2,9.804251602E0
4.794782767E1,3.353219206E-1,1.687007483E-2,9.804252772E0
4.795779071E1,3.353546650E-1,1.694321070E-2,9.804251602E0
4.796775371E1,3.353988480E-1,1.701498984E-2,9.804249848E0
4.797771671E1,3.354869948E-1,1.710126254E-2,9.804246925E0
4.798767971E1,3.354932074E-1,1.715207165E-2,9.804246340E0
4.799764371E1,3.356033543E-1,1.722125723E-2,9.804242831E0
4.800760671E1,3.355662976E-1,1.721844211E-2,9.804244001E0
4.801756971E1,3.355712312E-1,1.718830040E-2,9.804244001E0
4.802753271E1,3.357005278E-1,1.721250696E-2,9.804239323E0
4.803749571E1,3.357030494E-1,1.720168276E-2,9.804239323E0
4.804745871E1,3.356787103E-1,1.731810402E-2,9.804239908E0
4.805742271E1,3.356824014E-1,1.734841818E-2,9.804239908E0
4.806738571E1,3.356125272E-1,1.733829404E-2,9.804242247E0
4.807734871E1,3.356659926E-1,1.726446153E-2,9.804240493E0
4.808731171E1,3.356506072E-1,1.704578137E-2,9.804241077E0
4.809727471E1,3.357509965E-1,1.696289595E-2,9.804238154E0
4.810723771E1,3.358452829E-1,1.696355033E-2,9.804234645E0
4.811720171E1,3.358070567E-1,1.701512574E-2,9.804235815E0
4.812716471E1,3.357374383E-1,1.695607686E-2,9.804238738E0
4.813712771E1,3.357203718E-1,1.699040870E-2,9.804239323E0
4.814709071E1,3.357736911E-1,1.699989786E-2,9.804236984E0
4.815705371E1,3.357398503E-1,1.701239514E-2,9.804238154E0
4.816701671E1,3.357372190E-1,1.702659405E-2,9.804238154E0
4.817698071E1,3.357335645E-1,1.706847702E-2,9.804238738E0
4.818694371E1,3.356800625E-1,1.708617741E-2,9.804240493E0
4.819690671E1,3.358172894E-1,1.707755277E-2,9.804235815E0
4.820686971E1,3.358641767E-1,1.699807403E-2,9.804234061E0
4.821683271E1,3.359256821E-1,1.697311944E-2,9.804232306E0
4.822679571E1,3.359543335E-1,1.693619861E-2,9.804231137E0
4.823675971E1,3.360327227E-1,1.701346180E-2,9.804228213E0
4.824672271E1,3.359269246E-1,1.706807845E-2,9.804231722E0
4.825668571E1,3.359310177E-1,1.704472156E-2,9.804231722E0
4.826664871E1,3.358367313E-1,1.696316433E-2,9.804235230E0
4.827661171E1,3.357978474E-1,1.696551006E-2,9.804236400E0
4.828657471E1,3.359006122E-1,1.693325216E-2,9.804232891E0
4.829653871E1,3.359517753E-1,1.687106040E-2,9.804231137E0
4.830650171E1,3.360793177E-1,1.685390705E-2,9.804227044E0
4.831646471E1,3.360747496E-1,1.689052752E-2,9.804227044E0
4.832642771E1,3.360530418E-1,1.689068283E-2,9.804227629E0
4.833639071E1,3.360297260E-1,1.692748032E-2,9.804228798E0
4.834635371E1,3.359860546E-1,1.690879093E-2,9.804229968E0
4.835631771E1,3.359565627E-1,1.691619931E-2,9.804231137E0
4.836628071E1,3.358505088E-1,1.691915032E-2,9.804234645E0
4.837624371E1,3.357594019E-1,1.695594553E-2,9.804237569E0
4.838620671E1,3.357374018E-1,1.689570664E-2,9.804238738E0
4.839616971E1,3.358271565E-1,1.681825159E-2,9.804235815E0
4.840613271E1,3.359571474E-1,1.679705201E-2,9.804231137E0
4.841609671E1,3.360087491E-1,1.676932570E-2,9.804229383E0
4.842605971E1,3.360059717E-1,1.666348196E-2,9.804229968E0
4.843602271E1,3.359982607E-1,1.655534159E-2,9.804230552E0
4.844598571E1,3.359291174E-1,1.663289714E-2,9.804232306E0
4.845594871E1,3.358985291E-1,1.667424335E-2,9.804233476E0
4.846591171E1,3.358810240E-1,1.669558683E-2,9.804234061E0
4.847587571E1,3.358652000E-1,1.666510708E-2,9.804234645E0
4.848583871E1,3.359348915E-1,1.663187388E-2,9.804232306E0
4.849580171E1,3.359007584E-1,1.669668775E-2,9.804233476E0
4.850576471E1,3.359854699E-1,1.683365649E-2,9.804229968E0
4.851572771E1,3.361216369E-1,1.684620973E-2,9.804225290E0
4.852569071E1,3.361573415E-1,1.680468194E-2,9.804224120E0
4.853565371E1,3.360858958E-1,1.682794861E-2,9.804227044E0
4.854561771E1,3.359795496E-1,1.686865756E-2,9.804230552E0
4.855558071E1,3.358323094E-1,1.683070890E-2,9.804235230E0
4.856554371E1,3.358809509E-1,1.674195571E-2,9.804234061E0
4.857550671E1,3.358862134E-1,1.671155018E-2,9.804234061E0
4.858546971E1,3.358635189E-1,1.670439877E-2,9.804234645E0
4.859543271E1,3.359057285E-1,1.667325777E-2,9.804233476E0
4.860539671E1,3.358783197E-1,1.678894242E-2,9.804234061E0
4.861535971E1,3.359542969E-1,1.686317465E-2,9.804231137E0
4.862532271E1,3.359197618E-1,1.679479878E-2,9.804232306E0
4.863528571E1,3.359753104E-1,1.668671436E-2,9.804230552E0
4.864524871E1,3.360498624E-1,1.653841322E-2,9.804228798E0
4.865521171E1,3.360019152E-1,1.639939452E-2,9.804230552E0
4.866517571E1,3.359584996E-1,1.641027354E-2,9.804231722E0
4.867513871E1,3.358527016E-1,1.655529477E-2,9.804235230E0
4.868510171E1,3.356921589E-1,1.670087445E-2,9.804240493E0
4.869506471E1,3.356590856E-1,1.686251342E-2,9.804241077E0
4.870502771E1,3.355458689E-1,1.693816291E-2,9.804245170E0
4.871499071E1,3.354408748E-1,1.700741359E-2,9.804248679E0
4.872495371E1,3.354239910E-1,1.691497733E-2,9.804249263E0
4.873491771E1,3.355303738E-1,1.687643025E-2,9.804245755E0
4.874488071E1,3.356598165E-1,1.690385392E-2,9.804241077E0
4.875484371E1,3.358272662E-1,1.684475592E-2,9.804235815E0
4.876480671E1,3.359466225E-1,1.692471431E-2,9.804231137E0
4.877476971E1,3.360128056E-1,1.702256267E-2,9.804228798E0
4.878473271E1,3.360239519E-1,1.698374949E-2,9.804228798E0
4.879469571E1,3.360172276E-1,1.703267653E-2,9.804228798E0
4.880465971E1,3.358845323E-1,1.707231996E-2,9.804233476E0
4.881462271E1,3.357373287E-1,1.709194697E-2,9.804238154E0
4.882458571E1,3.356819994E-1,1.707192254E-2,9.804240493E0
4.883454871E1,3.356530922E-1,1.704543876E-2,9.804241077E0
4.884451171E1,3.355430549E-1,1.704567630E-2,9.804245170E0
4.885447471E1,3.355887729E-1,1.708945048E-2,9.804243416E0
4.886443871E1,3.355912945E-1,1.711566245E-2,9.804243416E0
4.887440171E1,3.356342350E-1,1.697692470E-2,9.804242247E0
4.888436471E1,3.358002959E-1,1.686604573E-2,9.804236400E0
4.889432771E1,3.358874559E-1,1.684837846E-2,9.804233476E0
4.890429071E1,3.358684525E-1,1.685663993E-2,9.804234061E0
4.891425371E1,3.359474630E-1,1.682989121E-2,9.804231722E0
4.892421671E1,3.358833994E-1,1.677664500E-2,9.804234061E0
4.893418071E1,3.357723754E-1,1.685804121E-2,9.804237569E0
4.894414371E1,3.355780651E-1,1.682794404E-2,9.804244001E0
4.895410671E1,3.355973244E-1,1.685415601E-2,9.804243416E0
4.896406946E1,3.355927197E-1,1.675891834E-2,9.804244001E0
4.897403246E1,3.356743980E-1,1.674140867E-2,9.804241077E0
4.898399546E1,3.357584517E-1,1.670113369E-2,9.804238154E0
4.899395846E1,3.358786851E-1,1.664907063E-2,9.804234061E0
4.900392246E1,3.359480112E-1,1.663637349E-2,9.804231722E0
4.901388546E1,3.359155957E-1,1.654865384E-2,9.804232891E0
4.902384846E1,3.359135491E-1,1.656882559E-2,9.804232891E0
4.903381146E1,3.359459281E-1,1.655720311E-2,9.804232306E0
4.904377446E1,3.360149618E-1,1.649035184E-2,9.804229968E0
4.905373746E1,3.359663568E-1,1.646792229E-2,9.804231722E0
4.906370046E1,3.360185432E-1,1.655237116E-2,9.804229383E0
4.907366446E1,3.360625070E-1,1.652546940E-2,9.804228213E0
4.908362746E1,3.360776001E-1,1.658150902E-2,9.804227629E0
4.909359046E1,3.360921450E-1,1.662163326E-2,9.804227044E0
4.910355346E1,3.360160216E-1,1.665678165E-2,9.804229383E0
4.911351646E1,3.359193598E-1,1.664300985E-2,9.804232891E0
4.912347946E1,3.358342463E-1,1.676149020E-2,9.804235815E0
4.913344246E1,3.358734957E-1,1.674794910E-2,9.804234061E0
4.914340646E1,3.359789283E-1,1.667481665E-2,9.804230552E0
4.915336946E1,3.361518963E-1,1.670446044E-2,9.804224705E0
4.916333246E1,3.363380205E-1,1.660993197E-2,9.804218273E0
4.917329546E1,3.364194795E-1,1.647021778E-2,9.804215934E0
4.918325846E1,3.364402371E-1,1.644097142E-2,9.804215350E0
4.919322146E1,3.363995989E-1,1.638627483E-2,9.804216519E0
4.920318446E1,3.365154104E-1,1.634736458E-2,9.804213011E0
4.921314846E1,3.365032043E-1,1.634096234E-2,9.804213595E0
4.922311146E1,3.363748214E-1,1.638374408E-2,9.804217688E0
4.923307446E1,3.363239871E-1,1.650512863E-2,9.804219443E0
4.924303746E1,3.363441966E-1,1.659230353E-2,9.804218273E0
4.925300046E1,3.362794387E-1,1.659211852E-2,9.804220612E0
4.926296346E1,3.361944348E-1,1.657516731E-2,9.804223536E0
4.927292646E1,3.362333187E-1,1.658062966E-2,9.804222366E0
4.928289046E1,3.362479733E-1,1.648275503E-2,9.804221781E0
4.929285346E1,3.362147173E-1,1.638761786E-2,9.804222951E0
4.930281646E1,3.362390563E-1,1.633064406E-2,9.804222366E0
4.931277946E1,3.363092595E-1,1.639792358E-2,9.804220027E0
4.932274246E1,3.363638213E-1,1.642765644E-2,9.804217688E0
4.933270546E1,3.364473634E-1,1.643462171E-2,9.804215350E0
4.934266846E1,3.364946527E-1,1.645337734E-2,9.804213595E0
4.935263146E1,3.365549522E-1,1.648159587E-2,9.804211257E0
4.936259546E1,3.365143140E-1,1.654528255E-2,9.804212426E0
4.937255846E1,3.364016089E-1,1.651566960E-2,9.804216519E0
4.938252146E1,3.363656485E-1,1.646753057E-2,9.804217688E0
4.939248446E1,3.363730307E-1,1.647980402E-2,9.804217688E0
4.940244746E1,3.364177619E-1,1.645536334E-2,9.804215934E0
4.941241046E1,3.364673536E-1,1.634320529E-2,9.804214765E0
4.942237346E1,3.365135466E-1,1.642087048E-2,9.804213011E0
4.943233746E1,3.366594346E-1,1.636468353E-2,9.804207748E0
4.944230046E1,3.366327932E-1,1.626316582E-2,9.804208918E0
4.945226346E1,3.365400783E-1,1.626148246E-2,9.804212426E0
4.946222646E1,3.365641981E-1,1.628803247E-2,9.804211257E0
4.947218946E1,3.365427095E-1,1.637301924E-2,9.804211841E0
4.948215246E1,3.365442079E-1,1.644163038E-2,9.804211841E0
4.949211546E1,3.365917531E-1,1.651613327E-2,9.804210087E0
4.950207846E1,3.365745403E-1,1.665380550E-2,9.804210087E0
4.951204246E1,3.365732612E-1,1.668215080E-2,9.804210087E0
4.952200546E1,3.365482644E-1,1.676539253E-2,9.804211257E0
4.953196846E1,3.365640153E-1,1.675810179E-2,9.804210672E0
4.954193146E1,3.366785477E-1,1.674167933E-2,9.804206579E0
4.955189446E1,3.366680227E-1,1.673549522E-2,9.804207163E0
4.956185746E1,3.366808500E-1,1.676286635E-2,9.804206579E0
4.957182046E1,3.366549030E-1,1.675762213E-2,9.804207163E0
4.958178446E1,3.366885610E-1,1.670350912E-2,9.804206579E0
4.959174746E1,3.367496279E-1,1.669550803E-2,9.804204240E0
4.960171046E1,3.366868800E-1,1.673337903E-2,9.804206579E0
4.961167346E1,3.365696433E-1,1.679710911E-2,9.804210087E0
4.962163646E1,3.364356324E-1,1.685404637E-2,9.804214765E0
4.963159946E1,3.363538445E-1,1.686500762E-2,9.804217688E0
4.964156246E1,3.363601302E-1,1.696756915E-2,9.804217104E0
4.965152546E1,3.363735423E-1,1.696567223E-2,9.804216519E0
4.966148946E1,3.364498485E-1,1.694573802E-2,9.804214180E0
4.967145246E1,3.366511023E-1,1.689762412E-2,9.804207163E0
4.968141546E1,3.367563156E-1,1.679491869E-2,9.804203655E0
4.969137846E1,3.367891697E-1,1.671923722E-2,9.804203070E0
4.970134146E1,3.367076376E-1,1.674921676E-2,9.804205409E0
4.971130446E1,3.366031186E-1,1.674566846E-2,9.804208918E0
4.972126746E1,3.364415527E-1,1.670922158E-2,9.804214765E0
4.973123046E1,3.363363028E-1,1.676434986E-2,9.804218273E0
4.974119446E1,3.363192728E-1,1.689150738E-2,9.804218858E0
4.975115746E1,3.362975650E-1,1.692917738E-2,9.804219443E0
4.976112046E1,3.362905118E-1,1.687879540E-2,9.804219443E0
4.977108346E1,3.364466690E-1,1.681156384E-2,9.804214180E0
4.978104646E1,3.364081505E-1,1.675353822E-2,9.804215934E0
4.979100946E1,3.364604465E-1,1.673110981E-2,9.804214180E0
4.980097246E1,3.364782074E-1,1.664963137E-2,9.804213595E0
4.981093546E1,3.363733961E-1,1.662880181E-2,9.804217104E0
4.982089946E1,3.362315646E-1,1.669655413E-2,9.804221781E0
4.983086246E1,3.362807543E-1,1.671831217E-2,9.804220027E0
4.984082546E1,3.362626645E-1,1.677432667E-2,9.804220612E0
4.985078846E1,3.362999405E-1,1.680420800E-2,9.804219443E0
4.986075146E1,3.363078707E-1,1.672050944E-2,9.804219443E0
4.987071446E1,3.363891836E-1,1.675432965E-2,9.804216519E0
4.988067746E1,3.364643569E-1,1.685639097E-2,9.804213595E0
4.989064046E1,3.364371308E-1,1.682277519E-2,9.804214765E0
4.990060346E1,3.364791211E-1,1.674931954E-2,9.804213595E0
4.991056746E1,3.364773669E-1,1.676632215E-2,9.804213595E0
4.992053046E1,3.363290669E-1,1.684657176E-2,9.804218273E0
4.993049346E1,3.361639562E-1,1.691486884E-2,9.804224120E0
4.994045646E1,3.359369745E-1,1.693135981E-2,9.804231722E0
4.995041946E1,3.359139511E-1,1.690275414E-2,9.804232306E0
4.996038229E1,3.358260967E-1,1.684852578E-2,9.804235815E0
4.997034529E1,3.357804153E-1,1.686256938E-2,9.804236984E0
4.998030829E1,3.358723263E-1,1.685286094E-2,9.804234061E0
4.999027229E1,3.358284722E-1,1.675695290E-2,9.804235815E0
5.000023529E1,3.358886254E-1,1.673159860E-2,9.804233476E0
5.001019829E1,3.359366456E-1,1.678665379E-2,9.804231722E0
5.002016129E1,3.358745190E-1,1.677412681E-2,9.804234061E0
5.003012429E1,3.359044494E-1,1.670577492E-2,9.804233476E0
5.004008729E1,3.358990042E-1,1.670153454E-2,9.804233476E0
5.005005029E1,3.359387653E-1,1.681325519E-2,9.804231722E0
5.006001329E1,3.359524331E-1,1.692881764E-2,9.804231137E0
5.006997629E1,3.359642737E-1,1.700123861E-2,9.804230552E0
5.007994029E1,3.358364024E-1,1.705593862E-2,9.804235230E0
5.008990329E1,3.357997477E-1,1.697760878E-2,9.804236400E0
5.009986629E1,3.359491075E-1,1.694399414E-2,9.804231137E0
5.010982929E1,3.358939975E-1,1.683707118E-2,9.804233476E0
5.011979229E1,3.359521773E-1,1.671304168E-2,9.804231722E0
5.012975529E1,3.359889051E-1,1.669683850E-2,9.804230552E0
5.013971829E1,3.360306396E-1,1.659763683E-2,9.804228798E0
5.014968129E1,3.359693900E-1,1.649331771E-2,9.804231137E0
5.015964429E1,3.359600710E-1,1.652146428E-2,9.804231722E0
5.016960829E1,3.359189944E-1,1.635622334E-2,9.804233476E0
5.017957129E1,3.359263399E-1,1.637209191E-2,9.804232891E0
5.018953429E1,3.359098581E-1,1.648358186E-2,9.804233476E0
5.019949729E1,3.359129644E-1,1.652341031E-2,9.804233476E0
5.020946029E1,3.361158263E-1,1.653120355E-2,9.804226459E0
5.021942329E1,3.362589734E-1,1.646826490E-2,9.804221197E0
5.022938629E1,3.363438677E-1,1.637596797E-2,9.804218858E0
5.023934929E1,3.363569874E-1,1.641769105E-2,9.804218273E0
5.024931229E1,3.364674266E-1,1.634222428E-2,9.804214765E0
5.025927629E1,3.363325752E-1,1.638374523E-2,9.804218858E0
5.026923929E1,3.361692552E-1,1.655590119E-2,9.804224120E0
5.027920229E1,3.359856161E-1,1.673382899E-2,9.804230552E0
5.028916529E1,3.358167777E-1,1.686696507E-2,9.804235815E0
5.029912829E1,3.356692817E-1,1.699816539E-2,9.804240493E0
5.030909129E1,3.358603395E-1,1.712707823E-2,9.804234061E0
5.031905429E1,3.359864201E-1,1.700621102E-2,9.804229968E0
5.032901729E1,3.362421627E-1,1.688496124E-2,9.804221197E0
5.033898029E1,3.364223665E-1,1.686941359E-2,9.804215350E0
5.034894429E1,3.364672074E-1,1.694458114E-2,9.804213595E0
5.035890729E1,3.363668911E-1,1.687276317E-2,9.804217104E0
5.036887029E1,3.363217944E-1,1.670174239E-2,9.804218858E0
5.037883329E1,3.362544418E-1,1.657967263E-2,9.804221197E0
5.038879629E1,3.360393374E-1,1.653469018E-2,9.804228798E0
5.039875929E1,3.357996746E-1,1.647927525E-2,9.804236984E0
5.040872229E1,3.356461487E-1,1.659673234E-2,9.804242247E0
5.041868529E1,3.355883709E-1,1.662839296E-2,9.804244001E0
5.042864829E1,3.356856539E-1,1.662995298E-2,9.804241077E0
5.043861129E1,3.358505454E-1,1.666150967E-2,9.804235230E0
5.044857529E1,3.359284961E-1,1.667323836E-2,9.804232306E0
5.045853829E1,3.360280449E-1,1.661744199E-2,9.804229383E0
5.046850129E1,3.359891975E-1,1.672169944E-2,9.804230552E0
5.047846429E1,3.359096023E-1,1.677578162E-2,9.804232891E0
5.048842729E1,3.358536883E-1,1.681389473E-2,9.804234645E0
5.049839029E1,3.358596086E-1,1.683240254E-2,9.804234645E0
5.050835329E1,3.357498271E-1,1.685141056E-2,9.804238154E0
5.051831629E1,3.356731920E-1,1.680817999E-2,9.804241077E0
5.052827929E1,3.357101026E-1,1.674634340E-2,9.804239908E0
5.053824329E1,3.357394117E-1,1.688164934E-2,9.804238738E0
5.054820629E1,3.356465872E-1,1.689188311E-2,9.804241662E0
5.055816929E1,3.356537866E-1,1.685315901E-2,9.804241662E0
5.056813229E1,3.355396928E-1,1.685209235E-2,9.804245755E0
5.057809529E1,3.355362941E-1,1.679763102E-2,9.804245755E0
5.058805829E1,3.355261711E-1,1.672918205E-2,9.804246340E0
5.059802129E1,3.354279013E-1,1.664153092E-2,9.804249848E0
5.060798429E1,3.354161338E-1,1.663937133E-2,9.804249848E0
5.061794729E1,3.356049989E-1,1.661231540E-2,9.804243416E0
5.062791029E1,3.357128069E-1,1.653680980E-2,9.804239908E0
5.063787429E1,3.358266814E-1,1.648554502E-2,9.804236400E0
5.064783729E1,3.356788565E-1,1.655960252E-2,9.804241077E0
5.065780029E1,3.356302150E-1,1.660177214E-2,9.804242831E0
5.066776329E1,3.357116740E-1,1.654745470E-2,9.804239908E0
5.067772629E1,3.357042554E-1,1.661542858E-2,9.804240493E0
5.068768929E1,3.356063510E-1,1.666285727E-2,9.804243416E0
5.069765229E1,3.354560411E-1,1.672983758E-2,9.804248679E0
5.070761529E1,3.352901263E-1,1.685427592E-2,9.804253941E0
5.071757829E1,3.351735840E-1,1.703570977E-2,9.804257450E0
5.072754129E1,3.351259657E-1,1.713356041E-2,9.804259204E0
5.073750529E1,3.352582590E-1,1.706140440E-2,9.804254526E0
5.074746829E1,3.355120647E-1,1.691843198E-2,9.804246340E0
5.075743129E1,3.357514716E-1,1.679278423E-2,9.804238154E0
5.076739429E1,3.358882965E-1,1.670452896E-2,9.804234061E0
5.077735729E1,3.358850074E-1,1.674310231E-2,9.804234061E0
5.078732029E1,3.356915742E-1,1.679486501E-2,9.804240493E0
5.079728329E1,3.355331512E-1,1.685984791E-2,9.804245755E0
5.080724629E1,3.353935489E-1,1.687244797E-2,9.804250433E0
5.081720929E1,3.352048301E-1,1.691975674E-2,9.804256865E0
5.082717229E1,3.353115783E-1,1.691830750E-2,9.804253356E0
5.083713529E1,3.352902360E-1,1.687717143E-2,9.804253941E0
5.084709929E1,3.354283399E-1,1.683076715E-2,9.804249263E0
5.085706229E1,3.356046334E-1,1.683163395E-2,9.804243416E0
5.086702529E1,3.356855443E-1,1.680771176E-2,9.804240493E0
5.087698829E1,3.357575016E-1,1.684592308E-2,9.804238154E0
5.088695129E1,3.356992487E-1,1.684808381E-2,9.804239908E0
5.089691429E1,3.355842778E-1,1.685170749E-2,9.804244001E0
5.090687729E1,3.355710485E-1,1.685090007E-2,9.804244586E0
5.091684029E1,3.354185458E-1,1.691810536E-2,9.804249263E0
5.092680329E1,3.352876778E-1,1.693767412E-2,9.804253941E0
5.093676629E1,3.352694418E-1,1.687313205E-2,9.804254526E0
5.094673029E1,3.352797841E-1,1.686023049E-2,9.804254526E0
5.095669329E1,3.353246249E-1,1.677706413E-2,9.804252772E0
5.096665592E1,3.355397659E-1,1.674711313E-2,9.804245755E0
5.097661892E1,3.356693183E-1,1.667201410E-2,9.804241077E0
5.098658192E1,3.356618631E-1,1.653492659E-2,9.804241662E0
5.099654492E1,3.357675880E-1,1.642003679E-2,9.804238154E0
5.100650792E1,3.358252196E-1,1.634437588E-2,9.804236400E0
5.101647092E1,3.358138541E-1,1.633513568E-2,9.804236984E0
5.102643392E1,3.357341493E-1,1.644057399E-2,9.804239323E0
5.103639692E1,3.355763841E-1,1.663530683E-2,9.804244586E0
5.104635992E1,3.354078746E-1,1.673770620E-2,9.804250433E0
5.105632292E1,3.353950838E-1,1.681446346E-2,9.804250433E0
5.106628692E1,3.354117484E-1,1.697567531E-2,9.804249848E0
5.107624992E1,3.354748618E-1,1.685270563E-2,9.804247509E0
5.108621292E1,3.356504244E-1,1.677611053E-2,9.804241662E0
5.109617592E1,3.356662485E-1,1.672837578E-2,9.804241077E0
5.110613892E1,3.356692817E-1,1.672080752E-2,9.804241077E0
5.111610192E1,3.355930852E-1,1.669230805E-2,9.804244001E0
5.112606492E1,3.354972639E-1,1.675591936E-2,9.804246925E0
5.113602792E1,3.355168886E-1,1.686131656E-2,9.804246340E0
5.114599092E1,3.355254037E-1,1.694261342E-2,9.804245755E0
5.115595392E1,3.355528490E-1,1.695934194E-2,9.804244586E0
5.116591692E1,3.356874446E-1,1.690679922E-2,9.804240493E0
5.117588092E1,3.358095052E-1,1.686242091E-2,9.804236400E0
5.118584392E1,3.358852998E-1,1.677592095E-2,9.804233476E0
5.119580692E1,3.359344164E-1,1.680977884E-2,9.804232306E0
5.120576992E1,3.359628119E-1,1.676569175E-2,9.804231137E0
5.121573292E1,3.359682937E-1,1.674310117E-2,9.804231137E0
5.122569592E1,3.359787090E-1,1.675369696E-2,9.804230552E0
5.123565892E1,3.359826925E-1,1.677209513E-2,9.804230552E0
5.124562192E1,3.360135365E-1,1.676572372E-2,9.804229383E0
5.125558492E1,3.359310908E-1,1.669669003E-2,9.804232306E0
5.126554792E1,3.360284469E-1,1.667602835E-2,9.804228798E0
5.127551092E1,3.361004408E-1,1.658539422E-2,9.804226459E0
5.128547392E1,3.360773808E-1,1.655816927E-2,9.804227629E0
5.129543792E1,3.359604365E-1,1.656015641E-2,9.804231722E0
5.130540092E1,3.358772599E-1,1.657964751E-2,9.804234645E0
5.131536392E1,3.357439433E-1,1.663094655E-2,9.804238738E0
5.132532692E1,3.357243186E-1,1.669679739E-2,9.804239323E0
5.133528992E1,3.356828034E-1,1.677075439E-2,9.804240493E0
5.134525292E1,3.357452955E-1,1.678641739E-2,9.804238738E0
5.135521592E1,3.358219671E-1,1.683676054E-2,9.804235815E0
5.136517892E1,3.359739582E-1,1.680836043E-2,9.804230552E0
5.137514192E1,3.359369380E-1,1.672419593E-2,9.804232306E0
5.138510492E1,3.360328689E-1,1.664320514E-2,9.804228798E0
5.139506792E1,3.360664904E-1,1.654433923E-2,9.804228213E0
5.140503092E1,3.360837031E-1,1.652230368E-2,9.804227629E0
5.141499492E1,3.361149857E-1,1.656219494E-2,9.804226459E0
5.142495792E1,3.360109053E-1,1.655217587E-2,9.804229968E0
5.143492092E1,3.360266928E-1,1.668522287E-2,9.804228798E0
5.144488392E1,3.360368158E-1,1.677552695E-2,9.804228798E0
5.145484692E1,3.360827529E-1,1.694873244E-2,9.804226459E0
5.146480992E1,3.361076402E-1,1.700234524E-2,9.804225875E0
5.147477292E1,3.360817662E-1,1.709882201E-2,9.804226459E0
5.148473592E1,3.360713874E-1,1.716236709E-2,9.804226459E0
5.149469892E1,3.360451846E-1,1.725893979E-2,9.804227629E0
5.150466192E1,3.360413473E-1,1.724586692E-2,9.804227629E0
5.151462492E1,3.359512271E-1,1.723404801E-2,9.804230552E0
5.152458792E1,3.358409706E-1,1.729793227E-2,9.804234645E0
5.153455092E1,3.358415553E-1,1.730628968E-2,9.804234061E0
5.154451492E1,3.358147677E-1,1.720807701E-2,9.804235230E0
5.155447792E1,3.359367918E-1,1.717504481E-2,9.804231137E0
5.156444092E1,3.360926201E-1,1.710529506E-2,9.804225875E0
5.157440392E1,3.360837762E-1,1.707183232E-2,9.804226459E0
5.158436692E1,3.361467800E-1,1.714348469E-2,9.804224120E0
5.159432992E1,3.361192615E-1,1.714150555E-2,9.804225290E0
5.160429292E1,3.360796832E-1,1.712465825E-2,9.804226459E0
5.161425592E1,3.359258648E-1,1.718131001E-2,9.804231722E0
5.162421892E1,3.357667475E-1,1.722023511E-2,9.804236984E0
5.163418192E1,3.355785768E-1,1.725325132E-2,9.804243416E0
5.164414492E1,3.354045856E-1,1.726299972E-2,9.804249263E0
5.165410792E1,3.353401566E-1,1.720641192E-2,9.804251602E0
5.166407092E1,3.353564557E-1,1.715111805E-2,9.804251018E0
5.167403392E1,3.354314097E-1,1.699980421E-2,9.804248679E0
5.168399792E1,3.357085677E-1,1.691561801E-2,9.804239323E0
5.169396092E1,3.358278509E-1,1.672153728E-2,9.804235815E0
5.170392392E1,3.360420052E-1,1.644798351E-2,9.804228798E0
5.171388692E1,3.361298961E-1,1.641777442E-2,9.804225875E0
5.172384992E1,3.361072747E-1,1.634315961E-2,9.804227044E0
5.173381292E1,3.360336729E-1,1.636260160E-2,9.804229383E0
5.174377592E1,3.358453925E-1,1.645147814E-2,9.804235815E0
5.175373892E1,3.355490118E-1,1.647265145E-2,9.804245755E0
5.176370192E1,3.353946453E-1,1.641143727E-2,9.804251018E0
5.177366492E1,3.353396449E-1,1.643612120E-2,9.804252772E0
5.178362792E1,3.351554942E-1,1.634554875E-2,9.804259204E0
5.179359092E1,3.351845110E-1,1.627790149E-2,9.804258619E0
5.180355392E1,3.351861921E-1,1.620564954E-2,9.804258619E0
5.181351692E1,3.353803196E-1,1.611499143E-2,9.804252187E0
5.182348092E1,3.355090680E-1,1.606494863E-2,9.804248094E0
5.183344392E1,3.356536039E-1,1.601497892E-2,9.804242831E0
5.184340692E1,3.357947045E-1,1.603860875E-2,9.804238154E0
5.185336992E1,3.357259997E-1,1.600217558E-2,9.804240493E0
5.186333292E1,3.356059856E-1,1.602720097E-2,9.804244586E0
5.187329592E1,3.353623029E-1,1.605511343E-2,9.804252772E0
5.188325892E1,3.354725229E-1,1.619711398E-2,9.804248679E0
5.189322192E1,3.354101039E-1,1.614424122E-2,9.804251018E0
5.190318492E1,3.355330416E-1,1.607551930E-2,9.804246925E0
5.191314792E1,3.358971038E-1,1.600389890E-2,9.804234645E0
5.192311092E1,3.358898314E-1,1.590644683E-2,9.804235230E0
5.193307392E1,3.359313101E-1,1.590290082E-2,9.804233476E0
5.194303692E1,3.357181425E-1,1.587630055E-2,9.804241077E0
5.195299992E1,3.355990420E-1,1.598498225E-2,9.804245170E0
5.196296283E1,3.354951809E-1,1.598490231E-2,9.804248679E0
5.197292683E1,3.354011869E-1,1.600948003E-2,9.804251602E0
5.198288983E1,3.354981410E-1,1.595379672E-2,9.804248679E0
5.199285283E1,3.355574903E-1,1.582174786E-2,9.804246340E0
5.200281583E1,3.356454543E-1,1.587180436E-2,9.804243416E0
5.201277883E1,3.357117106E-1,1.590985238E-2,9.804241077E0
5.202274183E1,3.356038294E-1,1.594506472E-2,9.804244586E0
5.203270483E1,3.355872380E-1,1.598303508E-2,9.804245170E0
5.204266783E1,3.355824871E-1,1.601652524E-2,9.804245170E0
5.205263083E1,3.356669428E-1,1.612976822E-2,9.804242247E0
5.206259383E1,3.356722419E-1,1.611784081E-2,9.804242247E0
5.207255683E1,3.355882247E-1,1.612627816E-2,9.804245170E0
5.208251983E1,3.355232475E-1,1.615615606E-2,9.804246925E0
5.209248283E1,3.354853868E-1,1.620818029E-2,9.804248679E0
5.210244583E1,3.354831210E-1,1.624492296E-2,9.804248679E0
5.211240883E1,3.354225658E-1,1.623117287E-2,9.804250433E0
5.212237183E1,3.353784193E-1,1.624357308E-2,9.804252187E0
5.213233583E1,3.353337246E-1,1.635178425E-2,9.804253356E0
5.214229883E1,3.353525819E-1,1.629342973E-2,9.804252772E0
5.215226183E1,3.353402296E-1,1.622004831E-2,9.804253356E0
5.216222483E1,3.353896021E-1,1.608007830E-2,9.804252187E0
5.217218783E1,3.354351007E-1,1.599706611E-2,9.804250433E0
5.218215083E1,3.354834864E-1,1.599878944E-2,9.804248679E0
5.219211383E1,3.356123810E-1,1.597867936E-2,9.804244586E0
5.220207683E1,3.355745934E-1,1.597166499E-2,9.804245755E0
5.221203983E1,3.355593906E-1,1.604768336E-2,9.804246340E0
5.222200283E1,3.355248920E-1,1.608887996E-2,9.804247509E0
5.223196583E1,3.354372203E-1,1.608982899E-2,9.804250433E0
5.224192883E1,3.353701235E-1,1.609867405E-2,9.804252772E0
5.225189183E1,3.352723289E-1,1.614882306E-2,9.804255695E0
5.226185483E1,3.352482822E-1,1.623990029E-2,9.804256280E0
5.227181783E1,3.351919662E-1,1.619520450E-2,9.804258619E0
5.228178083E1,3.352338469E-1,1.618110951E-2,9.804256865E0
5.229174383E1,3.352833289E-1,1.614098756E-2,9.804255695E0
5.230170783E1,3.354190209E-1,1.618019702E-2,9.804251018E0
5.231167083E1,3.355072773E-1,1.620280245E-2,9.804247509E0
5.232163383E1,3.354948885E-1,1.623836312E-2,9.804248094E0
5.233159683E1,3.355356363E-1,1.631881943E-2,9.804246340E0
5.234155983E1,3.356775774E-1,1.633242335E-2,9.804241662E0
5.235152283E1,3.356241851E-1,1.644168748E-2,9.804243416E0
5.236148583E1,3.358660405E-1,1.741290657E-2,9.804233476E0
5.237144883E1,3.359377785E-1,1.867671029E-2,9.804228798E0
5.238141183E1,3.310451574E-1,1.799220462E-2,9.804396029E0
5.239137483E1,3.359106986E-1,1.975472672E-2,9.804227629E0
5.240133783E1,3.365386896E-1,1.863183976E-2,9.804207748E0
5.241130083E1,3.340212440E-1,1.687095419E-2,9.804297211E0
5.242126383E1,3.377474552E-1,1.810466530E-2,9.804167402E0
5.243122683E1,3.368708114E-1,1.797941041E-2,9.804197808E0
5.244118983E1,3.362042288E-1,1.852153295E-2,9.804219443E0
5.245115283E1,3.366640027E-1,1.947568891E-2,9.804201901E0
5.246111583E1,3.354710246E-1,1.909033227E-2,9.804244001E0
5.247107883E1,3.364260576E-1,1.915479211E-2,9.804210672E0
5.248104183E1,3.373818946E-1,1.939627184E-2,9.804177343E0
5.249100583E1,3.364851876E-1,1.971830496E-2,9.804207748E0
5.250096883E1,3.357986514E-1,2.039758925E-2,9.804229968E0
5.251093183E1,3.355350150E-1,2.121723413E-2,9.804236984E0
5.252089483E1,3.365005730E-1,2.196765573E-2,9.804202486E0
5.253085783E1,3.363300902E-1,2.178235838E-2,9.804208918E0
5.254082083E1,3.368180403E-1,2.158826737E-2,9.804192545E0
5.255078383E1,3.380167926E-1,2.135140488E-2,9.804151615E0
5.256074683E1,3.384569418E-1,2.115668575E-2,9.804136997E0
5.257070983E1,3.385077760E-1,2.150773111E-2,9.804134073E0
5.258067283E1,3.376754249E-1,2.185149257E-2,9.804162140E0
5.259063583E1,3.376585045E-1,2.240069687E-2,9.804161555E0
5.260059883E1,3.370961851E-1,2.269264195E-2,9.804180266E0
5.261056183E1,3.371739896E-1,2.311333541E-2,9.804176758E0
5.262052483E1,3.371334976E-1,2.317553745E-2,9.804177927E0
5.263048783E1,3.372384186E-1,2.311835123E-2,9.804174419E0
5.264045083E1,3.376968037E-1,2.331480169E-2,9.804158047E0
5.265041383E1,3.380437263E-1,2.350343149E-2,9.804145768E0
5.266037683E1,3.380012244E-1,2.338286236E-2,9.804147522E0
5.267033983E1,3.383271336E-1,2.342516331E-2,9.804136412E0
5.268030283E1,3.386368167E-1,2.333202128E-2,9.804125887E0
5.269026683E1,3.387544554E-1,2.307392609E-2,9.804122379E0
5.270022983E1,3.389464268E-1,2.288893024E-2,9.804115947E0
5.271019283E1,3.388385822E-1,2.280715830E-2,9.804120040E0
5.272015583E1,3.385162545E-1,2.276954654E-2,9.804131150E0
5.273011883E1,3.384365131E-1,2.303058132E-2,9.804133489E0
5.274008183E1,3.384434932E-1,2.326225897E-2,9.804132319E0
5.275004483E1,3.377953293E-1,2.334373170E-2,9.804154539E0
5.276000783E1,3.377541430E-1,2.356297944E-2,9.804155708E0
5.276997083E1,3.379289382E-1,2.361910358E-2,9.804149276E0
5.277993383E1,3.382021493E-1,2.336115686E-2,9.804140505E0
5.278989683E1,3.385469523E-1,2.311650113E-2,9.804129395E0
5.279985983E1,3.388320407E-1,2.295311714E-2,9.804120040E0
5.280982283E1,3.388234891E-1,2.299452958E-2,9.804120040E0
5.281978583E1,3.388323696E-1,2.320721520E-2,9.804119455E0
5.282974883E1,3.387054484E-1,2.337833077E-2,9.804122964E0
5.283971183E1,3.386102850E-1,2.339924599E-2,9.804126472E0
5.284967483E1,3.385861287E-1,2.341272656E-2,9.804127057E0
5.285963783E1,3.386251223E-1,2.341345061E-2,9.804125887E0
5.286960083E1,3.386443450E-1,2.335141759E-2,9.804125302E0
5.287956383E1,3.386658701E-1,2.319539515E-2,9.804125302E0
5.288952683E1,3.385984078E-1,2.320938963E-2,9.804127057E0
5.289948983E1,3.386710595E-1,2.316062249E-2,9.804124718E0
5.290945283E1,3.386675877E-1,2.309745657E-2,9.804125302E0
5.291941583E1,3.385795140E-1,2.299886018E-2,9.804128226E0
5.292937983E1,3.385714741E-1,2.299986288E-2,9.804128811E0
5.293934283E1,3.384553703E-1,2.290312573E-2,9.804132904E0
5.294930583E1,3.382248073E-1,2.288428901E-2,9.804141090E0
5.295926883E1,3.382618275E-1,2.303302071E-2,9.804139336E0
5.296923279E1,3.382497311E-1,2.290380638E-2,9.804139920E0
5.297919579E1,3.383419343E-1,2.277666142E-2,9.804136997E0
5.298915879E1,3.385325170E-1,2.267761278E-2,9.804130565E0
5.299912179E1,3.385694276E-1,2.256743388E-2,9.804129980E0
5.300908479E1,3.385563079E-1,2.239653301E-2,9.804130565E0
5.301904779E1,3.387364752E-1,2.227643897E-2,9.804124718E0
5.302901079E1,3.388944597E-1,2.224216880E-2,9.804119455E0
5.303897379E1,3.391276539E-1,2.223614571E-2,9.804111269E0
5.304893679E1,3.393199177E-1,2.222329783E-2,9.804104837E0
5.305889979E1,3.393146552E-1,2.207022412E-2,9.804105422E0
5.306886279E1,3.390158990E-1,2.206291738E-2,9.804115362E0
5.307882579E1,3.386584149E-1,2.210787242E-2,9.804127641E0
5.308878879E1,3.384404234E-1,2.220925537E-2,9.804135243E0
5.309875179E1,3.385341250E-1,2.223655228E-2,9.804131734E0
5.310871479E1,3.383887121E-1,2.217565672E-2,9.804136997E0
5.311867779E1,3.384692575E-1,2.215893963E-2,9.804134073E0
5.312864079E1,3.385207861E-1,2.210353497E-2,9.804132319E0
5.313860379E1,3.385911354E-1,2.209638356E-2,9.804129980E0
5.314856679E1,3.387826682E-1,2.210186532E-2,9.804123548E0
5.315852979E1,3.388606920E-1,2.209738169E-2,9.804120625E0
5.316849279E1,3.388669047E-1,2.206141218E-2,9.804120625E0
5.317845579E1,3.388869314E-1,2.214391274E-2,9.804120040E0
5.318841879E1,3.386735446E-1,2.225570876E-2,9.804127057E0
5.319838279E1,3.384367689E-1,2.231680760E-2,9.804135243E0
5.320834579E1,3.386018065E-1,2.241456345E-2,9.804128811E0
5.321830879E1,3.388382168E-1,2.228940106E-2,9.804121209E0
5.322827179E1,3.391902922E-1,2.214703734E-2,9.804109515E0
5.323823479E1,3.393906690E-1,2.201120150E-2,9.804102498E0
5.324819779E1,3.393315756E-1,2.200869359E-2,9.804104837E0
5.325816079E1,3.395029721E-1,2.224692880E-2,9.804098405E0
5.326812379E1,3.394889022E-1,2.247684772E-2,9.804098405E0
5.327808679E1,3.393871607E-1,2.249268088E-2,9.804101914E0
5.328804979E1,3.393407484E-1,2.253465521E-2,9.804103083E0
5.329801279E1,3.393031801E-1,2.253886475E-2,9.804104252E0
5.330797579E1,3.392200765E-1,2.258540265E-2,9.804107176E0
5.331793879E1,3.390892451E-1,2.277369441E-2,9.804111269E0
5.332790179E1,3.388539677E-1,2.279030416E-2,9.804119455E0
5.333786479E1,3.386580129E-1,2.274836180E-2,9.804126472E0
5.334782779E1,3.387287277E-1,2.271978811E-2,9.804124133E0
5.335779079E1,3.389013302E-1,2.262702294E-2,9.804118286E0
5.336775379E1,3.390537232E-1,2.259567410E-2,9.804113023E0
5.337771679E1,3.392411265E-1,2.261756005E-2,9.804106591E0
5.338767979E1,3.396592024E-1,2.274543134E-2,9.804091973E0
5.339764279E1,3.397931036E-1,2.275517061E-2,9.804087296E0
5.340760579E1,3.397061994E-1,2.280404511E-2,9.804090219E0
5.341756879E1,3.398040306E-1,2.304119311E-2,9.804086126E0
5.342753179E1,3.395176267E-1,2.316789724E-2,9.804095482E0
5.343749479E1,3.395027894E-1,2.338107850E-2,9.804095482E0
5.344745779E1,3.394318919E-1,2.346881872E-2,9.804097821E0
5.345742079E1,3.395659759E-1,2.357487259E-2,9.804093143E0
5.346738379E1,3.398242035E-1,2.368831999E-2,9.804083787E0
5.347734679E1,3.395766470E-1,2.373372271E-2,9.804091973E0
5.348730979E1,3.396582522E-1,2.384651002E-2,9.804089050E0
5.349727279E1,3.397357644E-1,2.394746128E-2,9.804086126E0
5.350723579E1,3.398095489E-1,2.396124335E-2,9.804083787E0
5.351719879E1,3.398152500E-1,2.385715149E-2,9.804083787E0
5.352716179E1,3.400515140E-1,2.385784585E-2,9.804075601E0
5.353712579E1,3.401238733E-1,2.379591790E-2,9.804073262E0
5.354708879E1,3.400911655E-1,2.385402004E-2,9.804073847E0
5.355705179E1,3.398063695E-1,2.400103868E-2,9.804083787E0
5.356701479E1,3.396862458E-1,2.438357906E-2,9.804086711E0
5.357697779E1,3.397164320E-1,2.469591631E-2,9.804084957E0
5.358694079E1,3.400672284E-1,2.457830505E-2,9.804073262E0
5.359690379E1,3.399892412E-1,2.415729181E-2,9.804076771E0
5.360686679E1,3.406716478E-1,2.422546669E-2,9.804052797E0
5.361682979E1,3.402417678E-1,2.410243305E-2,9.804068000E0
5.362679279E1,3.400253477E-1,2.416623851E-2,9.804075601E0
5.363675579E1,3.400719427E-1,2.425773830E-2,9.804073847E0
5.364671879E1,3.398346554E-1,2.401238365E-2,9.804082618E0
5.365668179E1,3.398818717E-1,2.386848276E-2,9.804081448E0
5.366664479E1,3.400575440E-1,2.381552663E-2,9.804075601E0
5.367660779E1,3.397440967E-1,2.361142226E-2,9.804086711E0
5.368657079E1,3.394742111E-1,2.364748998E-2,9.804096066E0
5.369653379E1,3.393286885E-1,2.377279856E-2,9.804100744E0
5.370649679E1,3.389901713E-1,2.358838742E-2,9.804113023E0
5.371645979E1,3.392410899E-1,2.357479950E-2,9.804104252E0
5.372642279E1,3.395010352E-1,2.342069567E-2,9.804095482E0
5.373638579E1,3.394963940E-1,2.310087810E-2,9.804096651E0
5.374634879E1,3.397125217E-1,2.286576065E-2,9.804089634E0
5.375631179E1,3.398651340E-1,2.254579461E-2,9.804084957E0
5.376627479E1,3.396865381E-1,2.244943433E-2,9.804091389E0
5.377623779E1,3.395604941E-1,2.255283640E-2,9.804095482E0
5.378620079E1,3.391255343E-1,2.247277522E-2,9.804110684E0
5.379616379E1,3.389229649E-1,2.252577018E-2,9.804117701E0
5.380612679E1,3.387238306E-1,2.248110294E-2,9.804124718E0
5.381608979E1,3.387182392E-1,2.224716178E-2,9.804125302E0
5.382605279E1,3.393632602E-1,2.189958364E-2,9.804103668E0
5.383601579E1,3.397524289E-1,2.134737122E-2,9.804091389E0
5.384597879E1,3.398886691E-1,2.089772719E-2,9.804087880E0
5.385594179E1,3.398720045E-1,2.088246504E-2,9.804088465E0
5.386590479E1,3.394264832E-1,2.092587605E-2,9.804103668E0
5.387586779E1,3.389579385E-1,2.104393499E-2,9.804120040E0
5.388583079E1,3.387343191E-1,2.121627025E-2,9.804127057E0
5.389579379E1,3.385670156E-1,2.106510830E-2,9.804133489E0
5.390575679E1,3.384827792E-1,2.093709539E-2,9.804136412E0
5.391571979E1,3.385203475E-1,2.087918283E-2,9.804135243E0
5.392568279E1,3.384667359E-1,2.086152242E-2,9.804136997E0
5.393564579E1,3.385764442E-1,2.085085582E-2,9.804133489E0
5.394560879E1,3.386548335E-1,2.075974889E-2,9.804131150E0
5.395557179E1,3.388765891E-1,2.065163935E-2,9.804123548E0
5.396553408E1,3.390928630E-1,2.049190986E-2,9.804116532E0
5.397549708E1,3.393088080E-1,2.040553324E-2,9.804108930E0
5.398546008E1,3.393903401E-1,2.050857671E-2,9.804106007E0
5.399542308E1,3.392989774E-1,2.069961621E-2,9.804108930E0
5.400538608E1,3.391617140E-1,2.091130141E-2,9.804113023E0
5.401534908E1,3.389391178E-1,2.127113586E-2,9.804120040E0
5.402531208E1,3.384201774E-1,2.157879533E-2,9.804136997E0
5.403527508E1,3.381523749E-1,2.202866549E-2,9.804145183E0
5.404523808E1,3.377839638E-1,2.262001542E-2,9.804156877E0
5.405520108E1,3.379870084E-1,2.317003513E-2,9.804148691E0
5.406516508E1,3.384086657E-1,2.359655525E-2,9.804132904E0
5.407512808E1,3.388419078E-1,2.373134271E-2,9.804117701E0
5.408509108E1,3.392123289E-1,2.356256374E-2,9.804105422E0
5.409505408E1,3.397449007E-1,2.347707562E-2,9.804087296E0
5.410501708E1,3.402078905E-1,2.347042213E-2,9.804070923E0
5.411498008E1,3.404879356E-1,2.344615847E-2,9.804061568E0
5.412494308E1,3.407400237E-1,2.362844770E-2,9.804052212E0
5.413490608E1,3.410132714E-1,2.390573363E-2,9.804041687E0
5.414486908E1,3.407954260E-1,2.428543263E-2,9.804048704E0
5.415483208E1,3.404759488E-1,2.464114891E-2,9.804058644E0
5.416479508E1,3.398426953E-1,2.487815986E-2,9.804080279E0
5.417475808E1,3.392341098E-1,2.499387306E-2,9.804100744E0
5.418472108E1,3.387210532E-1,2.483156029E-2,9.804118870E0
5.419468408E1,3.382883227E-1,2.456245361E-2,9.804134658E0
5.420464708E1,3.383912337E-1,2.443926237E-2,9.804131734E0
5.421461008E1,3.384527391E-1,2.420416775E-2,9.804129980E0
5.422457308E1,3.387092126E-1,2.404483341E-2,9.804121209E0
5.423453608E1,3.390634808E-1,2.382583920E-2,9.804109515E0
5.424449908E1,3.395536236E-1,2.371716550E-2,9.804093143E0
5.425446208E1,3.395971854E-1,2.371249458E-2,9.804091389E0
5.426442508E1,3.397389073E-1,2.377052819E-2,9.804086711E0
5.427438808E1,3.398685327E-1,2.384311589E-2,9.804082033E0
5.428435108E1,3.400344109E-1,2.399839830E-2,9.804075601E0
5.429431408E1,3.401052353E-1,2.400882964E-2,9.804073262E0
5.430427708E1,3.401933090E-1,2.409924221E-2,9.804069754E0
5.431424008E1,3.402841967E-1,2.416905020E-2,9.804066830E0
5.432420308E1,3.402962931E-1,2.416181199E-2,9.804066246E0
5.433416608E1,3.401820531E-1,2.425359957E-2,9.804069754E0
5.434412908E1,3.398281138E-1,2.429527925E-2,9.804082033E0
5.435409208E1,3.394603605E-1,2.426025077E-2,9.804094897E0
5.436405508E1,3.391432953E-1,2.415681216E-2,9.804106007E0
5.437401808E1,3.392571698E-1,2.403183249E-2,9.804102498E0
5.438398108E1,3.390459026E-1,2.381634889E-2,9.804110684E0
5.439394408E1,3.393389942E-1,2.378249899E-2,9.804100159E0
5.440390708E1,3.396941030E-1,2.374188597E-2,9.804087880E0
5.441387008E1,3.398398083E-1,2.360886181E-2,9.804083202E0
5.442383308E1,3.400225338E-1,2.358912518E-2,9.804077355E0
5.443379608E1,3.402477247E-1,2.374629194E-2,9.804069169E0
5.444375908E1,3.401860365E-1,2.389350930E-2,9.804070923E0
5.445372208E1,3.402624158E-1,2.408896162E-2,9.804067415E0
5.446368508E1,3.400882418E-1,2.412497681E-2,9.804073262E0
5.447364808E1,3.399996565E-1,2.410017183E-2,9.804076771E0
5.448361108E1,3.400842584E-1,2.406294608E-2,9.804073847E0
5.449357408E1,3.400954047E-1,2.398234815E-2,9.804073847E0
5.450353708E1,3.400799096E-1,2.385190956E-2,9.804074432E0
5.451350008E1,3.400325471E-1,2.383633221E-2,9.804076186E0
5.452346308E1,3.400269192E-1,2.386777926E-2,9.804076186E0
5.453342608E1,3.401172587E-1,2.400167137E-2,9.804072677E0
5.454338908E1,3.402734889E-1,2.394807798E-2,9.804067415E0
5.455335208E1,3.403834897E-1,2.378802644E-2,9.804063907E0
5.456331508E1,3.406863389E-1,2.372080173E-2,9.804053966E0
5.457327808E1,3.408132235E-1,2.368861235E-2,9.804049289E0
5.458324108E1,3.408027351E-1,2.359996994E-2,9.804049873E0
5.459320408E1,3.407112992E-1,2.366727915E-2,9.804052797E0
5.460316708E1,3.407290236E-1,2.367694533E-2,9.804052212E0
5.461313008E1,3.404545334E-1,2.358316833E-2,9.804062153E0
5.462309308E1,3.405281717E-1,2.348454453E-2,9.804059814E0
5.463305608E1,3.406624384E-1,2.341518193E-2,9.804055136E0
5.464301908E1,3.405371253E-1,2.342240416E-2,9.804059814E0
5.465298208E1,3.408303997E-1,2.355850495E-2,9.804049289E0
5.466294508E1,3.404375764E-1,2.350626830E-2,9.804062737E0
5.467290808E1,3.406426675E-1,2.355928839E-2,9.804055721E0
5.468287108E1,3.409221279E-1,2.340574416E-2,9.804046365E0
5.469283408E1,3.409308256E-1,2.315234274E-2,9.804046365E0
5.470279708E1,3.410227731E-1,2.309837248E-2,9.804043441E0
5.471276008E1,3.409564803E-1,2.297053544E-2,9.804046365E0
5.472272308E1,3.409024301E-1,2.297472443E-2,9.804048119E0
5.473268608E1,3.409377692E-1,2.309937975E-2,9.804046365E0
5.474264908E1,3.404211311E-1,2.312827551E-2,9.804064491E0
5.475261208E1,3.403920778E-1,2.327859920E-2,9.804065076E0
5.476257508E1,3.403989117E-1,2.338520582E-2,9.804064491E0
5.477253808E1,3.403643035E-1,2.338031334E-2,9.804065661E0
5.478250108E1,3.404979124E-1,2.333961352E-2,9.804060983E0
5.479246408E1,3.405487466E-1,2.322285650E-2,9.804059814E0
5.480242708E1,3.406358701E-1,2.298980841E-2,9.804057475E0
5.481239008E1,3.408613168E-1,2.281741834E-2,9.804049873E0
5.482235308E1,3.409250150E-1,2.265927399E-2,9.804048119E0
5.483231608E1,3.408203863E-1,2.264723695E-2,9.804051628E0
5.484227908E1,3.408499513E-1,2.261555920E-2,9.804050458E0
5.485224208E1,3.409370383E-1,2.259420088E-2,9.804047534E0
5.486220508E1,3.408469181E-1,2.255503367E-2,9.804051043E0
5.487216808E1,3.407876785E-1,2.267628117E-2,9.804052797E0
5.488213108E1,3.407950606E-1,2.275996031E-2,9.804052212E0
5.489209408E1,3.407263193E-1,2.272693724E-2,9.804054551E0
5.490205708E1,3.408331406E-1,2.257193578E-2,9.804051628E0
5.491202008E1,3.409764704E-1,2.241592019E-2,9.804046950E0
5.492198308E1,3.407047211E-1,2.230530731E-2,9.804056305E0
5.493194608E1,3.407716352E-1,2.236313536E-2,9.804053966E0
5.494190908E1,3.406778970E-1,2.230128735E-2,9.804057475E0
5.495187208E1,3.406049164E-1,2.228259453E-2,9.804059814E0
5.496183517E1,3.407052327E-1,2.218053550E-2,9.804056890E0
5.497179817E1,3.404676165E-1,2.202243455E-2,9.804065076E0
5.498176117E1,3.403652902E-1,2.205467646E-2,9.804068584E0
5.499172417E1,3.401505512E-1,2.208703258E-2,9.804076186E0
5.500168717E1,3.399935535E-1,2.203137896E-2,9.804082033E0
5.501165017E1,3.401937841E-1,2.193584551E-2,9.804075016E0
5.502161317E1,3.403357618E-1,2.176637675E-2,9.804070339E0
5.503157617E1,3.407800040E-1,2.181232993E-2,9.804055136E0
5.504153917E1,3.407868379E-1,2.165699956E-2,9.804055136E0
5.505150217E1,3.406488071E-1,2.169505443E-2,9.804059814E0
5.506146517E1,3.411974587E-1,2.201555494E-2,9.804039933E0
5.507142817E1,3.405675673E-1,2.178305274E-2,9.804062153E0
5.508139117E1,3.403679215E-1,2.178957375E-2,9.804069169E0
5.509135417E1,3.409059750E-1,2.192345672E-2,9.804050458E0
5.510131717E1,3.405499161E-1,2.172840868E-2,9.804063322E0
5.511128017E1,3.407168541E-1,2.180094842E-2,9.804056890E0
5.512124317E1,3.407417413E-1,2.184002198E-2,9.804056305E0
5.513120517E1,3.405570424E-1,2.167170668E-2,9.804062737E0
5.514116817E1,3.407777017E-1,2.172548964E-2,9.804055136E0
5.515113117E1,3.408292302E-1,2.160841285E-2,9.804053966E0
5.516109417E1,3.406015543E-1,2.158269196E-2,9.804061568E0
5.517105717E1,3.407566151E-1,2.172619770E-2,9.804055721E0
5.518102017E1,3.405581387E-1,2.163803494E-2,9.804063322E0
5.519098317E1,3.407191930E-1,2.162255124E-2,9.804057475E0
5.520094617E1,3.408710744E-1,2.162855834E-2,9.804052212E0
5.521090917E1,3.407783229E-1,2.151011339E-2,9.804055721E0
5.522087217E1,3.409375499E-1,2.159731456E-2,9.804049873E0
5.523083517E1,3.409101411E-1,2.155072870E-2,9.804051043E0
5.524079817E1,3.407501832E-1,2.146159521E-2,9.804056890E0
5.525076117E1,3.407540204E-1,2.140737599E-2,9.804056890E0
5.526072417E1,3.406475646E-1,2.127206548E-2,9.804060983E0
5.527068717E1,3.406857176E-1,2.125974978E-2,9.804059229E0
5.528065017E1,3.407138574E-1,2.126320329E-2,9.804058644E0
5.529061317E1,3.407277811E-1,2.126682125E-2,9.804058059E0
5.530057617E1,3.407106049E-1,2.129819979E-2,9.804058644E0
5.531053917E1,3.407215318E-1,2.138431603E-2,9.804058059E0
5.532050217E1,3.407263193E-1,2.137089027E-2,9.804058059E0
5.533046517E1,3.407984593E-1,2.131034418E-2,9.804055136E0
5.534042817E1,3.408039776E-1,2.135223400E-2,9.804055136E0
5.535039117E1,3.408096055E-1,2.138723050E-2,9.804055136E0
5.536035417E1,3.407152461E-1,2.138386150E-2,9.804058059E0
5.537031717E1,3.406224946E-1,2.128037263E-2,9.804061568E0
5.538028017E1,3.406117504E-1,2.128128398E-2,9.804062153E0
5.539024317E1,3.407384888E-1,2.131407178E-2,9.804057475E0
5.540020617E1,3.407100932E-1,2.132196552E-2,9.804058644E0
5.541016917E1,3.405457499E-1,2.132634180E-2,9.804063907E0
5.542013217E1,3.404481380E-1,2.141423276E-2,9.804067415E0
5.543009517E1,3.404293172E-1,2.144500145E-2,9.804068000E0
5.544005817E1,3.404682012E-1,2.144460630E-2,9.804066830E0
5.545002117E1,3.406081690E-1,2.138661152E-2,9.804061568E0
5.545998417E1,3.406560065E-1,2.126265968E-2,9.804060398E0
5.546994717E1,3.405162215E-1,2.131427963E-2,9.804065076E0
5.547991017E1,3.404087789E-1,2.141205376E-2,9.804068584E0
5.548987317E1,3.403992041E-1,2.149207382E-2,9.804068584E0
5.549983617E1,3.402921269E-1,2.158567952E-2,9.804072677E0
5.550979917E1,3.400881688E-1,2.162197794E-2,9.804079109E0
5.551976217E1,3.400337166E-1,2.165425868E-2,9.804081448E0
5.552972517E1,3.398396255E-1,2.162628341E-2,9.804087880E0
5.553968817E1,3.397780471E-1,2.166129589E-2,9.804090219E0
5.554965117E1,3.397529771E-1,2.167648038E-2,9.804090804E0
5.555961417E1,3.396387371E-1,2.166803161E-2,9.804094897E0
5.556957717E1,3.398147383E-1,2.176145915E-2,9.804088465E0
5.557954017E1,3.398971841E-1,2.183640630E-2,9.804085541E0
5.558950317E1,3.399462641E-1,2.192215252E-2,9.804083787E0
5.559946617E1,3.400042978E-1,2.188592719E-2,9.804081448E0
5.560942917E1,3.406353951E-1,2.202506351E-2,9.804059229E0
5.561939217E1,3.410385971E-1,2.191744734E-2,9.804045780E0
5.562935517E1,3.407286216E-1,2.156279543E-2,9.804057475E0
5.563931817E1,3.412347712E-1,2.151689708E-2,9.804039933E0
5.564928117E1,3.408527287E-1,2.142977813E-2,9.804053382E0
5.565924317E1,3.402205716E-1,2.143031032E-2,9.804075016E0
5.566920617E1,3.398980246E-1,2.170069379E-2,9.804085541E0
5.567916917E1,3.392355351E-1,2.175710115E-2,9.804108346E0
5.568913217E1,3.389391543E-1,2.176334351E-2,9.804118870E0
5.569909517E1,3.388860178E-1,2.170255988E-2,9.804120625E0
5.570905817E1,3.388167283E-1,2.151631235E-2,9.804123548E0
5.571902117E1,3.388538215E-1,2.125999874E-2,9.804122964E0
5.572898417E1,3.391945680E-1,2.093072513E-2,9.804111854E0
5.573894717E1,3.393975760E-1,2.061765469E-2,9.804105422E0
5.574891017E1,3.399060645E-1,2.044147078E-2,9.804088465E0
5.575887317E1,3.398050539E-1,2.007810744E-2,9.804092558E0
5.576883617E1,3.400621852E-1,2.031108929E-2,9.804083202E0
5.577879917E1,3.407414489E-1,2.092466549E-2,9.804058059E0
5.578876217E1,3.404506961E-1,2.106665919E-2,9.804068000E0
5.579872517E1,3.402194753E-1,2.138660238E-2,9.804075601E0
5.580868817E1,3.405154906E-1,2.174170653E-2,9.804064491E0
5.581865117E1,3.400965010E-1,2.162352882E-2,9.804079109E0
5.582861417E1,3.397943096E-1,2.155231613E-2,9.804089634E0
5.583857717E1,3.398994499E-1,2.153775062E-2,9.804086126E0
5.584854017E1,3.398618450E-1,2.141119723E-2,9.804087880E0
5.585850317E1,3.400408063E-1,2.130213752E-2,9.804081448E0
5.586846617E1,3.401250793E-1,2.121603271E-2,9.804079109E0
5.587842917E1,3.399687394E-1,2.104154357E-2,9.804084957E0
5.588839217E1,3.399624536E-1,2.089962982E-2,9.804085541E0
5.589835517E1,3.399300381E-1,2.080374005E-2,9.804086711E0
5.590831817E1,3.394826896E-1,2.061268228E-2,9.804102498E0
5.591828117E1,3.394330979E-1,2.067429960E-2,9.804104252E0
5.592824417E1,3.395215370E-1,2.084988509E-2,9.804100744E0
5.593820717E1,3.394992445E-1,2.087329679E-2,9.804101329E0
5.594817017E1,3.396420993E-1,2.099776482E-2,9.804096066E0
5.595813317E1,3.398237650E-1,2.103995614E-2,9.804089634E0
5.596809642E1,3.398253364E-1,2.102898804E-2,9.804089634E0
5.597805942E1,3.399476894E-1,2.115328477E-2,9.804085541E0
5.598802242E1,3.399761580E-1,2.123213539E-2,9.804084372E0
5.599798542E1,3.399074167E-1,2.123700959E-2,9.804086711E0
5.600794742E1,3.398805926E-1,2.122314758E-2,9.804087296E0
5.601791042E1,3.398787653E-1,2.120375584E-2,9.804087296E0
5.602787342E1,3.397473126E-1,2.114667239E-2,9.804091973E0
5.603783642E1,3.397494688E-1,2.113605604E-2,9.804091973E0
5.604779942E1,3.397064552E-1,2.109176110E-2,9.804093727E0
5.605776242E1,3.396655612E-1,2.126867820E-2,9.804094897E0
5.606772542E1,3.396555844E-1,2.156869290E-2,9.804094312E0
5.607768842E1,3.396277005E-1,2.175094102E-2,9.804094897E0
5.608765142E1,3.397423790E-1,2.188240516E-2,9.804090804E0
5.609761442E1,3.398807022E-1,2.196327032E-2,9.804085541E0
5.610757742E1,3.401206573E-1,2.196445347E-2,9.804077355E0
5.611754042E1,3.400958432E-1,2.186285810E-2,9.804078525E0
5.612750342E1,3.401385644E-1,2.181450893E-2,9.804077355E0
5.613746642E1,3.401559599E-1,2.177454458E-2,9.804076771E0
5.614742942E1,3.398804464E-1,2.170328849E-2,9.804086126E0
5.615739242E1,3.399306594E-1,2.172312106E-2,9.804084372E0
5.616735542E1,3.399535732E-1,2.179261385E-2,9.804083787E0
5.617731842E1,3.399383704E-1,2.191284037E-2,9.804083787E0
5.618728142E1,3.399528057E-1,2.194428057E-2,9.804083202E0
5.619724442E1,3.399020080E-1,2.205019969E-2,9.804084957E0
5.620720742E1,3.399426096E-1,2.209302826E-2,9.804083202E0
5.621717042E1,3.398278215E-1,2.211648793E-2,9.804087296E0
5.622713342E1,3.399226926E-1,2.222992619E-2,9.804083787E0
5.623709642E1,3.398300873E-1,2.231685785E-2,9.804086711E0
5.624705942E1,3.398386754E-1,2.239119286E-2,9.804086126E0
5.625702242E1,3.398658649E-1,2.238106530E-2,9.804085541E0
5.626698542E1,3.401889601E-1,2.248473232E-2,9.804073847E0
5.627694842E1,3.401217537E-1,2.236404899E-2,9.804076771E0
5.628691042E1,3.402810172E-1,2.227704425E-2,9.804071508E0
5.629687342E1,3.405813814E-1,2.220195777E-2,9.804060983E0
5.630683642E1,3.403433997E-1,2.193082741E-2,9.804069754E0
5.631679942E1,3.402021529E-1,2.189861062E-2,9.804075016E0
5.632676242E1,3.402599307E-1,2.210427273E-2,9.804072093E0
5.633672542E1,3.399395764E-1,2.217665943E-2,9.804083202E0
5.634668842E1,3.398326454E-1,2.228363835E-2,9.804086711E0
5.635665142E1,3.398909714E-1,2.240432625E-2,9.804084372E0
5.636661442E1,3.398601639E-1,2.227431707E-2,9.804085541E0
5.637657742E1,3.400184407E-1,2.229309440E-2,9.804080279E0
5.638654042E1,3.403745361E-1,2.246004154E-2,9.804067415E0
5.639650342E1,3.402105217E-1,2.247452482E-2,9.804073262E0
5.640646642E1,3.400821388E-1,2.265900447E-2,9.804077355E0
5.641642942E1,3.405032845E-1,2.271760454E-2,9.804062737E0
5.642639242E1,3.404840618E-1,2.254599104E-2,9.804063322E0
5.643635542E1,3.404337392E-1,2.247708298E-2,9.804065661E0
5.644631842E1,3.404997396E-1,2.257048996E-2,9.804062737E0
5.645628142E1,3.402658145E-1,2.264367837E-2,9.804070923E0
5.646624442E1,3.402598942E-1,2.281659607E-2,9.804070923E0
5.647620742E1,3.400171982E-1,2.291860943E-2,9.804079109E0
5.648617042E1,3.398600177E-1,2.300131555E-2,9.804084372E0
5.649613342E1,3.399852578E-1,2.309240421E-2,9.804079694E0
5.650609642E1,3.399343870E-1,2.304237397E-2,9.804081448E0
5.651605942E1,3.399604071E-1,2.294673316E-2,9.804080864E0
5.652602142E1,3.400331318E-1,2.284196979E-2,9.804078525E0
5.653598442E1,3.400603214E-1,2.283697225E-2,9.804077355E0
5.654594742E1,3.402248840E-1,2.282766010E-2,9.804072093E0
5.655591042E1,3.404457625E-1,2.282047442E-2,9.804064491E0
5.656587342E1,3.404948061E-1,2.281777922E-2,9.804062737E0
5.657583642E1,3.403925163E-1,2.284392038E-2,9.804066246E0
5.658579942E1,3.402213025E-1,2.288758492E-2,9.804072093E0
5.659576242E1,3.400117530E-1,2.300424373E-2,9.804079109E0
5.660572542E1,3.399934804E-1,2.311618136E-2,9.804079109E0
5.661568842E1,3.399334003E-1,2.325507557E-2,9.804080864E0
5.662565142E1,3.399040180E-1,2.341554510E-2,9.804081448E0
5.663561442E1,3.400048094E-1,2.343287890E-2,9.804077940E0
5.664557742E1,3.401252255E-1,2.334014799E-2,9.804074432E0
5.665554042E1,3.404027124E-1,2.326833916E-2,9.804064491E0
5.666550342E1,3.405817103E-1,2.322604278E-2,9.804058644E0
5.667546642E1,3.406774585E-1,2.325353383E-2,9.804055136E0
5.668542942E1,3.405946838E-1,2.330141019E-2,9.804058059E0
5.669539242E1,3.403967921E-1,2.333141828E-2,9.804064491E0
5.670535542E1,3.403291837E-1,2.337777117E-2,9.804066830E0
5.671531842E1,3.401783621E-1,2.335974530E-2,9.804072093E0
5.672528142E1,3.401578237E-1,2.336514484E-2,9.804072677E0
5.673524442E1,3.402712962E-1,2.339616249E-2,9.804069169E0
5.674520642E1,3.402169902E-1,2.330135309E-2,9.804070923E0
5.675516942E1,3.402854757E-1,2.327192515E-2,9.804068584E0
5.676513242E1,3.404402077E-1,2.332372783E-2,9.804063322E0
5.677509542E1,3.404693341E-1,2.342720984E-2,9.804062153E0
5.678505842E1,3.404614038E-1,2.351614919E-2,9.804062153E0
5.679502142E1,3.405395373E-1,2.345755826E-2,9.804059229E0
5.680498442E1,3.405103377E-1,2.336195400E-2,9.804060983E0
5.681494742E1,3.405154540E-1,2.339113297E-2,9.804060398E0
5.682491042E1,3.404603806E-1,2.337925582E-2,9.804062153E0
5.683487342E1,3.403287451E-1,2.345264294E-2,9.804066830E0
5.684483642E1,3.403477120E-1,2.344367340E-2,9.804066246E0
5.685479942E1,3.403285259E-1,2.344572221E-2,9.804066830E0
5.686476242E1,3.403549845E-1,2.347848033E-2,9.804065661E0
5.687472542E1,3.402825521E-1,2.355641732E-2,9.804068000E0
5.688468842E1,3.403626955E-1,2.355890695E-2,9.804065661E0
5.689465142E1,3.403950014E-1,2.362110899E-2,9.804063907E0
5.690461442E1,3.404342874E-1,2.367886167E-2,9.804062737E0
5.691457742E1,3.404188288E-1,2.361393473E-2,9.804063322E0
5.692454042E1,3.404240182E-1,2.357499365E-2,9.804063322E0
5.693450342E1,3.405416569E-1,2.371112185E-2,9.804058644E0
5.694446542E1,3.403764730E-1,2.370886976E-2,9.804064491E0
5.695442842E1,3.402477247E-1,2.359915909E-2,9.804069169E0
5.696439117E1,3.404277093E-1,2.351642099E-2,9.804063322E0
5.697435417E1,3.405089125E-1,2.345736411E-2,9.804060398E0
5.698431717E1,3.404450682E-1,2.337430167E-2,9.804062737E0
5.699428017E1,3.403473100E-1,2.341319251E-2,9.804066246E0
5.700424317E1,3.401672523E-1,2.334243435E-2,9.804072677E0
5.701420617E1,3.402218873E-1,2.333319301E-2,9.804070923E0
5.702416917E1,3.402729408E-1,2.330305472E-2,9.804069169E0
5.703413217E1,3.401666311E-1,2.309514737E-2,9.804073262E0
5.704409517E1,3.401696278E-1,2.299131133E-2,9.804073262E0
5.705405817E1,3.402713328E-1,2.289013623E-2,9.804070339E0
5.706402117E1,3.403168680E-1,2.286722474E-2,9.804068584E0
5.707398417E1,3.403588583E-1,2.297922404E-2,9.804066830E0
5.708394717E1,3.403445692E-1,2.317864835E-2,9.804066830E0
5.709391017E1,3.403738052E-1,2.339920259E-2,9.804065661E0
5.710387317E1,3.404168554E-1,2.340572589E-2,9.804063907E0
5.711383617E1,3.404884838E-1,2.336765275E-2,9.804061568E0
5.712379817E1,3.405285737E-1,2.332519648E-2,9.804060398E0
5.713376117E1,3.405326302E-1,2.333174034E-2,9.804059814E0
5.714372417E1,3.405444343E-1,2.327502691E-2,9.804059814E0
5.715368717E1,3.405301086E-1,2.329912384E-2,9.804060398E0
5.716365017E1,3.405594909E-1,2.323829452E-2,9.804059229E0
5.717361317E1,3.404855236E-1,2.318868684E-2,9.804062153E0
5.718357617E1,3.403235923E-1,2.324433360E-2,9.804067415E0
5.719353917E1,3.403044792E-1,2.335469523E-2,9.804068000E0
5.720350217E1,3.402808711E-1,2.339444944E-2,9.804068584E0
5.721346517E1,3.403113862E-1,2.339469155E-2,9.804067415E0
5.722342817E1,3.403958785E-1,2.344461216E-2,9.804064491E0
5.723339117E1,3.404385632E-1,2.341163249E-2,9.804063322E0
5.724335417E1,3.406334947E-1,2.337374893E-2,9.804056305E0
5.725331717E1,3.407098009E-1,2.344133680E-2,9.804053382E0
5.726328017E1,3.409025032E-1,2.338445436E-2,9.804046950E0
5.727324317E1,3.407024188E-1,2.321104558E-2,9.804054551E0
5.728320617E1,3.405992885E-1,2.327497210E-2,9.804058059E0
5.729316817E1,3.405734877E-1,2.336651071E-2,9.804058644E0
5.730313117E1,3.403850246E-1,2.341830654E-2,9.804065076E0
5.731309417E1,3.402601500E-1,2.359640679E-2,9.804068584E0
5.732305717E1,3.403150042E-1,2.386875456E-2,9.804066246E0
5.733302017E1,3.401917741E-1,2.380381621E-2,9.804070923E0
5.734298317E1,3.401949535E-1,2.379004099E-2,9.804070923E0
5.735294617E1,3.402369073E-1,2.364036826E-2,9.804069754E0
5.736290917E1,3.401649135E-1,2.351166556E-2,9.804072093E0
5.737287217E1,3.402562762E-1,2.346856747E-2,9.804069169E0
5.738283517E1,3.403177451E-1,2.345844676E-2,9.804067415E0
5.739279817E1,3.403046619E-1,2.341109117E-2,9.804068000E0
5.740276117E1,3.404895436E-1,2.342960811E-2,9.804061568E0
5.741272417E1,3.405449825E-1,2.339849910E-2,9.804059229E0
5.742268717E1,3.405542649E-1,2.342762097E-2,9.804059229E0
5.743265017E1,3.404073536E-1,2.345914569E-2,9.804063907E0
5.744261217E1,3.402827349E-1,2.349279458E-2,9.804068584E0
5.745257517E1,3.401886312E-1,2.358224556E-2,9.804071508E0
5.746253817E1,3.400984379E-1,2.363429492E-2,9.804074432E0
5.747250117E1,3.401247869E-1,2.360235907E-2,9.804073262E0
5.748246417E1,3.402902997E-1,2.355524787E-2,9.804068000E0
5.749242717E1,3.403930280E-1,2.355277879E-2,9.804064491E0
5.750239017E1,3.404264302E-1,2.357754495E-2,9.804063322E0
5.751235317E1,3.404264302E-1,2.366585389E-2,9.804062737E0
5.752231617E1,3.403311206E-1,2.372543382E-2,9.804066246E0
5.753227917E1,3.403455193E-1,2.378421205E-2,9.804065661E0
5.754224217E1,3.403119344E-1,2.367566397E-2,9.804066830E0
5.755220517E1,3.400836737E-1,2.356180086E-2,9.804075016E0
5.756216817E1,3.401209132E-1,2.351532692E-2,9.804073847E0
5.757213117E1,3.400946007E-1,2.353114181E-2,9.804075016E0
5.758209417E1,3.400055037E-1,2.361685377E-2,9.804077355E0
5.759205717E1,3.397979276E-1,2.353902185E-2,9.804084957E0
5.760201917E1,3.400139091E-1,2.355774208E-2,9.804077355E0
5.761198217E1,3.403597354E-1,2.374762127E-2,9.804065076E0
5.762194517E1,3.398255922E-1,2.353221304E-2,9.804084372E0
5.763190817E1,3.398372867E-1,2.352006180E-2,9.804083787E0
5.764187117E1,3.402370535E-1,2.361705477E-2,9.804069754E0
5.765183417E1,3.399668756E-1,2.352683177E-2,9.804079109E0
5.766179717E1,3.400950027E-1,2.362796576E-2,9.804074432E0
5.767176017E1,3.398781441E-1,2.369228285E-2,9.804082033E0
5.768172317E1,3.394719819E-1,2.375927459E-2,9.804096066E0
5.769168617E1,3.396944319E-1,2.401029144E-2,9.804087296E0
5.770164917E1,3.396322321E-1,2.406931634E-2,9.804089634E0
5.771161217E1,3.395484342E-1,2.409847476E-2,9.804092558E0
5.772157517E1,3.395569858E-1,2.404857700E-2,9.804091973E0
5.773153817E1,3.394087954E-1,2.411433990E-2,9.804097236E0
5.774150117E1,3.392193821E-1,2.426003379E-2,9.804103083E0
5.775146317E1,3.389672941E-1,2.421110447E-2,9.804112439E0
5.776142617E1,3.389645166E-1,2.408623216E-2,9.804112439E0
5.777138917E1,3.391608004E-1,2.394321977E-2,9.804106007E0
5.778135217E1,3.392857115E-1,2.373928898E-2,9.804102498E0
5.779131517E1,3.393465956E-1,2.355117766E-2,9.804100744E0
5.780127817E1,3.394057621E-1,2.360098178E-2,9.804098405E0
5.781124117E1,3.393630409E-1,2.361198185E-2,9.804100159E0
5.782120417E1,3.393577784E-1,2.374640157E-2,9.804099575E0
5.783116717E1,3.393408946E-1,2.380172857E-2,9.804100159E0
5.784113017E1,3.389888557E-1,2.385686598E-2,9.804112439E0
5.785109317E1,3.390934112E-1,2.404490193E-2,9.804108346E0
5.786105617E1,3.389702908E-1,2.397675903E-2,9.804112439E0
5.787101917E1,3.389225994E-1,2.401430227E-2,9.804114193E0
5.788098217E1,3.390981986E-1,2.404539529E-2,9.804107761E0
5.789094417E1,3.390979793E-1,2.398896966E-2,9.804108346E0
5.790090717E1,3.390901221E-1,2.391475799E-2,9.804108346E0
5.791087017E1,3.391920830E-1,2.383536148E-2,9.804105422E0
5.792083317E1,3.393710078E-1,2.382452357E-2,9.804098990E0
5.793079617E1,3.393453166E-1,2.378456151E-2,9.804100159E0
5.794075917E1,3.392901700E-1,2.386282740E-2,9.804101914E0
5.795072217E1,3.393418082E-1,2.396930611E-2,9.804099575E0
5.796068517E1,3.391998305E-1,2.394717121E-2,9.804104837E0
5.797064854E1,3.390699492E-1,2.393717384E-2,9.804109515E0
5.798061154E1,3.391547704E-1,2.397454120E-2,9.804106007E0
5.799057454E1,3.391740662E-1,2.401206159E-2,9.804105422E0
5.800053754E1,3.390829958E-1,2.395411477E-2,9.804108930E0
5.801050054E1,3.391346706E-1,2.408316008E-2,9.804106591E0
5.802046254E1,3.392238406E-1,2.411584739E-2,9.804103668E0
5.803042554E1,3.392519073E-1,2.406804183E-2,9.804102498E0
5.804038854E1,3.391817407E-1,2.410446359E-2,9.804104837E0
5.805035154E1,3.391229762E-1,2.414581665E-2,9.804107176E0
5.806031454E1,3.392268739E-1,2.419009789E-2,9.804103083E0
5.807027754E1,3.392304553E-1,2.414719395E-2,9.804103083E0
5.808024054E1,3.392123655E-1,2.411874359E-2,9.804103668E0
5.809020354E1,3.392305284E-1,2.414116172E-2,9.804103083E0
5.810016654E1,3.393099409E-1,2.420789079E-2,9.804100159E0
5.811012954E1,3.393731639E-1,2.420102716E-2,9.804098405E0
5.812009254E1,3.393641373E-1,2.429295179E-2,9.804098405E0
5.813005554E1,3.393869414E-1,2.440179679E-2,9.804097236E0
5.814001854E1,3.393924963E-1,2.452422515E-2,9.804096651E0
5.814998054E1,3.393700576E-1,2.461524529E-2,9.804097236E0
5.815994354E1,3.394879886E-1,2.443729122E-2,9.804093727E0
5.816990654E1,3.395751487E-1,2.439771973E-2,9.804090804E0
5.817986954E1,3.396833587E-1,2.435157926E-2,9.804087296E0
5.818983254E1,3.396933355E-1,2.429577946E-2,9.804086711E0
5.819979554E1,3.397286015E-1,2.421653599E-2,9.804085541E0
5.820975854E1,3.395976970E-1,2.416976054E-2,9.804090219E0
5.821972154E1,3.395611154E-1,2.410417580E-2,9.804091973E0
5.822968454E1,3.393903036E-1,2.410973979E-2,9.804097821E0
5.823964754E1,3.392098073E-1,2.406158477E-2,9.804104252E0
5.824961054E1,3.391295177E-1,2.407626905E-2,9.804106591E0
5.825957354E1,3.389558554E-1,2.408584386E-2,9.804113023E0
5.826953654E1,3.387833260E-1,2.409863922E-2,9.804118870E0
5.827949854E1,3.389136824E-1,2.400117344E-2,9.804114777E0
5.828946154E1,3.389459152E-1,2.390536590E-2,9.804113608E0
5.829942454E1,3.389456959E-1,2.400863321E-2,9.804113608E0
5.830938754E1,3.391081023E-1,2.406874989E-2,9.804107761E0
5.831935054E1,3.391966145E-1,2.400370876E-2,9.804104837E0
5.832931354E1,3.391694250E-1,2.401162534E-2,9.804105422E0
5.833927654E1,3.391752357E-1,2.400920651E-2,9.804105422E0
5.834923954E1,3.391643818E-1,2.400393259E-2,9.804106007E0
5.835920254E1,3.392141197E-1,2.392917731E-2,9.804104252E0
5.836916554E1,3.392191994E-1,2.398574456E-2,9.804104252E0
5.837912854E1,3.390801088E-1,2.403109017E-2,9.804108930E0
5.838909154E1,3.390437464E-1,2.405783205E-2,9.804110100E0
5.839905354E1,3.390411882E-1,2.417803344E-2,9.804109515E0
5.840901654E1,3.389129880E-1,2.427419730E-2,9.804113608E0
5.841897954E1,3.389307855E-1,2.428783547E-2,9.804113023E0
5.842894254E1,3.390623844E-1,2.415241761E-2,9.804108930E0
5.843890554E1,3.392500800E-1,2.403564004E-2,9.804103083E0
5.844886854E1,3.394302108E-1,2.401111827E-2,9.804096651E0
5.845883154E1,3.395360820E-1,2.400712801E-2,9.804093143E0
5.846879454E1,3.393409311E-1,2.394277437E-2,9.804100159E0
5.847875754E1,3.392987946E-1,2.389615882E-2,9.804101329E0
5.848872054E1,3.393002564E-1,2.374692006E-2,9.804101914E0
5.849868354E1,3.392171529E-1,2.363607649E-2,9.804104837E0
5.850864654E1,3.392365218E-1,2.356310278E-2,9.804104252E0
5.851860854E1,3.391135475E-1,2.343065878E-2,9.804108930E0
5.852857154E1,3.391498734E-1,2.346001820E-2,9.804107761E0
5.853853454E1,3.392279702E-1,2.349506266E-2,9.804104837E0
5.854849754E1,3.391868205E-1,2.347214889E-2,9.804106591E0
5.855846054E1,3.391596675E-1,2.336775325E-2,9.804107761E0
5.856842354E1,3.392379105E-1,2.342831304E-2,9.804104837E0
5.857838654E1,3.388551737E-1,2.333059374E-2,9.804118286E0
5.858834954E1,3.388077382E-1,2.338467134E-2,9.804119455E0
5.859831254E1,3.390446966E-1,2.351205157E-2,9.804111269E0
5.860827554E1,3.388189575E-1,2.333446752E-2,9.804119455E0
5.861823854E1,3.388882836E-1,2.334487602E-2,9.804117116E0
5.862820054E1,3.391439531E-1,2.334316068E-2,9.804108346E0
5.863816354E1,3.390596435E-1,2.323778974E-2,9.804111269E0
5.864812654E1,3.389289948E-1,2.327316083E-2,9.804115947E0
5.865808954E1,3.389553438E-1,2.333302170E-2,9.804114777E0
5.866805254E1,3.387984557E-1,2.324892915E-2,9.804120040E0
5.867801554E1,3.390184207E-1,2.320820649E-2,9.804113023E0
5.868797854E1,3.391320028E-1,2.319583597E-2,9.804108930E0
5.869794154E1,3.388966889E-1,2.315023454E-2,9.804117116E0
5.870790454E1,3.388850676E-1,2.325711753E-2,9.804117116E0
5.871786754E1,3.390173608E-1,2.339560746E-2,9.804112439E0
5.872783054E1,3.390162645E-1,2.327544261E-2,9.804112439E0
5.873779254E1,3.391234147E-1,2.312137990E-2,9.804109515E0
5.874775554E1,3.392224154E-1,2.307075809E-2,9.804106007E0
5.875771854E1,3.392321729E-1,2.304754510E-2,9.804106007E0
5.876768154E1,3.393055189E-1,2.318622004E-2,9.804103083E0
5.877764454E1,3.393310274E-1,2.329178056E-2,9.804101914E0
5.878760754E1,3.391829467E-1,2.328562956E-2,9.804107176E0
5.879757054E1,3.391087236E-1,2.333535373E-2,9.804109515E0
5.880753354E1,3.391429663E-1,2.331214303E-2,9.804108346E0
5.881749654E1,3.390720323E-1,2.315566606E-2,9.804111269E0
5.882745954E1,3.391788902E-1,2.300106659E-2,9.804107761E0
5.883742254E1,3.392069203E-1,2.294879796E-2,9.804107176E0
5.884738554E1,3.391583518E-1,2.293986725E-2,9.804108346E0
5.885734754E1,3.392154353E-1,2.282565012E-2,9.804107176E0
5.886731054E1,3.392340367E-1,2.289996686E-2,9.804106007E0
5.887727354E1,3.392395916E-1,2.294762167E-2,9.804106007E0
5.888723654E1,3.393007315E-1,2.292967574E-2,9.804103668E0
5.889719954E1,3.393820809E-1,2.296880869E-2,9.804100744E0
5.890716254E1,3.394013767E-1,2.296731262E-2,9.804100159E0
5.891712554E1,3.394206360E-1,2.299932384E-2,9.804099575E0
5.892708854E1,3.394450116E-1,2.302865357E-2,9.804098405E0
5.893705154E1,3.393633333E-1,2.300283674E-2,9.804101329E0
5.894701454E1,3.392741632E-1,2.296445754E-2,9.804104252E0
5.895697654E1,3.391207469E-1,2.301234989E-2,9.804109515E0
5.896693954E1,3.389619219E-1,2.304560821E-2,9.804115362E0
5.897690254E1,3.389657957E-1,2.308596085E-2,9.804114777E0
5.898686554E1,3.389984305E-1,2.306016915E-2,9.804113608E0
5.899682854E1,3.390612881E-1,2.321759172E-2,9.804111269E0
5.900679154E1,3.390896470E-1,2.320849885E-2,9.804110100E0
5.901675454E1,3.391980033E-1,2.317765707E-2,9.804106591E0
5.902671754E1,3.393916557E-1,2.326935786E-2,9.804099575E0
5.903668054E1,3.392901335E-1,2.322053589E-2,9.804103668E0
5.904664354E1,3.393242300E-1,2.327486475E-2,9.804101914E0
5.905660654E1,3.394330979E-1,2.331690760E-2,9.804098405E0
5.906656854E1,3.393069807E-1,2.322878595E-2,9.804102498E0
5.907653154E1,3.392901700E-1,2.330543244E-2,9.804103083E0
5.908649454E1,3.392784390E-1,2.338849031E-2,9.804103668E0
5.909645754E1,3.392294320E-1,2.335918342E-2,9.804105422E0
5.910642054E1,3.392055316E-1,2.330378334E-2,9.804106007E0
5.911638354E1,3.390794875E-1,2.324836955E-2,9.804110684E0
5.912634654E1,3.391192851E-1,2.322622779E-2,9.804109515E0
5.913630954E1,3.392572063E-1,2.324429020E-2,9.804104252E0
5.914627254E1,3.391411391E-1,2.313998364E-2,9.804108930E0
5.915623554E1,3.390860656E-1,2.313113516E-2,9.804110684E0
5.916619754E1,3.391017435E-1,2.315411517E-2,9.804110100E0
5.917616054E1,3.391395677E-1,2.312046628E-2,9.804108930E0
5.918612354E1,3.393093562E-1,2.307833435E-2,9.804103083E0
5.919608654E1,3.393439644E-1,2.297651742E-2,9.804101914E0
5.920604954E1,3.393608117E-1,2.298542300E-2,9.804101329E0
5.921601254E1,3.394127788E-1,2.296645610E-2,9.804099575E0
5.922597554E1,3.395377630E-1,2.299139356E-2,9.804095482E0
5.923593854E1,3.395118526E-1,2.302360578E-2,9.804096066E0
5.924590154E1,3.395016565E-1,2.312625182E-2,9.804096066E0
5.925586454E1,3.393526987E-1,2.312724082E-2,9.804101329E0
5.926582654E1,3.394773905E-1,2.305086157E-2,9.804097236E0
5.927578954E1,3.396372022E-1,2.292238728E-2,9.804091973E0
5.928575254E1,3.394406993E-1,2.279555066E-2,9.804098990E0
5.929571554E1,3.393662203E-1,2.289851419E-2,9.804101329E0
5.930567854E1,3.394392375E-1,2.297840406E-2,9.804098990E0
5.931564154E1,3.393356686E-1,2.301258515E-2,9.804102498E0
5.932560454E1,3.395106100E-1,2.297992753E-2,9.804096066E0
5.933556754E1,3.395445239E-1,2.277792907E-2,9.804095482E0
5.934553054E1,3.397674490E-1,2.271935870E-2,9.804087880E0
5.935549354E1,3.398080140E-1,2.276301639E-2,9.804086711E0
5.936545554E1,3.395116333E-1,2.290867144E-2,9.804096651E0
5.937541854E1,3.392754058E-1,2.299740751E-2,9.804104252E0
5.938538154E1,3.393108911E-1,2.315891629E-2,9.804103083E0
5.939534454E1,3.393575592E-1,2.319734802E-2,9.804101329E0
5.940530754E1,3.394593007E-1,2.320187276E-2,9.804097821E0
5.941527054E1,3.393437451E-1,2.312841483E-2,9.804101914E0
5.942523354E1,3.394842976E-1,2.319694603E-2,9.804096651E0
5.943519654E1,3.396355577E-1,2.303963766E-2,9.804091973E0
5.944515954E1,3.393349377E-1,2.281941918E-2,9.804102498E0
5.945512154E1,3.395955043E-1,2.299840336E-2,9.804093143E0
5.946508454E1,3.391973820E-1,2.281315855E-2,9.804107761E0
5.947504754E1,3.389437956E-1,2.263780375E-2,9.804116532E0
5.948501054E1,3.393111469E-1,2.274621935E-2,9.804103668E0
5.949497354E1,3.391105143E-1,2.272675680E-2,9.804110684E0
5.950493654E1,3.387001128E-1,2.259334892E-2,9.804125302E0
5.951489954E1,3.391206007E-1,2.270186959E-2,9.804110684E0
5.952486254E1,3.393883301E-1,2.256036925E-2,9.804101329E0
5.953482554E1,3.390308825E-1,2.234029011E-2,9.804114193E0
5.954478754E1,3.396502488E-1,2.264888148E-2,9.804091973E0
5.955475054E1,3.395533312E-1,2.280455675E-2,9.804095482E0
5.956471354E1,3.393268247E-1,2.297901391E-2,9.804102498E0
5.957467654E1,3.394598489E-1,2.333893515E-2,9.804097236E0
5.958463954E1,3.392439405E-1,2.338051434E-2,9.804104837E0
5.959460254E1,3.390331118E-1,2.327748457E-2,9.804111854E0
5.960456554E1,3.393707885E-1,2.325211314E-2,9.804100744E0
5.961452854E1,3.391885746E-1,2.314783170E-2,9.804107176E0
5.962449154E1,3.390984544E-1,2.295819005E-2,9.804110684E0
5.963445454E1,3.392590701E-1,2.284895447E-2,9.804105422E0
5.964441654E1,3.394352175E-1,2.272732325E-2,9.804099575E0
5.965437954E1,3.396732357E-1,2.283505135E-2,9.804090804E0
5.966434254E1,3.395568396E-1,2.276209819E-2,9.804095482E0
5.967430554E1,3.395650257E-1,2.262976839E-2,9.804095482E0
5.968426854E1,3.394584236E-1,2.263416066E-2,9.804098990E0
5.969423154E1,3.399204633E-1,2.287816999E-2,9.804082618E0
5.970419454E1,3.392401032E-1,2.281338924E-2,9.804106007E0
5.971415754E1,3.396253982E-1,2.316422218E-2,9.804091973E0
5.972412054E1,3.397980738E-1,2.333260372E-2,9.804085541E0
5.973408254E1,3.397542197E-1,2.330624328E-2,9.804087296E0
5.974404554E1,3.404015795E-1,2.324439527E-2,9.804065076E0
5.975400854E1,3.396123516E-1,2.272638906E-2,9.804093143E0
5.976397154E1,3.408986659E-1,2.312186184E-2,9.804047534E0
5.977393454E1,3.401837342E-1,2.293185474E-2,9.804073262E0
5.978389754E1,3.392728476E-1,2.288522548E-2,9.804104837E0
5.979386054E1,3.400915674E-1,2.322640823E-2,9.804075601E0
5.980382354E1,3.394924106E-1,2.276193602E-2,9.804097236E0
5.981378654E1,3.392440135E-1,2.284976532E-2,9.804106007E0
5.982374854E1,3.398541339E-1,2.312703297E-2,9.804083787E0
5.983371154E1,3.388322599E-1,2.282392336E-2,9.804120040E0
5.984367454E1,3.394005362E-1,2.303577073E-2,9.804100159E0
5.985363754E1,3.399324866E-1,2.329597639E-2,9.804080864E0
5.986360054E1,3.393327085E-1,2.320098426E-2,9.804101914E0
5.987356354E1,3.395413445E-1,2.329381795E-2,9.804094312E0
5.988352654E1,3.399932611E-1,2.332262919E-2,9.804078525E0
5.989348954E1,3.404248587E-1,2.334417024E-2,9.804063907E0
5.990345254E1,3.405381485E-1,2.343046692E-2,9.804059814E0
5.991341454E1,3.403982905E-1,2.341922473E-2,9.804064491E0
5.992337754E1,3.402817116E-1,2.348875863E-2,9.804068584E0
5.993334054E1,3.403135789E-1,2.360058207E-2,9.804066830E0
5.994330354E1,3.401896545E-1,2.369376521E-2,9.804070923E0
5.995326654E1,3.397609074E-1,2.348758234E-2,9.804086711E0
5.996322954E1,3.397273225E-1,2.347714643E-2,9.804087880E0
5.997319208E1,3.398671075E-1,2.339309042E-2,9.804083202E0
5.998315508E1,3.397788876E-1,2.337116336E-2,9.804086126E0
5.999311808E1,3.396892790E-1,2.333803523E-2,9.804089050E0
6.000308008E1,3.397623327E-1,2.332968011E-2,9.804086711E0
6.001304308E1,3.399806165E-1,2.329029591E-2,9.804079109E0
6.002300608E1,3.400683248E-1,2.325373026E-2,9.804076186E0
6.003296908E1,3.399564237E-1,2.310305482E-2,9.804080864E0
6.004293208E1,3.400409890E-1,2.303057219E-2,9.804077940E0
6.005289508E1,3.402805056E-1,2.305666539E-2,9.804069169E0
6.006285808E1,3.402427545E-1,2.299293530E-2,9.804070923E0
6.007282108E1,3.402292328E-1,2.310357330E-2,9.804070923E0
6.008278408E1,3.399474701E-1,2.300906540E-2,9.804080864E0
6.009274608E1,3.399077091E-1,2.299040456E-2,9.804082618E0
6.010270908E1,3.399557659E-1,2.302399864E-2,9.804080864E0
6.011267208E1,3.398883767E-1,2.308558626E-2,9.804083202E0
6.012263508E1,3.397680337E-1,2.302440749E-2,9.804087296E0
6.013259808E1,3.398279311E-1,2.294903779E-2,9.804085541E0
6.014256108E1,3.399095729E-1,2.294684965E-2,9.804082618E0
6.015252408E1,3.399405631E-1,2.288582391E-2,9.804081448E0
6.016248708E1,3.399842710E-1,2.290376755E-2,9.804080279E0
6.017244908E1,3.401012154E-1,2.297153815E-2,9.804075601E0
6.018241208E1,3.401293185E-1,2.293186845E-2,9.804075016E0
6.019237508E1,3.401087802E-1,2.301880923E-2,9.804075601E0
6.020233808E1,3.400241417E-1,2.302010430E-2,9.804078525E0
6.021230108E1,3.399291610E-1,2.304993652E-2,9.804081448E0
6.022226408E1,3.398204759E-1,2.315339569E-2,9.804084957E0
6.023222708E1,3.397946020E-1,2.310901852E-2,9.804086126E0
6.024219008E1,3.398139343E-1,2.306761064E-2,9.804085541E0
6.025215208E1,3.398005588E-1,2.296493491E-2,9.804086126E0
6.026211508E1,3.399238620E-1,2.289131481E-2,9.804082033E0
6.027207808E1,3.400657666E-1,2.291012868E-2,9.804077355E0
6.028204108E1,3.401813222E-1,2.294174933E-2,9.804073262E0
6.029200408E1,3.401888140E-1,2.289308953E-2,9.804073262E0
6.030196708E1,3.400956240E-1,2.285493873E-2,9.804076186E0
6.031193008E1,3.399743308E-1,2.289779471E-2,9.804080279E0
6.032189308E1,3.399411844E-1,2.303875144E-2,9.804081448E0
6.033185608E1,3.398333032E-1,2.312121773E-2,9.804084957E0
6.034181808E1,3.396844185E-1,2.325127032E-2,9.804089634E0
6.035178108E1,3.395319524E-1,2.328631021E-2,9.804094897E0
6.036174408E1,3.395088193E-1,2.331911172E-2,9.804095482E0
6.037170708E1,3.394830185E-1,2.337153338E-2,9.804096066E0
6.038167008E1,3.395398827E-1,2.336604476E-2,9.804094312E0
6.039163308E1,3.397376647E-1,2.325494767E-2,9.804087880E0
6.040159608E1,3.398921774E-1,2.324875327E-2,9.804082618E0
6.041155908E1,3.400011183E-1,2.332981715E-2,9.804078525E0
6.042152108E1,3.399285398E-1,2.340038117E-2,9.804080864E0
6.043148408E1,3.398020206E-1,2.349015877E-2,9.804084957E0
6.044144708E1,3.396981229E-1,2.352641151E-2,9.804088465E0
6.045141008E1,3.395296135E-1,2.349119802E-2,9.804094312E0
6.046137308E1,3.394093801E-1,2.349478172E-2,9.804098405E0
6.047133608E1,3.392792430E-1,2.348533938E-2,9.804103083E0
6.048129908E1,3.391277270E-1,2.338139371E-2,9.804108346E0
6.049126208E1,3.390298593E-1,2.326465267E-2,9.804112439E0
6.050122408E1,3.392396647E-1,2.329743134E-2,9.804104837E0
6.051118708E1,3.391025840E-1,2.320021225E-2,9.804110100E0
6.052115008E1,3.391850663E-1,2.313464577E-2,9.804107176E0
6.053111308E1,3.393746257E-1,2.309100407E-2,9.804100744E0
6.054107608E1,3.394148619E-1,2.294125825E-2,9.804099575E0
6.055103908E1,3.395011083E-1,2.291920100E-2,9.804096651E0
6.056100208E1,3.395033010E-1,2.285432888E-2,9.804096651E0
6.057096508E1,3.394230480E-1,2.281552256E-2,9.804099575E0
6.058092708E1,3.393111834E-1,2.285192833E-2,9.804103668E0
6.059089008E1,3.391901095E-1,2.293308814E-2,9.804107761E0
6.060085308E1,3.390487896E-1,2.306478753E-2,9.804111854E0
6.061081608E1,3.390651253E-1,2.306410688E-2,9.804111269E0
6.062077908E1,3.390010983E-1,2.316188101E-2,9.804113608E0
6.063074208E1,3.391471690E-1,2.322837024E-2,9.804108346E0
6.064070508E1,3.392203689E-1,2.322190861E-2,9.804106007E0
6.065066808E1,3.393007681E-1,2.309421776E-2,9.804103083E0
6.066063008E1,3.394495066E-1,2.297894538E-2,9.804098405E0
6.067059308E1,3.395882318E-1,2.295107289E-2,9.804093727E0
6.068055608E1,3.394609818E-1,2.302361263E-2,9.804097821E0
6.069051908E1,3.393236453E-1,2.311982445E-2,9.804102498E0
6.070048208E1,3.391545146E-1,2.327845530E-2,9.804107761E0
6.071044508E1,3.391201257E-1,2.332398136E-2,9.804108930E0
6.072040808E1,3.391773553E-1,2.341788399E-2,9.804106591E0
6.073037108E1,3.393097582E-1,2.343840863E-2,9.804101914E0
6.074033308E1,3.393058113E-1,2.347128551E-2,9.804102498E0
6.075029608E1,3.393921308E-1,2.348296395E-2,9.804098990E0
6.076025908E1,3.393995129E-1,2.345184352E-2,9.804098990E0
6.077022208E1,3.393407484E-1,2.328328611E-2,9.804101329E0
6.078018508E1,3.392349138E-1,2.325225247E-2,9.804105422E0
6.079014808E1,3.392218672E-1,2.313854468E-2,9.804106007E0
6.080011108E1,3.392228174E-1,2.305606696E-2,9.804106007E0
6.081007308E1,3.391995016E-1,2.301975712E-2,9.804107176E0
6.082003608E1,3.392581930E-1,2.297077984E-2,9.804104837E0
6.082999908E1,3.393616522E-1,2.289199318E-2,9.804101914E0
6.083996208E1,3.392642595E-1,2.290174158E-2,9.804104837E0
6.084992508E1,3.392724091E-1,2.300921158E-2,9.804104252E0
6.085988808E1,3.393442933E-1,2.307806026E-2,9.804101914E0
6.086985108E1,3.394750151E-1,2.304883103E-2,9.804097236E0
6.087981408E1,3.396071256E-1,2.306404750E-2,9.804092558E0
6.088977608E1,3.396866112E-1,2.302539877E-2,9.804090219E0
6.089973908E1,3.397343757E-1,2.294280685E-2,9.804088465E0
6.090970208E1,3.397047010E-1,2.289056335E-2,9.804089634E0
6.091966508E1,3.396543054E-1,2.281848500E-2,9.804091973E0
6.092962808E1,3.396175775E-1,2.270626414E-2,9.804093143E0
6.093959108E1,3.395108293E-1,2.265926029E-2,9.804097236E0
6.094955408E1,3.393001103E-1,2.267813583E-2,9.804104252E0
6.095951708E1,3.391997940E-1,2.277480447E-2,9.804107761E0
6.096947967E1,3.392012923E-1,2.279186189E-2,9.804107176E0
6.097944267E1,3.392500800E-1,2.276884076E-2,9.804106007E0
6.098940567E1,3.393224759E-1,2.279031101E-2,9.804103083E0
6.099936867E1,3.393552568E-1,2.273473734E-2,9.804102498E0
6.100933167E1,3.393797055E-1,2.271715458E-2,9.804101329E0
6.101929467E1,3.393827753E-1,2.265291971E-2,9.804101329E0
6.102925767E1,3.394158486E-1,2.265308873E-2,9.804100159E0
6.103921967E1,3.394448289E-1,2.268700030E-2,9.804098990E0
6.104918267E1,3.394276161E-1,2.268421145E-2,9.804100159E0
6.105914567E1,3.393501405E-1,2.271317573E-2,9.804102498E0
6.106910867E1,3.392617379E-1,2.290764133E-2,9.804104837E0
6.107907167E1,3.391603984E-1,2.292759952E-2,9.804108346E0
6.108903467E1,3.391840796E-1,2.292466221E-2,9.804107761E0
6.109899767E1,3.392726649E-1,2.290840649E-2,9.804104837E0
6.110896067E1,3.392689738E-1,2.282591050E-2,9.804104837E0
6.111892267E1,3.391868570E-1,2.285592088E-2,9.804107761E0
6.112888567E1,3.392681333E-1,2.293364545E-2,9.804104837E0
6.113884867E1,3.393122067E-1,2.286083620E-2,9.804103668E0
6.114881167E1,3.392989043E-1,2.282279275E-2,9.804104252E0
6.115877467E1,3.393319410E-1,2.285587977E-2,9.804102498E0
6.116873767E1,3.393037648E-1,2.291454835E-2,9.804103668E0
6.117870067E1,3.393173961E-1,2.300190256E-2,9.804103083E0
6.118866267E1,3.393870511E-1,2.308521624E-2,9.804100159E0
6.119862567E1,3.392769041E-1,2.311652397E-2,9.804104252E0
6.120858867E1,3.392497877E-1,2.319629964E-2,9.804104837E0
6.121855167E1,3.391307603E-1,2.314249612E-2,9.804108930E0
6.122851467E1,3.390234639E-1,2.299763135E-2,9.804113023E0
6.123847767E1,3.388762968E-1,2.293705100E-2,9.804118286E0
6.124844067E1,3.388024757E-1,2.298974218E-2,9.804120625E0
6.125840267E1,3.388485225E-1,2.304437253E-2,9.804118870E0
6.126836567E1,3.389998557E-1,2.303753631E-2,9.804113608E0
6.127832867E1,3.390679758E-1,2.303887478E-2,9.804111269E0
6.128829167E1,3.392489106E-1,2.316185588E-2,9.804104837E0
6.129825467E1,3.393222200E-1,2.318466916E-2,9.804102498E0
6.130821767E1,3.393216353E-1,2.325085462E-2,9.804102498E0
6.131818067E1,3.392258872E-1,2.324623623E-2,9.804105422E0
6.132814267E1,3.390422481E-1,2.313627203E-2,9.804112439E0
6.133810567E1,3.389365962E-1,2.308585122E-2,9.804115947E0
6.134806867E1,3.388682934E-1,2.317893615E-2,9.804118286E0
6.135803167E1,3.386098465E-1,2.306811085E-2,9.804127057E0
6.136799467E1,3.385921586E-1,2.301142484E-2,9.804128226E0
6.137795767E1,3.386858603E-1,2.297886773E-2,9.804124718E0
6.138792067E1,3.387997348E-1,2.290286077E-2,9.804121209E0
6.139788267E1,3.389320646E-1,2.295845729E-2,9.804116532E0
6.140784567E1,3.389682442E-1,2.294678798E-2,9.804115362E0
6.141780867E1,3.388469876E-1,2.297641464E-2,9.804119455E0
6.142777167E1,3.388746157E-1,2.304979034E-2,9.804118286E0
6.143773467E1,3.388206751E-1,2.315003583E-2,9.804120040E0
6.144769767E1,3.387013919E-1,2.318013985E-2,9.804123548E0
6.145766067E1,3.388607651E-1,2.325535423E-2,9.804118286E0
6.146762267E1,3.387949474E-1,2.325248773E-2,9.804120625E0
6.147758567E1,3.387231363E-1,2.315218057E-2,9.804122964E0
6.148754867E1,3.387700602E-1,2.304471286E-2,9.804121794E0
6.149751167E1,3.388423464E-1,2.285386293E-2,9.804119455E0
6.150747467E1,3.389064830E-1,2.271213419E-2,9.804117701E0
6.151743767E1,3.389568787E-1,2.254186145E-2,9.804116532E0
6.152740067E1,3.388963966E-1,2.246049150E-2,9.804118870E0
6.153736367E1,3.387963361E-1,2.240400648E-2,9.804122379E0
6.154732567E1,3.387472560E-1,2.237375171E-2,9.804124133E0
6.155728867E1,3.386440527E-1,2.244079826E-2,9.804127641E0
6.156725167E1,3.384491942E-1,2.249694067E-2,9.804134073E0
6.157721467E1,3.384222605E-1,2.257707265E-2,9.804134658E0
6.158717767E1,3.383604627E-1,2.262613444E-2,9.804136997E0
6.159714067E1,3.383260372E-1,2.274575568E-2,9.804137582E0
6.160710267E1,3.383481470E-1,2.274516182E-2,9.804136997E0
6.161706567E1,3.383165355E-1,2.262354202E-2,9.804138166E0
6.162702867E1,3.383533730E-1,2.265285576E-2,9.804136997E0
6.163699167E1,3.384821213E-1,2.257849105E-2,9.804132904E0
6.164695467E1,3.385382181E-1,2.254204646E-2,9.804131150E0
6.165691767E1,3.385678196E-1,2.258733954E-2,9.804129980E0
6.166688067E1,3.386809632E-1,2.254365444E-2,9.804125887E0
6.167684267E1,3.387150963E-1,2.251306391E-2,9.804124718E0
6.168680567E1,3.386034511E-1,2.259092324E-2,9.804128811E0
6.169676867E1,3.384505098E-1,2.262049736E-2,9.804134073E0
6.170673167E1,3.383638249E-1,2.257532533E-2,9.804136997E0
6.171669467E1,3.382779073E-1,2.267316570E-2,9.804139920E0
6.172665767E1,3.382902230E-1,2.269827903E-2,9.804139336E0
6.173662067E1,3.382921599E-1,2.264569064E-2,9.804139336E0
6.174658267E1,3.383971540E-1,2.257195177E-2,9.804135827E0
6.175654567E1,3.386357569E-1,2.246344023E-2,9.804127641E0
6.176650867E1,3.387040963E-1,2.243379759E-2,9.804125302E0
6.177647167E1,3.386604980E-1,2.242589700E-2,9.804127057E0
6.178643467E1,3.386969334E-1,2.249215783E-2,9.804125302E0
6.179639767E1,3.387400201E-1,2.254979858E-2,9.804124133E0
6.180636067E1,3.386422254E-1,2.264360985E-2,9.804127057E0
6.181632267E1,3.385045600E-1,2.260508218E-2,9.804131734E0
6.182628567E1,3.384632641E-1,2.249138125E-2,9.804133489E0
6.183624867E1,3.383902104E-1,2.241907220E-2,9.804136412E0
6.184621167E1,3.383941938E-1,2.233816592E-2,9.804136412E0
6.185617467E1,3.384045726E-1,2.214055059E-2,9.804136412E0
6.186613767E1,3.384029647E-1,2.199248584E-2,9.804136997E0
6.187610067E1,3.384551511E-1,2.199016523E-2,9.804135243E0
6.188606267E1,3.385191050E-1,2.203612754E-2,9.804132904E0
6.189602567E1,3.385483776E-1,2.210800261E-2,9.804131734E0
6.190598867E1,3.385164006E-1,2.216499698E-2,9.804132319E0
6.191595167E1,3.383821340E-1,2.212727102E-2,9.804136997E0
6.192591467E1,3.383018444E-1,2.210724202E-2,9.804139920E0
6.193587767E1,3.381481722E-1,2.207991542E-2,9.804145183E0
6.194583967E1,3.380728528E-1,2.196195927E-2,9.804148107E0
6.195580267E1,3.380325801E-1,2.193388121E-2,9.804149861E0
6.196576567E1,3.380063773E-1,2.187241236E-2,9.804151030E0
6.197572908E1,3.380102510E-1,2.179204969E-2,9.804151030E0
6.198569208E1,3.380085700E-1,2.171101321E-2,9.804151030E0
6.199565508E1,3.378527051E-1,2.162344659E-2,9.804156877E0
6.200561808E1,3.378177315E-1,2.164592868E-2,9.804158047E0
6.201558008E1,3.378296452E-1,2.168772257E-2,9.804157462E0
6.202554308E1,3.376784215E-1,2.164246375E-2,9.804162725E0
6.203550608E1,3.375995938E-1,2.166725960E-2,9.804165064E0
6.204546908E1,3.376113613E-1,2.171348229E-2,9.804165064E0
6.205543208E1,3.374818820E-1,2.162224517E-2,9.804169157E0
6.206539508E1,3.374382106E-1,2.161285765E-2,9.804170911E0
6.207535708E1,3.375407927E-1,2.152373101E-2,9.804167402E0
6.208532008E1,3.375650221E-1,2.145033018E-2,9.804166818E0
6.209528308E1,3.375612580E-1,2.133025669E-2,9.804167402E0
6.210524608E1,3.376713683E-1,2.128358175E-2,9.804163894E0
6.211520908E1,3.377083154E-1,2.127768885E-2,9.804162140E0
6.212517208E1,3.377105081E-1,2.136569173E-2,9.804162140E0
6.213513508E1,3.377001659E-1,2.145543736E-2,9.804162140E0
6.214509708E1,3.377201561E-1,2.157681048E-2,9.804161555E0
6.215506008E1,3.376998004E-1,2.156711461E-2,9.804162140E0
6.216502308E1,3.376676407E-1,2.164543760E-2,9.804162725E0
6.217498608E1,3.376109593E-1,2.177153875E-2,9.804164479E0
6.218494908E1,3.374716859E-1,2.177581224E-2,9.804169741E0
6.219491208E1,3.373699078E-1,2.180415296E-2,9.804172665E0
6.220487408E1,3.374760348E-1,2.187544331E-2,9.804169157E0
6.221483708E1,3.376472486E-1,2.196382535E-2,9.804162725E0
6.222480008E1,3.377016642E-1,2.183412680E-2,9.804161555E0
6.223476308E1,3.378601969E-1,2.191206607E-2,9.804155708E0
6.224472608E1,3.379012370E-1,2.193199228E-2,9.804154539E0
6.225468908E1,3.377445682E-1,2.196578965E-2,9.804159801E0
6.226465208E1,3.376565676E-1,2.203980718E-2,9.804162725E0
6.227461408E1,3.375129088E-1,2.212282850E-2,9.804167402E0
6.228457708E1,3.374104363E-1,2.218849776E-2,9.804170911E0
6.229454008E1,3.374197553E-1,2.239857954E-2,9.804169741E0
6.230450308E1,3.372459469E-1,2.248412476E-2,9.804175588E0
6.231446608E1,3.370997299E-1,2.260648460E-2,9.804180266E0
6.232442908E1,3.371685443E-1,2.271599884E-2,9.804177927E0
6.233439108E1,3.372586646E-1,2.261921371E-2,9.804175004E0
6.234435408E1,3.374874734E-1,2.251363036E-2,9.804167402E0
6.235431708E1,3.375571284E-1,2.240634765E-2,9.804165064E0
6.236428008E1,3.375742315E-1,2.225079573E-2,9.804165064E0
6.237424308E1,3.375290617E-1,2.217680790E-2,9.804166818E0
6.238420608E1,3.375009586E-1,2.206248798E-2,9.804167987E0
6.239416908E1,3.372596513E-1,2.208430083E-2,9.804176173E0
6.240413108E1,3.371070755E-1,2.200738939E-2,9.804181436E0
6.241409408E1,3.369580080E-1,2.195819512E-2,9.804186698E0
6.242405708E1,3.368170170E-1,2.194674508E-2,9.804191376E0
6.243402008E1,3.368133625E-1,2.194325960E-2,9.804191961E0
6.244398308E1,3.367028136E-1,2.181454319E-2,9.804196054E0
6.245394608E1,3.367751729E-1,2.173997292E-2,9.804193715E0
6.246390808E1,3.369611875E-1,2.167727067E-2,9.804187283E0
6.247387108E1,3.370760852E-1,2.161611245E-2,9.804183190E0
6.248383408E1,3.371907272E-1,2.165066355E-2,9.804179682E0
6.249379708E1,3.372926880E-1,2.168684092E-2,9.804175588E0
6.250376008E1,3.373996190E-1,2.174021275E-2,9.804172080E0
6.251372308E1,3.374625497E-1,2.172226454E-2,9.804169741E0
6.252368508E1,3.374166856E-1,2.164001066E-2,9.804171495E0
6.253364808E1,3.374279414E-1,2.161987888E-2,9.804171495E0
6.254361108E1,3.374781910E-1,2.150036955E-2,9.804169741E0
6.255357408E1,3.374223135E-1,2.144007014E-2,9.804172080E0
6.256353708E1,3.374506360E-1,2.147999109E-2,9.804170911E0
6.257350008E1,3.373548878E-1,2.150647715E-2,9.804173834E0
6.258346208E1,3.372114848E-1,2.155052313E-2,9.804179097E0
6.259342508E1,3.371366405E-1,2.153657204E-2,9.804181436E0
6.260338808E1,3.371200855E-1,2.152863034E-2,9.804182020E0
6.261335108E1,3.370637695E-1,2.159023167E-2,9.804183775E0
6.262331408E1,3.369316590E-1,2.171215296E-2,9.804188452E0
6.263327708E1,3.368844428E-1,2.184064553E-2,9.804189622E0
6.264324008E1,3.367519302E-1,2.188885537E-2,9.804193715E0
6.265320208E1,3.368292231E-1,2.191068192E-2,9.804191376E0
6.266316508E1,3.369792407E-1,2.195244155E-2,9.804186113E0
6.267312808E1,3.369952475E-1,2.183497190E-2,9.804185529E0
6.268309108E1,3.373047479E-1,2.175372530E-2,9.804175004E0
6.269305408E1,3.374990582E-1,2.163740225E-2,9.804168572E0
6.270301708E1,3.375027858E-1,2.156601140E-2,9.804168572E0
6.271297908E1,3.375880455E-1,2.156319971E-2,9.804165648E0
6.272294208E1,3.373222165E-1,2.136663049E-2,9.804175588E0
6.273290508E1,3.370858793E-1,2.124764421E-2,9.804183775E0
6.274286808E1,3.370554007E-1,2.129271802E-2,9.804184944E0
6.275283108E1,3.367223652E-1,2.133174134E-2,9.804196054E0
6.276279408E1,3.364408949E-1,2.139092612E-2,9.804205994E0
6.277275608E1,3.364410776E-1,2.157308288E-2,9.804205409E0
6.278271908E1,3.363973697E-1,2.160139619E-2,9.804206579E0
6.279268208E1,3.365044103E-1,2.157832253E-2,9.804203070E0
6.280264508E1,3.366865876E-1,2.156249851E-2,9.804196638E0
6.281260808E1,3.368601403E-1,2.150149332E-2,9.804191376E0
6.282257108E1,3.369584100E-1,2.137753463E-2,9.804187868E0
6.283253308E1,3.371869996E-1,2.132832665E-2,9.804180266E0
6.284249608E1,3.371779730E-1,2.122652115E-2,9.804180851E0
6.285245908E1,3.370302211E-1,2.116901058E-2,9.804186113E0
6.286242208E1,3.371849896E-1,2.121877130E-2,9.804180266E0
6.287238508E1,3.371663151E-1,2.122888288E-2,9.804181436E0
6.288234808E1,3.371531589E-1,2.127216141E-2,9.804181436E0
6.289231008E1,3.371458498E-1,2.129277969E-2,9.804181436E0
6.290227308E1,3.372653889E-1,2.129069662E-2,9.804177343E0
6.291223608E1,3.374276491E-1,2.123631980E-2,9.804172080E0
6.292219908E1,3.375424007E-1,2.110194805E-2,9.804168572E0
6.293216208E1,3.374544366E-1,2.107702201E-2,9.804171495E0
6.294212508E1,3.373915791E-1,2.119310979E-2,9.804173250E0
6.295208708E1,3.374155527E-1,2.137575534E-2,9.804172080E0
6.296205008E1,3.374087553E-1,2.147834428E-2,9.804172080E0
6.297201279E1,3.373410372E-1,2.139049443E-2,9.804175004E0
6.298197579E1,3.374870714E-1,2.139196081E-2,9.804169741E0
6.299193879E1,3.376393183E-1,2.139068630E-2,9.804164479E0
6.300190179E1,3.377653623E-1,2.128057592E-2,9.804160386E0
6.301186379E1,3.378442267E-1,2.132115468E-2,9.804157462E0
6.302182679E1,3.378300106E-1,2.131905105E-2,9.804158047E0
6.303178979E1,3.378557384E-1,2.134159481E-2,9.804157462E0
6.304175279E1,3.380919659E-1,2.135449066E-2,9.804149276E0
6.305171579E1,3.380407296E-1,2.132128944E-2,9.804151030E0
6.306167879E1,3.379804668E-1,2.136714668E-2,9.804152784E0
6.307164079E1,3.380652149E-1,2.143459752E-2,9.804149861E0
6.308160379E1,3.381120291E-1,2.134747629E-2,9.804148107E0
6.309156679E1,3.381545311E-1,2.137471152E-2,9.804146937E0
6.310152979E1,3.382738508E-1,2.140539570E-2,9.804142844E0
6.311149279E1,3.382775419E-1,2.145398926E-2,9.804142259E0
6.312145579E1,3.383296917E-1,2.149577401E-2,9.804140505E0
6.313141779E1,3.382754954E-1,2.149360414E-2,9.804142259E0
6.314138079E1,3.382416181E-1,2.160070641E-2,9.804143429E0
6.315134379E1,3.382762993E-1,2.178040094E-2,9.804141675E0
6.316130679E1,3.383375489E-1,2.194047532E-2,9.804139336E0
6.317126979E1,3.384201409E-1,2.190399417E-2,9.804136412E0
6.318123279E1,3.385068258E-1,2.192272353E-2,9.804133489E0
6.319119479E1,3.385920855E-1,2.192096023E-2,9.804130565E0
6.320115779E1,3.386475610E-1,2.187403176E-2,9.804128811E0
6.321112079E1,3.385908065E-1,2.180767728E-2,9.804130565E0
6.322108379E1,3.386373649E-1,2.175706689E-2,9.804129395E0
6.323104679E1,3.388107349E-1,2.169552266E-2,9.804123548E0
6.324100879E1,3.388201270E-1,2.163511818E-2,9.804123548E0
6.325097179E1,3.388154126E-1,2.166478595E-2,9.804123548E0
6.326093479E1,3.387493026E-1,2.171677820E-2,9.804125302E0
6.327089779E1,3.386636774E-1,2.175133616E-2,9.804128226E0
6.328086079E1,3.386733984E-1,2.171230143E-2,9.804128226E0
6.329082379E1,3.388082863E-1,2.162140920E-2,9.804123548E0
6.330078579E1,3.387847878E-1,2.160297220E-2,9.804124718E0
6.331074879E1,3.388713266E-1,2.155063505E-2,9.804121794E0
6.332071179E1,3.389038518E-1,2.158225798E-2,9.804120625E0
6.333067479E1,3.390220386E-1,2.162992193E-2,9.804116532E0
6.334063779E1,3.390599724E-1,2.168595013E-2,9.804114777E0
6.335060079E1,3.390886969E-1,2.172248838E-2,9.804113608E0
6.336056279E1,3.391812291E-1,2.170620753E-2,9.804110684E0
6.337052579E1,3.391616043E-1,2.161383523E-2,9.804111269E0
6.338048879E1,3.391618602E-1,2.162879816E-2,9.804111269E0
6.339045179E1,3.392806317E-1,2.160225957E-2,9.804107176E0
6.340041479E1,3.392038505E-1,2.147907062E-2,9.804110100E0
6.341037779E1,3.394287490E-1,2.150830898E-2,9.804102498E0
6.342033979E1,3.395111217E-1,2.148025376E-2,9.804099575E0
6.343030279E1,3.393272633E-1,2.148116282E-2,9.804106007E0
6.344026579E1,3.395360089E-1,2.150950811E-2,9.804098990E0
6.345022879E1,3.394271776E-1,2.145256400E-2,9.804102498E0
6.346019179E1,3.393371304E-1,2.135263371E-2,9.804106007E0
6.347015479E1,3.394214034E-1,2.138901664E-2,9.804103083E0
6.348011679E1,3.392526382E-1,2.134180951E-2,9.804108930E0
6.349007979E1,3.391918637E-1,2.135391279E-2,9.804111269E0
6.350004279E1,3.391557206E-1,2.134436995E-2,9.804112439E0
6.351000579E1,3.390844211E-1,2.132493253E-2,9.804114777E0
6.351996879E1,3.391926677E-1,2.137598603E-2,9.804110684E0
6.352993079E1,3.392811434E-1,2.134388345E-2,9.804107761E0
6.353989379E1,3.394030578E-1,2.130771522E-2,9.804103668E0
6.354985679E1,3.396073814E-1,2.120037085E-2,9.804097236E0
6.355981979E1,3.397681068E-1,2.112677130E-2,9.804091389E0
6.356978279E1,3.398650244E-1,2.102764501E-2,9.804088465E0
6.357974579E1,3.398683500E-1,2.110845079E-2,9.804087880E0
6.358970779E1,3.395847235E-1,2.113328090E-2,9.804097821E0
6.359967079E1,3.392333789E-1,2.117481440E-2,9.804110100E0
6.360963379E1,3.389855666E-1,2.122076530E-2,9.804118286E0
6.361959679E1,3.389026823E-1,2.116822487E-2,9.804121209E0
6.362955979E1,3.387690369E-1,2.125459007E-2,9.804125887E0
6.363952179E1,3.388180073E-1,2.131474787E-2,9.804124133E0
6.364948479E1,3.389316626E-1,2.120753369E-2,9.804120625E0
6.365944779E1,3.390631519E-1,2.108421911E-2,9.804115947E0
6.366941079E1,3.392763560E-1,2.103565981E-2,9.804108930E0
6.367937379E1,3.393331470E-1,2.101397714E-2,9.804106591E0
6.368933679E1,3.393484960E-1,2.107522901E-2,9.804106007E0
6.369929879E1,3.392340733E-1,2.117372033E-2,9.804110100E0
6.370926179E1,3.392413092E-1,2.116192540E-2,9.804109515E0
6.371922479E1,3.392953959E-1,2.116848296E-2,9.804107761E0
6.372918779E1,3.392285550E-1,2.124103869E-2,9.804110100E0
6.373915079E1,3.391364248E-1,2.128074722E-2,9.804113023E0
6.374911379E1,3.389968956E-1,2.138739038E-2,9.804117701E0
6.375907579E1,3.389139017E-1,2.129862234E-2,9.804120625E0
6.376903879E1,3.389273137E-1,2.120596910E-2,9.804120625E0
6.377900179E1,3.390060684E-1,2.119288595E-2,9.804117701E0
6.378896479E1,3.389888191E-1,2.119298417E-2,9.804118286E0
6.379892779E1,3.390717765E-1,2.121278248E-2,9.804115362E0
6.380888979E1,3.392513226E-1,2.136438525E-2,9.804108930E0
6.381885279E1,3.392839939E-1,2.139035282E-2,9.804107761E0
6.382881579E1,3.392569140E-1,2.127304763E-2,9.804108930E0
6.383877879E1,3.391416507E-1,2.121652606E-2,9.804113023E0
6.384874179E1,3.390643213E-1,2.123673094E-2,9.804115947E0
6.385870479E1,3.389032305E-1,2.123486028E-2,9.804121209E0
6.386866679E1,3.387416281E-1,2.127921690E-2,9.804126472E0
6.387862979E1,3.386808901E-1,2.130594963E-2,9.804128811E0
6.388859279E1,3.387180565E-1,2.125224205E-2,9.804127641E0
6.389855579E1,3.388435158E-1,2.120862319E-2,9.804123548E0
6.390851879E1,3.389935700E-1,2.114164973E-2,9.804118286E0
6.391848079E1,3.389492408E-1,2.122022854E-2,9.804119455E0
6.392844379E1,3.389313337E-1,2.125314654E-2,9.804120040E0
6.393840679E1,3.389636761E-1,2.126392277E-2,9.804118870E0
6.394836979E1,3.389072505E-1,2.129865204E-2,9.804121209E0
6.395833279E1,3.389591810E-1,2.139246102E-2,9.804118870E0
6.396829579E1,3.390091382E-1,2.147109236E-2,9.804117116E0
6.397825717E1,3.389980650E-1,2.150235213E-2,9.804117116E0
6.398822017E1,3.390763812E-1,2.146710666E-2,9.804114777E0
6.399818317E1,3.391818869E-1,2.139453038E-2,9.804111269E0
6.400814617E1,3.391578037E-1,2.128675204E-2,9.804112439E0
6.401810917E1,3.391048133E-1,2.134920304E-2,9.804114193E0
6.402807117E1,3.389900617E-1,2.138340240E-2,9.804117701E0
6.403803417E1,3.386692322E-1,2.144791135E-2,9.804128811E0
6.404799717E1,3.383868848E-1,2.154846747E-2,9.804138166E0
6.405796017E1,3.383642269E-1,2.162375037E-2,9.804138751E0
6.406792317E1,3.384293868E-1,2.157565931E-2,9.804136997E0
6.407788617E1,3.386101023E-1,2.146368284E-2,9.804131150E0
6.408784817E1,3.389419318E-1,2.135476246E-2,9.804119455E0
6.409781117E1,3.389881613E-1,2.124068237E-2,9.804118286E0
6.410777417E1,3.390579990E-1,2.123515036E-2,9.804115947E0
6.411773717E1,3.390653080E-1,2.127589358E-2,9.804115362E0
6.412770017E1,3.389453305E-1,2.133381527E-2,9.804119455E0
6.413766217E1,3.387976152E-1,2.139736263E-2,9.804124718E0
6.414762517E1,3.387453922E-1,2.146794948E-2,9.804126472E0
6.415758817E1,3.386925480E-1,2.139420605E-2,9.804128226E0
6.416755117E1,3.386585245E-1,2.144038078E-2,9.804129395E0
6.417751417E1,3.386964218E-1,2.149198017E-2,9.804127641E0
6.418747617E1,3.387021594E-1,2.145987987E-2,9.804127641E0
6.419743917E1,3.388195422E-1,2.155723601E-2,9.804123548E0
6.420740217E1,3.388398248E-1,2.151957857E-2,9.804122964E0
6.421736517E1,3.388196519E-1,2.139768697E-2,9.804123548E0
6.422732817E1,3.387645053E-1,2.132608827E-2,9.804125887E0
6.423729117E1,3.386751891E-1,2.136992868E-2,9.804128811E0
6.424725317E1,3.386839234E-1,2.138773985E-2,9.804128226E0
6.425721617E1,3.387031095E-1,2.153843127E-2,9.804127641E0
6.426717917E1,3.386958736E-1,2.156471177E-2,9.804127641E0
6.427714217E1,3.387251462E-1,2.154347221E-2,9.804126472E0
6.428710517E1,3.388420175E-1,2.153416235E-2,9.804122964E0
6.429706717E1,3.387698044E-1,2.158400530E-2,9.804125302E0
6.430703017E1,3.386927307E-1,2.173951154E-2,9.804127641E0
6.431699317E1,3.388145721E-1,2.182864275E-2,9.804122964E0
6.432695617E1,3.388610209E-1,2.188323884E-2,9.804121209E0
6.433691917E1,3.387398008E-1,2.185033683E-2,9.804125302E0
6.434688117E1,3.388645658E-1,2.189474826E-2,9.804121209E0
6.435684417E1,3.390105269E-1,2.178570226E-2,9.804116532E0
6.436680717E1,3.389128053E-1,2.169673093E-2,9.804120040E0
6.437677017E1,3.388748350E-1,2.177403295E-2,9.804121209E0
6.438673317E1,3.388610575E-1,2.173676152E-2,9.804121794E0
6.439669617E1,3.388730808E-1,2.174835317E-2,9.804121209E0
6.440665817E1,3.389335264E-1,2.174435605E-2,9.804118870E0
6.441662117E1,3.389561843E-1,2.163966120E-2,9.804118286E0
6.442658417E1,3.389139748E-1,2.146933363E-2,9.804120625E0
6.443654717E1,3.389073966E-1,2.130404929E-2,9.804121209E0
6.444651017E1,3.389607525E-1,2.144035108E-2,9.804118870E0
6.445647217E1,3.389419683E-1,2.169031042E-2,9.804118870E0
6.446643517E1,3.386975912E-1,2.169568711E-2,9.804127641E0
6.447639817E1,3.387307376E-1,2.154971457E-2,9.804126472E0
6.448636117E1,3.390148392E-1,2.146223931E-2,9.804117116E0
6.449632417E1,3.391981129E-1,2.142860640E-2,9.804110684E0
6.450628617E1,3.391493617E-1,2.148502290E-2,9.804112439E0
6.451624917E1,3.388839712E-1,2.172360528E-2,9.804120625E0
6.452621217E1,3.387297875E-1,2.189794139E-2,9.804125887E0
6.453617517E1,3.387235017E-1,2.196665988E-2,9.804125887E0
6.454613817E1,3.389424434E-1,2.185056295E-2,9.804118286E0
6.455610017E1,3.390296765E-1,2.171066147E-2,9.804115947E0
6.456606317E1,3.391207104E-1,2.177977282E-2,9.804112439E0
6.457602617E1,3.391724948E-1,2.198154515E-2,9.804110100E0
6.458598917E1,3.389202971E-1,2.203284077E-2,9.804118870E0
6.459595217E1,3.388965793E-1,2.205159525E-2,9.804119455E0
6.460591417E1,3.390961886E-1,2.213721585E-2,9.804112439E0
6.461587717E1,3.391531259E-1,2.199975832E-2,9.804110684E0
6.462584017E1,3.390230619E-1,2.192291768E-2,9.804115362E0
6.463580317E1,3.390548927E-1,2.187568086E-2,9.804114777E0
6.464576617E1,3.391277270E-1,2.187756293E-2,9.804111854E0
6.465572817E1,3.391020358E-1,2.178817134E-2,9.804113023E0
6.466569117E1,3.390800357E-1,2.178021136E-2,9.804114193E0
6.467565417E1,3.389633837E-1,2.179331277E-2,9.804117701E0
6.468561717E1,3.389790250E-1,2.187109673E-2,9.804117116E0
6.469558017E1,3.390320520E-1,2.185212526E-2,9.804115362E0
6.470554317E1,3.388781971E-1,2.178545558E-2,9.804121209E0
6.471550517E1,3.390376799E-1,2.194403161E-2,9.804114777E0
6.472546817E1,3.390165569E-1,2.183922712E-2,9.804115947E0
6.473543117E1,3.390184572E-1,2.179306838E-2,9.804115947E0
6.474539417E1,3.392308939E-1,2.191184680E-2,9.804108346E0
6.475535717E1,3.390724343E-1,2.185117509E-2,9.804114193E0
6.476531917E1,3.390503245E-1,2.189048162E-2,9.804114777E0
6.477528217E1,3.391064578E-1,2.199494578E-2,9.804112439E0
6.478524517E1,3.390788662E-1,2.202853073E-2,9.804113608E0
6.479520817E1,3.392134618E-1,2.216391890E-2,9.804108346E0
6.480517117E1,3.391727141E-1,2.207993141E-2,9.804110100E0
6.481513317E1,3.390690356E-1,2.198172331E-2,9.804113608E0
6.482509617E1,3.392401398E-1,2.195025113E-2,9.804107761E0
6.483505917E1,3.391595944E-1,2.178847055E-2,9.804111269E0
6.484502217E1,3.390211250E-1,2.174373478E-2,9.804115947E0
6.485498517E1,3.388786722E-1,2.173339937E-2,9.804121209E0
6.486494717E1,3.388615691E-1,2.173608315E-2,9.804121794E0
6.487491017E1,3.389491311E-1,2.176452894E-2,9.804118286E0
6.488487317E1,3.391938371E-1,2.191203181E-2,9.804109515E0
6.489483617E1,3.392129868E-1,2.190513621E-2,9.804108930E0
6.490479917E1,3.391055442E-1,2.192240605E-2,9.804113023E0
6.491476117E1,3.392877946E-1,2.192890879E-2,9.804106591E0
6.492472417E1,3.393090273E-1,2.190428196E-2,9.804106007E0
6.493468717E1,3.392906085E-1,2.185983399E-2,9.804106591E0
6.494465017E1,3.392613725E-1,2.189607531E-2,9.804107176E0
6.495461317E1,3.391620794E-1,2.201120378E-2,9.804110684E0
6.496457517E1,3.390670256E-1,2.204284042E-2,9.804113608E0
6.497453904E1,3.391557206E-1,2.205724832E-2,9.804110684E0
6.498450204E1,3.392558542E-1,2.197823782E-2,9.804107176E0
6.499446504E1,3.391227935E-1,2.179112921E-2,9.804112439E0
6.500442804E1,3.394620050E-1,2.189778607E-2,9.804100744E0
6.501439004E1,3.393449146E-1,2.189107091E-2,9.804104252E0
6.502435304E1,3.389397391E-1,2.193691217E-2,9.804118286E0
6.503431604E1,3.389665997E-1,2.204731719E-2,9.804117116E0
6.504427904E1,3.389192007E-1,2.203963815E-2,9.804118870E0
6.505424204E1,3.388995394E-1,2.202373647E-2,9.804119455E0
6.506420404E1,3.389571345E-1,2.202369536E-2,9.804117701E0
6.507416704E1,3.388986258E-1,2.196149103E-2,9.804120040E0
6.508413004E1,3.389299450E-1,2.193706063E-2,9.804118870E0
6.509409304E1,3.391781958E-1,2.193896783E-2,9.804110100E0
6.510405604E1,3.390805473E-1,2.184081455E-2,9.804113608E0
6.511401804E1,3.391793653E-1,2.190121218E-2,9.804110100E0
6.512398104E1,3.392516880E-1,2.203238852E-2,9.804107176E0
6.513394404E1,3.392204785E-1,2.211932474E-2,9.804108346E0
6.514390704E1,3.392861135E-1,2.206549153E-2,9.804106007E0
6.515387004E1,3.392421132E-1,2.207648475E-2,9.804107761E0
6.516383204E1,3.391518468E-1,2.206919400E-2,9.804110684E0
6.517379504E1,3.391328799E-1,2.209665993E-2,9.804111269E0
6.518375804E1,3.390294938E-1,2.210960146E-2,9.804114777E0
6.519372104E1,3.390754310E-1,2.206947037E-2,9.804113608E0
6.520368404E1,3.389122937E-1,2.182452229E-2,9.804119455E0
6.521364604E1,3.393822636E-1,2.187547301E-2,9.804103083E0
6.522360904E1,3.394848457E-1,2.194248758E-2,9.804099575E0
6.523357204E1,3.393318680E-1,2.195013007E-2,9.804104837E0
6.524353504E1,3.388981873E-1,2.200556442E-2,9.804119455E0
6.525349804E1,3.391656609E-1,2.229841171E-2,9.804110100E0
6.526346004E1,3.389642608E-1,2.212699693E-2,9.804117116E0
6.527342304E1,3.386214678E-1,2.182340995E-2,9.804129980E0
6.528338604E1,3.390333676E-1,2.193029979E-2,9.804115362E0
6.529334904E1,3.389519086E-1,2.174262016E-2,9.804118286E0
6.530331204E1,3.387345018E-1,2.160727539E-2,9.804126472E0
6.531327404E1,3.390022677E-1,2.162434423E-2,9.804117116E0
6.532323704E1,3.387994059E-1,2.143841876E-2,9.804124133E0
6.533320004E1,3.387648342E-1,2.132956919E-2,9.804125887E0
6.534316304E1,3.389595830E-1,2.137306014E-2,9.804118870E0
6.535312604E1,3.386414580E-1,2.130042219E-2,9.804129980E0
6.536308804E1,3.384404965E-1,2.142079260E-2,9.804136997E0
6.537305104E1,3.384988590E-1,2.162847611E-2,9.804134658E0
6.538301404E1,3.382642760E-1,2.160371452E-2,9.804142259E0
6.539297704E1,3.383376220E-1,2.151412422E-2,9.804139920E0
6.540294004E1,3.386717904E-1,2.149881182E-2,9.804128811E0
6.541290204E1,3.386091521E-1,2.131209149E-2,9.804131150E0
6.542286504E1,3.386493517E-1,2.124122141E-2,9.804129980E0
6.543282804E1,3.386913055E-1,2.124748205E-2,9.804128811E0
6.544279104E1,3.384990052E-1,2.118025962E-2,9.804135243E0
6.545275404E1,3.384385596E-1,2.122103938E-2,9.804137582E0
6.546271604E1,3.382453822E-1,2.120378096E-2,9.804144014E0
6.547267904E1,3.382133687E-1,2.123033097E-2,9.804145183E0
6.548264204E1,3.385490720E-1,2.122712414E-2,9.804133489E0
6.549260504E1,3.384739718E-1,2.114838773E-2,9.804136412E0
6.550256704E1,3.384394732E-1,2.113737623E-2,9.804137582E0
6.551253004E1,3.386327602E-1,2.113220053E-2,9.804130565E0
6.552249304E1,3.385713645E-1,2.111368587E-2,9.804132904E0
6.553245604E1,3.385088724E-1,2.114326913E-2,9.804135243E0
6.554241904E1,3.385405570E-1,2.131075988E-2,9.804133489E0
6.555238104E1,3.384955334E-1,2.142370936E-2,9.804134658E0
6.556234404E1,3.384876031E-1,2.136991726E-2,9.804135243E0
6.557230704E1,3.386713884E-1,2.133844736E-2,9.804128811E0
6.558227004E1,3.387569039E-1,2.130248242E-2,9.804125887E0
6.559223304E1,3.387207974E-1,2.132437522E-2,9.804127641E0
6.560219504E1,3.387714123E-1,2.135889434E-2,9.804125302E0
6.561215804E1,3.388366088E-1,2.128674975E-2,9.804123548E0
6.562212104E1,3.387750668E-1,2.115064667E-2,9.804125887E0
6.563208404E1,3.388330274E-1,2.116696178E-2,9.804123548E0
6.564204704E1,3.388344526E-1,2.118188816E-2,9.804123548E0
6.565200904E1,3.386627638E-1,2.129247135E-2,9.804129395E0
6.566197204E1,3.386733984E-1,2.146689425E-2,9.804128811E0
6.567193504E1,3.386877606E-1,2.162196880E-2,9.804127641E0
6.568189804E1,3.388843732E-1,2.165623211E-2,9.804121209E0
6.569186104E1,3.390818264E-1,2.160993861E-2,9.804114193E0
6.570182304E1,3.390710090E-1,2.151575276E-2,9.804114777E0
6.571178604E1,3.388641638E-1,2.138732415E-2,9.804122379E0
6.572174904E1,3.387366579E-1,2.139743343E-2,9.804126472E0
6.573171204E1,3.388522866E-1,2.139392511E-2,9.804122964E0
6.574167504E1,3.388452700E-1,2.142367510E-2,9.804122964E0
6.575163704E1,3.391286041E-1,2.133481798E-2,9.804113023E0
6.576160004E1,3.383977753E-1,2.095245576E-2,9.804139336E0
6.577156304E1,3.391234513E-1,2.100400262E-2,9.804114193E0
6.578152604E1,3.390813513E-1,2.072619363E-2,9.804115947E0
6.579148804E1,3.392328307E-1,2.071123755E-2,9.804111269E0
6.580145104E1,3.395940059E-1,2.112363528E-2,9.804097821E0
6.581141404E1,3.386052783E-1,2.102264975E-2,9.804131734E0
6.582137704E1,3.385196166E-1,2.107722529E-2,9.804134658E0
6.583134004E1,3.390820457E-1,2.123741844E-2,9.804115362E0
6.584130204E1,3.392134984E-1,2.124769675E-2,9.804110684E0
6.585126504E1,3.390875640E-1,2.116352654E-2,9.804114777E0
6.586122804E1,3.392008903E-1,2.129074231E-2,9.804110684E0
6.587119104E1,3.394800949E-1,2.138534158E-2,9.804100744E0
6.588115404E1,3.395758796E-1,2.131722608E-2,9.804097821E0
6.589111604E1,3.394341577E-1,2.125815321E-2,9.804103083E0
6.590107904E1,3.393846756E-1,2.106337926E-2,9.804104837E0
6.591104204E1,3.393826291E-1,2.093257522E-2,9.804105422E0
6.592100504E1,3.396141057E-1,2.093446643E-2,9.804097236E0
6.593096704E1,3.394315630E-1,2.088079539E-2,9.804103668E0
6.594093004E1,3.388905128E-1,2.100694906E-2,9.804122379E0
6.595089304E1,3.387043155E-1,2.118099509E-2,9.804128226E0
6.596085604E1,3.387683060E-1,2.125853237E-2,9.804125887E0
6.597081904E1,3.387529205E-1,2.120307062E-2,9.804126472E0
6.598078021E1,3.388420175E-1,2.103186597E-2,9.804123548E0
6.599074321E1,3.390851155E-1,2.090432129E-2,9.804115947E0
6.600070621E1,3.394010113E-1,2.085051777E-2,9.804104837E0
6.601066921E1,3.392516515E-1,2.084843699E-2,9.804110100E0
6.602063221E1,3.392862597E-1,2.089286897E-2,9.804108930E0
6.603059421E1,3.391439165E-1,2.075611493E-2,9.804114193E0
6.604055721E1,3.392235483E-1,2.070408385E-2,9.804111269E0
6.605052021E1,3.392607877E-1,2.073711833E-2,9.804110100E0
6.606048321E1,3.389299815E-1,2.075912990E-2,9.804121209E0
6.607044621E1,3.387707911E-1,2.086887255E-2,9.804126472E0
6.608040821E1,3.388947155E-1,2.089801270E-2,9.804122379E0
6.609037121E1,3.391072983E-1,2.079647671E-2,9.804115362E0
6.610033421E1,3.392232925E-1,2.066110453E-2,9.804111269E0
6.611029721E1,3.394659154E-1,2.063746214E-2,9.804103083E0
6.612025921E1,3.394313803E-1,2.055801081E-2,9.804104252E0
6.613022221E1,3.394038983E-1,2.063229557E-2,9.804105422E0
6.614018521E1,3.394198320E-1,2.078815356E-2,9.804104252E0
6.615014821E1,3.393009508E-1,2.077080149E-2,9.804108346E0
6.616011121E1,3.394018153E-1,2.076456827E-2,9.804104837E0
6.617007321E1,3.396440362E-1,2.073715945E-2,9.804096651E0
6.618003621E1,3.396689965E-1,2.063957718E-2,9.804096066E0
6.618999921E1,3.396593486E-1,2.064516630E-2,9.804096066E0
6.619996221E1,3.395796803E-1,2.068334679E-2,9.804098990E0
6.620992521E1,3.394152639E-1,2.060956224E-2,9.804104837E0
6.621988721E1,3.393859912E-1,2.057062115E-2,9.804106007E0
6.622985021E1,3.392703260E-1,2.049840119E-2,9.804110100E0
6.623981321E1,3.391577671E-1,2.050835744E-2,9.804114193E0
6.624977621E1,3.391916444E-1,2.058561835E-2,9.804112439E0
6.625973821E1,3.393292367E-1,2.059368111E-2,9.804107761E0
6.626970121E1,3.393653433E-1,2.060232403E-2,9.804106591E0
6.627966421E1,3.393188214E-1,2.065492841E-2,9.804108346E0
6.628962721E1,3.393220008E-1,2.066156363E-2,9.804107761E0
6.629959021E1,3.392684622E-1,2.058774710E-2,9.804110100E0
6.630955221E1,3.392712762E-1,2.053021370E-2,9.804110100E0
6.631951521E1,3.391586807E-1,2.050969819E-2,9.804114193E0
6.632947821E1,3.390125734E-1,2.050761512E-2,9.804118870E0
6.633944121E1,3.390162645E-1,2.048444781E-2,9.804118870E0
6.634940421E1,3.391221722E-1,2.031020764E-2,9.804115362E0
6.635936621E1,3.391268865E-1,2.021118641E-2,9.804115947E0
6.636932921E1,3.392652828E-1,2.030318641E-2,9.804110684E0
6.637929221E1,3.388929248E-1,2.030457969E-2,9.804123548E0
6.638925521E1,3.389164233E-1,2.038454722E-2,9.804122379E0
6.639921721E1,3.393834331E-1,2.047743344E-2,9.804106007E0
6.640918021E1,3.390741519E-1,2.020053123E-2,9.804117701E0
6.641914321E1,3.391731891E-1,2.027577302E-2,9.804114193E0
6.642910621E1,3.393540508E-1,2.035481321E-2,9.804107761E0
6.643906921E1,3.391000259E-1,2.025933458E-2,9.804116532E0
6.644903121E1,3.392172260E-1,2.032470691E-2,9.804112439E0
6.645899421E1,3.391318201E-1,2.025210093E-2,9.804115362E0
6.646895721E1,3.388602535E-1,2.020623227E-2,9.804124718E0
6.647892021E1,3.391220625E-1,2.035032959E-2,9.804115362E0
6.648888221E1,3.389052405E-1,2.035242865E-2,9.804122964E0
6.649884521E1,3.385228691E-1,2.036902240E-2,9.804136412E0
6.650880821E1,3.386093348E-1,2.058964516E-2,9.804132904E0
6.651877121E1,3.385329190E-1,2.054980415E-2,9.804135243E0
6.652873421E1,3.383867752E-1,2.036129083E-2,9.804141090E0
6.653869621E1,3.391473518E-1,2.059398489E-2,9.804114193E0
6.654865921E1,3.391335377E-1,2.044099341E-2,9.804114777E0
6.655862221E1,3.386281921E-1,2.027129168E-2,9.804132904E0
6.656858521E1,3.393933368E-1,2.058801890E-2,9.804105422E0
6.657854721E1,3.390494109E-1,2.049182535E-2,9.804117701E0
6.658851021E1,3.390518229E-1,2.052777888E-2,9.804117701E0
6.659847321E1,3.392639672E-1,2.063889882E-2,9.804110100E0
6.660843621E1,3.390558794E-1,2.065680135E-2,9.804117116E0
6.661839921E1,3.391080658E-1,2.068534307E-2,9.804115362E0
6.662836121E1,3.389549053E-1,2.079231514E-2,9.804120625E0
6.663832421E1,3.388656621E-1,2.086471326E-2,9.804123548E0
6.664828721E1,3.389280812E-1,2.087247681E-2,9.804121209E0
6.665825021E1,3.388558681E-1,2.078973414E-2,9.804124133E0
6.666821221E1,3.390429059E-1,2.079525702E-2,9.804117116E0
6.667817521E1,3.392508475E-1,2.078903293E-2,9.804110100E0
6.668813821E1,3.391990265E-1,2.072035555E-2,9.804111854E0
6.669810121E1,3.392114153E-1,2.072485060E-2,9.804111854E0
6.670806421E1,3.393162632E-1,2.069605535E-2,9.804108346E0
6.671802621E1,3.394255696E-1,2.061998444E-2,9.804104252E0
6.672798921E1,3.393201735E-1,2.061711565E-2,9.804108346E0
6.673795221E1,3.391743586E-1,2.058636524E-2,9.804113023E0
6.674791521E1,3.390527000E-1,2.060239712E-2,9.804117701E0
6.675787721E1,3.389474135E-1,2.069785520E-2,9.804120625E0
6.676784021E1,3.390837633E-1,2.084918388E-2,9.804115947E0
6.677780321E1,3.390095402E-1,2.078412675E-2,9.804118286E0
6.678776621E1,3.388149375E-1,2.063975306E-2,9.804125302E0
6.679772921E1,3.394137290E-1,2.086561775E-2,9.804104252E0
6.680769121E1,3.391715446E-1,2.077200291E-2,9.804113023E0
6.681765421E1,3.390705705E-1,2.083416841E-2,9.804116532E0
6.682761721E1,3.391955913E-1,2.092175102E-2,9.804111854E0
6.683758021E1,3.390378261E-1,2.080306168E-2,9.804117701E0
6.684754221E1,3.391837141E-1,2.080236732E-2,9.804112439E0
6.685750521E1,3.391186273E-1,2.082027214E-2,9.804114777E0
6.686746821E1,3.388652967E-1,2.092915140E-2,9.804122964E0
6.687743121E1,3.388447949E-1,2.100676634E-2,9.804123548E0
6.688739421E1,3.388494361E-1,2.112123472E-2,9.804123548E0
6.689735621E1,3.387324187E-1,2.092330419E-2,9.804127641E0
6.690731921E1,3.388578780E-1,2.084720816E-2,9.804123548E0
6.691728221E1,3.389389716E-1,2.077087230E-2,9.804121209E0
6.692724521E1,3.388799878E-1,2.072359436E-2,9.804122964E0
6.693720721E1,3.387379370E-1,2.073987292E-2,9.804128226E0
6.694717021E1,3.386335642E-1,2.080077989E-2,9.804131734E0
6.695713321E1,3.385463676E-1,2.076187764E-2,9.804134658E0
6.696709621E1,3.385119056E-1,2.064666693E-2,9.804135827E0
6.697705967E1,3.387292393E-1,2.067579566E-2,9.804128226E0
6.698702167E1,3.385637996E-1,2.068363230E-2,9.804134073E0
6.699698467E1,3.383796489E-1,2.059323572E-2,9.804140505E0
6.700694767E1,3.388324792E-1,2.066074365E-2,9.804124718E0
6.701691067E1,3.389218320E-1,2.059695190E-2,9.804121794E0
6.702687267E1,3.388605824E-1,2.044516183E-2,9.804124133E0
6.703683567E1,3.390042777E-1,2.044067592E-2,9.804119455E0
6.704679867E1,3.388624462E-1,2.033194283E-2,9.804124718E0
6.705676167E1,3.388620807E-1,2.036267955E-2,9.804124718E0
6.706672467E1,3.389132804E-1,2.041387466E-2,9.804122379E0
6.707668667E1,3.387090664E-1,2.022218649E-2,9.804129980E0
6.708664967E1,3.387376081E-1,2.021358240E-2,9.804129395E0
6.709661267E1,3.387535418E-1,2.026767371E-2,9.804128226E0
6.710657567E1,3.387591332E-1,2.012182679E-2,9.804128811E0
6.711653767E1,3.388012697E-1,2.007906903E-2,9.804127057E0
6.712650067E1,3.388706323E-1,2.002324411E-2,9.804124718E0
6.713646367E1,3.389053501E-1,2.000953285E-2,9.804123548E0
6.714642667E1,3.389844337E-1,1.998628788E-2,9.804121209E0
6.715638867E1,3.389132439E-1,1.999028272E-2,9.804123548E0
6.716635167E1,3.388884297E-1,2.001163419E-2,9.804124133E0
6.717631467E1,3.387748476E-1,2.011992873E-2,9.804128226E0
6.718627767E1,3.386255243E-1,2.007904391E-2,9.804133489E0
6.719624067E1,3.387106744E-1,2.004078576E-2,9.804130565E0
6.720620267E1,3.387446248E-1,2.001173469E-2,9.804129395E0
6.721616567E1,3.387053023E-1,2.001488899E-2,9.804130565E0
6.722612867E1,3.388830942E-1,1.995183270E-2,9.804124718E0
6.723609167E1,3.389587425E-1,1.989577252E-2,9.804122379E0
6.724605367E1,3.389455132E-1,1.978806498E-2,9.804122964E0
6.725601667E1,3.388966524E-1,1.988724153E-2,9.804124133E0
6.726597967E1,3.388439178E-1,1.983815689E-2,9.804126472E0
6.727594267E1,3.388627385E-1,1.979552475E-2,9.804125887E0
6.728590467E1,3.387988212E-1,1.982749029E-2,9.804127641E0
6.729586767E1,3.386466839E-1,1.988339287E-2,9.804132904E0
6.730583067E1,3.386063016E-1,1.987819662E-2,9.804134073E0
6.731579367E1,3.386009660E-1,1.990189611E-2,9.804134658E0
6.732575667E1,3.385031348E-1,1.994171885E-2,9.804137582E0
6.733571867E1,3.384202870E-1,2.002437701E-2,9.804140505E0
6.734568167E1,3.385735206E-1,2.006020262E-2,9.804135243E0
6.735564467E1,3.387257310E-1,2.003744873E-2,9.804129980E0
6.736560767E1,3.388593398E-1,1.996571984E-2,9.804125302E0
6.737556967E1,3.390277031E-1,1.990374621E-2,9.804120040E0
6.738553267E1,3.391928139E-1,1.990284172E-2,9.804114193E0
6.739549567E1,3.392387510E-1,1.981820784E-2,9.804112439E0
6.740545867E1,3.391517737E-1,1.980439836E-2,9.804115947E0
6.741542067E1,3.390616900E-1,1.991321139E-2,9.804118286E0
6.742538367E1,3.389161675E-1,1.998969343E-2,9.804123548E0
6.743534667E1,3.386457703E-1,1.997912047E-2,9.804132904E0
6.744530967E1,3.385196897E-1,2.003661505E-2,9.804136997E0
6.745527267E1,3.384056325E-1,1.998728602E-2,9.804141090E0
6.746523467E1,3.382666149E-1,1.998961120E-2,9.804145768E0
6.747519767E1,3.385025501E-1,2.000212790E-2,9.804137582E0
6.748516067E1,3.385230153E-1,1.992779517E-2,9.804136997E0
6.749512367E1,3.387530302E-1,1.998364064E-2,9.804128811E0
6.750508567E1,3.387843493E-1,1.992620774E-2,9.804128226E0
6.751504867E1,3.387551863E-1,2.000631231E-2,9.804128811E0
6.752501167E1,3.386862623E-1,2.004738443E-2,9.804131150E0
6.753497467E1,3.387243057E-1,1.999083546E-2,9.804129980E0
6.754493667E1,3.386178133E-1,2.012057513E-2,9.804133489E0
6.755489967E1,3.385907699E-1,2.017955435E-2,9.804134073E0
6.756486267E1,3.386050225E-1,2.023761537E-2,9.804133489E0
6.757482567E1,3.386972989E-1,2.020304142E-2,9.804130565E0
6.758478867E1,3.388295190E-1,2.013657503E-2,9.804125887E0
6.759475067E1,3.390266068E-1,2.007291118E-2,9.804119455E0
6.760471367E1,3.390019023E-1,1.985713979E-2,9.804120625E0
6.761467667E1,3.392495319E-1,1.993689490E-2,9.804111854E0
6.762463967E1,3.394415032E-1,2.001130528E-2,9.804105422E0
6.763460167E1,3.385316034E-1,1.982924446E-2,9.804136997E0
6.764456467E1,3.390821553E-1,2.007392302E-2,9.804117701E0
6.765452767E1,3.391448301E-1,2.003169060E-2,9.804115362E0
6.766449067E1,3.389227090E-1,1.974760499E-2,9.804123548E0
6.767445267E1,3.390823746E-1,1.972656415E-2,9.804118286E0
6.768441567E1,3.389919255E-1,1.964039081E-2,9.804121794E0
6.769437867E1,3.391609465E-1,1.958666495E-2,9.804115947E0
6.770434167E1,3.394486661E-1,1.975775996E-2,9.804105422E0
6.771430367E1,3.390738230E-1,1.980626673E-2,9.804118286E0
6.772426667E1,3.389380214E-1,2.007422224E-2,9.804122379E0
6.773422967E1,3.390577066E-1,2.025219230E-2,9.804118286E0
6.774419267E1,3.390350487E-1,2.024387829E-2,9.804118870E0
6.775415567E1,3.392655021E-1,2.017346045E-2,9.804110684E0
6.776411767E1,3.392730669E-1,2.014188549E-2,9.804110684E0
6.777408067E1,3.391839334E-1,2.018175162E-2,9.804113608E0
6.778404367E1,3.391416142E-1,2.007936596E-2,9.804115362E0
6.779400667E1,3.390574143E-1,1.998092945E-2,9.804118286E0
6.780396867E1,3.390492282E-1,1.991307891E-2,9.804118870E0
6.781393167E1,3.389596561E-1,1.984193017E-2,9.804122379E0
6.782389467E1,3.389070677E-1,1.980404433E-2,9.804124133E0
6.783385767E1,3.390315038E-1,1.988100830E-2,9.804119455E0
6.784381967E1,3.389436859E-1,1.993006325E-2,9.804122379E0
6.785378267E1,3.388696821E-1,1.997156934E-2,9.804125302E0
6.786374567E1,3.390475105E-1,1.991901064E-2,9.804118870E0
6.787370867E1,3.391221722E-1,1.984696655E-2,9.804116532E0
6.788367067E1,3.392108671E-1,1.972312206E-2,9.804113608E0
6.789363367E1,3.391959202E-1,1.973131273E-2,9.804114193E0
6.790359667E1,3.390757965E-1,1.971001379E-2,9.804118286E0
6.791355967E1,3.390478029E-1,1.974743140E-2,9.804119455E0
6.792352167E1,3.390392879E-1,1.972012308E-2,9.804119455E0
6.793348467E1,3.390484973E-1,1.974309396E-2,9.804119455E0
6.794344767E1,3.391111356E-1,1.971983757E-2,9.804117116E0
6.795341067E1,3.391176771E-1,1.973750713E-2,9.804117116E0
6.796337267E1,3.390686336E-1,1.975927658E-2,9.804118870E0
6.797333567E1,3.390979428E-1,1.977495215E-2,9.804117701E0
6.798329821E1,3.391462919E-1,1.991830715E-2,9.804115362E0
6.799326121E1,3.390251449E-1,1.997240074E-2,9.804119455E0
6.800322421E1,3.390068724E-1,2.007046494E-2,9.804120040E0
6.801318621E1,3.390906703E-1,2.011348766E-2,9.804117116E0
6.802314921E1,3.390829593E-1,2.024948111E-2,9.804117116E0
6.803311221E1,3.389187987E-1,2.031702330E-2,9.804122379E0
6.804307521E1,3.388643465E-1,2.028322137E-2,9.804124718E0
6.805303721E1,3.388889414E-1,2.022056023E-2,9.804124133E0
6.806300021E1,3.389839586E-1,2.021228505E-2,9.804120625E0
6.807296321E1,3.389795001E-1,2.018464782E-2,9.804120625E0
6.808292621E1,3.389823872E-1,2.020885666E-2,9.804120625E0
6.809288821E1,3.389974072E-1,2.024508427E-2,9.804120040E0
6.810285121E1,3.390290918E-1,2.030994725E-2,9.804118870E0
6.811281421E1,3.390644675E-1,2.038055010E-2,9.804117701E0
6.812277721E1,3.391215144E-1,2.041199030E-2,9.804115362E0
6.813273921E1,3.390976139E-1,2.041192635E-2,9.804116532E0
6.814270221E1,3.390943248E-1,2.027211851E-2,9.804116532E0
6.815266521E1,3.390676469E-1,2.011134520E-2,9.804117701E0
6.816262821E1,3.390364008E-1,2.004369109E-2,9.804119455E0
6.817259021E1,3.388997587E-1,2.009943150E-2,9.804123548E0
6.818255321E1,3.389068485E-1,2.020572977E-2,9.804123548E0
6.819251621E1,3.387862131E-1,2.039764178E-2,9.804127057E0
6.820247921E1,3.387269735E-1,2.052899857E-2,9.804128811E0
6.821244121E1,3.387264619E-1,2.059865353E-2,9.804128811E0
6.822240421E1,3.387155714E-1,2.065680820E-2,9.804128811E0
6.823236721E1,3.387563192E-1,2.070199850E-2,9.804127641E0
6.824233021E1,3.388194691E-1,2.063956120E-2,9.804125302E0
6.825229321E1,3.387947281E-1,2.057226797E-2,9.804126472E0
6.826225521E1,3.388890510E-1,2.044346477E-2,9.804123548E0
6.827221821E1,3.388672701E-1,2.033005391E-2,9.804124133E0
6.828218121E1,3.390340985E-1,2.029939486E-2,9.804118870E0
6.829214421E1,3.390715207E-1,2.026689256E-2,9.804117701E0
6.830210621E1,3.390732748E-1,2.039803693E-2,9.804117116E0
6.831206921E1,3.389758091E-1,2.056286902E-2,9.804120040E0
6.832203221E1,3.387581830E-1,2.061661316E-2,9.804127641E0
6.833199521E1,3.386234778E-1,2.059513149E-2,9.804132319E0
6.834195721E1,3.385238193E-1,2.062294688E-2,9.804135827E0
6.835192021E1,3.385013075E-1,2.061965097E-2,9.804136412E0
6.836188321E1,3.386720462E-1,2.056904515E-2,9.804130565E0
6.837184621E1,3.387463789E-1,2.057135434E-2,9.804128226E0
6.838180821E1,3.388104425E-1,2.046422010E-2,9.804125887E0
6.839177121E1,3.388610575E-1,2.049890368E-2,9.804124133E0
6.840173421E1,3.388456720E-1,2.052623028E-2,9.804124718E0
6.841169721E1,3.387578541E-1,2.050421186E-2,9.804127641E0
6.842165921E1,3.386397769E-1,2.057663511E-2,9.804131734E0
6.843162221E1,3.385417995E-1,2.058501079E-2,9.804135243E0
6.844158521E1,3.384476228E-1,2.060837681E-2,9.804138166E0
6.845154821E1,3.384415197E-1,2.063436722E-2,9.804138751E0
6.846151021E1,3.384637026E-1,2.073302300E-2,9.804137582E0
6.847147321E1,3.385791120E-1,2.072062964E-2,9.804133489E0
6.848143621E1,3.388149741E-1,2.063068302E-2,9.804125887E0
6.849139921E1,3.387901234E-1,2.055970787E-2,9.804126472E0
6.850136121E1,3.388961773E-1,2.065547659E-2,9.804122964E0
6.851132421E1,3.388541139E-1,2.074655611E-2,9.804124133E0
6.852128721E1,3.387101628E-1,2.073472463E-2,9.804128811E0
6.853125021E1,3.386720828E-1,2.075426712E-2,9.804130565E0
6.854121221E1,3.387272293E-1,2.069808360E-2,9.804128226E0
6.855117521E1,3.387010996E-1,2.056337837E-2,9.804129395E0
6.856113821E1,3.388176784E-1,2.049423961E-2,9.804125887E0
6.857110121E1,3.387856284E-1,2.048567207E-2,9.804127057E0
6.858106321E1,3.387429072E-1,2.054258878E-2,9.804128226E0
6.859102621E1,3.388627385E-1,2.067863704E-2,9.804124133E0
6.860098921E1,3.387788310E-1,2.075957301E-2,9.804126472E0
6.861095221E1,3.388082863E-1,2.076256057E-2,9.804125302E0
6.862091421E1,3.390761254E-1,2.075323472E-2,9.804116532E0
6.863087721E1,3.390531019E-1,2.063303333E-2,9.804117116E0
6.864084021E1,3.393004392E-1,2.060710230E-2,9.804108930E0
6.865080321E1,3.392698144E-1,2.056336467E-2,9.804110100E0
6.866076521E1,3.390020484E-1,2.059271723E-2,9.804119455E0
6.867072821E1,3.389754436E-1,2.071656629E-2,9.804120040E0
6.868069121E1,3.392451464E-1,2.083174730E-2,9.804110100E0
6.869065421E1,3.391811560E-1,2.072763031E-2,9.804113023E0
6.870061621E1,3.393234260E-1,2.066710478E-2,9.804107761E0
6.871057921E1,3.392779274E-1,2.075041618E-2,9.804109515E0
6.872054221E1,3.392920338E-1,2.092345494E-2,9.804108346E0
6.873050521E1,3.393081502E-1,2.105885681E-2,9.804107761E0
6.874046721E1,3.391235609E-1,2.107609467E-2,9.804114193E0
6.875043021E1,3.389764303E-1,2.099363066E-2,9.804119455E0
6.876039321E1,3.389503006E-1,2.089179318E-2,9.804120625E0
6.877035621E1,3.392021694E-1,2.093489812E-2,9.804111854E0
6.878031821E1,3.392141197E-1,2.090777024E-2,9.804111269E0
6.879028121E1,3.391029495E-1,2.093203847E-2,9.804114777E0
6.880024421E1,3.392435019E-1,2.101450705E-2,9.804110100E0
6.881020721E1,3.392743460E-1,2.092069578E-2,9.804108930E0
6.882016921E1,3.393969548E-1,2.094569034E-2,9.804104837E0
6.883013221E1,3.393938484E-1,2.091975018E-2,9.804104837E0
6.884009521E1,3.396249596E-1,2.101012620E-2,9.804096651E0
6.885005821E1,3.396184181E-1,2.105789065E-2,9.804096651E0
6.886002021E1,3.394246194E-1,2.097237740E-2,9.804103668E0
6.886998321E1,3.395961986E-1,2.107611066E-2,9.804097821E0
6.887994621E1,3.395421484E-1,2.106498496E-2,9.804099575E0
6.888990921E1,3.393297118E-1,2.107953905E-2,9.804106591E0
6.889987121E1,3.391846278E-1,2.128745553E-2,9.804111269E0
6.890983421E1,3.389118551E-1,2.138810301E-2,9.804120625E0
6.891979721E1,3.390752848E-1,2.144508367E-2,9.804114777E0
6.892976021E1,3.394667559E-1,2.144847095E-2,9.804101329E0
6.893972221E1,3.395027528E-1,2.123396264E-2,9.804100744E0
6.894968521E1,3.396247769E-1,2.109148701E-2,9.804096651E0
6.895964821E1,3.399472509E-1,2.117520498E-2,9.804084957E0
6.896961121E1,3.398392966E-1,2.118885686E-2,9.804089050E0
6.897957346E1,3.396500296E-1,2.119081887E-2,9.804095482E0
6.898953646E1,3.396684483E-1,2.114504385E-2,9.804094897E0
6.899949946E1,3.395468628E-1,2.103182257E-2,9.804099575E0
6.900946246E1,3.394583505E-1,2.106300468E-2,9.804102498E0
6.901942446E1,3.394129250E-1,2.107719559E-2,9.804104252E0
6.902938746E1,3.392368507E-1,2.106973583E-2,9.804110100E0
6.903935046E1,3.393407119E-1,2.109600262E-2,9.804106591E0
6.904931346E1,3.393835793E-1,2.098401702E-2,9.804105422E0
6.905927546E1,3.393997322E-1,2.087037318E-2,9.804104837E0
6.906923846E1,3.393902670E-1,2.076936710E-2,9.804105422E0
6.907920146E1,3.393970279E-1,2.080060859E-2,9.804104837E0
6.908916446E1,3.393059209E-1,2.089349709E-2,9.804108346E0
6.909912646E1,3.391449763E-1,2.091848480E-2,9.804113608E0
6.910908946E1,3.391305410E-1,2.084697747E-2,9.804114193E0
6.911905246E1,3.392290301E-1,2.079719848E-2,9.804110684E0
6.912901546E1,3.392096246E-1,2.063876634E-2,9.804111854E0
6.913897746E1,3.392160931E-1,2.050333249E-2,9.804111854E0
6.914894046E1,3.391954451E-1,2.042311143E-2,9.804113023E0
6.915890346E1,3.392106844E-1,2.045905125E-2,9.804112439E0
6.916886646E1,3.391732257E-1,2.045398062E-2,9.804113608E0
6.917882846E1,3.391759300E-1,2.051608445E-2,9.804113608E0
6.918879146E1,3.390770390E-1,2.049611940E-2,9.804116532E0
6.919875446E1,3.389915600E-1,2.047765499E-2,9.804120040E0
6.920871746E1,3.389224532E-1,2.054422417E-2,9.804121794E0
6.921867946E1,3.389386792E-1,2.053430218E-2,9.804121794E0
6.922864246E1,3.388910610E-1,2.049051658E-2,9.804123548E0
6.923860546E1,3.389739453E-1,2.052216921E-2,9.804120625E0
6.924856846E1,3.390401284E-1,2.058179938E-2,9.804117701E0
6.925853046E1,3.392023887E-1,2.051452214E-2,9.804112439E0
6.926849346E1,3.393065787E-1,2.051240938E-2,9.804108930E0
6.927845646E1,3.395147396E-1,2.058674439E-2,9.804101329E0
6.928841946E1,3.391924119E-1,2.053153617E-2,9.804113023E0
6.929838146E1,3.394280912E-1,2.053516784E-2,9.804104837E0
6.930834446E1,3.391799865E-1,2.030605292E-2,9.804113608E0
6.931830746E1,3.392476681E-1,2.037432144E-2,9.804111269E0
6.932827046E1,3.393105987E-1,2.039844806E-2,9.804108930E0
6.933823246E1,3.389881979E-1,2.025523696E-2,9.804120625E0
6.934819546E1,3.391311257E-1,2.035548016E-2,9.804115362E0
6.935815846E1,3.392848710E-1,2.037193002E-2,9.804110100E0
6.936812046E1,3.390355603E-1,2.036513035E-2,9.804118286E0
6.937808346E1,3.391372288E-1,2.047375152E-2,9.804114777E0
6.938804646E1,3.391998305E-1,2.037988087E-2,9.804113023E0
6.939800946E1,3.393856989E-1,2.042854980E-2,9.804106007E0
6.940797146E1,3.394785965E-1,2.056887841E-2,9.804102498E0
6.941793446E1,3.391010491E-1,2.050957257E-2,9.804115947E0
6.942789746E1,3.390926803E-1,2.052139262E-2,9.804115947E0
6.943786046E1,3.393101602E-1,2.056215183E-2,9.804108346E0
6.944782246E1,3.394295530E-1,2.048699226E-2,9.804104837E0
6.945778546E1,3.394744304E-1,2.048529977E-2,9.804103083E0
6.946774846E1,3.393533930E-1,2.043000018E-2,9.804107176E0
6.947771146E1,3.392997448E-1,2.043209468E-2,9.804109515E0
6.948767346E1,3.394617127E-1,2.043047527E-2,9.804103668E0
6.949763646E1,3.394385431E-1,2.043394020E-2,9.804104252E0
6.950759946E1,3.393987089E-1,2.041957341E-2,9.804106007E0
6.951756246E1,3.394782311E-1,2.040131457E-2,9.804103083E0
6.952752446E1,3.394847361E-1,2.036285542E-2,9.804103083E0
6.953748746E1,3.394896331E-1,2.045858987E-2,9.804102498E0
6.954745046E1,3.393457916E-1,2.051876823E-2,9.804107761E0
6.955741346E1,3.393147283E-1,2.056518735E-2,9.804108346E0
6.956737546E1,3.397991336E-1,2.072656594E-2,9.804091389E0
6.957733846E1,3.397456316E-1,2.050843053E-2,9.804093727E0
6.958730146E1,3.398356056E-1,2.055149436E-2,9.804090219E0
6.959726446E1,3.400023974E-1,2.058664161E-2,9.804084372E0
6.960722646E1,3.398369943E-1,2.054110185E-2,9.804090219E0
6.961718946E1,3.399432309E-1,2.065245020E-2,9.804086711E0
6.962715246E1,3.398350574E-1,2.056848326E-2,9.804090219E0
6.963711446E1,3.399528423E-1,2.040344103E-2,9.804086711E0
6.964707746E1,3.402351531E-1,2.026908983E-2,9.804077355E0
6.965704046E1,3.403578716E-1,2.008813450E-2,9.804073262E0
6.966700346E1,3.405180487E-1,1.999194552E-2,9.804068000E0
6.967696546E1,3.403999715E-1,1.995738756E-2,9.804072093E0
6.968692846E1,3.403072566E-1,1.999282717E-2,9.804075016E0
6.969689146E1,3.402226182E-1,2.002924436E-2,9.804077940E0
6.970685446E1,3.401414881E-1,2.002394303E-2,9.804080864E0
6.971681646E1,3.402150533E-1,2.004549551E-2,9.804078525E0
6.972677946E1,3.399688856E-1,2.009530647E-2,9.804086711E0
6.973674246E1,3.398540974E-1,2.021253630E-2,9.804090219E0
6.974670546E1,3.397346680E-1,2.023055075E-2,9.804094897E0
6.975666746E1,3.393163728E-1,2.022571994E-2,9.804108930E0
6.976663046E1,3.397022525E-1,2.035411657E-2,9.804095482E0
6.977659346E1,3.396013881E-1,2.019312856E-2,9.804099575E0
6.978655646E1,3.396264945E-1,2.011629706E-2,9.804098405E0
6.979651846E1,3.402559473E-1,2.006205500E-2,9.804076771E0
6.980648146E1,3.398496024E-1,1.974611578E-2,9.804091389E0
6.981644446E1,3.404186095E-1,1.982984288E-2,9.804071508E0
6.982640746E1,3.404689687E-1,1.974709108E-2,9.804070339E0
6.983636946E1,3.400943083E-1,1.969288785E-2,9.804083202E0
6.984633246E1,3.400682882E-1,1.988742197E-2,9.804083787E0
6.985629546E1,3.396950166E-1,1.997729093E-2,9.804096651E0
6.986625746E1,3.398178081E-1,2.010697350E-2,9.804091973E0
6.987622046E1,3.397487013E-1,2.015020178E-2,9.804094312E0
6.988618346E1,3.396347537E-1,2.010488586E-2,9.804098405E0
6.989614646E1,3.397883893E-1,2.005139069E-2,9.804093143E0
6.990610846E1,3.399148719E-1,1.982495041E-2,9.804089050E0
6.991607146E1,3.404874970E-1,1.960641301E-2,9.804069754E0
6.992603446E1,3.404683840E-1,1.932817005E-2,9.804070923E0
6.993599746E1,3.403727820E-1,1.922798167E-2,9.804074432E0
6.994595946E1,3.403158813E-1,1.934194299E-2,9.804076186E0
6.995592246E1,3.400392349E-1,1.947300284E-2,9.804085541E0
6.996588546E1,3.397766949E-1,1.939941701E-2,9.804094897E0
6.997584846E1,3.398052732E-1,1.962607427E-2,9.804093143E0
6.998581046E1,3.404382708E-1,2.003362063E-2,9.804070339E0
6.999577346E1,3.392365949E-1,1.987008589E-2,9.804112439E0
7.000573646E1,3.395683878E-1,2.010039538E-2,9.804100744E0
7.001569846E1,3.399859156E-1,2.010309515E-2,9.804086126E0
7.002566146E1,3.397092326E-1,1.977142326E-2,9.804096651E0
7.003562446E1,3.403285259E-1,1.999991692E-2,9.804074432E0
7.004558746E1,3.401128367E-1,1.997412750E-2,9.804082033E0
7.005554946E1,3.399845999E-1,2.006508139E-2,9.804086126E0
7.006551246E1,3.404971815E-1,2.041994115E-2,9.804068000E0
7.007547546E1,3.402719906E-1,2.039681267E-2,9.804075601E0
7.008543846E1,3.401387837E-1,2.027289509E-2,9.804080279E0
7.009540046E1,3.404003004E-1,2.029707196E-2,9.804071508E0
7.010536346E1,3.404348721E-1,2.016976711E-2,9.804070339E0
7.011532646E1,3.401908605E-1,1.989742619E-2,9.804079694E0
7.012528946E1,3.401364814E-1,2.009622924E-2,9.804080864E0
7.013525146E1,3.398534396E-1,2.031576249E-2,9.804090219E0
7.014521446E1,3.391980398E-1,2.035325091E-2,9.804113023E0
7.015517746E1,3.391761493E-1,2.040226017E-2,9.804113608E0
7.016513946E1,3.393870876E-1,2.019100438E-2,9.804106591E0
7.017510246E1,3.398060406E-1,1.973462235E-2,9.804093143E0
7.018506546E1,3.402111065E-1,1.940249365E-2,9.804079694E0
7.019502846E1,3.406479300E-1,1.929987501E-2,9.804065076E0
7.020499046E1,3.405547400E-1,1.908884420E-2,9.804068584E0
7.021495346E1,3.403434363E-1,1.907637205E-2,9.804075601E0
7.022491646E1,3.406523520E-1,1.940684480E-2,9.804064491E0
7.023487946E1,3.399096825E-1,1.941573668E-2,9.804090219E0
7.024484146E1,3.397316713E-1,1.964731611E-2,9.804096066E0
7.025480446E1,3.396770364E-1,1.995490249E-2,9.804097236E0
7.026476746E1,3.393152034E-1,1.994130772E-2,9.804109515E0
7.027473046E1,3.394164333E-1,2.006660715E-2,9.804106007E0
7.028469246E1,3.394783407E-1,2.011742539E-2,9.804103668E0
7.029465546E1,3.394529784E-1,1.985218336E-2,9.804105422E0
7.030461846E1,3.396219264E-1,1.965851490E-2,9.804099575E0
7.031458046E1,3.399976100E-1,1.960994418E-2,9.804086711E0
7.032454346E1,3.397345584E-1,1.956262056E-2,9.804096066E0
7.033450646E1,3.396109263E-1,1.947190421E-2,9.804100159E0
7.034446946E1,3.394240712E-1,1.944546154E-2,9.804107176E0
7.035443146E1,3.399287956E-1,1.964337837E-2,9.804089050E0
7.036439446E1,3.394876963E-1,1.942331750E-2,9.804104837E0
7.037435746E1,3.392755154E-1,1.947148851E-2,9.804111854E0
7.038432046E1,3.397877681E-1,1.976265244E-2,9.804093727E0
7.039428246E1,3.396271523E-1,1.991316571E-2,9.804098990E0
7.040424546E1,3.395417099E-1,2.015571095E-2,9.804101329E0
7.041420846E1,3.396975382E-1,2.023203767E-2,9.804096066E0
7.042417046E1,3.396671692E-1,2.017985584E-2,9.804097236E0
7.043413346E1,3.400837833E-1,2.042060124E-2,9.804082033E0
7.044409646E1,3.402031031E-1,2.060885875E-2,9.804077355E0
7.045405946E1,3.398009243E-1,2.066449637E-2,9.804091389E0
7.046402146E1,3.398162001E-1,2.073475889E-2,9.804090804E0
7.047398446E1,3.400205603E-1,2.068263873E-2,9.804083787E0
7.048394746E1,3.400192082E-1,2.054884713E-2,9.804084372E0
7.049391046E1,3.399900817E-1,2.029945196E-2,9.804085541E0
7.050387246E1,3.402027742E-1,2.025663252E-2,9.804078525E0
7.051383546E1,3.400586403E-1,2.009893586E-2,9.804083787E0
7.052379846E1,3.398831873E-1,2.000429776E-2,9.804089634E0
7.053376046E1,3.398141536E-1,2.002484981E-2,9.804092558E0
7.054372346E1,3.396928970E-1,1.992760330E-2,9.804096651E0
7.055368646E1,3.395411617E-1,1.995823038E-2,9.804101914E0
7.056364946E1,3.397603592E-1,2.023825719E-2,9.804093727E0
7.057361146E1,3.394047389E-1,2.036568538E-2,9.804106007E0
7.058357446E1,3.392121097E-1,2.047434766E-2,9.804112439E0
7.059353746E1,3.397804956E-1,2.054891108E-2,9.804092558E0
7.060350046E1,3.399499917E-1,2.033610898E-2,9.804086711E0
7.061346246E1,3.406135776E-1,2.029477419E-2,9.804063907E0
7.062342546E1,3.407577115E-1,2.021453257E-2,9.804059229E0
7.063338846E1,3.407126879E-1,2.033084648E-2,9.804060398E0
7.064335046E1,3.408352602E-1,2.068489539E-2,9.804055721E0
7.065331346E1,3.402743295E-1,2.077007744E-2,9.804075016E0
7.066327646E1,3.400159191E-1,2.099268049E-2,9.804083202E0
7.067323946E1,3.399357392E-1,2.108612173E-2,9.804086126E0
7.068320146E1,3.398800444E-1,2.099834726E-2,9.804087880E0
7.069316446E1,3.399821880E-1,2.096593861E-2,9.804084372E0
7.070312746E1,3.399279185E-1,2.087163856E-2,9.804086711E0
7.071309046E1,3.398398814E-1,2.074191716E-2,9.804089634E0
7.072305246E1,3.398396255E-1,2.050417074E-2,9.804090219E0
7.073301546E1,3.398493831E-1,2.017563260E-2,9.804090804E0
7.074297846E1,3.403485891E-1,2.015465800E-2,9.804073262E0
7.075294046E1,3.405578829E-1,2.009479256E-2,9.804066246E0
7.076290346E1,3.402044918E-1,1.994499192E-2,9.804079109E0
7.077286646E1,3.403208879E-1,2.007270105E-2,9.804074432E0
7.078282946E1,3.402065383E-1,2.005358568E-2,9.804078525E0
7.079279146E1,3.398256288E-1,2.002333090E-2,9.804091973E0
7.080275446E1,3.397039336E-1,2.009931501E-2,9.804096066E0
7.081271746E1,3.395245703E-1,2.008462617E-2,9.804101914E0
7.082268046E1,3.393971010E-1,2.014271689E-2,9.804106591E0
7.083264246E1,3.396014246E-1,2.029204016E-2,9.804098990E0
7.084260546E1,3.395311484E-1,2.017169030E-2,9.804101914E0
7.085256846E1,3.395496402E-1,2.018841196E-2,9.804101329E0
7.086253046E1,3.400488097E-1,2.025704823E-2,9.804083787E0
7.087249346E1,3.399327059E-1,2.026810312E-2,9.804087880E0
7.088245646E1,3.397510037E-1,2.033596736E-2,9.804093727E0
7.089241946E1,3.399791913E-1,2.037203281E-2,9.804086126E0
7.090238146E1,3.403115324E-1,2.017908611E-2,9.804074432E0
7.091234446E1,3.405464808E-1,2.005826117E-2,9.804066830E0
7.092230746E1,3.404953908E-1,1.997960013E-2,9.804068584E0
7.093226946E1,3.401404282E-1,2.007610888E-2,9.804080864E0
7.094223246E1,3.400161018E-1,2.032312633E-2,9.804084372E0
7.095219546E1,3.398981342E-1,2.049538165E-2,9.804088465E0
7.096215846E1,3.397158108E-1,2.053847060E-2,9.804094897E0
7.097212046E1,3.399024466E-1,2.064203713E-2,9.804087880E0
7.098208283E1,3.400948931E-1,2.058631270E-2,9.804081448E0
7.099204583E1,3.401257006E-1,2.046230834E-2,9.804080279E0
7.100200883E1,3.403297684E-1,2.030150762E-2,9.804073847E0
7.101197083E1,3.403405492E-1,2.016318671E-2,9.804073847E0
7.102193383E1,3.401573486E-1,1.999728567E-2,9.804080279E0
7.103189683E1,3.403038214E-1,2.000717112E-2,9.804075601E0
7.104185883E1,3.403230806E-1,2.006442358E-2,9.804074432E0
7.105182183E1,3.401193417E-1,2.017044320E-2,9.804081448E0
7.106178483E1,3.400663513E-1,2.024086788E-2,9.804083202E0
7.107174783E1,3.399941748E-1,2.026066391E-2,9.804085541E0
7.108170983E1,3.400063443E-1,2.035121809E-2,9.804084957E0
7.109167283E1,3.400361285E-1,2.036792605E-2,9.804083787E0
7.110163583E1,3.398936027E-1,2.028664519E-2,9.804089050E0
7.111159783E1,3.399378953E-1,2.021175514E-2,9.804087880E0
7.112156083E1,3.400597001E-1,2.016589105E-2,9.804083202E0
7.113152383E1,3.400742085E-1,2.001793137E-2,9.804083202E0
7.114148683E1,3.401399532E-1,2.000255730E-2,9.804080864E0
7.115144883E1,3.402035051E-1,1.997860656E-2,9.804079109E0
7.116141183E1,3.403038945E-1,1.996130245E-2,9.804075601E0
7.117137483E1,3.404508789E-1,1.995609706E-2,9.804070339E0
7.118133783E1,3.403483699E-1,2.007013832E-2,9.804073847E0
7.119129983E1,3.402234953E-1,2.022868009E-2,9.804077940E0
7.120126283E1,3.400712118E-1,2.037091590E-2,9.804082618E0
7.121122583E1,3.399707859E-1,2.044558895E-2,9.804086126E0
7.122118783E1,3.400588230E-1,2.043125871E-2,9.804083202E0
7.123115083E1,3.402395751E-1,2.036039548E-2,9.804076771E0
7.124111383E1,3.402209006E-1,2.026883174E-2,9.804077940E0
7.125107683E1,3.402394655E-1,2.027411022E-2,9.804076771E0
7.126103883E1,3.402160035E-1,2.037233202E-2,9.804077355E0
7.127100183E1,3.402428276E-1,2.042965072E-2,9.804076771E0
7.128096483E1,3.400929927E-1,2.044887573E-2,9.804081448E0
7.129092683E1,3.402929309E-1,2.050976214E-2,9.804074432E0
7.130088983E1,3.402591267E-1,2.042514425E-2,9.804076186E0
7.131085283E1,3.402508675E-1,2.023607362E-2,9.804076771E0
7.132081583E1,3.404424369E-1,2.021566547E-2,9.804070339E0
7.133077783E1,3.401971828E-1,2.008583673E-2,9.804079109E0
7.134074083E1,3.401821993E-1,2.014969015E-2,9.804079109E0
7.135070383E1,3.401353850E-1,2.030732514E-2,9.804080279E0
7.136066583E1,3.398320973E-1,2.051556139E-2,9.804090804E0
7.137062883E1,3.397972332E-1,2.071110051E-2,9.804091389E0
7.138059183E1,3.398994499E-1,2.074926273E-2,9.804087880E0
7.139055483E1,3.398633433E-1,2.050126769E-2,9.804089634E0
7.140051683E1,3.404435333E-1,2.070761730E-2,9.804069169E0
7.141047983E1,3.401551559E-1,2.063898561E-2,9.804079109E0
7.142044283E1,3.396618702E-1,2.056720647E-2,9.804096651E0
7.143040483E1,3.401770830E-1,2.074547346E-2,9.804077940E0
7.144036783E1,3.403389412E-1,2.052855775E-2,9.804073262E0
7.145033083E1,3.404298289E-1,2.039770345E-2,9.804070339E0
7.146029383E1,3.403663500E-1,2.045199120E-2,9.804072093E0
7.147025583E1,3.400128859E-1,2.049985385E-2,9.804084372E0
7.148021883E1,3.402474323E-1,2.072059081E-2,9.804075601E0
7.149018183E1,3.402794458E-1,2.095049602E-2,9.804074432E0
7.150014383E1,3.399699088E-1,2.105533021E-2,9.804084957E0
7.151010683E1,3.398857455E-1,2.108645292E-2,9.804087296E0
7.152006983E1,3.402645354E-1,2.110828634E-2,9.804074432E0
7.153003283E1,3.407100932E-1,2.100720945E-2,9.804059229E0
7.153999483E1,3.407641800E-1,2.090631985E-2,9.804057475E0
7.154995783E1,3.407766053E-1,2.094935171E-2,9.804056890E0
7.155992083E1,3.406978141E-1,2.109416851E-2,9.804059229E0
7.156988383E1,3.407256614E-1,2.112365583E-2,9.804058059E0
7.157984583E1,3.406937576E-1,2.121346084E-2,9.804059229E0
7.158980883E1,3.404894339E-1,2.121495462E-2,9.804066246E0
7.159977183E1,3.404233604E-1,2.111792511E-2,9.804068584E0
7.160973383E1,3.405678963E-1,2.109512553E-2,9.804063907E0
7.161969683E1,3.407124321E-1,2.132322633E-2,9.804058644E0
7.162965983E1,3.407206182E-1,2.142331422E-2,9.804058059E0
7.163962283E1,3.404269053E-1,2.135177719E-2,9.804068000E0
7.164958483E1,3.405458961E-1,2.130881842E-2,9.804063907E0
7.165954783E1,3.408430078E-1,2.132794293E-2,9.804053966E0
7.166951083E1,3.407548244E-1,2.121246499E-2,9.804056890E0
7.167947283E1,3.405231285E-1,2.122683635E-2,9.804065076E0
7.168943583E1,3.406642657E-1,2.135278903E-2,9.804059814E0
7.169939883E1,3.408201305E-1,2.140924435E-2,9.804054551E0
7.170936183E1,3.408232003E-1,2.132797719E-2,9.804054551E0
7.171932383E1,3.409095564E-1,2.138528447E-2,9.804051628E0
7.172928683E1,3.408663601E-1,2.128379874E-2,9.804053382E0
7.173924983E1,3.408342735E-1,2.137078292E-2,9.804053966E0
7.174921183E1,3.408672006E-1,2.155752380E-2,9.804052212E0
7.175917483E1,3.406165378E-1,2.164796607E-2,9.804060983E0
7.176913783E1,3.406323984E-1,2.186048495E-2,9.804059814E0
7.177910083E1,3.408224329E-1,2.199177321E-2,9.804052797E0
7.178906283E1,3.409355765E-1,2.205206120E-2,9.804048704E0
7.179902583E1,3.410309226E-1,2.199051012E-2,9.804045780E0
7.180898883E1,3.410627169E-1,2.194266117E-2,9.804044611E0
7.181895083E1,3.411296310E-1,2.189090417E-2,9.804042857E0
7.182891383E1,3.412528976E-1,2.202412019E-2,9.804038179E0
7.183887683E1,3.412114554E-1,2.194727270E-2,9.804039348E0
7.184883883E1,3.410408629E-1,2.182569630E-2,9.804045780E0
7.185880183E1,3.411231259E-1,2.189805559E-2,9.804042857E0
7.186876483E1,3.409263671E-1,2.203059553E-2,9.804049289E0
7.187872783E1,3.403109477E-1,2.213831220E-2,9.804070339E0
7.188868983E1,3.401272355E-1,2.237872413E-2,9.804076186E0
7.189865283E1,3.404940021E-1,2.241384854E-2,9.804063322E0
7.190861583E1,3.405286103E-1,2.210486887E-2,9.804062737E0
7.191857783E1,3.409230415E-1,2.212582520E-2,9.804049289E0
7.192854083E1,3.411124182E-1,2.210806428E-2,9.804042857E0
7.193850383E1,3.412190568E-1,2.217389799E-2,9.804038764E0
7.194846683E1,3.415625442E-1,2.232056261E-2,9.804026484E0
7.195842883E1,3.413078249E-1,2.240576293E-2,9.804035255E0
7.196839183E1,3.413049378E-1,2.244570673E-2,9.804035255E0
7.197835542E1,3.412052793E-1,2.236458346E-2,9.804038764E0
7.198831742E1,3.414276928E-1,2.246940394E-2,9.804031162E0
7.199828042E1,3.414231246E-1,2.269471360E-2,9.804030578E0
7.200824342E1,3.406409499E-1,2.277739232E-2,9.804057475E0
7.201820642E1,3.405700159E-1,2.313744833E-2,9.804059229E0
7.202816842E1,3.407062560E-1,2.331174560E-2,9.804053966E0
7.203813142E1,3.405486004E-1,2.323881072E-2,9.804059814E0
7.204809442E1,3.407756917E-1,2.329539167E-2,9.804051628E0
7.205805642E1,3.409097756E-1,2.328321758E-2,9.804046950E0
7.206801942E1,3.410735708E-1,2.324937682E-2,9.804041687E0
7.207798242E1,3.412606817E-1,2.338883749E-2,9.804034671E0
7.208794542E1,3.412374390E-1,2.352423936E-2,9.804035255E0
7.209790742E1,3.410889563E-1,2.367478460E-2,9.804039933E0
7.210787042E1,3.409973742E-1,2.394999888E-2,9.804042272E0
7.211783342E1,3.410543115E-1,2.422128913E-2,9.804039933E0
7.212779542E1,3.410402416E-1,2.439080585E-2,9.804039933E0
7.213775842E1,3.408893835E-1,2.459917458E-2,9.804044611E0
7.214772142E1,3.408023696E-1,2.472373398E-2,9.804047534E0
7.215768342E1,3.409123338E-1,2.484670138E-2,9.804042857E0
7.216764642E1,3.410136734E-1,2.477813136E-2,9.804039933E0
7.217760942E1,3.410976905E-1,2.460892298E-2,9.804037009E0
7.218757242E1,3.415019890E-1,2.457642297E-2,9.804023561E0
7.219753442E1,3.416520797E-1,2.468365771E-2,9.804017714E0
7.220749742E1,3.416623123E-1,2.471417287E-2,9.804017129E0
7.221746042E1,3.415805244E-1,2.488022237E-2,9.804020053E0
7.222742242E1,3.414969823E-1,2.497734554E-2,9.804022391E0
7.223738542E1,3.415221253E-1,2.503581312E-2,9.804021222E0
7.224734842E1,3.414695369E-1,2.505607281E-2,9.804022976E0
7.225731142E1,3.412270602E-1,2.510415474E-2,9.804031747E0
7.226727342E1,3.412840705E-1,2.526738799E-2,9.804028823E0
7.227723642E1,3.413063996E-1,2.532728540E-2,9.804028239E0
7.228719942E1,3.413080807E-1,2.536568973E-2,9.804028239E0
7.229716142E1,3.413639947E-1,2.527911211E-2,9.804026484E0
7.230712442E1,3.412957650E-1,2.526075505E-2,9.804028823E0
7.231708742E1,3.411930367E-1,2.529133416E-2,9.804032332E0
7.232705042E1,3.412125152E-1,2.521034109E-2,9.804031747E0
7.233701242E1,3.410897968E-1,2.499485064E-2,9.804036425E0
7.234697542E1,3.411149033E-1,2.485947161E-2,9.804035840E0
7.235693842E1,3.411798805E-1,2.468591894E-2,9.804034086E0
7.236690042E1,3.410080820E-1,2.453551074E-2,9.804040518E0
7.237686342E1,3.409204468E-1,2.445388726E-2,9.804044026E0
7.238682642E1,3.406965350E-1,2.418891703E-2,9.804052212E0
7.239678842E1,3.410631189E-1,2.441616130E-2,9.804038764E0
7.240675142E1,3.407818678E-1,2.449419422E-2,9.804048704E0
7.241671442E1,3.401542057E-1,2.434045356E-2,9.804070923E0
7.242667742E1,3.403721242E-1,2.426652968E-2,9.804063322E0
7.243663942E1,3.406791395E-1,2.412777023E-2,9.804052797E0
7.244660242E1,3.408402303E-1,2.392734321E-2,9.804048119E0
7.245656542E1,3.407423260E-1,2.406763527E-2,9.804051043E0
7.246652742E1,3.405388794E-1,2.411764267E-2,9.804058059E0
7.247649042E1,3.405868632E-1,2.421786075E-2,9.804055721E0
7.248645342E1,3.407759475E-1,2.420876787E-2,9.804049289E0
7.249641542E1,3.405170620E-1,2.393818796E-2,9.804059229E0
7.250637842E1,3.404833309E-1,2.385538134E-2,9.804060398E0
7.251634142E1,3.405634378E-1,2.395044199E-2,9.804057475E0
7.252630442E1,3.402612829E-1,2.392440589E-2,9.804068000E0
7.253626642E1,3.401390395E-1,2.397020375E-2,9.804072093E0
7.254622942E1,3.398603466E-1,2.381648137E-2,9.804082033E0
7.255619242E1,3.398718583E-1,2.379455431E-2,9.804082033E0
7.256615442E1,3.400508197E-1,2.376737846E-2,9.804075601E0
7.257611742E1,3.397709573E-1,2.364524931E-2,9.804085541E0
7.258608042E1,3.398180639E-1,2.362320120E-2,9.804084372E0
7.259604342E1,3.400158095E-1,2.357998205E-2,9.804077355E0
7.260600542E1,3.400201583E-1,2.347052720E-2,9.804077355E0
7.261596842E1,3.402278076E-1,2.335134678E-2,9.804070339E0
7.262593142E1,3.402315352E-1,2.311068361E-2,9.804070923E0
7.263589342E1,3.402140666E-1,2.291137350E-2,9.804072093E0
7.264585642E1,3.404362243E-1,2.290040997E-2,9.804064491E0
7.265581942E1,3.401043948E-1,2.275805082E-2,9.804076186E0
7.266578142E1,3.395374707E-1,2.249544689E-2,9.804096651E0
7.267574442E1,3.396844916E-1,2.248870660E-2,9.804091389E0
7.268570742E1,3.401204015E-1,2.249087418E-2,9.804076186E0
7.269567042E1,3.398096951E-1,2.226178667E-2,9.804087880E0
7.270563242E1,3.397279803E-1,2.229030555E-2,9.804090219E0
7.271559542E1,3.401522689E-1,2.235179724E-2,9.804075601E0
7.272555842E1,3.401534018E-1,2.228619423E-2,9.804075601E0
7.273552042E1,3.400724178E-1,2.226816150E-2,9.804078525E0
7.274548342E1,3.399660350E-1,2.222828395E-2,9.804082033E0
7.275544642E1,3.399908126E-1,2.225717742E-2,9.804081448E0
7.276540842E1,3.403589679E-1,2.241712161E-2,9.804068000E0
7.277537142E1,3.402164055E-1,2.228814482E-2,9.804073262E0
7.278533442E1,3.400235570E-1,2.229657989E-2,9.804080279E0
7.279529742E1,3.401115576E-1,2.236143601E-2,9.804076771E0
7.280525942E1,3.402660337E-1,2.238448455E-2,9.804071508E0
7.281522242E1,3.402971702E-1,2.240000708E-2,9.804070339E0
7.282518542E1,3.401191955E-1,2.237754555E-2,9.804076771E0
7.283514742E1,3.401613320E-1,2.238614964E-2,9.804075016E0
7.284511042E1,3.403714298E-1,2.235310373E-2,9.804068000E0
7.285507342E1,3.403746092E-1,2.227241444E-2,9.804068000E0
7.286503542E1,3.401797873E-1,2.214552986E-2,9.804075016E0
7.287499842E1,3.402831003E-1,2.213680015E-2,9.804071508E0
7.288496142E1,3.403620377E-1,2.222690437E-2,9.804068584E0
7.289492442E1,3.401959768E-1,2.228037442E-2,9.804074432E0
7.290488642E1,3.399570815E-1,2.229675804E-2,9.804082618E0
7.291484942E1,3.398890345E-1,2.217211185E-2,9.804084957E0
7.292481242E1,3.401003017E-1,2.197287483E-2,9.804077940E0
7.293477442E1,3.403279411E-1,2.179638028E-2,9.804070923E0
7.294473742E1,3.402217776E-1,2.167645069E-2,9.804074432E0
7.295470042E1,3.401494183E-1,2.183672150E-2,9.804076771E0
7.296466242E1,3.401086706E-1,2.200654657E-2,9.804077940E0
7.297462542E1,3.400162115E-1,2.207087051E-2,9.804080864E0
7.298458854E1,3.400626237E-1,2.210715751E-2,9.804079109E0
7.299455154E1,3.399775833E-1,2.205620679E-2,9.804082033E0
7.300451354E1,3.398961974E-1,2.210433440E-2,9.804084957E0
7.301447654E1,3.399042007E-1,2.224684429E-2,9.804084372E0
7.302443954E1,3.397620038E-1,2.223712558E-2,9.804089050E0
7.303440154E1,3.396990731E-1,2.217118452E-2,9.804091389E0
7.304436454E1,3.396950531E-1,2.200183910E-2,9.804091973E0
7.305432754E1,3.397618941E-1,2.194066033E-2,9.804090219E0
7.306428954E1,3.397289304E-1,2.201611910E-2,9.804090804E0
7.307425254E1,3.395740889E-1,2.209523238E-2,9.804096066E0
7.308421554E1,3.394389816E-1,2.209792759E-2,9.804100744E0
7.309417854E1,3.394014133E-1,2.212128447E-2,9.804101914E0
7.310414054E1,3.395551950E-1,2.215988295E-2,9.804096651E0
7.311410354E1,3.394217324E-1,2.210462447E-2,9.804101329E0
7.312406654E1,3.391763320E-1,2.206289911E-2,9.804110100E0
7.313402854E1,3.390731287E-1,2.202099559E-2,9.804113608E0
7.314399154E1,3.388991740E-1,2.182518467E-2,9.804120040E0
7.315395454E1,3.387331496E-1,2.175331417E-2,9.804125887E0
7.316391654E1,3.385870789E-1,2.167855203E-2,9.804131150E0
7.317387954E1,3.385583910E-1,2.162006389E-2,9.804132319E0
7.318384254E1,3.385074836E-1,2.162425972E-2,9.804134073E0
7.319380554E1,3.385003939E-1,2.154283039E-2,9.804134658E0
7.320376754E1,3.384880051E-1,2.155759233E-2,9.804134658E0
7.321373054E1,3.385231980E-1,2.157562733E-2,9.804133489E0
7.322369354E1,3.385851785E-1,2.158775345E-2,9.804131734E0
7.323365554E1,3.385970191E-1,2.156334361E-2,9.804131150E0
7.324361854E1,3.385123076E-1,2.166520622E-2,9.804134073E0
7.325358154E1,3.382699405E-1,2.182392843E-2,9.804141675E0
7.326354354E1,3.381394380E-1,2.181316362E-2,9.804146352E0
7.327350654E1,3.382310565E-1,2.173007377E-2,9.804143429E0
7.328346954E1,3.382609504E-1,2.167843783E-2,9.804142259E0
7.329343154E1,3.384740814E-1,2.162571239E-2,9.804135243E0
7.330339454E1,3.385084338E-1,2.165340672E-2,9.804134073E0
7.331335754E1,3.385121980E-1,2.162102091E-2,9.804134073E0
7.332332054E1,3.385947168E-1,2.166570186E-2,9.804131150E0
7.333328254E1,3.385328825E-1,2.165561770E-2,9.804132904E0
7.334324554E1,3.385897832E-1,2.167249925E-2,9.804131150E0
7.335320854E1,3.383973367E-1,2.178121863E-2,9.804137582E0
7.336317054E1,3.383834130E-1,2.196336854E-2,9.804137582E0
7.337313354E1,3.383401436E-1,2.189220609E-2,9.804139336E0
7.338309654E1,3.386804516E-1,2.179791517E-2,9.804127641E0
7.339305854E1,3.389772343E-1,2.173667701E-2,9.804117701E0
7.340302154E1,3.390576701E-1,2.160325086E-2,9.804115362E0
7.341298454E1,3.389918889E-1,2.163472989E-2,9.804117116E0
7.342294654E1,3.389582674E-1,2.175948800E-2,9.804118286E0
7.343290954E1,3.388351835E-1,2.181918899E-2,9.804122379E0
7.344287254E1,3.390385935E-1,2.183414964E-2,9.804115362E0
7.345283554E1,3.388574030E-1,2.178103362E-2,9.804121794E0
7.346279754E1,3.386601325E-1,2.169805341E-2,9.804128811E0
7.347276054E1,3.388261569E-1,2.179246767E-2,9.804122964E0
7.348272354E1,3.387633724E-1,2.186798355E-2,9.804124718E0
7.349268554E1,3.386049129E-1,2.192179392E-2,9.804129980E0
7.350264854E1,3.387711931E-1,2.200726833E-2,9.804124133E0
7.351261154E1,3.390411152E-1,2.199290611E-2,9.804114777E0
7.352257354E1,3.392573890E-1,2.195817000E-2,9.804107176E0
7.353253654E1,3.393344261E-1,2.202829090E-2,9.804104837E0
7.354249954E1,3.393274460E-1,2.198134644E-2,9.804104837E0
7.355246254E1,3.394709221E-1,2.205188533E-2,9.804099575E0
7.356242454E1,3.396427571E-1,2.204813032E-2,9.804093727E0
7.357238754E1,3.397917515E-1,2.199033197E-2,9.804089050E0
7.358235054E1,3.398633799E-1,2.202937812E-2,9.804086126E0
7.359231254E1,3.397976718E-1,2.213154908E-2,9.804088465E0
7.360227554E1,3.396930432E-1,2.219000068E-2,9.804091973E0
7.361223854E1,3.395702882E-1,2.232963036E-2,9.804095482E0
7.362220054E1,3.393964431E-1,2.235252815E-2,9.804101914E0
7.363216354E1,3.395982086E-1,2.231688982E-2,9.804094897E0
7.364212654E1,3.396253616E-1,2.226015127E-2,9.804093727E0
7.365208854E1,3.397917149E-1,2.225809790E-2,9.804088465E0
7.366205154E1,3.400233743E-1,2.222512965E-2,9.804080279E0
7.367201454E1,3.401134580E-1,2.212469915E-2,9.804077355E0
7.368197654E1,3.402133357E-1,2.216525964E-2,9.804073847E0
7.369193954E1,3.402368708E-1,2.218305025E-2,9.804073262E0
7.370190254E1,3.401979868E-1,2.220462557E-2,9.804074432E0
7.371186554E1,3.401922492E-1,2.221688645E-2,9.804074432E0
7.372182754E1,3.400803846E-1,2.220306326E-2,9.804078525E0
7.373179054E1,3.399517459E-1,2.212295184E-2,9.804083202E0
7.374175354E1,3.399357392E-1,2.220860213E-2,9.804083202E0
7.375171554E1,3.398646955E-1,2.228571685E-2,9.804085541E0
7.376167854E1,3.398645128E-1,2.232188051E-2,9.804085541E0
7.377164154E1,3.398592868E-1,2.235822461E-2,9.804085541E0
7.378160354E1,3.397919707E-1,2.233433782E-2,9.804087880E0
7.379156654E1,3.398627586E-1,2.229702985E-2,9.804085541E0
7.380152954E1,3.400371883E-1,2.233803116E-2,9.804079694E0
7.381149154E1,3.400932120E-1,2.233563289E-2,9.804077355E0
7.382145454E1,3.401270893E-1,2.239844021E-2,9.804076186E0
7.383141754E1,3.402433758E-1,2.232669533E-2,9.804072677E0
7.384138054E1,3.404123238E-1,2.215096823E-2,9.804066830E0
7.385134254E1,3.405287930E-1,2.205504191E-2,9.804063322E0
7.386130554E1,3.403412436E-1,2.206364372E-2,9.804069754E0
7.387126854E1,3.402195849E-1,2.213605783E-2,9.804073847E0
7.388123054E1,3.400939429E-1,2.217188573E-2,9.804077940E0
7.389119354E1,3.399066493E-1,2.231605385E-2,9.804084372E0
7.390115654E1,3.397749042E-1,2.241741625E-2,9.804088465E0
7.391111854E1,3.397236679E-1,2.232838097E-2,9.804090219E0
7.392108154E1,3.400197198E-1,2.214783905E-2,9.804080864E0
7.393104454E1,3.402061363E-1,2.206160176E-2,9.804074432E0
7.394100654E1,3.402549240E-1,2.202844165E-2,9.804072677E0
7.395096954E1,3.401364448E-1,2.202038117E-2,9.804076771E0
7.396093254E1,3.401699932E-1,2.195039959E-2,9.804075601E0
7.397089454E1,3.402074154E-1,2.197711406E-2,9.804074432E0
7.398085742E1,3.402651201E-1,2.201757862E-2,9.804072093E0
7.399082042E1,3.402892399E-1,2.204867165E-2,9.804071508E0
7.400078342E1,3.401786910E-1,2.207815897E-2,9.804075016E0
7.401074542E1,3.400270288E-1,2.202634716E-2,9.804080864E0
7.402070842E1,3.400953316E-1,2.212466946E-2,9.804077940E0
7.403067142E1,3.400085004E-1,2.211098561E-2,9.804080864E0
7.404063342E1,3.400232647E-1,2.207003682E-2,9.804080864E0
7.405059642E1,3.402051496E-1,2.214840550E-2,9.804074432E0
7.406055942E1,3.401937841E-1,2.210215083E-2,9.804074432E0
7.407052142E1,3.402970971E-1,2.209692260E-2,9.804070923E0
7.408048442E1,3.403262235E-1,2.204974287E-2,9.804070339E0
7.409044742E1,3.401094380E-1,2.203845501E-2,9.804077940E0
7.410040942E1,3.400991323E-1,2.202312205E-2,9.804077940E0
7.411037242E1,3.400783747E-1,2.197668922E-2,9.804079109E0
7.412033542E1,3.399891681E-1,2.208302861E-2,9.804082033E0
7.413029742E1,3.397986950E-1,2.216446022E-2,9.804088465E0
7.414026042E1,3.397234121E-1,2.210383876E-2,9.804090804E0
7.415022342E1,3.397945654E-1,2.210174198E-2,9.804088465E0
7.416018542E1,3.399389186E-1,2.200829160E-2,9.804083787E0
7.417014842E1,3.400148227E-1,2.203045163E-2,9.804080864E0
7.418011142E1,3.400399292E-1,2.203078739E-2,9.804080279E0
7.419007442E1,3.400061981E-1,2.205900249E-2,9.804081448E0
7.420003642E1,3.398931276E-1,2.217352112E-2,9.804084957E0
7.420999942E1,3.399013137E-1,2.223705249E-2,9.804084372E0
7.421996242E1,3.399433405E-1,2.225752231E-2,9.804083202E0
7.422992442E1,3.399396860E-1,2.215517548E-2,9.804083202E0
7.423988742E1,3.399768889E-1,2.214500224E-2,9.804082033E0
7.424985042E1,3.399163337E-1,2.215819045E-2,9.804084372E0
7.425981242E1,3.398894731E-1,2.224205688E-2,9.804084957E0
7.426977542E1,3.397937249E-1,2.224899132E-2,9.804088465E0
7.427973842E1,3.396116207E-1,2.232941109E-2,9.804094312E0
7.428970042E1,3.395874278E-1,2.237939793E-2,9.804094897E0
7.429966342E1,3.395235104E-1,2.227898342E-2,9.804097236E0
7.430962642E1,3.395427697E-1,2.223959466E-2,9.804096651E0
7.431958842E1,3.395249723E-1,2.227586567E-2,9.804097236E0
7.432955142E1,3.395160187E-1,2.231270998E-2,9.804097821E0
7.433951442E1,3.395182114E-1,2.227025599E-2,9.804097821E0
7.434947642E1,3.394469119E-1,2.240852209E-2,9.804099575E0
7.435943942E1,3.393664031E-1,2.262882964E-2,9.804101914E0
7.436940242E1,3.392691200E-1,2.284623186E-2,9.804104837E0
7.437936542E1,3.392663061E-1,2.295720333E-2,9.804104837E0
7.438932742E1,3.391648569E-1,2.280875258E-2,9.804108930E0
7.439929042E1,3.392501897E-1,2.277698575E-2,9.804106007E0
7.440925342E1,3.394442441E-1,2.264945250E-2,9.804099575E0
7.441921542E1,3.394180778E-1,2.241139316E-2,9.804100744E0
7.442917842E1,3.392653193E-1,2.222882756E-2,9.804106591E0
7.443914142E1,3.392883427E-1,2.211104042E-2,9.804106007E0
7.444910342E1,3.392593990E-1,2.203333413E-2,9.804107176E0
7.445906642E1,3.392125848E-1,2.197960598E-2,9.804108930E0
7.446902942E1,3.391676708E-1,2.201777962E-2,9.804110100E0
7.447899142E1,3.391264480E-1,2.211027526E-2,9.804111854E0
7.448895442E1,3.391585346E-1,2.212191716E-2,9.804110684E0
7.449891742E1,3.390461218E-1,2.203468629E-2,9.804114777E0
7.450887942E1,3.389809619E-1,2.205786274E-2,9.804116532E0
7.451884242E1,3.388377417E-1,2.209115075E-2,9.804121794E0
7.452880542E1,3.386886742E-1,2.209579198E-2,9.804127057E0
7.453876742E1,3.386637139E-1,2.203856236E-2,9.804127641E0
7.454873042E1,3.386064478E-1,2.191154987E-2,9.804129980E0
7.455869342E1,3.385995042E-1,2.169088372E-2,9.804130565E0
7.456865542E1,3.386377669E-1,2.161615128E-2,9.804129395E0
7.457861842E1,3.386875413E-1,2.142621270E-2,9.804128226E0
7.458858142E1,3.387920603E-1,2.129777495E-2,9.804124718E0
7.459854442E1,3.388067880E-1,2.136741392E-2,9.804124133E0
7.460850642E1,3.387855553E-1,2.144208698E-2,9.804124718E0
7.461846942E1,3.387129036E-1,2.165513804E-2,9.804127057E0
7.462843242E1,3.385541152E-1,2.186560355E-2,9.804131734E0
7.463839442E1,3.383465756E-1,2.213023802E-2,9.804138751E0
7.464835742E1,3.382967281E-1,2.224829239E-2,9.804139920E0
7.465832042E1,3.383755558E-1,2.225096932E-2,9.804136997E0
7.466828242E1,3.384497424E-1,2.212822804E-2,9.804134658E0
7.467824542E1,3.386214313E-1,2.196149332E-2,9.804129395E0
7.468820842E1,3.387066910E-1,2.186736000E-2,9.804126472E0
7.469817042E1,3.386467570E-1,2.176480303E-2,9.804128811E0
7.470813342E1,3.386874682E-1,2.186433360E-2,9.804127057E0
7.471809642E1,3.387710103E-1,2.182695711E-2,9.804124718E0
7.472805842E1,3.386610461E-1,2.187559178E-2,9.804128226E0
7.473802142E1,3.385700488E-1,2.194465516E-2,9.804131150E0
7.474798442E1,3.383955825E-1,2.202136789E-2,9.804136997E0
7.475794642E1,3.383294725E-1,2.223139485E-2,9.804138751E0
7.476790942E1,3.383368546E-1,2.232563781E-2,9.804138166E0
7.477787242E1,3.384684535E-1,2.238577962E-2,9.804133489E0
7.478783442E1,3.385205668E-1,2.225455302E-2,9.804132319E0
7.479779742E1,3.387066910E-1,2.226158339E-2,9.804125887E0
7.480776042E1,3.387632262E-1,2.217877448E-2,9.804124133E0
7.481772242E1,3.387451730E-1,2.210998518E-2,9.804124718E0
7.482768542E1,3.388640542E-1,2.214995638E-2,9.804120625E0
7.483764842E1,3.387358174E-1,2.208940801E-2,9.804125302E0
7.484761142E1,3.386463185E-1,2.200141198E-2,9.804128226E0
7.485757342E1,3.385700854E-1,2.204182858E-2,9.804131150E0
7.486753642E1,3.385799160E-1,2.196636295E-2,9.804130565E0
7.487749942E1,3.386707306E-1,2.204164357E-2,9.804127641E0
7.488746142E1,3.386946676E-1,2.202633117E-2,9.804126472E0
7.489742442E1,3.386133182E-1,2.214688888E-2,9.804129395E0
7.490738742E1,3.386198598E-1,2.216057274E-2,9.804128811E0
7.491734942E1,3.386414580E-1,2.221614184E-2,9.804128226E0
7.492731242E1,3.386803785E-1,2.234813131E-2,9.804126472E0
7.493727542E1,3.387334054E-1,2.236338661E-2,9.804124718E0
7.494723742E1,3.387858111E-1,2.223911729E-2,9.804122964E0
7.495720042E1,3.388810111E-1,2.215328884E-2,9.804120040E0
7.496716342E1,3.389089315E-1,2.209213976E-2,9.804119455E0
7.497712542E1,3.388191402E-1,2.203869712E-2,9.804122379E0
7.498708829E1,3.388155223E-1,2.200540910E-2,9.804122379E0
7.499705129E1,3.388296287E-1,2.202488079E-2,9.804121794E0
7.500701329E1,3.387996617E-1,2.219851112E-2,9.804122964E0
7.501697629E1,3.387108937E-1,2.234111009E-2,9.804125302E0
7.502693929E1,3.386611558E-1,2.248695700E-2,9.804127057E0
7.503690129E1,3.387233921E-1,2.253889901E-2,9.804124718E0
7.504686429E1,3.387038770E-1,2.259377604E-2,9.804125302E0
7.505682729E1,3.387645053E-1,2.255252805E-2,9.804122964E0
7.506678929E1,3.388563431E-1,2.248112121E-2,9.804120040E0
7.507675229E1,3.389919255E-1,2.245922841E-2,9.804115362E0
7.508671529E1,3.389851281E-1,2.243186299E-2,9.804115947E0
7.509667729E1,3.389420779E-1,2.241665337E-2,9.804117116E0
7.510664029E1,3.388722768E-1,2.244590772E-2,9.804119455E0
7.511660329E1,3.387994790E-1,2.255902622E-2,9.804121794E0
7.512656529E1,3.387979441E-1,2.265723889E-2,9.804121794E0
7.513652829E1,3.388642003E-1,2.273665367E-2,9.804119455E0
7.514649129E1,3.389429185E-1,2.273691405E-2,9.804116532E0
7.515645329E1,3.390415902E-1,2.265650799E-2,9.804113023E0
7.516641629E1,3.391929235E-1,2.269349162E-2,9.804107761E0
7.517637929E1,3.392300168E-1,2.267211274E-2,9.804106591E0
7.518634229E1,3.391979302E-1,2.261564828E-2,9.804107761E0
7.519630429E1,3.391032784E-1,2.258565846E-2,9.804111269E0
7.520626729E1,3.390198094E-1,2.267374814E-2,9.804114193E0
7.521623029E1,3.389713140E-1,2.271948433E-2,9.804115362E0
7.522619229E1,3.389835932E-1,2.272762475E-2,9.804115362E0
7.523615529E1,3.389615930E-1,2.280005028E-2,9.804115947E0
7.524611829E1,3.389387889E-1,2.293716748E-2,9.804115947E0
7.525608029E1,3.389463903E-1,2.294912915E-2,9.804115947E0
7.526604329E1,3.390278127E-1,2.294581497E-2,9.804113023E0
7.527600629E1,3.390162279E-1,2.283521580E-2,9.804113608E0
7.528596829E1,3.390201748E-1,2.281295298E-2,9.804113608E0
7.529593129E1,3.389595100E-1,2.281501778E-2,9.804115947E0
7.530589429E1,3.389771978E-1,2.286725443E-2,9.804114777E0
7.531585629E1,3.390095402E-1,2.285944291E-2,9.804114193E0
7.532581929E1,3.389114166E-1,2.285297672E-2,9.804117116E0
7.533578229E1,3.389555631E-1,2.279488371E-2,9.804115947E0
7.534574429E1,3.390505072E-1,2.281644532E-2,9.804112439E0
7.535570729E1,3.390091747E-1,2.279297195E-2,9.804114193E0
7.536567029E1,3.389352440E-1,2.283344793E-2,9.804116532E0
7.537563229E1,3.390292380E-1,2.282176720E-2,9.804113608E0
7.538559529E1,3.390790124E-1,2.283632357E-2,9.804111854E0
7.539555829E1,3.391492886E-1,2.283676211E-2,9.804108930E0
7.540552029E1,3.391230493E-1,2.288582847E-2,9.804110100E0
7.541548329E1,3.391210393E-1,2.285049850E-2,9.804110100E0
7.542544629E1,3.391839334E-1,2.282525041E-2,9.804107761E0
7.543540829E1,3.391462919E-1,2.283106565E-2,9.804109515E0
7.544537129E1,3.391593385E-1,2.281841419E-2,9.804108930E0
7.545533429E1,3.391609831E-1,2.275902612E-2,9.804108930E0
7.546529629E1,3.389920351E-1,2.286192798E-2,9.804114777E0
7.547525929E1,3.390284706E-1,2.305073366E-2,9.804113023E0
7.548522229E1,3.391832025E-1,2.303391606E-2,9.804107761E0
7.549518429E1,3.392278606E-1,2.299554828E-2,9.804106007E0
7.550514729E1,3.393315025E-1,2.300603901E-2,9.804102498E0
7.551511029E1,3.393537585E-1,2.303873316E-2,9.804101329E0
7.552507229E1,3.393292733E-1,2.298880571E-2,9.804102498E0
7.553503529E1,3.393003295E-1,2.300267457E-2,9.804103668E0
7.554499829E1,3.392051661E-1,2.286151228E-2,9.804107176E0
7.555496029E1,3.392735420E-1,2.286149172E-2,9.804104837E0
7.556492329E1,3.393790111E-1,2.279959118E-2,9.804101329E0
7.557488629E1,3.392881966E-1,2.274771085E-2,9.804104837E0
7.558484829E1,3.392303457E-1,2.271470834E-2,9.804106591E0
7.559481129E1,3.391627738E-1,2.271359600E-2,9.804108930E0
7.560477429E1,3.390991853E-1,2.275895075E-2,9.804111269E0
7.561473629E1,3.391057269E-1,2.273114678E-2,9.804110684E0
7.562469929E1,3.390897932E-1,2.278011493E-2,9.804111269E0
7.563466229E1,3.390628960E-1,2.288138596E-2,9.804111854E0
7.564462429E1,3.390393610E-1,2.300314737E-2,9.804112439E0
7.565458729E1,3.390516036E-1,2.309748169E-2,9.804111854E0
7.566455029E1,3.390810955E-1,2.317283540E-2,9.804110684E0
7.567451229E1,3.391000624E-1,2.332973949E-2,9.804109515E0
7.568447529E1,3.390393610E-1,2.331717483E-2,9.804111854E0
7.569443829E1,3.390384474E-1,2.319125870E-2,9.804112439E0
7.570440029E1,3.390697665E-1,2.317032521E-2,9.804111269E0
7.571436329E1,3.390911819E-1,2.321436662E-2,9.804110100E0
7.572432629E1,3.390250353E-1,2.318148517E-2,9.804112439E0
7.573428829E1,3.389776363E-1,2.327060039E-2,9.804114193E0
7.574425129E1,3.389300546E-1,2.340183384E-2,9.804115362E0
7.575421429E1,3.388524328E-1,2.345562594E-2,9.804117701E0
7.576417629E1,3.387999906E-1,2.351463713E-2,9.804119455E0
7.577413929E1,3.388060936E-1,2.354008851E-2,9.804119455E0
7.578410229E1,3.387270466E-1,2.355454895E-2,9.804121794E0
7.579406429E1,3.387535052E-1,2.355677135E-2,9.804121209E0
7.580402729E1,3.387823393E-1,2.341369957E-2,9.804120625E0
7.581399029E1,3.387587677E-1,2.321513407E-2,9.804121794E0
7.582395229E1,3.389545033E-1,2.312947693E-2,9.804115362E0
7.583391529E1,3.389181774E-1,2.307052968E-2,9.804116532E0
7.584387829E1,3.386246472E-1,2.287888947E-2,9.804127057E0
7.585384029E1,3.389113801E-1,2.287103913E-2,9.804117116E0
7.586380329E1,3.389748223E-1,2.270588727E-2,9.804115362E0
7.587376629E1,3.389240247E-1,2.254881187E-2,9.804117701E0
7.588372829E1,3.390646867E-1,2.261199149E-2,9.804112439E0
7.589369129E1,3.390095036E-1,2.263660690E-2,9.804114193E0
7.590365429E1,3.389561113E-1,2.266672691E-2,9.804115947E0
7.591361629E1,3.390867965E-1,2.286903143E-2,9.804111269E0
7.592357929E1,3.388792569E-1,2.294405852E-2,9.804118286E0
7.593354229E1,3.387455019E-1,2.297480437E-2,9.804122964E0
7.594350429E1,3.389313337E-1,2.292331918E-2,9.804116532E0
7.595346729E1,3.389595465E-1,2.277635078E-2,9.804115947E0
7.596343029E1,3.389228918E-1,2.278945448E-2,9.804117116E0
7.597339229E1,3.388875527E-1,2.291356849E-2,9.804118286E0
7.598335529E1,3.388711805E-1,2.293994720E-2,9.804118286E0
7.599331829E1,3.388397517E-1,2.311683461E-2,9.804119455E0
7.600328029E1,3.387635551E-1,2.319223856E-2,9.804121794E0
7.601324329E1,3.386977009E-1,2.322110005E-2,9.804124133E0
7.602320629E1,3.387112591E-1,2.318924187E-2,9.804123548E0
7.603316829E1,3.387540900E-1,2.308703208E-2,9.804122379E0
7.604313129E1,3.387967015E-1,2.302253912E-2,9.804120625E0
7.605309429E1,3.388394959E-1,2.295080337E-2,9.804119455E0
7.606305629E1,3.388543332E-1,2.304549629E-2,9.804118870E0
7.607301929E1,3.388576588E-1,2.306904504E-2,9.804118870E0
7.608298229E1,3.388024026E-1,2.302909211E-2,9.804120625E0
7.609294429E1,3.387805852E-1,2.306592043E-2,9.804121209E0
7.610290729E1,3.386847274E-1,2.309221691E-2,9.804124718E0
7.611287029E1,3.386589265E-1,2.309348457E-2,9.804125302E0
7.612283229E1,3.387127209E-1,2.323329241E-2,9.804123548E0
7.613279529E1,3.387188239E-1,2.328586254E-2,9.804122964E0
7.614275829E1,3.387693658E-1,2.336624119E-2,9.804121209E0
7.615272029E1,3.388882836E-1,2.338685491E-2,9.804117116E0
7.616268329E1,3.389831181E-1,2.338923034E-2,9.804113608E0
7.617264629E1,3.390972484E-1,2.336349118E-2,9.804109515E0
7.618260829E1,3.390844942E-1,2.333364982E-2,9.804110100E0
7.619257129E1,3.390996604E-1,2.320605946E-2,9.804110100E0
7.620253429E1,3.389284101E-1,2.309683073E-2,9.804115947E0
7.621249629E1,3.387492660E-1,2.304129360E-2,9.804122379E0
7.622245929E1,3.385874809E-1,2.308685621E-2,9.804128226E0
7.623242229E1,3.385552115E-1,2.317707463E-2,9.804128811E0
7.624238429E1,3.384644701E-1,2.312253564E-2,9.804132319E0
7.625234729E1,3.385758961E-1,2.310384739E-2,9.804128226E0
7.626231029E1,3.385943879E-1,2.308743179E-2,9.804127641E0
7.627227229E1,3.386006371E-1,2.311216597E-2,9.804127641E0
7.628223529E1,3.386067401E-1,2.306634527E-2,9.804127641E0
7.629219829E1,3.385508261E-1,2.304771641E-2,9.804129395E0
7.630216029E1,3.385478660E-1,2.309176924E-2,9.804129395E0
7.631212329E1,3.386287403E-1,2.310057204E-2,9.804126472E0
7.632208629E1,3.386809632E-1,2.316719147E-2,9.804124718E0
7.633204829E1,3.385593411E-1,2.313974381E-2,9.804128811E0
7.634201129E1,3.385418360E-1,2.308974098E-2,9.804129395E0
7.635197429E1,3.385780522E-1,2.297620907E-2,9.804128811E0
7.636193629E1,3.386302752E-1,2.292219998E-2,9.804127057E0
7.637189929E1,3.386048763E-1,2.287133606E-2,9.804127641E0
7.638186229E1,3.385607664E-1,2.292969173E-2,9.804129395E0
7.639182429E1,3.385879559E-1,2.297410773E-2,9.804128226E0
7.640178729E1,3.386004909E-1,2.301385509E-2,9.804127641E0
7.641175029E1,3.385575504E-1,2.307108700E-2,9.804128811E0
7.642171229E1,3.385510454E-1,2.316118437E-2,9.804128811E0
7.643167529E1,3.386138664E-1,2.319158989E-2,9.804127057E0
7.644163829E1,3.386678070E-1,2.324002128E-2,9.804124718E0
7.645160029E1,3.386915978E-1,2.328073480E-2,9.804124133E0
7.646156329E1,3.386192020E-1,2.326429864E-2,9.804126472E0
7.647152629E1,3.386281921E-1,2.323752479E-2,9.804126472E0
7.648148829E1,3.385307994E-1,2.329876296E-2,9.804129395E0
7.649145129E1,3.384757990E-1,2.328856002E-2,9.804131150E0
7.650141429E1,3.383953267E-1,2.334225391E-2,9.804134073E0
7.651137629E1,3.383622534E-1,2.333216974E-2,9.804135243E0
7.652133929E1,3.383920742E-1,2.331518541E-2,9.804134073E0
7.653130229E1,3.384838024E-1,2.336047392E-2,9.804131150E0
7.654126429E1,3.385429324E-1,2.339271127E-2,9.804128811E0
7.655122729E1,3.386242818E-1,2.335023444E-2,9.804125887E0
7.656119029E1,3.386275708E-1,2.348322205E-2,9.804125887E0
7.657115229E1,3.385382546E-1,2.349520428E-2,9.804128811E0
7.658111529E1,3.385172412E-1,2.368488019E-2,9.804128811E0
7.659107829E1,3.386034876E-1,2.378343775E-2,9.804125887E0
7.660104029E1,3.387033654E-1,2.378817034E-2,9.804122379E0
7.661100329E1,3.386351722E-1,2.390589352E-2,9.804124133E0
7.662096629E1,3.386308599E-1,2.393660282E-2,9.804124718E0
7.663092829E1,3.386572820E-1,2.382674826E-2,9.804123548E0
7.664089129E1,3.386884184E-1,2.378780260E-2,9.804122964E0
7.665085429E1,3.388092000E-1,2.368863063E-2,9.804118870E0
7.666081629E1,3.388464394E-1,2.363500983E-2,9.804117701E0
7.667077929E1,3.387992597E-1,2.369354823E-2,9.804119455E0
7.668074229E1,3.387094684E-1,2.366197783E-2,9.804122379E0
7.669070429E1,3.387034385E-1,2.368669374E-2,9.804122379E0
7.670066729E1,3.386000524E-1,2.358950890E-2,9.804126472E0
7.671062929E1,3.384939254E-1,2.354730160E-2,9.804129980E0
7.672059229E1,3.385378892E-1,2.350230316E-2,9.804128811E0
7.673055529E1,3.385156332E-1,2.346048643E-2,9.804129395E0
7.674051729E1,3.385342712E-1,2.341309429E-2,9.804128811E0
7.675048029E1,3.385878098E-1,2.339311783E-2,9.804127057E0
7.676044329E1,3.385332114E-1,2.333707364E-2,9.804129395E0
7.677040529E1,3.385484507E-1,2.331247650E-2,9.804128811E0
7.678036829E1,3.385932915E-1,2.337703799E-2,9.804127057E0
7.679033129E1,3.385128192E-1,2.347189992E-2,9.804129395E0
7.680029329E1,3.384992975E-1,2.349966278E-2,9.804129980E0
7.681025629E1,3.385255369E-1,2.356121386E-2,9.804128811E0
7.682021929E1,3.385108823E-1,2.365400871E-2,9.804129395E0
7.683018129E1,3.384845699E-1,2.379947419E-2,9.804129980E0
7.684014429E1,3.383950709E-1,2.397186199E-2,9.804132319E0
7.685010729E1,3.383500108E-1,2.406822456E-2,9.804134073E0
7.686006929E1,3.383562966E-1,2.413200946E-2,9.804133489E0
7.687003229E1,3.385011979E-1,2.412458624E-2,9.804128226E0
7.687999529E1,3.385767001E-1,2.414670744E-2,9.804125887E0
7.688995729E1,3.385680389E-1,2.410546173E-2,9.804126472E0
7.689992029E1,3.385435537E-1,2.416644179E-2,9.804127057E0
7.690988329E1,3.385424938E-1,2.416914385E-2,9.804127057E0
7.691984529E1,3.384205429E-1,2.406385057E-2,9.804131150E0
7.692980829E1,3.384477689E-1,2.406900799E-2,9.804130565E0
7.693977129E1,3.385176066E-1,2.412914524E-2,9.804127641E0
7.694973329E1,3.385041580E-1,2.414337955E-2,9.804128226E0
7.695969629E1,3.385247329E-1,2.414881564E-2,9.804127641E0
7.696965929E1,3.385048524E-1,2.415330840E-2,9.804128226E0
7.697962129E1,3.385211515E-1,2.423176159E-2,9.804127641E0
7.698958492E1,3.385211881E-1,2.430394729E-2,9.804127057E0
7.699954792E1,3.385270718E-1,2.430500253E-2,9.804127057E0
7.700950992E1,3.385717299E-1,2.422076608E-2,9.804125887E0
7.701947292E1,3.386501557E-1,2.428867144E-2,9.804122964E0
7.702943492E1,3.386742389E-1,2.442205420E-2,9.804121794E0
7.703939792E1,3.387407145E-1,2.452441930E-2,9.804119455E0
7.704936092E1,3.387339171E-1,2.455765935E-2,9.804119455E0
7.705932292E1,3.388431504E-1,2.454543273E-2,9.804115362E0
7.706928592E1,3.388097481E-1,2.457414347E-2,9.804116532E0
7.707924892E1,3.387669538E-1,2.451913168E-2,9.804118286E0
7.708921092E1,3.387538341E-1,2.446392803E-2,9.804118870E0
7.709917392E1,3.387774788E-1,2.448594416E-2,9.804118286E0
7.710913692E1,3.387512760E-1,2.437122225E-2,9.804119455E0
7.711909892E1,3.387171063E-1,2.429000534E-2,9.804120625E0
7.712906192E1,3.387775154E-1,2.422245629E-2,9.804118870E0
7.713902492E1,3.388021102E-1,2.416751759E-2,9.804117701E0
7.714898692E1,3.388812669E-1,2.404150781E-2,9.804115362E0
7.715894992E1,3.388684030E-1,2.404382842E-2,9.804115947E0
7.716891292E1,3.387985653E-1,2.409526336E-2,9.804118286E0
7.717887492E1,3.388692801E-1,2.415125274E-2,9.804115947E0
7.718883792E1,3.389124033E-1,2.417860674E-2,9.804114193E0
7.719880092E1,3.389486926E-1,2.418859269E-2,9.804113023E0
7.720876292E1,3.390517863E-1,2.407762578E-2,9.804109515E0
7.721872592E1,3.390907434E-1,2.402781253E-2,9.804108346E0
7.722868892E1,3.391151921E-1,2.391766561E-2,9.804107761E0
7.723865092E1,3.391726775E-1,2.383639845E-2,9.804106007E0
7.724861392E1,3.390619459E-1,2.376210683E-2,9.804110100E0
7.725857692E1,3.389714602E-1,2.379602525E-2,9.804113023E0
7.726853892E1,3.390413344E-1,2.390272095E-2,9.804110100E0
7.727850192E1,3.391074080E-1,2.393415658E-2,9.804107761E0
7.728846492E1,3.390283244E-1,2.404780270E-2,9.804110684E0
7.729842692E1,3.390052644E-1,2.415503059E-2,9.804110684E0
7.730838992E1,3.390151316E-1,2.421883147E-2,9.804110684E0
7.731835192E1,3.389797559E-1,2.412954266E-2,9.804111854E0
7.732831492E1,3.389822045E-1,2.412740021E-2,9.804111854E0
7.733827792E1,3.389908291E-1,2.416760438E-2,9.804111269E0
7.734823992E1,3.389072139E-1,2.418463668E-2,9.804114193E0
7.735820292E1,3.389271675E-1,2.413532136E-2,9.804113608E0
7.736816592E1,3.389337457E-1,2.410861374E-2,9.804113608E0
7.737812792E1,3.389432474E-1,2.411249438E-2,9.804113023E0
7.738809092E1,3.389657592E-1,2.407334316E-2,9.804112439E0
7.739805392E1,3.389512873E-1,2.393757812E-2,9.804113608E0
7.740801592E1,3.389549053E-1,2.408284945E-2,9.804113023E0
7.741797892E1,3.388527983E-1,2.420412436E-2,9.804115947E0
7.742794192E1,3.388620076E-1,2.431872522E-2,9.804115362E0
7.743790392E1,3.388963966E-1,2.444638638E-2,9.804114193E0
7.744786692E1,3.388788915E-1,2.453629646E-2,9.804114193E0
7.745782992E1,3.388644562E-1,2.475063345E-2,9.804114193E0
7.746779192E1,3.389023534E-1,2.484867482E-2,9.804113023E0
7.747775492E1,3.388542966E-1,2.488726187E-2,9.804114193E0
7.748771792E1,3.387772230E-1,2.483245793E-2,9.804117116E0
7.749767992E1,3.387027076E-1,2.479730611E-2,9.804120040E0
7.750764292E1,3.387781001E-1,2.475732577E-2,9.804117116E0
7.751760592E1,3.388254625E-1,2.484611437E-2,9.804115362E0
7.752756792E1,3.387776981E-1,2.489702626E-2,9.804117116E0
7.753753092E1,3.386618867E-1,2.502124762E-2,9.804120625E0
7.754749292E1,3.385970191E-1,2.513454656E-2,9.804122379E0
7.755745592E1,3.386713519E-1,2.508442496E-2,9.804120040E0
7.756741892E1,3.387325649E-1,2.499209148E-2,9.804118286E0
7.757738092E1,3.388185555E-1,2.486682631E-2,9.804115362E0
7.758734392E1,3.389349516E-1,2.477885541E-2,9.804111854E0
7.759730692E1,3.389179947E-1,2.482881027E-2,9.804112439E0
7.760726892E1,3.389179582E-1,2.482867323E-2,9.804112439E0
7.761723192E1,3.389525664E-1,2.486707756E-2,9.804111269E0
7.762719492E1,3.388762968E-1,2.495155612E-2,9.804113608E0
7.763715692E1,3.387695120E-1,2.493013384E-2,9.804117116E0
7.764711992E1,3.387805121E-1,2.501421040E-2,9.804116532E0
7.765708292E1,3.387255848E-1,2.512419288E-2,9.804118286E0
7.766704492E1,3.387135249E-1,2.509054626E-2,9.804118870E0
7.767700792E1,3.385873347E-1,2.517850574E-2,9.804122964E0
7.768697092E1,3.385723877E-1,2.508703108E-2,9.804123548E0
7.769693292E1,3.386466108E-1,2.496209481E-2,9.804121209E0
7.770689592E1,3.387226612E-1,2.490900620E-2,9.804118870E0
7.771685792E1,3.388219542E-1,2.486024819E-2,9.804115362E0
7.772682092E1,3.388775758E-1,2.490434214E-2,9.804113608E0
7.773678392E1,3.388996491E-1,2.495363690E-2,9.804112439E0
7.774674592E1,3.388184824E-1,2.517105054E-2,9.804114777E0
7.775670892E1,3.388216253E-1,2.529672685E-2,9.804114193E0
7.776667192E1,3.388951540E-1,2.542282799E-2,9.804111854E0
7.777663392E1,3.388817785E-1,2.544807837E-2,9.804111854E0
7.778659692E1,3.388702668E-1,2.541437009E-2,9.804112439E0
7.779655992E1,3.388302134E-1,2.542214734E-2,9.804113608E0
7.780652192E1,3.388566355E-1,2.533373333E-2,9.804113023E0
7.781648492E1,3.388962869E-1,2.534768214E-2,9.804111854E0
7.782644792E1,3.388446853E-1,2.543303778E-2,9.804113023E0
7.783640992E1,3.387517511E-1,2.543396740E-2,9.804116532E0
7.784637292E1,3.387221861E-1,2.546162747E-2,9.804117701E0
7.785633592E1,3.387473657E-1,2.541694195E-2,9.804116532E0
7.786629792E1,3.387626415E-1,2.547289478E-2,9.804115947E0
7.787626092E1,3.388499478E-1,2.560267556E-2,9.804112439E0
7.788622392E1,3.388290805E-1,2.565872889E-2,9.804113023E0
7.789618592E1,3.388601804E-1,2.568210176E-2,9.804111854E0
7.790614892E1,3.389559651E-1,2.577146823E-2,9.804108346E0
7.791611092E1,3.389706562E-1,2.581721812E-2,9.804107761E0
7.792607392E1,3.390457198E-1,2.593307065E-2,9.804104837E0
7.793603692E1,3.391217702E-1,2.609655971E-2,9.804101914E0
7.794599892E1,3.390813879E-1,2.608245331E-2,9.804103668E0
7.795596192E1,3.390072379E-1,2.621279825E-2,9.804105422E0
7.796592492E1,3.389471943E-1,2.624291826E-2,9.804107761E0
7.797588692E1,3.388237449E-1,2.631559733E-2,9.804111854E0
7.798584967E1,3.387357078E-1,2.628336455E-2,9.804114777E0
7.799581267E1,3.387235383E-1,2.627278246E-2,9.804115362E0
7.800577467E1,3.386793552E-1,2.631747255E-2,9.804116532E0
7.801573767E1,3.387252559E-1,2.638506042E-2,9.804114777E0
7.802570067E1,3.387963361E-1,2.638708182E-2,9.804112439E0
7.803566267E1,3.387065448E-1,2.640693951E-2,9.804115362E0
7.804562567E1,3.387235383E-1,2.645190597E-2,9.804114777E0
7.805558867E1,3.387593159E-1,2.648361113E-2,9.804113608E0
7.806555067E1,3.388102598E-1,2.641460028E-2,9.804111854E0
7.807551367E1,3.388373031E-1,2.628317269E-2,9.804111269E0
7.808547567E1,3.387769306E-1,2.636297805E-2,9.804113023E0
7.809543867E1,3.386362686E-1,2.635606417E-2,9.804118286E0
7.810540167E1,3.385843380E-1,2.634762910E-2,9.804120040E0
7.811536367E1,3.385246233E-1,2.631651781E-2,9.804121794E0
7.812532667E1,3.385207861E-1,2.635047505E-2,9.804121794E0
7.813528967E1,3.384995168E-1,2.636328411E-2,9.804122964E0
7.814525167E1,3.385852151E-1,2.635871597E-2,9.804120040E0
7.815521467E1,3.385886868E-1,2.635907000E-2,9.804119455E0
7.816517767E1,3.386705479E-1,2.643899413E-2,9.804116532E0
7.817513967E1,3.386563318E-1,2.654879160E-2,9.804117116E0
7.818510267E1,3.387732396E-1,2.664752503E-2,9.804112439E0
7.819506567E1,3.387158638E-1,2.679135511E-2,9.804114193E0
7.820502767E1,3.386458068E-1,2.692695113E-2,9.804115947E0
7.821499067E1,3.385815971E-1,2.707454765E-2,9.804117701E0
7.822495267E1,3.384901613E-1,2.710665937E-2,9.804121209E0
7.823491567E1,3.386045109E-1,2.709320620E-2,9.804117116E0
7.824487867E1,3.385969460E-1,2.707223160E-2,9.804117701E0
7.825484067E1,3.385990291E-1,2.709826998E-2,9.804117116E0
7.826480367E1,3.385881021E-1,2.713172930E-2,9.804117701E0
7.827476667E1,3.384490115E-1,2.709400791E-2,9.804122379E0
7.828472867E1,3.384061441E-1,2.698649908E-2,9.804124133E0
7.829469167E1,3.384579650E-1,2.690184008E-2,9.804122964E0
7.830465467E1,3.385470254E-1,2.682090411E-2,9.804120040E0
7.831461667E1,3.385255369E-1,2.671157260E-2,9.804121209E0
7.832457967E1,3.385624840E-1,2.659213180E-2,9.804120040E0
7.833454267E1,3.384643239E-1,2.661362717E-2,9.804123548E0
7.834450467E1,3.382635451E-1,2.657362856E-2,9.804130565E0
7.835446767E1,3.382099700E-1,2.672379693E-2,9.804131734E0
7.836443067E1,3.380629125E-1,2.676017986E-2,9.804136997E0
7.837439267E1,3.378857053E-1,2.677882700E-2,9.804142844E0
7.838435567E1,3.379417290E-1,2.687221571E-2,9.804140505E0
7.839431767E1,3.378992270E-1,2.686782345E-2,9.804142259E0
7.840428067E1,3.379010177E-1,2.684148128E-2,9.804142259E0
7.841424367E1,3.379531310E-1,2.680714716E-2,9.804140505E0
7.842420567E1,3.380859725E-1,2.674798294E-2,9.804135827E0
7.843416867E1,3.381262086E-1,2.660521723E-2,9.804135243E0
7.844413167E1,3.381024178E-1,2.667089105E-2,9.804135827E0
7.845409367E1,3.381239063E-1,2.675083117E-2,9.804134658E0
7.846405667E1,3.381287302E-1,2.677164360E-2,9.804134658E0
7.847401967E1,3.380327263E-1,2.688792782E-2,9.804137582E0
7.848398167E1,3.379133700E-1,2.702009545E-2,9.804141090E0
7.849394467E1,3.378485024E-1,2.720585418E-2,9.804142844E0
7.850390767E1,3.378726953E-1,2.721034923E-2,9.804142259E0
7.851386967E1,3.378723298E-1,2.719203785E-2,9.804142259E0
7.852383267E1,3.377827578E-1,2.716433438E-2,9.804145183E0
7.853379467E1,3.377920037E-1,2.715743193E-2,9.804145183E0
7.854375767E1,3.377143088E-1,2.718660862E-2,9.804147522E0
7.855372067E1,3.377099234E-1,2.716287715E-2,9.804147522E0
7.856368267E1,3.377086809E-1,2.702558635E-2,9.804148107E0
7.857364567E1,3.378275255E-1,2.699492045E-2,9.804144014E0
7.858360867E1,3.379479416E-1,2.700827311E-2,9.804139920E0
7.859357067E1,3.379640580E-1,2.704743803E-2,9.804139336E0
7.860353367E1,3.380001280E-1,2.710591476E-2,9.804138166E0
7.861349667E1,3.380282312E-1,2.720361808E-2,9.804136997E0
7.862345867E1,3.379647524E-1,2.738201983E-2,9.804138166E0
7.863342167E1,3.379257953E-1,2.752695768E-2,9.804139336E0
7.864338467E1,3.378843532E-1,2.762797290E-2,9.804140505E0
7.865334667E1,3.378393662E-1,2.774058205E-2,9.804141675E0
7.866330967E1,3.378722567E-1,2.772919140E-2,9.804140505E0
7.867327167E1,3.378834761E-1,2.770590761E-2,9.804140505E0
7.868323467E1,3.379672375E-1,2.778631139E-2,9.804136997E0
7.869319767E1,3.380462480E-1,2.784491374E-2,9.804134073E0
7.870315967E1,3.381264279E-1,2.797538202E-2,9.804131150E0
7.871312267E1,3.381135275E-1,2.803185790E-2,9.804131734E0
7.872308567E1,3.380097394E-1,2.806050698E-2,9.804134658E0
7.873304767E1,3.379278053E-1,2.798343565E-2,9.804138166E0
7.874301067E1,3.379309847E-1,2.799540645E-2,9.804137582E0
7.875297367E1,3.378649477E-1,2.793762180E-2,9.804140505E0
7.876293567E1,3.378852303E-1,2.779566694E-2,9.804139920E0
7.877289867E1,3.380165733E-1,2.763131449E-2,9.804135827E0
7.878286067E1,3.381610727E-1,2.751850206E-2,9.804131150E0
7.879282367E1,3.382259402E-1,2.744820300E-2,9.804129395E0
7.880278667E1,3.383268412E-1,2.743468588E-2,9.804125887E0
7.881274867E1,3.382740701E-1,2.744387697E-2,9.804127641E0
7.882271167E1,3.382206046E-1,2.753264958E-2,9.804129395E0
7.883267467E1,3.381551524E-1,2.756402355E-2,9.804131150E0
7.884263667E1,3.381136371E-1,2.760914989E-2,9.804132904E0
7.885259967E1,3.381209827E-1,2.758157205E-2,9.804132319E0
7.886256267E1,3.382195083E-1,2.771221392E-2,9.804128811E0
7.887252467E1,3.382412891E-1,2.771346787E-2,9.804128226E0
7.888248767E1,3.382526181E-1,2.781703668E-2,9.804127057E0
7.889244967E1,3.382697578E-1,2.798715183E-2,9.804126472E0
7.890241267E1,3.382176079E-1,2.811871190E-2,9.804127641E0
7.891237567E1,3.381804781E-1,2.825976912E-2,9.804128226E0
7.892233767E1,3.381882257E-1,2.839597727E-2,9.804127641E0
7.893230067E1,3.382014915E-1,2.841410592E-2,9.804127057E0
7.894226367E1,3.382523258E-1,2.847483474E-2,9.804125302E0
7.895222567E1,3.382631797E-1,2.839331633E-2,9.804125302E0
7.896218867E1,3.383209209E-1,2.843788079E-2,9.804122964E0
7.897215167E1,3.383023925E-1,2.847216923E-2,9.804123548E0
7.898211367E1,3.382476845E-1,2.850532477E-2,9.804125302E0
7.899207704E1,3.381661159E-1,2.856661090E-2,9.804128226E0
7.900203904E1,3.381343947E-1,2.861958759E-2,9.804128811E0
7.901200204E1,3.381088132E-1,2.858934195E-2,9.804129980E0
7.902196504E1,3.380586367E-1,2.848844094E-2,9.804131734E0
7.903192704E1,3.381263914E-1,2.838891036E-2,9.804129980E0
7.904189004E1,3.381950596E-1,2.828082367E-2,9.804127641E0
7.905185304E1,3.382651166E-1,2.815595820E-2,9.804125887E0
7.906181504E1,3.383137946E-1,2.804775959E-2,9.804124718E0
7.907177804E1,3.382568939E-1,2.799122204E-2,9.804126472E0
7.908174104E1,3.382314220E-1,2.795230379E-2,9.804127641E0
7.909170304E1,3.381245276E-1,2.794956520E-2,9.804131150E0
7.910166604E1,3.381068763E-1,2.791436541E-2,9.804131734E0
7.911162904E1,3.381865811E-1,2.790300674E-2,9.804129395E0
7.912159104E1,3.383792469E-1,2.785000264E-2,9.804122964E0
7.913155404E1,3.385481949E-1,2.782851184E-2,9.804117116E0
7.914151604E1,3.386521657E-1,2.784425821E-2,9.804113608E0
7.915147904E1,3.387913294E-1,2.790809793E-2,9.804108346E0
7.916144204E1,3.387770768E-1,2.793794385E-2,9.804108930E0
7.917140404E1,3.386748236E-1,2.791814783E-2,9.804112439E0
7.918136704E1,3.386572089E-1,2.792488127E-2,9.804113023E0
7.919133004E1,3.384714502E-1,2.788720099E-2,9.804119455E0
7.920129204E1,3.383676621E-1,2.785539990E-2,9.804122964E0
7.921125504E1,3.383292897E-1,2.797156763E-2,9.804124133E0
7.922121804E1,3.383935726E-1,2.801882958E-2,9.804121794E0
7.923118004E1,3.385580986E-1,2.798032018E-2,9.804116532E0
7.924114304E1,3.387407510E-1,2.804529051E-2,9.804109515E0
7.925110504E1,3.387673558E-1,2.809813015E-2,9.804108930E0
7.926106804E1,3.388886856E-1,2.815206615E-2,9.804104252E0
7.927103104E1,3.388779778E-1,2.819000453E-2,9.804104837E0
7.928099304E1,3.387586581E-1,2.817570169E-2,9.804108930E0
7.929095604E1,3.388151568E-1,2.812051403E-2,9.804107176E0
7.930091904E1,3.387496680E-1,2.815797047E-2,9.804108930E0
7.931088104E1,3.386003447E-1,2.821752299E-2,9.804114193E0
7.932084404E1,3.386008564E-1,2.815280847E-2,9.804114193E0
7.933080704E1,3.384832542E-1,2.819441507E-2,9.804118286E0
7.934076904E1,3.384151707E-1,2.826050916E-2,9.804120625E0
7.935073204E1,3.384023068E-1,2.823543237E-2,9.804120625E0
7.936069404E1,3.383638979E-1,2.820285927E-2,9.804122379E0
7.937065704E1,3.383315555E-1,2.820348510E-2,9.804123548E0
7.938062004E1,3.383142332E-1,2.813535819E-2,9.804124133E0
7.939058204E1,3.383975194E-1,2.813940099E-2,9.804121209E0
7.940054504E1,3.384259881E-1,2.812696195E-2,9.804120625E0
7.941050804E1,3.384804768E-1,2.796100153E-2,9.804118870E0
7.942047004E1,3.385091647E-1,2.784127979E-2,9.804118286E0
7.943043304E1,3.385360619E-1,2.775467476E-2,9.804117701E0
7.944039604E1,3.384830715E-1,2.770033676E-2,9.804119455E0
7.945035804E1,3.384108219E-1,2.767314264E-2,9.804122379E0
7.946032104E1,3.383574660E-1,2.761249149E-2,9.804124133E0
7.947028304E1,3.383764695E-1,2.766097998E-2,9.804123548E0
7.948024604E1,3.383980676E-1,2.766011203E-2,9.804122964E0
7.949020904E1,3.383598780E-1,2.765575403E-2,9.804124133E0
7.950017104E1,3.383159508E-1,2.768990085E-2,9.804125302E0
7.951013404E1,3.383200073E-1,2.768607276E-2,9.804125302E0
7.952009704E1,3.383265854E-1,2.759842847E-2,9.804125302E0
7.953005904E1,3.383669312E-1,2.743814396E-2,9.804124133E0
7.954002204E1,3.384425430E-1,2.741531241E-2,9.804121794E0
7.954998504E1,3.383205920E-1,2.733899254E-2,9.804126472E0
7.955994704E1,3.383717186E-1,2.739509383E-2,9.804124133E0
7.956991004E1,3.384431643E-1,2.736268062E-2,9.804121794E0
7.957987204E1,3.383770542E-1,2.724807976E-2,9.804124718E0
7.958983504E1,3.382978610E-1,2.725656279E-2,9.804127057E0
7.959979804E1,3.382784921E-1,2.731811159E-2,9.804127641E0
7.960976004E1,3.382119434E-1,2.727050246E-2,9.804129980E0
7.961972304E1,3.380928795E-1,2.730619788E-2,9.804134073E0
7.962968604E1,3.379717690E-1,2.732272997E-2,9.804138166E0
7.963964804E1,3.378739378E-1,2.731659040E-2,9.804141675E0
7.964961104E1,3.378771172E-1,2.732803130E-2,9.804141675E0
7.965957304E1,3.378982769E-1,2.741769013E-2,9.804140505E0
7.966953604E1,3.379965101E-1,2.746242589E-2,9.804136997E0
7.967949904E1,3.380232245E-1,2.742906479E-2,9.804136412E0
7.968946104E1,3.380922582E-1,2.736829029E-2,9.804134073E0
7.969942404E1,3.380313376E-1,2.743162523E-2,9.804135827E0
7.970938704E1,3.379309847E-1,2.752403864E-2,9.804139336E0
7.971934904E1,3.378793100E-1,2.752354300E-2,9.804141090E0
7.972931204E1,3.378198145E-1,2.745837167E-2,9.804143429E0
7.973927404E1,3.379115427E-1,2.744701071E-2,9.804139920E0
7.974923704E1,3.379530580E-1,2.742144970E-2,9.804138751E0
7.975920004E1,3.380234073E-1,2.726084770E-2,9.804136997E0
7.976916204E1,3.380657996E-1,2.723749538E-2,9.804135243E0
7.977912504E1,3.380883479E-1,2.732731181E-2,9.804134073E0
7.978908804E1,3.379539716E-1,2.734803288E-2,9.804138751E0
7.979905004E1,3.378889944E-1,2.749187211E-2,9.804140505E0
7.980901304E1,3.377837080E-1,2.756813259E-2,9.804144014E0
7.981897604E1,3.377261860E-1,2.769484130E-2,9.804145768E0
7.982893804E1,3.376498067E-1,2.774199361E-2,9.804148107E0
7.983890104E1,3.377515117E-1,2.763248165E-2,9.804145183E0
7.984886304E1,3.379742541E-1,2.748491483E-2,9.804137582E0
7.985882604E1,3.381011387E-1,2.736220781E-2,9.804133489E0
7.986878904E1,3.380444572E-1,2.731051477E-2,9.804135827E0
7.987875104E1,3.379227621E-1,2.740994942E-2,9.804139920E0
7.988871404E1,3.378312531E-1,2.748328858E-2,9.804142844E0
7.989867704E1,3.377398539E-1,2.745283737E-2,9.804145768E0
7.990863904E1,3.376970961E-1,2.742970204E-2,9.804147522E0
7.991860204E1,3.377110198E-1,2.750674824E-2,9.804146937E0
7.992856404E1,3.376642421E-1,2.747556386E-2,9.804148691E0
7.993852704E1,3.377198271E-1,2.758040032E-2,9.804146352E0
7.994849004E1,3.377524619E-1,2.764175954E-2,9.804145183E0
7.995845204E1,3.377572493E-1,2.771186674E-2,9.804144598E0
7.996841504E1,3.377034549E-1,2.781683797E-2,9.804146352E0
7.997837804E1,3.377787744E-1,2.785770681E-2,9.804143429E0
7.998833904E1,3.377643756E-1,2.779142999E-2,9.804144014E0
7.999830204E1,3.377998244E-1,2.770598298E-2,9.804143429E0
8.000826504E1,3.377894821E-1,2.765364812E-2,9.804143429E0
8.001822704E1,3.377479669E-1,2.757898648E-2,9.804145183E0
8.002819004E1,3.376917971E-1,2.751628652E-2,9.804147522E0
8.003815204E1,3.376441422E-1,2.745099185E-2,9.804149276E0
8.004811504E1,3.376071952E-1,2.747604351E-2,9.804150445E0
8.005807804E1,3.376331422E-1,2.762012713E-2,9.804149276E0
8.006804004E1,3.376646440E-1,2.770891344E-2,9.804148107E0
8.007800304E1,3.375979127E-1,2.782057699E-2,9.804149861E0
8.008796604E1,3.374497223E-1,2.785286915E-2,9.804154539E0
8.009792804E1,3.374719783E-1,2.788695659E-2,9.804153954E0
8.010789104E1,3.374640115E-1,2.785441090E-2,9.804154539E0
8.011785304E1,3.375747431E-1,2.785815449E-2,9.804150445E0
8.012781604E1,3.376711856E-1,2.784854541E-2,9.804146937E0
8.013777904E1,3.377541064E-1,2.783825111E-2,9.804144598E0
8.014774104E1,3.376876309E-1,2.774181317E-2,9.804146937E0
8.015770404E1,3.377032357E-1,2.783768238E-2,9.804146352E0
8.016766704E1,3.376640959E-1,2.785414366E-2,9.804147522E0
8.017762904E1,3.376295242E-1,2.786280485E-2,9.804148691E0
8.018759204E1,3.377111294E-1,2.780749841E-2,9.804145768E0
8.019755404E1,3.377108005E-1,2.770588248E-2,9.804146352E0
8.020751704E1,3.376920163E-1,2.767154608E-2,9.804146937E0
8.021748004E1,3.377013719E-1,2.766362493E-2,9.804146937E0
8.022744204E1,3.376521822E-1,2.768250504E-2,9.804148107E0
8.023740504E1,3.376597470E-1,2.768282709E-2,9.804148107E0
8.024736804E1,3.377496114E-1,2.778460291E-2,9.804144598E0
8.025733004E1,3.377884588E-1,2.779417544E-2,9.804143429E0
8.026729304E1,3.378208743E-1,2.788691776E-2,9.804141675E0
8.027725504E1,3.378082297E-1,2.792433766E-2,9.804142259E0
8.028721804E1,3.377463589E-1,2.794374082E-2,9.804144598E0
8.029718104E1,3.377846947E-1,2.791421010E-2,9.804142844E0
8.030714304E1,3.378515357E-1,2.801026203E-2,9.804140505E0
8.031710604E1,3.377971931E-1,2.801978660E-2,9.804142259E0
8.032706904E1,3.377958775E-1,2.798959807E-2,9.804142259E0
8.033703104E1,3.376855844E-1,2.794478464E-2,9.804146352E0
8.034699404E1,3.376691391E-1,2.797269367E-2,9.804146937E0
8.035695604E1,3.376942821E-1,2.795383869E-2,9.804146352E0
8.036691904E1,3.377626580E-1,2.790228269E-2,9.804144014E0
8.037688204E1,3.378203627E-1,2.797979484E-2,9.804141675E0
8.038684404E1,3.379130411E-1,2.807726062E-2,9.804138166E0
8.039680704E1,3.379123467E-1,2.809465380E-2,9.804138166E0
8.040677004E1,3.377713192E-1,2.818946777E-2,9.804142844E0
8.041673204E1,3.375677630E-1,2.822689681E-2,9.804149861E0
8.042669504E1,3.375218989E-1,2.816226908E-2,9.804151615E0
8.043665704E1,3.377135779E-1,2.810968069E-2,9.804145183E0
8.044662004E1,3.376303647E-1,2.808128972E-2,9.804148107E0
8.045658304E1,3.376011652E-1,2.815207757E-2,9.804148691E0
8.046654504E1,3.377951831E-1,2.835730342E-2,9.804141675E0
8.047650804E1,3.378440439E-1,2.844968714E-2,9.804139336E0
8.048647104E1,3.375213873E-1,2.840167830E-2,9.804151030E0
8.049643304E1,3.375978031E-1,2.844966659E-2,9.804148107E0
8.050639604E1,3.374472738E-1,2.835178739E-2,9.804153369E0
8.051635804E1,3.373181965E-1,2.823668176E-2,9.804158047E0
8.052632104E1,3.375326432E-1,2.826134741E-2,9.804151030E0
8.053628404E1,3.373885093E-1,2.821085579E-2,9.804155708E0
8.054624604E1,3.374350677E-1,2.821807345E-2,9.804154539E0
8.055620904E1,3.375426931E-1,2.831542274E-2,9.804150445E0
8.056617204E1,3.374789219E-1,2.838732065E-2,9.804152200E0
8.057613404E1,3.375335202E-1,2.847861030E-2,9.804149861E0
8.058609704E1,3.373934794E-1,2.852849436E-2,9.804154539E0
8.059605904E1,3.375578227E-1,2.852309939E-2,9.804149276E0
8.060602204E1,3.372954289E-1,2.835443463E-2,9.804158632E0
8.061598504E1,3.378517549E-1,2.853529632E-2,9.804138751E0
8.062594704E1,3.375415967E-1,2.834462912E-2,9.804150445E0
8.063591004E1,3.376854382E-1,2.832494274E-2,9.804145183E0
8.064587304E1,3.379551045E-1,2.837121568E-2,9.804135827E0
8.065583504E1,3.376965114E-1,2.820173094E-2,9.804145183E0
8.066579804E1,3.376613550E-1,2.827501071E-2,9.804146352E0
8.067576004E1,3.375230683E-1,2.835863503E-2,9.804151030E0
8.068572304E1,3.374197919E-1,2.834737229E-2,9.804154539E0
8.069568604E1,3.374803106E-1,2.840266731E-2,9.804152200E0
8.070564804E1,3.374954768E-1,2.850466696E-2,9.804151615E0
8.071561104E1,3.374213268E-1,2.847754364E-2,9.804153954E0
8.072557404E1,3.375069520E-1,2.849077069E-2,9.804151030E0
8.073553604E1,3.376268564E-1,2.848791560E-2,9.804146937E0
8.074549904E1,3.376016403E-1,2.839819738E-2,9.804148107E0
8.075546104E1,3.376149793E-1,2.836087570E-2,9.804147522E0
8.076542404E1,3.375276730E-1,2.832623323E-2,9.804151030E0
8.077538704E1,3.375036994E-1,2.835556068E-2,9.804151615E0
8.078534904E1,3.374731112E-1,2.847404445E-2,9.804152200E0
8.079531204E1,3.375823810E-1,2.863015140E-2,9.804148107E0
8.080527504E1,3.377746448E-1,2.868137621E-2,9.804141090E0
8.081523704E1,3.379980450E-1,2.865955194E-2,9.804133489E0
8.082520004E1,3.381656408E-1,2.877425786E-2,9.804127641E0
8.083516204E1,3.381303017E-1,2.891518033E-2,9.804128226E0
8.084512504E1,3.380436898E-1,2.918092714E-2,9.804130565E0
8.085508804E1,3.380214338E-1,2.936560094E-2,9.804130565E0
8.086505004E1,3.378551902E-1,2.931468905E-2,9.804136412E0
8.087501304E1,3.379443602E-1,2.931873871E-2,9.804133489E0
8.088497504E1,3.379950483E-1,2.923695078E-2,9.804131734E0
8.089493804E1,3.379038683E-1,2.910354747E-2,9.804135827E0
8.090490104E1,3.378738282E-1,2.914608367E-2,9.804136412E0
8.091486304E1,3.376979366E-1,2.922464193E-2,9.804142259E0
8.092482604E1,3.374515496E-1,2.925564359E-2,9.804150445E0
8.093478904E1,3.373928582E-1,2.938802821E-2,9.804152200E0
8.094475104E1,3.373466286E-1,2.951969791E-2,9.804153369E0
8.095471404E1,3.373698347E-1,2.968892913E-2,9.804152200E0
8.096467604E1,3.371884614E-1,2.970105981E-2,9.804158632E0
8.097463904E1,3.373679344E-1,2.980660206E-2,9.804151615E0
8.098460204E1,3.374600280E-1,2.985092212E-2,9.804148691E0
8.099456417E1,3.374883140E-1,2.986139229E-2,9.804147522E0
8.100452717E1,3.376486007E-1,2.989920277E-2,9.804141675E0
8.101449017E1,3.377171594E-1,2.978725371E-2,9.804139920E0
8.102445217E1,3.377708076E-1,2.967461030E-2,9.804138166E0
8.103441517E1,3.378429476E-1,2.955372825E-2,9.804136412E0
8.104437717E1,3.378869113E-1,2.938871800E-2,9.804135243E0
8.105434017E1,3.380013340E-1,2.928047370E-2,9.804131734E0
8.106430317E1,3.379957426E-1,2.926975685E-2,9.804131734E0
8.107426517E1,3.377961333E-1,2.929976266E-2,9.804138751E0
8.108422817E1,3.375159055E-1,2.938971842E-2,9.804148107E0
8.109419117E1,3.373503197E-1,2.943918221E-2,9.804153369E0
8.110415317E1,3.372092190E-1,2.935196277E-2,9.804158632E0
8.111411617E1,3.372629038E-1,2.930543629E-2,9.804156877E0
8.112407817E1,3.372993027E-1,2.920208904E-2,9.804156293E0
8.113404117E1,3.374087187E-1,2.901259357E-2,9.804152784E0
8.114400417E1,3.375835505E-1,2.883918251E-2,9.804147522E0
8.115396617E1,3.376892024E-1,2.871164469E-2,9.804144014E0
8.116392917E1,3.378164889E-1,2.859754176E-2,9.804139920E0
8.117389117E1,3.376822953E-1,2.863778705E-2,9.804144598E0
8.118385417E1,3.375849392E-1,2.875320103E-2,9.804147522E0
8.119381717E1,3.375449589E-1,2.878014847E-2,9.804148691E0
8.120377917E1,3.373492964E-1,2.879407216E-2,9.804155708E0
8.121374217E1,3.373324126E-1,2.884875733E-2,9.804155708E0
8.122370517E1,3.373524393E-1,2.875047614E-2,9.804155708E0
8.123366717E1,3.374075858E-1,2.863415994E-2,9.804153954E0
8.124363017E1,3.375183175E-1,2.856928783E-2,9.804150445E0
8.125359217E1,3.375775936E-1,2.845402002E-2,9.804148691E0
8.126355517E1,3.375645470E-1,2.843913703E-2,9.804149276E0
8.127351817E1,3.375838428E-1,2.847708683E-2,9.804148691E0
8.128348017E1,3.375125799E-1,2.839467763E-2,9.804151030E0
8.129344317E1,3.375046131E-1,2.847095867E-2,9.804151030E0
8.130340517E1,3.374314498E-1,2.867528232E-2,9.804153369E0
8.131336817E1,3.372530732E-1,2.887419500E-2,9.804158632E0
8.132333117E1,3.372000462E-1,2.895628214E-2,9.804160386E0
8.133329317E1,3.372940768E-1,2.893310113E-2,9.804156877E0
8.134325617E1,3.375985705E-1,2.894837698E-2,9.804146352E0
8.135321917E1,3.378497815E-1,2.896190323E-2,9.804137582E0
8.136318117E1,3.380549822E-1,2.898873647E-2,9.804130565E0
8.137314417E1,3.381332618E-1,2.917211292E-2,9.804127641E0
8.138310617E1,3.381158664E-1,2.928837201E-2,9.804127641E0
8.139306917E1,3.382054384E-1,2.937046144E-2,9.804124133E0
8.140303217E1,3.382161096E-1,2.935935401E-2,9.804124133E0
8.141299417E1,3.381951692E-1,2.936211088E-2,9.804124718E0
8.142295717E1,3.380506699E-1,2.940128723E-2,9.804129395E0
8.143291917E1,3.379812342E-1,2.950338281E-2,9.804131734E0
8.144288217E1,3.378256617E-1,2.958010696E-2,9.804136997E0
8.145284517E1,3.377236278E-1,2.954659511E-2,9.804140505E0
8.146280717E1,3.377585649E-1,2.957245533E-2,9.804139336E0
8.147277017E1,3.377919306E-1,2.962175467E-2,9.804137582E0
8.148273317E1,3.377508174E-1,2.974665896E-2,9.804138751E0
8.149269517E1,3.377826116E-1,2.989354056E-2,9.804137582E0
8.150265817E1,3.378664095E-1,2.988450707E-2,9.804134658E0
8.151262017E1,3.378423994E-1,2.972033050E-2,9.804135827E0
8.152258317E1,3.380165733E-1,2.968669531E-2,9.804129980E0
8.153254617E1,3.379511942E-1,2.954458056E-2,9.804132319E0
8.154250817E1,3.379160012E-1,2.941376053E-2,9.804134073E0
8.155247117E1,3.378551536E-1,2.946576649E-2,9.804136412E0
8.156243317E1,3.377131759E-1,2.938761479E-2,9.804141090E0
8.157239617E1,3.377656912E-1,2.932344160E-2,9.804139920E0
8.158235917E1,3.376680427E-1,2.943765189E-2,9.804142844E0
8.159232117E1,3.376206803E-1,2.947588263E-2,9.804144014E0
8.160228417E1,3.376349329E-1,2.947559940E-2,9.804143429E0
8.161224717E1,3.377493556E-1,2.968192617E-2,9.804139336E0
8.162220917E1,3.376513416E-1,2.976787567E-2,9.804142259E0
8.163217217E1,3.376827339E-1,2.978013427E-2,9.804141090E0
8.164213417E1,3.377845120E-1,2.963289407E-2,9.804138166E0
8.165209717E1,3.376745112E-1,2.946101791E-2,9.804142259E0
8.166206017E1,3.379424964E-1,2.922729145E-2,9.804134073E0
8.167202217E1,3.380852416E-1,2.904018283E-2,9.804129395E0
8.168198517E1,3.381183880E-1,2.895055370E-2,9.804128811E0
8.169194717E1,3.380427396E-1,2.899402638E-2,9.804131150E0
8.170191017E1,3.379770681E-1,2.914205229E-2,9.804132904E0
8.171187317E1,3.377045147E-1,2.936315014E-2,9.804141675E0
8.172183517E1,3.374296591E-1,2.943978521E-2,9.804151030E0
8.173179817E1,3.373949047E-1,2.954296572E-2,9.804151615E0
8.174176117E1,3.373411103E-1,2.955241035E-2,9.804153369E0
8.175172317E1,3.374159547E-1,2.944151196E-2,9.804151615E0
8.176168617E1,3.375179155E-1,2.925113941E-2,9.804148691E0
8.177164817E1,3.377348106E-1,2.913498995E-2,9.804141090E0
8.178161117E1,3.378270870E-1,2.898678131E-2,9.804138751E0
8.179157417E1,3.379524732E-1,2.895509899E-2,9.804134073E0
8.180153617E1,3.379501344E-1,2.904405890E-2,9.804134073E0
8.181149917E1,3.376522553E-1,2.908295202E-2,9.804144014E0
8.182146117E1,3.375271248E-1,2.930573550E-2,9.804148107E0
8.183142417E1,3.373849279E-1,2.955064933E-2,9.804152200E0
8.184138717E1,3.369997060E-1,2.963888518E-2,9.804165064E0
8.185134917E1,3.371472751E-1,2.977136345E-2,9.804159801E0
8.186131217E1,3.372557775E-1,2.984461581E-2,9.804155708E0
8.187127517E1,3.372600533E-1,2.977019400E-2,9.804155708E0
8.188123717E1,3.374694567E-1,2.975677282E-2,9.804148691E0
8.189120017E1,3.376538632E-1,2.970709432E-2,9.804142259E0
8.190116217E1,3.375893246E-1,2.962192826E-2,9.804144598E0
8.191112517E1,3.376505742E-1,2.971902401E-2,9.804142259E0
8.192108817E1,3.378388545E-1,2.978970223E-2,9.804135827E0
8.193105017E1,3.373909213E-1,2.976846496E-2,9.804151030E0
8.194101317E1,3.373806886E-1,2.990250325E-2,9.804151030E0
8.195097517E1,3.373708946E-1,2.995211093E-2,9.804151615E0
8.196093817E1,3.371947837E-1,2.984771072E-2,9.804157462E0
8.197090117E1,3.373236417E-1,2.979217360E-2,9.804153369E0
8.198086317E1,3.375937831E-1,2.967474734E-2,9.804144598E0
8.199082792E1,3.376214112E-1,2.965771276E-2,9.804143429E0
8.200078992E1,3.376697238E-1,2.970364538E-2,9.804141675E0
8.201075292E1,3.376830993E-1,2.975215900E-2,9.804141090E0
8.202071592E1,3.375134570E-1,2.979279029E-2,9.804146937E0
8.203067792E1,3.376309129E-1,2.984668975E-2,9.804142844E0
8.204064092E1,3.374116789E-1,2.980444133E-2,9.804150445E0
8.205060392E1,3.373231301E-1,2.980187404E-2,9.804153369E0
8.206056592E1,3.375740122E-1,2.984566191E-2,9.804144598E0
8.207052892E1,3.375523044E-1,2.982577453E-2,9.804145768E0
8.208049092E1,3.377012257E-1,2.981897486E-2,9.804140505E0
8.209045392E1,3.377131028E-1,2.981247897E-2,9.804139920E0
8.210041692E1,3.375737198E-1,2.980397081E-2,9.804144598E0
8.211037892E1,3.376345309E-1,2.976324587E-2,9.804142844E0
8.212034192E1,3.374842209E-1,2.972816029E-2,9.804148107E0
8.213030392E1,3.374613437E-1,2.976931921E-2,9.804148691E0
8.214026692E1,3.372999605E-1,2.974576589E-2,9.804154539E0
8.215022992E1,3.371874016E-1,2.969781415E-2,9.804158632E0
8.216019192E1,3.372121792E-1,2.974209996E-2,9.804157462E0
8.217015492E1,3.369760248E-1,2.963281641E-2,9.804165648E0
8.218011692E1,3.372325348E-1,2.975318683E-2,9.804156877E0
8.219007992E1,3.373698713E-1,2.967108370E-2,9.804152200E0
8.220004292E1,3.373389907E-1,2.961486135E-2,9.804153369E0
8.221000492E1,3.375874243E-1,2.962505972E-2,9.804145183E0
8.221996792E1,3.374936861E-1,2.955962572E-2,9.804148107E0
8.222992992E1,3.375955373E-1,2.955023820E-2,9.804144598E0
8.223989292E1,3.375645836E-1,2.950999291E-2,9.804145768E0
8.224985592E1,3.373877418E-1,2.948002593E-2,9.804152200E0
8.225981792E1,3.373634028E-1,2.949305197E-2,9.804152784E0
8.226978092E1,3.372919571E-1,2.957027861E-2,9.804155123E0
8.227974392E1,3.373543396E-1,2.958161673E-2,9.804152784E0
8.228970592E1,3.375293176E-1,2.952871085E-2,9.804146937E0
8.229966892E1,3.374539981E-1,2.937425071E-2,9.804150445E0
8.230963092E1,3.375919193E-1,2.936981276E-2,9.804145768E0
8.231959392E1,3.375609656E-1,2.936034302E-2,9.804146352E0
8.232955692E1,3.375113374E-1,2.937536533E-2,9.804148107E0
8.233951892E1,3.374540346E-1,2.945275415E-2,9.804149861E0
8.234948192E1,3.374629882E-1,2.938810587E-2,9.804149861E0
8.235944392E1,3.376983752E-1,2.934836308E-2,9.804141675E0
8.236940692E1,3.376113247E-1,2.927317154E-2,9.804145183E0
8.237936992E1,3.376181221E-1,2.934725759E-2,9.804144598E0
8.238933192E1,3.376316804E-1,2.925991252E-2,9.804144598E0
8.239929492E1,3.375515004E-1,2.915244937E-2,9.804147522E0
8.240925692E1,3.376306937E-1,2.916929210E-2,9.804144598E0
8.241921992E1,3.375356764E-1,2.914550809E-2,9.804148107E0
8.242918292E1,3.375538759E-1,2.921625255E-2,9.804147522E0
8.243914492E1,3.374855000E-1,2.928103330E-2,9.804149276E0
8.244910792E1,3.374076589E-1,2.940109308E-2,9.804151615E0
8.245906992E1,3.373226916E-1,2.951922054E-2,9.804154539E0
8.246903292E1,3.372536944E-1,2.959469531E-2,9.804156293E0
8.247899592E1,3.374131772E-1,2.968970343E-2,9.804150445E0
8.248895792E1,3.373699809E-1,2.962870052E-2,9.804152200E0
8.249892092E1,3.374230079E-1,2.963610547E-2,9.804150445E0
8.250888292E1,3.374541077E-1,2.959587160E-2,9.804149861E0
8.251884592E1,3.374422306E-1,2.962371897E-2,9.804149861E0
8.252880892E1,3.375502213E-1,2.961043254E-2,9.804146352E0
8.253877092E1,3.374212172E-1,2.960979528E-2,9.804150445E0
8.254873392E1,3.373914329E-1,2.962039336E-2,9.804151615E0
8.255869692E1,3.372693723E-1,2.959032360E-2,9.804155708E0
8.256865892E1,3.372090729E-1,2.949660370E-2,9.804158047E0
8.257862192E1,3.371768766E-1,2.935072937E-2,9.804159801E0
8.258858392E1,3.373411103E-1,2.929066293E-2,9.804154539E0
8.259854692E1,3.374367488E-1,2.936694626E-2,9.804151030E0
8.260850992E1,3.374558619E-1,2.937657132E-2,9.804150445E0
8.261847192E1,3.374116789E-1,2.946505842E-2,9.804151615E0
8.262843492E1,3.372653158E-1,2.953525699E-2,9.804156293E0
8.263839692E1,3.371292218E-1,2.956225011E-2,9.804160970E0
8.264835992E1,3.370767796E-1,2.960499874E-2,9.804162725E0
8.265832292E1,3.370178324E-1,2.954530232E-2,9.804164479E0
8.266828492E1,3.370381149E-1,2.944975288E-2,9.804164479E0
8.267824792E1,3.372296112E-1,2.938650474E-2,9.804158047E0
8.268820992E1,3.373083293E-1,2.929914140E-2,9.804155708E0
8.269817292E1,3.374642307E-1,2.931295544E-2,9.804149861E0
8.270813592E1,3.375501848E-1,2.926558614E-2,9.804147522E0
8.271809792E1,3.376683351E-1,2.928044173E-2,9.804143429E0
8.272806092E1,3.376641324E-1,2.934302749E-2,9.804142844E0
8.273802292E1,3.376172451E-1,2.937476462E-2,9.804144598E0
8.274798592E1,3.376632188E-1,2.945791843E-2,9.804142844E0
8.275794892E1,3.375976569E-1,2.941300450E-2,9.804145183E0
8.276791092E1,3.376135175E-1,2.944735918E-2,9.804144598E0
8.277787392E1,3.375407562E-1,2.941679149E-2,9.804146937E0
8.278783592E1,3.374389415E-1,2.934028889E-2,9.804151030E0
8.279779892E1,3.375271979E-1,2.928844967E-2,9.804148107E0
8.280776192E1,3.375523775E-1,2.920418124E-2,9.804147522E0
8.281772392E1,3.374401841E-1,2.914787438E-2,9.804151615E0
8.282768692E1,3.373731969E-1,2.924346494E-2,9.804153369E0
8.283764892E1,3.372008868E-1,2.928958485E-2,9.804159216E0
8.284761192E1,3.369945897E-1,2.931758297E-2,9.804166233E0
8.285757492E1,3.371233015E-1,2.945425021E-2,9.804161555E0
8.286753692E1,3.371773883E-1,2.946504244E-2,9.804159216E0
8.287749992E1,3.373391369E-1,2.950380080E-2,9.804153954E0
8.288746292E1,3.375610752E-1,2.958655260E-2,9.804145768E0
8.289742492E1,3.377167208E-1,2.959510416E-2,9.804140505E0
8.290738792E1,3.377849140E-1,2.955446601E-2,9.804138166E0
8.291734992E1,3.378309608E-1,2.953945511E-2,9.804136997E0
8.292731292E1,3.375687132E-1,2.944687495E-2,9.804146352E0
8.293727592E1,3.375603809E-1,2.921766410E-2,9.804146937E0
8.294723792E1,3.374017752E-1,2.916729354E-2,9.804152784E0
8.295720092E1,3.376113978E-1,2.930790765E-2,9.804145183E0
8.296716292E1,3.371479329E-1,2.917032678E-2,9.804161555E0
8.297712592E1,3.373657782E-1,2.944579459E-2,9.804152784E0
8.298708892E1,3.378004091E-1,2.955369856E-2,9.804137582E0
8.299704992E1,3.370845637E-1,2.925191828E-2,9.804163309E0
8.300701292E1,3.377635351E-1,2.953575263E-2,9.804139336E0
8.301697492E1,3.378062198E-1,2.945310818E-2,9.804138166E0
8.302693792E1,3.376402319E-1,2.946090142E-2,9.804143429E0
8.303690092E1,3.379095693E-1,2.958782940E-2,9.804134073E0
8.304686292E1,3.377790667E-1,2.957357681E-2,9.804138166E0
8.305682592E1,3.378266119E-1,2.958726295E-2,9.804136997E0
8.306678792E1,3.379813073E-1,2.974673890E-2,9.804131150E0
8.307675092E1,3.376360658E-1,2.985601103E-2,9.804142259E0
8.308671392E1,3.374840747E-1,3.000565635E-2,9.804147522E0
8.309667592E1,3.374258218E-1,3.006663185E-2,9.804149276E0
8.310663892E1,3.375412678E-1,3.016943549E-2,9.804144598E0
8.311660092E1,3.376526938E-1,3.024567770E-2,9.804140505E0
8.312656392E1,3.375317661E-1,3.014197870E-2,9.804145183E0
8.313652692E1,3.377179999E-1,3.014453001E-2,9.804138751E0
8.314648892E1,3.379373436E-1,3.007405507E-2,9.804131734E0
8.315645192E1,3.378309973E-1,2.998774925E-2,9.804135243E0
8.316641392E1,3.379072670E-1,2.997546097E-2,9.804132904E0
8.317637692E1,3.378581138E-1,2.983704641E-2,9.804134658E0
8.318633992E1,3.377239202E-1,2.976372781E-2,9.804139920E0
8.319630192E1,3.376370890E-1,2.989251045E-2,9.804142259E0
8.320626492E1,3.373528778E-1,2.985698861E-2,9.804152200E0
8.321622692E1,3.373468844E-1,2.991841635E-2,9.804152200E0
8.322618992E1,3.372145546E-1,2.987872152E-2,9.804156877E0
8.323615292E1,3.372245680E-1,2.972269223E-2,9.804156877E0
8.324611492E1,3.374868521E-1,2.943573327E-2,9.804148691E0
8.325607792E1,3.374670812E-1,2.905276577E-2,9.804151030E0
8.326603992E1,3.376656308E-1,2.890479238E-2,9.804144598E0
8.327600292E1,3.376127866E-1,2.864579499E-2,9.804146937E0
8.328596592E1,3.373556187E-1,2.842938406E-2,9.804156293E0
8.329592792E1,3.375422180E-1,2.845909522E-2,9.804149861E0
8.330589092E1,3.372539137E-1,2.842966043E-2,9.804159801E0
8.331585292E1,3.368767317E-1,2.835473384E-2,9.804173250E0
8.332581592E1,3.369251905E-1,2.832626293E-2,9.804171495E0
8.333577892E1,3.366564744E-1,2.815001506E-2,9.804181436E0
8.334574092E1,3.362921564E-1,2.779687521E-2,9.804194884E0
8.335570392E1,3.361520790E-1,2.737111340E-2,9.804200732E0
8.336566592E1,3.362347075E-1,2.670482774E-2,9.804199562E0
8.337562892E1,3.362248403E-1,2.606458732E-2,9.804201901E0
8.338559192E1,3.363486185E-1,2.560965339E-2,9.804198977E0
8.339555392E1,3.365101479E-1,2.538318798E-2,9.804193715E0
8.340551692E1,3.364083698E-1,2.525685843E-2,9.804197808E0
8.341547892E1,3.365730420E-1,2.551851677E-2,9.804191376E0
8.342544192E1,3.365453042E-1,2.569783671E-2,9.804191961E0
8.343540492E1,3.362935816E-1,2.578391412E-2,9.804200147E0
8.344536692E1,3.362367905E-1,2.591177856E-2,9.804201901E0
8.345532992E1,3.361510923E-1,2.590896002E-2,9.804204825E0
8.346529192E1,3.360640419E-1,2.590078077E-2,9.804207748E0
8.347525492E1,3.360976999E-1,2.590481672E-2,9.804206579E0
8.348521792E1,3.360390816E-1,2.580267774E-2,9.804208918E0
8.349517992E1,3.362508238E-1,2.573626845E-2,9.804201901E0
8.350514292E1,3.364342802E-1,2.565850276E-2,9.804195469E0
8.351510492E1,3.364131206E-1,2.560519032E-2,9.804196638E0
8.352506792E1,3.366019491E-1,2.557228602E-2,9.804190207E0
8.353503092E1,3.368727118E-1,2.559559266E-2,9.804180851E0
8.354499292E1,3.368575821E-1,2.558446696E-2,9.804181436E0
8.355495592E1,3.368519907E-1,2.581249238E-2,9.804180851E0
8.356491792E1,3.365284204E-1,2.596299195E-2,9.804191961E0
8.357488092E1,3.363794260E-1,2.614457769E-2,9.804196054E0
8.358484292E1,3.363381666E-1,2.632771888E-2,9.804197223E0
8.359480592E1,3.361207964E-1,2.632691260E-2,9.804204825E0
8.360476892E1,3.361389958E-1,2.637588760E-2,9.804203655E0
8.361473092E1,3.362403354E-1,2.620799029E-2,9.804200732E0
8.362469392E1,3.365011578E-1,2.608050043E-2,9.804192545E0
8.363465592E1,3.366267633E-1,2.598850956E-2,9.804188452E0
8.364461892E1,3.366121452E-1,2.583728367E-2,9.804189037E0
8.365458192E1,3.368343394E-1,2.595917299E-2,9.804181436E0
8.366454392E1,3.368178941E-1,2.616446279E-2,9.804181436E0
8.367450692E1,3.366087465E-1,2.649591997E-2,9.804187283E0
8.368446892E1,3.364951278E-1,2.684015424E-2,9.804190207E0
8.369443192E1,3.364483866E-1,2.719761098E-2,9.804190791E0
8.370439492E1,3.365238157E-1,2.732281448E-2,9.804187868E0
8.371435692E1,3.366375806E-1,2.734710555E-2,9.804184359E0
8.372431992E1,3.366435009E-1,2.741844615E-2,9.804183775E0
8.373428192E1,3.366144476E-1,2.748545844E-2,9.804184359E0
8.374424492E1,3.365409188E-1,2.764658806E-2,9.804186698E0
8.375420792E1,3.364357420E-1,2.770759782E-2,9.804190207E0
8.376416992E1,3.366086734E-1,2.775847545E-2,9.804183775E0
8.377413292E1,3.367305879E-1,2.787032629E-2,9.804179682E0
8.378409492E1,3.370206829E-1,2.785122005E-2,9.804169741E0
8.379405792E1,3.372047971E-1,2.761245266E-2,9.804163894E0
8.380402092E1,3.376006170E-1,2.755115967E-2,9.804150445E0
8.381398292E1,3.377135779E-1,2.770601039E-2,9.804146352E0
8.382394592E1,3.378528878E-1,2.858783446E-2,9.804138751E0
8.383390792E1,3.366769762E-1,2.892767418E-2,9.804178512E0
8.384387092E1,3.361712652E-1,2.918333455E-2,9.804194884E0
8.385383392E1,3.367663290E-1,2.917820910E-2,9.804174419E0
8.386379592E1,3.366474112E-1,2.839085639E-2,9.804180851E0
8.387375892E1,3.372304152E-1,2.791266378E-2,9.804162140E0
8.388372092E1,3.378265754E-1,2.773380522E-2,9.804142259E0
8.389368392E1,3.376262717E-1,2.785098936E-2,9.804148691E0
8.390364692E1,3.372505515E-1,2.852232052E-2,9.804159801E0
8.391360892E1,3.367715549E-1,2.915807732E-2,9.804174419E0
8.392357192E1,3.363414557E-1,2.933584181E-2,9.804188452E0
8.393353392E1,3.368144954E-1,2.943747373E-2,9.804172080E0
8.394349692E1,3.373579941E-1,2.939329071E-2,9.804153369E0
8.395345992E1,3.372818341E-1,2.921611093E-2,9.804156877E0
8.396342192E1,3.375860355E-1,2.931268136E-2,9.804145768E0
8.397338492E1,3.376382219E-1,2.928136677E-2,9.804144014E0
8.398334692E1,3.376361023E-1,2.910778670E-2,9.804144598E0
8.399330929E1,3.375223740E-1,2.893705714E-2,9.804149276E0
8.400327229E1,3.374747923E-1,2.884880072E-2,9.804151030E0
8.401323429E1,3.373096450E-1,2.880137204E-2,9.804156877E0
8.402319729E1,3.372817245E-1,2.907208214E-2,9.804156877E0
8.403315929E1,3.371262982E-1,2.944686810E-2,9.804161555E0
8.404312229E1,3.369246058E-1,2.986253661E-2,9.804166818E0
8.405308429E1,3.367231692E-1,3.020177105E-2,9.804172665E0
8.406304729E1,3.370469223E-1,3.027233278E-2,9.804161555E0
8.407301029E1,3.372263587E-1,2.994620661E-2,9.804156293E0
8.408297229E1,3.375862914E-1,2.971056382E-2,9.804144598E0
8.409293529E1,3.380625105E-1,2.941921488E-2,9.804129395E0
8.410289729E1,3.378515357E-1,2.897621749E-2,9.804137582E0
8.411286029E1,3.381759465E-1,2.894351877E-2,9.804126472E0
8.412282329E1,3.382396812E-1,2.908689204E-2,9.804124133E0
8.413278529E1,3.374620746E-1,2.911986257E-2,9.804150445E0
8.414274829E1,3.374413535E-1,2.932762145E-2,9.804151030E0
8.415271029E1,3.372328637E-1,2.939447385E-2,9.804158047E0
8.416267329E1,3.369150310E-1,2.951758058E-2,9.804168572E0
8.417263629E1,3.370505768E-1,2.971967041E-2,9.804163309E0
8.418259829E1,3.369908621E-1,2.966847529E-2,9.804165064E0
8.419256129E1,3.371534878E-1,2.968130262E-2,9.804159801E0
8.420252329E1,3.376707471E-1,2.974470151E-2,9.804141675E0
8.421248629E1,3.381247834E-1,2.981383113E-2,9.804125887E0
8.422244929E1,3.381714515E-1,2.970148694E-2,9.804124718E0
8.423241129E1,3.383261469E-1,2.976757189E-2,9.804118870E0
8.424237429E1,3.385929992E-1,2.979186068E-2,9.804109515E0
8.425233629E1,3.385977500E-1,2.975095073E-2,9.804109515E0
8.426229929E1,3.382709272E-1,2.968783506E-2,9.804121209E0
8.427226229E1,3.379532041E-1,2.976242132E-2,9.804131734E0
8.428222429E1,3.378208378E-1,2.984001570E-2,9.804136412E0
8.429218729E1,3.376923818E-1,2.994001450E-2,9.804140505E0
8.430214929E1,3.372891797E-1,2.993516543E-2,9.804153954E0
8.431211229E1,3.375620985E-1,2.993100157E-2,9.804144598E0
8.432207529E1,3.378381602E-1,2.994022464E-2,9.804135243E0
8.433203729E1,3.378202531E-1,2.986271249E-2,9.804136412E0
8.434200029E1,3.380103972E-1,2.996853110E-2,9.804129395E0
8.435196229E1,3.380304239E-1,2.994868255E-2,9.804128811E0
8.436192529E1,3.382143920E-1,2.998113002E-2,9.804122379E0
8.437188729E1,3.383058278E-1,2.996370258E-2,9.804118870E0
8.438185029E1,3.384260612E-1,2.983081090E-2,9.804115362E0
8.439181329E1,3.383548348E-1,2.971127189E-2,9.804118286E0
8.440177529E1,3.382863493E-1,2.959550844E-2,9.804120625E0
8.441173829E1,3.381804781E-1,2.958687922E-2,9.804124718E0
8.442170029E1,3.378967785E-1,2.959838865E-2,9.804134073E0
8.443166329E1,3.374856827E-1,2.971919760E-2,9.804148107E0
8.444162629E1,3.374246889E-1,2.993411932E-2,9.804149276E0
8.445158829E1,3.373748780E-1,2.991270161E-2,9.804151615E0
8.446155129E1,3.375236531E-1,2.987828298E-2,9.804146352E0
8.447151329E1,3.378045021E-1,2.975775268E-2,9.804136997E0
8.448147629E1,3.379773239E-1,2.951167627E-2,9.804131734E0
8.449143929E1,3.382416911E-1,2.940354617E-2,9.804122964E0
8.450140129E1,3.383948516E-1,2.931239585E-2,9.804118286E0
8.451136429E1,3.383337482E-1,2.915384951E-2,9.804120625E0
8.452132629E1,3.381969965E-1,2.902900917E-2,9.804125887E0
8.453128929E1,3.382002855E-1,2.890834411E-2,9.804125887E0
8.454125229E1,3.378943300E-1,2.880749563E-2,9.804136997E0
8.455121429E1,3.376176836E-1,2.874472714E-2,9.804146352E0
8.456117729E1,3.374510014E-1,2.883521280E-2,9.804152200E0
8.457113929E1,3.372688606E-1,2.885290520E-2,9.804158047E0
8.458110229E1,3.372601994E-1,2.894673702E-2,9.804158047E0
8.459106429E1,3.372923957E-1,2.899270390E-2,9.804156877E0
8.460102729E1,3.373097911E-1,2.899910614E-2,9.804156293E0
8.461099029E1,3.374660580E-1,2.891852877E-2,9.804151030E0
8.462095229E1,3.375983512E-1,2.883032033E-2,9.804146937E0
8.463091529E1,3.376271488E-1,2.875010155E-2,9.804146352E0
8.464087729E1,3.376447270E-1,2.872874094E-2,9.804145768E0
8.465084029E1,3.375607463E-1,2.872427330E-2,9.804148691E0
8.466080329E1,3.374115327E-1,2.877791694E-2,9.804153369E0
8.467076529E1,3.373809810E-1,2.889555789E-2,9.804153954E0
8.468072829E1,3.372346910E-1,2.896727308E-2,9.804159216E0
8.469069029E1,3.373332896E-1,2.916887640E-2,9.804155123E0
8.470065329E1,3.374312671E-1,2.932332512E-2,9.804151030E0
8.471061629E1,3.375404638E-1,2.934666144E-2,9.804147522E0
8.472057829E1,3.376924549E-1,2.934951196E-2,9.804142259E0
8.473054129E1,3.378542035E-1,2.928491850E-2,9.804136997E0
8.474050329E1,3.376748401E-1,2.913470216E-2,9.804143429E0
8.475046629E1,3.376590161E-1,2.916320962E-2,9.804144014E0
8.476042829E1,3.375924309E-1,2.938163967E-2,9.804145183E0
8.477039129E1,3.378931605E-1,3.050908335E-2,9.804131734E0
8.478035429E1,3.361846407E-1,3.069252375E-2,9.804189622E0
8.479031629E1,3.355313971E-1,3.070231327E-2,9.804212426E0
8.480027929E1,3.388276552E-1,3.120202865E-2,9.804097236E0
8.481024129E1,3.380875074E-1,2.968964632E-2,9.804127641E0
8.482020429E1,3.385576601E-1,2.924151891E-2,9.804112439E0
8.483016729E1,3.401018732E-1,2.976502287E-2,9.804057475E0
8.484012929E1,3.386357935E-1,2.979615930E-2,9.804108346E0
8.485009229E1,3.379873373E-1,3.077150684E-2,9.804127641E0
8.486005429E1,3.373545223E-1,3.138252032E-2,9.804147522E0
8.487001729E1,3.362244017E-1,3.102906070E-2,9.804187283E0
8.487997929E1,3.367745516E-1,3.100197165E-2,9.804168572E0
8.488994229E1,3.370821152E-1,3.095799419E-2,9.804158047E0
8.489990529E1,3.366255938E-1,3.079832409E-2,9.804174419E0
8.490986729E1,3.366874647E-1,3.082894432E-2,9.804172080E0
8.491983029E1,3.375119586E-1,3.087650548E-2,9.804143429E0
8.492979229E1,3.381466739E-1,3.065310073E-2,9.804122379E0
8.493975529E1,3.384755432E-1,3.037348276E-2,9.804111854E0
8.494971829E1,3.386063381E-1,3.033803630E-2,9.804107761E0
8.495968029E1,3.387697678E-1,3.053352973E-2,9.804101329E0
8.496964329E1,3.387726914E-1,3.077908995E-2,9.804100744E0
8.497960529E1,3.387221861E-1,3.101412290E-2,9.804101329E0
8.498956829E1,3.385777964E-1,3.098896616E-2,9.804106591E0
8.499953204E1,3.387089202E-1,3.072750198E-2,9.804103083E0
8.500949404E1,3.388252798E-1,3.058225349E-2,9.804098990E0
8.501945704E1,3.384636661E-1,3.053894526E-2,9.804111854E0
8.502941904E1,3.379508653E-1,3.053970357E-2,9.804129395E0
8.503938204E1,3.374438020E-1,3.068615805E-2,9.804146352E0
8.504934404E1,3.373668015E-1,3.080411421E-2,9.804148691E0
8.505930704E1,3.373909213E-1,3.082713533E-2,9.804148107E0
8.506927004E1,3.374039679E-1,3.073186912E-2,9.804147522E0
8.507923204E1,3.377452625E-1,3.051360352E-2,9.804136997E0
8.508919504E1,3.382874821E-1,3.043248711E-2,9.804118286E0
8.509915704E1,3.386468666E-1,3.043496989E-2,9.804106007E0
8.510912004E1,3.386660163E-1,3.041861367E-2,9.804105422E0
8.511908304E1,3.386826808E-1,3.042293742E-2,9.804104837E0
8.512904504E1,3.385013806E-1,3.042449058E-2,9.804110684E0
8.513900804E1,3.385417264E-1,3.051461079E-2,9.804109515E0
8.514897004E1,3.381747040E-1,3.060158127E-2,9.804121794E0
8.515893304E1,3.380727797E-1,3.079190814E-2,9.804124718E0
8.516889504E1,3.382900038E-1,3.105118191E-2,9.804116532E0
8.517885804E1,3.382687345E-1,3.104549001E-2,9.804117116E0
8.518882104E1,3.383648116E-1,3.112275548E-2,9.804113608E0
8.519878304E1,3.386346606E-1,3.114844440E-2,9.804104252E0
8.520874604E1,3.384163767E-1,3.111878349E-2,9.804111854E0
8.521870804E1,3.384723638E-1,3.128233879E-2,9.804109515E0
8.522867104E1,3.385889061E-1,3.145108806E-2,9.804104837E0
8.523863404E1,3.383732900E-1,3.137791107E-2,9.804112439E0
8.524859604E1,3.386266572E-1,3.133650091E-2,9.804103668E0
8.525855904E1,3.387850802E-1,3.119595303E-2,9.804098990E0
8.526852104E1,3.388763699E-1,3.108245766E-2,9.804096066E0
8.527848404E1,3.390160452E-1,3.114976231E-2,9.804090804E0
8.528844704E1,3.391794749E-1,3.122869515E-2,9.804084957E0
8.529840904E1,3.388592668E-1,3.111876978E-2,9.804096651E0
8.530837204E1,3.387061062E-1,3.118550798E-2,9.804101329E0
8.531833404E1,3.384161209E-1,3.107549354E-2,9.804111854E0
8.532829704E1,3.381758003E-1,3.101333489E-2,9.804120040E0
8.533825904E1,3.382843758E-1,3.097986872E-2,9.804116532E0
8.534822204E1,3.382931466E-1,3.091735833E-2,9.804116532E0
8.535818504E1,3.383648847E-1,3.098497590E-2,9.804113608E0
8.536814704E1,3.386635312E-1,3.099262067E-2,9.804103668E0
8.537811004E1,3.386416041E-1,3.093964855E-2,9.804104252E0
8.538807204E1,3.386158033E-1,3.088424162E-2,9.804105422E0
8.539803504E1,3.385946437E-1,3.088519636E-2,9.804106007E0
8.540799804E1,3.384734967E-1,3.111623218E-2,9.804109515E0
8.541796004E1,3.382304353E-1,3.129460881E-2,9.804117701E0
8.542792304E1,3.383558580E-1,3.135796202E-2,9.804113023E0
8.543788504E1,3.382559803E-1,3.131278771E-2,9.804116532E0
8.544784804E1,3.384239781E-1,3.137631222E-2,9.804110684E0
8.545781004E1,3.384293137E-1,3.147677927E-2,9.804110100E0
8.546777304E1,3.382404852E-1,3.160159905E-2,9.804115947E0
8.547773604E1,3.383417516E-1,3.177425865E-2,9.804112439E0
8.548769804E1,3.383135753E-1,3.177397542E-2,9.804113023E0
8.549766104E1,3.383141966E-1,3.172845393E-2,9.804113023E0
8.550762304E1,3.386624714E-1,3.178144661E-2,9.804101329E0
8.551758604E1,3.386001620E-1,3.180244405E-2,9.804103083E0
8.552754804E1,3.385201282E-1,3.187268145E-2,9.804105422E0
8.553751104E1,3.383170471E-1,3.189536682E-2,9.804112439E0
8.554747404E1,3.385517763E-1,3.203184220E-2,9.804104252E0
8.555743604E1,3.385033175E-1,3.180604146E-2,9.804106591E0
8.556739904E1,3.386064478E-1,3.169989622E-2,9.804103083E0
8.557736104E1,3.387980172E-1,3.176610681E-2,9.804096651E0
8.558732404E1,3.387714854E-1,3.180463219E-2,9.804097236E0
8.559728704E1,3.386464646E-1,3.197561071E-2,9.804100744E0
8.560724904E1,3.384341742E-1,3.210886785E-2,9.804107761E0
8.561721204E1,3.383321768E-1,3.213243258E-2,9.804111269E0
8.562717404E1,3.384361842E-1,3.209282683E-2,9.804107761E0
8.563713704E1,3.385317861E-1,3.197550793E-2,9.804104837E0
8.564709904E1,3.387149502E-1,3.196298438E-2,9.804098405E0
8.565706204E1,3.387216745E-1,3.182387090E-2,9.804098990E0
8.566702504E1,3.387794157E-1,3.184222339E-2,9.804096651E0
8.567698704E1,3.387840935E-1,3.187019638E-2,9.804096651E0
8.568695004E1,3.386478534E-1,3.185946126E-2,9.804101329E0
8.569691204E1,3.385771751E-1,3.181910862E-2,9.804103668E0
8.570687504E1,3.385591950E-1,3.174177919E-2,9.804104837E0
8.571683804E1,3.385363543E-1,3.177705206E-2,9.804105422E0
8.572680004E1,3.383447849E-1,3.177325594E-2,9.804111854E0
8.573676304E1,3.382901865E-1,3.178282619E-2,9.804114193E0
8.574672504E1,3.383435058E-1,3.195721711E-2,9.804111269E0
8.575668804E1,3.383561869E-1,3.209463581E-2,9.804110684E0
8.576665004E1,3.384217488E-1,3.214435999E-2,9.804108346E0
8.577661304E1,3.384954238E-1,3.202329522E-2,9.804106007E0
8.578657604E1,3.386892590E-1,3.193239385E-2,9.804099575E0
8.579653804E1,3.387470368E-1,3.189442121E-2,9.804097821E0
8.580650104E1,3.387715220E-1,3.188229509E-2,9.804097236E0
8.581646304E1,3.386301655E-1,3.180340793E-2,9.804101914E0
8.582642604E1,3.384907825E-1,3.174545197E-2,9.804107176E0
8.583638904E1,3.385403011E-1,3.161626048E-2,9.804106007E0
8.584635104E1,3.385551384E-1,3.147438328E-2,9.804106007E0
8.585631404E1,3.385089820E-1,3.135761712E-2,9.804107761E0
8.586627604E1,3.384411177E-1,3.134113300E-2,9.804110100E0
8.587623904E1,3.382631431E-1,3.143855309E-2,9.804115947E0
8.588620104E1,3.380537762E-1,3.159632285E-2,9.804122379E0
8.589616404E1,3.379749485E-1,3.171950724E-2,9.804124718E0
8.590612704E1,3.379364299E-1,3.176810537E-2,9.804125887E0
8.591608904E1,3.380947433E-1,3.188763753E-2,9.804120040E0
8.592605204E1,3.382935486E-1,3.176579617E-2,9.804113608E0
8.593601404E1,3.385083242E-1,3.152301567E-2,9.804107176E0
8.594597704E1,3.387410434E-1,3.132858661E-2,9.804099575E0
8.595593904E1,3.389341842E-1,3.117488250E-2,9.804093727E0
8.596590204E1,3.387763825E-1,3.106859565E-2,9.804099575E0
8.597586504E1,3.385296665E-1,3.105657916E-2,9.804107761E0
8.598582704E1,3.386588169E-1,3.101508906E-2,9.804103668E0
8.599578929E1,3.383254160E-1,3.103819926E-2,9.804115362E0
8.600575129E1,3.384997361E-1,3.119006013E-2,9.804108346E0
8.601571429E1,3.377114949E-1,3.092815512E-2,9.804136412E0
8.602567629E1,3.380114936E-1,3.135536503E-2,9.804124718E0
8.603563929E1,3.386233681E-1,3.169710509E-2,9.804102498E0
8.604560229E1,3.376101188E-1,3.126104899E-2,9.804138751E0
8.605556429E1,3.381201056E-1,3.123231312E-2,9.804121794E0
8.606552729E1,3.389779287E-1,3.096663482E-2,9.804092558E0
8.607548929E1,3.390413710E-1,3.071876313E-2,9.804091389E0
8.608545229E1,3.390526634E-1,3.081584975E-2,9.804090804E0
8.609541529E1,3.386232585E-1,3.088537452E-2,9.804105422E0
8.610537729E1,3.385054006E-1,3.088420507E-2,9.804109515E0
8.611534029E1,3.389993807E-1,3.088288260E-2,9.804092558E0
8.612530229E1,3.389933142E-1,3.068141632E-2,9.804093143E0
8.613526529E1,3.387205416E-1,3.060244694E-2,9.804103083E0
8.614522729E1,3.385752383E-1,3.096759870E-2,9.804106591E0
8.615519029E1,3.381751060E-1,3.127638879E-2,9.804119455E0
8.616515329E1,3.376805777E-1,3.147188451E-2,9.804135827E0
8.617511529E1,3.377445682E-1,3.156195675E-2,9.804133489E0
8.618507829E1,3.379320080E-1,3.142676730E-2,9.804127641E0
8.619504029E1,3.382915387E-1,3.136073259E-2,9.804115362E0
8.620500329E1,3.385599259E-1,3.129209633E-2,9.804106007E0
8.621496529E1,3.386323582E-1,3.122222439E-2,9.804103668E0
8.622492829E1,3.388941673E-1,3.123183575E-2,9.804094897E0
8.623489129E1,3.392327577E-1,3.117075290E-2,9.804083202E0
8.624485329E1,3.392844324E-1,3.115584022E-2,9.804081448E0
8.625481629E1,3.392377278E-1,3.098274208E-2,9.804083787E0
8.626477829E1,3.391757838E-1,3.099645791E-2,9.804085541E0
8.627474129E1,3.390804742E-1,3.110358986E-2,9.804089050E0
8.628470329E1,3.388164359E-1,3.109852380E-2,9.804097821E0
8.629466629E1,3.386235874E-1,3.118182835E-2,9.804104252E0
8.630462929E1,3.385144638E-1,3.116504501E-2,9.804108346E0
8.631459129E1,3.384515696E-1,3.109496979E-2,9.804110684E0
8.632455429E1,3.387057408E-1,3.100959359E-2,9.804101914E0
8.633451629E1,3.387330034E-1,3.095802389E-2,9.804101329E0
8.634447929E1,3.387154618E-1,3.089539929E-2,9.804101914E0
8.635444229E1,3.387649804E-1,3.098025016E-2,9.804100159E0
8.636440429E1,3.388564528E-1,3.094138216E-2,9.804097236E0
8.637436729E1,3.389130611E-1,3.088098910E-2,9.804095482E0
8.638432929E1,3.390061050E-1,3.085605621E-2,9.804091973E0
8.639429229E1,3.388985162E-1,3.076747089E-2,9.804096066E0
8.640425429E1,3.388869679E-1,3.082888721E-2,9.804096066E0
8.641421729E1,3.388242200E-1,3.093333310E-2,9.804098405E0
8.642418029E1,3.387431995E-1,3.109774950E-2,9.804100744E0
8.643414229E1,3.387380832E-1,3.112657673E-2,9.804100744E0
8.644410529E1,3.387593525E-1,3.112769592E-2,9.804099575E0
8.645406729E1,3.388045953E-1,3.103596773E-2,9.804098405E0
8.646403029E1,3.388960311E-1,3.099638939E-2,9.804095482E0
8.647399229E1,3.389345497E-1,3.089066670E-2,9.804094312E0
8.648395529E1,3.388359144E-1,3.100493180E-2,9.804097821E0
8.649391829E1,3.387822297E-1,3.113373500E-2,9.804098990E0
8.650388029E1,3.387578906E-1,3.127995194E-2,9.804099575E0
8.651384329E1,3.387197010E-1,3.142743882E-2,9.804100159E0
8.652380529E1,3.387261695E-1,3.146181633E-2,9.804100159E0
8.653376829E1,3.387092857E-1,3.143148390E-2,9.804100744E0
8.654373029E1,3.385730455E-1,3.137601529E-2,9.804105422E0
8.655369329E1,3.385651883E-1,3.122548604E-2,9.804106007E0
8.656365629E1,3.385180452E-1,3.111854594E-2,9.804108346E0
8.657361829E1,3.385299954E-1,3.109945798E-2,9.804107761E0
8.658358129E1,3.384624235E-1,3.114094809E-2,9.804110100E0
8.659354329E1,3.383830476E-1,3.124492346E-2,9.804112439E0
8.660350629E1,3.384121740E-1,3.133060801E-2,9.804111269E0
8.661346829E1,3.384690017E-1,3.145347035E-2,9.804108930E0
8.662343129E1,3.382601464E-1,3.164512426E-2,9.804115362E0
8.663339429E1,3.381714880E-1,3.168060041E-2,9.804118286E0
8.664335629E1,3.382728641E-1,3.169640845E-2,9.804114777E0
8.665331929E1,3.383888948E-1,3.145466948E-2,9.804111854E0
8.666328129E1,3.386725213E-1,3.135449937E-2,9.804101914E0
8.667324429E1,3.389517624E-1,3.120124750E-2,9.804093143E0
8.668320629E1,3.390363643E-1,3.102372512E-2,9.804090804E0
8.669316929E1,3.391025475E-1,3.091776489E-2,9.804088465E0
8.670313229E1,3.390103442E-1,3.087884208E-2,9.804091973E0
8.671309429E1,3.389356826E-1,3.093846084E-2,9.804094312E0
8.672305729E1,3.387588408E-1,3.101605979E-2,9.804100159E0
8.673301929E1,3.385865307E-1,3.121173823E-2,9.804105422E0
8.674298229E1,3.385129289E-1,3.136770129E-2,9.804107761E0
8.675294429E1,3.384047919E-1,3.147168579E-2,9.804110684E0
8.676290729E1,3.384122471E-1,3.143527546E-2,9.804110684E0
8.677287029E1,3.384703173E-1,3.141461377E-2,9.804108930E0
8.678283229E1,3.385746901E-1,3.136649073E-2,9.804105422E0
8.679279529E1,3.386734349E-1,3.130468840E-2,9.804102498E0
8.680275729E1,3.387804390E-1,3.129294372E-2,9.804098405E0
8.681272029E1,3.388504594E-1,3.127443363E-2,9.804096066E0
8.682268229E1,3.388306519E-1,3.121128598E-2,9.804097236E0
8.683264529E1,3.386259263E-1,3.125038010E-2,9.804104252E0
8.684260829E1,3.383582700E-1,3.135889848E-2,9.804113023E0
8.685257029E1,3.382597079E-1,3.145731672E-2,9.804115947E0
8.686253329E1,3.381955347E-1,3.149285911E-2,9.804118286E0
8.687249529E1,3.381730594E-1,3.154597056E-2,9.804118870E0
8.688245829E1,3.383304957E-1,3.151216177E-2,9.804113608E0
8.689242029E1,3.384830350E-1,3.137629852E-2,9.804108346E0
8.690238329E1,3.387434553E-1,3.114324815E-2,9.804100159E0
8.691234629E1,3.388897088E-1,3.104948256E-2,9.804095482E0
8.692230829E1,3.388743599E-1,3.103842767E-2,9.804096066E0
8.693227129E1,3.387785021E-1,3.112388610E-2,9.804098990E0
8.694223329E1,3.386470494E-1,3.121043631E-2,9.804103668E0
8.695219629E1,3.384698056E-1,3.121360660E-2,9.804109515E0
8.696215829E1,3.382439935E-1,3.125168430E-2,9.804117116E0
8.697212129E1,3.380121879E-1,3.120649857E-2,9.804125302E0
8.698208429E1,3.378656055E-1,3.111927228E-2,9.804130565E0
8.699204629E1,3.379016756E-1,3.108434887E-2,9.804129395E0
8.700200958E1,3.379479416E-1,3.094653731E-2,9.804128226E0
8.701197158E1,3.380924044E-1,3.089865637E-2,9.804123548E0
8.702193458E1,3.382130398E-1,3.081015100E-2,9.804119455E0
8.703189658E1,3.381609265E-1,3.075414792E-2,9.804121794E0
8.704185958E1,3.381461623E-1,3.088267703E-2,9.804121794E0
8.705182258E1,3.378284392E-1,3.101874128E-2,9.804132319E0
8.706178458E1,3.376018596E-1,3.116763286E-2,9.804139336E0
8.707174758E1,3.375668859E-1,3.107019221E-2,9.804141090E0
8.708170958E1,3.377177075E-1,3.093578391E-2,9.804136412E0
8.709167258E1,3.380804176E-1,3.077135609E-2,9.804124133E0
8.710163458E1,3.381587338E-1,3.058208903E-2,9.804122379E0
8.711159758E1,3.381671026E-1,3.052889764E-2,9.804122379E0
8.712156058E1,3.381153913E-1,3.059217776E-2,9.804123548E0
8.713152258E1,3.380506334E-1,3.071414246E-2,9.804125302E0
8.714148558E1,3.378466752E-1,3.092272361E-2,9.804131734E0
8.715144758E1,3.376989599E-1,3.098979985E-2,9.804136997E0
8.716141058E1,3.374573237E-1,3.103916314E-2,9.804145183E0
8.717137258E1,3.374417555E-1,3.113923961E-2,9.804145183E0
8.718133558E1,3.377195348E-1,3.113834197E-2,9.804135827E0
8.719129858E1,3.379315694E-1,3.091627340E-2,9.804128811E0
8.720126058E1,3.383975925E-1,3.077541488E-2,9.804113608E0
8.721122358E1,3.385954842E-1,3.061553922E-2,9.804107176E0
8.722118558E1,3.385690621E-1,3.063129244E-2,9.804107761E0
8.723114858E1,3.384628255E-1,3.082939428E-2,9.804111269E0
8.724111058E1,3.381029294E-1,3.099157914E-2,9.804122964E0
8.725107358E1,3.379597457E-1,3.111841804E-2,9.804127641E0
8.726103658E1,3.378216052E-1,3.124699283E-2,9.804131734E0
8.727099858E1,3.376394279E-1,3.116208714E-2,9.804138166E0
8.728096158E1,3.378527417E-1,3.106266849E-2,9.804131150E0
8.729092358E1,3.378110803E-1,3.088505475E-2,9.804133489E0
8.730088658E1,3.381638135E-1,3.091831307E-2,9.804121209E0
8.731084858E1,3.381078630E-1,3.072913280E-2,9.804123548E0
8.732081158E1,3.380536301E-1,3.072666372E-2,9.804125302E0
8.733077458E1,3.382721332E-1,3.075684312E-2,9.804117701E0
8.734073658E1,3.380573211E-1,3.089787751E-2,9.804124718E0
8.735069958E1,3.379534965E-1,3.095451327E-2,9.804128226E0
8.736066158E1,3.378056350E-1,3.092793128E-2,9.804133489E0
8.737062458E1,3.376468831E-1,3.102610969E-2,9.804138751E0
8.738058658E1,3.375679457E-1,3.115407463E-2,9.804141090E0
8.739054958E1,3.374941977E-1,3.120376226E-2,9.804143429E0
8.740051258E1,3.375130915E-1,3.115015517E-2,9.804142844E0
8.741047458E1,3.376388067E-1,3.105308682E-2,9.804138751E0
8.742043758E1,3.376170623E-1,3.098779444E-2,9.804139920E0
8.743039958E1,3.376382950E-1,3.100802900E-2,9.804138751E0
8.744036258E1,3.376377834E-1,3.100258150E-2,9.804138751E0
8.745032458E1,3.376953419E-1,3.098387954E-2,9.804136997E0
8.746028758E1,3.376362485E-1,3.098781728E-2,9.804138751E0
8.747024958E1,3.375532180E-1,3.106018571E-2,9.804141675E0
8.748021258E1,3.375040283E-1,3.104409673E-2,9.804143429E0
8.749017558E1,3.375683112E-1,3.107873920E-2,9.804141090E0
8.750013758E1,3.376166238E-1,3.116898046E-2,9.804139336E0
8.751010058E1,3.376680427E-1,3.109351712E-2,9.804137582E0
8.752006258E1,3.377077673E-1,3.103039232E-2,9.804136412E0
8.753002558E1,3.377330199E-1,3.100188029E-2,9.804135827E0
8.753998758E1,3.376766674E-1,3.098219162E-2,9.804137582E0
8.754995058E1,3.377796880E-1,3.091831992E-2,9.804134073E0
8.755991358E1,3.377962795E-1,3.079869868E-2,9.804134073E0
8.756987558E1,3.378452499E-1,3.077596535E-2,9.804132319E0
8.757983858E1,3.377496845E-1,3.083550645E-2,9.804135827E0
8.758980058E1,3.375023473E-1,3.095945371E-2,9.804143429E0
8.759976358E1,3.374125560E-1,3.104580064E-2,9.804146352E0
8.760972558E1,3.373026649E-1,3.109888697E-2,9.804149861E0
8.761968858E1,3.373456053E-1,3.093804742E-2,9.804149276E0
8.762965158E1,3.374571775E-1,3.076908345E-2,9.804145768E0
8.763961358E1,3.375429489E-1,3.061521031E-2,9.804143429E0
8.764957658E1,3.378077547E-1,3.049539949E-2,9.804134658E0
8.765953858E1,3.378789080E-1,3.048693017E-2,9.804132319E0
8.766950158E1,3.378172564E-1,3.055513017E-2,9.804134073E0
8.767946358E1,3.377753757E-1,3.066628894E-2,9.804135243E0
8.768942658E1,3.374640115E-1,3.074400437E-2,9.804145768E0
8.769938958E1,3.372526712E-1,3.080615616E-2,9.804152784E0
8.770935158E1,3.375250052E-1,3.089901726E-2,9.804142844E0
8.771931458E1,3.375035898E-1,3.057483026E-2,9.804144598E0
8.772927658E1,3.377170497E-1,3.038368341E-2,9.804138166E0
8.773923958E1,3.382121262E-1,3.035349488E-2,9.804121209E0
8.774920158E1,3.377507078E-1,3.018887977E-2,9.804137582E0
8.775916458E1,3.377244684E-1,3.029908836E-2,9.804138166E0
8.776912758E1,3.377677378E-1,3.036973232E-2,9.804136412E0
8.777908958E1,3.377742063E-1,3.032727605E-2,9.804136412E0
8.778905258E1,3.380112743E-1,3.039481368E-2,9.804128226E0
8.779901458E1,3.380801253E-1,3.034238745E-2,9.804125887E0
8.780897758E1,3.381418499E-1,3.036663284E-2,9.804123548E0
8.781893958E1,3.383067780E-1,3.041305882E-2,9.804117701E0
8.782890258E1,3.381810994E-1,3.033431555E-2,9.804122379E0
8.783886458E1,3.382123089E-1,3.027355933E-2,9.804121209E0
8.784882758E1,3.383208478E-1,3.024547671E-2,9.804117701E0
8.785879058E1,3.381646541E-1,3.022317278E-2,9.804122964E0
8.786875258E1,3.380636069E-1,3.027312536E-2,9.804126472E0
8.787871558E1,3.380330186E-1,3.036176092E-2,9.804127057E0
8.788867758E1,3.379874834E-1,3.045457633E-2,9.804128811E0
8.789864058E1,3.380924410E-1,3.058183322E-2,9.804124718E0
8.790860258E1,3.380103972E-1,3.061045260E-2,9.804127057E0
8.791856558E1,3.381120291E-1,3.065428844E-2,9.804123548E0
8.792852858E1,3.383244658E-1,3.055024683E-2,9.804116532E0
8.793849058E1,3.383673332E-1,3.050728350E-2,9.804115362E0
8.794845358E1,3.385106631E-1,3.051887743E-2,9.804110100E0
8.795841558E1,3.383611571E-1,3.062174046E-2,9.804115362E0
8.796837858E1,3.382197641E-1,3.087289436E-2,9.804119455E0
8.797834058E1,3.382745086E-1,3.101550476E-2,9.804117116E0
8.798830358E1,3.384201774E-1,3.098328797E-2,9.804111854E0
8.799826508E1,3.387505085E-1,3.102279322E-2,9.804100744E0
8.800822808E1,3.388570375E-1,3.099071804E-2,9.804096651E0
8.801819108E1,3.387687445E-1,3.111297739E-2,9.804099575E0
8.802815308E1,3.387626781E-1,3.142704824E-2,9.804098990E0
8.803811608E1,3.385919028E-1,3.162374766E-2,9.804104252E0
8.804807808E1,3.383212498E-1,3.167979185E-2,9.804113023E0
8.805804108E1,3.384965567E-1,3.180946985E-2,9.804106591E0
8.806800308E1,3.380770920E-1,3.176506984E-2,9.804121209E0
8.807796608E1,3.380057194E-1,3.194897162E-2,9.804122964E0
8.808792908E1,3.380696368E-1,3.210121622E-2,9.804120625E0
8.809789108E1,3.382588673E-1,3.209463581E-2,9.804114193E0
8.810785408E1,3.385841918E-1,3.198896110E-2,9.804103083E0
8.811781608E1,3.392768676E-1,3.189501735E-2,9.804079694E0
8.812777908E1,3.391116837E-1,3.144200661E-2,9.804086711E0
8.813774108E1,3.390552581E-1,3.153247856E-2,9.804088465E0
8.814770408E1,3.395462415E-1,3.168286621E-2,9.804070923E0
8.815766608E1,3.383584527E-1,3.129540823E-2,9.804113023E0
8.816762908E1,3.389509949E-1,3.178425373E-2,9.804090804E0
8.817759208E1,3.391499099E-1,3.186421440E-2,9.804083787E0
8.818755408E1,3.381803319E-1,3.157695852E-2,9.804118286E0
8.819751708E1,3.390380088E-1,3.199748981E-2,9.804087296E0
8.820747908E1,3.387554056E-1,3.187460463E-2,9.804097821E0
8.821744208E1,3.384848622E-1,3.170966062E-2,9.804107176E0
8.822740408E1,3.391445378E-1,3.180774081E-2,9.804084372E0
8.823736708E1,3.390242679E-1,3.160912277E-2,9.804089050E0
8.824733008E1,3.390701320E-1,3.149263755E-2,9.804087880E0
8.825729208E1,3.391654781E-1,3.149543782E-2,9.804084372E0
8.826725508E1,3.389827892E-1,3.144413307E-2,9.804090804E0
8.827721708E1,3.388775393E-1,3.149823124E-2,9.804094312E0
8.828718008E1,3.387844955E-1,3.154844420E-2,9.804097821E0
8.829714208E1,3.387085913E-1,3.154638397E-2,9.804100159E0
8.830710508E1,3.385847400E-1,3.153870722E-2,9.804104252E0
8.831706708E1,3.383512168E-1,3.169371325E-2,9.804111854E0
8.832703008E1,3.382066078E-1,3.174543598E-2,9.804117116E0
8.833699308E1,3.384664435E-1,3.172255647E-2,9.804107761E0
8.834695508E1,3.386217967E-1,3.147509591E-2,9.804103668E0
8.835691808E1,3.389921447E-1,3.138460796E-2,9.804090804E0
8.836688008E1,3.392553791E-1,3.143636267E-2,9.804081448E0
8.837684308E1,3.387249635E-1,3.147172919E-2,9.804100159E0
8.838680508E1,3.384120644E-1,3.176904183E-2,9.804109515E0
8.839676808E1,3.385283874E-1,3.193897882E-2,9.804105422E0
8.840673108E1,3.380805273E-1,3.177491646E-2,9.804121209E0
8.841669308E1,3.383046583E-1,3.168161682E-2,9.804113608E0
8.842665608E1,3.388362068E-1,3.161452688E-2,9.804095482E0
8.843661808E1,3.387046810E-1,3.136958107E-2,9.804100744E0
8.844658108E1,3.389932776E-1,3.152651714E-2,9.804090219E0
8.845654308E1,3.390228061E-1,3.162853278E-2,9.804089050E0
8.846650608E1,3.388498747E-1,3.176281775E-2,9.804094897E0
8.847646808E1,3.389248652E-1,3.190386127E-2,9.804091389E0
8.848643108E1,3.388299941E-1,3.195627607E-2,9.804094897E0
8.849639408E1,3.386047667E-1,3.193572402E-2,9.804102498E0
8.850635608E1,3.387073122E-1,3.202904878E-2,9.804098990E0
8.851631908E1,3.386905746E-1,3.203984786E-2,9.804098990E0
8.852628108E1,3.385957035E-1,3.194145247E-2,9.804103083E0
8.853624408E1,3.387434188E-1,3.190106100E-2,9.804097821E0
8.854620608E1,3.387363290E-1,3.194353782E-2,9.804097821E0
8.855616908E1,3.387066910E-1,3.197862112E-2,9.804098990E0
8.856613108E1,3.387150598E-1,3.197644897E-2,9.804098405E0
8.857609408E1,3.387769306E-1,3.198767517E-2,9.804096651E0
8.858605708E1,3.388348912E-1,3.198775968E-2,9.804094312E0
8.859601908E1,3.389738722E-1,3.201075796E-2,9.804089634E0
8.860598208E1,3.389162406E-1,3.190490280E-2,9.804091973E0
8.861594408E1,3.389064830E-1,3.198524720E-2,9.804091973E0
8.862590708E1,3.389043999E-1,3.209862608E-2,9.804091389E0
8.863586908E1,3.386388267E-1,3.218168167E-2,9.804100744E0
8.864583208E1,3.389272406E-1,3.230162725E-2,9.804090219E0
8.865579508E1,3.389137920E-1,3.223993227E-2,9.804090804E0
8.866575708E1,3.391117568E-1,3.216014290E-2,9.804084372E0
8.867572008E1,3.392031927E-1,3.222226728E-2,9.804080864E0
8.868568208E1,3.389765765E-1,3.217577278E-2,9.804089050E0
8.869564508E1,3.388742502E-1,3.238436763E-2,9.804091973E0
8.870560708E1,3.388324792E-1,3.249752953E-2,9.804092558E0
8.871557008E1,3.387817181E-1,3.257227567E-2,9.804094312E0
8.872553208E1,3.387857380E-1,3.261845954E-2,9.804094312E0
8.873549508E1,3.387969574E-1,3.274174900E-2,9.804093143E0
8.874545808E1,3.386090790E-1,3.282764368E-2,9.804099575E0
8.875542008E1,3.385551384E-1,3.303670905E-2,9.804100744E0
8.876538308E1,3.385656634E-1,3.308594900E-2,9.804100159E0
8.877534508E1,3.387042059E-1,3.311428744E-2,9.804095482E0
8.878530808E1,3.389579020E-1,3.312389423E-2,9.804086126E0
8.879527008E1,3.390691818E-1,3.300290255E-2,9.804083202E0
8.880523308E1,3.391877706E-1,3.284393366E-2,9.804079694E0
8.881519508E1,3.392394089E-1,3.274786117E-2,9.804077940E0
8.882515808E1,3.390323809E-1,3.267756210E-2,9.804085541E0
8.883512108E1,3.389363769E-1,3.271113334E-2,9.804088465E0
8.884508308E1,3.388515923E-1,3.271031108E-2,9.804091389E0
8.885504608E1,3.386230758E-1,3.282937957E-2,9.804098990E0
8.886500808E1,3.383781140E-1,3.289367611E-2,9.804107176E0
8.887497108E1,3.383270970E-1,3.293710767E-2,9.804108930E0
8.888493308E1,3.384225528E-1,3.297726845E-2,9.804105422E0
8.889489608E1,3.384527756E-1,3.288791797E-2,9.804104837E0
8.890485808E1,3.386690130E-1,3.279909511E-2,9.804097236E0
8.891482108E1,3.389213569E-1,3.266922297E-2,9.804089050E0
8.892478408E1,3.390257297E-1,3.259271124E-2,9.804086126E0
8.893474608E1,3.390455006E-1,3.257068368E-2,9.804084957E0
8.894470908E1,3.389964936E-1,3.265981717E-2,9.804086711E0
8.895467108E1,3.387465251E-1,3.258260423E-2,9.804095482E0
8.896463408E1,3.387496315E-1,3.255476372E-2,9.804095482E0
8.897459608E1,3.385980789E-1,3.254319035E-2,9.804100744E0
8.898455908E1,3.382324087E-1,3.254009086E-2,9.804113608E0
8.899452108E1,3.382662129E-1,3.256557879E-2,9.804112439E0
8.900448454E1,3.382530201E-1,3.258120867E-2,9.804112439E0
8.901444754E1,3.381965579E-1,3.256329015E-2,9.804114777E0
8.902440954E1,3.384112239E-1,3.260610045E-2,9.804107176E0
8.903437254E1,3.385495836E-1,3.257037990E-2,9.804102498E0
8.904433454E1,3.385724243E-1,3.251698979E-2,9.804101914E0
8.905429754E1,3.386005275E-1,3.249531627E-2,9.804100744E0
8.906425954E1,3.386391191E-1,3.252236878E-2,9.804099575E0
8.907422254E1,3.385881387E-1,3.249090116E-2,9.804101329E0
8.908418454E1,3.385214439E-1,3.252727267E-2,9.804103668E0
8.909414754E1,3.384638122E-1,3.260716025E-2,9.804105422E0
8.910411054E1,3.383633498E-1,3.266140003E-2,9.804108346E0
8.911407254E1,3.382514487E-1,3.268545813E-2,9.804112439E0
8.912403554E1,3.382250631E-1,3.271175461E-2,9.804113023E0
8.913399754E1,3.381124677E-1,3.281053829E-2,9.804116532E0
8.914396054E1,3.380649590E-1,3.282403257E-2,9.804118286E0
8.915392254E1,3.380280485E-1,3.275350053E-2,9.804120040E0
8.916388554E1,3.382460766E-1,3.260334586E-2,9.804113023E0
8.917384754E1,3.384628255E-1,3.244992726E-2,9.804106007E0
8.918381054E1,3.384755067E-1,3.235522063E-2,9.804105422E0
8.919377354E1,3.384823406E-1,3.238185287E-2,9.804105422E0
8.920373554E1,3.384842044E-1,3.253449946E-2,9.804104837E0
8.921369854E1,3.385042677E-1,3.241652504E-2,9.804104252E0
8.922366054E1,3.385589757E-1,3.245729794E-2,9.804102498E0
8.923362354E1,3.385112843E-1,3.239520097E-2,9.804104252E0
8.924358554E1,3.384126126E-1,3.242889098E-2,9.804107761E0
8.925354854E1,3.383285223E-1,3.256473825E-2,9.804110100E0
8.926351054E1,3.381915878E-1,3.263018595E-2,9.804114777E0
8.927347354E1,3.381808801E-1,3.259559830E-2,9.804114777E0
8.928343654E1,3.382920503E-1,3.245083403E-2,9.804111854E0
8.929339854E1,3.385034637E-1,3.231339249E-2,9.804104837E0
8.930336154E1,3.387053753E-1,3.220490151E-2,9.804098405E0
8.931332354E1,3.387796715E-1,3.220621713E-2,9.804095482E0
8.932328654E1,3.387443690E-1,3.233893523E-2,9.804096651E0
8.933324854E1,3.385693179E-1,3.251693954E-2,9.804101914E0
8.934321154E1,3.384552972E-1,3.262853457E-2,9.804105422E0
8.935317354E1,3.382828044E-1,3.270229171E-2,9.804111269E0
8.936313654E1,3.383001633E-1,3.272404061E-2,9.804110684E0
8.937309954E1,3.382390599E-1,3.266937143E-2,9.804113023E0
8.938306154E1,3.382268173E-1,3.267389846E-2,9.804113023E0
8.939302454E1,3.382788941E-1,3.258279609E-2,9.804111854E0
8.940298654E1,3.382557610E-1,3.240400377E-2,9.804113023E0
8.941294954E1,3.383185820E-1,3.232627692E-2,9.804111269E0
8.942291154E1,3.382427144E-1,3.219323449E-2,9.804114193E0
8.943287454E1,3.381248930E-1,3.227536503E-2,9.804118286E0
8.944283654E1,3.380854608E-1,3.230516527E-2,9.804119455E0
8.945279954E1,3.380334572E-1,3.233290528E-2,9.804121209E0
8.946276254E1,3.379932576E-1,3.239826848E-2,9.804122379E0
8.947272454E1,3.380955838E-1,3.243611321E-2,9.804118286E0
8.948268754E1,3.381318366E-1,3.246912942E-2,9.804117116E0
8.949264954E1,3.382544454E-1,3.251281908E-2,9.804113023E0
8.950261254E1,3.383382433E-1,3.249696536E-2,9.804110100E0
8.951257454E1,3.382685883E-1,3.245857246E-2,9.804112439E0
8.952253754E1,3.383207382E-1,3.246861322E-2,9.804110684E0
8.953249954E1,3.382770303E-1,3.248965863E-2,9.804111854E0
8.954246254E1,3.381309230E-1,3.255257101E-2,9.804117116E0
8.955242554E1,3.380897366E-1,3.262618426E-2,9.804118286E0
8.956238754E1,3.379411808E-1,3.273747551E-2,9.804122964E0
8.957235054E1,3.378213494E-1,3.278468949E-2,9.804127057E0
8.958231254E1,3.378089606E-1,3.286853765E-2,9.804127057E0
8.959227554E1,3.378233960E-1,3.270709739E-2,9.804127057E0
8.960223754E1,3.378128344E-1,3.260826803E-2,9.804127641E0
8.961220054E1,3.379229448E-1,3.246734328E-2,9.804124133E0
8.962216254E1,3.380671518E-1,3.247098408E-2,9.804119455E0
8.963212554E1,3.381636674E-1,3.247220834E-2,9.804115947E0
8.964208854E1,3.383447118E-1,3.242006991E-2,9.804110100E0
8.965205054E1,3.383973733E-1,3.246187750E-2,9.804107761E0
8.966201354E1,3.384436759E-1,3.246732272E-2,9.804106591E0
8.967197554E1,3.382393888E-1,3.251129333E-2,9.804113023E0
8.968193854E1,3.379020410E-1,3.257977884E-2,9.804124718E0
8.969190054E1,3.377192790E-1,3.268069356E-2,9.804130565E0
8.970186354E1,3.375836236E-1,3.264127510E-2,9.804135243E0
8.971182554E1,3.376691025E-1,3.251655811E-2,9.804132904E0
8.972178854E1,3.376843053E-1,3.248602696E-2,9.804132319E0
8.973175054E1,3.377533390E-1,3.250728707E-2,9.804129980E0
8.974171354E1,3.378631936E-1,3.243922868E-2,9.804126472E0
8.975167654E1,3.379012736E-1,3.244119526E-2,9.804125302E0
8.976163854E1,3.379770681E-1,3.245685255E-2,9.804122379E0
8.977160154E1,3.381663352E-1,3.246552516E-2,9.804115947E0
8.978156354E1,3.382459669E-1,3.241228352E-2,9.804113608E0
8.979152654E1,3.382331761E-1,3.241456759E-2,9.804113608E0
8.980148854E1,3.381705378E-1,3.243951190E-2,9.804115947E0
8.981145154E1,3.379040510E-1,3.257053521E-2,9.804124718E0
8.982141354E1,3.376575178E-1,3.270219807E-2,9.804132904E0
8.983137654E1,3.374588586E-1,3.284994990E-2,9.804139336E0
8.984133954E1,3.373590905E-1,3.300692251E-2,9.804141675E0
8.985130154E1,3.373723929E-1,3.307278591E-2,9.804141090E0
8.986126454E1,3.375083407E-1,3.299041783E-2,9.804136997E0
8.987122654E1,3.377747179E-1,3.279739805E-2,9.804128226E0
8.988118954E1,3.379180843E-1,3.265993594E-2,9.804124133E0
8.989115154E1,3.378423994E-1,3.266297832E-2,9.804126472E0
8.990111454E1,3.378893599E-1,3.270260920E-2,9.804124718E0
8.991107654E1,3.378629012E-1,3.281729685E-2,9.804125302E0
8.992103954E1,3.379057686E-1,3.277299277E-2,9.804124133E0
8.993100254E1,3.379884702E-1,3.303302028E-2,9.804120040E0
8.994096454E1,3.377637544E-1,3.335317818E-2,9.804127057E0
8.995092754E1,3.371225341E-1,3.346105931E-2,9.804148691E0
8.996088954E1,3.370314637E-1,3.356352948E-2,9.804151615E0
8.997085254E1,3.370349355E-1,3.341168231E-2,9.804151615E0
8.998081454E1,3.368802035E-1,3.317558042E-2,9.804158047E0
8.999077754E1,3.371632453E-1,3.309531825E-2,9.804148107E0
9.000073929E1,3.372202191E-1,3.290553042E-2,9.804146937E0
9.001070229E1,3.373555456E-1,3.281419965E-2,9.804142844E0
9.002066429E1,3.376236039E-1,3.282263929E-2,9.804133489E0
9.003062729E1,3.376976077E-1,3.276436585E-2,9.804131150E0
9.004059029E1,3.377843658E-1,3.274455612E-2,9.804128226E0
9.005055229E1,3.377879107E-1,3.270154711E-2,9.804128226E0
9.006051529E1,3.377446047E-1,3.252511879E-2,9.804130565E0
9.007047729E1,3.377203022E-1,3.253769259E-2,9.804131150E0
9.008044029E1,3.376068662E-1,3.254319035E-2,9.804135243E0
9.009040229E1,3.372252989E-1,3.267426847E-2,9.804147522E0
9.010036529E1,3.371458498E-1,3.287353062E-2,9.804149861E0
9.011032729E1,3.367848574E-1,3.269039857E-2,9.804162725E0
9.012029029E1,3.368362763E-1,3.237765247E-2,9.804162140E0
9.013025229E1,3.371313414E-1,3.212814995E-2,9.804152784E0
9.014021529E1,3.375213873E-1,3.194309243E-2,9.804139920E0
9.015017829E1,3.369584831E-1,3.166156955E-2,9.804160386E0
9.016014029E1,3.375783611E-1,3.214760337E-2,9.804136997E0
9.017010329E1,3.367556213E-1,3.222503329E-2,9.804165064E0
9.018006529E1,3.364061040E-1,3.270520162E-2,9.804175588E0
9.019002829E1,3.364805829E-1,3.329937694E-2,9.804170911E0
9.019999029E1,3.361152050E-1,3.337508240E-2,9.804183190E0
9.020995329E1,3.367156409E-1,3.330341517E-2,9.804163309E0
9.021991529E1,3.375197062E-1,3.293140207E-2,9.804136412E0
9.022987829E1,3.383242465E-1,3.263760004E-2,9.804110100E0
9.023984129E1,3.386126239E-1,3.251678194E-2,9.804100159E0
9.024980329E1,3.383822070E-1,3.254482345E-2,9.804108346E0
9.025976629E1,3.383119308E-1,3.281139710E-2,9.804109515E0
9.026972829E1,3.378428745E-1,3.283877623E-2,9.804125887E0
9.027969129E1,3.376192916E-1,3.286117381E-2,9.804133489E0
9.028965329E1,3.374008615E-1,3.285163325E-2,9.804141090E0
9.029961629E1,3.367849670E-1,3.294971345E-2,9.804162140E0
9.030957829E1,3.366070655E-1,3.324337386E-2,9.804166818E0
9.031954129E1,3.364938122E-1,3.346399205E-2,9.804170326E0
9.032950329E1,3.364466690E-1,3.345624906E-2,9.804171495E0
9.033946629E1,3.371657304E-1,3.347995769E-2,9.804146937E0
9.034942929E1,3.375222278E-1,3.323626813E-2,9.804135827E0
9.035939129E1,3.380952549E-1,3.306894183E-2,9.804116532E0
9.036935429E1,3.384273037E-1,3.298216092E-2,9.804105422E0
9.037931629E1,3.382915387E-1,3.288080995E-2,9.804110100E0
9.038927929E1,3.383973002E-1,3.293908111E-2,9.804106591E0
9.039924129E1,3.380821718E-1,3.289725981E-2,9.804117701E0
9.040920429E1,3.377532659E-1,3.287714173E-2,9.804128811E0
9.041916629E1,3.376519629E-1,3.289383142E-2,9.804132319E0
9.042912929E1,3.374874369E-1,3.283679823E-2,9.804138166E0
9.043909229E1,3.373008376E-1,3.279449956E-2,9.804144598E0
9.044905429E1,3.372648772E-1,3.280908106E-2,9.804145768E0
9.045901729E1,3.370161513E-1,3.276866675E-2,9.804154539E0
9.046897929E1,3.371583117E-1,3.287253933E-2,9.804149276E0
9.047894229E1,3.372681663E-1,3.273587437E-2,9.804145768E0
9.048890429E1,3.373282830E-1,3.258798778E-2,9.804144598E0
9.049886729E1,3.376374545E-1,3.251668144E-2,9.804134073E0
9.050882929E1,3.378214591E-1,3.245842627E-2,9.804127641E0
9.051879229E1,3.378080470E-1,3.241825408E-2,9.804128226E0
9.052875429E1,3.378016151E-1,3.241849619E-2,9.804128811E0
9.053871729E1,3.376880695E-1,3.223936811E-2,9.804132904E0
9.054867929E1,3.377519137E-1,3.215150684E-2,9.804131150E0
9.055864229E1,3.378520839E-1,3.211816857E-2,9.804127641E0
9.056860529E1,3.377604287E-1,3.206707853E-2,9.804131150E0
9.057856729E1,3.376204976E-1,3.213591807E-2,9.804135827E0
9.058853029E1,3.373966954E-1,3.222397577E-2,9.804143429E0
9.059849229E1,3.371209261E-1,3.233891010E-2,9.804152200E0
9.060845529E1,3.369817989E-1,3.245116522E-2,9.804156877E0
9.061841729E1,3.369435727E-1,3.241187696E-2,9.804158047E0
9.062838029E1,3.369513568E-1,3.222231297E-2,9.804158632E0
9.063834229E1,3.371811159E-1,3.201826798E-2,9.804151615E0
9.064830529E1,3.373467382E-1,3.178265260E-2,9.804146352E0
9.065826729E1,3.373772899E-1,3.160917302E-2,9.804145768E0
9.066823029E1,3.375661550E-1,3.147671988E-2,9.804139920E0
9.067819329E1,3.375133839E-1,3.132955277E-2,9.804142259E0
9.068815529E1,3.373896422E-1,3.135819271E-2,9.804146352E0
9.069811829E1,3.371884980E-1,3.119483155E-2,9.804153954E0
9.070808029E1,3.370762314E-1,3.112294278E-2,9.804158047E0
9.071804329E1,3.369438285E-1,3.109547000E-2,9.804162725E0
9.072800529E1,3.366853816E-1,3.101827533E-2,9.804171495E0
9.073796829E1,3.366748201E-1,3.107261332E-2,9.804172080E0
9.074793029E1,3.365759656E-1,3.098789494E-2,9.804175588E0
9.075789329E1,3.366315872E-1,3.096220145E-2,9.804173834E0
9.076785529E1,3.369075758E-1,3.092322382E-2,9.804164479E0
9.077781829E1,3.369652074E-1,3.064393476E-2,9.804163309E0
9.078778129E1,3.372938209E-1,3.065236297E-2,9.804151615E0
9.079774329E1,3.373344225E-1,3.054580203E-2,9.804151030E0
9.080770629E1,3.369445960E-1,3.046741737E-2,9.804164479E0
9.081766829E1,3.367657808E-1,3.041640726E-2,9.804170911E0
9.082763129E1,3.366379095E-1,3.017677649E-2,9.804175588E0
9.083759329E1,3.364099047E-1,2.984889844E-2,9.804184944E0
9.084755629E1,3.365160316E-1,2.969336707E-2,9.804181436E0
9.085751829E1,3.362696811E-1,2.948317337E-2,9.804190791E0
9.086748129E1,3.363442697E-1,2.933985492E-2,9.804188452E0
9.087744329E1,3.365509687E-1,2.919339587E-2,9.804182020E0
9.088740629E1,3.365583508E-1,2.905143644E-2,9.804182020E0
9.089736929E1,3.366767204E-1,2.912932090E-2,9.804177927E0
9.090733129E1,3.367659635E-1,2.918284119E-2,9.804174419E0
9.091729429E1,3.368212563E-1,2.935050553E-2,9.804172080E0
9.092725629E1,3.367467774E-1,2.952864004E-2,9.804173834E0
9.093721929E1,3.365259353E-1,2.950362949E-2,9.804182020E0
9.094718129E1,3.366574246E-1,2.957366132E-2,9.804176758E0
9.095714429E1,3.367399069E-1,2.952849615E-2,9.804174419E0
9.096710629E1,3.367741131E-1,2.936309303E-2,9.804173834E0
9.097706929E1,3.369486159E-1,2.928856844E-2,9.804167987E0
9.098703129E1,3.367858075E-1,2.920137412E-2,9.804173834E0
9.099699429E1,3.366646971E-1,2.919223785E-2,9.804177927E0
9.100695683E1,3.366237300E-1,2.930025602E-2,9.804179097E0
9.101691883E1,3.360889656E-1,2.922128663E-2,9.804197808E0
9.102688183E1,3.363578644E-1,2.935785110E-2,9.804187868E0
9.103684383E1,3.358586949E-1,2.915118857E-2,9.804205409E0
9.104680683E1,3.361737137E-1,2.910956827E-2,9.804194884E0
9.105676883E1,3.362801696E-1,2.892171276E-2,9.804191961E0
9.106673183E1,3.360476696E-1,2.872858791E-2,9.804200732E0
9.107669383E1,3.362644186E-1,2.877297193E-2,9.804193130E0
9.108665683E1,3.361976873E-1,2.878474630E-2,9.804194884E0
9.109661883E1,3.363280436E-1,2.899561837E-2,9.804190207E0
9.110658183E1,3.363886354E-1,2.911011416E-2,9.804187868E0
9.111654483E1,3.362593389E-1,2.909079779E-2,9.804191961E0
9.112650683E1,3.364522970E-1,2.905740699E-2,9.804185529E0
9.113646983E1,3.363955424E-1,2.888911682E-2,9.804187868E0
9.114643183E1,3.366228895E-1,2.887301414E-2,9.804180266E0
9.115639483E1,3.365284570E-1,2.883319825E-2,9.804183775E0
9.116635683E1,3.367240463E-1,2.889518559E-2,9.804176758E0
9.117631983E1,3.363545388E-1,2.872902188E-2,9.804190207E0
9.118628183E1,3.363584857E-1,2.894026168E-2,9.804189037E0
9.119624483E1,3.363386783E-1,2.915658582E-2,9.804189037E0
9.120620683E1,3.358205053E-1,2.904336911E-2,9.804207163E0
9.121616983E1,3.359442836E-1,2.923668811E-2,9.804202486E0
9.122613283E1,3.359631774E-1,2.926005413E-2,9.804201901E0
9.123609483E1,3.357833390E-1,2.915415101E-2,9.804208333E0
9.124605783E1,3.357405812E-1,2.907876075E-2,9.804210087E0
9.125601983E1,3.359316755E-1,2.894883379E-2,9.804203655E0
9.126598283E1,3.360453673E-1,2.881707501E-2,9.804200147E0
9.127594483E1,3.365681449E-1,2.870181862E-2,9.804182605E0
9.128590783E1,3.368600306E-1,2.850759970E-2,9.804173250E0
9.129586983E1,3.367798141E-1,2.839738197E-2,9.804176173E0
9.130583283E1,3.367729802E-1,2.855963764E-2,9.804176173E0
9.131579483E1,3.364341341E-1,2.872831382E-2,9.804187283E0
9.132575783E1,3.358619475E-1,2.894304368E-2,9.804205994E0
9.133572083E1,3.358039138E-1,2.920929984E-2,9.804207163E0
9.134568283E1,3.355016493E-1,2.922533172E-2,9.804217688E0
9.135564583E1,3.356179358E-1,2.920425662E-2,9.804213595E0
9.136560783E1,3.360925105E-1,2.920007906E-2,9.804197808E0
9.137557083E1,3.361330390E-1,2.897674968E-2,9.804196638E0
9.138553283E1,3.366526372E-1,2.889812290E-2,9.804179097E0
9.139549583E1,3.369072834E-1,2.885547706E-2,9.804170326E0
9.140545783E1,3.369990482E-1,2.874220553E-2,9.804167987E0
9.141542083E1,3.369893272E-1,2.875185800E-2,9.804167987E0
9.142538283E1,3.367452059E-1,2.875760015E-2,9.804176173E0
9.143534583E1,3.364918388E-1,2.885220399E-2,9.804184944E0
9.144530783E1,3.361168130E-1,2.898958158E-2,9.804197223E0
9.145527083E1,3.357947045E-1,2.915511717E-2,9.804207748E0
9.146523383E1,3.356236734E-1,2.914845682E-2,9.804213595E0
9.147519583E1,3.358054853E-1,2.895146961E-2,9.804208333E0
9.148515883E1,3.360649920E-1,2.887739955E-2,9.804199562E0
9.149512083E1,3.362753822E-1,2.874903718E-2,9.804192545E0
9.150508383E1,3.364689615E-1,2.871377116E-2,9.804186113E0
9.151504583E1,3.368301002E-1,2.880488722E-2,9.804173250E0
9.152500883E1,3.367370198E-1,2.875238334E-2,9.804176758E0
9.153497083E1,3.367351195E-1,2.880001073E-2,9.804176758E0
9.154493383E1,3.367890600E-1,2.885443324E-2,9.804174419E0
9.155489583E1,3.365809357E-1,2.888981346E-2,9.804181436E0
9.156485883E1,3.366254111E-1,2.897998392E-2,9.804179682E0
9.157482083E1,3.364039113E-1,2.900520004E-2,9.804187283E0
9.158478383E1,3.360484006E-1,2.893890266E-2,9.804199562E0
9.159474683E1,3.361783184E-1,2.896450022E-2,9.804195469E0
9.160470883E1,3.360577561E-1,2.891306299E-2,9.804199562E0
9.161467183E1,3.363291400E-1,2.883432658E-2,9.804190207E0
9.162463383E1,3.363421866E-1,2.870764528E-2,9.804190207E0
9.163459683E1,3.365483740E-1,2.871233219E-2,9.804183190E0
9.164455883E1,3.366481056E-1,2.874349146E-2,9.804179682E0
9.165452183E1,3.365626997E-1,2.876129577E-2,9.804182605E0
9.166448383E1,3.366364112E-1,2.895422191E-2,9.804179682E0
9.167444683E1,3.367451328E-1,2.913441208E-2,9.804175588E0
9.168440883E1,3.367561329E-1,2.907757532E-2,9.804175004E0
9.169437183E1,3.368021066E-1,2.908310277E-2,9.804173250E0
9.170433383E1,3.366057133E-1,2.907920615E-2,9.804180266E0
9.171429683E1,3.364373135E-1,2.903795587E-2,9.804186113E0
9.172425983E1,3.363043624E-1,2.897722020E-2,9.804190791E0
9.173422183E1,3.362634685E-1,2.888910312E-2,9.804192545E0
9.174418483E1,3.363057511E-1,2.882926052E-2,9.804191376E0
9.175414683E1,3.364620911E-1,2.877167230E-2,9.804186113E0
9.176410983E1,3.366390059E-1,2.879899432E-2,9.804179682E0
9.177407183E1,3.366337799E-1,2.889165899E-2,9.804179682E0
9.178403483E1,3.365924109E-1,2.896179131E-2,9.804180851E0
9.179399683E1,3.365432212E-1,2.901828547E-2,9.804182605E0
9.180395983E1,3.365546232E-1,2.903764523E-2,9.804182020E0
9.181392183E1,3.364989651E-1,2.903543654E-2,9.804184359E0
9.182388483E1,3.364482770E-1,2.902419207E-2,9.804186113E0
9.183384683E1,3.363547216E-1,2.892631059E-2,9.804189622E0
9.184380983E1,3.362331726E-1,2.877934677E-2,9.804193715E0
9.185377283E1,3.363766486E-1,2.876773913E-2,9.804189037E0
9.186373483E1,3.361397268E-1,2.874539409E-2,9.804197223E0
9.187369783E1,3.361479494E-1,2.879258294E-2,9.804196638E0
9.188365983E1,3.360865171E-1,2.880867421E-2,9.804198977E0
9.189362283E1,3.360280815E-1,2.887896642E-2,9.804200732E0
9.190358483E1,3.361277765E-1,2.890497739E-2,9.804197223E0
9.191354783E1,3.361441122E-1,2.893596763E-2,9.804196638E0
9.192350983E1,3.362147904E-1,2.890637067E-2,9.804194300E0
9.193347283E1,3.363058973E-1,2.887863294E-2,9.804191376E0
9.194343483E1,3.362661362E-1,2.889508737E-2,9.804192545E0
9.195339783E1,3.360739821E-1,2.892777240E-2,9.804198977E0
9.196335983E1,3.359132568E-1,2.895161350E-2,9.804204240E0
9.197332283E1,3.358461234E-1,2.893964042E-2,9.804206579E0
9.198328583E1,3.356423480E-1,2.894784022E-2,9.804213595E0
9.199324783E1,3.355975071E-1,2.894791788E-2,9.804215350E0
9.200321196E1,3.355927197E-1,2.886812394E-2,9.804215350E0
9.201317396E1,3.355348323E-1,2.879070316E-2,9.804217688E0
9.202313696E1,3.355118820E-1,2.880053835E-2,9.804218858E0
9.203309896E1,3.354849482E-1,2.878147780E-2,9.804219443E0
9.204306196E1,3.355220050E-1,2.882375591E-2,9.804218273E0
9.205302396E1,3.356247332E-1,2.884320019E-2,9.804214765E0
9.206298696E1,3.356230887E-1,2.878050936E-2,9.804214765E0
9.207294896E1,3.357052055E-1,2.878561882E-2,9.804211841E0
9.208291196E1,3.357499733E-1,2.881909870E-2,9.804210672E0
9.209287396E1,3.356805376E-1,2.885452688E-2,9.804212426E0
9.210283696E1,3.354027949E-1,2.893983913E-2,9.804221781E0
9.211279996E1,3.352585148E-1,2.908176659E-2,9.804226459E0
9.212276196E1,3.350954871E-1,2.917821595E-2,9.804231722E0
9.213272496E1,3.350814173E-1,2.913361951E-2,9.804232306E0
9.214268696E1,3.351293644E-1,2.904490172E-2,9.804231137E0
9.215264996E1,3.350491845E-1,2.885481239E-2,9.804234061E0
9.216261196E1,3.350546297E-1,2.873695445E-2,9.804234645E0
9.217257496E1,3.351963151E-1,2.867779479E-2,9.804229968E0
9.218253696E1,3.352144780E-1,2.861230598E-2,9.804229383E0
9.219249996E1,3.351398163E-1,2.860117114E-2,9.804231722E0
9.220246196E1,3.351826472E-1,2.866126499E-2,9.804230552E0
9.221242496E1,3.352294980E-1,2.862692402E-2,9.804228798E0
9.222238696E1,3.350599653E-1,2.876387220E-2,9.804234061E0
9.223234996E1,3.349280375E-1,2.882447311E-2,9.804238738E0
9.224231196E1,3.349417054E-1,2.891605512E-2,9.804237569E0
9.225227496E1,3.352172554E-1,2.900147929E-2,9.804228213E0
9.226223796E1,3.353183757E-1,2.895044406E-2,9.804224705E0
9.227219996E1,3.354321771E-1,2.897810185E-2,9.804220612E0
9.228216296E1,3.354424828E-1,2.882824867E-2,9.804220612E0
9.229212496E1,3.354552005E-1,2.869665435E-2,9.804220612E0
9.230208796E1,3.354606092E-1,2.870421690E-2,9.804220612E0
9.231204996E1,3.352193750E-1,2.859155978E-2,9.804229383E0
9.232201296E1,3.349816491E-1,2.863361177E-2,9.804236984E0
9.233197496E1,3.348367844E-1,2.863278950E-2,9.804242247E0
9.234193796E1,3.349276355E-1,2.859590180E-2,9.804239323E0
9.235189996E1,3.348992399E-1,2.847774693E-2,9.804240493E0
9.236186296E1,3.354574298E-1,2.863374653E-2,9.804221197E0
9.237182496E1,3.352449200E-1,2.849751782E-2,9.804228798E0
9.238178796E1,3.352340661E-1,2.853198670E-2,9.804228798E0
9.239174996E1,3.355807329E-1,2.851783690E-2,9.804217104E0
9.240171296E1,3.356194342E-1,2.832476001E-2,9.804216519E0
9.241167596E1,3.357254881E-1,2.823157229E-2,9.804213011E0
9.242163796E1,3.356029524E-1,2.838926211E-2,9.804216519E0
9.243160096E1,3.352281093E-1,2.853296428E-2,9.804228798E0
9.244156296E1,3.351871422E-1,2.871070594E-2,9.804229968E0
9.245152596E1,3.349362601E-1,2.868193809E-2,9.804238738E0
9.246148796E1,3.348896651E-1,2.851268861E-2,9.804240493E0
9.247145096E1,3.348912000E-1,2.825450663E-2,9.804241662E0
9.248141296E1,3.353312030E-1,2.809613616E-2,9.804227044E0
9.249137596E1,3.353700139E-1,2.786709433E-2,9.804225875E0
9.250133796E1,3.355919888E-1,2.792239620E-2,9.804218273E0
9.251130096E1,3.358329307E-1,2.813050683E-2,9.804209502E0
9.252126296E1,3.357073617E-1,2.813802370E-2,9.804213595E0
9.253122596E1,3.356946805E-1,2.821433671E-2,9.804214180E0
9.254118896E1,3.355741183E-1,2.833164876E-2,9.804217688E0
9.255115096E1,3.351581620E-1,2.834506538E-2,9.804232306E0
9.256111396E1,3.349555925E-1,2.837652157E-2,9.804238738E0
9.257107596E1,3.348848046E-1,2.844650087E-2,9.804241077E0
9.258103896E1,3.347817109E-1,2.829680529E-2,9.804245170E0
9.259100096E1,3.348218374E-1,2.809698355E-2,9.804244001E0
9.260096396E1,3.350203869E-1,2.798321638E-2,9.804237569E0
9.261092596E1,3.350568590E-1,2.790556718E-2,9.804236984E0
9.262088896E1,3.351451885E-1,2.786776128E-2,9.804234061E0
9.263085096E1,3.351557500E-1,2.785268871E-2,9.804233476E0
9.264081396E1,3.351909795E-1,2.797449124E-2,9.804231722E0
9.265077596E1,3.352572357E-1,2.813583784E-2,9.804229383E0
9.266073896E1,3.352791993E-1,2.822167543E-2,9.804228213E0
9.267070096E1,3.352788339E-1,2.819428259E-2,9.804228213E0
9.268066396E1,3.351645574E-1,2.812619451E-2,9.804232306E0
9.269062696E1,3.352106407E-1,2.812304477E-2,9.804231137E0
9.270058896E1,3.351163178E-1,2.794650911E-2,9.804234645E0
9.271055196E1,3.350509387E-1,2.784963263E-2,9.804236984E0
9.272051396E1,3.350731215E-1,2.778182548E-2,9.804236400E0
9.273047696E1,3.350754970E-1,2.764492298E-2,9.804236984E0
9.274043896E1,3.350896399E-1,2.761514329E-2,9.804236400E0
9.275040196E1,3.350012373E-1,2.775038299E-2,9.804239323E0
9.276036396E1,3.349517187E-1,2.785891280E-2,9.804240493E0
9.277032696E1,3.350166593E-1,2.806044531E-2,9.804237569E0
9.278028896E1,3.350825136E-1,2.814940978E-2,9.804235230E0
9.279025196E1,3.352346874E-1,2.814075316E-2,9.804229968E0
9.280021396E1,3.353483427E-1,2.803445489E-2,9.804226459E0
9.281017696E1,3.354408383E-1,2.796067034E-2,9.804223536E0
9.282013896E1,3.355098720E-1,2.775917894E-2,9.804221781E0
9.283010196E1,3.354197883E-1,2.765237361E-2,9.804225290E0
9.284006496E1,3.353767382E-1,2.751325327E-2,9.804227044E0
9.285002696E1,3.351829761E-1,2.746375065E-2,9.804233476E0
9.285998996E1,3.350550682E-1,2.751177548E-2,9.804238154E0
9.286995196E1,3.349398416E-1,2.752291717E-2,9.804241662E0
9.287991496E1,3.347972426E-1,2.756409436E-2,9.804246340E0
9.288987696E1,3.347058067E-1,2.765836700E-2,9.804249263E0
9.289983996E1,3.348703693E-1,2.770680068E-2,9.804243416E0
9.290980196E1,3.349210939E-1,2.777340184E-2,9.804241662E0
9.291976496E1,3.350038320E-1,2.779010523E-2,9.804238738E0
9.292972696E1,3.351612683E-1,2.769072312E-2,9.804234061E0
9.293968996E1,3.353705986E-1,2.750401878E-2,9.804227044E0
9.294965196E1,3.355228455E-1,2.737618860E-2,9.804222366E0
9.295961496E1,3.354087517E-1,2.724458742E-2,9.804226459E0
9.296957696E1,3.353698312E-1,2.738943163E-2,9.804227629E0
9.297953996E1,3.351576138E-1,2.750458523E-2,9.804234645E0
9.298950196E1,3.350177922E-1,2.764168873E-2,9.804238738E0
9.299946479E1,3.349316555E-1,2.774605697E-2,9.804241662E0
9.300942779E1,3.349151005E-1,2.770048523E-2,9.804242247E0
9.301938979E1,3.349939283E-1,2.760202588E-2,9.804239908E0
9.302935279E1,3.351858632E-1,2.746339662E-2,9.804233476E0
9.303931479E1,3.360958726E-1,2.883645990E-2,9.804198393E0
9.304927779E1,3.409073271E-1,3.218483825E-2,9.804021807E0
9.305923979E1,3.270005287E-1,2.767986237E-2,9.804509465E0
9.306920279E1,3.306533208E-1,3.125291313E-2,9.804376148E0
9.307916479E1,3.406572125E-1,3.361347292E-2,9.804025900E0
9.308912779E1,3.311880122E-1,2.694422326E-2,9.804370885E0
9.309908979E1,3.352889203E-1,2.698860043E-2,9.804231137E0
9.310905279E1,3.403646690E-1,2.779494745E-2,9.804053966E0
9.311901479E1,3.356924878E-1,2.683468390E-2,9.804218273E0
9.312897779E1,3.373612466E-1,2.947154290E-2,9.804153369E0
9.313893979E1,3.346807003E-1,2.950763803E-2,9.804245170E0
9.314890279E1,3.330168385E-1,2.880623939E-2,9.804303643E0
9.315886479E1,3.372402824E-1,2.982991783E-2,9.804156293E0
9.316882779E1,3.367073087E-1,2.929603963E-2,9.804176173E0
9.317879079E1,3.352893223E-1,2.903101458E-2,9.804225290E0
9.318875279E1,3.354704764E-1,2.965248681E-2,9.804217688E0
9.319871579E1,3.358415188E-1,2.999520902E-2,9.804203655E0
9.320867779E1,3.363154721E-1,3.002049595E-2,9.804187283E0
9.321864079E1,3.360256330E-1,2.953943912E-2,9.804198977E0
9.322860279E1,3.361736771E-1,2.901323539E-2,9.804195469E0
9.323856579E1,3.368866720E-1,2.897826402E-2,9.804170911E0
9.324852779E1,3.374751577E-1,2.942896329E-2,9.804149276E0
9.325849079E1,3.364265327E-1,2.968170690E-2,9.804184359E0
9.326845279E1,3.355111511E-1,2.989728187E-2,9.804215350E0
9.327841579E1,3.358370968E-1,3.019110217E-2,9.804203070E0
9.328837779E1,3.363247546E-1,3.025324711E-2,9.804186113E0
9.329834079E1,3.363043624E-1,2.999661144E-2,9.804187868E0
9.330830279E1,3.361255107E-1,2.985369042E-2,9.804194300E0
9.331826579E1,3.364946162E-1,2.986277872E-2,9.804182020E0
9.332822879E1,3.370010216E-1,2.986683751E-2,9.804164479E0
9.333819079E1,3.369939684E-1,2.972435275E-2,9.804165064E0
9.334815379E1,3.367656346E-1,2.956591376E-2,9.804173250E0
9.335811579E1,3.366596539E-1,2.947309149E-2,9.804177343E0
9.336807879E1,3.368876222E-1,2.949817742E-2,9.804169157E0
9.337804079E1,3.368644526E-1,2.957674938E-2,9.804169741E0
9.338800379E1,3.363839211E-1,2.968856596E-2,9.804186113E0
9.339796579E1,3.362434783E-1,2.980448929E-2,9.804190791E0
9.340792879E1,3.363670007E-1,2.989170189E-2,9.804186113E0
9.341789079E1,3.364708984E-1,2.982223651E-2,9.804182605E0
9.342785379E1,3.365293340E-1,2.980118196E-2,9.804180851E0
9.343781579E1,3.364785729E-1,2.984546092E-2,9.804182605E0
9.344777879E1,3.366428066E-1,2.999345714E-2,9.804176173E0
9.345774079E1,3.368950774E-1,2.991574171E-2,9.804167987E0
9.346770379E1,3.369641111E-1,2.983390353E-2,9.804165648E0
9.347766579E1,3.369373235E-1,2.975931270E-2,9.804166818E0
9.348762879E1,3.369419647E-1,2.971270628E-2,9.804166818E0
9.349759079E1,3.368142396E-1,2.984168764E-2,9.804170911E0
9.350755379E1,3.366099160E-1,2.997981668E-2,9.804177343E0
9.351751679E1,3.365876600E-1,3.018116647E-2,9.804177343E0
9.352747879E1,3.366650260E-1,3.033516294E-2,9.804174419E0
9.353744179E1,3.366425873E-1,3.038866497E-2,9.804175004E0
9.354740379E1,3.366571688E-1,3.044015244E-2,9.804174419E0
9.355736679E1,3.365964674E-1,3.042808342E-2,9.804176758E0
9.356732879E1,3.368122296E-1,3.047545044E-2,9.804169157E0
9.357729179E1,3.366775610E-1,3.034551206E-2,9.804173834E0
9.358725379E1,3.368045917E-1,3.030985775E-2,9.804169741E0
9.359721679E1,3.372024217E-1,3.039034147E-2,9.804155708E0
9.360717879E1,3.371229361E-1,3.034411421E-2,9.804158632E0
9.361714179E1,3.371055406E-1,3.042432156E-2,9.804159216E0
9.362710379E1,3.370630021E-1,3.065485261E-2,9.804159801E0
9.363706679E1,3.370269321E-1,3.071594916E-2,9.804160970E0
9.364702879E1,3.370084037E-1,3.072508315E-2,9.804161555E0
9.365699179E1,3.369382371E-1,3.072214127E-2,9.804163894E0
9.366695379E1,3.368856487E-1,3.062979181E-2,9.804166233E0
9.367691679E1,3.368388710E-1,3.054814549E-2,9.804167987E0
9.368687979E1,3.369444863E-1,3.052224187E-2,9.804164479E0
9.369684179E1,3.370578492E-1,3.049298523E-2,9.804160386E0
9.370680479E1,3.371505276E-1,3.052729194E-2,9.804156877E0
9.371676679E1,3.373338013E-1,3.051295256E-2,9.804151030E0
9.372672979E1,3.373328876E-1,3.064100430E-2,9.804150445E0
9.373669179E1,3.374433269E-1,3.068188456E-2,9.804146352E0
9.374665479E1,3.372429136E-1,3.071580069E-2,9.804153369E0
9.375661679E1,3.370722846E-1,3.075275921E-2,9.804159216E0
9.376657979E1,3.369665961E-1,3.074717238E-2,9.804162725E0
9.377654179E1,3.370552911E-1,3.072295668E-2,9.804159801E0
9.378650479E1,3.370515635E-1,3.064607493E-2,9.804160386E0
9.379646679E1,3.371762919E-1,3.061903156E-2,9.804155708E0
9.380642979E1,3.372923226E-1,3.059267569E-2,9.804152200E0
9.381639179E1,3.372845750E-1,3.060970114E-2,9.804152200E0
9.382635479E1,3.372706148E-1,3.058234256E-2,9.804152784E0
9.383631679E1,3.374635729E-1,3.070077837E-2,9.804145768E0
9.384627979E1,3.374516958E-1,3.055266566E-2,9.804146937E0
9.385624179E1,3.371804215E-1,3.045136722E-2,9.804156293E0
9.386620479E1,3.372258836E-1,3.047733479E-2,9.804154539E0
9.387616779E1,3.370676433E-1,3.060682321E-2,9.804159801E0
9.388612979E1,3.369976960E-1,3.072856407E-2,9.804161555E0
9.389609279E1,3.370169918E-1,3.086865970E-2,9.804160970E0
9.390605479E1,3.371720161E-1,3.076725162E-2,9.804155708E0
9.391601779E1,3.372760966E-1,3.067059898E-2,9.804152200E0
9.392597979E1,3.373526951E-1,3.064861253E-2,9.804149861E0
9.393594279E1,3.374342638E-1,3.069207379E-2,9.804146937E0
9.394590479E1,3.374016655E-1,3.071600626E-2,9.804148107E0
9.395586779E1,3.373702002E-1,3.069281383E-2,9.804149276E0
9.396582979E1,3.373232397E-1,3.067369160E-2,9.804151030E0
9.397579279E1,3.372770102E-1,3.060388590E-2,9.804152784E0
9.398575479E1,3.370997665E-1,3.052407369E-2,9.804158632E0
9.399571779E1,3.369570213E-1,3.051200467E-2,9.804163894E0
9.400567979E1,3.368767317E-1,3.055952244E-2,9.804166233E0
9.401564279E1,3.367451694E-1,3.053300668E-2,9.804170911E0
9.402560479E1,3.367717011E-1,3.062679054E-2,9.804169741E0
9.403556779E1,3.369849052E-1,3.067817980E-2,9.804162140E0
9.404552979E1,3.370763776E-1,3.066052623E-2,9.804159216E0
9.405549279E1,3.372197806E-1,3.062420041E-2,9.804154539E0
9.406545579E1,3.373715524E-1,3.054926240E-2,9.804149276E0
9.407541779E1,3.374133600E-1,3.050119189E-2,9.804148107E0
9.408538079E1,3.373391369E-1,3.049568500E-2,9.804151030E0
9.409534279E1,3.372281859E-1,3.041928291E-2,9.804154539E0
9.410530579E1,3.370259454E-1,3.035285991E-2,9.804162140E0
9.411526779E1,3.368935059E-1,3.031500604E-2,9.804166818E0
9.412523079E1,3.368794726E-1,3.027474248E-2,9.804167402E0
9.413519279E1,3.367774022E-1,3.024251884E-2,9.804170911E0
9.414515579E1,3.368404790E-1,3.037190904E-2,9.804168572E0
9.415511779E1,3.365530153E-1,3.029196435E-2,9.804178512E0
9.416508079E1,3.366875743E-1,3.041418487E-2,9.804173250E0
9.417504279E1,3.370153473E-1,3.059680757E-2,9.804161555E0
9.418500579E1,3.368308311E-1,3.047349071E-2,9.804168572E0
9.419496779E1,3.370983412E-1,3.047902500E-2,9.804159216E0
9.420493079E1,3.377168304E-1,3.049250101E-2,9.804137582E0
9.421489279E1,3.374357986E-1,3.036349453E-2,9.804148107E0
9.422485579E1,3.377461762E-1,3.049784801E-2,9.804136997E0
9.423481779E1,3.380436898E-1,3.051661164E-2,9.804126472E0
9.424478079E1,3.379209348E-1,3.032154533E-2,9.804131150E0
9.425474279E1,3.378797850E-1,3.032622081E-2,9.804132904E0
9.426470579E1,3.378116284E-1,3.043519373E-2,9.804134658E0
9.427466879E1,3.373276617E-1,3.047544130E-2,9.804151030E0
9.428463079E1,3.369470080E-1,3.068586797E-2,9.804163894E0
9.429459379E1,3.369033731E-1,3.091642186E-2,9.804164479E0
9.430455579E1,3.367917644E-1,3.093739418E-2,9.804167987E0
9.431451879E1,3.368286384E-1,3.082164900E-2,9.804167402E0
9.432448079E1,3.372381993E-1,3.076823606E-2,9.804153369E0
9.433444379E1,3.373801405E-1,3.056999489E-2,9.804149276E0
9.434440579E1,3.375263939E-1,3.046575000E-2,9.804144598E0
9.435436879E1,3.377948177E-1,3.053242881E-2,9.804135243E0
9.436433079E1,3.377165746E-1,3.055074019E-2,9.804137582E0
9.437429379E1,3.379645697E-1,3.068901771E-2,9.804128811E0
9.438425579E1,3.379583205E-1,3.062041114E-2,9.804128811E0
9.439421879E1,3.380064869E-1,3.061186187E-2,9.804127641E0
9.440418079E1,3.380860090E-1,3.064019802E-2,9.804124718E0
9.441414379E1,3.379308020E-1,3.063608442E-2,9.804129980E0
9.442410579E1,3.378271236E-1,3.081687987E-2,9.804132904E0
9.443406879E1,3.374284531E-1,3.091750908E-2,9.804146352E0
9.444403079E1,3.370704208E-1,3.114370268E-2,9.804158047E0
9.445399379E1,3.368787052E-1,3.138132119E-2,9.804163894E0
9.446395579E1,3.368944196E-1,3.134772482E-2,9.804163309E0
9.447391879E1,3.372034815E-1,3.122835254E-2,9.804153369E0
9.448388079E1,3.376600759E-1,3.093441347E-2,9.804138166E0
9.449384379E1,3.379105926E-1,3.069501110E-2,9.804130565E0
9.450380679E1,3.381168896E-1,3.065533226E-2,9.804123548E0
9.451376879E1,3.379323003E-1,3.073434733E-2,9.804129395E0
9.452373179E1,3.377550201E-1,3.090252102E-2,9.804135243E0
9.453369379E1,3.376596008E-1,3.108457956E-2,9.804138166E0
9.454365679E1,3.374833073E-1,3.123449212E-2,9.804143429E0
9.455361879E1,3.373992535E-1,3.142121930E-2,9.804145768E0
9.456358179E1,3.373274424E-1,3.146550510E-2,9.804148107E0
9.457354379E1,3.372075014E-1,3.150215070E-2,9.804152200E0
9.458350679E1,3.373999479E-1,3.151617260E-2,9.804145183E0
9.459346879E1,3.375096563E-1,3.149018903E-2,9.804141675E0
9.460343179E1,3.375729524E-1,3.139958003E-2,9.804139920E0
9.461339379E1,3.378209474E-1,3.130996917E-2,9.804131734E0
9.462335679E1,3.378788714E-1,3.125876948E-2,9.804129980E0
9.463331879E1,3.379410712E-1,3.132709283E-2,9.804127641E0
9.464328179E1,3.380008955E-1,3.136024837E-2,9.804125302E0
9.465324379E1,3.380985440E-1,3.137110226E-2,9.804121794E0
9.466320679E1,3.380690156E-1,3.127313399E-2,9.804122964E0
9.467316879E1,3.380055002E-1,3.132500291E-2,9.804125302E0
9.468313179E1,3.379586494E-1,3.129327719E-2,9.804127057E0
9.469309479E1,3.379824768E-1,3.143178540E-2,9.804125887E0
9.470305679E1,3.379461144E-1,3.148522347E-2,9.804126472E0
9.471301879E1,3.378916987E-1,3.148505901E-2,9.804128811E0
9.472298179E1,3.379628520E-1,3.154218814E-2,9.804125887E0
9.473294479E1,3.379769950E-1,3.153482430E-2,9.804125302E0
9.474290679E1,3.380822083E-1,3.157235612E-2,9.804121794E0
9.475286979E1,3.380050982E-1,3.155864714E-2,9.804124718E0
9.476283179E1,3.379017486E-1,3.150865801E-2,9.804128226E0
9.477279479E1,3.379874469E-1,3.160777745E-2,9.804124718E0
9.478275679E1,3.381393283E-1,3.155621004E-2,9.804120040E0
9.479271979E1,3.382673823E-1,3.146633194E-2,9.804115947E0
9.480268179E1,3.385611318E-1,3.143695425E-2,9.804105422E0
9.481264479E1,3.386399596E-1,3.141876849E-2,9.804103083E0
9.482260679E1,3.384518620E-1,3.146949994E-2,9.804109515E0
9.483256979E1,3.382906250E-1,3.166740992E-2,9.804114193E0
9.484253179E1,3.378585158E-1,3.183424514E-2,9.804128811E0
9.485249479E1,3.375337761E-1,3.178487500E-2,9.804139920E0
9.486245679E1,3.376041254E-1,3.185688940E-2,9.804137582E0
9.487241979E1,3.376696507E-1,3.174984195E-2,9.804135243E0
9.488238179E1,3.378632301E-1,3.156741111E-2,9.804129395E0
9.489234479E1,3.382781997E-1,3.148151186E-2,9.804115362E0
9.490230679E1,3.384407888E-1,3.146308627E-2,9.804109515E0
9.491226979E1,3.383446752E-1,3.148744815E-2,9.804113023E0
9.492223179E1,3.384180943E-1,3.158659043E-2,9.804110100E0
9.493219479E1,3.382956683E-1,3.161568718E-2,9.804114193E0
9.494215779E1,3.382792595E-1,3.162817190E-2,9.804114777E0
9.495211979E1,3.383789180E-1,3.162335252E-2,9.804111269E0
9.496208279E1,3.382479769E-1,3.167589066E-2,9.804115947E0
9.497204479E1,3.382606215E-1,3.171286060E-2,9.804115362E0
9.498200779E1,3.383397051E-1,3.177609961E-2,9.804112439E0
9.499196979E1,3.382903692E-1,3.181594518E-2,9.804113608E0
9.500193292E1,3.380305701E-1,3.179223655E-2,9.804122964E0
9.501189492E1,3.380822449E-1,3.194002493E-2,9.804120625E0
9.502185792E1,3.380465038E-1,3.197000561E-2,9.804121794E0
9.503181992E1,3.379794435E-1,3.176193381E-2,9.804124718E0
9.504178292E1,3.385493643E-1,3.162175595E-2,9.804105422E0
9.505174492E1,3.388937288E-1,3.130887053E-2,9.804094312E0
9.506170792E1,3.393827387E-1,3.110580541E-2,9.804078525E0
9.507166992E1,3.394265928E-1,3.117578242E-2,9.804076771E0
9.508163292E1,3.390160818E-1,3.137381802E-2,9.804090219E0
9.509159492E1,3.386360493E-1,3.164555366E-2,9.804102498E0
9.510155792E1,3.382346014E-1,3.183961042E-2,9.804115362E0
9.511151992E1,3.378480273E-1,3.181347610E-2,9.804128811E0
9.512148292E1,3.379492207E-1,3.177099243E-2,9.804125887E0
9.513144492E1,3.380909792E-1,3.174041789E-2,9.804121209E0
9.514140792E1,3.383552368E-1,3.163785178E-2,9.804111854E0
9.515136992E1,3.386085308E-1,3.158438402E-2,9.804103668E0
9.516133292E1,3.387483889E-1,3.160616490E-2,9.804098405E0
9.517129492E1,3.388320772E-1,3.157387045E-2,9.804096066E0
9.518125792E1,3.389711678E-1,3.161054803E-2,9.804090804E0
9.519122092E1,3.389885999E-1,3.157148589E-2,9.804090219E0
9.520118292E1,3.390220386E-1,3.166346305E-2,9.804089050E0
9.521114592E1,3.389453305E-1,3.169993049E-2,9.804091389E0
9.522110792E1,3.387690004E-1,3.167462986E-2,9.804097821E0
9.523107092E1,3.387130133E-1,3.162288200E-2,9.804099575E0
9.524103292E1,3.386293615E-1,3.165682554E-2,9.804102498E0
9.525099592E1,3.385102245E-1,3.171058567E-2,9.804106591E0
9.526095792E1,3.385923414E-1,3.171168659E-2,9.804103668E0
9.527092092E1,3.387085182E-1,3.163132620E-2,9.804100159E0
9.528088292E1,3.388914264E-1,3.171712039E-2,9.804093143E0
9.529084592E1,3.389986132E-1,3.165548023E-2,9.804089634E0
9.530080792E1,3.389639319E-1,3.160807895E-2,9.804091389E0
9.531077092E1,3.390662947E-1,3.170950759E-2,9.804087296E0
9.532073292E1,3.391718370E-1,3.171079580E-2,9.804083787E0
9.533069592E1,3.390722150E-1,3.165057861E-2,9.804087296E0
9.534065792E1,3.390576701E-1,3.156357844E-2,9.804087880E0
9.535062092E1,3.390372414E-1,3.161116473E-2,9.804088465E0
9.536058292E1,3.388494727E-1,3.151732605E-2,9.804095482E0
9.537054592E1,3.387073853E-1,3.150639450E-2,9.804100159E0
9.538050792E1,3.386143415E-1,3.149527109E-2,9.804103668E0
9.539047092E1,3.384907825E-1,3.146352710E-2,9.804107761E0
9.540043292E1,3.385401184E-1,3.146553708E-2,9.804106591E0
9.541039592E1,3.385446135E-1,3.144226699E-2,9.804106007E0
9.542035792E1,3.387184585E-1,3.139888796E-2,9.804100159E0
9.543032092E1,3.388898915E-1,3.134710812E-2,9.804094312E0
9.544028292E1,3.389955800E-1,3.135417046E-2,9.804090804E0
9.545024592E1,3.390807300E-1,3.141132471E-2,9.804087880E0
9.546020792E1,3.391096738E-1,3.139287857E-2,9.804086711E0
9.547017092E1,3.391745779E-1,3.151062688E-2,9.804084372E0
9.548013392E1,3.391468767E-1,3.162138822E-2,9.804084957E0
9.549009592E1,3.391411025E-1,3.166713811E-2,9.804084957E0
9.550005892E1,3.391396773E-1,3.166144393E-2,9.804084957E0
9.551002092E1,3.391636143E-1,3.161950843E-2,9.804084372E0
9.551998392E1,3.391330261E-1,3.146604414E-2,9.804085541E0
9.552994592E1,3.391880265E-1,3.137305286E-2,9.804084372E0
9.553990892E1,3.392742363E-1,3.125268929E-2,9.804081448E0
9.554987092E1,3.391756377E-1,3.118912823E-2,9.804084957E0
9.555983392E1,3.390862118E-1,3.129168520E-2,9.804087880E0
9.556979592E1,3.390332945E-1,3.139787383E-2,9.804089634E0
9.557975892E1,3.389772343E-1,3.149328395E-2,9.804091389E0
9.558972092E1,3.389211376E-1,3.163948033E-2,9.804092558E0
9.559968392E1,3.389712409E-1,3.164992080E-2,9.804090804E0
9.560964592E1,3.388139508E-1,3.159604419E-2,9.804096651E0
9.561960892E1,3.389751513E-1,3.156000844E-2,9.804090804E0
9.562957092E1,3.389803407E-1,3.145779180E-2,9.804091389E0
9.563953392E1,3.390236101E-1,3.152196043E-2,9.804089634E0
9.564949592E1,3.389820583E-1,3.166956379E-2,9.804090219E0
9.565945892E1,3.389566960E-1,3.178408699E-2,9.804090804E0
9.566942092E1,3.388604727E-1,3.184487063E-2,9.804093727E0
9.567938392E1,3.389788789E-1,3.186096874E-2,9.804089634E0
9.568934592E1,3.389272772E-1,3.175925688E-2,9.804091973E0
9.569930892E1,3.390627499E-1,3.170194503E-2,9.804087296E0
9.570927092E1,3.391615313E-1,3.179154905E-2,9.804083787E0
9.571923392E1,3.389898424E-1,3.176860558E-2,9.804089634E0
9.572919592E1,3.389279715E-1,3.171440006E-2,9.804091973E0
9.573915892E1,3.388683299E-1,3.174552049E-2,9.804094312E0
9.574912092E1,3.387077142E-1,3.164680762E-2,9.804100159E0
9.575908392E1,3.387875287E-1,3.163836570E-2,9.804097236E0
9.576904692E1,3.387793792E-1,3.176783356E-2,9.804097236E0
9.577900892E1,3.388430042E-1,3.180540649E-2,9.804094897E0
9.578897192E1,3.389014398E-1,3.182074401E-2,9.804092558E0
9.579893392E1,3.389069216E-1,3.174301487E-2,9.804092558E0
9.580889692E1,3.388428580E-1,3.171654937E-2,9.804094897E0
9.581885892E1,3.389443803E-1,3.161070334E-2,9.804091973E0
9.582882192E1,3.389683539E-1,3.155127416E-2,9.804091389E0
9.583878392E1,3.389038518E-1,3.159891527E-2,9.804093143E0
9.584874692E1,3.388106618E-1,3.162097709E-2,9.804096651E0
9.585870892E1,3.386910497E-1,3.162712123E-2,9.804100744E0
9.586867192E1,3.387010265E-1,3.158085742E-2,9.804100159E0
9.587863392E1,3.386903553E-1,3.151123216E-2,9.804100744E0
9.588859692E1,3.386929500E-1,3.150853239E-2,9.804100744E0
9.589855892E1,3.387209436E-1,3.152008064E-2,9.804100159E0
9.590852192E1,3.388625924E-1,3.148476665E-2,9.804094897E0
9.591848392E1,3.388915361E-1,3.143023680E-2,9.804094312E0
9.592844692E1,3.388021833E-1,3.139830324E-2,9.804097236E0
9.593840892E1,3.387807679E-1,3.143459023E-2,9.804097821E0
9.594837192E1,3.386968238E-1,3.143655453E-2,9.804100744E0
9.595833392E1,3.386216871E-1,3.140828233E-2,9.804103668E0
9.596829692E1,3.386284479E-1,3.138817568E-2,9.804103668E0
9.597825892E1,3.385917566E-1,3.145579781E-2,9.804104837E0
9.598822192E1,3.385722416E-1,3.138256144E-2,9.804105422E0
9.599818392E1,3.386767971E-1,3.118199509E-2,9.804102498E0
9.600814642E1,3.387682695E-1,3.099014474E-2,9.804100159E0
9.601810842E1,3.388224658E-1,3.082632221E-2,9.804098405E0
9.602807142E1,3.387164485E-1,3.067087763E-2,9.804102498E0
9.603803342E1,3.385123441E-1,3.061372338E-2,9.804110100E0
9.604799642E1,3.385230884E-1,3.068765183E-2,9.804109515E0
9.605795842E1,3.382999440E-1,3.073444555E-2,9.804117116E0
9.606792142E1,3.381468566E-1,3.083763748E-2,9.804121794E0
9.607788342E1,3.382318605E-1,3.097239753E-2,9.804118286E0
9.608784642E1,3.381326040E-1,3.099178470E-2,9.804121794E0
9.609780842E1,3.380799425E-1,3.099229862E-2,9.804123548E0
9.610777142E1,3.381884449E-1,3.099243110E-2,9.804120040E0
9.611773342E1,3.383373662E-1,3.092690574E-2,9.804114777E0
9.612769642E1,3.384224797E-1,3.085792230E-2,9.804112439E0
9.613765942E1,3.386450394E-1,3.090848929E-2,9.804104252E0
9.614762142E1,3.385852516E-1,3.081385804E-2,9.804106591E0
9.615758442E1,3.383720110E-1,3.080869605E-2,9.804114193E0
9.616754642E1,3.384700615E-1,3.095698692E-2,9.804110100E0
9.617750942E1,3.381709033E-1,3.091277192E-2,9.804120625E0
9.618747142E1,3.381598301E-1,3.092258428E-2,9.804121209E0
9.619743442E1,3.383141235E-1,3.099651729E-2,9.804115362E0
9.620739642E1,3.382441397E-1,3.094833258E-2,9.804118286E0
9.621735942E1,3.382325183E-1,3.091275821E-2,9.804118870E0
9.622732142E1,3.383186917E-1,3.079991837E-2,9.804115947E0
9.623728442E1,3.384761279E-1,3.081461635E-2,9.804110684E0
9.624724642E1,3.384205794E-1,3.074506190E-2,9.804112439E0
9.625720942E1,3.383247947E-1,3.077352824E-2,9.804115947E0
9.626717142E1,3.383687584E-1,3.082232965E-2,9.804114193E0
9.627713442E1,3.383611205E-1,3.083155272E-2,9.804114777E0
9.628709642E1,3.384980550E-1,3.087692575E-2,9.804109515E0
9.629705942E1,3.384629352E-1,3.081505718E-2,9.804111269E0
9.630702142E1,3.384079713E-1,3.085348892E-2,9.804113023E0
9.631698442E1,3.386033049E-1,3.090629658E-2,9.804106007E0
9.632694642E1,3.385780888E-1,3.091433422E-2,9.804106591E0
9.633690942E1,3.385379623E-1,3.088611227E-2,9.804108346E0
9.634687142E1,3.385651518E-1,3.082178148E-2,9.804107761E0
9.635683442E1,3.386120392E-1,3.063849868E-2,9.804106591E0
9.636679642E1,3.387431264E-1,3.058730585E-2,9.804101914E0
9.637675942E1,3.387066179E-1,3.059677788E-2,9.804103083E0
9.638672142E1,3.385435537E-1,3.069682694E-2,9.804108346E0
9.639668442E1,3.386268034E-1,3.085828089E-2,9.804105422E0
9.640664642E1,3.385752383E-1,3.099304094E-2,9.804106591E0
9.641660942E1,3.384666993E-1,3.110951245E-2,9.804110100E0
9.642657142E1,3.383514361E-1,3.117576643E-2,9.804113608E0
9.643653442E1,3.382930370E-1,3.122484878E-2,9.804115362E0
9.644649642E1,3.383141966E-1,3.119726865E-2,9.804114777E0
9.645645942E1,3.384133800E-1,3.116423874E-2,9.804111854E0
9.646642142E1,3.385363543E-1,3.104273771E-2,9.804107761E0
9.647638442E1,3.386082019E-1,3.092725063E-2,9.804105422E0
9.648634642E1,3.389178485E-1,3.087839212E-2,9.804094897E0
9.649630942E1,3.389692675E-1,3.090383207E-2,9.804093143E0
9.650627142E1,3.388964697E-1,3.092770744E-2,9.804095482E0
9.651623442E1,3.385616800E-1,3.101153276E-2,9.804107176E0
9.652619742E1,3.383674428E-1,3.120341737E-2,9.804113023E0
9.653615942E1,3.383142332E-1,3.136140182E-2,9.804114193E0
9.654612242E1,3.381026370E-1,3.155299864E-2,9.804121209E0
9.655608442E1,3.380283043E-1,3.168296671E-2,9.804123548E0
9.656604742E1,3.382847778E-1,3.174060518E-2,9.804114193E0
9.657600942E1,3.383517650E-1,3.166173857E-2,9.804112439E0
9.658597242E1,3.385038657E-1,3.165836272E-2,9.804107176E0
9.659593442E1,3.386258532E-1,3.170672331E-2,9.804102498E0
9.660589742E1,3.385735937E-1,3.172894729E-2,9.804104252E0
9.661585942E1,3.386839965E-1,3.175571201E-2,9.804100159E0
9.662582242E1,3.387743725E-1,3.185646684E-2,9.804097236E0
9.663578442E1,3.385176797E-1,3.173103493E-2,9.804106007E0
9.664574742E1,3.381615477E-1,3.164736493E-2,9.804118870E0
9.665570942E1,3.383512899E-1,3.172577472E-2,9.804111854E0
9.666567242E1,3.382206046E-1,3.164757050E-2,9.804116532E0
9.667563442E1,3.381136371E-1,3.161796897E-2,9.804120625E0
9.668559742E1,3.382104451E-1,3.167654391E-2,9.804117116E0
9.669555942E1,3.381061454E-1,3.140402026E-2,9.804121209E0
9.670552242E1,3.381532886E-1,3.130464957E-2,9.804120040E0
9.671548442E1,3.383789545E-1,3.118310971E-2,9.804113023E0
9.672544742E1,3.385236366E-1,3.110949875E-2,9.804107761E0
9.673540942E1,3.385351848E-1,3.122565734E-2,9.804107176E0
9.674537242E1,3.385198724E-1,3.143029390E-2,9.804107176E0
9.675533442E1,3.384321276E-1,3.161984647E-2,9.804109515E0
9.676529742E1,3.382340532E-1,3.163347094E-2,9.804116532E0
9.677525942E1,3.381618036E-1,3.164648785E-2,9.804118870E0
9.678522242E1,3.382320432E-1,3.160124502E-2,9.804116532E0
9.679518442E1,3.381798568E-1,3.151780571E-2,9.804118286E0
9.680514742E1,3.381197036E-1,3.148509328E-2,9.804120625E0
9.681510942E1,3.381395110E-1,3.152034559E-2,9.804120040E0
9.682507242E1,3.382915021E-1,3.149225155E-2,9.804114777E0
9.683503442E1,3.383681372E-1,3.146162447E-2,9.804112439E0
9.684499742E1,3.384630083E-1,3.152506219E-2,9.804108930E0
9.685495942E1,3.385484507E-1,3.161959066E-2,9.804105422E0
9.686492242E1,3.384577092E-1,3.176115266E-2,9.804108346E0
9.687488442E1,3.384297522E-1,3.191265493E-2,9.804108930E0
9.688484742E1,3.383536288E-1,3.202190650E-2,9.804110684E0
9.689480942E1,3.383323230E-1,3.204719571E-2,9.804111854E0
9.690477242E1,3.383672236E-1,3.211473790E-2,9.804110100E0
9.691473442E1,3.383394127E-1,3.210893408E-2,9.804111269E0
9.692469742E1,3.384852642E-1,3.196299124E-2,9.804106591E0
9.693465942E1,3.384752143E-1,3.188746851E-2,9.804107176E0
9.694462242E1,3.382871532E-1,3.179370064E-2,9.804114193E0
9.695458442E1,3.382170232E-1,3.177279456E-2,9.804116532E0
9.696454742E1,3.382447975E-1,3.183634420E-2,9.804115362E0
9.697450942E1,3.381323117E-1,3.182704347E-2,9.804119455E0
9.698447242E1,3.380640820E-1,3.188214663E-2,9.804121209E0
9.699443442E1,3.380710621E-1,3.194100708E-2,9.804121209E0
9.700439708E1,3.379689185E-1,3.196998505E-2,9.804124133E0
9.701436008E1,3.380406200E-1,3.190170967E-2,9.804122379E0
9.702432208E1,3.379080344E-1,3.179236674E-2,9.804127057E0
9.703428508E1,3.377233355E-1,3.174891919E-2,9.804133489E0
9.704424708E1,3.377597344E-1,3.186738012E-2,9.804131734E0
9.705421008E1,3.377178903E-1,3.172231893E-2,9.804134073E0
9.706417208E1,3.377571031E-1,3.169152054E-2,9.804132319E0
9.707413508E1,3.380557862E-1,3.166700107E-2,9.804122379E0
9.708409708E1,3.381236505E-1,3.163369935E-2,9.804120040E0
9.709406008E1,3.380924775E-1,3.154887589E-2,9.804121209E0
9.710402208E1,3.380143075E-1,3.150960590E-2,9.804124133E0
9.711398508E1,3.377715750E-1,3.151568837E-2,9.804132904E0
9.712394708E1,3.375144072E-1,3.153971221E-2,9.804141675E0
9.713391008E1,3.375394040E-1,3.155717391E-2,9.804140505E0
9.714387208E1,3.376257235E-1,3.162876348E-2,9.804137582E0
9.715383508E1,3.376712587E-1,3.166728201E-2,9.804135827E0
9.716379708E1,3.378150637E-1,3.170628248E-2,9.804130565E0
9.717376008E1,3.380105434E-1,3.162846655E-2,9.804124133E0
9.718372208E1,3.382565650E-1,3.158762055E-2,9.804115947E0
9.719368508E1,3.381992623E-1,3.158676859E-2,9.804117701E0
9.720364708E1,3.380110916E-1,3.161097058E-2,9.804124133E0
9.721361008E1,3.378060736E-1,3.149160516E-2,9.804131734E0
9.722357208E1,3.379622308E-1,3.143999206E-2,9.804126472E0
9.723353508E1,3.378905658E-1,3.125603774E-2,9.804129395E0
9.724349708E1,3.377329103E-1,3.106386306E-2,9.804135243E0
9.725346008E1,3.377812229E-1,3.115084267E-2,9.804133489E0
9.726342208E1,3.377238837E-1,3.120765431E-2,9.804135243E0
9.727338508E1,3.373961472E-1,3.113929442E-2,9.804146937E0
9.728334708E1,3.375034436E-1,3.125547357E-2,9.804142844E0
9.729331008E1,3.377636813E-1,3.147508906E-2,9.804132904E0
9.730327208E1,3.371103645E-1,3.117045369E-2,9.804156293E0
9.731323508E1,3.373968050E-1,3.120796951E-2,9.804146352E0
9.732319708E1,3.378682002E-1,3.124529805E-2,9.804129980E0
9.733316008E1,3.375102410E-1,3.101515529E-2,9.804143429E0
9.734312208E1,3.379094962E-1,3.108667405E-2,9.804129395E0
9.735308508E1,3.380547995E-1,3.098199519E-2,9.804124718E0
9.736304708E1,3.378357117E-1,3.084449882E-2,9.804132319E0
9.737301008E1,3.381044643E-1,3.095018725E-2,9.804122964E0
9.738297208E1,3.380516566E-1,3.091479332E-2,9.804124718E0
9.739293508E1,3.376832820E-1,3.081071973E-2,9.804138166E0
9.740289708E1,3.379008716E-1,3.093949781E-2,9.804129980E0
9.741286008E1,3.377601729E-1,3.089683369E-2,9.804135243E0
9.742282208E1,3.374955133E-1,3.094606907E-2,9.804144014E0
9.743278508E1,3.375275999E-1,3.104734696E-2,9.804142844E0
9.744274708E1,3.376941725E-1,3.107267271E-2,9.804136997E0
9.745271008E1,3.378539111E-1,3.096070995E-2,9.804131734E0
9.746267208E1,3.381585876E-1,3.099594399E-2,9.804121209E0
9.747263508E1,3.382209335E-1,3.092292689E-2,9.804118870E0
9.748259708E1,3.381100192E-1,3.088257425E-2,9.804122964E0
9.749256008E1,3.380384273E-1,3.089320430E-2,9.804125302E0
9.750252208E1,3.379466626E-1,3.089575789E-2,9.804128811E0
9.751248508E1,3.378089241E-1,3.078332461E-2,9.804133489E0
9.752244708E1,3.378244923E-1,3.067455955E-2,9.804133489E0
9.753241008E1,3.379726461E-1,3.071251620E-2,9.804128226E0
9.754237208E1,3.378340671E-1,3.078233333E-2,9.804132904E0
9.755233508E1,3.377247973E-1,3.077274481E-2,9.804136412E0
9.756229708E1,3.378161600E-1,3.083913355E-2,9.804133489E0
9.757226008E1,3.376498433E-1,3.089434177E-2,9.804138751E0
9.758222208E1,3.375727331E-1,3.090297098E-2,9.804141675E0
9.759218508E1,3.376757538E-1,3.086917590E-2,9.804138166E0
9.760214708E1,3.376674946E-1,3.080605567E-2,9.804138751E0
9.761211008E1,3.376863518E-1,3.072163877E-2,9.804138166E0
9.762207208E1,3.378235787E-1,3.068172239E-2,9.804133489E0
9.763203508E1,3.378846821E-1,3.067776182E-2,9.804131150E0
9.764199708E1,3.379077786E-1,3.058483677E-2,9.804131150E0
9.765196008E1,3.378970709E-1,3.061342645E-2,9.804131150E0
9.766192208E1,3.376784581E-1,3.057995343E-2,9.804138751E0
9.767188508E1,3.375750355E-1,3.059781713E-2,9.804142259E0
9.768184708E1,3.373443994E-1,3.074828243E-2,9.804149861E0
9.769181008E1,3.374434366E-1,3.091293637E-2,9.804145768E0
9.770177208E1,3.373322298E-1,3.085334502E-2,9.804149861E0
9.771173508E1,3.374872907E-1,3.075770878E-2,9.804144598E0
9.772169708E1,3.380224571E-1,3.072328787E-2,9.804126472E0
9.773166008E1,3.376596739E-1,3.064072564E-2,9.804139336E0
9.774162308E1,3.380478925E-1,3.087101914E-2,9.804125302E0
9.775158508E1,3.380507796E-1,3.095019181E-2,9.804124718E0
9.776154708E1,3.379298884E-1,3.089921369E-2,9.804129395E0
9.777151008E1,3.379342007E-1,3.102493568E-2,9.804128811E0
9.778147308E1,3.378107513E-1,3.104133757E-2,9.804132904E0
9.779143508E1,3.372954655E-1,3.092476328E-2,9.804151030E0
9.780139808E1,3.372998874E-1,3.096430964E-2,9.804150445E0
9.781136008E1,3.377425947E-1,3.112180074E-2,9.804134658E0
9.782132308E1,3.374040410E-1,3.141968212E-2,9.804145768E0
9.783128508E1,3.383808914E-1,3.208292083E-2,9.804109515E0
9.784124808E1,3.374913472E-1,3.160427141E-2,9.804142259E0
9.785121008E1,3.376005074E-1,3.160803784E-2,9.804138166E0
9.786117308E1,3.393945428E-1,3.201895092E-2,9.804075016E0
9.787113508E1,3.374009712E-1,3.092468790E-2,9.804147522E0
9.788109808E1,3.382644953E-1,3.109542660E-2,9.804117116E0
9.789106008E1,3.385663212E-1,3.103724224E-2,9.804106591E0
9.790102308E1,3.378121035E-1,3.068247842E-2,9.804134073E0
9.791098508E1,3.380562979E-1,3.091265543E-2,9.804124718E0
9.792094808E1,3.377031991E-1,3.088330515E-2,9.804136997E0
9.793091008E1,3.373651204E-1,3.093110614E-2,9.804148691E0
9.794087308E1,3.377269900E-1,3.119662226E-2,9.804135243E0
9.795083508E1,3.374204132E-1,3.122558654E-2,9.804145768E0
9.796079808E1,3.371630991E-1,3.122880936E-2,9.804154539E0
9.797076008E1,3.376045274E-1,3.138414658E-2,9.804138751E0
9.798072308E1,3.379580646E-1,3.125846114E-2,9.804127057E0
9.799068508E1,3.380774209E-1,3.107123832E-2,9.804123548E0
9.800064808E1,3.384194100E-1,3.102623303E-2,9.804111854E0
9.801061008E1,3.384159016E-1,3.087574717E-2,9.804112439E0
9.802057308E1,3.384499617E-1,3.088458651E-2,9.804111269E0
9.803053508E1,3.383554926E-1,3.090879307E-2,9.804114193E0
9.804049808E1,3.381040623E-1,3.081751712E-2,9.804123548E0
9.805046008E1,3.378589543E-1,3.094433546E-2,9.804131734E0
9.806042308E1,3.377458838E-1,3.105828308E-2,9.804135243E0
9.807038508E1,3.375407196E-1,3.111369001E-2,9.804141675E0
9.808034808E1,3.374144929E-1,3.121010740E-2,9.804145768E0
9.809031008E1,3.375324970E-1,3.120391529E-2,9.804141675E0
9.810027308E1,3.377209600E-1,3.119536831E-2,9.804135243E0
9.811023508E1,3.378900542E-1,3.110517501E-2,9.804129980E0
9.812019808E1,3.380441283E-1,3.097420880E-2,9.804124718E0
9.813016008E1,3.381765678E-1,3.082766524E-2,9.804120625E0
9.814012308E1,3.383049142E-1,3.063513881E-2,9.804117116E0
9.815008508E1,3.382672362E-1,3.056731796E-2,9.804118286E0
9.816004808E1,3.381622421E-1,3.053664292E-2,9.804122379E0
9.817001008E1,3.380777864E-1,3.044136985E-2,9.804125302E0
9.817997308E1,3.379445795E-1,3.040210443E-2,9.804129980E0
9.818993508E1,3.378379044E-1,3.051791813E-2,9.804133489E0
9.819989808E1,3.377256378E-1,3.060964175E-2,9.804136997E0
9.820986008E1,3.375046131E-1,3.066407568E-2,9.804144598E0
9.821982308E1,3.375471150E-1,3.074053259E-2,9.804142844E0
9.822978508E1,3.375926137E-1,3.072183520E-2,9.804141090E0
9.823974808E1,3.377231162E-1,3.062297158E-2,9.804136997E0
9.824971008E1,3.379761910E-1,3.062031749E-2,9.804128226E0
9.825967308E1,3.381468201E-1,3.052376991E-2,9.804122964E0
9.826963508E1,3.381256970E-1,3.042944244E-2,9.804124133E0
9.827959808E1,3.383561504E-1,3.049913623E-2,9.804115947E0
9.828956008E1,3.381989699E-1,3.044631257E-2,9.804121209E0
9.829952308E1,3.378292797E-1,3.035127476E-2,9.804134073E0
9.830948508E1,3.379404499E-1,3.053348862E-2,9.804129980E0
9.831944808E1,3.375920289E-1,3.054854063E-2,9.804141675E0
9.832941008E1,3.372371395E-1,3.048785065E-2,9.804154539E0
9.833937308E1,3.371901060E-1,3.048339900E-2,9.804155708E0
9.834933508E1,3.371696042E-1,3.039590318E-2,9.804156877E0
9.835929808E1,3.371476040E-1,3.024337993E-2,9.804158047E0
9.836926008E1,3.374199015E-1,3.031528698E-2,9.804148691E0
9.837922308E1,3.374914934E-1,3.020891562E-2,9.804146352E0
9.838918508E1,3.376050755E-1,3.019513812E-2,9.804142259E0
9.839914808E1,3.375816136E-1,3.024300534E-2,9.804143429E0
9.840911008E1,3.374119712E-1,3.029227955E-2,9.804148691E0
9.841907308E1,3.371504545E-1,3.034694417E-2,9.804157462E0
9.842903508E1,3.373402698E-1,3.044304636E-2,9.804151030E0
9.843899808E1,3.372061493E-1,3.037186564E-2,9.804155708E0
9.844896008E1,3.372588107E-1,3.030220612E-2,9.804153954E0
9.845892308E1,3.371626240E-1,3.009802180E-2,9.804158047E0
9.846888508E1,3.370158589E-1,2.997250766E-2,9.804163309E0
9.847884808E1,3.370194769E-1,3.001714293E-2,9.804163309E0
9.848881008E1,3.371291853E-1,3.007844277E-2,9.804159216E0
9.849877308E1,3.368002428E-1,2.988784866E-2,9.804170911E0
9.850873508E1,3.368271035E-1,2.978496051E-2,9.804170326E0
9.851869808E1,3.373509044E-1,2.999741315E-2,9.804151615E0
9.852866008E1,3.371529396E-1,2.981757244E-2,9.804159216E0
9.853862308E1,3.369220111E-1,2.982447946E-2,9.804167402E0
9.854858508E1,3.371815909E-1,2.996342621E-2,9.804158047E0
9.855854808E1,3.371218032E-1,2.990293722E-2,9.804159801E0
9.856851008E1,3.374507821E-1,2.997401287E-2,9.804148691E0
9.857847308E1,3.374277953E-1,2.984812642E-2,9.804149861E0
9.858843508E1,3.372770467E-1,2.969550496E-2,9.804155123E0
9.859839808E1,3.372933459E-1,2.982326434E-2,9.804154539E0
9.860836008E1,3.372377973E-1,2.986038502E-2,9.804156293E0
9.861832308E1,3.370484206E-1,2.984757140E-2,9.804162725E0
9.862828508E1,3.369766460E-1,2.993853214E-2,9.804165064E0
9.863824808E1,3.370368358E-1,2.991250061E-2,9.804162725E0
9.864821008E1,3.367333288E-1,2.983275921E-2,9.804173834E0
9.865817308E1,3.368565954E-1,2.984327049E-2,9.804169157E0
9.866813508E1,3.367546711E-1,2.967694233E-2,9.804173250E0
9.867809808E1,3.365902182E-1,2.945602722E-2,9.804179682E0
9.868806008E1,3.367549635E-1,2.934208189E-2,9.804174419E0
9.869802308E1,3.368672666E-1,2.912662341E-2,9.804170911E0
9.870798508E1,3.369805198E-1,2.896488394E-2,9.804167987E0
9.871794808E1,3.368387614E-1,2.862418542E-2,9.804173834E0
9.872791008E1,3.370546698E-1,2.842666602E-2,9.804166818E0
9.873787308E1,3.373764860E-1,2.818389465E-2,9.804156293E0
9.874783508E1,3.367118768E-1,2.811989733E-2,9.804179682E0
9.875779808E1,3.369483236E-1,2.885803978E-2,9.804169157E0
9.876776008E1,3.359167651E-1,2.913102481E-2,9.804203655E0
9.877772308E1,3.355550052E-1,2.956345382E-2,9.804214765E0
9.878768508E1,3.355455766E-1,2.927035071E-2,9.804215934E0
9.879764808E1,3.347467373E-1,2.814872227E-2,9.804246925E0
9.880761008E1,3.371791424E-1,2.833304890E-2,9.804162725E0
9.881757308E1,3.356718399E-1,2.748448771E-2,9.804217104E0
9.882753508E1,3.359034261E-1,2.772828920E-2,9.804208333E0
9.883749808E1,3.370650121E-1,2.818398829E-2,9.804167402E0
9.884746008E1,3.359234163E-1,2.750413070E-2,9.804208333E0
9.885742308E1,3.367805816E-1,2.772873231E-2,9.804177927E0
9.886738508E1,3.370308059E-1,2.767136564E-2,9.804169741E0
9.887734808E1,3.360271313E-1,2.740431690E-2,9.804204825E0
9.888731008E1,3.367316842E-1,2.828901662E-2,9.804178512E0
9.889727308E1,3.361847869E-1,2.850171823E-2,9.804196638E0
9.890723508E1,3.356135504E-1,2.833641333E-2,9.804216519E0
9.891719808E1,3.363944095E-1,2.847986426E-2,9.804189037E0
9.892716008E1,3.362538205E-1,2.799000920E-2,9.804195469E0
9.893712308E1,3.363985391E-1,2.791952512E-2,9.804190791E0
9.894708508E1,3.360659787E-1,2.798951356E-2,9.804201901E0
9.895704808E1,3.356185937E-1,2.786936013E-2,9.804217688E0
9.896701008E1,3.360233672E-1,2.768257128E-2,9.804204240E0
9.897697308E1,3.362565980E-1,2.761998323E-2,9.804196638E0
9.898693508E1,3.364347919E-1,2.772106469E-2,9.804190207E0
9.899689808E1,3.361233545E-1,2.791447962E-2,9.804200147E0
9.900686096E1,3.357618139E-1,2.822689681E-2,9.804211841E0
9.901682396E1,3.358155352E-1,2.852374807E-2,9.804208918E0
9.902678596E1,3.357015876E-1,2.850677059E-2,9.804213011E0
9.903674896E1,3.360431746E-1,2.815269199E-2,9.804202486E0
9.904671096E1,3.361525906E-1,2.766218140E-2,9.804200147E0
9.905667396E1,3.367243387E-1,2.744914175E-2,9.804180851E0
9.906663596E1,3.366656107E-1,2.732891523E-2,9.804183190E0
9.907659896E1,3.364522604E-1,2.727873196E-2,9.804190791E0
9.908656096E1,3.365187725E-1,2.745199455E-2,9.804187868E0
9.909652396E1,3.362173120E-1,2.750174613E-2,9.804198393E0
9.910648596E1,3.360838128E-1,2.749936385E-2,9.804202486E0
9.911644896E1,3.359339413E-1,2.746376893E-2,9.804207748E0
9.912641096E1,3.358370968E-1,2.737973119E-2,9.804211257E0
9.913637396E1,3.362162156E-1,2.746231854E-2,9.804198393E0
9.914633596E1,3.362964321E-1,2.751196049E-2,9.804195469E0
9.915629896E1,3.362637974E-1,2.752418711E-2,9.804196638E0
9.916626096E1,3.363632366E-1,2.767100932E-2,9.804192545E0
9.917622396E1,3.363338178E-1,2.763607678E-2,9.804193715E0
9.918618596E1,3.363776719E-1,2.740420955E-2,9.804193130E0
9.919614896E1,3.363783297E-1,2.730024789E-2,9.804193130E0
9.920611096E1,3.364239745E-1,2.714653007E-2,9.804191961E0
9.921607396E1,3.363721901E-1,2.723648126E-2,9.804193715E0
9.922603596E1,3.360729589E-1,2.720966172E-2,9.804203655E0
9.923599896E1,3.358508743E-1,2.736689472E-2,9.804211257E0
9.924596096E1,3.276705465E-1,3.455724550E-2,9.804465026E0
9.925592396E1,2.946208777E-1,6.669124953E-2,9.805347955E0
9.926588596E1,2.260771114E-1,1.180111467E-1,9.806684629E0
9.927584896E1,1.274139902E-1,1.802454657E-1,9.807516103E0
9.928581096E1,1.198731377E-1,2.529260456E-1,9.806006352E0
9.929577396E1,5.791472958E-2,2.996895731E-1,9.805250307E0
9.930573596E1,-4.369105774E-2,3.558298235E-1,9.803447025E0
9.931569896E1,-1.501567264E-1,4.285407906E-1,9.799484952E0
9.932566096E1,-2.816014673E-1,5.086691701E-1,9.792755392E0
9.933562396E1,-4.118665416E-1,5.986318720E-1,9.783051937E0
9.934558596E1,-5.428856874E-1,6.864349048E-1,9.770884466E0
9.935554896E1,-6.550371840E-1,7.521258876E-1,9.759166646E0
9.936551096E1,-7.447988878E-1,7.795351495E-1,9.750574163E0
9.937547396E1,-8.036567413E-1,7.824281325E-1,9.745667764E0
9.938543596E1,-8.477597308E-1,7.842912016E-1,9.741780535E0
9.939539896E1,-8.364757740E-1,8.870655915E-1,9.733936495E0
9.940536096E1,-8.613705140E-1,9.153091049E-1,9.729149380E0
9.941532396E1,-8.351419511E-1,9.040995540E-1,9.732484047E0
9.942528596E1,-7.942283253E-1,8.933863585E-1,9.736896940E0
9.943524896E1,-7.549542589E-1,8.807131764E-1,9.741174763E0
9.944521096E1,-7.140038688E-1,8.603473243E-1,9.746081162E0
9.945517396E1,-6.706644525E-1,8.331557250E-1,9.751520827E0
9.946513596E1,-6.189047534E-1,7.965174372E-1,9.758002465E0
9.947509896E1,-5.518198309E-1,7.443955761E-1,9.766138866E0
9.948506096E1,-4.636486429E-1,6.854831973E-1,9.775031312E0
9.949502396E1,-3.627041756E-1,6.209539101E-1,9.783606838E0
9.950498596E1,-2.471973275E-1,5.466250184E-1,9.791639158E0
9.951494896E1,-1.155852648E-1,4.598829994E-1,9.798533025E0
9.952491096E1,4.028554341E-2,3.625552178E-1,9.803215476E0
9.953487396E1,2.072948315E-1,2.582603508E-1,9.804408892E0
9.954483596E1,3.170263482E-1,1.607918523E-1,9.803557538E0
9.955479896E1,3.838209564E-1,9.652655776E-2,9.802013288E0
9.956476096E1,4.358808735E-1,7.118067318E-2,9.800053301E0
9.957472396E1,4.454871910E-1,7.032165782E-2,9.799627624E0
9.958468596E1,4.336234098E-1,7.854339120E-2,9.800097156E0
9.959464896E1,4.216440729E-1,8.770940423E-2,9.800542129E0
9.960461096E1,4.102945907E-1,1.007936273E-1,9.800897639E0
9.961457396E1,3.944433007E-1,1.204418708E-1,9.801326825E0
9.962453596E1,3.760091494E-1,1.448125631E-1,9.801721512E0
9.963449896E1,3.535534293E-1,1.756972456E-1,9.802052464E0
9.964446096E1,3.178080844E-1,2.196034945E-1,9.802391018E0
9.965442396E1,2.391114322E-1,2.865895260E-1,9.802897387E0
9.966438596E1,1.376162395E-1,3.786456955E-1,9.801723851E0
9.967434796E1,2.822761172E-2,4.847757659E-1,9.797974032E0
9.968431096E1,-7.639821223E-2,5.826136805E-1,9.792385848E0
9.969427296E1,-1.502339370E-1,6.490047578E-1,9.787355488E0
9.970423596E1,-2.045856703E-1,6.719838037E-1,9.784818966E0
9.971419796E1,-2.376703311E-1,6.724259993E-1,9.784040701E0
9.972416096E1,-2.466943025E-1,6.681769739E-1,9.784108529E0
9.973412296E1,-2.351652195E-1,6.570166127E-1,9.785148164E0
9.974408596E1,-2.107235474E-1,6.342920668E-1,9.787204630E0
9.975404796E1,-1.787670338E-1,6.025073700E-1,9.789848156E0
9.976401096E1,-1.426720619E-1,5.693103148E-1,9.792427363E0
9.977397296E1,-1.121376368E-1,5.394873588E-1,9.794512480E0
9.978393596E1,-8.836138705E-2,5.161815997E-1,9.796011706E0
9.979389796E1,-7.193276673E-2,4.977926912E-1,9.797098119E0
9.980386096E1,-6.170988774E-2,4.822137718E-1,9.797946550E0
9.981382296E1,-3.768359411E-2,4.736193881E-1,9.798488002E0
9.982378596E1,-2.891511409E-2,4.680973873E-1,9.798783286E0
9.983374796E1,-1.963235089E-2,4.653244183E-1,9.798938237E0
9.984371096E1,-1.252065201E-2,4.607711549E-1,9.799165109E0
9.985367296E1,-1.263155953E-2,4.570073388E-1,9.799341111E0
9.986363596E1,-1.819723975E-2,4.599765183E-1,9.799193176E0
9.987359796E1,-2.901066810E-2,4.675673737E-1,9.798807845E0
9.988356096E1,-3.976122632E-2,4.736689432E-1,9.798477477E0
9.989352296E1,-4.452589395E-2,4.750420522E-1,9.798390353E0
9.990348596E1,-4.189274656E-2,4.710704406E-1,9.798593836E0
9.991344796E1,-3.437757381E-2,4.630884065E-1,9.799003142E0
9.992341096E1,-2.161487905E-2,4.537445559E-1,9.799476766E0
9.993337296E1,-3.291562429E-3,4.427697341E-1,9.800002431E0
9.994333596E1,1.667806346E-2,4.288410817E-1,9.800608202E0
9.995329796E1,3.531200913E-2,4.145122239E-1,9.801174797E0
9.996326096E1,4.900295166E-2,4.032952909E-1,9.801584103E0
9.997322296E1,5.440523531E-2,3.979717299E-1,9.801772968E0
9.998318596E1,5.191732728E-2,3.995374316E-1,9.801723266E0
9.999314796E1,4.405712084E-2,4.054294515E-1,9.801519783E0
1.000031110E2,3.521086143E-2,4.119720473E-1,9.801282386E0
1.000130742E2,2.759380780E-2,4.168772034E-1,9.801099368E0
1.000230372E2,2.135864767E-2,4.199519252E-1,9.800983593E0
1.000329992E2,1.542103657E-2,4.224539853E-1,9.800887699E0
1.000429622E2,9.328775189E-3,4.246984756E-1,9.800798237E0
1.000529242E2,3.260886246E-3,4.262412634E-1,9.800735087E0
1.000628872E2,-2.905443485E-3,4.276198907E-1,9.800674860E0
1.000728492E2,-9.319652619E-3,4.296771970E-1,9.800581305E0
1.000828122E2,-1.634686094E-2,4.321231239E-1,9.800464361E0
1.000927742E2,-2.326762196E-2,4.348759930E-1,9.800328705E0
1.001027372E2,-2.892823378E-2,4.373225046E-1,9.800204744E0
1.001126992E2,-3.323723200E-2,4.391216563E-1,9.800110604E0
1.001226622E2,-3.585645114E-2,4.404507649E-1,9.800041607E0
1.001326242E2,-3.768678267E-2,4.417903255E-1,9.799974364E0
1.001425872E2,-3.925494881E-2,4.436847868E-1,9.799882563E0
1.001525492E2,-4.071864393E-2,4.458604992E-1,9.799777898E0
1.001625122E2,-4.194496037E-2,4.479343239E-1,9.799678495E0
1.001724742E2,-4.384807375E-2,4.498974169E-1,9.799580262E0
1.001824372E2,-4.673564811E-2,4.532411472E-1,9.799412447E0
1.001923992E2,-4.905712520E-2,4.570900403E-1,9.799222412E0
1.002023622E2,-4.928595690E-2,4.593861323E-1,9.799114239E0
1.002123242E2,-4.789649857E-2,4.596312037E-1,9.799109561E0
1.002222872E2,-4.509079437E-2,4.595496351E-1,9.799126518E0
1.002322492E2,-4.209513331E-2,4.594013716E-1,9.799146983E0
1.002422122E2,-3.799133810E-2,4.582117190E-1,9.799219489E0
1.002521742E2,-3.158304327E-2,4.544834612E-1,9.799415370E0
1.002621372E2,-2.197923824E-2,4.473434262E-1,9.799770296E0
1.002720992E2,-1.075362230E-2,4.384285054E-1,9.800191880E0
1.002820622E2,-9.089546696E-4,4.314414481E-1,9.800508215E0
1.002920242E2,4.637325949E-3,4.283510119E-1,9.800642701E0
1.003019872E2,5.783684284E-3,4.274780957E-1,9.800680123E0
1.003119492E2,4.029511023E-3,4.272715428E-1,9.800690063E0
1.003219122E2,2.967322044E-3,4.268908526E-1,9.800707020E0
1.003318742E2,4.665431699E-3,4.240471323E-1,9.800829812E0
1.003418372E2,9.799975689E-3,4.182925585E-1,9.801073056E0
1.003517992E2,1.755189443E-2,4.119794659E-1,9.801329749E0
1.003617622E2,2.433199794E-2,4.073127300E-1,9.801510428E0
1.003717242E2,2.773468687E-2,4.054860599E-1,9.801577086E0
1.003816872E2,2.788159360E-2,4.063536039E-1,9.801540833E0
1.003916492E2,2.779098231E-2,4.076357156E-1,9.801487623E0
1.004016112E2,2.793928689E-2,4.080123128E-1,9.801471836E0
1.004115742E2,2.889085956E-2,4.075773531E-1,9.801487039E0
1.004215372E2,3.363243754E-2,3.992171503E-1,9.801815652E0
1.004314992E2,4.778073741E-2,3.786160574E-1,9.802574621E0
1.004414612E2,6.448913786E-2,3.573166242E-1,9.803278041E0
1.004514242E2,7.229809436E-2,3.442512401E-1,9.803691439E0
1.004613862E2,7.462805905E-2,3.405979729E-1,9.803801367E0
1.004713492E2,7.500552423E-2,3.424307095E-1,9.803734708E0
1.004813112E2,7.377421482E-2,3.458518058E-1,9.803624196E0
1.004912742E2,6.992999487E-2,3.527824374E-1,9.803405510E0
1.005012362E2,5.934034471E-2,3.677398708E-1,9.802925454E0
1.005111992E2,3.990200717E-2,3.877434880E-1,9.802253024E0
1.005211612E2,1.794674822E-2,4.066368284E-1,9.801551943E0
1.005311242E2,2.401215638E-3,4.202963262E-1,9.800991780E0
1.005410862E2,-5.055691660E-3,4.259963017E-1,9.800745027E0
1.005510492E2,-5.059119476E-3,4.247063693E-1,9.800801160E0
1.005610112E2,-3.303706251E-3,4.209932412E-1,9.800961959E0
1.005709742E2,4.121726011E-4,4.174576857E-1,9.801113402E0
1.005809362E2,4.809524452E-3,4.137375410E-1,9.801270107E0
1.005908992E2,9.814802720E-3,4.104691667E-1,9.801404008E0
1.006008612E2,1.437517297E-2,4.070836288E-1,9.801539664E0
1.006108242E2,1.815785212E-2,4.040715088E-1,9.801657777E0
1.006207862E2,2.143081053E-2,4.013283241E-1,9.801764197E0
1.006307492E2,2.343136913E-2,3.995572755E-1,9.801831440E0
1.006407112E2,2.340548835E-2,3.993898990E-1,9.801838456E0
1.006506742E2,2.172159074E-2,4.002153431E-1,9.801808636E0
1.006606362E2,1.919935772E-2,4.013165200E-1,9.801768875E0
1.006705992E2,1.692291333E-2,4.027717093E-1,9.801713326E0
1.006805612E2,1.501990387E-2,4.038930225E-1,9.801670641E0
1.006905242E2,1.357062808E-2,4.042971747E-1,9.801656023E0
1.007004862E2,1.281581078E-2,4.044189065E-1,9.801651930E0
1.007104492E2,1.281485718E-2,4.044704716E-1,9.801649591E0
1.007204112E2,1.259522800E-2,4.045259836E-1,9.801647837E0
1.007303742E2,1.076818210E-2,4.057038321E-1,9.801601059E0
1.007403362E2,7.510424739E-3,4.081363104E-1,9.801503411E0
1.007502992E2,3.594498735E-3,4.111039185E-1,9.801381789E0
1.007602612E2,2.205561607E-4,4.137114843E-1,9.801272446E0
1.007702242E2,-2.492575528E-3,4.151304939E-1,9.801212220E0
1.007801862E2,-4.419347860E-3,4.155047157E-1,9.801195847E0
1.007901492E2,-5.842682918E-3,4.159881708E-1,9.801174213E0
1.008001112E2,-7.192587455E-3,4.169076820E-1,9.801134452E0
1.008100742E2,-8.878364852E-3,4.176439561E-1,9.801101707E0
1.008200362E2,-1.095238081E-2,4.187655251E-1,9.801052006E0
1.008299992E2,-1.543289431E-2,4.218594331E-1,9.800912842E0
1.008399612E2,-2.013768965E-2,4.265596809E-1,9.800701173E0
1.008499242E2,-2.449146704E-2,4.307652907E-1,9.800507045E0
1.008598862E2,-2.629947637E-2,4.330035684E-1,9.800404134E0
1.008698492E2,-2.572078018E-2,4.327571813E-1,9.800416414E0
1.008798112E2,-2.268726982E-2,4.307293304E-1,9.800512893E0
1.008897742E2,-1.834710777E-2,4.276231798E-1,9.800658488E0
1.008997362E2,-1.487301314E-2,4.251743659E-1,9.800770755E0
1.009096992E2,-1.263990095E-2,4.240950064E-1,9.800820456E0
1.009196612E2,-1.225235960E-2,4.243543670E-1,9.800809931E0
1.009296232E2,-1.338049764E-2,4.259251484E-1,9.800740349E0
1.009395862E2,-1.543406947E-2,4.279500391E-1,9.800649133E0
1.009495482E2,-1.831919302E-2,4.297198817E-1,9.800566687E0
1.009595112E2,-2.115440168E-2,4.313084971E-1,9.800491258E0
1.009694732E2,-2.405624919E-2,4.330891570E-1,9.800405889E0
1.009794362E2,-2.781427067E-2,4.355904496E-1,9.800284851E0
1.009893982E2,-3.197656089E-2,4.388702991E-1,9.800125807E0
1.009993612E2,-3.671383111E-2,4.424889216E-1,9.799946882E0
1.010093210E2,-4.137133481E-2,4.461406174E-1,9.799762695E0
1.010192840E2,-4.575283166E-2,4.493399214E-1,9.799597219E0
1.010292460E2,-5.005239896E-2,4.522378381E-1,9.799442852E0
1.010392090E2,-5.400314331E-2,4.551728845E-1,9.799285562E0
1.010491710E2,-5.763744822E-2,4.580120001E-1,9.799132950E0
1.010591340E2,-6.076899765E-2,4.603060089E-1,9.799006065E0
1.010690960E2,-6.343471586E-2,4.622668727E-1,9.798897307E0
1.010790590E2,-6.634319401E-2,4.645831376E-1,9.798768083E0
1.010890210E2,-7.059981626E-2,4.681986903E-1,9.798566355E0
1.010989840E2,-7.611770120E-2,4.735562382E-1,9.798267562E0
1.011089460E2,-8.157858948E-2,4.794046232E-1,9.797939533E0
1.011189090E2,-8.513055372E-2,4.836089906E-1,9.797702721E0
1.011288710E2,-8.586124554E-2,4.848795174E-1,9.797633139E0
1.011388340E2,-8.406035794E-2,4.837101474E-1,9.797706814E0
1.011487960E2,-8.104861247E-2,4.814064541E-1,9.797845393E0
1.011587590E2,-7.812811098E-2,4.792339942E-1,9.797975786E0
1.011687210E2,-7.729433457E-2,4.780504446E-1,9.798040105E0
1.011786840E2,-7.806387383E-2,4.787117282E-1,9.798002098E0
1.011886460E2,-7.972956285E-2,4.800390827E-1,9.797923746E0
1.011986090E2,-8.128029926E-2,4.810899004E-1,9.797859426E0
1.012085710E2,-8.201357665E-2,4.816712964E-1,9.797824343E0
1.012185340E2,-8.258415526E-2,4.819723915E-1,9.797805047E0
1.012284960E2,-8.384122440E-2,4.828119785E-1,9.797753007E0
1.012384590E2,-8.600664935E-2,4.844391125E-1,9.797653604E0
1.012484210E2,-8.850805166E-2,4.862953476E-1,9.797539583E0
1.012583840E2,-9.037570716E-2,4.877568592E-1,9.797450121E0
1.012683460E2,-9.150878792E-2,4.885077148E-1,9.797402174E0
1.012783090E2,-9.235819649E-2,4.889767711E-1,9.797370599E0
1.012882710E2,-9.281019540E-2,4.893183947E-1,9.797349549E0
1.012982340E2,-9.311065092E-2,4.891737126E-1,9.797353642E0
1.013081960E2,-9.279772438E-2,4.887129155E-1,9.797379954E0
1.013181590E2,-9.224948396E-2,4.882156463E-1,9.797409775E0
1.013281210E2,-9.263168173E-2,4.884323588E-1,9.797395157E0
1.013380840E2,-9.393159086E-2,4.898186240E-1,9.797313881E0
1.013480460E2,-9.569028715E-2,4.916298721E-1,9.797205707E0
1.013580090E2,-9.755373996E-2,4.931984973E-1,9.797108644E0
1.013679710E2,-9.953600088E-2,4.947263017E-1,9.797011580E0
1.013779340E2,-1.013061906E-1,4.962357970E-1,9.796917440E0
1.013878960E2,-1.022821366E-1,4.973652598E-1,9.796849612E0
1.013978590E2,-1.024738339E-1,4.974257784E-1,9.796844934E0
1.014078210E2,-1.026542662E-1,4.970755668E-1,9.796860722E0
1.014177830E2,-1.031917258E-1,4.970413240E-1,9.796856629E0
1.014277460E2,-1.038385192E-1,4.975384470E-1,9.796824469E0
1.014377080E2,-1.040357988E-1,4.979469115E-1,9.796801665E0
1.014476710E2,-1.040023235E-1,4.978288709E-1,9.796808097E0
1.014576330E2,-1.036775015E-1,4.973562331E-1,9.796835579E0
1.014675960E2,-1.032259594E-1,4.969865429E-1,9.796858968E0
1.014775580E2,-1.027835719E-1,4.967345279E-1,9.796876509E0
1.014875210E2,-1.020456532E-1,4.961706736E-1,9.796912762E0
1.014974830E2,-1.010570170E-1,4.950141674E-1,9.796981759E0
1.015074460E2,-9.970791816E-2,4.935380013E-1,9.797070052E0
1.015174080E2,-9.819073015E-2,4.921621514E-1,9.797154252E0
1.015273710E2,-9.674635825E-2,4.910087882E-1,9.797226757E0
1.015373330E2,-9.578281933E-2,4.902085602E-1,9.797276459E0
1.015472960E2,-9.456629698E-2,4.895907287E-1,9.797319143E0
1.015572580E2,-9.429143216E-2,4.891584368E-1,9.797343117E0
1.015672210E2,-9.440670454E-2,4.896949919E-1,9.797315050E0
1.015771830E2,-9.465817136E-2,4.906809421E-1,9.797263595E0
1.015871460E2,-9.454034996E-2,4.909240035E-1,9.797252485E0
1.015971080E2,-9.448260871E-2,4.904190234E-1,9.797278213E0
1.016070710E2,-9.459787195E-2,4.901505996E-1,9.797290492E0
1.016170330E2,-9.579036590E-2,4.907275005E-1,9.797250146E0
1.016269960E2,-9.818722182E-2,4.922958700E-1,9.797147820E0
1.016369580E2,-1.017392866E-1,4.949861008E-1,9.796975912E0
1.016469210E2,-1.066809147E-1,4.989208384E-1,9.796723897E0
1.016568830E2,-1.133036539E-1,5.042594925E-1,9.796375988E0
1.016668460E2,-1.214319049E-1,5.107202272E-1,9.795943878E0
1.016768080E2,-1.298990021E-1,5.173837873E-1,9.795485457E0
1.016867710E2,-1.370440894E-1,5.227249629E-1,9.795104803E0
1.016967330E2,-1.415873121E-1,5.259414797E-1,9.794867991E0
1.017066960E2,-1.424007146E-1,5.267245315E-1,9.794814196E0
1.017166580E2,-1.399091886E-1,5.246699661E-1,9.794960377E0
1.017266210E2,-1.345192891E-1,5.201980887E-1,9.795274372E0
1.017365830E2,-1.269454547E-1,5.143339892E-1,9.795684847E0
1.017465460E2,-1.170589916E-1,5.075413884E-1,9.796162564E0
1.017565080E2,-1.037819017E-1,4.982934321E-1,9.796787047E0
1.017664710E2,-8.798087949E-2,4.862327093E-1,9.797547770E0
1.017764330E2,-7.290238583E-2,4.746131224E-1,9.798241249E0
1.017863950E2,-6.131260598E-2,4.669400771E-1,9.798689146E0
1.017963580E2,-5.502074155E-2,4.637542582E-1,9.798878011E0
1.018063200E2,-5.160959928E-2,4.626379516E-1,9.798949347E0
1.018162830E2,-5.311314683E-2,4.627714874E-1,9.798934729E0
1.018262450E2,-5.730153025E-2,4.664296883E-1,9.798737678E0
1.018362080E2,-6.426439921E-2,4.721542220E-1,9.798420174E0
1.018461700E2,-7.174460515E-2,4.773677822E-1,9.798115534E0
1.018561330E2,-7.766620835E-2,4.810998042E-1,9.797888077E0
1.018660950E2,-7.972356945E-2,4.828775039E-1,9.797783997E0
1.018760580E2,-8.011060031E-2,4.823253075E-1,9.797807971E0
1.018860200E2,-7.888129631E-2,4.808848824E-1,9.797888662E0
1.018959830E2,-7.643629222E-2,4.789173309E-1,9.798004437E0
1.019059450E2,-7.164115969E-2,4.755933350E-1,9.798202658E0
1.019159080E2,-6.313223665E-2,4.693478509E-1,9.798562261E0
1.019258700E2,-5.072381463E-2,4.590478709E-1,9.799122425E0
1.019358330E2,-3.606307941E-2,4.463173860E-1,9.799775559E0
1.019457950E2,-2.238635977E-2,4.335505023E-1,9.800389516E0
1.019557580E2,-1.239941593E-2,4.222746951E-1,9.800899394E0
1.019657200E2,-7.352681250E-3,4.138115448E-1,9.801265429E0
1.019756830E2,-6.071764722E-3,4.087324340E-1,9.801479437E0
1.019856450E2,-7.828432828E-5,4.026550573E-1,9.801733207E0
1.019956080E2,2.168024224E-2,3.872005009E-1,9.802331377E0
1.020055700E2,6.926425282E-2,3.549576382E-1,9.803331251E0
1.020155338E2,1.485858262E-1,3.052868385E-1,9.804122964E0
1.020254958E2,2.488186325E-1,2.382426273E-1,9.803949886E0
1.020354588E2,3.288657905E-1,1.643542867E-1,9.803108472E0
1.020454208E2,3.583918175E-1,1.107873320E-1,9.802825466E0
1.020553838E2,3.300144394E-1,8.928105357E-2,9.804041103E0
1.020653458E2,2.975006314E-1,9.731679068E-2,9.805004724E0
1.020753088E2,2.921754076E-1,1.311863762E-1,9.804770250E0
1.020852708E2,2.804365557E-1,1.635360054E-1,9.804626994E0
1.020952338E2,2.502533016E-1,1.737002570E-1,9.805269018E0
1.021051958E2,2.277356742E-1,1.741488480E-1,9.805809885E0
1.021151578E2,2.261165619E-1,1.749388251E-1,9.805833274E0
1.021251208E2,2.395006558E-1,1.719986076E-1,9.805567811E0
1.021350828E2,2.589310082E-1,1.600776149E-1,9.805275450E0
1.021450458E2,2.837726298E-1,1.424784825E-1,9.804859713E0
1.021550078E2,3.056917582E-1,1.249024649E-1,9.804440467E0
1.021649708E2,3.134314800E-1,1.139936710E-1,9.804328786E0
1.021749328E2,3.094792373E-1,1.141688408E-1,9.804452747E0
1.021848958E2,3.011437391E-1,1.224093127E-1,9.804612375E0
1.021948578E2,2.921403609E-1,1.308095597E-1,9.804776682E0
1.022048208E2,2.857401448E-1,1.345877564E-1,9.804914092E0
1.022147828E2,2.861103284E-1,1.339670744E-1,9.804911753E0
1.022247458E2,2.926268675E-1,1.298228786E-1,9.804774928E0
1.022347078E2,3.003309761E-1,1.234291858E-1,9.804624655E0
1.022446708E2,3.048304634E-1,1.182752581E-1,9.804549226E0
1.022546328E2,3.056579357E-1,1.169694195E-1,9.804539285E0
1.022645958E2,3.037290489E-1,1.190394344E-1,9.804574369E0
1.022745578E2,3.015296736E-1,1.231705196E-1,9.804591326E0
1.022845208E2,2.966220507E-1,1.261636728E-1,9.804703007E0
1.022944828E2,2.890692388E-1,1.280434064E-1,9.804904152E0
1.023044458E2,2.833193062E-1,1.309753283E-1,9.805033375E0
1.023144078E2,2.777551688E-1,1.334258872E-1,9.805159090E0
1.023243708E2,2.734188737E-1,1.348921496E-1,9.805261416E0
1.023343328E2,2.764466533E-1,1.349519374E-1,9.805175462E0
1.023442958E2,2.890559729E-1,1.309148005E-1,9.804866729E0
1.023542578E2,3.076742750E-1,1.208795166E-1,9.804428773E0
1.023642208E2,3.259959770E-1,1.077598082E-1,9.803989647E0
1.023741828E2,3.406726345E-1,9.743446589E-2,9.803599053E0
1.023841458E2,3.461798346E-1,9.311762189E-2,9.803447610E0
1.023941078E2,3.419358889E-1,9.537113881E-2,9.803575079E0
1.024040708E2,3.309953099E-1,1.010223357E-1,9.803893753E0
1.024140328E2,3.211771039E-1,1.075576133E-1,9.804151030E0
1.024239958E2,3.162652966E-1,1.118440792E-1,9.804262712E0
1.024339578E2,3.143057119E-1,1.120962312E-1,9.804322938E0
1.024439198E2,3.151954388E-1,1.098881307E-1,9.804319430E0
1.024538828E2,3.175082319E-1,1.072702409E-1,9.804273822E0
1.024638448E2,3.187546390E-1,1.055094433E-1,9.804252187E0
1.024738078E2,3.182710377E-1,1.052475611E-1,9.804270898E0
1.024837698E2,3.179295603E-1,1.059993852E-1,9.804273822E0
1.024937328E2,3.175198898E-1,1.061614627E-1,9.804285516E0
1.025036948E2,3.158891013E-1,1.058180849E-1,9.804341649E0
1.025136578E2,3.147383693E-1,1.062883747E-1,9.804373809E0
1.025236198E2,3.144600784E-1,1.067019464E-1,9.804377902E0
1.025335828E2,3.146784353E-1,1.062530264E-1,9.804376148E0
1.025435448E2,3.153488917E-1,1.053773054E-1,9.804363869E0
1.025535078E2,3.159327362E-1,1.046489524E-1,9.804352759E0
1.025634698E2,3.159484871E-1,1.045241875E-1,9.804353929E0
1.025734328E2,3.154430684E-1,1.048305085E-1,9.804366792E0
1.025833948E2,3.146804088E-1,1.054653791E-1,9.804384334E0
1.025933578E2,3.134705102E-1,1.066734321E-1,9.804410062E0
1.026033198E2,3.125477099E-1,1.088316394E-1,9.804415909E0
1.026132828E2,3.105533343E-1,1.108733135E-1,9.804456255E0
1.026232448E2,3.059195804E-1,1.131260538E-1,9.804576123E0
1.026332078E2,2.999036908E-1,1.169766646E-1,9.804717041E0
1.026431698E2,2.913920452E-1,1.223671944E-1,9.804907660E0
1.026531328E2,2.776815487E-1,1.298374601E-1,9.805209376E0
1.026630948E2,2.586899567E-1,1.401558406E-1,9.805587106E0
1.026730578E2,2.358566344E-1,1.529035564E-1,9.805972438E0
1.026830198E2,2.117674398E-1,1.664955371E-1,9.806300467E0
1.026929828E2,1.893457981E-1,1.796105677E-1,9.806527923E0
1.027029448E2,1.714518746E-1,1.910874095E-1,9.806640190E0
1.027129078E2,1.605366945E-1,1.991287015E-1,9.806664748E0
1.027228698E2,1.570426907E-1,2.021110190E-1,9.806660655E0
1.027328328E2,1.596007380E-1,2.009889931E-1,9.806641944E0
1.027427948E2,1.651928140E-1,1.981489457E-1,9.806607445E0
1.027527568E2,1.699510040E-1,1.959021531E-1,9.806571193E0
1.027627198E2,1.713478125E-1,1.956170830E-1,9.806552482E0
1.027726818E2,1.693446112E-1,1.973557343E-1,9.806552482E0
1.027826448E2,1.657992068E-1,2.001570257E-1,9.806556575E0
1.027926068E2,1.626155075E-1,2.025692763E-1,9.806560083E0
1.028025698E2,1.604946493E-1,2.040476716E-1,9.806564176E0
1.028125318E2,1.595091925E-1,2.047574140E-1,9.806565930E0
1.028224948E2,1.594556905E-1,2.049269650E-1,9.806563007E0
1.028324568E2,1.598726700E-1,2.046702722E-1,9.806561837E0
1.028424198E2,1.601351735E-1,2.045206749E-1,9.806560668E0
1.028523818E2,1.596755823E-1,2.049694852E-1,9.806558329E0
1.028623448E2,1.586561020E-1,2.056616311E-1,9.806560668E0
1.028723068E2,1.572562968E-1,2.064659339E-1,9.806566515E0
1.028822698E2,1.556608475E-1,2.074832763E-1,9.806570023E0
1.028922318E2,1.543833222E-1,2.084674175E-1,9.806569439E0
1.029021948E2,1.539676035E-1,2.090423815E-1,9.806564176E0
1.029121568E2,1.543097752E-1,2.089785555E-1,9.806560083E0
1.029221198E2,1.550619647E-1,2.083999553E-1,9.806560083E0
1.029320818E2,1.558219748E-1,2.079505054E-1,9.806557744E0
1.029420448E2,1.563050279E-1,2.078884883E-1,9.806551312E0
1.029520068E2,1.564800424E-1,2.081451628E-1,9.806543126E0
1.029619698E2,1.559910325E-1,2.084846668E-1,9.806543711E0
1.029719318E2,1.552875393E-1,2.089494108E-1,9.806544880E0
1.029818948E2,1.547647982E-1,2.093560481E-1,9.806544880E0
1.029918568E2,1.543075277E-1,2.096904358E-1,9.806544880E0
1.030018188E2,1.540120240E-1,2.100374315E-1,9.806541957E0
1.030117815E2,1.536561296E-1,2.104142845E-1,9.806539618E0
1.030217435E2,1.530833218E-1,2.108179434E-1,9.806539618E0
1.030317065E2,1.526461876E-1,2.111262561E-1,9.806539618E0
1.030416685E2,1.528148706E-1,2.113168936E-1,9.806533186E0
1.030516315E2,1.532594508E-1,2.112965197E-1,9.806526754E0
1.030615935E2,1.537968648E-1,2.110039579E-1,9.806524415E0
1.030715565E2,1.543697092E-1,2.107206603E-1,9.806521491E0
1.030815185E2,1.547008991E-1,2.106031130E-1,9.806519153E0
1.030914815E2,1.548194697E-1,2.106427827E-1,9.806516229E0
1.031014435E2,1.546799953E-1,2.108743325E-1,9.806513305E0
1.031114065E2,1.544422147E-1,2.111467396E-1,9.806511551E0
1.031213685E2,1.541773541E-1,2.114273877E-1,9.806509212E0
1.031313315E2,1.538581326E-1,2.117424247E-1,9.806507458E0
1.031412935E2,1.534460501E-1,2.120629800E-1,9.806507458E0
1.031512565E2,1.531500531E-1,2.125112057E-1,9.806502196E0
1.031612185E2,1.530458082E-1,2.128431265E-1,9.806496348E0
1.031711815E2,1.533834118E-1,2.127623984E-1,9.806492840E0
1.031811435E2,1.538662091E-1,2.125831812E-1,9.806489332E0
1.031911065E2,1.544271581E-1,2.124439444E-1,9.806483485E0
1.032010685E2,1.546674238E-1,2.124223097E-1,9.806479976E0
1.032110315E2,1.543604450E-1,2.125762194E-1,9.806481730E0
1.032209935E2,1.538706311E-1,2.128325467E-1,9.806484069E0
1.032309565E2,1.534808959E-1,2.131224042E-1,9.806483485E0
1.032409185E2,1.534698044E-1,2.132427289E-1,9.806481146E0
1.032508815E2,1.535997953E-1,2.131528462E-1,9.806481146E0
1.032608435E2,1.536367607E-1,2.130451844E-1,9.806482900E0
1.032708055E2,1.532054737E-1,2.132508054E-1,9.806485239E0
1.032807685E2,1.523030930E-1,2.136842302E-1,9.806489916E0
1.032907305E2,1.512571175E-1,2.141968849E-1,9.806494594E0
1.033006935E2,1.504815757E-1,2.145108803E-1,9.806499857E0
1.033106555E2,1.498182913E-1,2.148548245E-1,9.806502780E0
1.033206185E2,1.494065560E-1,2.151233031E-1,9.806502780E0
1.033305805E2,1.493565806E-1,2.152375248E-1,9.806501026E0
1.033405435E2,1.495141356E-1,2.152321527E-1,9.806498687E0
1.033505055E2,1.496044294E-1,2.152982262E-1,9.806496348E0
1.033604685E2,1.498456545E-1,2.153848929E-1,9.806490501E0
1.033704305E2,1.502459786E-1,2.154182586E-1,9.806483485E0
1.033803935E2,1.506471524E-1,2.153297281E-1,9.806479391E0
1.033903555E2,1.508755410E-1,2.151903633E-1,9.806478807E0
1.034003185E2,1.508405856E-1,2.151013578E-1,9.806481730E0
1.034102805E2,1.505096789E-1,2.153022462E-1,9.806482315E0
1.034202435E2,1.497419578E-1,2.155705420E-1,9.806488162E0
1.034302055E2,1.488190205E-1,2.156998934E-1,9.806499272E0
1.034401685E2,1.483044472E-1,2.156634579E-1,9.806508043E0
1.034501305E2,1.481558823E-1,2.153017893E-1,9.806517983E0
1.034600935E2,1.480521581E-1,2.141895393E-1,9.806543711E0
1.034700555E2,1.477270164E-1,2.123559256E-1,9.806588734E0
1.034800185E2,1.470670119E-1,2.100770098E-1,9.806647791E0
1.034899805E2,1.461340521E-1,2.073173067E-1,9.806720297E0
1.034999435E2,1.454655327E-1,2.040152379E-1,9.806799819E0
1.035099055E2,1.482367291E-1,1.993185715E-1,9.806854783E0
1.035198675E2,1.556676083E-1,1.931813888E-1,9.806862384E0
1.035298305E2,1.786428170E-1,1.880940006E-1,9.806569439E0
1.035397925E2,2.020825138E-1,1.751768982E-1,9.806353676E0
1.035497555E2,2.247107633E-1,1.583705569E-1,9.806147270E0
1.035597175E2,2.499170867E-1,1.442866518E-1,9.805754337E0
1.035696805E2,2.815746066E-1,1.288399891E-1,9.805111728E0
1.035796425E2,3.219122451E-1,1.072789478E-1,9.804129980E0
1.035896055E2,3.427460572E-1,8.460224865E-2,9.803645831E0
1.035995675E2,3.423383966E-1,7.692286279E-2,9.803723014E0
1.036095305E2,3.322113845E-1,8.659255863E-2,9.803990816E0
1.036194925E2,3.167219641E-1,1.020192586E-1,9.804355098E0
1.036294555E2,3.013133814E-1,1.120522766E-1,9.804731074E0
1.036394175E2,2.910639067E-1,1.156973578E-1,9.804998292E0
1.036493805E2,2.907013428E-1,1.159906596E-1,9.805005893E0
1.036593425E2,2.990552416E-1,1.122215901E-1,9.804798317E0
1.036693055E2,3.126976545E-1,1.039187448E-1,9.804464441E0
1.036792675E2,3.246329545E-1,9.424370427E-2,9.804174419E0
1.036892305E2,3.291789454E-1,8.924015961E-2,9.804069169E0
1.036991925E2,3.267314106E-1,9.110511077E-2,9.804134073E0
1.037091555E2,3.204581522E-1,9.670867112E-2,9.804287270E0
1.037191175E2,3.145364576E-1,1.012171393E-1,9.804434035E0
1.037290805E2,3.126603054E-1,1.023453413E-1,9.804481983E0
1.037390425E2,3.155852654E-1,1.004385734E-1,9.804408308E0
1.037490055E2,3.199726140E-1,9.709253169E-2,9.804299549E0
1.037589675E2,3.227088917E-1,9.466392721E-2,9.804233476E0
1.037689295E2,3.228199888E-1,9.452353008E-2,9.804231137E0
1.037788925E2,3.207749982E-1,9.608406971E-2,9.804283177E0
1.037888545E2,3.184190088E-1,9.775843819E-2,9.804343404E0
1.037988175E2,3.174492846E-1,9.846883834E-2,9.804367962E0
1.038087795E2,3.183406927E-1,9.770620611E-2,9.804346912E0
1.038187425E2,3.200591528E-1,9.626336910E-2,9.804304812E0
1.038287045E2,3.214665776E-1,9.501485151E-2,9.804270898E0
1.038386675E2,3.219791592E-1,9.470834778E-2,9.804257450E0
1.038486295E2,3.214146105E-1,9.515688404E-2,9.804271483E0
1.038585925E2,3.205937710E-1,9.580353127E-2,9.804291948E0
1.038685545E2,3.201445952E-1,9.598436555E-2,9.804304812E0
1.038785175E2,3.202793736E-1,9.563228094E-2,9.804303643E0
1.038884795E2,3.207445927E-1,9.508973242E-2,9.804294287E0
1.038984425E2,3.212785896E-1,9.460219340E-2,9.804281423E0
1.039084045E2,3.214639098E-1,9.451415626E-2,9.804276161E0
1.039183675E2,3.213622779E-1,9.467355684E-2,9.804277915E0
1.039283295E2,3.211796620E-1,9.473359130E-2,9.804283177E0
1.039382925E2,3.214224677E-1,9.475781157E-2,9.804274991E0
1.039482545E2,3.216793066E-1,9.450659143E-2,9.804269144E0
1.039582175E2,3.217589384E-1,9.416566221E-2,9.804269729E0
1.039681795E2,3.219674282E-1,9.394506686E-2,9.804265051E0
1.039781425E2,3.219924981E-1,9.388036377E-2,9.804264466E0
1.039881045E2,3.218912682E-1,9.372810775E-2,9.804269729E0
1.039980675E2,3.218432114E-1,9.353548768E-2,9.804273237E0
1.040080295E2,3.219941426E-1,9.323176137E-2,9.804270898E0
1.040179916E2,3.222576693E-1,9.307046958E-2,9.804263881E0
1.040279546E2,3.222673903E-1,9.313460623E-2,9.804262712E0
1.040379166E2,3.221801206E-1,9.322141911E-2,9.804265051E0
1.040478796E2,3.221587783E-1,9.334309601E-2,9.804264466E0
1.040578416E2,3.222624933E-1,9.324626064E-2,9.804262127E0
1.040678046E2,3.224660129E-1,9.305263557E-2,9.804256865E0
1.040777666E2,3.243998699E-1,8.736086450E-2,9.804245755E0
1.040877296E2,3.368487747E-1,6.473102073E-2,9.804001341E0
1.040976916E2,3.601627199E-1,3.534078154E-2,9.803322480E0
1.041076546E2,3.753382545E-1,1.320153172E-2,9.802807925E0
1.041176166E2,3.728463539E-1,9.172772160E-3,9.802907912E0
1.041275796E2,3.617922658E-1,3.076467291E-2,9.803278041E0
1.041375416E2,3.436383057E-1,7.084983955E-2,9.803723599E0
1.041475046E2,3.083598245E-1,1.002864453E-1,9.804639273E0
1.041574666E2,2.700661351E-1,1.133048142E-1,9.805627452E0
1.041674296E2,2.483908721E-1,1.220471233E-1,9.806095229E0
1.041773916E2,2.451540728E-1,1.279337529E-1,9.806101661E0
1.041873546E2,2.522016853E-1,1.251232430E-1,9.805959574E0
1.041973166E2,2.685235482E-1,1.141378505E-1,9.805660197E0
1.042072796E2,2.961202682E-1,9.926883794E-2,9.805026943E0
1.042172416E2,3.304145352E-1,8.127046863E-2,9.804097236E0
1.042272036E2,3.516030540E-1,6.360255836E-2,9.803490880E0
1.042371666E2,3.520510603E-1,5.739715963E-2,9.803513099E0
1.042471286E2,3.421063718E-1,6.606329511E-2,9.803810138E0
1.042570916E2,3.279406148E-1,8.007896139E-2,9.804190207E0
1.042670536E2,3.151530100E-1,8.925715308E-2,9.804529930E0
1.042770166E2,3.084757821E-1,9.172888077E-2,9.804719964E0
1.042869786E2,3.114132405E-1,9.009437386E-2,9.804642196E0
1.042969416E2,3.222404931E-1,8.469278913E-2,9.804340480E0
1.043069036E2,3.320947691E-1,7.687546380E-2,9.804075601E0
1.043168666E2,3.360573541E-1,7.218594203E-2,9.803976198E0
1.043268286E2,3.348209969E-1,7.354989187E-2,9.804008358E0
1.043367916E2,3.295502802E-1,7.823206351E-2,9.804151030E0
1.043467536E2,3.240488908E-1,8.223216201E-2,9.804301888E0
1.043567166E2,3.222872709E-1,8.370012377E-2,9.804347497E0
1.043666786E2,3.244286309E-1,8.228619394E-2,9.804288440E0
1.043766416E2,3.279807048E-1,7.935104700E-2,9.804194884E0
1.043866036E2,3.304568909E-1,7.723391639E-2,9.804128226E0
1.043965666E2,3.308242423E-1,7.700170884E-2,9.804117701E0
1.044065286E2,3.290980711E-1,7.819404747E-2,9.804166233E0
1.044164916E2,3.269183753E-1,7.965746851E-2,9.804227629E0
1.044264536E2,3.260275155E-1,8.035536110E-2,9.804251602E0
1.044364166E2,3.263772886E-1,8.004268125E-2,9.804242247E0
1.044463786E2,3.275424559E-1,7.912928221E-2,9.804211257E0
1.044563406E2,3.284713592E-1,7.836112252E-2,9.804186113E0
1.044663036E2,3.285481770E-1,7.823852286E-2,9.804184359E0
1.044762656E2,3.281446095E-1,7.860049292E-2,9.804195469E0
1.044862286E2,3.276668189E-1,7.901763693E-2,9.804207748E0
1.044961906E2,3.274723624E-1,7.907219877E-2,9.804213595E0
1.045061536E2,3.278305044E-1,7.870992721E-2,9.804204825E0
1.045161156E2,3.284013023E-1,7.821012732E-2,9.804189622E0
1.045260786E2,3.286675333E-1,7.790583456E-2,9.804183190E0
1.045360406E2,3.285222300E-1,7.796349359E-2,9.804187868E0
1.045460036E2,3.281403703E-1,7.819998605E-2,9.804198393E0
1.045559656E2,3.276941912E-1,7.823530689E-2,9.804213011E0
1.045659286E2,3.277469258E-1,7.821358083E-2,9.804211841E0
1.045758906E2,3.279042159E-1,7.804567438E-2,9.804207748E0
1.045858536E2,3.281637226E-1,7.775851213E-2,9.804201316E0
1.045958156E2,3.283846012E-1,7.768238869E-2,9.804194300E0
1.046057786E2,3.284600303E-1,7.769775591E-2,9.804191961E0
1.046157406E2,3.285182101E-1,7.773085663E-2,9.804189622E0
1.046257036E2,3.285614064E-1,7.773878692E-2,9.804187868E0
1.046356656E2,3.284399670E-1,7.762515907E-2,9.804193130E0
1.046456286E2,3.285325357E-1,7.745614713E-2,9.804191376E0
1.046555906E2,3.285187217E-1,7.727156698E-2,9.804193130E0
1.046655526E2,3.283208665E-1,7.719599172E-2,9.804200147E0
1.046755156E2,3.281380314E-1,7.725192399E-2,9.804205994E0
1.046854776E2,3.280297848E-1,7.737952120E-2,9.804208918E0
1.046954406E2,3.279084551E-1,7.747037231E-2,9.804211841E0
1.047054026E2,3.277537962E-1,7.756773759E-2,9.804216519E0
1.047153656E2,3.277368759E-1,7.758344284E-2,9.804217104E0
1.047253276E2,3.277962982E-1,7.768958808E-2,9.804214180E0
1.047352906E2,3.278174943E-1,7.781127412E-2,9.804212426E0
1.047452526E2,3.278136571E-1,7.799541573E-2,9.804211257E0
1.047552156E2,3.278876244E-1,7.819858820E-2,9.804207163E0
1.047651776E2,3.278993554E-1,7.828808715E-2,9.804205994E0
1.047751406E2,3.278306871E-1,7.825674059E-2,9.804208333E0
1.047851026E2,3.277676834E-1,7.817844272E-2,9.804211257E0
1.047950656E2,3.276634933E-1,7.808142462E-2,9.804215350E0
1.048050276E2,3.277262047E-1,7.790496661E-2,9.804214765E0
1.048149906E2,3.277044238E-1,7.787519149E-2,9.804215934E0
1.048249526E2,3.276527125E-1,7.779752403E-2,9.804218273E0
1.048349156E2,3.275375589E-1,7.788113921E-2,9.804221197E0
1.048448776E2,3.274593524E-1,7.794877505E-2,9.804223536E0
1.048548406E2,3.273177036E-1,7.810358922E-2,9.804227044E0
1.048648026E2,3.273722654E-1,7.826700062E-2,9.804223536E0
1.048747646E2,3.273797937E-1,7.831629083E-2,9.804222951E0
1.048847276E2,3.273730694E-1,7.834484168E-2,9.804222951E0
1.048946896E2,3.273328333E-1,7.842327660E-2,9.804223536E0
1.049046526E2,3.274661863E-1,7.847845056E-2,9.804218858E0
1.049146146E2,3.276102471E-1,7.861499218E-2,9.804213011E0
1.049245776E2,3.276247555E-1,7.861462673E-2,9.804212426E0
1.049345396E2,3.275944962E-1,7.862312347E-2,9.804213595E0
1.049445026E2,3.273909034E-1,7.868195194E-2,9.804219443E0
1.049544646E2,3.272338326E-1,7.871194633E-2,9.804224705E0
1.049644276E2,3.270873964E-1,7.867587632E-2,9.804229968E0
1.049743896E2,3.270058277E-1,7.874094486E-2,9.804232306E0
1.049843526E2,3.268767870E-1,7.865918434E-2,9.804236984E0
1.049943146E2,3.268774083E-1,7.849639420E-2,9.804238154E0
1.050042776E2,3.269904057E-1,7.836180774E-2,9.804235815E0
1.050142398E2,3.272553577E-1,7.818226168E-2,9.804228213E0
1.050242028E2,3.272800987E-1,7.805164950E-2,9.804228213E0
1.050341648E2,3.272850323E-1,7.794701175E-2,9.804229383E0
1.050441278E2,3.270624726E-1,7.794415209E-2,9.804236400E0
1.050540898E2,3.267033440E-1,7.786065568E-2,9.804249263E0
1.050640528E2,3.263428997E-1,7.783374935E-2,9.804261543E0
1.050740148E2,3.261034562E-1,7.788488508E-2,9.804269144E0
1.050839768E2,3.258345208E-1,7.793416615E-2,9.804277330E0
1.050939398E2,3.257632579E-1,7.795906249E-2,9.804279669E0
1.051039018E2,3.258088661E-1,7.790488439E-2,9.804278499E0
1.051138648E2,3.260367614E-1,7.778126146E-2,9.804272068E0
1.051238268E2,3.264832328E-1,7.770908489E-2,9.804258034E0
1.051337898E2,3.267377694E-1,7.758784653E-2,9.804250433E0
1.051437518E2,3.270041832E-1,7.745289462E-2,9.804242247E0
1.051537148E2,3.274402758E-1,7.737772135E-2,9.804228213E0
1.051636768E2,3.275744694E-1,7.723326772E-2,9.804225290E0
1.051736398E2,3.276985401E-1,7.723281090E-2,9.804221197E0
1.051836018E2,3.276914503E-1,7.721192538E-2,9.804221197E0
1.051935648E2,3.275083228E-1,7.719419187E-2,9.804227629E0
1.052035268E2,3.273790263E-1,7.734715138E-2,9.804230552E0
1.052134898E2,3.271432738E-1,7.750128946E-2,9.804237569E0
1.052234518E2,3.269347475E-1,7.761828859E-2,9.804243416E0
1.052334148E2,3.268778468E-1,7.767014609E-2,9.804245170E0
1.052433768E2,3.267724507E-1,7.750316240E-2,9.804249848E0
1.052533398E2,3.265100204E-1,7.736906016E-2,9.804259788E0
1.052633018E2,3.262718560E-1,7.740234361E-2,9.804267390E0
1.052732648E2,3.261391242E-1,7.732652167E-2,9.804272068E0
1.052832268E2,3.263296703E-1,7.724779439E-2,9.804266220E0
1.052931898E2,3.265878980E-1,7.710459243E-2,9.804259204E0
1.053031518E2,3.269790036E-1,7.698360074E-2,9.804246925E0
1.053131138E2,3.274576713E-1,7.691655876E-2,9.804231722E0
1.053230768E2,3.277966636E-1,7.678720739E-2,9.804221197E0
1.053330388E2,3.279508109E-1,7.681637038E-2,9.804215934E0
1.053430018E2,3.277730921E-1,7.684911478E-2,9.804221781E0
1.053529638E2,3.275799512E-1,7.689079447E-2,9.804227629E0
1.053629268E2,3.273044012E-1,7.693304060E-2,9.804236400E0
1.053728888E2,3.269632527E-1,7.690187677E-2,9.804248094E0
1.053828518E2,3.269280232E-1,7.688734096E-2,9.804249263E0
1.053928138E2,3.269778707E-1,7.685191962E-2,9.804248094E0
1.054027768E2,3.270371834E-1,7.676968401E-2,9.804246925E0
1.054127388E2,3.270194590E-1,7.671589877E-2,9.804247509E0
1.054227018E2,3.268781757E-1,7.670010215E-2,9.804252772E0
1.054326638E2,3.268077898E-1,7.673623611E-2,9.804254526E0
1.054426268E2,3.268477702E-1,7.673506667E-2,9.804253356E0
1.054525888E2,3.269174982E-1,7.672608571E-2,9.804251018E0
1.054625518E2,3.271119912E-1,7.674113316E-2,9.804244586E0
1.054725138E2,3.273426273E-1,7.665904373E-2,9.804237569E0
1.054824768E2,3.275585723E-1,7.661730466E-2,9.804230552E0
1.054924388E2,3.278053248E-1,7.655120371E-2,9.804222951E0
1.055024008E2,3.277629325E-1,7.647226173E-2,9.804224705E0
1.055123638E2,3.276919985E-1,7.646438170E-2,9.804227044E0
1.055223258E2,3.274722163E-1,7.648693916E-2,9.804234645E0
1.055322888E2,3.271517888E-1,7.654051427E-2,9.804244586E0
1.055422508E2,3.269884323E-1,7.667238269E-2,9.804249263E0
1.055522138E2,3.268460526E-1,7.677912178E-2,9.804252772E0
1.055621758E2,3.270040005E-1,7.678812101E-2,9.804247509E0
1.055721388E2,3.272337230E-1,7.678347979E-2,9.804239908E0
1.055821008E2,3.273233315E-1,7.671209808E-2,9.804237569E0
1.055920638E2,3.273225275E-1,7.681173828E-2,9.804236984E0
1.056020258E2,3.274184950E-1,7.694690033E-2,9.804232306E0
1.056119888E2,3.274543092E-1,7.694979653E-2,9.804231137E0
1.056219508E2,3.273875413E-1,7.687026526E-2,9.804234061E0
1.056319138E2,3.274462692E-1,7.694350163E-2,9.804231722E0
1.056418758E2,3.275904762E-1,7.701522139E-2,9.804226459E0
1.056518388E2,3.274858476E-1,7.699322124E-2,9.804229968E0
1.056618008E2,3.275237814E-1,7.706798337E-2,9.804228213E0
1.056717638E2,3.276040344E-1,7.712415319E-2,9.804224705E0
1.056817258E2,3.277113308E-1,7.714143902E-2,9.804221197E0
1.056916878E2,3.277129754E-1,7.726424882E-2,9.804220027E0
1.057016508E2,3.276672575E-1,7.734157825E-2,9.804221197E0
1.057116128E2,3.276559285E-1,7.742240687E-2,9.804220612E0
1.057215758E2,3.275536387E-1,7.749902367E-2,9.804223536E0
1.057315378E2,3.271939253E-1,7.742995343E-2,9.804236400E0
1.057415008E2,3.272916835E-1,7.743677823E-2,9.804232891E0
1.057514628E2,3.269720235E-1,7.735611406E-2,9.804244001E0
1.057614258E2,3.270978117E-1,7.739146231E-2,9.804239908E0
1.057713878E2,3.271078616E-1,7.748154597E-2,9.804238738E0
1.057813508E2,3.273295442E-1,7.753851978E-2,9.804231137E0
1.057913128E2,3.274174717E-1,7.757814380E-2,9.804227629E0
1.058012758E2,3.277167761E-1,7.757585973E-2,9.804217688E0
1.058112378E2,3.279443058E-1,7.759974196E-2,9.804210087E0
1.058212008E2,3.277730921E-1,7.761752115E-2,9.804215350E0
1.058311628E2,3.280965527E-1,7.765132536E-2,9.804204240E0
1.058411258E2,3.281409185E-1,7.766486532E-2,9.804202486E0
1.058510878E2,3.282900225E-1,7.760345128E-2,9.804198393E0
1.058610508E2,3.283018996E-1,7.751398888E-2,9.804198393E0
1.058710128E2,3.282763181E-1,7.749845722E-2,9.804199562E0
1.058809748E2,3.282230353E-1,7.753405214E-2,9.804201316E0
1.058909378E2,3.279334885E-1,7.753355878E-2,9.804210672E0
1.059008998E2,3.278850297E-1,7.763858940E-2,9.804211257E0
1.059108628E2,3.276932410E-1,7.766615354E-2,9.804217688E0
1.059208248E2,3.276143401E-1,7.773078354E-2,9.804220027E0
1.059307878E2,3.280255821E-1,7.785507342E-2,9.804204825E0
1.059407498E2,3.280375689E-1,7.769464044E-2,9.804205994E0
1.059507128E2,3.283528435E-1,7.763435016E-2,9.804196054E0
1.059606748E2,3.286347158E-1,7.763712759E-2,9.804186698E0
1.059706378E2,3.286514900E-1,7.749421799E-2,9.804187283E0
1.059805998E2,3.286625997E-1,7.735180174E-2,9.804187868E0
1.059905628E2,3.290309378E-1,7.734957249E-2,9.804175588E0
1.060005248E2,3.290037848E-1,7.711573868E-2,9.804177927E0
1.060104878E2,3.289187443E-1,7.697635568E-2,9.804182020E0
1.060204501E2,3.288015807E-1,7.698995959E-2,9.804186113E0
1.060304131E2,3.283386640E-1,7.706158798E-2,9.804200732E0
1.060403751E2,3.282661220E-1,7.733031322E-2,9.804201316E0
1.060503371E2,3.280568647E-1,7.751726881E-2,9.804206579E0
1.060603001E2,3.281755998E-1,7.756589206E-2,9.804202486E0
1.060702621E2,3.281662442E-1,7.751464670E-2,9.804203070E0
1.060802251E2,3.283085874E-1,7.739144403E-2,9.804199562E0
1.060901871E2,3.284088306E-1,7.734172443E-2,9.804196054E0
1.061001501E2,3.289080366E-1,7.735642469E-2,9.804179682E0
1.061101121E2,3.288327172E-1,7.706770929E-2,9.804184359E0
1.061200751E2,3.287307929E-1,7.694874586E-2,9.804188452E0
1.061300371E2,3.291451047E-1,7.713977622E-2,9.804173250E0
1.061400001E2,3.292208261E-1,7.700677034E-2,9.804171495E0
1.061499621E2,3.287601751E-1,7.673334905E-2,9.804189622E0
1.061599251E2,3.291756564E-1,7.699321210E-2,9.804173250E0
1.061698871E2,3.288212055E-1,7.704633954E-2,9.804184944E0
1.061798501E2,3.281024365E-1,7.700793064E-2,9.804209502E0
1.061898121E2,3.285155423E-1,7.712060831E-2,9.804194300E0
1.061997751E2,3.285096950E-1,7.695756236E-2,9.804196054E0
1.062097371E2,3.284967581E-1,7.683557482E-2,9.804197223E0
1.062197001E2,3.287995342E-1,7.690311930E-2,9.804186698E0
1.062296621E2,3.286513438E-1,7.687734587E-2,9.804191961E0
1.062396251E2,3.287095967E-1,7.693865027E-2,9.804189622E0
1.062495871E2,3.290514761E-1,7.693377150E-2,9.804177927E0
1.062595491E2,3.291565067E-1,7.682499502E-2,9.804175588E0
1.062695121E2,3.291670317E-1,7.680048239E-2,9.804175004E0
1.062794741E2,3.291063303E-1,7.676241154E-2,9.804177343E0
1.062894371E2,3.289713693E-1,7.684877674E-2,9.804181436E0
1.062993991E2,3.287987302E-1,7.696018447E-2,9.804186113E0
1.063093621E2,3.288211324E-1,7.702441248E-2,9.804184944E0
1.063193241E2,3.287516601E-1,7.688095470E-2,9.804188452E0
1.063292871E2,3.286122771E-1,7.690617995E-2,9.804193130E0
1.063392491E2,3.291781414E-1,7.701973471E-2,9.804173250E0
1.063492121E2,3.286875600E-1,7.670432311E-2,9.804191961E0
1.063591741E2,3.289220699E-1,7.691460360E-2,9.804182605E0
1.063691371E2,3.291855966E-1,7.709743872E-2,9.804172080E0
1.063790991E2,3.283316839E-1,7.679486359E-2,9.804203070E0
1.063890621E2,3.292636570E-1,7.704351643E-2,9.804169741E0
1.063990241E2,3.290572868E-1,7.667157870E-2,9.804179682E0
1.064089871E2,3.294091795E-1,7.662026024E-2,9.804168572E0
1.064189491E2,3.295611706E-1,7.662381425E-2,9.804163309E0
1.064289121E2,3.292645706E-1,7.642388973E-2,9.804175004E0
1.064388741E2,3.296198255E-1,7.653542537E-2,9.804162140E0
1.064488361E2,3.295674564E-1,7.650493305E-2,9.804163894E0
1.064587991E2,3.294389638E-1,7.638617062E-2,9.804169157E0
1.064687611E2,3.295338349E-1,7.635061681E-2,9.804166233E0
1.064787241E2,3.294683095E-1,7.628263836E-2,9.804169157E0
1.064886861E2,3.295300342E-1,7.631682173E-2,9.804166818E0
1.064986491E2,3.292182314E-1,7.639354359E-2,9.804176758E0
1.065086111E2,3.289647911E-1,7.649550898E-2,9.804184359E0
1.065185741E2,3.289551067E-1,7.650311950E-2,9.804184359E0
1.065285361E2,3.291284401E-1,7.658828785E-2,9.804177927E0
1.065384991E2,3.294086314E-1,7.657336375E-2,9.804168572E0
1.065484611E2,3.294898711E-1,7.643161445E-2,9.804167402E0
1.065584241E2,3.298507174E-1,7.624803015E-2,9.804156293E0
1.065683861E2,3.300666989E-1,7.610845985E-2,9.804150445E0
1.065783491E2,3.303653089E-1,7.614937666E-2,9.804139920E0
1.065883111E2,3.300465626E-1,7.610212842E-2,9.804151030E0
1.065982741E2,3.299075085E-1,7.616619654E-2,9.804155123E0
1.066082361E2,3.299467579E-1,7.632841566E-2,9.804152784E0
1.066181991E2,3.296365631E-1,7.630858081E-2,9.804163309E0
1.066281611E2,3.295298149E-1,7.637272202E-2,9.804166233E0
1.066381231E2,3.296053902E-1,7.637596540E-2,9.804163894E0
1.066480861E2,3.292641320E-1,7.632688534E-2,9.804175588E0
1.066580481E2,3.293672623E-1,7.647508484E-2,9.804170911E0
1.066680111E2,3.295214826E-1,7.643341430E-2,9.804166233E0
1.066779731E2,3.294239803E-1,7.635470529E-2,9.804169741E0
1.066879361E2,3.299786983E-1,7.644740193E-2,9.804150445E0
1.066978981E2,3.300743003E-1,7.634305654E-2,9.804148107E0
1.067078611E2,3.300443333E-1,7.632235374E-2,9.804149276E0
1.067178231E2,3.301127092E-1,7.648861567E-2,9.804145768E0
1.067277861E2,3.298719501E-1,7.649956549E-2,9.804153954E0
1.067377481E2,3.299374024E-1,7.660185065E-2,9.804151030E0
1.067477111E2,3.300858851E-1,7.663414281E-2,9.804145768E0
1.067576731E2,3.299455885E-1,7.665008104E-2,9.804150445E0
1.067676361E2,3.298616078E-1,7.672856164E-2,9.804152200E0
1.067775981E2,3.295551407E-1,7.693238279E-2,9.804160970E0
1.067875611E2,3.295191803E-1,7.712331265E-2,9.804160970E0
1.067975231E2,3.295511207E-1,7.718978819E-2,9.804159216E0
1.068074851E2,3.291990087E-1,7.661639103E-2,9.804175588E0
1.068174481E2,3.288320228E-1,7.178059751E-2,9.804224705E0
1.068274101E2,3.345630616E-1,6.390989806E-2,9.804084957E0
1.068373731E2,3.442545292E-1,6.058078583E-2,9.803770376E0
1.068473351E2,3.442121369E-1,6.257816272E-2,9.803759851E0
1.068572981E2,3.351541786E-1,6.805279196E-2,9.804037009E0
1.068672601E2,3.283834317E-1,7.491518475E-2,9.804215934E0
1.068772231E2,3.262439355E-1,7.887681040E-2,9.804256280E0
1.068871851E2,3.269874455E-1,7.822282674E-2,9.804236984E0
1.068971481E2,3.300467088E-1,7.535521514E-2,9.804156877E0
1.069071101E2,3.333901101E-1,7.318480178E-2,9.804060398E0
1.069170731E2,3.339287483E-1,7.270350741E-2,9.804045196E0
1.069270351E2,3.320377222E-1,7.397148983E-2,9.804100159E0
1.069369981E2,3.300724731E-1,7.590172880E-2,9.804151615E0
1.069469601E2,3.290023230E-1,7.678208194E-2,9.804180851E0
1.069569231E2,3.294431665E-1,7.632939781E-2,9.804169741E0
1.069668851E2,3.307754180E-1,7.529919150E-2,9.804132904E0
1.069768471E2,3.314005585E-1,7.418597301E-2,9.804120040E0
1.069868101E2,3.300444795E-1,7.215553194E-2,9.804180851E0
1.069967721E2,3.302447832E-1,6.991211518E-2,9.804190207E0
1.070067351E2,3.324958881E-1,6.901539898E-2,9.804120625E0
1.070166968E2,3.321419123E-1,6.922823763E-2,9.804131150E0
1.070266598E2,3.289177576E-1,7.132456950E-2,9.804224705E0
1.070366218E2,3.252374470E-1,7.554118400E-2,9.804315922E0
1.070465848E2,3.202927125E-1,8.092697212E-2,9.804435790E0
1.070565468E2,3.128645194E-1,8.712017848E-2,9.804622900E0
1.070665098E2,2.984537823E-1,9.542126955E-2,9.804994783E0
1.070764718E2,2.757164823E-1,1.075506697E-1,9.805535066E0
1.070864348E2,2.440184704E-1,1.239340016E-1,9.806181768E0
1.070963968E2,2.053992738E-1,1.445150769E-1,9.806784616E0
1.071063598E2,1.654575832E-1,1.664723675E-1,9.807191582E0
1.071163218E2,1.313824589E-1,1.848180614E-1,9.807378693E0
1.071262848E2,1.133037909E-1,1.953773106E-1,9.807399743E0
1.071362468E2,1.144749334E-1,1.957629162E-1,9.807378693E0
1.071462098E2,1.316181657E-1,1.865133703E-1,9.807343610E0
1.071561718E2,1.599361123E-1,1.703553024E-1,9.807216725E0
1.071661338E2,1.953720847E-1,1.510425064E-1,9.806891035E0
1.071760968E2,2.350008579E-1,1.308280241E-1,9.806312161E0
1.071860588E2,2.743881045E-1,1.106911545E-1,9.805537405E0
1.071960218E2,3.117876450E-1,9.183128013E-2,9.804614130E0
1.072059838E2,3.380051713E-1,7.553795433E-2,9.803884397E0
1.072159468E2,3.414394968E-1,6.918230501E-2,9.803811892E0
1.072259088E2,3.315297819E-1,7.517852416E-2,9.804108346E0
1.072358718E2,3.182263065E-1,8.582949699E-2,9.804461517E0
1.072458338E2,3.082580829E-1,9.274795909E-2,9.804717041E0
1.072557968E2,3.020678550E-1,9.442725202E-2,9.804893627E0
1.072657588E2,3.020388199E-1,9.350506389E-2,9.804903567E0
1.072757218E2,3.085508822E-1,9.028402464E-2,9.804730489E0
1.072856838E2,3.181862531E-1,8.449201036E-2,9.804474381E0
1.072956468E2,3.242193737E-1,7.913750486E-2,9.804321184E0
1.073056088E2,3.248599361E-1,7.805581564E-2,9.804308905E0
1.073155718E2,3.222047886E-1,8.126790133E-2,9.804370301E0
1.073255338E2,3.181284022E-1,8.554571517E-2,9.804467365E0
1.073354958E2,3.147731237E-1,8.874939549E-2,9.804546887E0
1.073454588E2,3.138641009E-1,9.046620196E-2,9.804560335E0
1.073554208E2,3.145822121E-1,8.997597688E-2,9.804542209E0
1.073653838E2,3.166380566E-1,8.709589426E-2,9.804501863E0
1.073753458E2,3.199935178E-1,8.285188464E-2,9.804429358E0
1.073853088E2,3.240066081E-1,7.779069009E-2,9.804339311E0
1.073952708E2,3.278107335E-1,7.146733293E-2,9.804260958E0
1.074052338E2,3.307523215E-1,6.479010501E-2,9.804208333E0
1.074151958E2,3.328940470E-1,5.990444114E-2,9.804167402E0
1.074251588E2,3.334369244E-1,5.783737274E-2,9.804160970E0
1.074351208E2,3.320205460E-1,5.861550010E-2,9.804204825E0
1.074450838E2,3.297859960E-1,6.262665806E-2,9.804255111E0
1.074550458E2,3.266088018E-1,6.827751691E-2,9.804323523E0
1.074650088E2,3.228227296E-1,7.322373601E-2,9.804413570E0
1.074749708E2,3.203080249E-1,7.727938763E-2,9.804465026E0
1.074849338E2,3.187824133E-1,8.061411867E-2,9.804487830E0
1.074948958E2,3.176089867E-1,8.349954600E-2,9.804501863E0
1.075048578E2,3.164044968E-1,8.588456132E-2,9.804519989E0
1.075148208E2,3.154694905E-1,8.854932021E-2,9.804526421E0
1.075247828E2,3.139813376E-1,9.147432589E-2,9.804547471E0
1.075347458E2,3.120796769E-1,9.484467926E-2,9.804576123E0
1.075447078E2,3.102304218E-1,9.830422095E-2,9.804600681E0
1.075546708E2,3.086728332E-1,1.012921481E-1,9.804619392E0
1.075646328E2,3.075210048E-1,1.031778295E-1,9.804635764E0
1.075745958E2,3.073546150E-1,1.041747615E-1,9.804630502E0
1.075845578E2,3.075385830E-1,1.046390853E-1,9.804619977E0
1.075945208E2,3.073453325E-1,1.048782912E-1,9.804623485E0
1.076044828E2,3.068301928E-1,1.051558603E-1,9.804636349E0
1.076144458E2,3.058561746E-1,1.057992459E-1,9.804660323E0
1.076244078E2,3.048664786E-1,1.056462407E-1,9.804692482E0
1.076343708E2,3.051696932E-1,1.037177285E-1,9.804703592E0
1.076443328E2,3.078678178E-1,1.002275986E-1,9.804655645E0
1.076542958E2,3.116180392E-1,9.548898761E-2,9.804584309E0
1.076642578E2,3.138796326E-1,9.032675500E-2,9.804561505E0
1.076742198E2,3.141160428E-1,8.613164272E-2,9.804591326E0
1.076841828E2,3.128285590E-1,8.320752326E-2,9.804657984E0
1.076941448E2,3.105091147E-1,8.183154551E-2,9.804743353E0
1.077041078E2,3.082181391E-1,8.175611643E-2,9.804815859E0
1.077140698E2,3.064665508E-1,8.191125951E-2,9.804869653E0
1.077240328E2,3.062588285E-1,8.169277464E-2,9.804877839E0
1.077339948E2,3.079071403E-1,8.133008282E-2,9.804829307E0
1.077439578E2,3.091781057E-1,8.045594235E-2,9.804796563E0
1.077539198E2,3.104067154E-1,7.940298672E-2,9.804766157E0
1.077638828E2,3.120333742E-1,7.975903647E-2,9.804711778E0
1.077738448E2,3.121252852E-1,8.073288110E-2,9.804700668E0
1.077838078E2,3.116049561E-1,8.218718413E-2,9.804705346E0
1.077937698E2,3.108291767E-1,8.418163285E-2,9.804712948E0
1.078037328E2,3.100828527E-1,8.637762778E-2,9.804717625E0
1.078136948E2,3.090048820E-1,8.867444149E-2,9.804731074E0
1.078236578E2,3.070266593E-1,9.053946574E-2,9.804776098E0
1.078336198E2,3.053808508E-1,9.222604942E-2,9.804811766E0
1.078435818E2,3.039672682E-1,9.351822926E-2,9.804843341E0
1.078535448E2,3.024571699E-1,9.421582949E-2,9.804883686E0
1.078635068E2,3.012583262E-1,9.413249753E-2,9.804921108E0
1.078734698E2,3.008836293E-1,9.351820185E-2,9.804938650E0
1.078834318E2,3.010837686E-1,9.247401704E-2,9.804942743E0
1.078933948E2,3.011959620E-1,9.100568983E-2,9.804952683E0
1.079033568E2,3.014010166E-1,8.971243191E-2,9.804958531E0
1.079133198E2,3.020450691E-1,8.816018801E-2,9.804952683E0
1.079232818E2,3.033142438E-1,8.646228449E-2,9.804928710E0
1.079332448E2,3.045902524E-1,8.464005455E-2,9.804904736E0
1.079432068E2,3.058991882E-1,8.281579636E-2,9.804879593E0
1.079531698E2,3.078907681E-1,8.171418093E-2,9.804826384E0
1.079631318E2,3.081197963E-1,8.086500990E-2,9.804826384E0
1.079730948E2,3.081375206E-1,8.026648343E-2,9.804831061E0
1.079830568E2,3.080211245E-1,8.001428571E-2,9.804836324E0
1.079930188E2,3.074775527E-1,7.982919392E-2,9.804855035E0
1.080029818E2,3.071112612E-1,7.983258348E-2,9.804866729E0
1.080129438E2,3.059527999E-1,7.963209707E-2,9.804904736E0
1.080229060E2,3.052981675E-1,7.918681333E-2,9.804928710E0
1.080328680E2,3.054825010E-1,7.831200591E-2,9.804929879E0
1.080428310E2,3.059600541E-1,7.711002851E-2,9.804924617E0
1.080527930E2,3.067006770E-1,7.600269377E-2,9.804909999E0
1.080627560E2,3.072771759E-1,7.500797732E-2,9.804899474E0
1.080727180E2,3.076641154E-1,7.420547438E-2,9.804893627E0
1.080826810E2,3.081773913E-1,7.357916906E-2,9.804881932E0
1.080926430E2,3.084993536E-1,7.305132994E-2,9.804876085E0
1.081026060E2,3.081522848E-1,7.282848707E-2,9.804888364E0
1.081125680E2,3.075339418E-1,7.305307040E-2,9.804906490E0
1.081225310E2,3.068019069E-1,7.332226160E-2,9.804926956E0
1.081324930E2,3.065724403E-1,7.290697224E-2,9.804937481E0
1.081424560E2,3.070843275E-1,7.195612818E-2,9.804928710E0
1.081524180E2,3.081455971E-1,7.085924991E-2,9.804902982E0
1.081623800E2,3.088913364E-1,6.987128517E-2,9.804886610E0
1.081723430E2,3.090787396E-1,6.919822496E-2,9.804885440E0
1.081823050E2,3.093850972E-1,6.875438932E-2,9.804879009E0
1.081922680E2,3.098139174E-1,6.877920801E-2,9.804865560E0
1.082022300E2,3.099946329E-1,6.942565424E-2,9.804855035E0
1.082121930E2,3.095026262E-1,7.048297701E-2,9.804863221E0
1.082221550E2,3.082828970E-1,7.175939221E-2,9.804892457E0
1.082321180E2,3.071052678E-1,7.341625102E-2,9.804917015E0
1.082420800E2,3.061419207E-1,7.499623721E-2,9.804935142E0
1.082520430E2,3.053163670E-1,7.627106270E-2,9.804950929E0
1.082620050E2,3.047297268E-1,7.736279268E-2,9.804960870E0
1.082719680E2,3.044905026E-1,7.809939567E-2,9.804962039E0
1.082819300E2,3.047211022E-1,7.777514929E-2,9.804957946E0
1.082918930E2,3.060499002E-1,7.622227956E-2,9.804928710E0
1.083018550E2,3.086331087E-1,7.332707641E-2,9.804869653E0
1.083118170E2,3.118061003E-1,6.956008082E-2,9.804796563E0
1.083217800E2,3.152545688E-1,6.542860726E-2,9.804714702E0
1.083317420E2,3.186553094E-1,6.100460390E-2,9.804633425E0
1.083417050E2,3.218244638E-1,5.647020236E-2,9.804556827E0
1.083516670E2,3.248591321E-1,5.200047194E-2,9.804481983E0
1.083616300E2,3.277352679E-1,4.871034420E-2,9.804403045E0
1.083715920E2,3.295559447E-1,4.865565446E-2,9.804342234E0
1.083815550E2,3.290184759E-1,5.218082200E-2,9.804342234E0
1.083915170E2,3.263850727E-1,5.746660902E-2,9.804400706E0
1.084014800E2,3.234092054E-1,6.315413173E-2,9.804464441E0
1.084114420E2,3.215415682E-1,6.832272776E-2,9.804490753E0
1.084214050E2,3.201386749E-1,7.212156784E-2,9.804509465E0
1.084313670E2,3.192023895E-1,7.453917224E-2,9.804522328E0
1.084413300E2,3.192417851E-1,7.555184604E-2,9.804512973E0
1.084512920E2,3.198129485E-1,7.489479715E-2,9.804499524E0
1.084612550E2,3.217207122E-1,7.226333541E-2,9.804456840E0
1.084712170E2,3.249915716E-1,6.816595843E-2,9.804378487E0
1.084811790E2,3.282555239E-1,6.343347332E-2,9.804301304E0
1.084911420E2,3.311752945E-1,5.910689006E-2,9.804229968E0
1.085011040E2,3.323038436E-1,5.584271390E-2,9.804211257E0
1.085110670E2,3.320899817E-1,5.351932276E-2,9.804231137E0
1.085210290E2,3.322045872E-1,5.229189169E-2,9.804234061E0
1.085309920E2,3.322105075E-1,5.183311824E-2,9.804236400E0
1.085409540E2,3.315209380E-1,5.179560013E-2,9.804259788E0
1.085509170E2,3.308630532E-1,5.201419920E-2,9.804280838E0
1.085608790E2,3.305708020E-1,5.233191314E-2,9.804289024E0
1.085708420E2,3.301849589E-1,5.209352947E-2,9.804303058E0
1.085808040E2,3.302033776E-1,5.170711531E-2,9.804304812E0
1.085907670E2,3.307059458E-1,5.115653600E-2,9.804290779E0
1.086007290E2,3.314237281E-1,5.067150033E-2,9.804269144E0
1.086106920E2,3.316661682E-1,5.024158380E-2,9.804263297E0
1.086206540E2,3.318723557E-1,4.997910777E-2,9.804257450E0
1.086306170E2,3.319246517E-1,5.009508363E-2,9.804255111E0
1.086405790E2,3.313057605E-1,5.058370530E-2,9.804273237E0
1.086505410E2,3.298136607E-1,5.116249742E-2,9.804320599E0
1.086605040E2,3.279295051E-1,5.203829612E-2,9.804379072E0
1.086704660E2,3.256991578E-1,5.271668734E-2,9.804449823E0
1.086804290E2,3.244266209E-1,5.323985326E-2,9.804489584E0
1.086903910E2,3.243969828E-1,5.352753170E-2,9.804488999E0
1.087003540E2,3.246341971E-1,5.314498218E-2,9.804483152E0
1.087103160E2,3.256040674E-1,5.218923651E-2,9.804456255E0
1.087202790E2,3.269739969E-1,5.087847806E-2,9.804417078E0
1.087302410E2,3.281223901E-1,4.909441490E-2,9.804387842E0
1.087402040E2,3.292054772E-1,4.654267172E-2,9.804364454E0
1.087501660E2,3.305118182E-1,4.350788457E-2,9.804334048E0
1.087601290E2,3.319994961E-1,4.079503232E-2,9.804295456E0
1.087700910E2,3.332576707E-1,3.855502339E-2,9.804262127E0
1.087800540E2,3.341360321E-1,3.697027263E-2,9.804238154E0
1.087900160E2,3.347571892E-1,3.601632909E-2,9.804220612E0
1.087999780E2,3.350276229E-1,3.558004001E-2,9.804213011E0
1.088099410E2,3.351461021E-1,3.503463183E-2,9.804210672E0
1.088199030E2,3.354454430E-1,3.414995039E-2,9.804203655E0
1.088298660E2,3.359703037E-1,3.300042434E-2,9.804189622E0
1.088398280E2,3.363569143E-1,3.149482569E-2,9.804181436E0
1.088497910E2,3.368801304E-1,2.959789986E-2,9.804169157E0
1.088597530E2,3.368229739E-1,2.709674879E-2,9.804178512E0
1.088697160E2,3.369786195E-1,2.440177852E-2,9.804180266E0
1.088796780E2,3.380382446E-1,2.198556511E-2,9.804149276E0
1.088896410E2,3.391618967E-1,2.030425307E-2,9.804114193E0
1.088996030E2,3.392166778E-1,2.044566661E-2,9.804111854E0
1.089095660E2,3.382273289E-1,2.307828866E-2,9.804140505E0
1.089195280E2,3.361537601E-1,2.732429228E-2,9.804200732E0
1.089294910E2,3.338979043E-1,3.109565272E-2,9.804266805E0
1.089394530E2,3.330277655E-1,3.324893785E-2,9.804289024E0
1.089494150E2,3.340276028E-1,3.346828838E-2,9.804254526E0
1.089593780E2,3.356385107E-1,3.212869585E-2,9.804203655E0
1.089693400E2,3.374434366E-1,3.026720733E-2,9.804148107E0
1.089793030E2,3.389308221E-1,2.874168933E-2,9.804101329E0
1.089892650E2,3.398156520E-1,2.765298802E-2,9.804073847E0
1.089992280E2,3.402109603E-1,2.697761634E-2,9.804061568E0
1.090091900E2,3.404130547E-1,2.665565631E-2,9.804055721E0
1.090191538E2,3.400999728E-1,2.640513510E-2,9.804067415E0
1.090291158E2,3.397385053E-1,2.638226472E-2,9.804079694E0
1.090390788E2,3.397644157E-1,2.711023393E-2,9.804076771E0
1.090490408E2,3.393716656E-1,2.858586560E-2,9.804086126E0
1.090590038E2,3.380334572E-1,3.046762979E-2,9.804127057E0
1.090689658E2,3.364837258E-1,3.236702470E-2,9.804174419E0
1.090789288E2,3.352669933E-1,3.364519407E-2,9.804211257E0
1.090888908E2,3.351505971E-1,3.407936125E-2,9.804214180E0
1.090988538E2,3.360081644E-1,3.380415154E-2,9.804185529E0
1.091088158E2,3.375315833E-1,3.278674515E-2,9.804136997E0
1.091187778E2,3.393430873E-1,3.099632772E-2,9.804080279E0
1.091287408E2,3.413317619E-1,2.901779668E-2,9.804017129E0
1.091387028E2,3.431507210E-1,2.760855832E-2,9.803957487E0
1.091486658E2,3.441640435E-1,2.685175731E-2,9.803924158E0
1.091586278E2,3.440768469E-1,2.666267754E-2,9.803927667E0
1.091685908E2,3.434827698E-1,2.722093817E-2,9.803946962E0
1.091785528E2,3.425359960E-1,2.780556152E-2,9.803978537E0
1.091885158E2,3.419032541E-1,2.769945968E-2,9.804000757E0
1.091984778E2,3.423023997E-1,2.722089021E-2,9.803988478E0
1.092084408E2,3.433516094E-1,2.667360452E-2,9.803953394E0
1.092184028E2,3.434111414E-1,2.559175543E-2,9.803953979E0
1.092283658E2,3.431320465E-1,2.325749669E-2,9.803969766E0
1.092383278E2,3.443237456E-1,2.044470730E-2,9.803934098E0
1.092482908E2,3.463304004E-1,1.780029831E-2,9.803868610E0
1.092582528E2,3.473921086E-1,1.591459182E-2,9.803834111E0
1.092682148E2,3.473391547E-1,1.523129442E-2,9.803837035E0
1.092781778E2,3.472902574E-1,1.572431406E-2,9.803838204E0
1.092881398E2,3.472343799E-1,1.676735798E-2,9.803838204E0
1.092981028E2,3.470883822E-1,1.759122267E-2,9.803842297E0
1.093080648E2,3.472373401E-1,1.790196678E-2,9.803836450E0
1.093180278E2,3.478609091E-1,1.793671317E-2,9.803814231E0
1.093279898E2,3.480704952E-1,1.720386176E-2,9.803807799E0
1.093379528E2,3.479225606E-1,1.546735977E-2,9.803815985E0
1.093479148E2,3.484585311E-1,1.408911736E-2,9.803799028E0
1.093578778E2,3.489177202E-1,1.436602756E-2,9.803782656E0
1.093678398E2,3.481482997E-1,1.612964145E-2,9.803807214E0
1.093778028E2,3.462309977E-1,1.784899123E-2,9.803872118E0
1.093877648E2,3.447913767E-1,1.849900518E-2,9.803921235E0
1.093977278E2,3.441056079E-1,1.829340703E-2,9.803945793E0
1.094076898E2,3.434237129E-1,1.887691575E-2,9.803968597E0
1.094176518E2,3.424621018E-1,2.030180455E-2,9.803999587E0
1.094276148E2,3.417694991E-1,2.067354128E-2,9.804022976E0
1.094375768E2,3.429422678E-1,1.967000148E-2,9.803983800E0
1.094475398E2,3.458821747E-1,1.931471917E-2,9.803881474E0
1.094575018E2,3.473053139E-1,1.974126442E-2,9.803830603E0
1.094674648E2,3.463886898E-1,1.928702484E-2,9.803863932E0
1.094774268E2,3.470014415E-1,1.777018629E-2,9.803844636E0
1.094873898E2,3.497947660E-1,1.536026436E-2,9.803749911E0
1.094973518E2,3.520220801E-1,1.304040781E-2,9.803673313E0
1.095073148E2,3.531201506E-1,1.296804167E-2,9.803634136E0
1.095172768E2,3.524789669E-1,1.494617185E-2,9.803654017E0
1.095272398E2,3.500658210E-1,1.591666119E-2,9.803739386E0
1.095372018E2,3.494889566E-1,1.510978768E-2,9.803761021E0
1.095471648E2,3.517514271E-1,1.339620289E-2,9.803682668E0
1.095571268E2,3.537693743E-1,1.185107844E-2,9.803611917E0
1.095670888E2,3.534664520E-1,1.182817380E-2,9.803623027E0
1.095770518E2,3.511118879E-1,1.339290013E-2,9.803705472E0
1.095870138E2,3.485564354E-1,1.534152700E-2,9.803793765E0
1.095969768E2,3.470087139E-1,1.699980650E-2,9.803845806E0
1.096069388E2,3.465794552E-1,1.767419831E-2,9.803859839E0
1.096169018E2,3.467568086E-1,1.700584557E-2,9.803855161E0
1.096268638E2,3.474935943E-1,1.542618144E-2,9.803831187E0
1.096368268E2,3.484561191E-1,1.333345039E-2,9.803800197E0
1.096467888E2,3.499698901E-1,1.116827097E-2,9.803749326E0
1.096567518E2,3.513018128E-1,9.130435236E-3,9.803703718E0
1.096667138E2,3.520148442E-1,7.592944712E-3,9.803679160E0
1.096766768E2,3.526607422E-1,8.221913254E-3,9.803655771E0
1.096866388E2,3.513261152E-1,1.127769956E-2,9.803700210E0
1.096966018E2,3.476711669E-1,1.495481134E-2,9.803825925E0
1.097065638E2,3.437040869E-1,1.768231247E-2,9.803960996E0
1.097165258E2,3.415824247E-1,1.907818674E-2,9.804032916E0
1.097264888E2,3.408581740E-1,1.964257895E-2,9.804056890E0
1.097364508E2,3.407041364E-1,1.986276316E-2,9.804061568E0
1.097464138E2,3.407752531E-1,1.972804880E-2,9.804059229E0
1.097563758E2,3.407433858E-1,1.920506104E-2,9.804061568E0
1.097663388E2,3.407186813E-1,1.850907107E-2,9.804063907E0
1.097763008E2,3.397804956E-1,1.786847205E-2,9.804097821E0
1.097862638E2,3.382940237E-1,1.803234027E-2,9.804148691E0
1.097962258E2,3.363587415E-1,1.924706963E-2,9.804213011E0
1.098061888E2,3.343065516E-1,2.099504450E-2,9.804279669E0
1.098161508E2,3.322574314E-1,2.228619194E-2,9.804346327E0
1.098261138E2,3.312918368E-1,2.267452929E-2,9.804377902E0
1.098360758E2,3.317805544E-1,2.102672453E-2,9.804365038E0
1.098460388E2,3.345934671E-1,1.815469440E-2,9.804275576E0
1.098560008E2,3.383814396E-1,1.598043581E-2,9.804149276E0
1.098659628E2,3.409321047E-1,1.490616182E-2,9.804062737E0
1.098759258E2,3.415249027E-1,1.513014330E-2,9.804041687E0
1.098858878E2,3.402158573E-1,1.635643919E-2,9.804084957E0
1.098958508E2,3.384076790E-1,1.833395267E-2,9.804144014E0
1.099058128E2,3.368718347E-1,2.008148786E-2,9.804193715E0
1.099157758E2,3.358733495E-1,2.093379720E-2,9.804226459E0
1.099257378E2,3.362268137E-1,2.122802635E-2,9.804213595E0
1.099357008E2,3.367795218E-1,2.211839969E-2,9.804192545E0
1.099456628E2,3.356755675E-1,2.366452000E-2,9.804226459E0
1.099556258E2,3.335953839E-1,2.577527349E-2,9.804292533E0
1.099655878E2,3.319964994E-1,2.777621124E-2,9.804341065E0
1.099755508E2,3.314731736E-1,2.880360357E-2,9.804355683E0
1.099855128E2,3.325888589E-1,2.856627743E-2,9.804318845E0
1.099954758E2,3.342192453E-1,2.734697993E-2,9.804266805E0
1.100054378E2,3.357660166E-1,2.578977961E-2,9.804218273E0
1.100153998E2,3.358146216E-1,2.303544411E-2,9.804223536E0
1.100253621E2,3.375933446E-1,1.857358345E-2,9.804172080E0
1.100353241E2,3.418791709E-1,1.599768624E-2,9.804027654E0
1.100452871E2,3.411246974E-1,1.522247107E-2,9.804055136E0
1.100552491E2,3.355014666E-1,1.430457127E-2,9.804251018E0
1.100652121E2,3.323606713E-1,1.241102357E-2,9.804360361E0
1.100751741E2,3.331728861E-1,8.973785816E-3,9.804336387E0
1.100851371E2,3.352294249E-1,4.235712455E-3,9.804269729E0
1.100950991E2,3.367288337E-1,-7.426397852E-4,9.804218858E0
1.101050621E2,3.369073200E-1,-3.641559970E-3,9.804212426E0
1.101150241E2,3.350652278E-1,-3.720214443E-3,9.804275576E0
1.101249871E2,3.321943180E-1,-1.959282194E-3,9.804373809E0
1.101349491E2,3.295547021E-1,3.728294121E-4,9.804462687E0
1.101449121E2,3.281350347E-1,2.454063561E-3,9.804510049E0
1.101548741E2,3.279762828E-1,4.149029767E-3,9.804514727E0
1.101648361E2,3.268827804E-1,6.085223025E-3,9.804550395E0
1.101747991E2,3.244874685E-1,9.136219639E-3,9.804627578E0
1.101847611E2,3.209775677E-1,1.315923192E-2,9.804738675E0
1.101947241E2,3.160236969E-1,1.756638114E-2,9.804892457E0
1.102046861E2,3.094507322E-1,2.219187590E-2,9.805093017E0
1.102146491E2,3.014237476E-1,2.691915332E-2,9.805330998E0
1.102246111E2,2.935130130E-1,3.157815994E-2,9.805557286E0
1.102345741E2,2.874613275E-1,3.607447006E-2,9.805721008E0
1.102445361E2,2.835729109E-1,3.927731898E-2,9.805822164E0
1.102544991E2,2.819128681E-1,4.075479617E-2,9.805863680E0
1.102644611E2,2.831036535E-1,4.018258673E-2,9.805832105E0
1.102744241E2,2.878155226E-1,3.771269543E-2,9.805704635E0
1.102843861E2,2.963616486E-1,3.346705042E-2,9.805465484E0
1.102943491E2,3.082045443E-1,2.735805309E-2,9.805119329E0
1.103043111E2,3.231516721E-1,1.929511730E-2,9.804656814E0
1.103142731E2,3.347343850E-1,1.039893157E-2,9.804282008E0
1.103242361E2,3.383974829E-1,5.406938015E-3,9.804160386E0
1.103341981E2,3.367624552E-1,6.321535048E-3,9.804215934E0
1.103441611E2,3.334007082E-1,1.051264849E-2,9.804327031E0
1.103541231E2,3.309666220E-1,1.389624261E-2,9.804405384E0
1.103640861E2,3.303055942E-1,1.483716354E-2,9.804426434E0
1.103740481E2,3.307582053E-1,1.351741499E-2,9.804412985E0
1.103840111E2,3.317726607E-1,1.135534876E-2,9.804381410E0
1.103939731E2,3.331868828E-1,9.456941131E-3,9.804335802E0
1.104039361E2,3.340422574E-1,7.188122101E-3,9.804308320E0
1.104138981E2,3.341344972E-1,4.155746356E-3,9.804307151E0
1.104238611E2,3.343942232E-1,1.557552926E-3,9.804298965E0
1.104338231E2,3.352188634E-1,5.473070581E-4,9.804270898E0
1.104437861E2,3.350430084E-1,6.725938247E-4,9.804276745E0
1.104537481E2,3.336712150E-1,5.387642489E-4,9.804323523E0
1.104637101E2,3.333036079E-1,-2.533100258E-4,9.804336387E0
1.104736731E2,3.350502443E-1,-1.130820387E-3,9.804276745E0
1.104836351E2,3.369642938E-1,-1.753163417E-3,9.804210672E0
1.104935981E2,3.371499063E-1,-1.701997568E-3,9.804204825E0
1.105035601E2,3.366807038E-1,-5.519669863E-4,9.804220612E0
1.105135231E2,3.363839211E-1,1.040132584E-3,9.804231137E0
1.105234851E2,3.368002794E-1,2.151269439E-3,9.804216519E0
1.105334481E2,3.380670056E-1,2.917267252E-3,9.804172665E0
1.105434101E2,3.387706814E-1,3.575711700E-3,9.804148107E0
1.105533731E2,3.381755445E-1,4.635009618E-3,9.804168572E0
1.105633351E2,3.372003751E-1,6.545148221E-3,9.804200732E0
1.105732981E2,3.365131811E-1,6.967012268E-3,9.804224120E0
1.105832601E2,3.382959972E-1,4.788083329E-3,9.804163894E0
1.105932221E2,3.421534419E-1,-7.490893882E-5,9.804031162E0
1.106031851E2,3.462563600E-1,-8.202574616E-3,9.803883812E0
1.106131471E2,3.487063068E-1,-2.013189269E-2,9.803779732E0
1.106231101E2,3.470517275E-1,-3.820525254E-2,9.803784994E0
1.106330721E2,3.443212240E-1,-6.329043124E-2,9.803751081E0
1.106430351E2,3.448194798E-1,-9.455875956E-2,9.803482109E0
1.106529971E2,3.500487179E-1,-1.306007227E-1,9.802882769E0
1.106629601E2,3.590051539E-1,-1.669299670E-1,9.802007441E0
1.106729221E2,3.619173231E-1,-2.011331818E-1,9.801258413E0
1.106828851E2,3.566982081E-1,-2.305098856E-1,9.800802330E0
1.106928471E2,3.517303771E-1,-2.534126984E-1,9.800416998E0
1.107028101E2,3.498836802E-1,-2.698261982E-1,9.800044531E0
1.107127721E2,3.471519707E-1,-2.799807105E-1,9.799856835E0
1.107227341E2,3.431462991E-1,-2.839461094E-1,9.799883732E0
1.107326971E2,3.401617340E-1,-2.823335021E-1,9.800034590E0
1.107426591E2,3.386539929E-1,-2.762271817E-1,9.800260878E0
1.107526221E2,3.373169174E-1,-2.669137549E-1,9.800564933E0
1.107625841E2,3.361386669E-1,-2.551609976E-1,9.800918689E0
1.107725471E2,3.347998738E-1,-2.411691770E-1,9.801318639E0
1.107825091E2,3.326058889E-1,-2.253873227E-1,9.801768875E0
1.107924721E2,3.295650809E-1,-2.084846302E-1,9.802245423E0
1.108024341E2,3.258561555E-1,-1.909391643E-1,9.802727233E0
1.108123971E2,3.222142538E-1,-1.733200235E-1,9.803175130E0
1.108223591E2,3.187051935E-1,-1.562554728E-1,9.803576249E0
1.108323221E2,3.156426777E-1,-1.403563270E-1,9.803915972E0
1.108422841E2,3.142617481E-1,-1.259244486E-1,9.804156293E0
1.108522471E2,3.157545057E-1,-1.136335099E-1,9.804258619E0
1.108622091E2,3.194852486E-1,-1.032331314E-1,9.804252772E0
1.108721711E2,3.231226918E-1,-9.314043517E-2,9.804234645E0
1.108821341E2,3.256071737E-1,-8.180072886E-2,9.804253356E0
1.108920961E2,3.264675184E-1,-6.893357450E-2,9.804324108E0
1.109020591E2,3.258901424E-1,-5.515221711E-2,9.804430527E0
1.109120211E2,3.251461573E-1,-4.138785776E-2,9.804522913E0
1.109219841E2,3.259685317E-1,-2.798939707E-2,9.804542794E0
1.109319461E2,3.260700905E-1,-1.691730594E-2,9.804565013E0
1.109419091E2,3.243787103E-1,-1.111731340E-2,9.804629332E0
1.109518711E2,3.266953040E-1,-8.893922215E-3,9.804554488E0
1.109618341E2,3.322056470E-1,-7.990090568E-3,9.804370301E0
1.109717961E2,3.359144262E-1,-7.226632640E-3,9.804244586E0
1.109817591E2,3.371310491E-1,-5.319970961E-3,9.804203655E0
1.109917211E2,3.367137041E-1,-2.662868261E-3,9.804219443E0
1.110016831E2,3.362805350E-1,-2.430072570E-5,9.804234645E0
1.110116461E2,3.371451920E-1,2.124195945E-3,9.804204825E0
1.110216089E2,3.385374872E-1,2.847488385E-3,9.804156293E0
1.110315719E2,3.401677640E-1,1.997348196E-3,9.804100159E0
1.110415339E2,3.420221353E-1,1.808128493E-4,9.804035840E0
1.110514969E2,3.438059746E-1,-2.335157519E-3,9.803973275E0
1.110614589E2,3.454732716E-1,-5.427531749E-3,9.803913633E0
1.110714219E2,3.466689907E-1,-9.192466542E-3,9.803868610E0
1.110813839E2,3.475821796E-1,-1.328047599E-2,9.803831187E0
1.110913469E2,3.483050416E-1,-1.925000694E-2,9.803796104E0
1.111013089E2,3.494462720E-1,-2.971653666E-2,9.803728861E0
1.111112719E2,3.490746449E-1,-4.767152238E-2,9.803671558E0
1.111212339E2,3.469291187E-1,-7.423249948E-2,9.803582681E0
1.111311969E2,3.448897195E-1,-1.077562816E-1,9.803343530E0
1.111411589E2,3.443373769E-1,-1.447622131E-1,9.802886277E0
1.111511209E2,3.442986391E-1,-1.821538873E-1,9.802264134E0
1.111610839E2,3.426990967E-1,-2.174473703E-1,9.801600475E0
1.111710459E2,3.390041315E-1,-2.491224867E-1,9.800975407E0
1.111810089E2,3.351996041E-1,-2.765771559E-1,9.800369636E0
1.111909709E2,3.307837503E-1,-2.989780766E-1,9.799862098E0
1.112009339E2,3.242692577E-1,-3.164116231E-1,9.799532315E0
1.112108959E2,3.155896508E-1,-3.303082986E-1,9.799356898E0
1.112208589E2,3.076542117E-1,-3.419078588E-1,9.799211887E0
1.112308209E2,3.026862528E-1,-3.512089517E-1,9.799037640E0
1.112407839E2,3.009436547E-1,-3.565504197E-1,9.798897892E0
1.112507459E2,3.013286390E-1,-3.559871501E-1,9.798906662E0
1.112607089E2,3.024306747E-1,-3.481399309E-1,9.799154584E0
1.112706709E2,3.047499728E-1,-3.328175946E-1,9.799615345E0
1.112806329E2,3.091116302E-1,-3.108441237E-1,9.800200067E0
1.112905959E2,3.155485741E-1,-2.830202576E-1,9.800837998E0
1.113005579E2,3.209446771E-1,-2.503414850E-1,9.801551943E0
1.113105209E2,3.219303714E-1,-2.138707929E-1,9.802383417E0
1.113204829E2,3.199776572E-1,-1.752648074E-1,9.803213722E0
1.113304459E2,3.192657222E-1,-1.361501324E-1,9.803858085E0
1.113404079E2,3.218569158E-1,-9.853378812E-2,9.804223536E0
1.113503709E2,3.268059626E-1,-6.406185715E-2,9.804345742E0
1.113603329E2,3.318795916E-1,-3.375910742E-2,9.804326447E0
1.113702959E2,3.333613126E-1,-1.015733307E-2,9.804328786E0
1.113802579E2,3.277241582E-1,-7.881157340E-5,9.804524083E0
1.113902209E2,3.277010982E-1,4.194601361E-4,9.804525252E0
1.114001829E2,3.369275660E-1,-2.879771981E-3,9.804211841E0
1.114101459E2,3.460130793E-1,-9.195398144E-3,9.803891414E0
1.114201079E2,3.502007820E-1,-1.685359984E-2,9.803732954E0
1.114300699E2,3.489724648E-1,-2.422516520E-2,9.803761021E0
1.114400329E2,3.451026678E-1,-3.367254122E-2,9.803870364E0
1.114499949E2,3.416395812E-1,-5.075126914E-2,9.803917726E0
1.114599579E2,3.396687772E-1,-7.911409772E-2,9.803798443E0
1.114699199E2,3.387908178E-1,-1.178670128E-1,9.803439424E0
1.114798829E2,3.386483650E-1,-1.626667072E-1,9.802803247E0
1.114898449E2,3.388984796E-1,-2.089171232E-1,9.801917979E0
1.114998079E2,3.383335290E-1,-2.533353325E-1,9.800890623E0
1.115097699E2,3.353154155E-1,-2.938874724E-1,9.799862098E0
1.115197329E2,3.277326366E-1,-3.283762323E-1,9.799023607E0
1.115296949E2,3.156478306E-1,-3.568419765E-1,9.798424852E0
1.115396579E2,3.016970867E-1,-3.811038284E-1,9.797950643E0
1.115496199E2,2.902759579E-1,-4.020247275E-1,9.797459477E0
1.115595819E2,2.837291960E-1,-4.200653977E-1,9.796894636E0
1.115695449E2,2.778465681E-1,-4.328540989E-1,9.796506380E0
1.115795069E2,2.710130368E-1,-4.386229984E-1,9.796441476E0
1.115894699E2,2.694833869E-1,-4.396790421E-1,9.796436214E0
1.115994319E2,2.765128730E-1,-4.364838311E-1,9.796383004E0
1.116093949E2,2.876602608E-1,-4.280495149E-1,9.796434460E0
1.116193569E2,2.992517080E-1,-4.146183509E-1,9.796664840E0
1.116293199E2,3.112831399E-1,-3.965030190E-1,9.797039647E0
1.116392819E2,3.215039998E-1,-3.725615945E-1,9.797649511E0
1.116492449E2,3.307786705E-1,-3.421564386E-1,9.798449410E0
1.116592069E2,3.408378549E-1,-3.055782492E-1,9.799313629E0
1.116691699E2,3.487091939E-1,-2.647871591E-1,9.800224040E0
1.116791319E2,3.512974273E-1,-2.220403034E-1,9.801192924E0
1.116890949E2,3.482475927E-1,-1.767246014E-1,9.802223788E0
1.116990569E2,3.449625904E-1,-1.284373078E-1,9.803091515E0
1.117090189E2,3.432004589E-1,-8.019236083E-2,9.803666881E0
1.117189819E2,3.421976980E-1,-3.544884082E-2,9.803965673E0
1.117289439E2,3.308525647E-1,-3.786455573E-3,9.804418248E0
1.117389069E2,3.125046964E-1,6.068819987E-3,9.805019342E0
1.117488689E2,3.057324695E-1,4.406350367E-3,9.805233935E0
1.117588319E2,3.147529873E-1,-2.733763752E-3,9.804949175E0
1.117687939E2,3.346394408E-1,-1.598307962E-2,9.804277915E0
1.117787569E2,3.502161675E-1,-3.243514705E-2,9.803693193E0
1.117887189E2,3.537905339E-1,-4.680878855E-2,9.803506667E0
1.117986819E2,3.477858820E-1,-5.798100868E-2,9.803661618E0
1.118086439E2,3.421814720E-1,-6.617103463E-2,9.803807214E0
1.118186069E2,3.456084520E-1,-6.904916665E-2,9.803666881E0
1.118285689E2,3.555284360E-1,-6.342188853E-2,9.803350546E0
1.118385309E2,3.609419345E-1,-4.830287549E-2,9.803238865E0
1.118484939E2,3.507030213E-1,-2.944676532E-2,9.803685007E0
1.118584559E2,3.338020465E-1,-1.575914040E-2,9.804306566E0
1.118684189E2,3.254271891E-1,-1.094795657E-2,9.804594834E0
1.118783809E2,3.284440966E-1,-1.477846640E-2,9.804488999E0
1.118883439E2,3.371752321E-1,-2.372343070E-2,9.804175004E0
1.118983059E2,3.437584295E-1,-3.285369577E-2,9.803920065E0
1.119082689E2,3.446937282E-1,-3.977632402E-2,9.803861593E0
1.119182309E2,3.420221719E-1,-4.448028567E-2,9.803935268E0
1.119281939E2,3.395717500E-1,-4.816656228E-2,9.804003096E0
1.119381559E2,3.391487405E-1,-5.195249737E-2,9.803997833E0
1.119481189E2,3.403853169E-1,-5.621592614E-2,9.803931760E0
1.119580809E2,3.423180775E-1,-6.034368580E-2,9.803839958E0
1.119680429E2,3.435214345E-1,-6.342461114E-2,9.803778563E0
1.119780059E2,3.430198530E-1,-6.382651585E-2,9.803793181E0
1.119879679E2,3.409062308E-1,-6.108153590E-2,9.803884397E0
1.119979309E2,3.385723146E-1,-5.569152226E-2,9.803997248E0
1.120078929E2,3.367874155E-1,-4.924149522E-2,9.804093727E0
1.120178559E2,3.340280048E-1,-4.476033532E-2,9.804209502E0
1.120278173E2,3.308035943E-1,-4.320267362E-2,9.804325862E0
1.120377803E2,3.297751056E-1,-4.201866270E-2,9.804365623E0
1.120477423E2,3.295022234E-1,-3.973203136E-2,9.804384334E0
1.120577053E2,3.282793147E-1,-3.642400565E-2,9.804438128E0
1.120676673E2,3.262989359E-1,-3.260092246E-2,9.804517651E0
1.120776303E2,3.247624703E-1,-2.935541400E-2,9.804579046E0
1.120875923E2,3.245332230E-1,-2.684754549E-2,9.804593664E0
1.120975543E2,3.252583508E-1,-2.501994798E-2,9.804574369E0
1.121075173E2,3.259795317E-1,-2.368355314E-2,9.804553903E0
1.121174793E2,3.267901751E-1,-2.230018186E-2,9.804529930E0
1.121274423E2,3.274911101E-1,-2.067674355E-2,9.804510049E0
1.121374043E2,3.277192611E-1,-1.854756448E-2,9.804507126E0
1.121473673E2,3.275995759E-1,-1.581762397E-2,9.804515896E0
1.121573293E2,3.269521064E-1,-1.305164657E-2,9.804541624E0
1.121672923E2,3.262413043E-1,-1.038483772E-2,9.804568521E0
1.121772543E2,3.256363367E-1,-7.815331910E-3,9.804590741E0
1.121872173E2,3.246623733E-1,-5.770192291E-3,9.804624655E0
1.121971793E2,3.236852670E-1,-3.948587900E-3,9.804657399E0
1.122071423E2,3.229477504E-1,-2.415280076E-3,9.804682542E0
1.122171043E2,3.225382626E-1,-1.550040196E-3,9.804695991E0
1.122270663E2,3.229758536E-1,-1.608131056E-3,9.804681957E0
1.122370293E2,3.238834146E-1,-2.836611935E-3,9.804651552E0
1.122469913E2,3.252407360E-1,-4.440705900E-3,9.804605944E0
1.122569543E2,3.263924183E-1,-5.735463027E-3,9.804566767E0
1.122669163E2,3.273360858E-1,-6.375251203E-3,9.804535192E0
1.122768793E2,3.279559272E-1,-6.250524497E-3,9.804514727E0
1.122868413E2,3.283795214E-1,-5.438616334E-3,9.804500694E0
1.122968043E2,3.280318679E-1,-4.150189217E-3,9.804512973E0
1.123067663E2,3.269471728E-1,-2.371810967E-3,9.804549810E0
1.123167293E2,3.260223261E-1,-5.572178817E-4,9.804580801E0
1.123266913E2,3.252765502E-1,1.162406201E-3,9.804605944E0
1.123366543E2,3.248694379E-1,2.763150293E-3,9.804618807E0
1.123466163E2,3.246669049E-1,4.390575447E-3,9.804625239E0
1.123565783E2,3.245495586E-1,5.550187947E-3,9.804628163E0
1.123665413E2,3.245255850E-1,6.658105692E-3,9.804628163E0
1.123765033E2,3.245801103E-1,7.706230518E-3,9.804625824E0
1.123864663E2,3.242463074E-1,8.541094142E-3,9.804636349E0
1.123964283E2,3.234721726E-1,8.968965289E-3,9.804661492E0
1.124063913E2,3.229501624E-1,8.974023930E-3,9.804678449E0
1.124163533E2,3.229679964E-1,8.753878545E-3,9.804678449E0
1.124263163E2,3.230009966E-1,8.384831871E-3,9.804677280E0
1.124362783E2,3.231470308E-1,8.186142456E-3,9.804672602E0
1.124462413E2,3.235014087E-1,8.426733681E-3,9.804660907E0
1.124562033E2,3.237243338E-1,8.202013877E-3,9.804653891E0
1.124661663E2,3.242971782E-1,7.679727328E-3,9.804635180E0
1.124761283E2,3.252657694E-1,7.539104646E-3,9.804603020E0
1.124860903E2,3.253030820E-1,7.949419871E-3,9.804601851E0
1.124960533E2,3.243090188E-1,9.024105560E-3,9.804633425E0
1.125060153E2,3.227120711E-1,1.107473951E-2,9.804684296E0
1.125159783E2,3.207060741E-1,1.337552979E-2,9.804747446E0
1.125259403E2,3.190011722E-1,1.546987110E-2,9.804800071E0
1.125359033E2,3.177124093E-1,1.695250229E-2,9.804839247E0
1.125458653E2,3.169387862E-1,1.761930643E-2,9.804863221E0
1.125558283E2,3.169969660E-1,1.802821296E-2,9.804860297E0
1.125657903E2,3.171961733E-1,1.816181498E-2,9.804853866E0
1.125757533E2,3.174022146E-1,1.808707683E-2,9.804847434E0
1.125857153E2,3.174648894E-1,1.805651942E-2,9.804845095E0
1.125956783E2,3.173012770E-1,1.786800610E-2,9.804850942E0
1.126056403E2,3.165882090E-1,1.757517708E-2,9.804874331E0
1.126156033E2,3.162879180E-1,1.754025939E-2,9.804884271E0
1.126255653E2,3.163026822E-1,1.762473566E-2,9.804883686E0
1.126355273E2,3.164222212E-1,1.784508433E-2,9.804879593E0
1.126454903E2,3.165157767E-1,1.786443610E-2,9.804876085E0
1.126554523E2,3.170128996E-1,1.743029404E-2,9.804860882E0
1.126654153E2,3.180883853E-1,1.762246302E-2,9.804825799E0
1.126753773E2,3.182527652E-1,1.821722192E-2,9.804819367E0
1.126853403E2,3.174651087E-1,1.867860035E-2,9.804843925E0
1.126953023E2,3.176734523E-1,1.921911491E-2,9.804836324E0
1.127052653E2,3.189532251E-1,1.984873670E-2,9.804793639E0
1.127152273E2,3.200668273E-1,2.035029989E-2,9.804756217E0
1.127251903E2,3.204848666E-1,2.158918556E-2,9.804739845E0
1.127351523E2,3.194015969E-1,2.348747727E-2,9.804770835E0
1.127451143E2,3.178948790E-1,2.606424243E-2,9.804813520E0
1.127550773E2,3.162163627E-1,2.849122065E-2,9.804860882E0
1.127650393E2,3.150711855E-1,2.977093404E-2,9.804893627E0
1.127750023E2,3.161475117E-1,3.051613427E-2,9.804856789E0
1.127849643E2,3.183338222E-1,3.051975680E-2,9.804786038E0
1.127949273E2,3.212298019E-1,2.997146385E-2,9.804693652E0
1.128048893E2,3.241952173E-1,3.044135843E-2,9.804594249E0
1.128148523E2,3.264863392E-1,3.294752074E-2,9.804510049E0
1.128248143E2,3.261187686E-1,3.827625738E-2,9.804503033E0
1.128347773E2,3.229507471E-1,4.549490092E-2,9.804577292E0
1.128447393E2,3.188082507E-1,5.380232343E-2,9.804670848E0
1.128547023E2,3.136555746E-1,6.359855667E-2,9.804778436E0
1.128646643E2,3.036930520E-1,7.579270107E-2,9.805005308E0
1.128746263E2,2.839553370E-1,9.026196968E-2,9.805474255E0
1.128845893E2,2.540509403E-1,1.064384380E-1,9.806132067E0
1.128945513E2,2.171276921E-1,1.239085479E-1,9.806813852E0
1.129045143E2,1.812514426E-1,1.424806022E-1,9.807290400E0
1.129144763E2,1.541707760E-1,1.596119025E-1,9.807489790E0
1.129244393E2,1.380796862E-1,1.696610552E-1,9.807560542E0
1.129344013E2,1.357593831E-1,1.705010808E-1,9.807578668E0
1.129443643E2,1.485948802E-1,1.631708286E-1,9.807517272E0
1.129543263E2,1.740844373E-1,1.486846350E-1,9.807328407E0
1.129642893E2,2.086504536E-1,1.291532171E-1,9.806930212E0
1.129742513E2,2.485672022E-1,1.055807885E-1,9.806281756E0
1.129842143E2,2.948344838E-1,8.121380545E-2,9.805232180E0
1.129941763E2,3.351396701E-1,5.759089890E-2,9.804104252E0
1.130041383E2,3.460152720E-1,4.336591600E-2,9.803800197E0
1.130141013E2,3.359178249E-1,4.575957879E-2,9.804139920E0
1.130240633E2,3.187393266E-1,5.924973114E-2,9.804641612E0
1.130340263E2,3.042397119E-1,7.222347384E-2,9.805015249E0
1.130439883E2,2.949229777E-1,7.913070747E-2,9.805246214E0
1.130539513E2,2.895885446E-1,8.140968718E-2,9.805386547E0
1.130639133E2,2.894066414E-1,8.163976598E-2,9.805390055E0
1.130738763E2,2.934785327E-1,7.979936399E-2,9.805284221E0
1.130838383E2,3.005676056E-1,7.475694905E-2,9.805109389E0
1.130938013E2,3.086668033E-1,6.905959114E-2,9.804899474E0
1.131037633E2,3.124046724E-1,6.849548100E-2,9.804784868E0
1.131137263E2,3.084971609E-1,7.313590444E-2,9.804875500E0
1.131236883E2,3.005952154E-1,7.857617215E-2,9.805078983E0
1.131336503E2,2.959503883E-1,8.217177124E-2,9.805190665E0
1.131436133E2,2.959001388E-1,8.235698179E-2,9.805190665E0
1.131535753E2,3.009970105E-1,7.787197553E-2,9.805071967E0
1.131635383E2,3.097487574E-1,7.096638643E-2,9.804852111E0
1.131735003E2,3.175272719E-1,6.405050989E-2,9.804650382E0
1.131834633E2,3.204977305E-1,5.987668970E-2,9.804580216E0
1.131934253E2,3.194318927E-1,6.044209261E-2,9.804611791E0
1.132033883E2,3.155613649E-1,6.490114273E-2,9.804708270E0
1.132133503E2,3.093688712E-1,7.081916451E-2,9.804864975E0
1.132233133E2,3.041431232E-1,7.463941087E-2,9.805000046E0
1.132332753E2,3.035477304E-1,7.516079979E-2,9.805014664E0
1.132432383E2,3.069775427E-1,7.293401104E-2,9.804924617E0
1.132532003E2,3.108345488E-1,6.987567971E-2,9.804825214E0
1.132631623E2,3.127707081E-1,6.819211558E-2,9.804775513E0
1.132731253E2,3.121965481E-1,6.863924942E-2,9.804790716E0
1.132830873E2,3.099882740E-1,7.036250153E-2,9.804848603E0
1.132930503E2,3.081070055E-1,7.194402262E-2,9.804896550E0
1.133030123E2,3.078066413E-1,7.224091956E-2,9.804903567E0
1.133129753E2,3.088291366E-1,7.152148820E-2,9.804876670E0
1.133229373E2,3.101478299E-1,7.039475715E-2,9.804843341E0
1.133329003E2,3.109167388E-1,6.993648162E-2,9.804822291E0
1.133428623E2,3.107456712E-1,7.017025148E-2,9.804825799E0
1.133528253E2,3.099241374E-1,7.080826950E-2,9.804847434E0
1.133627873E2,3.094244562E-1,7.122707632E-2,9.804860297E0
1.133727493E2,3.094861078E-1,7.122412530E-2,9.804858543E0
1.133827123E2,3.100856667E-1,7.073515189E-2,9.804842756E0
1.133926743E2,3.106307734E-1,7.018133378E-2,9.804829307E0
1.134026373E2,3.108122198E-1,7.010677721E-2,9.804824629E0
1.134125993E2,3.105345501E-1,7.030997252E-2,9.804831646E0
1.134225623E2,3.102344418E-1,7.061406885E-2,9.804839247E0
1.134325243E2,3.100968130E-1,7.061220505E-2,9.804843341E0
1.134424873E2,3.102155480E-1,7.048209993E-2,9.804840417E0
1.134524493E2,3.104401907E-1,7.021257070E-2,9.804835154E0
1.134624123E2,3.106004775E-1,6.995058803E-2,9.804832231E0
1.134723743E2,3.106835080E-1,6.987898248E-2,9.804829892E0
1.134823373E2,3.107418339E-1,6.990275963E-2,9.804828138E0
1.134922993E2,3.107823624E-1,6.974222615E-2,9.804828138E0
1.135022623E2,3.111664514E-1,6.963183712E-2,9.804816443E0
1.135122243E2,3.113348147E-1,6.928290909E-2,9.804813520E0
1.135221863E2,3.113804230E-1,6.898355449E-2,9.804814104E0
1.135321493E2,3.116457769E-1,6.882791349E-2,9.804807088E0
1.135421113E2,3.114514301E-1,6.868071897E-2,9.804814104E0
1.135520743E2,3.113319642E-1,6.872411171E-2,9.804817613E0
1.135620363E2,3.112443290E-1,6.883452815E-2,9.804819952E0
1.135719993E2,3.108586686E-1,6.878299043E-2,9.804832231E0
1.135819613E2,3.109922409E-1,6.888185862E-2,9.804827553E0
1.135919243E2,3.111746010E-1,6.885691659E-2,9.804821706E0
1.136018863E2,3.110998663E-1,6.858945216E-2,9.804825799E0
1.136118493E2,3.113802768E-1,6.849860561E-2,9.804817613E0
1.136218113E2,3.116608701E-1,6.839817511E-2,9.804809427E0
1.136317733E2,3.117344353E-1,6.832587977E-2,9.804807673E0
1.136417363E2,3.118818217E-1,6.832847448E-2,9.804802995E0
1.136516983E2,3.118518913E-1,6.826486773E-2,9.804804164E0
1.136616613E2,3.117382726E-1,6.828663034E-2,9.804807673E0
1.136716233E2,3.117056378E-1,6.833523075E-2,9.804808257E0
1.136815863E2,3.115143608E-1,6.834178146E-2,9.804814689E0
1.136915483E2,3.113870742E-1,6.823396885E-2,9.804819367E0
1.137015113E2,3.113462533E-1,6.815691808E-2,9.804821121E0
1.137114733E2,3.114612242E-1,6.803044007E-2,9.804818197E0
1.137214363E2,3.115884377E-1,6.789963146E-2,9.804815274E0
1.137313983E2,3.116420128E-1,6.763667577E-2,9.804815274E0
1.137413613E2,3.116707738E-1,6.764519992E-2,9.804814689E0
1.137513233E2,3.117776316E-1,6.758701555E-2,9.804811181E0
1.137612853E2,3.117352393E-1,6.744137877E-2,9.804813520E0
1.137712483E2,3.117895453E-1,6.723563444E-2,9.804813520E0
1.137812103E2,3.117916650E-1,6.686896377E-2,9.804815859E0
1.137911733E2,3.116666076E-1,6.655104426E-2,9.804822291E0
1.138011353E2,3.114198551E-1,6.633478864E-2,9.804831061E0
1.138110983E2,3.112628574E-1,6.595675701E-2,9.804838663E0
1.138210603E2,3.110643810E-1,6.536677295E-2,9.804849188E0
1.138310233E2,3.110341582E-1,6.478257672E-2,9.804853866E0
1.138409853E2,3.109642109E-1,6.422000606E-2,9.804859713E0
1.138509483E2,3.110962117E-1,6.376191782E-2,9.804858543E0
1.138609103E2,3.111913752E-1,6.346311597E-2,9.804857374E0
1.138708723E2,3.115059919E-1,6.313468060E-2,9.804849772E0
1.138808353E2,3.116284911E-1,6.285783322E-2,9.804847434E0
1.138907973E2,3.117200000E-1,6.243844167E-2,9.804847434E0
1.139007603E2,3.118836124E-1,6.218471363E-2,9.804843925E0
1.139107223E2,3.116499431E-1,6.173659307E-2,9.804853866E0
1.139206853E2,3.115208658E-1,6.134632797E-2,9.804860882E0
1.139306473E2,3.114952477E-1,6.092503151E-2,9.804863806E0
1.139406103E2,3.113526852E-1,6.037854069E-2,9.804871992E0
1.139505723E2,3.113276884E-1,5.988101573E-2,9.804876085E0
1.139605353E2,3.112750635E-1,5.944237405E-2,9.804880178E0
1.139704973E2,3.113506753E-1,5.902630812E-2,9.804880178E0
1.139804603E2,3.114635265E-1,5.873904081E-2,9.804878424E0
1.139904223E2,3.116135076E-1,5.857904637E-2,9.804874331E0
1.140003843E2,3.115097561E-1,5.847455023E-2,9.804878424E0
1.140103473E2,3.115519657E-1,5.838782414E-2,9.804877839E0
1.140203094E2,3.114437556E-1,5.821674284E-2,9.804881932E0
1.140302724E2,3.115491151E-1,5.785809838E-2,9.804880763E0
1.140402344E2,3.114965998E-1,5.756064869E-2,9.804884271E0
1.140501974E2,3.115452048E-1,5.712346426E-2,9.804885440E0
1.140601594E2,3.114327190E-1,5.660721450E-2,9.804891872E0
1.140701224E2,3.114698488E-1,5.625061657E-2,9.804893042E0
1.140800844E2,3.114823472E-1,5.576204516E-2,9.804895381E0
1.140900474E2,3.114540248E-1,5.542187882E-2,9.804897720E0
1.141000094E2,3.115206831E-1,5.518802674E-2,9.804897135E0
1.141099724E2,3.114402108E-1,5.500378006E-2,9.804900643E0
1.141199344E2,3.112888044E-1,5.482779714E-2,9.804906490E0
1.141298964E2,3.113934696E-1,5.478931059E-2,9.804903567E0
1.141398594E2,3.113758548E-1,5.455162127E-2,9.804905321E0
1.141498214E2,3.113779014E-1,5.443270352E-2,9.804905906E0
1.141597844E2,3.114287356E-1,5.417984342E-2,9.804905906E0
1.141697464E2,3.113562301E-1,5.386122955E-2,9.804909999E0
1.141797094E2,3.111841393E-1,5.354786448E-2,9.804917015E0
1.141896714E2,3.110660255E-1,5.323752807E-2,9.804922278E0
1.141996344E2,3.109132670E-1,5.275792848E-2,9.804929879E0
1.142095964E2,3.109443303E-1,5.229581572E-2,9.804931633E0
1.142195594E2,3.110837864E-1,5.200092876E-2,9.804928710E0
1.142295214E2,3.111793153E-1,5.165365897E-2,9.804927540E0
1.142394834E2,3.112938476E-1,5.112705324E-2,9.804926371E0
1.142494464E2,3.115173575E-1,5.087433019E-2,9.804920524E0
1.142594084E2,3.115524407E-1,5.059506625E-2,9.804921108E0
1.142693714E2,3.114214997E-1,5.034077633E-2,9.804926371E0
1.142793334E2,3.113433662E-1,5.022717589E-2,9.804929295E0
1.142892964E2,3.111600195E-1,5.012363449E-2,9.804935727E0
1.142992584E2,3.109926795E-1,5.007702122E-2,9.804941574E0
1.143092214E2,3.109008051E-1,4.998982005E-2,9.804944497E0
1.143191834E2,3.108690109E-1,4.977551046E-2,9.804946836E0
1.143291464E2,3.109316126E-1,4.955682459E-2,9.804946252E0
1.143391084E2,3.111134976E-1,4.924239971E-2,9.804941574E0
1.143490714E2,3.112532095E-1,4.884246843E-2,9.804939235E0
1.143590334E2,3.111627969E-1,4.860931527E-2,9.804943328E0
1.143689954E2,3.110339389E-1,4.834679356E-2,9.804948590E0
1.143789584E2,3.110140949E-1,4.819259152E-2,9.804950345E0
1.143889204E2,3.109548553E-1,4.804538787E-2,9.804952683E0
1.143988834E2,3.107440632E-1,4.800729417E-2,9.804959700E0
1.144088454E2,3.106804747E-1,4.791207592E-2,9.804962039E0
1.144188084E2,3.105596201E-1,4.779248666E-2,9.804966717E0
1.144287704E2,3.103967751E-1,4.762519233E-2,9.804972564E0
1.144387334E2,3.103407515E-1,4.756767492E-2,9.804974318E0
1.144486954E2,3.104141340E-1,4.730969850E-2,9.804973733E0
1.144586584E2,3.105582679E-1,4.700298920E-2,9.804970225E0
1.144686204E2,3.106077134E-1,4.679639520E-2,9.804969640E0
1.144785824E2,3.106787936E-1,4.663920559E-2,9.804968471E0
1.144885454E2,3.106342452E-1,4.649744259E-2,9.804970225E0
1.144985074E2,3.105511416E-1,4.639233432E-2,9.804973733E0
1.145084704E2,3.104969818E-1,4.644544805E-2,9.804974903E0
1.145184324E2,3.105452944E-1,4.635002424E-2,9.804973733E0
1.145283954E2,3.107040098E-1,4.617921702E-2,9.804969640E0
1.145383574E2,3.107809372E-1,4.594706428E-2,9.804968471E0
1.145483204E2,3.109020111E-1,4.573039753E-2,9.804965547E0
1.145582824E2,3.112423190E-1,4.563397329E-2,9.804955022E0
1.145682454E2,3.114010344E-1,4.569192011E-2,9.804949760E0
1.145782074E2,3.112750635E-1,4.560016908E-2,9.804954438E0
1.145881704E2,3.111517968E-1,4.556701354E-2,9.804958531E0
1.145981324E2,3.111529297E-1,4.547996768E-2,9.804958531E0
1.146080944E2,3.110661717E-1,4.528138619E-2,9.804962624E0
1.146180574E2,3.110160683E-1,4.515478483E-2,9.804964378E0
1.146280194E2,3.111147036E-1,4.491078235E-2,9.804962624E0
1.146379824E2,3.103424691E-1,4.396922532E-2,9.804991275E0
1.146479444E2,3.146164183E-1,3.402191692E-2,9.804894796E0
1.146579074E2,3.320562506E-1,1.373796580E-2,9.804369131E0
1.146678694E2,3.468012840E-1,4.969899901E-4,9.803868025E0
1.146778324E2,3.543308532E-1,-1.260727788E-3,9.803598468E0
1.146877944E2,3.504259729E-1,6.796559079E-3,9.803737047E0
1.146977574E2,3.458701149E-1,2.257885879E-2,9.803875042E0
1.147077194E2,3.352392555E-1,3.750353642E-2,9.804198393E0
1.147176814E2,3.254951996E-1,4.713603620E-2,9.804485491E0
1.147276444E2,3.226392002E-1,5.007318855E-2,9.804565013E0
1.147376064E2,3.251427221E-1,4.723717476E-2,9.804496601E0
1.147475694E2,3.282985009E-1,4.191889458E-2,9.804415324E0
1.147575314E2,3.298568570E-1,3.832422739E-2,9.804377902E0
1.147674944E2,3.290730743E-1,3.827664111E-2,9.804404215E0
1.147774564E2,3.249961032E-1,4.016030793E-2,9.804532853E0
1.147874194E2,3.210569802E-1,4.216857526E-2,9.804654475E0
1.147973814E2,3.195974420E-1,4.250262943E-2,9.804700668E0
1.148073444E2,3.207526691E-1,4.001835306E-2,9.804673187E0
1.148173064E2,3.237875933E-1,3.506316213E-2,9.804592495E0
1.148272694E2,3.271810249E-1,2.948875107E-2,9.804498355E0
1.148372314E2,3.290101436E-1,2.525885928E-2,9.804448653E0
1.148471934E2,3.285993036E-1,2.282863311E-2,9.804468534E0
1.148571564E2,3.269059134E-1,2.203603618E-2,9.804527006E0
1.148671184E2,3.241605360E-1,2.162937603E-2,9.804618807E0
1.148770814E2,3.216038775E-1,2.097013216E-2,9.804704762E0
1.148870434E2,3.202790447E-1,2.035027477E-2,9.804749200E0
1.148970064E2,3.195838107E-1,1.983589567E-2,9.804773174E0
1.149069684E2,3.182125656E-1,1.995319401E-2,9.804817028E0
1.149169314E2,3.161302990E-1,2.075652607E-2,9.804883102E0
1.149268934E2,3.140832253E-1,2.194144604E-2,9.804946252E0
1.149368564E2,3.119063069E-1,2.223381140E-2,9.805015249E0
1.149468184E2,3.112669139E-1,2.118166204E-2,9.805037468E0
1.149567804E2,3.127027342E-1,1.893181448E-2,9.804996538E0
1.149667434E2,3.145440955E-1,1.616416972E-2,9.804942743E0
1.149767054E2,3.161420665E-1,1.419275241E-2,9.804894211E0
1.149866684E2,3.167190405E-1,1.356214162E-2,9.804876670E0
1.149966304E2,3.161315415E-1,1.426238909E-2,9.804894796E0
1.150065934E2,3.148520245E-1,1.535804424E-2,9.804933972E0
1.150165554E2,3.146108634E-1,1.538356871E-2,9.804941574E0
1.150265179E2,3.170970264E-1,1.415462217E-2,9.804863806E0
1.150364799E2,3.206456285E-1,1.192813606E-2,9.804750955E0
1.150464429E2,3.229368234E-1,9.398385606E-3,9.804678449E0
1.150564049E2,3.245631899E-1,8.674068619E-3,9.804625824E0
1.150663679E2,3.240568941E-1,1.012506032E-2,9.804641027E0
1.150763299E2,3.211050370E-1,1.288957135E-2,9.804734582E0
1.150862919E2,3.171178206E-1,1.559663577E-2,9.804860882E0
1.150962549E2,3.144570451E-1,1.746161662E-2,9.804943328E0
1.151062169E2,3.147510139E-1,1.809917098E-2,9.804932803E0
1.151161799E2,3.160616673E-1,1.744642528E-2,9.804891872E0
1.151261419E2,3.169818728E-1,1.652323444E-2,9.804863806E0
1.151361049E2,3.162864562E-1,1.628629430E-2,9.804886610E0
1.151460669E2,3.143247884E-1,1.624335038E-2,9.804949760E0
1.151560299E2,3.131456608E-1,1.626818049E-2,9.804987182E0
1.151659919E2,3.128760311E-1,1.582902148E-2,9.804996538E0
1.151759549E2,3.134763209E-1,1.487140287E-2,9.804978996E0
1.151859169E2,3.144626365E-1,1.337711607E-2,9.804949760E0
1.151958789E2,3.152982767E-1,1.182156142E-2,9.804924617E0
1.152058419E2,3.151529734E-1,1.051244064E-2,9.804931049E0
1.152158039E2,3.137750405E-1,1.004296176E-2,9.804975488E0
1.152257669E2,3.112328904E-1,1.048594773E-2,9.805056179E0
1.152357289E2,3.080443672E-1,1.121770850E-2,9.805156167E0
1.152456919E2,3.060286492E-1,1.197440102E-2,9.805218147E0
1.152556539E2,3.056513759E-1,1.265769042E-2,9.805229257E0
1.152656169E2,3.074214925E-1,1.254749667E-2,9.805173708E0
1.152755789E2,3.108323561E-1,1.180813110E-2,9.805067289E0
1.152855419E2,3.166195647E-1,1.261180462E-2,9.804881347E0
1.152955039E2,3.172316586E-1,1.171999688E-2,9.804862636E0
1.153054659E2,3.192403599E-1,1.140177131E-2,9.804797732E0
1.153154289E2,3.251158980E-1,1.201335238E-2,9.804603605E0
1.153253909E2,3.282123276E-1,1.096177290E-2,9.804501863E0
1.153353539E2,3.279902065E-1,1.010886628E-2,9.804510049E0
1.153453159E2,3.261000575E-1,1.172411620E-2,9.804571445E0
1.153552789E2,3.222646129E-1,1.485454530E-2,9.804694237E0
1.153652409E2,3.178638522E-1,1.795160986E-2,9.804832231E0
1.153752039E2,3.143613335E-1,2.029413922E-2,9.804940989E0
1.153851659E2,3.120931255E-1,2.204231508E-2,9.805009401E0
1.153951289E2,3.138700578E-1,2.223915612E-2,9.804952099E0
1.154050909E2,3.193564271E-1,1.952137942E-2,9.804780775E0
1.154150529E2,3.241534463E-1,1.526778813E-2,9.804631087E0
1.154250159E2,3.294106413E-1,1.213435091E-2,9.804460348E0
1.154349779E2,3.340483604E-1,1.010986099E-2,9.804305397E0
1.154449409E2,3.371012283E-1,8.133259415E-3,9.804203070E0
1.154549029E2,3.406178899E-1,6.979863580E-3,9.804082618E0
1.154648659E2,3.450066273E-1,5.007934069E-3,9.803930005E0
1.154748279E2,3.507401877E-1,1.413141689E-3,9.803727692E0
1.154847909E2,3.563153616E-1,-2.722205508E-3,9.803526548E0
1.154947529E2,3.614366089E-1,-6.000083797E-3,9.803337682E0
1.155047159E2,3.646271421E-1,-7.867592542E-3,9.803217815E0
1.155146779E2,3.648184192E-1,-7.789187319E-3,9.803210798E0
1.155246409E2,3.642601197E-1,-6.806413122E-3,9.803232433E0
1.155346029E2,3.657461530E-1,-7.099366621E-3,9.803176884E0
1.155445649E2,3.699600221E-1,-1.054071855E-2,9.803015501E0
1.155545279E2,3.762173834E-1,-1.593432960E-2,9.802770503E0
1.155644899E2,3.824126180E-1,-2.129947430E-2,9.802520242E0
1.155744529E2,3.859677617E-1,-2.543753740E-2,9.802371138E0
1.155844149E2,3.874476188E-1,-2.785906583E-2,9.802306234E0
1.155943779E2,3.848321593E-1,-2.668792107E-2,9.802412653E0
1.156043399E2,3.768287829E-1,-1.817687156E-2,9.802743021E0
1.156143029E2,3.692891637E-1,-7.220835674E-3,9.803044152E0
1.156242649E2,3.647705451E-1,-1.429790693E-3,9.803216060E0
1.156342279E2,3.620252043E-1,-2.886393746E-4,9.803317802E0
1.156441899E2,3.632756679E-1,-1.398778162E-4,9.803271609E0
1.156541519E2,3.605943175E-1,2.948201250E-3,9.803369842E0
1.156641149E2,3.521089478E-1,9.369999201E-3,9.803674482E0
1.156740769E2,3.446341962E-1,1.764519292E-2,9.803928836E0
1.156840399E2,3.417499840E-1,2.294211478E-2,9.804018883E0
1.156940019E2,3.416522259E-1,2.273326640E-2,9.804022391E0
1.157039649E2,3.449662084E-1,1.968537098E-2,9.803913049E0
1.157139269E2,3.517111178E-1,1.652307455E-2,9.803679160E0
1.157238899E2,3.567607367E-1,1.439680196E-2,9.803500235E0
1.157338519E2,3.568940167E-1,1.471312605E-2,9.803494973E0
1.157438149E2,3.547667997E-1,1.795823252E-2,9.803566309E0
1.157537769E2,3.513599925E-1,2.246415515E-2,9.803679745E0
1.157637389E2,3.482316591E-1,2.635282764E-2,9.803782071E0
1.157737019E2,3.469425308E-1,2.856167274E-2,9.803821247E0
1.157836639E2,3.449671586E-1,2.957848527E-2,9.803887905E0
1.157936269E2,3.426848807E-1,3.066779642E-2,9.803965089E0
1.158035889E2,3.391597405E-1,3.238826426E-2,9.804082033E0
1.158135519E2,3.342851727E-1,3.449231400E-2,9.804242247E0
1.158235139E2,3.332112950E-1,3.504192943E-2,9.804276745E0
1.158334769E2,3.350423506E-1,3.309888140E-2,9.804221197E0
1.158434389E2,3.373540838E-1,3.089202801E-2,9.804149276E0
1.158534019E2,3.384268286E-1,3.079245404E-2,9.804112439E0
1.158633639E2,3.380766169E-1,3.248576658E-2,9.804118870E0
1.158733259E2,3.377596978E-1,3.451121924E-2,9.804122964E0
1.158832889E2,3.382902961E-1,3.520252915E-2,9.804102498E0
1.158932509E2,3.408541175E-1,3.419860333E-2,9.804017129E0
1.159032139E2,3.458636098E-1,3.166044351E-2,9.803849899E0
1.159131759E2,3.512307691E-1,2.836193094E-2,9.803669220E0
1.159231389E2,3.554864823E-1,2.576983055E-2,9.803523039E0
1.159331009E2,3.590002569E-1,2.419344634E-2,9.803399078E0
1.159430639E2,3.624720777E-1,2.305251752E-2,9.803273948E0
1.159530259E2,3.658693100E-1,2.171419949E-2,9.803151156E0
1.159629889E2,3.674204667E-1,2.054855020E-2,9.803095608E0
1.159729509E2,3.662616947E-1,2.061499147E-2,9.803138877E0
1.159829129E2,3.643163992E-1,2.146028872E-2,9.803209044E0
1.159928759E2,3.641119659E-1,2.137045402E-2,9.803217230E0
1.160028379E2,3.656991926E-1,1.976952748E-2,9.803161681E0
1.160128009E2,3.682252994E-1,1.768293259E-2,9.803071049E0
1.160227634E2,3.699642248E-1,1.621845517E-2,9.803007900E0
1.160327264E2,3.702842502E-1,1.577975069E-2,9.802996790E0
1.160426884E2,3.692485987E-1,1.631570967E-2,9.803034797E0
1.160526514E2,3.677213790E-1,1.722607090E-2,9.803090345E0
1.160626134E2,3.668207616E-1,1.763092435E-2,9.803123674E0
1.160725764E2,3.673198215E-1,1.692977581E-2,9.803106133E0
1.160825384E2,3.686418770E-1,1.538804206E-2,9.803058770E0
1.160925004E2,3.697811338E-1,1.385486671E-2,9.803018425E0
1.161024634E2,3.708336692E-1,1.257221715E-2,9.802980418E0
1.161124254E2,3.715419863E-1,1.096322557E-2,9.802955275E0
1.161223884E2,3.720559565E-1,8.489578116E-3,9.802938318E0
1.161323504E2,3.730954088E-1,5.582032431E-3,9.802900895E0
1.161423134E2,3.735875981E-1,3.088682604E-3,9.802883354E0
1.161522754E2,3.734866971E-1,1.284762471E-3,9.802887447E0
1.161622384E2,3.730763322E-1,-4.149679352E-5,9.802903234E0
1.161722004E2,3.731029370E-1,-1.611966864E-3,9.802902065E0
1.161821634E2,3.756302133E-1,-4.318228431E-3,9.802805001E0
1.161921254E2,3.793700924E-1,-8.397891034E-3,9.802658236E0
1.162020884E2,3.816764901E-1,-1.297471686E-2,9.802563511E0
1.162120504E2,3.843508603E-1,-1.624581832E-2,9.802454168E0
1.162220124E2,3.880158220E-1,-1.750746130E-2,9.802307988E0
1.162319754E2,3.896636770E-1,-1.773149417E-2,9.802241914E0
1.162419374E2,3.886259059E-1,-1.730429568E-2,9.802284014E0
1.162519004E2,3.867372918E-1,-1.584523151E-2,9.802361197E0
1.162618624E2,3.846530518E-1,-1.429557090E-2,9.802445397E0
1.162718254E2,3.836121743E-1,-1.285682009E-2,9.802488082E0
1.162817874E2,3.834415452E-1,-1.178613438E-2,9.802496268E0
1.162917504E2,3.817013042E-1,-1.077708083E-2,9.802565265E0
1.163017124E2,3.775568343E-1,-8.533286053E-3,9.802727818E0
1.163116754E2,3.730660265E-1,-4.244071860E-3,9.802902650E0
1.163216374E2,3.678356921E-1,1.093507556E-3,9.803101455E0
1.163315994E2,3.623083191E-1,6.357095141E-3,9.803304938E0
1.163415624E2,3.564890970E-1,1.116699989E-2,9.803514268E0
1.163515244E2,3.499523850E-1,1.601779860E-2,9.803742895E0
1.163614874E2,3.438798323E-1,2.068931278E-2,9.803949301E0
1.163714494E2,3.388246220E-1,2.383433822E-2,9.804118286E0
1.163814124E2,3.359841908E-1,2.394153641E-2,9.804215350E0
1.163913744E2,3.361806938E-1,2.127521521E-2,9.804214765E0
1.164013374E2,3.385505338E-1,1.874265934E-2,9.804138751E0
1.164112994E2,3.409534470E-1,1.798719337E-2,9.804056890E0
1.164212624E2,3.408669448E-1,1.935679400E-2,9.804056890E0
1.164312244E2,3.366984282E-1,2.490907929E-2,9.804188452E0
1.164411864E2,3.291930518E-1,3.202419057E-2,9.804422926E0
1.164511494E2,3.220326246E-1,3.709186959E-2,9.804642781E0
1.164611114E2,3.197724931E-1,3.912250481E-2,9.804708855E0
1.164710744E2,3.219661126E-1,3.808395708E-2,9.804641027E0
1.164810364E2,3.252529787E-1,3.542854459E-2,9.804542794E0
1.164909994E2,3.271991147E-1,3.376891064E-2,9.804483737E0
1.165009614E2,3.268186072E-1,3.425492618E-2,9.804494846E0
1.165109244E2,3.247005630E-1,3.607220198E-2,9.804558581E0
1.165208864E2,3.226115355E-1,3.779716942E-2,9.804621146E0
1.165308494E2,3.220565251E-1,3.847726456E-2,9.804636349E0
1.165408114E2,3.228257629E-1,3.792020078E-2,9.804613545E0
1.165507734E2,3.239722192E-1,3.694205068E-2,9.804579631E0
1.165607364E2,3.246413599E-1,3.648745936E-2,9.804559166E0
1.165706984E2,3.244442722E-1,3.677105845E-2,9.804564428E0
1.165806614E2,3.235792863E-1,3.752303779E-2,9.804590156E0
1.165906234E2,3.227876464E-1,3.802602853E-2,9.804614130E0
1.166005864E2,3.225452793E-1,3.823024482E-2,9.804621731E0
1.166105484E2,3.227105727E-1,3.805064394E-2,9.804617053E0
1.166205114E2,3.230405750E-1,3.775940463E-2,9.804607113E0
1.166304734E2,3.230718576E-1,3.762347743E-2,9.804606528E0
1.166404364E2,3.228052976E-1,3.784264980E-2,9.804614714E0
1.166503984E2,3.224384945E-1,3.815786954E-2,9.804625239E0
1.166603604E2,3.223100019E-1,3.835288789E-2,9.804628748E0
1.166703234E2,3.223725671E-1,3.841061087E-2,9.804626409E0
1.166802854E2,3.225281762E-1,3.836032025E-2,9.804621731E0
1.166902484E2,3.226442434E-1,3.828553756E-2,9.804618223E0
1.167002104E2,3.225684489E-1,3.842331943E-2,9.804619977E0
1.167101734E2,3.223102943E-1,3.853487791E-2,9.804628163E0
1.167201354E2,3.220363157E-1,3.864206011E-2,9.804636349E0
1.167300984E2,3.217176424E-1,3.838879345E-2,9.804648044E0
1.167400604E2,3.216060703E-1,3.814586448E-2,9.804652721E0
1.167500234E2,3.215619238E-1,3.782604234E-2,9.804655645E0
1.167599854E2,3.215199335E-1,3.767175579E-2,9.804657399E0
1.167699474E2,3.215900270E-1,3.752102781E-2,9.804655645E0
1.167799104E2,3.216469642E-1,3.753668739E-2,9.804653891E0
1.167898724E2,3.216576354E-1,3.745813370E-2,9.804653891E0
1.167998354E2,3.216316153E-1,3.748360106E-2,9.804654475E0
1.168097974E2,3.215791731E-1,3.748793166E-2,9.804656230E0
1.168197604E2,3.213963379E-1,3.739362247E-2,9.804662662E0
1.168297224E2,3.212179248E-1,3.734639478E-2,9.804668509E0
1.168396854E2,3.209494645E-1,3.738031320E-2,9.804677280E0
1.168496474E2,3.203630984E-1,3.752541094E-2,9.804695991E0
1.168596104E2,3.126460528E-1,4.266411765E-2,9.804924032E0
1.168695724E2,2.904682765E-1,6.094341370E-2,9.805509338E0
1.168795344E2,2.488864236E-1,8.721003374E-2,9.806454248E0
1.168894974E2,1.938429647E-1,1.168898152E-1,9.807388049E0
1.168994594E2,1.358660856E-1,1.493285505E-1,9.807922484E0
1.169094224E2,8.312779100E-2,1.774542608E-1,9.808042352E0
1.169193844E2,3.779006597E-2,2.059965669E-1,9.807764025E0
1.169293474E2,-1.704863532E-2,2.493036955E-1,9.806816776E0
1.169393094E2,-9.291222017E-2,3.081084307E-1,9.804719964E0
1.169492724E2,-1.832937106E-1,3.782253538E-1,9.800992364E0
1.169592344E2,-2.715905590E-1,4.526949441E-1,9.795784834E0
1.169691974E2,-3.478816301E-1,5.260503841E-1,9.789706069E0
1.169791594E2,-4.148145615E-1,5.962795737E-1,9.783071233E0
1.169891214E2,-4.719571709E-1,6.626008498E-1,9.776211864E0
1.169990844E2,-5.224410806E-1,7.239033511E-1,9.769294608E0
1.170090464E2,-5.644088497E-1,7.710790524E-1,9.763348575E0
1.170190094E2,-5.981951946E-1,8.052425062E-1,9.758577831E0
1.170289713E2,-6.201173197E-1,8.244522907E-1,9.755605107E0
1.170389343E2,-6.301718994E-1,8.438608074E-1,9.753301304E0
1.170488963E2,-6.353638615E-1,8.709051300E-1,9.750586442E0
1.170588593E2,-6.506386160E-1,8.930308478E-1,9.747577465E0
1.170688213E2,-6.610379621E-1,9.154523617E-1,9.744797114E0
1.170787843E2,-6.601833916E-1,9.458043811E-1,9.741956536E0
1.170887463E2,-6.668960682E-1,9.815172008E-1,9.737965811E0
1.170987083E2,-6.886201555E-1,1.017191868E0,9.732791026E0
1.171086713E2,-7.100429649E-1,1.049480412E0,9.727822646E0
1.171186333E2,-7.194603442E-1,1.075167595E0,9.724324842E0
1.171285963E2,-7.225565911E-1,1.097229579E0,9.721630445E0
1.171385583E2,-7.209691451E-1,1.119761166E0,9.719178708E0
1.171485213E2,-7.195362119E-1,1.146698046E0,9.716144003E0
1.171584833E2,-7.188538418E-1,1.182303277E0,9.711925821E0
1.171684463E2,-7.179807063E-1,1.230963002E0,9.705942950E0
1.171784083E2,-7.181118301E-1,1.295246268E0,9.697564475E0
1.171883713E2,-7.214946637E-1,1.376742713E0,9.686078789E0
1.171983333E2,-7.287055231E-1,1.474955763E0,9.671070156E0
1.172082953E2,-7.365808455E-1,1.588005977E0,9.652553194E0
1.172182583E2,-7.469991220E-1,1.711282532E0,9.630659464E0
1.172282203E2,-7.567726699E-1,1.841601912E0,9.605826339E0
1.172381833E2,-7.653461498E-1,1.975763205E0,9.578450260E0
1.172481453E2,-7.731643888E-1,2.111167324E0,9.548889661E0
1.172581083E2,-7.784433281E-1,2.247938230E0,9.517189566E0
1.172680703E2,-7.824168766E-1,2.385387851E0,9.483345882E0
1.172780333E2,-7.868530861E-1,2.522259622E0,9.447495434E0
1.172879953E2,-7.908589404E-1,2.657991039E0,9.409873863E0
1.172979583E2,-7.931252481E-1,2.793036285E0,9.370485849E0
1.173079203E2,-7.959433868E-1,2.927194508E0,9.329207430E0
1.173178823E2,-7.999477793E-1,3.060010504E0,9.286146780E0
1.173278453E2,-8.033660616E-1,3.190962991E0,9.241669350E0
1.173378073E2,-8.055063618E-1,3.319624540E0,9.196051127E0
1.173477703E2,-8.059033877E-1,3.446056837E0,9.149388592E0
1.173577323E2,-8.052459414E-1,3.570127444E0,9.101750742E0
1.173676953E2,-8.054109060E-1,3.690976820E0,9.053403039E0
1.173776573E2,-8.056920109E-1,3.809070404E0,9.004329112E0
1.173876203E2,-8.053172775E-1,3.924728329E0,8.954555858E0
1.173975823E2,-8.039623314E-1,4.038210506E0,8.904078015E0
1.174075453E2,-8.021939872E-1,4.150346653E0,8.852525454E0
1.174175073E2,-8.011680932E-1,4.262100686E0,8.799359645E0
1.174274693E2,-8.018739253E-1,4.372598151E0,8.744911543E0
1.174374323E2,-8.025304214E-1,4.480963137E0,8.689822585E0
1.174473943E2,-8.007021432E-1,4.587890877E0,8.634016174E0
1.174573573E2,-7.977346813E-1,4.694287398E0,8.576909927E0
1.174673193E2,-7.952895950E-1,4.800929209E0,8.517904505E0
1.174772823E2,-7.939284363E-1,4.908304262E0,8.456614575E0
1.174872443E2,-7.927940033E-1,5.015475538E0,8.393603809E0
1.174972073E2,-7.907322020E-1,5.122726337E0,8.328776314E0
1.175071693E2,-7.892308563E-1,5.228622336E0,8.262851881E0
1.175171323E2,-7.889379839E-1,5.330767347E0,8.197353126E0
1.175270943E2,-7.885102601E-1,5.426785644E0,8.134147648E0
1.175370563E2,-7.875267584E-1,5.514234847E0,8.075216485E0
1.175470193E2,-7.859451596E-1,5.591612806E0,8.021986358E0
1.175569813E2,-7.843076469E-1,5.658228380E0,7.975300434E0
1.175669443E2,-7.830311997E-1,5.713619054E0,7.935838160E0
1.175769063E2,-7.820078639E-1,5.756792555E0,7.904676009E0
1.175868693E2,-7.805981002E-1,5.786108156E0,7.883382204E0
1.175968313E2,-7.787480412E-1,5.800736135E0,7.872808099E0
1.176067943E2,-7.772385094E-1,5.799995293E0,7.873503333E0
1.176167563E2,-7.768824139E-1,5.783588006E0,7.885598883E0
1.176267193E2,-7.762066220E-1,5.753224000E0,7.907845200E0
1.176366813E2,-7.753972942E-1,5.710149901E0,7.939083365E0
1.176466433E2,-7.762841707E-1,5.655494807E0,7.978023482E0
1.176566063E2,-7.776856021E-1,5.591359622E0,8.022967520E0
1.176665683E2,-7.792310212E-1,5.519205565E0,8.072624999E0
1.176765313E2,-7.811714197E-1,5.440012631E0,8.126015925E0
1.176864933E2,-7.821794797E-1,5.356434869E0,8.181252818E0
1.176964563E2,-7.822503041E-1,5.270089620E0,8.237131734E0
1.177064183E2,-7.834778539E-1,5.181699015E0,8.292904231E0
1.177163813E2,-7.857478161E-1,5.091963551E0,8.348090252E0
1.177263433E2,-7.880473068E-1,5.001384918E0,8.402454155E0
1.177363063E2,-7.890029611E-1,4.911316162E0,8.455326433E0
1.177462683E2,-7.890916195E-1,4.823580153E0,8.505675053E0
1.177562303E2,-7.887578166E-1,4.740031335E0,8.552546918E0
1.177661933E2,-7.884468909E-1,4.660874069E0,8.595970096E0
1.177761553E2,-7.890751742E-1,4.585249397E0,8.636489546E0
1.177861183E2,-7.895728453E-1,4.512845080E0,8.674497033E0
1.177960803E2,-7.901276730E-1,4.442004601E0,8.710935127E0
1.178060433E2,-7.909083494E-1,4.371320827E0,8.746548763E0
1.178160053E2,-7.899351534E-1,4.299923985E0,8.781956577E0
1.178259683E2,-7.864647578E-1,4.227952946E0,8.817141613E0
1.178359303E2,-7.825001995E-1,4.156055582E0,8.851609780E0
1.178458933E2,-7.791562499E-1,4.085327077E0,8.884768755E0
1.178558553E2,-7.754610289E-1,4.016969033E0,8.916205725E0
1.178658173E2,-7.728025192E-1,3.950279200E0,8.946182061E0
1.178757803E2,-7.718102467E-1,3.883689646E0,8.975375454E0
1.178857423E2,-7.703324360E-1,3.817137222E0,9.004007515E0
1.178957053E2,-7.659573300E-1,3.751625895E0,9.031871837E0
1.179056673E2,-7.618566046E-1,3.687173499E0,9.058721082E0
1.179156303E2,-7.597870557E-1,3.623550822E0,9.084530692E0
1.179255923E2,-7.574241228E-1,3.561307212E0,9.109308268E0
1.179355553E2,-7.546136586E-1,3.499643060E0,9.133408737E0
1.179455173E2,-7.527841379E-1,3.437680408E0,9.157061309E0
1.179554803E2,-7.514118695E-1,3.374755597E0,9.180550159E0
1.179654423E2,-7.495177370E-1,3.309838055E0,9.204308565E0
1.179754043E2,-7.473216690E-1,3.241361312E0,9.228823602E0
1.179853673E2,-7.447103756E-1,3.167708907E0,9.254573570E0
1.179953293E2,-7.406023411E-1,3.089210037E0,9.281400011E0
1.180052923E2,-7.353014016E-1,3.008121142E0,9.308417655E0
1.180152543E2,-7.294270695E-1,2.926637853E0,9.334817834E0
1.180252173E2,-7.246786188E-1,2.845965866E0,9.360097101E0
1.180351793E2,-7.206506912E-1,2.766512437E0,9.384198155E0
1.180451423E2,-7.158871838E-1,2.688760257E0,9.407134443E0
1.180551043E2,-7.113351995E-1,2.613295214E0,9.428721778E0
1.180650663E2,-7.073729800E-1,2.541185889E0,9.448708731E0
1.180750293E2,-7.046649883E-1,2.472530514E0,9.467108164E0
1.180849913E2,-7.013367531E-1,2.408566799E0,9.483830032E0
1.180949543E2,-6.911227638E-1,2.352373302E0,9.498673189E0
1.181049163E2,-6.535890479E-1,2.310690110E0,9.511552851E0
1.181148793E2,-6.310214999E-1,2.271213949E0,9.522578360E0
1.181248413E2,-6.328035119E-1,2.230108608E0,9.532170718E0
1.181348043E2,-6.318574324E-1,2.191110895E0,9.541273078E0
1.181447663E2,-6.293117740E-1,2.153547651E0,9.549989523E0
1.181547293E2,-6.285900083E-1,2.115931343E0,9.558441673E0
1.181646913E2,-6.284314757E-1,2.077200556E0,9.566943524E0
1.181746533E2,-6.282760128E-1,2.035855333E0,9.575837139E0
1.181846163E2,-6.263628039E-1,1.991357291E0,9.585314891E0
1.181945783E2,-6.220843962E-1,1.944135470E0,9.595282640E0
1.182045413E2,-6.195328905E-1,1.893089862E0,9.605648584E0
1.182145033E2,-6.171786553E-1,1.836086964E0,9.616858866E0
1.182244663E2,-6.127456253E-1,1.771357702E0,9.629274843E0
1.182344283E2,-6.066122981E-1,1.697408697E0,9.642973115E0
1.182443913E2,-5.802870369E-1,1.619902392E0,9.657912751E0
1.182543533E2,-5.395904890E-1,1.541111307E0,9.673154688E0
1.182643163E2,-5.213786781E-1,1.455632469E0,9.687383303E0
1.182742783E2,-5.178657075E-1,1.372091545E0,9.699756596E0
1.182842403E2,-5.130884226E-1,1.297143397E0,9.710317252E0
1.182942033E2,-5.086632498E-1,1.232254506E0,9.718997444E0
1.183041653E2,-5.057422002E-1,1.176512414E0,9.726055033E0
1.183141283E2,-5.013998751E-1,1.129164293E0,9.731889970E0
1.183240903E2,-4.958884358E-1,1.090659136E0,9.736563064E0
1.183340533E2,-4.905160872E-1,1.059512626E0,9.740273708E0
1.183440153E2,-4.812690080E-1,1.036116235E0,9.743251110E0
1.183539783E2,-4.704251638E-1,1.019836125E0,9.745498195E0
1.183639403E2,-4.665288717E-1,1.004951745E0,9.747231309E0
1.183739033E2,-4.637563413E-1,9.915232486E-1,9.748738722E0
1.183838653E2,-4.593624876E-1,9.784957983E-1,9.750263091E0
1.183938273E2,-4.534493446E-1,9.651408309E-1,9.751871075E0
1.184037903E2,-4.456672853E-1,9.510660712E-1,9.753612376E0
1.184137523E2,-4.360805925E-1,9.345866440E-1,9.755638436E0
1.184237153E2,-4.225230556E-1,9.136172131E-1,9.758221151E0
1.184336773E2,-4.029726342E-1,8.880615916E-1,9.761406714E0
1.184436403E2,-3.796319380E-1,8.588880786E-1,9.764951881E0
1.184536023E2,-3.552270486E-1,8.277639344E-1,9.768557859E0
1.184635653E2,-3.311139718E-1,7.967684289E-1,9.771981404E0
1.184735273E2,-3.070484767E-1,7.696957473E-1,9.774936587E0
1.184834893E2,-2.870962603E-1,7.510967045E-1,9.776989544E0
1.184934523E2,-2.779764311E-1,7.447228009E-1,9.777740911E0
1.185034143E2,-2.826775742E-1,7.516114788E-1,9.777079006E0
1.185133773E2,-2.988405208E-1,7.708054758E-1,9.775103817E0
1.185233393E2,-3.215538473E-1,8.009082576E-1,9.771962693E0
1.185333023E2,-3.479247899E-1,8.380855125E-1,9.767940393E0
1.185432643E2,-3.771716855E-1,8.803409281E-1,9.763136905E0
1.185532273E2,-4.122554911E-1,9.287530962E-1,9.757231218E0
1.185631893E2,-4.456112251E-1,9.752168260E-1,9.751229635E0
1.185731523E2,-4.630953135E-1,1.019895255E0,9.745843180E0
1.185831143E2,-4.750365704E-1,1.062189627E0,9.740749086E0
1.185930763E2,-4.832686095E-1,1.102531030E0,9.735860229E0
1.186030393E2,-4.895717618E-1,1.143086367E0,9.730867292E0
1.186130013E2,-4.948348406E-1,1.185363710E0,9.725541063E0
1.186229643E2,-5.006525278E-1,1.230888011E0,9.719586259E0
1.186329263E2,-5.065304414E-1,1.281719465E0,9.712709348E0
1.186428893E2,-5.118314175E-1,1.339960949E0,9.704567685E0
1.186528513E2,-5.182415007E-1,1.407870804E0,9.694608123E0
1.186628143E2,-5.266624049E-1,1.486000130E0,9.682485675E0
1.186727763E2,-5.363621682E-1,1.573541865E0,9.668111465E0
1.186827393E2,-5.455113431E-1,1.669713945E0,9.651454502E0
1.186927013E2,-5.539919254E-1,1.773922291E0,9.632361588E0
1.187026633E2,-5.625221359E-1,1.884952292E0,9.610755542E0
1.187126263E2,-5.704886384E-1,2.001847196E0,9.586618236E0
1.187225883E2,-5.772139596E-1,2.123575993E0,9.559987092E0
1.187325513E2,-5.830634411E-1,2.248832854E0,9.530943972E0
1.187425133E2,-5.882889150E-1,2.376202460E0,9.499667215E0
1.187524763E2,-5.935366083E-1,2.504719729E0,9.466266165E0
1.187624383E2,-5.991470848E-1,2.633763685E0,9.430822683E0
1.187724013E2,-6.055556332E-1,2.763071643E0,9.393340276E0
1.187823633E2,-6.106449035E-1,2.892217634E0,9.354052250E0
1.187923263E2,-6.128528852E-1,3.022568735E0,9.312603677E0
1.188022883E2,-6.142587751E-1,3.154987704E0,9.268486435E0
1.188122503E2,-6.153859721E-1,3.289545585E0,9.221512243E0
1.188222133E2,-6.147953302E-1,3.425585150E0,9.171885754E0
1.188321753E2,-6.129250983E-1,3.561983735E0,9.119906346E0
1.188421383E2,-6.115336072E-1,3.697618965E0,9.065855854E0
1.188521003E2,-6.109277260E-1,3.830653061E0,9.010492077E0
1.188620633E2,-6.100011981E-1,3.959977684E0,8.954472243E0
1.188720253E2,-6.084275662E-1,4.084766329E0,8.898348328E0
1.188819883E2,-6.071708168E-1,4.203763600E0,8.842839541E0
1.188919503E2,-6.054575827E-1,4.316788524E0,8.788336474E0
1.189019133E2,-6.036568595E-1,4.424563818E0,8.734697042E0
1.189118753E2,-6.026716768E-1,4.527733261E0,8.681734716E0
1.189218373E2,-6.028783758E-1,4.626046298E0,8.629735427E0
1.189318003E2,-6.025508952E-1,4.718666779E0,8.579464576E0
1.189417623E2,-6.011890421E-1,4.805662530E0,8.531135584E0
1.189517253E2,-6.005260044E-1,4.886787677E0,8.484972986E0
1.189616873E2,-6.002448995E-1,4.961838444E0,8.441324691E0
1.189716503E2,-5.986539453E-1,5.031895105E0,8.399865593E0
1.189816123E2,-5.957603044E-1,5.098987811E0,8.359515127E0
1.189915753E2,-5.937838724E-1,5.164437450E0,8.319381593E0
1.190015373E2,-5.927374401E-1,5.229076080E0,8.278980841E0
1.190114993E2,-5.919034444E-1,5.293557420E0,8.237960869E0
1.190214623E2,-5.902668088E-1,5.358257446E0,8.196143337E0
1.190314243E2,-5.883517360E-1,5.423335202E0,8.153365692E0
1.190413873E2,-5.873569784E-1,5.489063753E0,8.109333234E0
1.190513493E2,-5.862026650E-1,5.555730198E0,8.063890429E0
1.190613123E2,-5.840825742E-1,5.623733316E0,8.016768302E0
1.190712743E2,-5.813941341E-1,5.693247355E0,7.967748170E0
1.190812373E2,-5.781571520E-1,5.764790377E0,7.916376872E0
1.190911993E2,-5.756729259E-1,5.837835549E0,7.862847952E0
1.191011623E2,-5.743140696E-1,5.910836867E0,7.808218001E0
1.191111243E2,-5.740993306E-1,5.982359424E0,7.753572262E0
1.191210863E2,-5.752237867E-1,6.050809854E0,7.700189522E0
1.191310493E2,-5.768660503E-1,6.114804121E0,7.649345643E0
1.191410113E2,-5.776435838E-1,6.173965665E0,7.601616576E0
1.191509743E2,-5.774006320E-1,6.227640765E0,7.557724451E0
1.191609363E2,-5.764460740E-1,6.275049990E0,7.518481448E0
1.191708993E2,-5.750936130E-1,6.315157211E0,7.484928955E0
1.191808613E2,-5.736018787E-1,6.346778369E0,7.458249280E0
1.191908243E2,-5.722855974E-1,6.369077895E0,7.439317165E0
1.192007863E2,-5.708928271E-1,6.381896161E0,7.428430234E0
1.192107483E2,-5.705623864E-1,6.385476996E0,7.425378572E0
1.192207113E2,-5.715858684E-1,6.379802858E0,7.430175043E0
1.192306733E2,-5.713437936E-1,6.365690019E0,7.442288135E0
1.192406363E2,-5.704697445E-1,6.344322538E0,7.460578811E0
1.192505983E2,-5.710392633E-1,6.316486284E0,7.484117362E0
1.192605613E2,-5.729064255E-1,6.283212118E0,7.511931982E0
1.192705233E2,-5.753377343E-1,6.245139728E0,7.543428594E0
1.192804863E2,-5.780728060E-1,6.202486628E0,7.578330039E0
1.192904483E2,-5.803910808E-1,6.155803628E0,7.616123518E0
1.193004113E2,-5.821412255E-1,6.106292914E0,7.655743082E0
1.193103733E2,-5.845533847E-1,6.054935065E0,7.696243236E0
1.193203353E2,-5.878437591E-1,6.001836500E0,7.737474293E0
1.193302983E2,-5.912547324E-1,5.947483122E0,7.779071969E0
1.193402603E2,-5.949543388E-1,5.892119345E0,7.820809979E0
1.193502233E2,-5.991180680E-1,5.835821183E0,7.862591844E0
1.193601853E2,-6.023332692E-1,5.777875276E0,7.905026842E0
1.193701483E2,-6.047681228E-1,5.718838863E0,7.947655967E0
1.193801103E2,-6.071703783E-1,5.659596629E0,7.989768784E0
1.193900733E2,-6.097547745E-1,5.600907540E0,8.030823839E0
1.194000353E2,-6.113423667E-1,5.543197276E0,8.070645717E0
1.194099973E2,-6.126617909E-1,5.486085182E0,8.109476491E0
1.194199603E2,-6.133983573E-1,5.429451390E0,8.147447140E0
1.194299223E2,-6.146004718E-1,5.372765558E0,8.184848855E0
1.194398853E2,-6.161849210E-1,5.315161128E0,8.222255248E0
1.194498473E2,-6.172113997E-1,5.256083785E0,8.260068607E0
1.194598103E2,-6.176003127E-1,5.196018847E0,8.297955056E0
1.194697723E2,-6.180884090E-1,5.135966188E0,8.335221700E0
1.194797353E2,-6.198259091E-1,5.076362595E0,8.371527062E0
1.194896973E2,-6.231978522E-1,5.016820398E0,8.407093921E0
1.194996603E2,-6.273774420E-1,4.956150858E0,8.442692939E0
1.195096223E2,-6.312824319E-1,4.893320479E0,8.478974327E0
1.195195843E2,-6.345949526E-1,4.827919080E0,8.516136891E0
1.195295473E2,-6.372672033E-1,4.759447600E0,8.554393469E0
1.195395093E2,-6.394428791E-1,4.688795401E0,8.593160509E0
1.195494723E2,-6.422390907E-1,4.616032649E0,8.632257916E0
1.195594343E2,-6.451781206E-1,4.541448782E0,8.671510275E0
1.195693973E2,-6.473094307E-1,4.465471816E0,8.710720534E0
1.195793593E2,-6.490274157E-1,4.388393235E0,8.749678193E0
1.195893223E2,-6.511941015E-1,4.309901089E0,8.788446987E0
1.195992843E2,-6.527467565E-1,4.229635190E0,8.827242678E0
1.196092463E2,-6.535747954E-1,4.147062857E0,8.866274012E0
1.196192093E2,-6.541247991E-1,4.061632113E0,8.905693016E0
1.196291713E2,-6.546471747E-1,3.973146491E0,8.945481564E0
1.196391343E2,-6.548612559E-1,3.881147861E0,8.985763618E0
1.196490963E2,-6.524825355E-1,3.786993656E0,9.026020528E0
1.196590593E2,-6.490553362E-1,3.692489787E0,9.065337791E0
1.196690213E2,-6.467687094E-1,3.598618587E0,9.103171615E0
1.196789843E2,-6.462939886E-1,3.505563658E0,9.139443648E0
1.196889463E2,-6.462163668E-1,3.412551122E0,9.174584244E0
1.196989093E2,-6.467514601E-1,3.318818793E0,9.208868224E0
1.197088713E2,-6.470881867E-1,3.223378201E0,9.242684426E0
1.197188333E2,-6.459830629E-1,3.126085502E0,9.276119390E0
1.197287963E2,-6.434990926E-1,3.027829767E0,9.308826960E0
1.197387583E2,-6.408599518E-1,2.929882181E0,9.340299014E0
1.197487213E2,-6.394477031E-1,2.832407634E0,9.370415098E0
1.197586833E2,-6.386752128E-1,2.735216385E0,9.399296835E0
1.197686463E2,-6.390152284E-1,2.636740503E0,9.427372826E0
1.197786083E2,-6.398014596E-1,2.535128174E0,9.455151193E0
1.197885713E2,-6.394053838E-1,2.428807959E0,9.483045335E0
1.197985333E2,-6.371281857E-1,2.317705453E0,9.510962282E0
1.198084953E2,-6.309321105E-1,2.205276799E0,9.538069974E0
1.198184583E2,-6.233691026E-1,2.095172705E0,9.563355088E0
1.198284203E2,-6.166720672E-1,1.989692296E0,9.586289037E0
1.198383833E2,-6.116182091E-1,1.889348959E0,9.606892287E0
1.198483453E2,-6.069345528E-1,1.793631501E0,9.625519177E0
1.198583083E2,-6.026689359E-1,1.702496944E0,9.642322905E0
1.198682703E2,-5.995874167E-1,1.615841793E0,9.657414569E0
1.198782333E2,-5.976486627E-1,1.533116555E0,9.671011684E0
1.198881953E2,-5.960535788E-1,1.453424853E0,9.683407196E0
1.198981573E2,-5.943683016E-1,1.375318916E0,9.694912178E0
1.199081203E2,-5.918488460E-1,1.296806159E0,9.705880385E0
1.199180823E2,-5.905289833E-1,1.217972755E0,9.716167976E0
1.199280453E2,-5.898304968E-1,1.139861701E0,9.725683150E0
1.199380073E2,-5.854405900E-1,1.064514334E0,9.734483210E0
1.199479703E2,-5.740706061E-1,1.001086224E0,9.741887539E0
1.199579323E2,-5.640940137E-1,9.618742108E-1,9.746419716E0
1.199678953E2,-5.643546899E-1,9.503271293E-1,9.747537119E0
1.199778573E2,-5.751539855E-1,9.506959424E-1,9.746869951E0
1.199878203E2,-5.750459582E-1,9.510308417E-1,9.746843639E0
1.199977823E2,-5.672933543E-1,9.470876987E-1,9.747682130E0
1.200077443E2,-5.618630816E-1,9.408007725E-1,9.748605405E0
1.200177073E2,-5.581839039E-1,9.322859839E-1,9.749634515E0
1.200276698E2,-5.494029574E-1,9.197136663E-1,9.751327284E0
1.200376328E2,-5.340647241E-1,9.037659703E-1,9.753670263E0
1.200475948E2,-5.144417607E-1,8.858476896E-1,9.756368169E0
1.200575578E2,-4.919238043E-1,8.652887332E-1,9.759374222E0
1.200675198E2,-4.625043062E-1,8.403194413E-1,9.762994233E0
1.200774828E2,-4.245619066E-1,8.096825894E-1,9.767305970E0
1.200874448E2,-3.809978476E-1,7.722971736E-1,9.772128754E0
1.200974068E2,-3.314248975E-1,7.263989427E-1,9.777453813E0
1.201073698E2,-2.736827841E-1,6.696405320E-1,9.783291088E0
1.201173318E2,-2.072181782E-1,6.011524240E-1,9.789370438E0
1.201272948E2,-1.350907905E-1,5.224257317E-1,9.795148072E0
1.201372568E2,-5.871073663E-2,4.323459028E-1,9.800292453E0
1.201472198E2,1.733559313E-2,3.284256413E-1,9.804485491E0
1.201571818E2,8.374971547E-2,2.124527152E-1,9.807341856E0
1.201671448E2,1.402311783E-1,8.937932334E-2,9.808590236E0
1.201771068E2,1.961687861E-1,-2.847536007E-2,9.807997329E0
1.201870698E2,2.596369133E-1,-1.200019043E-1,9.805829181E0
1.201970318E2,3.061425603E-1,-1.703455997E-1,9.803742310E0
1.202069938E2,3.045110592E-1,-1.834112214E-1,9.803556953E0
1.202169568E2,2.848224060E-1,-1.746454046E-1,9.804308905E0
1.202269188E2,2.796799809E-1,-1.587147386E-1,9.804728150E0
1.202368818E2,2.889941568E-1,-1.487804471E-1,9.804613545E0
1.202468438E2,3.026767694E-1,-1.541802594E-1,9.804117116E0
1.202568068E2,3.208770321E-1,-1.753605921E-1,9.803182731E0
1.202667688E2,3.426762926E-1,-2.058578965E-1,9.801851905E0
1.202767318E2,3.639055957E-1,-2.390822144E-1,9.800332214E0
1.202866938E2,3.756086882E-1,-2.651558444E-1,9.799220073E0
1.202966558E2,3.766648415E-1,-2.801152512E-1,9.798763406E0
1.203066188E2,3.769544614E-1,-2.875026600E-1,9.798538288E0
1.203165808E2,3.781879681E-1,-2.877409524E-1,9.798483324E0
1.203265438E2,3.917223720E-1,-2.854311743E-1,9.798019055E0
1.203365058E2,3.942363824E-1,-2.826968518E-1,9.797998005E0
1.203464688E2,3.907121924E-1,-2.777165224E-1,9.798281595E0
1.203564308E2,3.935245570E-1,-2.762506802E-1,9.798210259E0
1.203663938E2,3.951826081E-1,-2.788947912E-1,9.798068756E0
1.203763558E2,3.986853826E-1,-2.850990341E-1,9.797748329E0
1.203863178E2,4.047203304E-1,-2.937209363E-1,9.797246053E0
1.203962808E2,4.107030553E-1,-3.036295732E-1,9.796695246E0
1.204062428E2,4.155532110E-1,-3.154216530E-1,9.796118125E0
1.204162058E2,4.175701350E-1,-3.275494361E-1,9.795633976E0
1.204261678E2,4.183615922E-1,-3.404809920E-1,9.795159182E0
1.204361308E2,4.184281773E-1,-3.541037985E-1,9.794673278E0
1.204460928E2,4.136641219E-1,-3.632463222E-1,9.794541131E0
1.204560558E2,4.081158816E-1,-3.676190528E-1,9.794610713E0
1.204660178E2,4.025760103E-1,-3.701757843E-1,9.794743445E0
1.204759808E2,3.949659687E-1,-3.719892617E-1,9.794984935E0
1.204859428E2,3.869547717E-1,-3.737858918E-1,9.795236365E0
1.204959048E2,3.784365479E-1,-3.751360505E-1,9.795517032E0
1.205058678E2,3.679762445E-1,-3.761502866E-1,9.795876635E0
1.205158298E2,3.556190679E-1,-3.775139304E-1,9.796280678E0
1.205257928E2,3.413817921E-1,-3.807225899E-1,9.796663086E0
1.205357548E2,3.207778122E-1,-3.859554094E-1,9.797154837E0
1.205457178E2,2.814623584E-1,-4.030570899E-1,9.797674654E0
1.205556798E2,1.977542586E-1,-4.476976944E-1,9.797783412E0
1.205656428E2,1.042495328E-1,-4.917923151E-1,9.797110398E0
1.205756048E2,4.269303395E-2,-5.312587549E-1,9.795511184E0
1.205855668E2,1.593446665E-2,-5.535479024E-1,9.794356944E0
1.205955298E2,7.172421413E-3,-5.574603110E-1,9.794145275E0
1.206054918E2,6.776619731E-3,-5.498380268E-1,9.794576799E0
1.206154548E2,1.148214654E-2,-5.367497655E-1,9.795298346E0
1.206254168E2,2.052153652E-2,-5.191889324E-1,9.796229807E0
1.206353798E2,3.575639980E-2,-4.999819984E-1,9.797185242E0
1.206453418E2,6.011923952E-2,-4.820807477E-1,9.797963507E0
1.206553048E2,9.400194931E-2,-4.667416007E-1,9.798439470E0
1.206652668E2,1.305747300E-1,-4.490955444E-1,9.798845267E0
1.206752288E2,1.649193470E-1,-4.253835865E-1,9.799384965E0
1.206851918E2,1.992968637E-1,-3.981786848E-1,9.799889579E0
1.206951538E2,2.361275067E-1,-3.717780676E-1,9.800108265E0
1.207051168E2,2.711565311E-1,-3.530056183E-1,9.799896011E0
1.207150788E2,2.861361840E-1,-3.617975283E-1,9.799149322E0
1.207250418E2,2.568918831E-1,-3.959978561E-1,9.798637106E0
1.207350038E2,1.952072663E-1,-4.428983363E-1,9.798052384E0
1.207449668E2,1.224264614E-1,-4.963138207E-1,9.796671857E0
1.207549288E2,5.422719216E-2,-5.526710759E-1,9.794269236E0
1.207648908E2,-5.804958099E-3,-6.058311467E-1,9.791273122E0
1.207748538E2,-5.587679677E-2,-6.504588872E-1,9.788252451E0
1.207848158E2,-9.145238969E-2,-6.830660315E-1,9.785762706E0
1.207947788E2,-1.098055205E-1,-6.995338373E-1,9.784410830E0
1.208047408E2,-1.093058668E-1,-6.975449069E-1,9.784558180E0
1.208147038E2,-9.023801437E-2,-6.785365590E-1,9.786089566E0
1.208246658E2,-6.292260940E-2,-6.386126476E-1,9.788989200E0
1.208346288E2,-2.121710165E-2,-5.799666826E-1,9.792817957E0
1.208445908E2,4.576478647E-2,-5.278288879E-1,9.795683092E0
1.208545538E2,1.075336854E-1,-4.985793244E-1,9.796732083E0
1.208645158E2,1.295622207E-1,-4.918795117E-1,9.796804004E0
1.208744778E2,1.175469143E-1,-5.043905066E-1,9.796319270E0
1.208844408E2,9.840115682E-2,-5.281949966E-1,9.795275542E0
1.208944028E2,9.064609520E-2,-5.516887802E-1,9.794055228E0
1.209043658E2,9.852385699E-2,-5.676987856E-1,9.793064709E0
1.209143278E2,1.169319517E-1,-5.807893858E-1,9.792094072E0
1.209242908E2,1.355453019E-1,-6.000261406E-1,9.790694248E0
1.209342528E2,1.406824554E-1,-6.336555243E-1,9.788502712E0
1.209442158E2,1.238041660E-1,-6.845534170E-1,9.785303115E0
1.209541778E2,9.355966226E-2,-7.467221832E-1,9.781091366E0
1.209641398E2,8.039154075E-2,-8.110987850E-1,9.776080887E0
1.209741028E2,1.016318988E-1,-8.690875961E-1,9.770898499E0
1.209840648E2,1.211057307E-1,-9.127667356E-1,9.766693182E0
1.209940278E2,1.334681608E-1,-9.574516692E-1,9.762252222E0
1.210039898E2,1.526263344E-1,-1.006183753E0,9.757069250E0
1.210139528E2,1.753445305E-1,-1.060549045E0,9.750927919E0
1.210239148E2,2.055503147E-1,-1.123556375E0,9.743278007E0
1.210338773E2,2.324005097E-1,-1.194700325E0,9.734206637E0
1.210438393E2,2.522395825E-1,-1.274199215E0,9.723625515E0
1.210538013E2,2.624031031E-1,-1.360702631E0,9.711628783E0
1.210637643E2,2.721845082E-1,-1.453360241E0,9.697925248E0
1.210737263E2,2.846316223E-1,-1.555341091E0,9.681735477E0
1.210836893E2,2.984731147E-1,-1.668525206E0,9.662454869E0
1.210936513E2,3.152632665E-1,-1.789398994E0,9.640267609E0
1.211036143E2,3.297051948E-1,-1.917362239E0,9.615150309E0
1.211135763E2,3.411918673E-1,-2.050262434E0,9.587288911E0
1.211235393E2,3.485278571E-1,-2.185014004E0,9.557214342E0
1.211335013E2,3.535904130E-1,-2.319021808E0,9.525398473E0
1.211434643E2,3.582335773E-1,-2.450164914E0,9.492337146E0
1.211534263E2,3.644067021E-1,-2.579805287E0,9.457690639E0
1.211633883E2,3.696071061E-1,-2.709202707E0,9.421237342E0
1.211733513E2,3.746490505E-1,-2.838284671E0,9.382956791E0
1.211833133E2,3.794724918E-1,-2.965078034E0,9.343468789E0
1.211932763E2,3.826060877E-1,-3.089275526E0,9.303014828E0
1.212032383E2,3.846394204E-1,-3.209714427E0,9.262066777E0
1.212132013E2,3.871817898E-1,-3.326460227E0,9.220675507E0
1.212231633E2,3.885276727E-1,-3.439968716E0,9.178875516E0
1.212331263E2,3.884191337E-1,-3.547971175E0,9.137676619E0
1.212430883E2,3.875458886E-1,-3.646967752E0,9.098655810E0
1.212530503E2,3.871784277E-1,-3.736292449E0,9.062356880E0
1.212630133E2,3.902109033E-1,-3.816830828E0,9.028601489E0
1.212729753E2,3.971207408E-1,-3.889252395E0,8.997338766E0
1.212829383E2,4.060912467E-1,-3.955790201E0,8.967882248E0
1.212929003E2,4.148650303E-1,-4.019500000E0,8.939105760E0
1.213028633E2,4.228669449E-1,-4.083131740E0,8.909843954E0
1.213128253E2,4.302239117E-1,-4.148139622E0,8.879411536E0
1.213227883E2,4.332380782E-1,-4.214478915E0,8.847969888E0
1.213327503E2,4.344553224E-1,-4.281653482E0,8.815599702E0
1.213427123E2,4.339343354E-1,-4.348138956E0,8.783022525E0
1.213526753E2,4.300394686E-1,-4.413131342E0,8.750738878E0
1.213626373E2,4.239646135E-1,-4.476714550E0,8.718680348E0
1.213726003E2,4.181121719E-1,-4.538490676E0,8.686966220E0
1.213825623E2,4.132323781E-1,-4.597915344E0,8.655894701E0
1.213925253E2,4.102464608E-1,-4.654279871E0,8.625861062E0
1.214024873E2,4.094383026E-1,-4.707308562E0,8.597075804E0
1.214124503E2,4.090171568E-1,-4.757602803E0,8.569365265E0
1.214224123E2,4.092541884E-1,-4.806092008E0,8.542252895E0
1.214323753E2,4.119321400E-1,-4.853900890E0,8.515048724E0
1.214423373E2,4.154792438E-1,-4.900786496E0,8.487977870E0
1.214522993E2,4.171577601E-1,-4.946960204E0,8.461067230E0
1.214622623E2,4.170444338E-1,-4.993252026E0,8.433837331E0
1.214722243E2,4.163665587E-1,-5.039522213E0,8.406303962E0
1.214821873E2,4.155314667E-1,-5.086095285E0,8.378249606E0
1.214921493E2,4.158959675E-1,-5.133959423E0,8.348987800E0
1.215021123E2,4.165492477E-1,-5.183477154E0,8.318302197E0
1.215120743E2,4.147593419E-1,-5.233730464E0,8.286865227E0
1.215220373E2,4.105421838E-1,-5.283621832E0,8.255355751E0
1.215319993E2,4.060636186E-1,-5.332558933E0,8.224051512E0
1.215419613E2,4.003902114E-1,-5.380043002E0,8.193346614E0
1.215519243E2,3.922656880E-1,-5.425326179E0,8.163826361E0
1.215618863E2,3.824191596E-1,-5.467778134E0,8.135923448E0
1.215718493E2,3.713249449E-1,-5.506765614E0,8.110101559E0
1.215818113E2,3.614557220E-1,-5.542454095E0,8.086201065E0
1.215917743E2,3.558549665E-1,-5.575128336E0,8.063957087E0
1.216017363E2,3.527028422E-1,-5.604846810E0,8.043469028E0
1.216116993E2,3.502202971E-1,-5.631322417E0,8.025064332E0
1.216216613E2,3.481431103E-1,-5.654251104E0,8.009016064E0
1.216316233E2,3.485222657E-1,-5.674201219E0,7.994878081E0
1.216415863E2,3.514974021E-1,-5.691589084E0,7.982378488E0
1.216515483E2,3.563107570E-1,-5.706722848E0,7.971352394E0
1.216615113E2,3.630645468E-1,-5.720030526E0,7.961503344E0
1.216714733E2,3.725447838E-1,-5.731573514E0,7.952758833E0
1.216814363E2,3.804408638E-1,-5.738646306E0,7.947282330E0
1.216913983E2,3.829606848E-1,-5.738834002E0,7.947026807E0
1.217013613E2,3.817889028E-1,-5.730609893E0,7.953014941E0
1.217113233E2,3.822725406E-1,-5.714910704E0,7.964280771E0
1.217212853E2,3.880695799E-1,-5.693521004E0,7.979305776E0
1.217312483E2,3.921800994E-1,-5.665643819E0,7.998923185E0
1.217412103E2,3.923053394E-1,-5.629053698E0,8.024709406E0
1.217511733E2,3.943036985E-1,-5.582775909E0,8.056875524E0
1.217611353E2,4.034685512E-1,-5.528035446E0,8.094080772E0
1.217710983E2,4.167222156E-1,-5.465936261E0,8.135477305E0
1.217810603E2,4.317706098E-1,-5.397485247E0,8.180270485E0
1.217910233E2,4.485869828E-1,-5.322999321E0,8.228034051E0
1.218009853E2,4.668154583E-1,-5.242351599E0,8.278642872E0
1.218109473E2,4.853726935E-1,-5.155992317E0,8.331642035E0
1.218209103E2,5.003809978E-1,-5.062079601E0,8.388150111E0
1.218308723E2,5.131312170E-1,-4.960578369E0,8.447807499E0
1.218408353E2,5.290071018E-1,-4.852177131E0,8.509561113E0
1.218507973E2,5.431707757E-1,-4.736187961E0,8.573773481E0
1.218607603E2,5.527941963E-1,-4.616040250E0,8.638442516E0
1.218707223E2,5.646114923E-1,-4.494802912E0,8.701382530E0
1.218806853E2,5.745948455E-1,-4.373448628E0,8.762356126E0
1.218906473E2,5.820068857E-1,-4.254107834E0,8.820427163E0
1.219006093E2,5.869011880E-1,-4.137705558E0,8.875305036E0
1.219105723E2,5.880746145E-1,-4.025453635E0,8.926700892E0
1.219205343E2,5.894584677E-1,-3.919686275E0,8.973555801E0
1.219304973E2,5.914675345E-1,-3.820328340E0,9.016172063E0
1.219404593E2,5.939244249E-1,-3.727576297E0,9.054751407E0
1.219504223E2,5.971382008E-1,-3.640200477E0,9.090020058E0
1.219603843E2,6.009290238E-1,-3.556656921E0,9.122783176E0
1.219703473E2,6.049474496E-1,-3.477088888E0,9.153140751E0
1.219803093E2,6.098530078E-1,-3.402012393E0,9.180985191E0
1.219902713E2,6.141538907E-1,-3.330878383E0,9.206745685E0
1.220002343E2,6.191251934E-1,-3.263906422E0,9.230368436E0
1.220101963E2,6.230248477E-1,-3.199772114E0,9.252534646E0
1.220201593E2,6.243971892E-1,-3.135681368E0,9.274358793E0
1.220301213E2,6.258194514E-1,-3.069744363E0,9.296295792E0
1.220400843E2,6.264388177E-1,-2.998489609E0,9.319481172E0
1.220500463E2,6.279050070E-1,-2.919679082E0,9.344373354E0
1.220600093E2,6.314033961E-1,-2.832636553E0,9.370891061E0
1.220699713E2,6.368384562E-1,-2.737552055E0,9.398741934E0
1.220799333E2,6.428376994E-1,-2.634374135E0,9.427774529E0
1.220898963E2,6.491537887E-1,-2.523017421E0,9.457752619E0
1.220998583E2,6.574995927E-1,-2.405074842E0,9.487855840E0
1.221098213E2,6.655970362E-1,-2.281961570E0,9.517653835E0
1.221197833E2,6.719261355E-1,-2.155921621E0,9.546550190E0
1.221297463E2,6.758914248E-1,-2.028281581E0,9.574202258E0
1.221397083E2,6.789978312E-1,-1.899957563E0,9.600272069E0
1.221496713E2,6.798311325E-1,-1.772331264E0,9.624591808E0
1.221596333E2,6.749421293E-1,-1.647517037E0,9.647084293E0
1.221695963E2,6.688152706E-1,-1.528478251E0,9.667085279E0
1.221795583E2,6.663003831E-1,-1.417810486E0,9.684108278E0
1.221895203E2,6.647373493E-1,-1.315951551E0,9.698581890E0
1.221994833E2,6.601109592E-1,-1.222030064E0,9.711179132E0
1.222094453E2,6.549768115E-1,-1.137662636E0,9.721770778E0
1.222194083E2,6.456703100E-1,-1.067430194E0,9.730354491E0
1.222293703E2,6.401634753E-1,-1.011420885E0,9.736699305E0
1.222393333E2,6.400384180E-1,-9.651364455E-1,9.741404559E0
1.222492953E2,6.397409409E-1,-9.265931348E-1,9.745166073E0
1.222592583E2,6.404805406E-1,-8.941110478E-1,9.748151076E0
1.222692203E2,6.416034984E-1,-8.656087951E-1,9.750649592E0
1.222791823E2,6.425605414E-1,-8.399321363E-1,9.752831773E0
1.222891453E2,6.408483305E-1,-8.128818934E-1,9.755236148E0
1.222991073E2,6.374692976E-1,-7.783788626E-1,9.758271437E0
1.223090703E2,6.298364154E-1,-7.317381815E-1,9.762375013E0
1.223190323E2,6.116216078E-1,-6.694214076E-1,9.768003543E0
1.223289953E2,5.797203321E-1,-5.923920524E-1,9.774921969E0
1.223389573E2,5.434499437E-1,-5.052674793E-1,9.781894773E0
1.223489203E2,5.036333288E-1,-4.132221820E-1,9.788345422E0
1.223588823E2,4.788375895E-1,-3.098660672E-1,9.793405602E0
1.223688443E2,4.747409571E-1,-1.867210378E-1,9.796726820E0
1.223788073E2,4.752590935E-1,-4.626956107E-2,9.798371642E0
1.223887693E2,4.749521147E-1,1.050073045E-1,9.797933101E0
1.223987323E2,4.256911135E-1,2.356627627E-1,9.797926084E0
1.224086943E2,3.400691288E-1,3.318950136E-1,9.798484493E0
1.224186573E2,2.719228818E-1,4.017978920E-1,9.797995666E0
1.224286193E2,2.503975817E-1,4.355926789E-1,9.797125016E0
1.224385823E2,2.619091413E-1,4.374273524E-1,9.796742608E0
1.224485443E2,2.750073795E-1,4.205327364E-1,9.797123262E0
1.224585063E2,2.863291970E-1,3.982971275E-1,9.797727864E0
1.224684693E2,2.975188125E-1,3.819429038E-1,9.798045952E0
1.224784313E2,3.000071500E-1,3.801641808E-1,9.798038936E0
1.224883943E2,2.899186747E-1,3.926823752E-1,9.797848901E0
1.224983563E2,2.748115708E-1,4.116331646E-1,9.797506839E0
1.225083193E2,2.637780942E-1,4.307145296E-1,9.796989360E0
1.225182813E2,2.564601211E-1,4.470441218E-1,9.796452586E0
1.225282443E2,2.496693292E-1,4.591712106E-1,9.796066670E0
1.225382063E2,2.446637289E-1,4.661412378E-1,9.795863771E0
1.225481683E2,2.427661978E-1,4.684811839E-1,9.795799452E0
1.225581313E2,2.446760994E-1,4.685037687E-1,9.795750920E0
1.225680933E2,2.453642802E-1,4.696726637E-1,9.795677830E0
1.225780563E2,2.435135268E-1,4.734019082E-1,9.795544513E0
1.225880183E2,2.416284758E-1,4.807504330E-1,9.795233442E0
1.225979813E2,2.386209239E-1,4.924891935E-1,9.794723564E0
1.226079433E2,2.338295692E-1,5.078892978E-1,9.794052889E0
1.226179063E2,2.296790876E-1,5.260051047E-1,9.793195102E0
1.226278683E2,2.249675292E-1,5.468809437E-1,9.792160730E0
1.226378303E2,2.191381841E-1,5.696204730E-1,9.790996549E0
1.226477933E2,2.144987839E-1,5.942664870E-1,9.789634148E0
1.226577553E2,2.077472964E-1,6.196787055E-1,9.788203919E0
1.226677183E2,1.976185667E-1,6.464859235E-1,9.786680135E0
1.226776803E2,1.911117303E-1,6.754609235E-1,9.784852295E0
1.226876433E2,1.849326303E-1,7.074344489E-1,9.782711045E0
1.226976053E2,1.782137958E-1,7.429317988E-1,9.780204343E0
1.227075683E2,1.742544451E-1,7.818024804E-1,9.777245067E0
1.227175303E2,1.760441864E-1,8.255371685E-1,9.773617455E0
1.227274933E2,1.816648773E-1,8.754980448E-1,9.769165969E0
1.227374553E2,1.868970390E-1,9.331370462E-1,9.763729813E0
1.227474173E2,1.918834714E-1,9.986396755E-1,9.757151111E0
1.227573803E2,1.990731895E-1,1.067732861E0,9.749688309E0
1.227673423E2,2.058721857E-1,1.135633433E0,9.741871167E0
1.227773053E2,2.182577396E-1,1.198633089E0,9.734050516E0
1.227872673E2,2.371544057E-1,1.252506922E0,9.726822773E0
1.227972303E2,2.609009717E-1,1.296334873E0,9.720470358E0
1.228071923E2,2.848482982E-1,1.332726920E0,9.714875157E0
1.228171553E2,3.082821296E-1,1.362381805E0,9.710045357E0
1.228271173E2,3.328831931E-1,1.383443476E0,9.706254607E0
1.228370793E2,3.566208787E-1,1.393799626E0,9.703929169E0
1.228470423E2,3.780291066E-1,1.390253582E0,9.703627453E0
1.228570043E2,3.955367301E-1,1.369685270E0,9.705854657E0
1.228669673E2,4.039963355E-1,1.330500008E0,9.710955768E0
1.228769293E2,4.125460611E-1,1.270068303E0,9.718684618E0
1.228868923E2,4.189261043E-1,1.189003894E0,9.728662307E0
1.228968543E2,4.250675080E-1,1.090522018E0,9.739926968E0
1.229068173E2,4.338998734E-1,9.785818986E-1,9.751420839E0
1.229167793E2,4.398832196E-1,8.624462555E-1,9.762110134E0
1.229267413E2,4.369164520E-1,7.518219054E-1,9.771384988E0
1.229367043E2,4.235552718E-1,6.460210698E-1,9.779537761E0
1.229466663E2,4.106425366E-1,5.434942729E-1,9.786321700E0
1.229566293E2,4.074591297E-1,4.489828027E-1,9.791245641E0
1.229665913E2,4.277485660E-1,3.733213305E-1,9.793557045E0
1.229765543E2,4.692029130E-1,3.274248173E-1,9.793300937E0
1.229865163E2,5.080786379E-1,3.072325178E-1,9.792015134E0
1.229964793E2,5.171861514E-1,3.042304477E-1,9.791632141E0
1.230064413E2,4.989341773E-1,3.116888271E-1,9.792344917E0
1.230164033E2,4.803657593E-1,3.202559847E-1,9.792996882E0
1.230263663E2,4.804805840E-1,3.243327000E-1,9.792857133E0
1.230363282E2,4.943557709E-1,3.181254055E-1,9.792370060E0
1.230462912E2,5.136893337E-1,2.973364160E-1,9.792027998E0
1.230562532E2,5.413506837E-1,2.631725602E-1,9.791515782E0
1.230662162E2,5.787484883E-1,2.196444433E-1,9.790449834E0
1.230761782E2,6.170633190E-1,1.739523633E-1,9.789028376E0
1.230861412E2,6.423880485E-1,1.301927972E-1,9.788078789E0
1.230961032E2,6.454179295E-1,9.568035602E-2,9.788277594E0
1.231060652E2,6.275775629E-1,7.234642982E-2,9.789638241E0
1.231160282E2,6.045919755E-1,5.562901644E-2,9.791193600E0
1.231259902E2,5.860180391E-1,3.916320691E-2,9.792402804E0
1.231359532E2,5.717086234E-1,1.740548335E-2,9.793311462E0
1.231459152E2,5.536962390E-1,-8.752545791E-3,9.794357529E0
1.231558782E2,5.304283772E-1,-3.544804140E-2,9.795585444E0
1.231658402E2,5.096572765E-1,-6.734130002E-2,9.796520414E0
1.231758032E2,4.850604888E-1,-1.052416591E-1,9.797435503E0
1.231857652E2,4.547625561E-1,-1.482660018E-1,9.798331881E0
1.231957272E2,4.243067852E-1,-1.968556512E-1,9.798842343E0
1.232056902E2,3.994304641E-1,-2.547498287E-1,9.798554075E0
1.232156522E2,3.763336333E-1,-3.237656297E-1,9.797430825E0
1.232256152E2,3.297955343E-1,-3.952954228E-1,9.796482992E0
1.232355772E2,2.652892888E-1,-4.576372301E-1,9.795728116E0
1.232455402E2,2.186450263E-1,-5.055257801E-1,9.794525928E0
1.232555022E2,1.953611577E-1,-5.289172009E-1,9.793782747E0
1.232654652E2,1.978601663E-1,-5.255205167E-1,9.793915479E0
1.232754272E2,2.217856023E-1,-4.992880435E-1,9.794775020E0
1.232853892E2,2.541409691E-1,-4.583644775E-1,9.795989487E0
1.232953522E2,2.790617109E-1,-4.101438057E-1,9.797448952E0
1.233053142E2,2.948667896E-1,-3.562652948E-1,9.799093189E0
1.233152772E2,3.045356358E-1,-2.877654010E-1,9.801048498E0
1.233252392E2,3.199226203E-1,-1.977534729E-1,9.802787459E0
1.233352022E2,3.451009502E-1,-8.509385331E-2,9.803558707E0
1.233451642E2,3.667299836E-1,4.807358698E-2,9.803024856E0
1.233551272E2,3.746689310E-1,1.931284350E-1,9.800939739E0
1.233650892E2,3.107707777E-1,3.165148996E-1,9.799966178E0
1.233750512E2,1.923039593E-1,4.174300942E-1,9.799228259E0
1.233850142E2,8.824896519E-2,5.032437580E-1,9.796685890E0
1.233949762E2,1.328949007E-2,5.716770118E-1,9.793319648E0
1.234049392E2,-3.578508770E-2,6.134749559E-1,9.790734009E0
1.234149012E2,-4.963575744E-2,6.236691378E-1,9.790029420E0
1.234248642E2,-3.179515102E-2,6.057638306E-1,9.791227514E0
1.234348262E2,-9.199290197E-3,5.744454126E-1,9.793162358E0
1.234447892E2,5.260855268E-3,5.468515980E-1,9.794744614E0
1.234547512E2,9.017500605E-3,5.318375927E-1,9.795568487E0
1.234647132E2,-5.582259767E-4,5.315741026E-1,9.795587198E0
1.234746762E2,-1.937704912E-2,5.446977761E-1,9.794846941E0
1.234846382E2,-4.206940556E-2,5.680012694E-1,9.793452380E0
1.234946012E2,-6.983272095E-2,5.954125047E-1,9.791665471E0
1.235045632E2,-9.388670434E-2,6.136600933E-1,9.790337568E0
1.235145262E2,-1.079667174E-1,6.191468281E-1,9.789846987E0
1.235244882E2,-1.010065756E-1,6.136667445E-1,9.790266232E0
1.235344512E2,-8.240058010E-2,5.976322174E-1,9.791432167E0
1.235444132E2,-6.033686557E-2,5.728472224E-1,9.793074650E0
1.235543752E2,-3.422957759E-2,5.427674275E-1,9.794913599E0
1.235643382E2,-7.489234863E-3,5.095052489E-1,9.796757226E0
1.235743002E2,1.166799207E-2,4.734225196E-1,9.798562846E0
1.235842632E2,2.971284332E-2,4.357528561E-1,9.800271987E0
1.235942252E2,5.044479281E-2,3.988509684E-1,9.801758934E0
1.236041882E2,6.612541721E-2,3.644524931E-1,9.803004976E0
1.236141502E2,7.226918719E-2,3.349455060E-1,9.804013621E0
1.236241132E2,6.753312524E-2,3.100574539E-1,9.804866145E0
1.236340752E2,5.550933124E-2,2.880122997E-1,9.805614004E0
1.236440372E2,3.991594456E-2,2.675654271E-1,9.806269476E0
1.236540002E2,2.174222501E-2,2.454898491E-1,9.806903899E0
1.236639622E2,6.671048367E-3,2.191259049E-1,9.807550017E0
1.236739252E2,1.374706667E-3,1.859841607E-1,9.808236480E0
1.236838872E2,1.053556798E-2,1.468297703E-1,9.808895461E0
1.236938502E2,3.516747783E-2,1.072601362E-1,9.809350374E0
1.237038122E2,7.564351028E-2,7.194441548E-2,9.809444515E0
1.237137752E2,1.380868399E-1,3.371352198E-2,9.808970305E0
1.237237372E2,2.268958861E-1,-5.683166992E-3,9.807374015E0
1.237336992E2,3.192538816E-1,-3.705880313E-2,9.804733998E0
1.237436622E2,3.525809277E-1,-5.779134419E-2,9.803491464E0
1.237536242E2,3.335488255E-1,-8.112480900E-2,9.803991986E0
1.237635872E2,3.197713602E-1,-1.067779328E-1,9.804205409E0
1.237735492E2,3.363314789E-1,-1.229572881E-1,9.803461643E0
1.237835122E2,3.619424296E-1,-1.171833819E-1,9.802620229E0
1.237934742E2,3.756552101E-1,-8.319696173E-2,9.802451829E0
1.238034372E2,3.721956684E-1,-2.149649577E-2,9.802913175E0
1.238133992E2,3.676547939E-1,6.383692207E-2,9.802900311E0
1.238233612E2,3.556835334E-1,1.519611132E-1,9.802371722E0
1.238333242E2,3.201208775E-1,1.996044821E-1,9.802743605E0
1.238432862E2,2.932556442E-1,2.010520152E-1,9.803554614E0
1.238532492E2,3.083127909E-1,1.722872042E-1,9.803639984E0
1.238632112E2,3.547233475E-1,1.294604700E-1,9.802729572E0
1.238731742E2,3.842414443E-1,8.804833260E-2,9.802076438E0
1.238831362E2,3.810418479E-1,6.294080429E-2,9.802395111E0
1.238930992E2,3.711100232E-1,6.102488186E-2,9.802788044E0
1.239030612E2,3.713239217E-1,7.997651635E-2,9.802643618E0
1.239130232E2,3.683798486E-1,1.066006251E-1,9.802501531E0
1.239229862E2,3.553947175E-1,1.254611755E-1,9.802757639E0
1.239329482E2,3.471039505E-1,1.303659205E-1,9.802990358E0
1.239429112E2,3.525914162E-1,1.235877367E-1,9.802882769E0
1.239528732E2,3.628604059E-1,1.106539698E-1,9.802662329E0
1.239628362E2,3.683249579E-1,9.917805078E-2,9.802581053E0
1.239727982E2,3.689279885E-1,9.499268691E-2,9.802600349E0
1.239827612E2,3.675430024E-1,9.902579477E-2,9.802612043E0
1.239927232E2,3.644853472E-1,1.065203629E-1,9.802647711E0
1.240026852E2,3.611564907E-1,1.119684056E-1,9.802710276E0
1.240126482E2,3.603429238E-1,1.128214230E-1,9.802730742E0
1.240226102E2,3.622450596E-1,1.097398125E-1,9.802695073E0
1.240325735E2,3.643652600E-1,1.055637310E-1,9.802662329E0
1.240425355E2,3.653788383E-1,1.029751869E-1,9.802652389E0
1.240524985E2,3.653726256E-1,1.032457577E-1,9.802650050E0
1.240624605E2,3.643871139E-1,1.053427611E-1,9.802664083E0
1.240724235E2,3.632715017E-1,1.073277264E-1,9.802683964E0
1.240823855E2,3.629848054E-1,1.078294357E-1,9.802689226E0
1.240923475E2,3.636129060E-1,1.065719829E-1,9.802679871E0
1.241023105E2,3.645736401E-1,1.047097361E-1,9.802664083E0
1.241122725E2,3.651938470E-1,1.035863306E-1,9.802652974E0
1.241222355E2,3.651839432E-1,1.037230367E-1,9.802651804E0
1.241321975E2,3.647884157E-1,1.045466353E-1,9.802657651E0
1.241421605E2,3.643736288E-1,1.053710562E-1,9.802664083E0
1.241521225E2,3.642914389E-1,1.055750235E-1,9.802665253E0
1.241620855E2,3.643598513E-1,1.051977502E-1,9.802667007E0
1.241720475E2,3.646536739E-1,1.045120636E-1,9.802662914E0
1.241820105E2,3.647854555E-1,1.040345380E-1,9.802663499E0
1.241919725E2,3.647485815E-1,1.039945942E-1,9.802665253E0
1.242019345E2,3.645334405E-1,1.041454615E-1,9.802671685E0
1.242118975E2,3.643691703E-1,1.042878595E-1,9.802676362E0
1.242218595E2,3.645235368E-1,1.041663196E-1,9.802671685E0
1.242318225E2,3.647649172E-1,1.037900695E-1,9.802666422E0
1.242417845E2,3.648916921E-1,1.035440753E-1,9.802664668E0
1.242517475E2,3.649144962E-1,1.034195022E-1,9.802665253E0
1.242617095E2,3.648055553E-1,1.034795824E-1,9.802668176E0
1.242716715E2,3.647396279E-1,1.035400188E-1,9.802670515E0
1.242816345E2,3.646935446E-1,1.035899577E-1,9.802671685E0
1.242915965E2,3.647076144E-1,1.034302556E-1,9.802672854E0
1.243015595E2,3.647933127E-1,1.033003470E-1,9.802670515E0
1.243115215E2,3.650265070E-1,1.031349164E-1,9.802664083E0
1.243214845E2,3.651753917E-1,1.027934208E-1,9.802661744E0
1.243314465E2,3.653721870E-1,1.029668090E-1,9.802652974E0
1.243414095E2,3.654653770E-1,1.030827483E-1,9.802648296E0
1.243513715E2,3.654655232E-1,1.032259868E-1,9.802646542E0
1.243613345E2,3.657445816E-1,1.035039397E-1,9.802633093E0
1.243712965E2,3.656736476E-1,1.037958254E-1,9.802632508E0
1.243812585E2,3.646496174E-1,1.013864071E-1,9.802696243E0
1.243912215E2,3.628839775E-1,7.243302800E-2,9.803018425E0
1.244011835E2,3.792262144E-1,2.196491257E-2,9.802643033E0
1.244111465E2,3.897562823E-1,-2.658315084E-2,9.802218525E0
1.244211085E2,3.805548479E-1,-5.762122676E-2,9.802446567E0
1.244310715E2,3.742040774E-1,-6.122431302E-2,9.802669346E0
1.244410335E2,3.799828441E-1,-3.608001806E-2,9.802571697E0