"Time (s)","X (rad/s)","Y (rad/s)","Z (rad/s)"
2.765729162E-2,-4.217943177E-2,-4.574540071E-4,-7.829620503E-3
3.761929157E-2,-1.760286242E-1,-2.080342621E-1,-7.800904568E-3
4.758129164E-2,-2.333273292E-1,-4.203670323E-1,-6.929518189E-3
5.754329159E-2,-2.984197438E-1,-5.019679666E-1,-3.906871192E-3
6.750529166E-2,-3.205274343E-1,-5.705392957E-1,-3.212318756E-3
7.746729162E-2,-2.741218507E-1,-3.437148631E-1,-8.899104781E-3
8.742929169E-2,-7.314456254E-2,7.025486976E-2,-1.515806559E-2
9.739129164E-2,1.556866765E-1,2.411453575E-1,7.258947007E-3
1.073532916E-1,2.664637864E-1,1.974790990E-1,1.607560739E-2
1.173152917E-1,1.592450589E-1,2.203443646E-1,6.015048362E-3
1.272782916E-1,5.597299710E-2,1.804866940E-1,-8.017679676E-3
1.372402916E-1,1.881689765E-2,3.601212800E-2,-3.537120065E-3
1.472022916E-1,-2.745659091E-2,-7.467150688E-2,1.695725136E-3
1.571642916E-1,-8.308611065E-2,-1.594900489E-1,1.670014113E-3
1.671262917E-1,-1.346960515E-1,-2.170670331E-1,-2.668541856E-3
1.770882916E-1,-1.337482929E-1,-1.672342271E-1,-7.028952707E-3
1.870502916E-1,-4.163115844E-2,-3.481147811E-2,-3.230751958E-3
1.970122916E-1,6.296542287E-2,8.236958086E-2,2.716022544E-3
2.069742916E-1,9.905259311E-2,1.255282462E-1,4.983171821E-3
2.169362917E-1,6.850510091E-2,8.853121102E-2,2.777373884E-3
2.268982916E-1,9.663089179E-3,2.023177780E-2,-4.588995944E-4
2.368602917E-1,-3.516500071E-2,-5.112579092E-2,1.181978034E-3
2.468222916E-1,-5.816086382E-2,-8.514154702E-2,-1.811681315E-3
2.567852916E-1,-4.452943057E-2,-5.747187510E-2,-1.864237362E-3
2.667472917E-1,-6.287238095E-3,4.082034808E-3,-1.775820507E-3
2.767092916E-1,3.248200193E-2,3.901785612E-2,6.706977729E-4
2.866712916E-1,3.562186658E-2,4.561636969E-2,4.619059619E-4
2.966332916E-1,1.620936580E-2,2.212893218E-2,-7.880369667E-4
3.065952916E-1,-1.064142399E-2,-1.482322626E-2,-1.520740916E-4
3.165572917E-1,-2.322233468E-2,-2.981181070E-2,-3.691960592E-4
3.265192916E-1,-1.744860224E-2,-2.378401160E-2,-5.814500037E-4
3.364812917E-1,-8.439467056E-4,1.505487598E-3,8.786096005E-4
3.464432916E-1,1.445138641E-2,1.707086526E-2,7.726157783E-4
3.564052916E-1,1.583074778E-2,1.832086593E-2,1.624005265E-3
3.663672917E-1,5.754144397E-3,9.585964493E-3,1.638386282E-3
3.763302916E-1,-4.819799680E-3,-8.583080024E-3,-7.420110051E-4
3.862922916E-1,-8.830253966E-3,-1.380846836E-2,3.536569420E-5
3.962542916E-1,-6.296664011E-3,-9.161301889E-3,-1.593861380E-4
4.062162916E-1,1.053083688E-4,1.033811248E-3,1.037704758E-3
4.161782917E-1,5.766975228E-3,7.728583179E-3,4.882137291E-4
4.261402916E-1,6.678042468E-3,6.938423030E-3,-6.593423896E-4
4.361022916E-1,2.203378361E-3,1.665116288E-3,-1.861859346E-4
4.460642916E-1,-2.185510937E-3,-1.380474772E-3,-3.121534246E-4
4.560262916E-1,-3.347259946E-3,-4.453273024E-3,-5.450585741E-4
4.659882917E-1,-1.671795035E-4,-2.395715099E-3,1.451246906E-3
4.759502916E-1,4.770652158E-4,1.992034959E-3,1.859385520E-4
4.859122917E-1,1.997996354E-3,4.527097568E-3,-7.107477286E-4
4.958742916E-1,2.165879356E-3,2.101193182E-3,1.268617809E-3
5.058372916E-1,6.460134173E-4,-6.378679536E-4,8.161467267E-4
5.157992917E-1,-3.600819036E-3,-1.844099956E-3,3.042640164E-4
5.257612916E-1,-1.066288562E-3,-1.469393261E-3,5.090610357E-4
5.357232916E-1,-7.822993211E-5,7.486792747E-4,-1.328012440E-4
5.456852916E-1,1.815543859E-3,1.997968182E-3,1.063506352E-4
5.556472916E-1,4.829446552E-4,4.066619091E-3,-4.238380352E-4
5.656092917E-1,2.247821540E-3,4.809390521E-4,-1.437170897E-3
5.755712916E-1,3.071813844E-4,2.949943300E-4,6.354397628E-4
5.855332917E-1,-1.492316485E-3,-4.307169002E-4,-1.753948396E-3
5.954952916E-1,1.544799656E-3,-1.220810786E-2,3.380114213E-4
6.054572916E-1,-2.404668368E-3,-5.344874691E-3,-6.899687578E-4
6.154192917E-1,-7.334711961E-3,-2.521043643E-5,-1.271336805E-3
6.253822916E-1,3.565872554E-3,4.678730853E-3,2.626199275E-3
6.353442916E-1,6.571996026E-3,6.310066208E-3,2.021210035E-3
6.453062916E-1,-2.093663439E-3,2.588163689E-2,-1.163930516E-3
6.552682916E-1,8.815361187E-3,-4.351885989E-3,2.797238529E-3
6.652302917E-1,-1.008774037E-3,-2.614706289E-3,-8.243770571E-5
6.751922916E-1,-6.591502111E-3,2.493830398E-3,-1.595055801E-3
6.851542917E-1,8.360537468E-4,-1.472217496E-2,-1.277074334E-3
6.951162916E-1,-3.991139587E-3,-4.361827392E-3,-2.050537150E-3
7.050782916E-1,-1.995366532E-3,3.075848799E-3,4.384530475E-4
7.150402917E-1,2.860266250E-3,-7.621715311E-3,8.489141474E-4
7.250022916E-1,-1.326755504E-3,4.849335179E-3,5.208126968E-4
7.349642917E-1,-4.750728840E-4,-7.532134186E-4,1.855194801E-3
7.449262916E-1,-1.686278614E-3,2.490516752E-3,1.760386396E-3
7.548892916E-1,9.708357393E-4,4.713767208E-3,1.056657638E-3
7.648512917E-1,2.700026147E-3,1.839950099E-3,2.224986441E-3
7.748132916E-1,1.908318605E-3,6.045255810E-3,-4.104305990E-4
7.847752916E-1,1.155975508E-3,-1.439303160E-4,-5.790087162E-4
7.947372916E-1,9.146225057E-4,-4.321254790E-3,-5.367988488E-4
8.046992916E-1,-2.522985451E-3,-3.657595022E-3,-1.924305689E-3
8.146612917E-1,-2.672660630E-3,-3.388293553E-3,5.994334351E-4
8.246232916E-1,-1.058252645E-3,-4.285246134E-3,1.451911172E-3
8.345852917E-1,-5.118959816E-4,-7.897978649E-4,1.055441331E-3
8.445472916E-1,-1.126881689E-4,1.164163346E-3,-9.035798721E-4
8.545092916E-1,2.762955846E-3,3.446678631E-3,9.726558346E-5
8.644712917E-1,-7.657326059E-4,4.672265612E-3,1.601162367E-4
8.744342916E-1,1.205674373E-3,2.022525296E-3,2.119073644E-3
8.843962916E-1,3.015312832E-4,1.655807951E-3,8.388597053E-5
8.943582916E-1,1.673989231E-3,3.466119757E-3,-6.159289042E-4
9.043202916E-1,6.943463814E-5,-2.121458296E-3,-2.380539430E-3
9.142822917E-1,-6.038387073E-4,-1.887026243E-3,1.138601918E-3
9.242442916E-1,-1.945805619E-3,-2.286233939E-3,-1.651858212E-3
9.342062917E-1,-2.063652035E-3,-2.822432667E-3,1.325238263E-4
9.441682916E-1,-2.257530577E-3,2.575130202E-4,-1.065632328E-3
9.541302916E-1,-4.694141680E-4,7.317720447E-4,-1.099652261E-3
9.640922917E-1,1.520233462E-3,-1.316465205E-3,1.499060309E-3
9.740542916E-1,-6.167566171E-4,2.388308058E-3,2.912482014E-4
9.840162917E-1,2.346723340E-5,1.874850714E-3,-4.469800042E-4
9.939782916E-1,3.398020053E-4,6.506873760E-4,-1.415086095E-3
1.003941292E0,-2.117386321E-4,6.275179330E-4,6.925394991E-4
1.013903292E0,5.140807480E-5,-1.509985887E-4,-9.043322061E-4
1.023865292E0,-3.789587645E-4,2.668513916E-4,5.122032017E-4
1.033827292E0,-1.136407373E-3,-2.188490005E-3,-4.452498397E-4
1.043789292E0,-1.082611387E-3,-1.429755474E-3,8.019187953E-5
1.053751292E0,-1.950546750E-3,-3.406766336E-4,-6.894725375E-4
1.063713292E0,-1.327899634E-3,1.621281262E-4,3.166696988E-4
1.073675292E0,8.093757788E-4,-3.002656158E-4,-4.887809046E-4
1.083637292E0,-4.929100396E-4,-2.896129154E-4,5.983025767E-5
1.093599292E0,1.470679417E-4,3.053189721E-4,-9.147994570E-4
1.103561292E0,1.338566188E-3,1.134627266E-3,-5.683221971E-4
1.113523292E0,6.008181954E-4,-3.384849988E-4,6.621391512E-4
1.123486292E0,-7.547308924E-4,1.344632707E-3,1.980137546E-3
1.133448292E0,6.166148232E-4,-1.820279984E-3,1.958367648E-4
1.143410292E0,-4.731506342E-4,4.585867282E-4,-4.252123763E-4
1.153372292E0,-1.829498564E-3,-5.582082085E-4,8.110270137E-4
1.163334292E0,-4.313391401E-4,-1.635276712E-4,4.062264925E-4
1.173296292E0,-2.074243035E-3,-8.338452317E-4,1.044319943E-3
1.183258292E0,-7.580709644E-5,-1.600302989E-3,-8.214907721E-4
1.193220292E0,-3.255120246E-4,2.331346739E-3,-3.757117665E-4
1.203182292E0,1.024578232E-4,1.948384219E-3,1.017653965E-3
1.213144292E0,7.096322952E-4,-1.606595470E-3,4.943832755E-4
1.223106292E0,-2.664163476E-4,3.606816754E-4,-7.098980714E-4
1.233068292E0,-4.750766093E-4,-1.554235583E-3,4.885884700E-4
1.243031292E0,-1.130214077E-3,7.699051639E-4,-4.539042129E-4
1.252993292E0,-1.954650041E-3,2.557499101E-4,4.148258595E-4
1.262955292E0,-1.127738389E-3,-2.209560480E-4,-1.337534166E-3
1.272917292E0,2.526128665E-4,7.201335393E-5,-1.258596545E-3
1.282879292E0,-4.834848223E-4,2.129305154E-3,-5.043892888E-4
1.292841292E0,4.203398712E-4,-5.158639979E-4,-7.455906598E-4
1.302803292E0,8.922519628E-4,6.417254917E-5,-1.149541349E-4
1.312765292E0,-2.234302228E-4,-1.951029059E-3,-6.204392412E-4
1.322727292E0,6.463582395E-4,-1.110002864E-3,1.349500963E-3
1.332689292E0,-5.014381604E-4,3.850216744E-4,3.822004655E-4
1.342651292E0,2.314638114E-4,-1.841114834E-3,-8.145585889E-5
1.352613292E0,-5.326283863E-4,-7.972337771E-4,-9.420886636E-5
1.362576292E0,-6.743086269E-4,5.215636920E-4,-4.627903691E-4
1.372538292E0,-1.151467324E-3,-2.114451490E-5,-3.220304498E-4
1.382500292E0,1.845939551E-5,-1.199326944E-3,2.231185790E-4
1.392462292E0,8.140545106E-4,-3.667017445E-4,-4.031423596E-4
1.402424292E0,7.765039336E-4,9.137461893E-4,-7.432280108E-4
1.412386292E0,1.166515285E-4,6.480064476E-4,-7.169841556E-4
1.422348292E0,-5.325814709E-5,-1.165852882E-5,9.624052327E-4
1.432310292E0,5.766947288E-5,1.425871160E-4,2.141194884E-3
1.442272292E0,-1.237168908E-5,-1.344521996E-3,7.720638532E-4
1.452234292E0,-2.255232539E-5,1.180948690E-3,1.721240114E-4
1.462196292E0,8.464370621E-4,1.167494338E-4,2.197990660E-3
1.472158292E0,8.907634765E-5,6.483405596E-4,1.980656525E-4
1.482120292E0,4.051935393E-4,-1.169000519E-3,2.430729801E-4
1.492083292E0,-2.526643686E-3,5.601041019E-3,9.073014371E-4
1.502045292E0,7.881929632E-4,-6.259347312E-3,1.235331874E-4
1.512007292E0,-2.842893824E-3,3.804634325E-3,-4.591024481E-4
1.521969292E0,-6.814725930E-4,-1.363762422E-3,-2.700180048E-4
1.531931292E0,-3.219711361E-4,-2.047112677E-3,9.181792848E-5
1.541893292E0,-7.491420256E-4,1.168920775E-3,-1.321539748E-4
1.551855292E0,1.545118517E-3,-3.522887826E-3,-4.154333146E-4
1.561817292E0,-2.084769774E-3,8.761215722E-4,-2.447246807E-4
1.571779292E0,-1.387231634E-3,9.499521693E-4,-3.362799762E-4
1.581741292E0,3.276496194E-3,-3.201649524E-3,-6.201729411E-4
1.591703292E0,-1.326750731E-3,4.745684564E-3,-1.046934980E-3
1.601666292E0,1.467704074E-3,9.128632955E-4,1.259210985E-4
1.611628292E0,-6.173904985E-4,-4.059039056E-4,-1.276603900E-3
1.621590292E0,-1.039501512E-3,2.937086392E-4,-1.693654805E-3
1.631552292E0,-2.547223121E-4,-1.295934897E-3,-5.726594245E-4
1.641514292E0,-2.213477157E-3,2.990321955E-4,-1.356960274E-3
1.651476292E0,-2.631072421E-4,-2.046956448E-3,9.349019965E-4
1.661438292E0,-3.993441351E-5,-1.201592386E-4,-7.711189683E-4
1.671400292E0,1.194946934E-3,5.174756516E-4,3.905512858E-5
1.681362292E0,-5.744572263E-4,5.917778471E-4,-4.885170492E-4
1.691324292E0,-8.619057480E-4,1.891602296E-4,5.878919037E-4
1.701286292E0,1.508945134E-4,-5.386818666E-4,-8.297087625E-4
1.711248292E0,8.815829642E-5,1.922892639E-3,-8.164831088E-4
1.721210292E0,-1.695360639E-3,5.961058196E-4,3.579709446E-4
1.731173292E0,-1.158172381E-3,4.212709609E-4,1.035576803E-3
1.741135292E0,-2.550942590E-4,-8.264200296E-4,-6.573946448E-4
1.751097292E0,-1.316525158E-3,4.281649599E-4,2.465866273E-4
1.761059292E0,6.030813092E-4,2.895714715E-5,5.070437910E-4
1.771021292E0,-8.964829613E-5,9.041081648E-4,9.114993736E-5
1.780983292E0,-8.430565940E-4,9.634966264E-4,3.428186756E-4
1.790945292E0,3.068062942E-4,1.645067940E-3,-1.952957246E-4
1.800907292E0,-5.911197513E-5,2.088253386E-4,-3.119421890E-4
1.810869292E0,1.401429763E-4,9.988937527E-4,-6.706228014E-4
1.820831292E0,4.248348996E-4,-1.022445504E-3,-1.022426412E-3
1.830793292E0,-7.610360626E-5,1.303768484E-3,-1.905829413E-4
1.840755292E0,2.093872754E-4,-8.477992378E-4,2.283322392E-4
1.850718292E0,-1.319074421E-3,1.084422693E-4,-4.332032404E-4
1.860680292E0,-1.066352706E-5,-8.625462651E-4,1.875757356E-3
1.870642292E0,-6.938780425E-4,1.943393145E-4,1.377897453E-3
1.880604292E0,-1.245152322E-3,3.701080568E-4,7.481279317E-5
1.890566292E0,-4.627156304E-4,-3.843654413E-4,2.931919880E-4
1.900528292E0,-1.657143352E-3,-7.606702857E-4,-9.909161599E-5
1.910490542E0,-5.857538199E-4,1.628984232E-3,-2.318836283E-3
1.920452542E0,1.713885809E-3,1.066524652E-3,-1.449846895E-3
1.930414542E0,5.773272133E-4,-1.794670243E-4,1.898682676E-4
1.940376542E0,-9.657082846E-4,-2.569651697E-4,-1.638125512E-3
1.950338542E0,-6.726518041E-4,-4.405737855E-5,-5.549033522E-4
1.960300542E0,-2.128601540E-3,-2.296795137E-4,2.056953963E-4
1.970263542E0,-8.415248012E-4,-5.631847307E-4,-2.096576849E-3
1.980225542E0,5.603630561E-4,-7.543996908E-4,-5.351654836E-4
1.990187542E0,-6.573664723E-4,-1.730134944E-3,-7.969094440E-5
2.000149542E0,4.105611006E-4,6.456711562E-4,2.870262833E-4
2.010111542E0,6.882334128E-5,6.080596941E-4,-1.098141074E-3
2.020073542E0,2.797456691E-4,-2.992793452E-4,8.337160107E-4
2.030035542E0,-8.521181298E-4,2.185860649E-5,-2.104587038E-4
2.039997542E0,1.651253318E-3,-3.383525647E-3,1.800760510E-3
2.049959542E0,-2.428897191E-3,2.077329904E-3,-6.437255070E-5
2.059921542E0,3.245447297E-4,-3.600529628E-3,7.207272574E-4
2.069883542E0,-9.108433733E-4,2.321433276E-4,-1.119030640E-5
2.079845542E0,-6.269504083E-4,1.661728136E-3,1.038095099E-3
2.089808542E0,-1.304353471E-3,-3.841428552E-4,2.906502923E-4
2.099770542E0,2.594547113E-4,-3.489921568E-3,5.665537901E-4
2.109732542E0,-6.926009664E-4,-3.018684220E-4,-1.153942430E-4
2.119694542E0,-6.489251973E-4,2.683801576E-3,-7.915708120E-4
2.129656542E0,7.705262396E-5,6.962843472E-4,8.500016993E-4
2.139618542E0,1.536198542E-3,-3.448710777E-5,5.099159898E-4
2.149580542E0,9.621811914E-4,3.357345238E-3,-3.157684114E-4
2.159542542E0,4.552118480E-5,-3.119581379E-4,-9.954071138E-4
2.169504542E0,-2.479326213E-4,-2.521111164E-4,1.427874668E-4
2.179466542E0,-1.076442073E-3,-3.357343376E-4,-2.612140379E-4
2.189428542E0,-4.019170301E-4,7.462477079E-4,3.078462323E-4
2.199391542E0,-8.434691699E-4,-5.483150017E-4,-1.398441033E-3
2.209353542E0,-7.022020873E-5,-1.556483563E-3,4.321517190E-4
2.219315542E0,-2.020985819E-3,-3.411641344E-3,-3.212565789E-4
2.229277542E0,-7.052373840E-4,7.713438245E-4,-9.734253399E-4
2.239239542E0,-3.201443469E-4,5.859878147E-4,-8.453272749E-4
2.249201542E0,1.295699738E-3,1.330439001E-3,-4.583359696E-4
2.259163542E0,9.897025302E-4,7.232382195E-4,-6.729867309E-4
2.269125542E0,-6.275821943E-4,1.761233434E-4,2.224986674E-4
2.279087542E0,-9.074804839E-4,-1.423906069E-4,-3.889631480E-4
2.289049542E0,-1.211243914E-3,4.568690201E-4,1.661758753E-3
2.299011542E0,1.440388151E-4,-5.636543501E-4,1.253811643E-4
2.308973542E0,-7.824160857E-4,2.187492559E-3,4.700920545E-5
2.318936542E0,1.469819341E-3,6.252821768E-4,7.349036168E-4
2.328898542E0,1.171472366E-3,9.072014363E-4,-9.096220601E-4
2.338860542E0,-5.800887011E-4,-1.086707227E-3,-3.114761203E-4
2.348822542E0,-8.009963203E-4,-1.164151588E-3,1.846246887E-4
2.358784542E0,1.220552949E-4,1.755205449E-3,-5.751751596E-4
2.368746542E0,-3.522174666E-4,2.365889493E-3,-4.345229827E-4
2.378708542E0,2.133044647E-3,-1.364133786E-3,9.931976674E-4
2.388670542E0,-1.468815724E-3,1.532216906E-3,-5.042813718E-4
2.398632542E0,7.959364448E-4,-2.713660942E-3,-5.231897812E-4
2.408594542E0,-2.056649420E-3,1.767458743E-3,4.231367493E-4
2.418556542E0,7.740247529E-4,-2.900796477E-3,7.852376439E-5
2.428518542E0,-1.181666506E-3,-1.107633580E-4,1.957546920E-5
2.438481542E0,-1.001567580E-4,2.049592789E-3,-1.362194889E-4
2.448443542E0,1.737268758E-3,1.210496062E-3,3.691350576E-4
2.458405542E0,2.805995289E-3,1.064288546E-3,1.007761108E-3
2.468367542E0,-1.363225747E-4,2.806026954E-3,-3.707167925E-4
2.478329542E0,-4.439176992E-4,-2.228945261E-3,2.596534323E-4
2.488291542E0,-9.001466678E-4,-3.177707084E-3,7.056356408E-4
2.498253542E0,-3.899398725E-3,-5.511168856E-3,5.688960664E-5
2.508215542E0,-3.299081698E-3,-4.765987396E-4,3.018645803E-4
2.518177542E0,9.857944679E-5,2.408567816E-4,-8.941609995E-4
2.528139542E0,3.391828388E-3,4.060170613E-4,4.972008755E-4
2.538101542E0,3.080238588E-3,4.457750358E-3,3.986639204E-4
2.548063542E0,1.348671736E-3,3.995198756E-3,-1.062929514E-3
2.558026542E0,2.935915720E-3,8.582611335E-4,-3.995360457E-4
2.567988542E0,-8.299767505E-4,2.570181619E-3,-4.472197033E-4
2.577950542E0,-5.575353280E-4,-2.212056424E-3,-1.993451035E-3
2.587912542E0,-9.056458948E-4,-2.811210928E-3,-2.314834390E-3
2.597874542E0,-4.331429955E-5,-2.798428060E-3,5.390091101E-4
2.607836542E0,-1.653285581E-3,-1.834337832E-3,-1.062690746E-3
2.617798542E0,-1.266328269E-3,-7.251312491E-4,-1.529010246E-3
2.627760542E0,5.749412812E-4,-8.578875568E-4,-3.456331324E-4
2.637722542E0,2.686777152E-4,-3.031510860E-4,-3.424373572E-4
2.647684542E0,2.910171170E-4,8.523045108E-5,1.490098308E-3
2.657646542E0,7.277755067E-4,3.287148895E-3,-3.703860566E-4
2.667608542E0,1.780756051E-3,2.509252168E-3,-1.425717492E-4
2.677571542E0,2.240950242E-3,2.288742224E-3,1.455482561E-5
2.687533542E0,3.556433367E-4,-2.323414665E-4,6.789411418E-5
2.697495542E0,1.194209326E-4,-1.348738559E-3,-1.281145378E-4
2.707457542E0,1.192524796E-4,-2.420883393E-3,-4.760987358E-4
2.717419542E0,-1.470388379E-3,-1.530056121E-3,-5.496019730E-4
2.727381542E0,-1.077127294E-3,4.215305671E-5,-5.523879081E-4
2.737343542E0,-1.072039595E-4,9.798520477E-4,9.672116721E-4
2.747305542E0,-7.315753028E-4,1.500118757E-3,-3.425095347E-4
2.757267542E0,-1.967015909E-3,1.903760713E-4,7.110369625E-4
2.767229542E0,-8.871792816E-4,-2.322103828E-4,1.176895224E-3
2.777191542E0,2.373595024E-3,-7.406077348E-4,-8.572272491E-4
2.787153542E0,-1.969135832E-3,-1.245334046E-3,-1.348440535E-3
2.797116542E0,-5.723080831E-4,-2.509003738E-3,7.615820505E-4
2.807078542E0,-2.251717960E-4,-3.265830455E-3,-1.337360591E-4
2.817040542E0,-1.901897951E-3,9.459586581E-4,1.671354636E-3
2.827002542E0,2.935156226E-4,2.074781805E-3,4.179110983E-4
2.836964542E0,2.433099318E-3,5.439968081E-4,7.694483502E-4
2.846926542E0,1.541736652E-3,5.944214063E-4,-1.331827720E-3
2.856888542E0,3.257372882E-4,1.545436215E-3,6.066871574E-4
2.866850542E0,6.020023720E-4,2.882350236E-5,-2.151082153E-4
2.876812542E0,-1.475529512E-3,7.111253217E-4,9.170016274E-4
2.886774542E0,2.763833618E-4,-3.951170947E-4,4.373890115E-4
2.896736542E0,3.791813506E-4,-1.098724315E-3,1.980527304E-5
2.906698542E0,1.588981831E-4,1.895301510E-3,3.240972292E-4
2.916661917E0,-2.432391047E-4,-9.590743575E-4,-4.639321123E-4
2.926623917E0,-2.376354299E-3,-2.400690690E-3,8.612114470E-5
2.936585917E0,-1.418947941E-3,4.451633431E-4,-1.755720936E-3
2.946547917E0,7.560993545E-4,1.802390907E-4,-5.938407267E-4
2.956509917E0,-6.348696770E-4,1.978405286E-3,-1.505174441E-3
2.966471917E0,-9.040522855E-5,-9.066101629E-4,9.941406315E-4
2.976433917E0,6.683294196E-4,-1.337775961E-3,1.334069530E-4
2.986395917E0,-2.561953152E-4,2.373190364E-3,5.425820127E-4
2.996357917E0,2.119883429E-4,-2.172663808E-4,9.681552183E-4
3.006319917E0,-3.531062976E-4,5.507286405E-4,-4.035234451E-5
3.016281917E0,-5.840023514E-4,2.708304673E-4,-2.137240954E-4
3.026243917E0,6.503338227E-4,-6.117548328E-4,2.358335769E-4
3.036206917E0,-2.945557935E-4,3.541737096E-4,-1.276878756E-4
3.046168917E0,-1.121909590E-4,1.040720032E-3,9.339244571E-5
3.056130917E0,8.444165578E-4,-1.488750335E-3,-6.166062667E-4
3.066092917E0,-1.415709732E-3,-5.131298676E-4,-4.555537598E-4
3.076054917E0,-7.773500402E-4,4.008669639E-4,-2.793543041E-3
3.086016917E0,-2.513075015E-4,1.513714087E-3,8.765513776E-4
3.095978917E0,9.015749674E-4,3.310042666E-4,-1.857183408E-3
3.105940917E0,4.833069397E-4,-2.783107106E-3,5.299408222E-4
3.115902917E0,-1.881313743E-3,1.508577028E-3,1.252722694E-3
3.125864917E0,-7.097221678E-4,-2.691885456E-3,4.187738523E-5
3.135826917E0,-1.161394292E-3,-6.143532228E-4,-3.874241957E-4
3.145789917E0,-4.825772485E-4,8.594546234E-4,-3.315105569E-4
3.155751917E0,1.435697544E-3,-2.099850215E-3,9.595899610E-4
3.165713917E0,-9.368918836E-5,2.296469174E-4,1.073665218E-3
3.175675917E0,-3.815768287E-4,1.178531325E-3,1.871015644E-3
3.185637917E0,3.137694672E-3,-1.715241931E-3,2.728820313E-3
3.195599917E0,8.809320861E-4,5.689677317E-3,1.485656598E-3
3.205561917E0,5.753323203E-4,4.684784450E-3,-3.824809100E-4
3.215523917E0,9.503054316E-4,-1.224770211E-3,5.482939305E-4
3.225485917E0,1.142016612E-3,-9.634944145E-4,6.975899450E-4
3.235447917E0,-3.136672312E-4,1.292469446E-3,-1.865702565E-3
3.245409917E0,-1.416390296E-3,1.944975695E-3,-1.501677325E-3
3.255371917E0,-6.139799953E-4,-3.469230607E-3,-1.134161139E-3
3.265334917E0,-2.200312447E-4,-2.646593144E-3,-8.686115034E-4
3.275296917E0,-2.420600969E-3,9.350922192E-4,-1.078468515E-3
3.285258917E0,-4.189964384E-4,-2.939511556E-3,-1.730041113E-3
3.295220917E0,-2.450455679E-3,-1.175966347E-3,9.435063694E-4
3.305182917E0,-1.426802482E-3,1.787567395E-3,-1.301889075E-3
3.315144917E0,2.454488538E-3,6.594524020E-4,-8.269399405E-5
3.325106917E0,1.471514348E-3,4.083420150E-3,-9.533925913E-5
3.335068917E0,2.081378130E-3,4.791554995E-3,3.550013062E-4
3.345030917E0,2.344099572E-3,-3.133109072E-3,-2.991640940E-6
3.354992917E0,-5.872419570E-4,9.801430861E-4,5.552069051E-4
3.364954917E0,-1.388747245E-3,5.129942438E-4,-7.578933728E-4
3.374916917E0,-1.703532878E-3,-2.557896776E-3,-4.287266638E-4
3.384879917E0,-9.957730072E-4,3.124168143E-4,-9.503756301E-4
3.394841917E0,-7.251958596E-4,-8.806793485E-4,-1.169287483E-3
3.404803917E0,1.571730594E-3,-2.910529729E-4,-2.525200602E-3
3.414765917E0,1.777592930E-3,2.352933167E-3,-2.111345297E-3
3.424727917E0,9.628682747E-4,8.629936492E-4,-9.470347431E-4
3.434689917E0,1.788181951E-3,1.590036671E-3,-3.303785343E-5
3.444651917E0,-3.294096095E-4,1.743370667E-3,2.429099986E-4
3.454613917E0,-4.963896936E-4,3.768704832E-3,-1.834621071E-4
3.464575917E0,-1.549092121E-4,-6.025161128E-4,1.474248711E-3
3.474537917E0,-1.472641248E-3,-4.656380042E-3,5.948729813E-4
3.484499917E0,-1.009730506E-3,-2.629469382E-3,4.981287057E-4
3.494462917E0,-3.362366930E-3,1.843842329E-3,1.047805068E-3
3.504424917E0,-1.616061083E-3,-2.246110700E-3,1.873825444E-3
3.514386917E0,1.994919032E-3,-1.855690964E-3,9.537034202E-4
3.524348917E0,2.946642227E-3,-1.104820985E-4,5.264235660E-4
3.534310917E0,1.308822539E-4,3.140438581E-3,9.932757821E-4
3.544272917E0,1.008607214E-3,7.107187994E-4,3.925474593E-4
3.554234917E0,7.588027511E-4,-2.238465939E-3,8.825691184E-4
3.564196917E0,2.351346891E-3,1.052326057E-3,-6.231511943E-4
3.574158917E0,-1.156835351E-3,2.904820722E-3,-1.002119039E-3
3.584120917E0,2.207644284E-4,3.527882043E-3,-7.751369849E-4
3.594082917E0,1.600015559E-3,3.887480125E-5,-2.110179514E-3
3.604044917E0,-8.340505883E-5,3.317184746E-5,-4.037418403E-4
3.614007917E0,-6.487939972E-4,-8.986610919E-5,-1.912688836E-3
3.623969917E0,8.994447417E-4,-8.617704734E-4,-1.895755995E-3
3.633931917E0,-1.512047485E-3,-4.638398997E-3,1.977549400E-4
3.643893917E0,-2.988100285E-3,-6.358019076E-3,-2.219928894E-3
3.653855917E0,-3.603556892E-3,-1.968597528E-3,1.779073966E-3
3.663817917E0,-1.994815888E-3,-1.262741629E-3,5.283148494E-5
3.673779917E0,6.425125757E-4,1.411604811E-3,1.609449158E-3
3.683741917E0,1.968180994E-3,3.222536761E-4,2.088100184E-3
3.693703917E0,2.478442620E-3,4.736443050E-3,6.060508313E-4
3.703665917E0,1.670946018E-3,4.528049845E-3,-3.748888266E-4
3.713627917E0,1.060549403E-3,3.031619592E-3,-8.257619920E-4
3.723589917E0,2.565140370E-3,1.391556812E-3,9.010732174E-5
3.733552917E0,1.864050282E-4,1.526542474E-4,4.911792930E-4
3.743514917E0,-2.755835885E-3,-4.021567293E-3,-1.443408430E-3
3.753476917E0,-3.090062412E-3,-5.663938820E-3,4.476599861E-5
3.763438917E0,-3.514571814E-3,-5.014336668E-3,-1.796102733E-4
3.773400917E0,-1.890043495E-3,-1.809488516E-3,8.505004225E-4
3.783362917E0,-2.362409141E-4,3.026309423E-3,-5.911437329E-4
3.793324917E0,2.461541211E-3,3.120052628E-3,9.279232472E-4
3.803286917E0,1.200480852E-3,1.457070583E-3,-1.998329535E-4
3.813248917E0,5.866222782E-4,-1.858298434E-3,5.573037779E-4
3.823210917E0,-5.038076779E-4,1.489146845E-3,-2.002310241E-3
3.833172917E0,-3.520074533E-4,3.224159591E-4,-9.058867581E-4
3.843135917E0,2.004192211E-3,-1.664642943E-3,-6.446511834E-4
3.853097917E0,-2.957543125E-3,-2.083558124E-3,-1.347459387E-3
3.863059917E0,-1.137483167E-3,-1.563102240E-3,1.052367734E-3
3.873021917E0,-5.633058026E-4,-1.246452332E-3,1.676612534E-3
3.882983917E0,1.648260048E-3,-1.606892329E-3,5.764407106E-4
3.892945917E0,1.022150856E-3,-1.120599918E-4,1.090430655E-3
3.902907917E0,1.648006728E-4,2.229286358E-3,1.197750447E-3
3.912869917E0,8.100845153E-4,6.654782919E-4,5.412813043E-4
3.922831917E0,6.601994392E-5,1.630206360E-3,5.900736433E-4
3.932793917E0,1.170166535E-3,3.258729354E-3,3.107613884E-5
3.942755917E0,1.812340575E-3,1.312949695E-3,-5.022198893E-4
3.952717917E0,-1.283048186E-4,1.830401830E-3,-1.037781592E-3
3.962680917E0,-9.124682983E-4,-2.134202281E-3,-8.409137372E-4
3.972642917E0,-1.942579052E-3,-4.245289601E-3,-1.277191914E-4
3.982604917E0,-9.581111372E-4,-2.607267350E-3,6.002814043E-4
3.992566917E0,-1.194817014E-4,7.834695280E-4,-8.980130078E-4
4.002528917E0,2.498935442E-3,3.832195885E-3,-5.860512611E-4
4.012490917E0,1.666164957E-3,2.957880031E-3,-2.148065832E-4
4.022452917E0,4.884522641E-4,7.672519423E-4,-1.012030756E-3
4.032414917E0,-1.764049404E-3,-2.031197771E-3,-1.326550264E-4
4.042376917E0,-6.221760996E-4,1.269399654E-4,2.689969260E-4
4.052338917E0,-1.252812799E-3,-2.389214700E-3,-6.423367886E-4
4.062300917E0,-1.775347628E-4,-8.954175282E-4,-7.111508166E-4
4.072263917E0,3.738247324E-5,3.885222832E-3,1.440683263E-3
4.082225917E0,2.644457156E-3,3.810890485E-3,-9.532348486E-5
4.092187917E0,8.707919624E-4,-1.170818461E-3,6.138762692E-4
4.102149917E0,-2.403389430E-3,-2.958968980E-3,6.987209199E-4
4.112111917E0,-2.952533541E-3,-2.649510046E-3,1.085678115E-3
4.122073917E0,-1.801579492E-4,4.469808191E-4,7.199653191E-4
4.132035917E0,1.325859688E-3,6.003788440E-4,2.043822547E-3
4.141997917E0,1.937845489E-3,2.695178147E-3,1.897300826E-4
4.151959917E0,8.784399834E-4,2.978538396E-3,-7.413109997E-4
4.161921917E0,2.257135930E-4,-3.770485055E-4,-1.909931889E-3
4.171883917E0,-1.803348772E-3,-3.382159164E-3,-7.384073688E-4
4.181845917E0,1.059624366E-3,-5.211255047E-4,-4.996455391E-4
4.191808917E0,1.693456783E-3,5.703214556E-3,-1.362243434E-3
4.201770917E0,5.209388211E-3,7.229737006E-3,-1.281341189E-3
4.211732917E0,2.069787588E-3,-2.196787857E-3,2.736785682E-4
4.221694917E0,-6.794227287E-3,-9.281002916E-3,-9.598406614E-4
4.231656917E0,-7.245899178E-3,-8.393637836E-3,-1.332150539E-3
4.241618917E0,-4.868519027E-3,-3.943257034E-3,-6.395491655E-4
4.251580917E0,9.664669051E-4,2.892811084E-3,-2.525918535E-4
4.261542917E0,4.755405243E-3,8.176788688E-3,-3.975203144E-4
4.271504917E0,6.055027712E-3,7.199941203E-3,-1.431884593E-4
4.281466917E0,1.995491097E-3,1.945005730E-3,-1.054571476E-3
4.291428917E0,-3.213119227E-3,-5.080413073E-3,-1.667631092E-3
4.301391917E0,-4.771599080E-3,-6.143488921E-3,2.228233498E-4
4.311353917E0,-3.259722609E-3,-4.153308459E-3,-1.005160157E-3
4.321315917E0,7.540055085E-4,-2.220458118E-3,5.329845008E-4
4.331277917E0,6.711812457E-4,3.846755251E-3,-7.821089821E-5
4.341239917E0,2.879012609E-4,5.510916235E-4,8.673216216E-4
4.351201917E0,1.064745244E-3,1.117812353E-3,6.251432933E-5
4.361163917E0,-9.111497784E-4,-9.873416275E-5,3.917618887E-4
4.371125917E0,-3.628049744E-4,-2.015321516E-4,1.486054854E-3
4.381087917E0,-7.710998179E-4,1.171149430E-3,6.938664010E-4
4.391049917E0,-1.433161669E-3,-7.204939611E-4,1.486156718E-3
4.401011917E0,8.870102465E-4,1.823476050E-4,-2.068122849E-4
4.410974917E0,-1.265090075E-3,-1.231258269E-3,-1.873712172E-4
4.420936917E0,-5.548923509E-4,8.987378096E-4,-3.137679887E-4
4.430898917E0,-5.338533083E-4,1.534434385E-3,-2.341395011E-4
4.440860917E0,4.155421630E-5,4.484984092E-3,-2.675142605E-4
4.450822917E0,3.279425437E-3,3.895892762E-3,7.828364614E-4
4.460784917E0,2.147462219E-3,4.600281827E-3,-1.097196364E-3
4.470746917E0,-5.897346418E-4,-1.007270301E-3,-1.746474998E-3
4.480708917E0,-1.424581278E-3,-3.883574391E-3,-1.847893931E-3
4.490670917E0,-3.683474613E-3,-3.118181834E-3,-1.223915257E-3
4.500632917E0,-5.005188286E-4,-2.789457794E-3,7.100247312E-4
4.510594917E0,1.269151689E-3,2.249775687E-3,7.358574076E-4
4.520557917E0,2.097103745E-3,1.776016434E-3,4.691873910E-4
4.530519917E0,2.733709989E-4,-1.567316009E-3,-6.192465080E-4
4.540481917E0,-8.734944277E-4,-1.828427427E-3,4.898455227E-4
4.550443917E0,-1.655931352E-3,-3.812482115E-3,4.267286276E-4
4.560405917E0,-2.191220643E-3,-6.522578187E-4,-1.080896007E-3
4.570367917E0,2.719264012E-5,9.635672905E-5,2.781150397E-4
4.580329917E0,1.472360454E-3,2.105504740E-3,-3.669413854E-4
4.590291917E0,1.848665066E-3,4.416063428E-3,1.254124683E-3
4.600253917E0,1.797005185E-3,4.593253136E-3,-8.014456253E-4
4.610215917E0,6.300079403E-4,1.492002048E-3,2.386793494E-5
4.620177917E0,-1.208137139E-3,-2.999744611E-3,-1.130879973E-4
4.630139917E0,-3.022548743E-3,-5.390197970E-3,6.401224528E-5
4.640102917E0,-4.034276586E-3,-5.065054633E-3,-4.563014954E-6
4.650064917E0,-2.676597331E-3,-1.362195704E-3,-2.690149122E-4
4.660026917E0,1.676951884E-3,4.858193919E-3,1.886810875E-3
4.669988917E0,5.420290865E-3,7.929617539E-3,2.163246972E-3
4.679950917E0,3.030292690E-3,5.713233724E-3,1.087660436E-3
4.689912917E0,1.344511518E-3,-5.212263204E-4,5.654145498E-4
4.699874917E0,-4.853384104E-3,-4.115003161E-3,-4.232819774E-4
4.709836917E0,-2.991301939E-3,-8.612549864E-3,-5.875990028E-4
4.719798917E0,-1.458493643E-3,-4.327493254E-3,-8.691997500E-4
4.729760917E0,-2.470761072E-3,-3.378118854E-4,9.909737855E-6
4.739722917E0,2.053178847E-3,5.680476781E-3,-4.082371597E-4
4.749685917E0,3.262253944E-3,6.261845119E-3,-6.907985662E-4
4.759647917E0,4.528301070E-4,2.287016017E-3,-4.141534446E-4
4.769609917E0,-1.095797983E-3,-2.419322496E-3,-6.756758667E-4
4.779571917E0,-2.807011362E-3,-5.814747885E-3,-2.405463252E-3
4.789533917E0,-4.914903082E-3,-7.436079904E-3,-1.129009994E-3
4.799495917E0,-2.958546393E-3,-2.060964936E-3,7.742131129E-4
4.809457917E0,1.863639452E-3,3.630210180E-3,1.340134884E-3
4.819419917E0,2.553136554E-3,4.606908187E-3,5.565127358E-4
4.829381917E0,2.752607455E-3,4.360832274E-3,2.124323510E-4
4.839343917E0,1.802253886E-3,5.078066606E-3,4.962144885E-4
4.849305917E0,4.285953473E-4,2.198124304E-3,6.048714276E-4
4.859268917E0,2.670018002E-3,2.074199263E-3,-5.338323535E-4
4.869230917E0,1.469731447E-3,-1.284046797E-3,-7.788431831E-4
4.879192917E0,-4.813190317E-4,8.630848024E-4,-2.551361453E-3
4.889154917E0,-2.153784502E-3,-1.244540792E-3,-1.096476684E-3
4.899116917E0,-4.331177333E-4,-2.699901350E-3,-1.184232999E-3
4.909078917E0,-2.021160442E-3,-3.332668450E-3,3.998152679E-4
4.919040292E0,-8.051848272E-4,-2.425671555E-3,7.015824085E-4
4.929002292E0,-1.199865364E-3,6.534752902E-4,9.476585547E-4
4.938964292E0,5.133697996E-4,-1.080167014E-3,-3.927414655E-4
4.948926292E0,1.241211779E-3,5.811129231E-4,5.068742903E-4
4.958888292E0,-4.754477413E-4,9.540875908E-4,-7.157664513E-4
4.968851292E0,-9.359082906E-4,8.289191173E-4,2.664073836E-4
4.978813292E0,-1.528720604E-4,-1.640394330E-4,3.324177815E-4
4.988775292E0,9.238439379E-4,1.975544030E-3,6.189738633E-4
4.998737292E0,3.085078672E-3,1.601147698E-3,-3.902191529E-4
5.008699292E0,6.293779006E-4,1.632306608E-3,2.872890327E-4
5.018661292E0,2.292362507E-3,2.239968162E-4,4.051858559E-5
5.028623292E0,-1.394783962E-3,-2.962475410E-3,-1.642784337E-4
5.038585292E0,-3.351328429E-3,-2.628794871E-3,-2.404281986E-4
5.048547292E0,-2.058630344E-3,-2.535318024E-3,1.159027452E-4
5.058509292E0,5.654278211E-4,1.021109754E-3,-1.248974004E-4
5.068471292E0,9.108398226E-4,3.398780013E-3,7.896320894E-4
5.078434292E0,2.619729377E-3,3.542605788E-3,-7.859345060E-4
5.088396292E0,5.754870363E-4,1.327920938E-3,-1.928963233E-3
5.098358292E0,-9.078006260E-4,6.444059545E-4,-1.595111797E-3
5.108320292E0,-2.782293595E-4,-2.319692401E-3,1.106429845E-4
5.118282292E0,-2.242953517E-3,1.449301839E-3,-2.034419216E-3
5.128244292E0,-8.764857193E-4,-3.327988088E-5,-3.899174044E-4
5.138206292E0,2.161272569E-4,1.598660834E-3,-2.052220516E-3
5.148168292E0,1.158619998E-3,8.825367549E-4,1.779535902E-3
5.158130292E0,2.872450277E-4,-3.484503832E-4,-8.036004147E-4
5.168092292E0,-9.271563031E-4,-2.362066181E-3,8.935749065E-5
5.178054292E0,-8.399024373E-4,-4.017855972E-3,2.102156635E-3
5.188017292E0,-2.546189819E-3,-1.991989324E-3,1.175376703E-3
5.197979292E0,-6.595429732E-4,9.155018488E-4,-8.748561377E-4
5.207941292E0,1.785238972E-3,8.537165122E-4,9.677850176E-4
5.217903292E0,1.145760762E-3,2.640845720E-3,8.517520037E-4
5.227865292E0,1.069328049E-3,1.997425919E-3,3.039397998E-4
5.237827292E0,-4.900324857E-4,2.362234984E-3,-1.256817603E-3
5.247789292E0,-6.286147982E-5,4.093390889E-4,-2.081598621E-3
5.257751292E0,9.442516603E-5,-8.838616777E-4,-1.240410493E-3
5.267713292E0,-1.420380897E-3,-5.736034364E-4,-1.194337849E-3
5.277675292E0,-1.276058727E-3,-2.121715806E-3,-2.402340178E-4
5.287637292E0,-2.648385707E-3,-2.322518267E-3,7.765608607E-4
5.297600292E0,-1.618387294E-3,-2.503434196E-3,6.182736252E-4
5.307562292E0,-3.714951454E-4,-1.217393670E-3,-1.055735047E-4
5.317524292E0,-6.234812317E-4,5.709913094E-4,-5.539864651E-4
5.327486292E0,1.487846021E-5,3.102679038E-4,-8.005951531E-4
5.337448292E0,-1.266314299E-3,2.073132666E-3,1.039568451E-3
5.347410292E0,6.213343004E-4,4.422127968E-4,8.269457612E-5
5.357372292E0,8.554534288E-4,3.462648019E-4,-6.624984089E-4
5.367334292E0,1.001809724E-4,4.482638324E-4,-1.828630920E-4
5.377296292E0,1.326136291E-3,-2.224668860E-4,-2.276259940E-3
5.387258292E0,2.369034337E-4,1.332552871E-3,5.024822894E-4
5.397220292E0,4.044162342E-4,1.042001997E-3,-6.322906120E-4
5.407183292E0,-1.655000960E-4,1.600999618E-3,-4.722346785E-4
5.417145292E0,-2.230243990E-4,1.409251941E-3,2.023440320E-4
5.427107292E0,-1.873382134E-4,-3.393795341E-4,-5.611842498E-4
5.437069292E0,-6.692162715E-4,-2.791055478E-3,-7.639240939E-4
5.447031292E0,-2.071104012E-3,-2.801707946E-3,6.384965964E-4
5.456993292E0,6.437406410E-5,-6.047959905E-4,8.783513913E-4
5.466955292E0,1.673988532E-3,7.704604650E-4,7.366711507E-4
5.476917292E0,3.161054105E-3,3.056908026E-3,9.152427083E-4
5.486879292E0,9.170747362E-4,3.463040106E-3,1.843088074E-3
5.496841292E0,4.992096219E-4,-9.009419009E-4,-2.335928148E-4
5.506804292E0,-1.362606301E-3,-1.201612875E-3,7.088999264E-4
5.516766292E0,-5.952299107E-4,-3.372724401E-3,-1.245635794E-3
5.526728292E0,-1.414152095E-3,-3.011866240E-3,-7.331231609E-5
5.536690292E0,-2.082967898E-3,-1.532723196E-3,-8.398458594E-4
5.546652292E0,-6.909337826E-4,8.526701713E-4,6.358117098E-4
5.556614292E0,1.592112822E-3,3.214316908E-3,2.199469600E-4
5.566576292E0,2.729016356E-3,2.082739724E-3,6.979843602E-4
5.576538292E0,3.332326654E-3,4.150329158E-3,-1.366740908E-4
5.586500292E0,8.862130344E-4,2.907964634E-3,-1.295681810E-3
5.596462292E0,1.306164893E-3,3.236490302E-4,5.213047843E-4
5.606424292E0,5.210633390E-6,8.823802928E-4,-5.899794633E-5
5.616386292E0,-4.136704374E-4,-1.854266040E-3,-4.017034080E-4
5.626349292E0,-1.763827167E-4,-9.157678578E-4,-1.359199523E-4
5.636311292E0,-3.757611848E-4,-4.104631953E-4,-1.944594434E-3
5.646273292E0,-8.335586172E-4,-7.316402625E-4,4.826105433E-4
5.656235292E0,-2.911674324E-3,-1.157688908E-3,-3.705173731E-5
5.666197292E0,7.709448691E-4,-1.594180940E-3,9.973200504E-4
5.676159292E0,-9.112596745E-4,1.170475152E-3,1.639205730E-4
5.686121292E0,1.727400348E-3,7.419725880E-4,-1.574058319E-3
5.696083292E0,-2.166862134E-3,2.376544522E-3,-1.547245425E-3
5.706045292E0,3.516895231E-4,-8.485435974E-4,1.433292637E-4
5.716007292E0,-6.974878488E-4,-6.983706262E-4,-4.749520449E-4
5.725970292E0,-5.693897838E-4,-2.113840776E-3,1.075540320E-3
5.735932292E0,6.069516530E-4,1.326687634E-4,-3.385008313E-4
5.745894292E0,3.544839565E-4,2.182770288E-3,-1.195889781E-4
5.755856292E0,1.109649427E-3,1.750036143E-3,1.160754240E-3
5.765818292E0,-2.448343439E-4,1.685854048E-3,1.737328595E-3
5.775780292E0,-3.746369621E-4,1.017639297E-3,-7.657430833E-4
5.785742292E0,-8.222192992E-5,1.818718156E-3,-4.988536239E-5
5.795704292E0,5.267402157E-4,4.804182099E-4,-2.498744871E-4
5.805666292E0,1.250587404E-3,1.210923307E-3,-6.573381834E-4
5.815628292E0,1.511606155E-3,9.947594954E-4,-1.214862103E-3
5.825590292E0,-1.278854092E-3,-3.613221925E-4,-1.316062175E-3
5.835553292E0,-1.834875904E-3,-3.304525511E-3,-1.647761324E-3
5.845515292E0,-2.301195404E-3,-4.904020578E-3,-7.420202019E-4
5.855477292E0,-3.461155109E-3,-5.155109800E-3,-1.366917742E-3
5.865439292E0,-2.210801002E-3,-6.370574702E-4,2.906336449E-4
5.875401292E0,-2.806482371E-5,1.610503066E-3,-3.376149107E-4
5.885363292E0,4.787347279E-4,2.584953792E-3,-1.037759939E-3
5.895325292E0,1.665723044E-3,3.709946526E-3,-1.118103974E-4
5.905287292E0,1.508330228E-3,3.647362348E-3,7.811475080E-4
5.915249417E0,-1.179542160E-4,2.891527256E-3,1.211619121E-3
5.925211417E0,1.205903129E-3,1.379118068E-3,1.136784325E-3
5.935173417E0,-9.581545601E-4,-6.321752444E-4,8.027834119E-4
5.945136417E0,-2.471660264E-5,-4.095348995E-4,4.900270142E-6
5.955098417E0,4.096992780E-4,-1.550314948E-3,4.932432203E-4
5.965060417E0,-1.274750219E-3,1.302995952E-3,1.865303726E-3
5.975022417E0,3.278319491E-4,-1.025907695E-4,1.967198215E-3
5.984984417E0,-1.416804851E-3,-1.151075121E-4,3.455994884E-4
5.994946417E0,-1.172112534E-4,-7.989918813E-4,1.291732537E-3
6.004908417E0,5.272737471E-4,-2.051476389E-3,-4.241421702E-4
6.014870417E0,-4.350064555E-4,9.474653052E-4,1.829013461E-3
6.024832417E0,-4.568443401E-4,8.771577850E-4,7.949079154E-4
6.034794417E0,-4.993459443E-4,3.474833444E-3,5.626471248E-4
6.044757417E0,-3.755383659E-5,3.615983296E-4,2.923363354E-4
6.054719417E0,-1.127211028E-3,-2.084012143E-3,9.249416180E-4
6.064681417E0,-1.000710879E-3,-1.779613085E-3,3.664768301E-4
6.074643417E0,-6.314927014E-4,-9.168374818E-4,1.428255346E-3
6.084605417E0,9.624091908E-4,1.260568388E-5,7.928250125E-4
6.094567417E0,-6.553261774E-4,3.699116176E-3,1.189433970E-3
6.104529417E0,1.638188143E-3,2.491106279E-3,2.182793105E-3
6.114491417E0,1.799174352E-4,-1.368153375E-3,2.358982340E-3
6.124453417E0,-3.555698786E-3,-1.106085256E-4,1.999988221E-3
6.134415417E0,-1.059889910E-3,1.997371437E-3,1.304394449E-3
6.144377417E0,1.018441049E-3,6.122614723E-4,6.362074055E-4
6.154340417E0,3.063995391E-3,4.282821901E-3,4.434258444E-4
6.164302417E0,4.644837463E-4,2.845513867E-3,9.614106966E-4
6.174264417E0,-2.209425438E-4,-2.574468963E-4,-6.485792110E-4
6.184226417E0,-1.311507076E-3,-2.572000260E-3,-1.376154833E-3
6.194188417E0,-5.048433086E-4,-1.957778120E-3,-8.395421901E-4
6.204150417E0,1.259767218E-3,9.314854397E-4,-7.639083778E-4
6.214112417E0,-2.081240062E-3,-3.303680569E-5,-1.138769090E-3
6.224074417E0,-2.420606324E-4,-9.668641724E-5,-9.760499815E-4
6.234036417E0,-9.619459743E-4,-1.227716682E-3,-1.301843091E-3
6.243998417E0,3.221200313E-5,-7.989420556E-5,-7.108876598E-4
6.253961417E0,-1.302229124E-3,6.822883151E-4,-1.021330128E-3
6.263923417E0,-1.128612785E-4,2.178984927E-3,1.497487654E-3
6.273885417E0,2.178508788E-3,-3.077385481E-4,2.332080621E-4
6.283847417E0,4.458562471E-4,1.588964835E-3,3.005861072E-4
6.293809417E0,-1.162925037E-3,-1.148183132E-3,-1.526091946E-3
6.303771417E0,-5.882147234E-4,-1.535672927E-3,1.204447006E-3
6.313733417E0,-2.520831767E-4,-9.557907470E-5,8.564996533E-4
6.323695417E0,-1.932537649E-3,1.307906816E-3,1.062095631E-3
6.333657417E0,4.808021476E-4,2.638082718E-3,6.866216427E-4
6.343619417E0,4.243431613E-4,2.497201320E-3,2.095966600E-3
6.353581417E0,-1.263696468E-3,5.426560529E-5,1.304514124E-3
6.363544417E0,6.769490428E-4,1.930995146E-3,3.971752012E-4
6.373506417E0,2.087666187E-3,1.045040204E-3,-1.167344162E-4
6.383468417E0,7.262581494E-4,1.624685246E-4,-4.296482075E-5
6.393430417E0,6.985806394E-4,-1.131277997E-3,3.510760143E-4
6.403392417E0,-2.636194695E-4,5.393229658E-4,-1.574922120E-3
6.413354417E0,-1.891292748E-3,-1.249697991E-3,9.102692129E-4
6.423316417E0,-1.182892011E-3,-1.268872758E-3,3.382222494E-4
6.433278417E0,-9.569665417E-4,-2.748715458E-3,7.423370844E-4
6.443240417E0,-3.130142577E-4,-1.782325562E-4,2.880018437E-4
6.453202417E0,-2.188188955E-4,7.324666949E-4,1.082415809E-3
6.463165417E0,4.301933805E-4,-7.819943130E-5,1.605460537E-3
6.473127417E0,1.828395762E-4,8.000207599E-4,1.468355185E-3
6.483089417E0,-2.003894188E-4,1.076190616E-3,1.464094152E-3
6.493051417E0,3.716791980E-5,9.577384917E-4,1.300704665E-3
6.503013417E0,-4.797517322E-4,2.456689253E-5,-4.932006705E-4
6.512975417E0,-6.556023145E-4,2.032362390E-4,9.294333868E-4
6.522937417E0,1.140512759E-4,7.467874093E-4,1.989282900E-4
6.532899417E0,4.305206239E-4,1.063179225E-4,1.612044638E-3
6.542861417E0,1.240428537E-5,3.944719210E-4,2.807303099E-4
6.552823417E0,4.193369532E-4,9.049681248E-4,6.294882623E-4
6.562786417E0,-4.765505437E-4,-1.505725319E-3,6.987304660E-4
6.572748417E0,-9.808348259E-4,4.590415629E-4,-1.927430741E-3
6.582710417E0,1.651234925E-4,4.678429104E-5,-1.178549952E-3
6.592672417E0,1.387853292E-3,-4.383977503E-4,-1.127357944E-3
6.602634417E0,3.020825097E-4,7.499046624E-4,-2.045349684E-3
6.612596417E0,-1.374714542E-3,2.668973990E-3,-4.718101700E-4
6.622558417E0,4.064076347E-4,1.417554682E-3,-4.710112698E-4
6.632520417E0,-2.650462557E-4,2.016803483E-3,-1.660775742E-4
6.642482417E0,-1.657104585E-4,1.644227188E-3,-7.596961805E-4
6.652444417E0,-6.223346572E-4,-3.713054582E-3,-1.541800448E-4
6.662406417E0,-3.899087897E-3,-2.286132891E-3,7.858022582E-5
6.672369417E0,-3.852101974E-3,-3.184091765E-4,7.813500706E-4
6.682331417E0,9.956499562E-4,5.310191773E-5,5.296813324E-4
6.692293417E0,2.497693058E-3,1.522849780E-4,8.839992806E-4
6.702255417E0,1.149628079E-4,2.453256166E-3,7.383244811E-4
6.712217417E0,-5.773288431E-4,1.678645611E-3,1.518299803E-3
6.722179417E0,4.727555206E-4,2.338310704E-3,2.727394458E-4
6.732141417E0,6.873474922E-4,1.016103197E-4,-7.715339307E-4
6.742103417E0,-1.989525044E-4,-3.178375773E-4,-3.528849920E-4
6.752065417E0,8.603272727E-4,-4.851846024E-4,-2.628091024E-4
6.762027417E0,-9.407685138E-4,4.083060194E-4,-7.925118553E-4
6.771990417E0,-9.781209519E-4,1.326360973E-3,-9.320298559E-4
6.781952417E0,4.477354232E-4,-2.587420633E-3,-1.110994257E-3
6.791914417E0,-1.780434395E-3,-1.252383692E-3,-1.916758833E-3
6.801876417E0,1.034260495E-3,-1.543733524E-3,-6.559555186E-5
6.811838417E0,-2.346790396E-3,-1.020570984E-3,-1.688412391E-3
6.821800417E0,-1.610426349E-3,-3.688525874E-3,-8.071723278E-4
6.831762417E0,1.074943924E-3,-2.701113932E-3,-6.167802494E-4
6.841724417E0,-1.185813569E-3,1.088564284E-3,-3.986875527E-6
6.851686417E0,4.428853281E-4,1.230085036E-3,4.533422180E-5
6.861648417E0,6.599329645E-4,2.015983919E-3,4.927453119E-4
6.871611417E0,-8.568135090E-4,5.472480785E-3,-7.484463276E-5
6.881573417E0,1.620725146E-3,-3.582267091E-3,-7.923002122E-4
6.891535417E0,-2.214604057E-3,6.387386937E-3,-1.438318519E-3
6.901497417E0,3.984897630E-4,-2.575481776E-3,-1.212216215E-3
6.911459417E0,1.681733644E-3,-6.131357513E-4,-3.058812581E-6
6.921421167E0,-1.615526038E-3,5.184299313E-3,-5.340931821E-4
6.931383167E0,7.697006222E-4,-2.389739966E-3,-9.859937709E-4
6.941345167E0,-8.124833694E-4,-5.207334179E-4,-1.160164480E-3
6.951307167E0,-8.229746018E-4,-3.105148673E-3,-1.972372644E-3
6.961269167E0,-6.109869573E-4,8.664233610E-4,-8.418606594E-4
6.971232167E0,9.577563033E-4,-3.355245572E-4,-4.190602340E-6
6.981194167E0,4.419019679E-4,2.414455405E-3,6.904639304E-5
6.991156167E0,1.599175856E-3,-8.529671468E-4,-4.763559555E-4
7.001118167E0,-3.225611290E-4,-3.008937929E-4,-3.501221072E-4
7.011080167E0,-2.940444974E-4,2.861097688E-3,2.913947916E-3
7.021042167E0,7.706872420E-4,-6.691885646E-4,-8.075531223E-4
7.031004167E0,-1.001109718E-3,1.626782003E-3,5.433307961E-4
7.040966167E0,-9.137380403E-5,6.457162090E-5,5.558476551E-4
7.050928167E0,4.914352903E-4,2.013059100E-3,7.401118055E-4
7.060890167E0,-1.457199804E-3,8.580461144E-4,1.855443581E-3
7.070853167E0,1.242683269E-3,4.302966408E-5,-6.077408325E-4
7.080815167E0,4.714318784E-4,7.831222611E-4,1.856707968E-6
7.090777167E0,-2.775591565E-4,1.962686423E-3,-1.798513345E-3
7.100739167E0,-5.785841495E-8,-1.302348915E-3,-7.327162893E-4
7.110701167E0,-5.484113935E-4,-2.010557335E-3,-1.166231814E-3
7.120663167E0,-1.532715745E-3,-3.148259595E-3,-1.731390948E-4
7.130625167E0,-1.636012224E-3,7.698079571E-5,-1.046332647E-3
7.140587167E0,-8.684890345E-4,2.522168215E-4,-2.900522668E-5
7.150549167E0,-8.059425745E-4,6.821569987E-4,-1.941436203E-4
7.160511167E0,7.072656881E-4,1.946093282E-3,-3.504711785E-4
7.170473167E0,-5.238763988E-4,2.783981618E-3,1.220008126E-4
7.180436167E0,1.120359404E-3,1.931237523E-3,5.941792624E-4
7.190398167E0,-8.485163562E-6,7.616935764E-4,5.904294085E-4
7.200360167E0,-1.315231202E-4,-1.682289410E-3,9.049486835E-4
7.210322167E0,4.800515017E-4,-8.265858050E-4,8.287493838E-4
7.220284167E0,-1.005175291E-4,4.991358146E-4,-1.131603494E-3
7.230246167E0,1.009727130E-3,-1.218395773E-4,-1.591757289E-3
7.240208167E0,-1.095768181E-3,5.250422982E-4,-9.890838992E-4
7.250170167E0,1.728520961E-3,-3.574688453E-4,-4.536595661E-4
7.260132167E0,6.563323550E-4,9.101957548E-4,3.250486916E-4
7.270094167E0,-1.705907052E-4,2.592661185E-3,-9.122472838E-4
7.280057167E0,2.347425325E-4,-1.051874598E-3,-3.836097894E-4
7.290019167E0,-7.202896522E-4,1.557357609E-4,-1.294774469E-3
7.299981167E0,-8.728887187E-4,1.843647333E-3,-8.614781545E-4
7.309943167E0,4.106963752E-4,-1.296930015E-3,-1.878054580E-3
7.319905167E0,2.282698406E-4,-4.665562883E-4,2.809701255E-4
7.329867167E0,-5.449991440E-4,1.237630378E-3,3.043729812E-4
7.339829167E0,-1.774846925E-3,-4.998159129E-4,-7.784683257E-4
7.349791167E0,-9.457685519E-5,-3.367196536E-3,-4.169275053E-5
7.359753167E0,-7.201534463E-4,1.307982719E-3,-2.355708275E-4
7.369715167E0,1.327967504E-3,4.578127991E-4,4.093509633E-4
7.379678167E0,1.032622997E-3,2.358510857E-3,-7.211608463E-4
7.389640167E0,7.372593973E-5,-4.005541559E-4,-2.819009824E-4
7.399602167E0,1.237933757E-4,-1.777674770E-3,1.094687032E-3
7.409564167E0,4.911678843E-6,8.640034357E-4,2.771205036E-4
7.419526167E0,1.359392190E-4,5.787789123E-4,-3.955940483E-4
7.429488167E0,3.180496860E-3,-1.365076983E-3,1.061509713E-3
7.439450167E0,-7.069193525E-4,4.831832834E-3,-3.323888523E-4
7.449412167E0,4.436465912E-3,7.915543392E-6,-6.044667680E-4
7.459374167E0,3.073992673E-3,-1.136977458E-3,-2.236347063E-4
7.469336167E0,-3.073663451E-3,6.532321684E-3,-7.935193134E-4
7.479299167E0,4.561086651E-3,-6.948599592E-3,1.260044286E-3
7.489261167E0,-1.268716180E-3,-1.793343108E-4,-1.282669138E-3
7.499223167E0,-2.060740255E-3,2.023099922E-3,-6.613536971E-4
7.509185167E0,2.749925945E-3,-4.915423691E-3,-6.356745725E-4
7.519147167E0,-2.471954795E-4,-7.214779034E-4,-5.037989467E-6
7.529109167E0,-1.284504426E-3,2.882783767E-3,2.614153782E-4
7.539071167E0,2.302773530E-3,-6.989017129E-4,-4.427243839E-4
7.549033167E0,-7.840479957E-4,2.656740136E-3,2.201930620E-4
7.558995167E0,7.203717250E-4,-1.326017315E-3,-7.292238879E-4
7.568957167E0,-1.493834076E-3,8.680423489E-4,-6.732167094E-4
7.578920167E0,-1.154014724E-3,-6.134740543E-4,-6.556398585E-4
7.588882167E0,-1.697157859E-3,-2.279857174E-3,-1.761457301E-3
7.598844167E0,-1.341625699E-3,4.096693592E-4,-2.839355147E-4
7.608806167E0,-3.453165991E-4,7.165975403E-4,8.534407243E-7
7.618768167E0,-1.062239404E-3,7.000860060E-4,-7.376411231E-4
7.628730167E0,-1.312233857E-3,7.236399688E-5,-1.968271565E-3
7.638692167E0,-1.289913198E-4,6.970087998E-5,4.498787457E-4
7.648654167E0,-8.580837166E-4,7.315408438E-4,-5.409384030E-4
7.658616167E0,1.922668889E-4,1.088670804E-3,-1.233547227E-4
7.668578167E0,1.209436916E-3,-1.506076660E-3,1.848778920E-4
7.678541167E0,2.000928391E-3,1.267072977E-3,-1.549415174E-4
7.688503167E0,1.020934666E-3,1.960619120E-3,-1.242583967E-4
7.698465167E0,4.406087101E-6,-5.265069194E-4,-8.166803163E-4
7.708427167E0,-8.536005626E-4,-7.519200444E-4,-3.826462780E-4
7.718389167E0,-5.715718726E-4,-6.531167310E-4,-6.505602505E-4
7.728351167E0,-1.612016349E-3,-1.385991927E-4,3.456955310E-4
7.738313167E0,-1.302024466E-3,2.892078133E-3,8.615497500E-4
7.748275167E0,-1.575169386E-3,1.345792320E-3,-3.340569092E-4
7.758237167E0,-3.517132718E-4,-6.526438519E-4,5.117630353E-4
7.768199167E0,-1.957666595E-3,-7.298556156E-4,4.829708487E-4
7.778162167E0,-2.749158302E-3,-9.865844622E-4,4.701876314E-4
7.788124167E0,-1.439728658E-3,7.219390245E-4,9.503776673E-4
7.798086167E0,-5.702065537E-4,-7.952637970E-4,1.039060997E-3
7.808048167E0,-8.397964993E-4,2.836812986E-3,-6.902653840E-4
7.818010167E0,-1.082263188E-4,1.356095425E-3,8.623575559E-4
7.827972167E0,1.168082585E-3,6.564232754E-4,-3.649252467E-4
7.837934167E0,-7.773565594E-4,1.084925956E-3,-3.486149944E-3
7.847896167E0,-1.609064639E-4,4.568045260E-4,-3.522611223E-6
7.857858167E0,-4.322826862E-4,-6.555980071E-4,7.450801786E-5
7.867821167E0,-1.947109820E-3,1.268936321E-3,-1.179138781E-3
7.877783167E0,-6.416281685E-4,7.115366170E-4,6.801949348E-5
7.887745167E0,1.024445286E-3,-6.064616609E-4,-1.458323095E-4
7.897707167E0,-1.667744247E-3,-3.707720898E-4,9.917852003E-5
7.907669167E0,-1.363318879E-4,-2.825453412E-4,-1.263921498E-3
7.917631292E0,-1.153126825E-3,-8.813454770E-5,2.189265797E-4
7.927593292E0,-5.326654064E-4,6.067592185E-4,-5.375171313E-4
7.937555292E0,1.661481801E-4,1.043783850E-3,-5.524308654E-4
7.947517292E0,2.024973510E-4,1.493531512E-3,1.498330384E-4
7.957479292E0,-1.056302572E-4,5.302118137E-3,2.126835752E-4
7.967442292E0,9.622098878E-3,-1.396811754E-2,4.135406576E-3
7.977404292E0,8.135860413E-2,-6.721376628E-2,1.870422810E-2
7.987366292E0,3.118401393E-2,1.713621467E-1,1.313531771E-2
7.997328292E0,1.173101068E-1,2.196646929E-1,1.051845551E-1
8.007290292E0,1.958134919E-1,2.717352211E-1,4.563116133E-1
8.017252292E0,1.756522954E-1,9.359449893E-2,2.967901230E-1
8.027214292E0,-3.482544562E-3,-1.376116872E-1,-1.434153914E-1
8.037176292E0,-2.128626555E-1,-2.850789130E-1,-3.235257864E-1
8.047138292E0,-2.860935628E-1,-2.950681150E-1,-3.785840571E-1
8.057100292E0,-1.816747636E-1,-8.202003688E-2,-3.183111250E-1
8.067063292E0,-6.396327168E-2,6.509590149E-2,-2.607494891E-1
8.077025292E0,-5.914268643E-2,1.667695194E-1,-2.229160964E-1
8.086987292E0,-1.509306878E-1,3.001505435E-1,-2.623412311E-1
8.096949292E0,-2.787706852E-1,6.021956801E-1,-4.015792608E-1
8.106911292E0,-4.555200934E-1,9.902710319E-1,-5.830459595E-1
8.116873292E0,-5.613538623E-1,1.055928588E0,-6.805024743E-1
8.126835292E0,-5.052430034E-1,6.657447219E-1,-6.647667885E-1
8.136797292E0,-3.643308580E-1,2.373355813E-2,-6.014815569E-1
8.146759292E0,-1.848938316E-1,-5.299061537E-1,-6.357424855E-1
8.156722292E0,2.228387631E-3,-8.237793446E-1,-7.432130575E-1
8.166684292E0,8.565804362E-2,-7.494967580E-1,-8.807008266E-1
8.176646292E0,-2.558365464E-3,-1.306832880E-1,-8.439859748E-1
8.186608292E0,-2.206307277E-2,6.949856877E-1,-5.510394573E-1
8.196570292E0,9.454795718E-2,9.505266547E-1,-4.376601875E-1
8.206532292E0,1.918697208E-1,7.977373600E-1,-5.203486681E-1
8.216494292E0,1.277759522E-1,7.762989402E-1,-4.867009819E-1
8.226456292E0,1.885325089E-2,8.247022033E-1,-4.132810235E-1
8.236418292E0,-5.448967218E-2,9.276254177E-1,-3.507018089E-1
8.246380292E0,-4.630537927E-1,2.410682917E0,-3.597868085E-1
8.256343292E0,-3.176665008E-1,2.644825459E0,2.314205319E-1
8.266305292E0,-2.651363611E-2,2.654781818E0,3.534218073E-1
8.276267292E0,1.107366309E-1,2.380313396E0,3.431739509E-1
8.286229292E0,-1.157069057E-1,1.812772632E0,4.465324283E-1
8.296191292E0,-2.528146803E-1,1.833107471E0,2.803029716E-1
8.306153292E0,-1.345963478E-1,1.891305447E0,9.140204638E-2
8.316115292E0,-7.357714698E-3,1.665117860E0,3.727489337E-2
8.326077292E0,1.048604771E-1,1.592474103E0,-5.547053739E-2
8.336039292E0,3.990899622E-1,1.469855547E0,-1.470206976E-1
8.346001292E0,7.224226594E-1,1.208032846E0,-8.119765669E-2
8.355964292E0,9.407693744E-1,1.192563534E0,2.166906931E-2
8.365926292E0,1.109365582E0,1.134271264E0,1.186842322E-1
8.375888292E0,1.272323370E0,9.509624243E-1,1.404007077E-1
8.385850292E0,1.483783841E0,8.864738345E-1,1.597914547E-1
8.395812292E0,1.582404971E0,9.008442760E-1,2.023000270E-1
8.405774292E0,1.887488484E0,5.677357316E-1,1.646577269E-1
8.415736292E0,2.077268600E0,-4.977008700E-2,2.953981757E-1
8.425698292E0,2.183387041E0,-6.966728568E-1,4.113540649E-1
8.435660292E0,2.359130621E0,-1.250574827E0,4.404498935E-1
8.445623292E0,2.575459242E0,-1.721888542E0,4.699136615E-1
8.455585292E0,2.843466759E0,-1.958231568E0,5.182249546E-1
8.465547292E0,2.977296591E0,-1.713495374E0,5.965872407E-1
8.475509292E0,2.881067276E0,-1.042295694E0,6.136705875E-1
8.485471292E0,2.646382809E0,-4.702491760E-1,5.875237584E-1
8.495433292E0,2.368245840E0,-1.516957134E-1,5.328962207E-1
8.505395292E0,2.133970976E0,1.029784158E-1,4.786627293E-1
8.515357292E0,1.945855975E0,1.042657867E-1,4.862998724E-1
8.525319292E0,1.874781847E0,-1.541807950E-1,5.033550858E-1
8.535281292E0,1.987054586E0,-3.659060895E-1,5.419623852E-1
8.545244292E0,2.073664427E0,-6.424969435E-1,5.927770138E-1
8.555206292E0,2.168929100E0,-1.058131576E0,6.621800661E-1
8.565168292E0,2.266935825E0,-1.386705160E0,7.720909119E-1
8.575130292E0,2.312652826E0,-1.639404297E0,8.772575259E-1
8.585092292E0,2.345642567E0,-1.923579931E0,9.217508435E-1
8.595054292E0,2.364178896E0,-2.224212170E0,9.194884896E-1
8.605016292E0,2.388560295E0,-2.402856350E0,9.549167752E-1
8.614978292E0,2.345716953E0,-2.307558775E0,1.016687512E0
8.624940292E0,2.197654247E0,-1.978421569E0,1.032560587E0
8.634902292E0,1.952277899E0,-1.614052176E0,1.034833550E0
8.644865292E0,1.777284384E0,-1.397713423E0,1.016829371E0
8.654827292E0,1.610900521E0,-1.311803341E0,1.094961166E0
8.664789292E0,1.468234897E0,-1.112238884E0,1.259262800E0
8.674751292E0,1.377163887E0,-7.921164036E-1,1.560172558E0
8.684713292E0,1.325313568E0,-6.445910931E-1,1.909693718E0
8.694675292E0,1.307595253E0,-6.764798164E-1,2.167366743E0
8.704637292E0,1.363309622E0,-9.083123207E-1,2.152514458E0
8.714599292E0,1.550235033E0,-1.574001193E0,1.895164609E0
8.724561292E0,1.787431717E0,-2.349220991E0,1.594359159E0
8.734524292E0,1.993142009E0,-2.864385366E0,1.256862044E0
8.744486292E0,2.157143593E0,-3.134948015E0,8.874580264E-1
8.754448292E0,2.206511259E0,-3.272850513E0,4.948466122E-1
8.764410292E0,2.201812267E0,-3.187219858E0,1.601409614E-1
8.774372292E0,2.195082426E0,-2.659040928E0,-1.104505807E-1
8.784334292E0,2.219865322E0,-1.966620564E0,-2.897489071E-1
8.794296292E0,2.320930958E0,-1.030894160E0,-4.306769967E-1
8.804258292E0,2.323841333E0,-4.538118541E-1,-4.470164180E-1
8.814220292E0,2.331437349E0,-3.422864079E-1,-6.088492274E-1
8.824183292E0,2.267243862E0,-1.516945660E-1,-6.950452328E-1
8.834145292E0,2.073956728E0,-3.720261157E-2,-8.455625772E-1
8.844107292E0,1.803901196E0,-7.053851336E-2,-9.107110500E-1
8.854069292E0,1.628674865E0,-2.712833285E-1,-9.156253934E-1
8.864031292E0,1.506473184E0,-3.229381144E-1,-8.132220507E-1
8.873993292E0,1.389424920E0,-5.965054780E-2,-6.055234671E-1
8.883955292E0,1.287094831E0,1.318362504E-1,-4.290669262E-1
8.893917292E0,1.184768677E0,1.154053509E-1,-3.280915618E-1
8.903879292E0,1.144626617E0,-5.818156153E-2,-2.837128639E-1
8.913841292E0,1.197110891E0,-1.794781685E-1,-1.780141443E-1
8.923804167E0,1.210480213E0,-1.435770988E-1,-1.462559495E-2
8.933766167E0,1.244543910E0,-2.157743275E-1,1.107605547E-1
8.943728167E0,1.317639947E0,-3.576805294E-1,2.992050648E-1
8.953690167E0,1.433592916E0,-4.522536397E-1,4.202739894E-1
8.963652167E0,1.558008790E0,-4.726394117E-1,4.360959232E-1
8.973614167E0,1.661717892E0,-4.498723149E-1,4.468207657E-1
8.983576167E0,1.756684661E0,-3.175472915E-1,4.174156487E-1
8.993538167E0,1.814301848E0,-1.004104167E-1,3.448785841E-1
9.003500167E0,1.747134924E0,5.163646769E-3,2.428673655E-1
9.013463167E0,1.697736740E0,-2.683130465E-2,2.143648863E-1
9.023425167E0,1.680028558E0,3.209425882E-2,1.958719343E-1
9.033387167E0,1.639133811E0,1.360427588E-1,1.795012206E-1
9.043349167E0,1.600873113E0,1.879207194E-1,1.437996030E-1
9.053311167E0,1.523781538E0,2.269232422E-1,9.829603881E-2
9.063273167E0,1.417728305E0,3.128360212E-1,6.724092364E-2
9.073235167E0,1.339706540E0,4.533137679E-1,3.942153975E-2
9.083197167E0,1.256832600E0,5.337360501E-1,-1.020323765E-2
9.093159167E0,1.113253832E0,5.147410631E-1,-9.974457324E-2
9.103122167E0,8.898184896E-1,5.795497298E-1,-2.247668952E-1
9.113084167E0,6.247963905E-1,7.688701749E-1,-3.741132319E-1
9.123046167E0,3.809876144E-1,1.026695371E0,-5.238809586E-1
9.133008167E0,1.031946167E-1,1.176864624E0,-6.737980247E-1
9.142970167E0,-2.106184810E-1,1.066275120E0,-8.565879464E-1
9.152932167E0,-5.389516354E-1,8.801947832E-1,-1.009902716E0
9.162894167E0,-9.088889956E-1,8.332306743E-1,-1.132947087E0
9.172856167E0,-1.383390546E0,8.461629748E-1,-1.288163781E0
9.182818167E0,-1.914583683E0,7.539364100E-1,-1.453037739E0
9.192781167E0,-2.393736601E0,6.199263930E-1,-1.609945536E0
9.202743167E0,-2.837512732E0,6.083377004E-1,-1.739040613E0
9.212705167E0,-3.202242374E0,6.324409246E-1,-1.798749447E0
9.222667167E0,-3.384039402E0,7.049480081E-1,-1.846948981E0
9.232629167E0,-3.580165386E0,7.315247655E-1,-1.874153972E0
9.242591167E0,-3.903053284E0,8.015701175E-1,-1.845054269E0
9.252553167E0,-4.096830845E0,9.579927325E-1,-1.836864233E0
9.262515167E0,-4.117537498E0,1.021408439E0,-1.879160643E0
9.272477167E0,-4.011918545E0,1.156532526E0,-1.928656101E0
9.282440167E0,-3.861894608E0,1.303543925E0,-1.966161847E0
9.292402167E0,-3.690575123E0,1.452815413E0,-1.954951525E0
9.302364167E0,-3.443124533E0,1.532393217E0,-1.875205278E0
9.312326167E0,-3.285483837E0,1.520464063E0,-1.809419632E0
9.322288167E0,-3.367843628E0,1.729032397E0,-1.742086887E0
9.332250167E0,-3.574289560E0,1.731679082E0,-1.653200388E0
9.342212167E0,-3.834453821E0,1.501688600E0,-1.601349831E0
9.352174167E0,-4.047004700E0,1.400424242E0,-1.541397810E0
9.362136167E0,-4.128796101E0,1.416836143E0,-1.513488770E0
9.372099167E0,-4.102275848E0,1.459283113E0,-1.515999913E0
9.382061167E0,-4.014467716E0,1.579369903E0,-1.505810738E0
9.392023167E0,-3.979099274E0,1.666051865E0,-1.482447624E0
9.401985167E0,-4.067611694E0,1.624304533E0,-1.405559778E0
9.411947167E0,-4.142546177E0,1.568140388E0,-1.249452710E0
9.421909167E0,-4.061476231E0,1.467967510E0,-1.039751530E0
9.431871167E0,-3.900201797E0,1.286169171E0,-7.670164704E-1
9.441833167E0,-3.688610554E0,1.129301071E0,-4.715012610E-1
9.451795167E0,-3.429068327E0,1.042937875E0,-2.508285344E-1
9.461758167E0,-3.248000622E0,1.031600952E0,-1.049866453E-1
9.471720167E0,-3.115425825E0,1.016641140E0,3.565675393E-2
9.481682167E0,-2.974398375E0,9.913498759E-1,1.850321293E-1
9.491644167E0,-2.952958822E0,1.161538720E0,3.380238116E-1
9.501606167E0,-3.111024141E0,1.396310449E0,4.846305549E-1
9.511568167E0,-3.346386909E0,1.569724798E0,6.477198601E-1
9.521530167E0,-3.613890409E0,1.699898481E0,8.367151618E-1
9.531492167E0,-3.793502331E0,1.751102328E0,9.999071956E-1
9.541454167E0,-3.781874895E0,1.710987568E0,1.098892450E0
9.551417167E0,-3.725199938E0,1.698882699E0,1.153764009E0
9.561379167E0,-3.725412846E0,1.707916379E0,1.167762518E0
9.571341167E0,-3.769519091E0,1.557610989E0,1.139839768E0
9.581303167E0,-3.845240831E0,1.188773274E0,1.069034815E0
9.591265167E0,-3.877506495E0,7.435880899E-1,9.809389710E-1
9.601227167E0,-3.721976519E0,2.041164339E-1,8.639683127E-1
9.611189167E0,-3.396138668E0,-2.376694977E-1,7.262836695E-1
9.621151167E0,-3.030120134E0,-3.222878575E-1,6.125828028E-1
9.631113167E0,-2.701246977E0,-2.179611921E-1,5.674496889E-1
9.641076167E0,-2.402330399E0,-1.264568269E-1,5.921920538E-1
9.651038167E0,-2.178901672E0,1.331329346E-1,7.232858539E-1
9.661000167E0,-2.052364588E0,2.515733838E-1,7.723397017E-1
9.670962167E0,-2.045020819E0,-9.214243293E-2,6.782451868E-1
9.680924167E0,-1.944140196E0,-7.225093246E-1,5.603519678E-1
9.690886167E0,-1.891741991E0,-1.463931322E0,4.678433239E-1
9.700848167E0,-1.891510367E0,-1.962700486E0,2.933446765E-1
9.710810167E0,-1.861756206E0,-2.088127613E0,8.981109597E-3
9.720772167E0,-1.706284881E0,-2.124728441E0,-2.958668470E-1
9.730735167E0,-1.402366281E0,-2.225697994E0,-5.477795005E-1
9.740697167E0,-1.078974366E0,-2.409778118E0,-7.682622075E-1
9.750659167E0,-6.956463456E-1,-2.759437799E0,-9.671372175E-1
9.760621167E0,-1.690800786E-1,-3.147218704E0,-1.176604748E0
9.770583167E0,4.096397460E-1,-3.407993078E0,-1.391024470E0
9.780545167E0,9.187186956E-1,-3.526643515E0,-1.602652311E0
9.790507167E0,1.278402925E0,-3.639159441E0,-1.836529732E0
9.800469167E0,1.429240108E0,-3.771796465E0,-2.033157110E0
9.810432167E0,1.424236298E0,-3.861585617E0,-2.161878586E0
9.820394167E0,1.341166258E0,-3.892364502E0,-2.230219126E0
9.830356167E0,1.176653147E0,-3.838148594E0,-2.212553978E0
9.840318167E0,9.306187630E-1,-3.738465548E0,-2.148805618E0
9.850280167E0,6.699013710E-1,-3.674265862E0,-2.083649874E0
9.860242167E0,4.723911583E-1,-3.639655828E0,-2.066197634E0
9.870204167E0,4.036576450E-1,-3.732425690E0,-2.067248106E0
9.880166167E0,4.194330871E-1,-3.965369701E0,-2.067814589E0
9.890128167E0,5.317646861E-1,-4.053220272E0,-2.144032240E0
9.900091167E0,7.595657706E-1,-4.044399738E0,-2.275804281E0
9.910053167E0,9.553003907E-1,-4.052680016E0,-2.313394070E0
9.920015292E0,1.085036516E0,-4.109242439E0,-2.333666801E0
9.929977292E0,1.174149632E0,-4.271885395E0,-2.345207930E0
9.939939292E0,1.262713432E0,-4.427646160E0,-2.285445929E0
9.949901292E0,1.319332242E0,-4.453206062E0,-2.149362087E0
9.959863292E0,1.374936581E0,-4.273681641E0,-2.060711622E0
9.969825292E0,1.440395474E0,-4.046631336E0,-2.048952103E0
9.979787292E0,1.530696988E0,-3.885646582E0,-2.058155060E0
9.989750292E0,1.656509876E0,-3.847022533E0,-2.072487354E0
9.999712292E0,1.804339647E0,-3.938259602E0,-2.058748722E0
1.000967429E1,1.991230130E0,-4.072716713E0,-2.114397526E0
1.001963629E1,2.184985638E0,-4.232445717E0,-2.248422623E0
1.002959829E1,2.321201801E0,-4.278782368E0,-2.352626324E0
1.003956029E1,2.446452141E0,-4.112473011E0,-2.504818201E0
1.004952229E1,2.590016842E0,-3.741078138E0,-2.585065365E0
1.005948429E1,2.807696581E0,-3.220705986E0,-2.568934202E0
1.006944729E1,3.091626883E0,-2.616750479E0,-2.540505409E0
1.007940929E1,3.410875082E0,-2.070771456E0,-2.406179428E0
1.008937129E1,3.729833364E0,-1.815756083E0,-2.178458929E0
1.009933329E1,4.077223301E0,-1.729847431E0,-1.986385465E0
1.010929529E1,4.329714298E0,-1.776235461E0,-1.901428461E0
1.011925729E1,4.446702480E0,-1.915840268E0,-1.843310356E0
1.012921929E1,4.486092567E0,-1.932325959E0,-1.841971159E0
1.013918129E1,4.475390434E0,-1.675907612E0,-1.826001048E0
1.014914429E1,4.410045147E0,-1.567359209E0,-1.798357248E0
1.015910629E1,4.346468925E0,-1.634792328E0,-1.757573724E0
1.016906829E1,4.271492004E0,-1.528030396E0,-1.727140665E0
1.017903029E1,4.177046776E0,-1.110057831E0,-1.750465989E0
1.018899229E1,4.041929245E0,-6.886687279E-1,-1.827684641E0
1.019895429E1,3.833267927E0,-3.211020827E-1,-1.912585855E0
1.020891629E1,3.594710350E0,7.065264881E-2,-1.985124588E0
1.021887829E1,3.372651577E0,3.761619925E-1,-2.064459801E0
1.022884029E1,3.163112879E0,6.240229607E-1,-2.112880230E0
1.023880329E1,2.990138292E0,7.762328386E-1,-2.144601345E0
1.024876529E1,2.860195875E0,9.567400813E-1,-2.178289652E0
1.025872729E1,2.726594925E0,1.360443473E0,-2.128240585E0
1.026868929E1,2.609693527E0,1.896113873E0,-1.989948273E0
1.027865129E1,2.531988144E0,2.344208002E0,-1.873321414E0
1.028861329E1,2.457217932E0,2.638300657E0,-1.798834920E0
1.029857529E1,2.342169523E0,2.835188627E0,-1.828271985E0
1.030853729E1,2.158710003E0,2.868483305E0,-1.855430603E0
1.031850029E1,1.947572231E0,2.522352219E0,-1.786701322E0
1.032846229E1,1.855608821E0,1.879181743E0,-1.673258662E0
1.033842429E1,1.877998829E0,1.442160249E0,-1.653759718E0
1.034838629E1,1.831848383E0,1.514789939E0,-1.712806821E0
1.035834829E1,1.638414264E0,1.927279711E0,-1.862491131E0
1.036831029E1,1.277812362E0,2.487102032E0,-2.055128813E0
1.037827229E1,8.161902428E-1,2.888986349E0,-2.267522097E0
1.038823429E1,2.798765004E-1,3.112267494E0,-2.424475908E0
1.039819729E1,-2.769369483E-1,3.139742851E0,-2.526115656E0
1.040815929E1,-7.628253698E-1,3.058197975E0,-2.643421412E0
1.041812129E1,-1.119239450E0,3.002625704E0,-2.731958628E0
1.042808329E1,-1.391660094E0,3.120614529E0,-2.709697008E0
1.043804529E1,-1.477919102E0,3.113501310E0,-2.704683781E0
1.044800729E1,-1.466863871E0,3.211527824E0,-2.667922974E0
1.045796929E1,-1.428974390E0,3.511360645E0,-2.638977051E0
1.046793129E1,-1.409601808E0,3.803015471E0,-2.696483374E0
1.047789429E1,-1.465046525E0,3.912381411E0,-2.800873995E0
1.048785629E1,-1.576561332E0,4.044562817E0,-2.859470367E0
1.049781829E1,-1.664836526E0,4.193436146E0,-2.853039026E0
1.050778029E1,-1.748167396E0,3.961808920E0,-2.812713861E0
1.051774229E1,-1.896111131E0,3.448910952E0,-2.717477560E0
1.052770429E1,-2.109884739E0,3.107174397E0,-2.615390539E0
1.053766629E1,-2.310699463E0,3.109853745E0,-2.544051886E0
1.054762829E1,-2.387128830E0,3.196862221E0,-2.490658045E0
1.055759129E1,-2.381352901E0,3.220821619E0,-2.425990582E0
1.056755329E1,-2.400350809E0,3.238478422E0,-2.341235876E0
1.057751529E1,-2.496286631E0,3.190150023E0,-2.271713734E0
1.058747729E1,-2.553471088E0,3.128149509E0,-2.214748144E0
1.059743929E1,-2.527503967E0,3.121340752E0,-2.153941154E0
1.060740129E1,-2.488743782E0,3.176575184E0,-2.100539446E0
1.061736329E1,-2.501793861E0,3.319872856E0,-2.047930717E0
1.062732529E1,-2.517109156E0,3.337429523E0,-1.977919102E0
1.063728729E1,-2.490682602E0,3.189643383E0,-1.886016369E0
1.064725029E1,-2.503978252E0,3.001051188E0,-1.733656168E0
1.065721229E1,-2.526921272E0,2.872302294E0,-1.566292286E0
1.066717429E1,-2.509922743E0,2.823804140E0,-1.406899929E0
1.067713629E1,-2.544632673E0,2.852660894E0,-1.230129957E0
1.068709829E1,-2.669282436E0,2.800203562E0,-1.091341972E0
1.069706029E1,-2.816282988E0,2.579968452E0,-9.922030568E-1
1.070702229E1,-2.880599260E0,2.413120270E0,-8.932980895E-1
1.071698429E1,-2.843796015E0,2.300992966E0,-8.107952476E-1
1.072694729E1,-2.720822096E0,2.134617805E0,-7.170940638E-1
1.073690929E1,-2.577330112E0,1.972549200E0,-6.272329092E-1
1.074687129E1,-2.529712439E0,1.874499917E0,-5.109928250E-1
1.075683329E1,-2.573443890E0,1.894777656E0,-4.941958487E-1
1.076679529E1,-2.682749748E0,2.049171448E0,-4.660734236E-1
1.077675729E1,-2.673798800E0,2.142135620E0,-4.586428702E-1
1.078671929E1,-2.570100069E0,2.151472807E0,-5.144685507E-1
1.079668129E1,-2.502417326E0,2.106645346E0,-5.959575772E-1
1.080664429E1,-2.531086206E0,1.918254852E0,-6.855420470E-1
1.081660629E1,-2.674180746E0,1.568907022E0,-7.226181626E-1
1.082656829E1,-2.887552738E0,1.223801136E0,-6.912756562E-1
1.083653029E1,-2.988062382E0,7.991650105E-1,-7.024708986E-1
1.084649229E1,-2.966751099E0,3.544921875E-1,-8.235602975E-1
1.085645429E1,-2.855980635E0,2.401026189E-1,-9.322419763E-1
1.086641629E1,-2.717192411E0,3.194397688E-1,-9.915084839E-1
1.087637929E1,-2.664076805E0,4.958081543E-1,-1.037038207E0
1.088634129E1,-2.763689518E0,8.109591603E-1,-1.030089498E0
1.089630329E1,-2.944410801E0,1.027735114E0,-1.010022759E0
1.090626529E1,-3.074934244E0,9.604958892E-1,-9.741802812E-1
1.091622729E1,-3.085599899E0,6.935010552E-1,-9.405862093E-1
1.092618958E1,-2.993823767E0,3.652874529E-1,-8.985636234E-1
1.093615158E1,-2.794055700E0,4.391558841E-2,-9.018341303E-1
1.094611358E1,-2.562406778E0,-3.122598529E-1,-9.674462080E-1
1.095607658E1,-2.366142988E0,-5.721986890E-1,-1.064231038E0
1.096603858E1,-2.269247532E0,-7.269818783E-1,-1.172060847E0
1.097600058E1,-2.286710978E0,-8.324515820E-1,-1.256547213E0
1.098596258E1,-2.326252699E0,-9.889884591E-1,-1.255971670E0
1.099592458E1,-2.280304670E0,-1.246731400E0,-1.200431228E0
1.100588658E1,-2.170598030E0,-1.557289839E0,-1.176221490E0
1.101584858E1,-2.168377638E0,-1.718072414E0,-1.213947415E0
1.102581058E1,-2.215058327E0,-1.731166959E0,-1.213417172E0
1.103577358E1,-2.071122169E0,-1.821081758E0,-1.118248820E0
1.104573558E1,-1.858016372E0,-2.006314993E0,-1.016745448E0
1.105569758E1,-1.686480165E0,-2.189199924E0,-9.240214825E-1
1.106565958E1,-1.469540954E0,-2.383004189E0,-8.679049611E-1
1.107562158E1,-1.151156783E0,-2.579448938E0,-8.613181114E-1
1.108558358E1,-7.405143976E-1,-2.693148136E0,-8.901510835E-1
1.109554558E1,-2.406377196E-1,-2.799946308E0,-9.165890813E-1
1.110550758E1,2.938399613E-1,-2.919158936E0,-9.574566483E-1
1.111547058E1,8.068493605E-1,-3.039587259E0,-1.041755795E0
1.112543258E1,1.235948682E0,-3.120842695E0,-1.137156963E0
1.113539458E1,1.566516995E0,-3.155472040E0,-1.194312453E0
1.114535658E1,1.867226601E0,-3.170879602E0,-1.208670974E0
1.115531858E1,2.132628679E0,-3.255178928E0,-1.228688717E0
1.116528058E1,2.335665703E0,-3.500850916E0,-1.205850959E0
1.117524258E1,2.422144651E0,-3.879752636E0,-1.087294579E0
1.118520558E1,2.372612000E0,-4.284416676E0,-9.227670431E-1
1.119516758E1,2.208547115E0,-4.718322754E0,-7.999284863E-1
1.120512958E1,1.978392959E0,-5.195538044E0,-6.435026526E-1
1.121509158E1,1.765812516E0,-5.541630745E0,-5.123097897E-1
1.122505358E1,1.658158064E0,-5.720882893E0,-4.023539722E-1
1.123501558E1,1.649331570E0,-5.797051430E0,-3.169915676E-1
1.124497758E1,1.598389745E0,-5.750390530E0,-2.036106884E-1
1.125493958E1,1.466279149E0,-5.708523273E0,-8.731903508E-3
1.126490158E1,1.240267038E0,-5.756564617E0,2.001494020E-1
1.127486458E1,8.902635574E-1,-5.850629330E0,4.660519361E-1
1.128482658E1,4.327827990E-1,-5.988685608E0,7.567839026E-1
1.129478858E1,-2.439529635E-2,-5.976997375E0,9.885279536E-1
1.130475058E1,-4.489694834E-1,-5.852889538E0,1.156668186E0
1.131471258E1,-8.052070141E-1,-5.616107464E0,1.260404110E0
1.132467458E1,-1.085314393E0,-5.175894260E0,1.339763045E0
1.133463658E1,-1.317028761E0,-4.485111713E0,1.388693094E0
1.134459958E1,-1.468596220E0,-3.612248421E0,1.365207672E0
1.135456158E1,-1.563807011E0,-2.771943808E0,1.372407794E0
1.136452358E1,-1.444201708E0,-2.212722301E0,1.416936874E0
1.137448558E1,-1.208441615E0,-2.022814512E0,1.369694710E0
1.138444758E1,-1.032526016E0,-1.970113039E0,1.155734181E0
1.139440958E1,-9.073953629E-1,-2.000804186E0,9.094840884E-1
1.140437158E1,-7.050654292E-1,-2.104569197E0,6.347766519E-1
1.141433358E1,-4.062799811E-1,-2.234439373E0,3.377277553E-1
1.142429658E1,-5.524443835E-2,-2.405116558E0,9.460109286E-3
1.143425858E1,3.051081002E-1,-2.715025663E0,-3.515523374E-1
1.144422058E1,6.698450446E-1,-3.112296820E0,-7.383801937E-1
1.145418258E1,9.926226139E-1,-3.425670147E0,-1.165625572E0
1.146414458E1,1.282069683E0,-3.605870485E0,-1.551249385E0
1.147410658E1,1.505475283E0,-3.687140703E0,-1.866852760E0
1.148406858E1,1.682002187E0,-3.409348488E0,-2.128753662E0
1.149403058E1,1.892100096E0,-2.850929737E0,-2.301579952E0
1.150399358E1,2.108051538E0,-2.300737143E0,-2.405517817E0
1.151395558E1,2.287601471E0,-1.843626022E0,-2.536958456E0
1.152391758E1,2.395628214E0,-1.434779882E0,-2.596153736E0
1.153387958E1,2.437320709E0,-1.247400045E0,-2.691791058E0
1.154384158E1,2.497777700E0,-1.257682443E0,-2.821978807E0
1.155380358E1,2.633700609E0,-1.254563332E0,-2.894855022E0
1.156376558E1,2.870867252E0,-1.138393879E0,-2.831653118E0
1.157372758E1,3.176409006E0,-9.162114859E-1,-2.645290852E0
1.158369058E1,3.377005100E0,-5.400703549E-1,-2.438343048E0
1.159365258E1,3.356983900E0,-2.141917124E-2,-2.210572720E0
1.160361458E1,3.286175489E0,5.208073258E-1,-1.953601480E0
1.161357658E1,3.238961935E0,9.759478569E-1,-1.741962433E0
1.162353858E1,3.197527647E0,1.399622917E0,-1.565626621E0
1.163350058E1,3.152168751E0,1.821335912E0,-1.455201030E0
1.164346258E1,3.103924990E0,1.962038398E0,-1.375160336E0
1.165342458E1,3.039291620E0,1.949216843E0,-1.374118924E0
1.166338758E1,2.947144032E0,1.937534094E0,-1.471416473E0
1.167334958E1,2.802714825E0,1.834703922E0,-1.539381385E0
1.168331158E1,2.643343210E0,1.599337697E0,-1.731458306E0
1.169327358E1,2.495122194E0,1.484494328E0,-1.803164959E0
1.170323558E1,2.360681295E0,1.336413264E0,-1.774716496E0
1.171319758E1,2.356179953E0,1.119509220E0,-1.721141696E0
1.172315958E1,2.274906874E0,1.034324765E0,-1.667128801E0
1.173312258E1,2.194608688E0,1.062960029E0,-1.648197412E0
1.174308458E1,2.184674978E0,1.202191949E0,-1.726778507E0
1.175304658E1,2.258356810E0,1.452315569E0,-1.906116724E0
1.176300858E1,2.350050449E0,1.796902776E0,-2.139478207E0
1.177297058E1,2.457090139E0,2.067149162E0,-2.221845865E0
1.178293258E1,2.574239731E0,2.227171183E0,-2.231622458E0
1.179289458E1,2.699426889E0,2.502505779E0,-2.234841824E0
1.180285658E1,2.776679039E0,2.910129786E0,-2.195014954E0
1.181281958E1,2.817779541E0,3.199462414E0,-2.113407612E0
1.182278158E1,2.803839207E0,3.270650864E0,-2.013963938E0
1.183274358E1,2.701896906E0,3.163422346E0,-1.888871431E0
1.184270558E1,2.543406010E0,2.888932467E0,-1.731506586E0
1.185266758E1,2.347763300E0,2.649663210E0,-1.609307289E0
1.186262958E1,2.127859592E0,2.526115656E0,-1.509601951E0
1.187259158E1,1.913375735E0,2.538740396E0,-1.424224854E0
1.188255358E1,1.749906898E0,2.578170300E0,-1.352768779E0
1.189251658E1,1.589907527E0,2.586302757E0,-1.284982562E0
1.190247858E1,1.356210113E0,2.687488556E0,-1.214704990E0
1.191244058E1,1.054746509E0,2.822434425E0,-1.153120518E0
1.192240258E1,6.844512224E-1,2.849064827E0,-1.122232318E0
1.193236458E1,2.955087423E-1,2.756717205E0,-1.132594347E0
1.194232658E1,-6.665930897E-2,2.504008532E0,-1.203021646E0
1.195228858E1,-4.271072447E-1,2.285237312E0,-1.329181671E0
1.196225158E1,-7.341327071E-1,2.285804033E0,-1.463461280E0
1.197221358E1,-9.469456673E-1,2.339088440E0,-1.594257355E0
1.198217558E1,-1.077632546E0,2.293790340E0,-1.723315239E0
1.199213758E1,-1.201129079E0,2.340261698E0,-1.835595846E0
1.200209958E1,-1.319594264E0,2.503262520E0,-1.947616100E0
1.201206158E1,-1.386197329E0,2.574839592E0,-2.074946404E0
1.202202358E1,-1.433967233E0,2.603614569E0,-2.193583965E0
1.203198558E1,-1.460036159E0,2.714825869E0,-2.334765673E0
1.204194858E1,-1.457864046E0,2.890929937E0,-2.511963367E0
1.205191058E1,-1.433662176E0,3.116542578E0,-2.690948009E0
1.206187258E1,-1.402372479E0,3.316471338E0,-2.853603601E0
1.207183458E1,-1.389172435E0,3.423166990E0,-2.933879614E0
1.208179658E1,-1.453729868E0,3.392643213E0,-2.942619562E0
1.209175858E1,-1.585792542E0,3.107827425E0,-3.000197649E0
1.210172058E1,-1.750738382E0,3.114660501E0,-2.930832863E0
1.211168258E1,-1.734097004E0,3.056677818E0,-2.642045736E0
1.212164558E1,-1.821506739E0,2.704534054E0,-2.430557251E0
1.213160758E1,-1.849628210E0,2.632480621E0,-2.278924465E0
1.214156958E1,-1.796318650E0,2.505602598E0,-2.144482136E0
1.215153158E1,-1.701525569E0,2.333644390E0,-1.991252422E0
1.216149358E1,-1.608176470E0,2.275364161E0,-1.867773533E0
1.217145558E1,-1.569216847E0,2.172899008E0,-1.764973283E0
1.218141758E1,-1.633870721E0,2.137227058E0,-1.661797881E0
1.219138058E1,-1.686053395E0,2.178879261E0,-1.591537595E0
1.220134258E1,-1.694185376E0,2.127856016E0,-1.549737215E0
1.221130458E1,-1.729758143E0,1.957389951E0,-1.450977206E0
1.222126658E1,-1.788114667E0,1.735901237E0,-1.294705629E0
1.223122858E1,-1.803864360E0,1.679593921E0,-1.154914141E0
1.224119058E1,-1.824515224E0,1.803928018E0,-1.045403600E0
1.225115258E1,-1.861443400E0,1.972561359E0,-9.987721443E-1
1.226111458E1,-1.931505322E0,2.035564899E0,-9.520954490E-1
1.227107758E1,-2.022773266E0,1.912075639E0,-8.447350264E-1
1.228103958E1,-2.090060949E0,1.586275220E0,-6.122027040E-1
1.229100158E1,-2.077362061E0,1.319264054E0,-4.746174216E-1
1.230096358E1,-2.102633715E0,1.192424536E0,-5.229564905E-1
1.231092558E1,-2.119875193E0,1.071440339E0,-5.560430884E-1
1.232088758E1,-2.133934021E0,8.767778277E-1,-3.910411000E-1
1.233084958E1,-2.117632151E0,6.939353347E-1,-3.168165982E-1
1.234081258E1,-2.237694025E0,4.220857322E-1,-3.093560338E-1
1.235077458E1,-2.358426094E0,2.277391702E-1,-2.808784842E-1
1.236073658E1,-2.415799379E0,8.725102246E-2,-3.424387872E-1
1.237069858E1,-2.398616552E0,1.148571540E-2,-4.831694067E-1
1.238066058E1,-2.310785532E0,-1.114607155E-1,-6.460192800E-1
1.239062258E1,-2.151470900E0,-2.341855913E-1,-8.571754694E-1
1.240058458E1,-2.056607485E0,-2.211592644E-1,-1.142128110E0
1.241054658E1,-2.162386894E0,-1.220477968E-1,-1.319622040E0
1.242050958E1,-2.239883423E0,7.912126929E-2,-1.339864969E0
1.243047158E1,-2.241317272E0,2.119418532E-1,-1.245113850E0
1.244043358E1,-2.134305239E0,3.535447717E-1,-1.145035148E0
1.245039558E1,-1.911535501E0,5.175221562E-1,-1.035644770E0
1.246035758E1,-1.774764895E0,5.558397174E-1,-9.822829962E-1
1.247031958E1,-1.744506240E0,4.234773517E-1,-9.072470069E-1
1.248028158E1,-1.663653731E0,2.146713883E-1,-7.243118286E-1
1.249024458E1,-1.620624900E0,-1.448334754E-2,-5.381659269E-1
1.250020658E1,-1.595965862E0,-2.186229080E-1,-4.199221432E-1
1.251016858E1,-1.480608225E0,-4.261904955E-1,-3.162353039E-1
1.252013058E1,-1.434014320E0,-6.866897345E-1,-2.622556984E-1
1.253009258E1,-1.568129301E0,-1.051165819E0,-2.415942550E-1
1.254005458E1,-1.789196730E0,-1.419976115E0,-2.832700610E-1
1.255001658E1,-2.026107550E0,-1.599973083E0,-3.576025367E-1
1.255997858E1,-2.308471918E0,-1.629559636E0,-3.797123730E-1
1.256994158E1,-2.497815609E0,-1.575733066E0,-3.672118783E-1
1.257990358E1,-2.611846209E0,-1.552335858E0,-3.471617401E-1
1.258986558E1,-2.767637253E0,-1.671885729E0,-3.512937725E-1
1.259982758E1,-2.921214819E0,-2.055263758E0,-3.186804354E-1
1.260978958E1,-3.034924746E0,-2.483226061E0,-2.920767367E-1
1.261975158E1,-3.049577713E0,-2.936312675E0,-2.742410004E-1
1.262971358E1,-2.920269012E0,-3.409360170E0,-2.376220524E-1
1.263967658E1,-2.793191195E0,-3.774690866E0,-2.006163597E-1
1.264963858E1,-2.678399801E0,-4.058772564E0,-2.656507790E-1
1.265960058E1,-2.510098696E0,-4.243597031E0,-3.773770332E-1
1.266956258E1,-2.198407888E0,-4.213637352E0,-4.822945893E-1
1.267952458E1,-1.814397931E0,-4.045467854E0,-6.156420112E-1
1.268948658E1,-1.392587900E0,-3.815091610E0,-7.064082623E-1
1.269944858E1,-1.014441848E0,-3.659082413E0,-7.120105028E-1
1.270941158E1,-7.117804885E-1,-3.589835405E0,-6.983980536E-1
1.271937358E1,-5.003470778E-1,-3.459738016E0,-6.753239036E-1
1.272933558E1,-4.048478007E-1,-3.158391953E0,-6.546321511E-1
1.273929758E1,-2.978518307E-1,-2.651047230E0,-6.433733702E-1
1.274925958E1,-7.912460715E-2,-2.088535786E0,-6.685413718E-1
1.275922158E1,2.535899580E-1,-1.676359415E0,-7.390232682E-1
1.276918358E1,6.416442394E-1,-1.534605861E0,-8.304777741E-1
1.277914558E1,8.814325929E-1,-1.777085066E0,-8.583546877E-1
1.278910858E1,8.564685583E-1,-2.230766058E0,-8.233529329E-1
1.279907058E1,6.769949198E-1,-2.578299761E0,-7.303124666E-1
1.280903258E1,4.701987505E-1,-2.706380606E0,-6.127269864E-1
1.281899458E1,2.499705404E-1,-2.661078453E0,-4.813473821E-1
1.282895658E1,9.237138182E-2,-2.561058998E0,-4.112831652E-1
1.283891858E1,5.667836219E-2,-2.573075533E0,-5.583903193E-1
1.284888058E1,8.552603424E-2,-2.600687027E0,-5.555196404E-1
1.285884358E1,2.364324629E-1,-2.709529638E0,-5.892480016E-1
1.286880558E1,3.867958784E-1,-2.887887716E0,-6.908390522E-1
1.287876758E1,4.342629910E-1,-2.930550337E0,-7.827018499E-1
1.288872958E1,4.079203904E-1,-2.786237001E0,-7.061858773E-1
1.289869158E1,4.400506318E-1,-2.618717194E0,-6.481012702E-1
1.290865358E1,5.358669758E-1,-2.430471659E0,-5.544892550E-1
1.291861558E1,6.135165095E-1,-2.395523310E0,-5.989429951E-1
1.292857733E1,6.686102152E-1,-2.551056862E0,-5.672495365E-1
1.293854033E1,7.752575874E-1,-2.808126926E0,-6.647691131E-1
1.294850233E1,8.631461859E-1,-2.900297642E0,-7.820047140E-1
1.295846433E1,9.341180921E-1,-2.928402901E0,-7.759553194E-1
1.296842633E1,1.045092344E0,-3.032982349E0,-8.759786487E-1
1.297838833E1,1.206278205E0,-3.215883017E0,-1.119840384E0
1.298835033E1,1.410497904E0,-3.411787748E0,-1.347993493E0
1.299831233E1,1.634379625E0,-3.490136147E0,-1.487105846E0
1.300827533E1,1.920530796E0,-3.378170967E0,-1.530406237E0
1.301823733E1,2.264868498E0,-3.293645144E0,-1.486005187E0
1.302819933E1,2.618632317E0,-3.297960758E0,-1.383427024E0
1.303816133E1,2.902814388E0,-3.255191565E0,-1.229005456E0
1.304812333E1,3.075176239E0,-3.157547235E0,-1.030033112E0
1.305808533E1,3.126715422E0,-3.046708822E0,-8.156001568E-1
1.306804733E1,3.059399366E0,-2.965785742E0,-5.722650290E-1
1.307800933E1,2.913817644E0,-2.909946203E0,-3.498636484E-1
1.308797233E1,2.692054272E0,-2.840037823E0,-2.017141432E-1
1.309793433E1,2.462414980E0,-2.645192385E0,-1.479976475E-1
1.310789633E1,2.287944555E0,-2.405493021E0,-1.915787607E-1
1.311785833E1,2.133193731E0,-2.360887051E0,-2.665773928E-1
1.312782033E1,1.997071028E0,-2.405967712E0,-4.697216451E-1
1.313778233E1,1.899385214E0,-2.452640533E0,-7.997459173E-1
1.314774433E1,1.806458592E0,-2.376814604E0,-1.114448309E0
1.315770633E1,1.736762285E0,-2.236991167E0,-1.338896394E0
1.316766933E1,1.708909750E0,-2.168789864E0,-1.587562799E0
1.317763133E1,1.669283986E0,-2.213120937E0,-1.837913513E0
1.318759333E1,1.640156388E0,-2.251493931E0,-1.982846618E0
1.319755533E1,1.651726723E0,-2.255570173E0,-2.095818758E0
1.320751733E1,1.719471335E0,-2.358465195E0,-2.235694647E0
1.321747933E1,1.839243889E0,-2.571147680E0,-2.357836485E0
1.322744133E1,1.978004813E0,-2.855346441E0,-2.486633539E0
1.323740433E1,2.101968288E0,-3.161291361E0,-2.621052265E0
1.324736633E1,2.219117641E0,-3.406889915E0,-2.673142433E0
1.325732833E1,2.320304871E0,-3.533304214E0,-2.658673048E0
1.326729033E1,2.384154797E0,-3.469418764E0,-2.640633106E0
1.327725233E1,2.467385054E0,-3.158939362E0,-2.629317999E0
1.328721433E1,2.587121248E0,-2.656064510E0,-2.603842020E0
1.329717633E1,2.699628592E0,-2.098876715E0,-2.589247465E0
1.330713933E1,2.790114164E0,-1.824526191E0,-2.602077007E0
1.331710133E1,2.830458879E0,-1.751965761E0,-2.682569504E0
1.332706333E1,2.750717878E0,-1.522475719E0,-2.719495535E0
1.333702533E1,2.464718103E0,-1.095369101E0,-2.647796154E0
1.334698733E1,1.999207377E0,-4.996914566E-1,-2.490624189E0
1.335694933E1,1.393685699E0,1.231635883E-1,-2.380448103E0
1.336691133E1,8.335627913E-1,7.315375209E-1,-2.381343365E0
1.337687333E1,3.369093537E-1,9.970517755E-1,-2.490313530E0
1.338683633E1,-1.700341254E-1,7.901468873E-1,-2.619274855E0
1.339679833E1,-7.248741388E-1,5.148996115E-1,-2.684743881E0
1.340676033E1,-1.266725183E0,3.226758838E-1,-2.660061598E0
1.341672233E1,-1.771309614E0,1.752155721E-1,-2.569981337E0
1.342668433E1,-2.225349426E0,2.202241123E-1,-2.482040167E0
1.343664633E1,-2.592819691E0,4.308050573E-1,-2.440495729E0
1.344660833E1,-2.890697718E0,6.605141163E-1,-2.459565401E0
1.345657133E1,-3.121217966E0,9.000902176E-1,-2.491089582E0
1.346653333E1,-3.267301321E0,1.173421144E0,-2.548677921E0
1.347649533E1,-3.353386402E0,1.360568047E0,-2.629636049E0
1.348645733E1,-3.411871433E0,1.481633663E0,-2.711034060E0
1.349641933E1,-3.531168222E0,1.576880813E0,-2.818804502E0
1.350638133E1,-3.668088913E0,1.619216919E0,-2.959908009E0
1.351634333E1,-3.774930716E0,1.567161918E0,-3.119903564E0
1.352630633E1,-3.818642139E0,1.370357275E0,-3.224554777E0
1.353626833E1,-3.764462709E0,1.127766728E0,-3.233502388E0
1.354623033E1,-3.615803003E0,8.672403693E-1,-3.172796726E0
1.355619233E1,-3.363662720E0,6.206348538E-1,-3.066128254E0
1.356615433E1,-3.041004181E0,6.071321368E-1,-2.953850031E0
1.357611633E1,-2.678795099E0,6.530399919E-1,-2.840751648E0
1.358607833E1,-2.298657656E0,7.343689203E-1,-2.687625647E0
1.359604033E1,-1.994971275E0,8.571733832E-1,-2.483292580E0
1.360600333E1,-1.762150526E0,1.056241512E0,-2.251319647E0
1.361596533E1,-1.618858099E0,1.342857003E0,-2.067970753E0
1.362592733E1,-1.543230176E0,1.577030301E0,-1.915850639E0
1.363588933E1,-1.524847150E0,1.612412810E0,-1.797438502E0
1.364585133E1,-1.602799416E0,1.552674055E0,-1.697737455E0
1.365581333E1,-1.821552992E0,1.587064505E0,-1.577667952E0
1.366577533E1,-2.114861012E0,1.747713685E0,-1.455615163E0
1.367573833E1,-2.418077469E0,1.926643252E0,-1.361430049E0
1.368570033E1,-2.676014662E0,1.990050554E0,-1.293404818E0
1.369566233E1,-2.875140905E0,1.868396878E0,-1.223546386E0
1.370562433E1,-3.052313805E0,1.600257635E0,-1.174637675E0
1.371558633E1,-3.231355906E0,1.322902203E0,-1.124383807E0
1.372554833E1,-3.474254608E0,1.211589098E0,-1.017957568E0
1.373551033E1,-3.815059662E0,1.333125114E0,-8.542532921E-1
1.374547333E1,-4.172680855E0,1.560478210E0,-7.021954656E-1
1.375543533E1,-4.444794178E0,1.697660089E0,-5.874768496E-1
1.376539733E1,-4.618656635E0,1.709916592E0,-4.790547192E-1
1.377535933E1,-4.781403065E0,1.667441487E0,-3.649832904E-1
1.378532133E1,-4.915873051E0,1.561838746E0,-2.510627210E-1
1.379528333E1,-5.010401249E0,1.361614585E0,-1.395287365E-1
1.380524533E1,-5.072936535E0,1.092526793E0,-5.866428465E-2
1.381520833E1,-5.054997444E0,8.177134395E-1,-2.462797333E-3
1.382517033E1,-4.974527836E0,5.727691054E-1,8.231632411E-2
1.383513233E1,-4.928592682E0,4.491307735E-1,2.515935004E-1
1.384509433E1,-4.910953045E0,4.398167133E-1,4.538487792E-1
1.385505633E1,-4.871581554E0,3.694916964E-1,6.602280736E-1
1.386501833E1,-4.810962200E0,2.308656424E-1,8.547236919E-1
1.387498033E1,-4.728898048E0,3.104946204E-2,1.016710997E0
1.388494333E1,-4.663240433E0,-1.792925596E-1,1.176758528E0
1.389490533E1,-4.646053791E0,-1.854956001E-1,1.318500042E0
1.390486733E1,-4.651247025E0,-1.063374802E-2,1.472422361E0
1.391482933E1,-4.581000328E0,2.082959265E-1,1.637156248E0
1.392479117E1,-4.436320305E0,4.038959444E-1,1.738823175E0
1.393475317E1,-4.254760265E0,5.893694162E-1,1.760873079E0
1.394471517E1,-4.048837662E0,6.905159354E-1,1.710068345E0
1.395467717E1,-3.819615602E0,6.994942427E-1,1.621438980E0
1.396464017E1,-3.531588554E0,6.199666858E-1,1.570676804E0
1.397460217E1,-3.196288824E0,4.810500741E-1,1.582200050E0
1.398456417E1,-2.861265898E0,3.902817965E-1,1.648486972E0
1.399452617E1,-2.537703753E0,3.777151406E-1,1.721131682E0
1.400448817E1,-2.177906036E0,3.136731088E-1,1.801028848E0
1.401445017E1,-1.816227198E0,1.695790589E-1,1.916486979E0
1.402441217E1,-1.476012707E0,9.904979169E-2,2.032137632E0
1.403437517E1,-1.105050087E0,2.230228297E-2,2.117910862E0
1.404433717E1,-7.432791591E-1,-2.067131698E-1,2.180870771E0
1.405429917E1,-4.481127858E-1,-5.085063577E-1,2.202839851E0
1.406426117E1,-2.224129587E-1,-7.738343477E-1,2.209335804E0
1.407422317E1,-1.764331199E-2,-9.520466924E-1,2.269947052E0
1.408418517E1,1.573215574E-1,-1.041205764E0,2.371863365E0
1.409414717E1,2.618026733E-1,-1.012116790E0,2.461307526E0
1.410411017E1,3.022480309E-1,-8.353667855E-1,2.528806686E0
1.411407217E1,2.627189755E-1,-5.460127592E-1,2.516454935E0
1.412403417E1,1.875040233E-1,-2.382269353E-1,2.424525976E0
1.413399617E1,1.669220477E-1,3.595694155E-2,2.321872234E0
1.414395817E1,1.306243539E-1,1.481163353E-1,2.242512226E0
1.415392017E1,-9.302045405E-2,7.969014347E-2,2.175588369E0
1.416388217E1,-4.541593492E-1,-9.098049998E-2,2.128437996E0
1.417384517E1,-7.402432561E-1,-3.753270209E-1,2.112810373E0
1.418380717E1,-8.550853133E-1,-6.539319158E-1,2.098478794E0
1.419376917E1,-8.127877116E-1,-8.390924931E-1,2.158328533E0
1.420373117E1,-6.582247019E-1,-9.229022264E-1,2.299992085E0
1.421369317E1,-4.132597446E-1,-9.485726953E-1,2.457347870E0
1.422365517E1,-1.051848307E-1,-9.513460994E-1,2.609745979E0
1.423361717E1,1.963310689E-1,-9.964944124E-1,2.766200542E0
1.424358017E1,4.333074093E-1,-1.132814765E0,2.870916843E0
1.425354217E1,5.981293917E-1,-1.276130080E0,2.869232893E0
1.426350417E1,6.628285050E-1,-1.295260429E0,2.781533241E0
1.427346617E1,6.194568276E-1,-1.150038242E0,2.660065413E0
1.428342817E1,4.948603213E-1,-9.265501499E-1,2.523244858E0
1.429339017E1,2.736988962E-1,-7.271619439E-1,2.335339546E0
1.430335217E1,-5.898823217E-2,-6.425006986E-1,2.111507654E0
1.431331517E1,-3.316810131E-1,-6.162342429E-1,1.979574561E0
1.432327717E1,-6.411352158E-1,-6.434369683E-1,1.881849885E0
1.433323917E1,-1.090606689E0,-7.629633546E-1,1.751124859E0
1.434320117E1,-1.502432823E0,-1.014026523E0,1.656291246E0
1.435316317E1,-1.711951137E0,-1.112741828E0,1.565960288E0
1.436312517E1,-1.852235079E0,-1.148514390E0,1.446484447E0
1.437308717E1,-2.015925169E0,-1.348326087E0,1.345292807E0
1.438305017E1,-2.170362711E0,-1.640097618E0,1.176854491E0
1.439301217E1,-2.215215445E0,-1.850783467E0,9.209762216E-1
1.440297417E1,-2.160434961E0,-1.787651777E0,5.507436395E-1
1.441293617E1,-2.176280499E0,-1.540329099E0,1.019543782E-1
1.442289817E1,-2.432993412E0,-1.308076978E0,-3.602263331E-1
1.443286017E1,-2.726167440E0,-1.270633221E0,-7.044169903E-1
1.444282217E1,-2.847857714E0,-1.217478871E0,-8.763602376E-1
1.445278517E1,-2.881478310E0,-1.188484788E0,-9.503439069E-1
1.446274717E1,-2.798404932E0,-1.344256282E0,-9.466096759E-1
1.447270917E1,-2.590811253E0,-1.591473818E0,-9.437952638E-1
1.448267117E1,-2.298071146E0,-1.745178461E0,-1.017211556E0
1.449263317E1,-1.927377105E0,-1.808335304E0,-1.157331824E0
1.450259517E1,-1.564206839E0,-1.809595585E0,-1.307829499E0
1.451255717E1,-1.140849948E0,-1.778518081E0,-1.434811950E0
1.452252017E1,-5.914591551E-1,-1.999301195E0,-1.333253980E0
1.453248217E1,-6.192553043E-2,-2.340207577E0,-1.279050708E0
1.454244417E1,4.531338811E-1,-2.802263737E0,-1.322146297E0
1.455240617E1,9.763670564E-1,-3.102493525E0,-1.501187444E0
1.456236817E1,1.474904656E0,-2.928945303E0,-1.741553307E0
1.457233017E1,1.834618807E0,-2.355896950E0,-1.915065646E0
1.458229217E1,1.992415309E0,-1.721091509E0,-1.908908010E0
1.459225417E1,2.005342007E0,-1.137435317E0,-1.784990311E0
1.460221717E1,2.035553217E0,-6.704959273E-1,-1.638870716E0
1.461217917E1,2.181565523E0,-3.091771007E-1,-1.519852519E0
1.462214117E1,2.393615484E0,-8.716067299E-3,-1.483179331E0
1.463210317E1,2.675195456E0,1.712422520E-1,-1.498754859E0
1.464206517E1,3.038797140E0,2.518873215E-1,-1.544582725E0
1.465202717E1,3.431586981E0,2.427771688E-1,-1.598827839E0
1.466198917E1,3.796597481E0,1.952044219E-1,-1.692631364E0
1.467195217E1,4.098682880E0,2.147773355E-1,-1.782402039E0
1.468191417E1,4.297933578E0,4.205148518E-1,-1.740785837E0
1.469187617E1,4.396484375E0,7.262449861E-1,-1.546818018E0
1.470183817E1,4.297907829E0,1.071280837E0,-1.358747363E0
1.471180017E1,3.961428165E0,1.463521361E0,-1.167314887E0
1.472176217E1,3.597142935E0,1.772104144E0,-8.632775545E-1
1.473172417E1,3.245976925E0,2.104923010E0,-5.938258767E-1
1.474168717E1,2.932044506E0,2.390209913E0,-4.700799882E-1
1.475164917E1,2.761976719E0,2.476613760E0,-3.952712715E-1
1.476161117E1,2.800247431E0,2.444730759E0,-3.475005925E-1
1.477157317E1,2.986844063E0,2.326269627E0,-3.369297087E-1
1.478153517E1,3.241909027E0,2.100595713E0,-3.089797795E-1
1.479149717E1,3.404215813E0,1.792832851E0,-2.330687791E-1
1.480145917E1,3.464807272E0,1.447087169E0,-9.333489090E-2
1.481142217E1,3.458221436E0,1.210366845E0,1.529491991E-1
1.482138417E1,3.399838448E0,1.138059735E0,4.436931908E-1
1.483134617E1,3.305136204E0,1.175336719E0,7.242234349E-1
1.484130817E1,3.174119711E0,1.252335429E0,9.406179190E-1
1.485127017E1,2.986123562E0,1.367468357E0,1.109290481E0
1.486123217E1,2.722661257E0,1.399841309E0,1.212546825E0
1.487119417E1,2.411816597E0,1.170585155E0,1.206133366E0
1.488115717E1,2.034463644E0,8.773871660E-1,1.171156287E0
1.489111917E1,1.650258780E0,6.617195606E-1,1.177415848E0
1.490108117E1,1.266697645E0,5.016743541E-1,1.194662690E0
1.491104317E1,8.764576316E-1,3.343276680E-1,1.205246687E0
1.492100517E1,5.502790213E-1,1.398308277E-1,1.221026897E0
1.493096746E1,3.583793342E-1,2.397426218E-2,1.226136088E0
1.494092946E1,2.845866680E-1,5.305536836E-2,1.178059459E0
1.495089246E1,2.854095995E-1,2.017532438E-1,1.108995676E0
1.496085446E1,2.902907431E-1,3.319763243E-1,1.054105997E0
1.497081646E1,3.051751554E-1,3.948652744E-1,9.777718186E-1
1.498077846E1,3.283676505E-1,4.872034490E-1,9.394275546E-1
1.499074046E1,3.357329071E-1,6.901496053E-1,9.254017472E-1
1.500070246E1,3.132604659E-1,9.070806503E-1,9.405396581E-1
1.501066446E1,2.340191901E-1,1.173830271E0,1.005706191E0
1.502062746E1,1.066026539E-1,1.402985334E0,1.046465158E0
1.503058946E1,3.919684328E-3,1.321100831E0,1.033903599E0
1.504055146E1,-3.278686106E-2,9.388833046E-1,9.711772203E-1
1.505051346E1,-1.632266305E-2,4.630840421E-1,8.985903263E-1
1.506047546E1,4.626584798E-2,6.978318095E-2,8.451041579E-1
1.507043746E1,3.426511213E-2,-1.174157411E-1,8.310557008E-1
1.508039946E1,-1.744287014E-1,-4.214894176E-1,8.901345134E-1
1.509036246E1,-4.722092450E-1,-8.589264154E-1,9.472060800E-1
1.510032446E1,-9.087356925E-1,-1.353026986E0,1.066063404E0
1.511028646E1,-1.311834335E0,-1.364664674E0,1.028642058E0
1.512024846E1,-1.697050571E0,-7.655525804E-1,1.006127834E0
1.513021046E1,-2.267561436E0,-1.093078777E-1,1.028024316E0
1.514017246E1,-3.189145803E0,-2.967648022E-2,8.653453588E-1
1.515013446E1,-4.182724476E0,-5.891443491E-1,5.359131098E-1
1.516009746E1,-5.070458889E0,-8.354103565E-1,3.471958935E-1
1.517005946E1,-5.681026459E0,-1.207834482E0,3.551211953E-1
1.518002146E1,-6.193170547E0,-1.366857767E0,2.878016233E-1
1.518998346E1,-6.598750114E0,-1.930113196E0,2.139609754E-1
1.519994546E1,-6.756551266E0,-2.608381510E0,3.371189237E-1
1.520990746E1,-6.718194008E0,-3.079571009E0,6.798043251E-1
1.521986946E1,-6.430325508E0,-3.179112673E0,7.000570893E-1
1.522983246E1,-5.811028957E0,-2.835095644E0,5.258389711E-1
1.523979446E1,-5.070595264E0,-2.407995701E0,3.603217602E-1
1.524975646E1,-4.598860264E0,-2.169741869E0,1.144920215E-1
1.525971846E1,-4.229611874E0,-2.239497185E0,-6.966789812E-2
1.526968046E1,-3.799672127E0,-2.293290854E0,-1.562930644E-1
1.527964246E1,-3.346300840E0,-1.978304505E0,-3.376842439E-1
1.528960446E1,-2.956458330E0,-1.355600119E0,-4.866806269E-1
1.529956746E1,-2.793871403E0,-5.940567255E-1,-6.531938314E-1
1.530952946E1,-3.039985180E0,-1.474275254E-2,-9.391874671E-1
1.531949146E1,-3.460057735E0,-6.279800087E-2,-1.291820526E0
1.532945346E1,-3.629948378E0,-3.699020147E-1,-1.551915526E0
1.533941546E1,-3.378595829E0,-5.828880072E-1,-1.682485938E0
1.534937746E1,-2.744176149E0,-6.241598129E-1,-1.629045010E0
1.535933946E1,-1.932019949E0,-4.496691823E-1,-1.512853146E0
1.536930246E1,-1.120758533E0,2.963645011E-2,-1.449908853E0
1.537926446E1,-4.963637888E-1,7.272643447E-1,-1.472913861E0
1.538922646E1,-2.819984853E-1,1.323182821E0,-1.612202764E0
1.539918846E1,-3.251146674E-1,1.479244232E0,-1.832632661E0
1.540915046E1,-3.944625854E-1,1.343460917E0,-2.001446009E0
1.541911246E1,-3.283909261E-1,1.100266457E0,-2.054683924E0
1.542907446E1,-5.634742603E-2,9.451581240E-1,-2.006046057E0
1.543903746E1,2.739036679E-1,1.015311122E0,-1.909483194E0
1.544899946E1,5.141232014E-1,1.213253260E0,-1.827079177E0
1.545896146E1,7.047916055E-1,1.467554450E0,-1.833164334E0
1.546892346E1,9.457262158E-1,1.704104424E0,-1.867359281E0
1.547888546E1,1.237835646E0,1.993521810E0,-1.852413416E0
1.548884746E1,1.673082709E0,2.313675404E0,-1.844226122E0
1.549880946E1,2.336217403E0,2.600885391E0,-1.868175864E0
1.550877246E1,3.172598124E0,2.842259407E0,-1.910169840E0
1.551873446E1,4.106683731E0,3.001156807E0,-1.931842208E0
1.552869646E1,4.981267452E0,2.999522448E0,-1.895307183E0
1.553865846E1,5.663837910E0,2.909355402E0,-1.745834708E0
1.554862046E1,6.078453064E0,2.908830881E0,-1.519864082E0
1.555858246E1,6.373749256E0,3.129090548E0,-1.238440871E0
1.556854446E1,6.504392147E0,3.410381079E0,-1.009378910E0
1.557850746E1,6.370269775E0,3.760962248E0,-9.186379910E-1
1.558846946E1,6.122076035E0,3.922945976E0,-8.437269926E-1
1.559843146E1,5.859125137E0,3.760311365E0,-7.801554799E-1
1.560839346E1,5.449122906E0,3.574007273E0,-7.661059499E-1
1.561835546E1,4.897446632E0,3.420647621E0,-6.703609824E-1
1.562831746E1,4.419749260E0,3.182470798E0,-5.021336079E-1
1.563827946E1,3.919317245E0,2.910260439E0,-3.756068647E-1
1.564824246E1,3.473113060E0,2.840431452E0,-2.275713533E-1
1.565820446E1,3.232021093E0,2.746206999E0,-4.055102542E-2
1.566816646E1,3.117853165E0,2.582560778E0,8.150137961E-2
1.567812846E1,2.947933197E0,2.469036341E0,1.144554541E-1
1.568809046E1,2.773183107E0,2.488208294E0,1.928882152E-1
1.569805246E1,2.603595972E0,2.343723297E0,3.108997643E-1
1.570801446E1,2.307235718E0,2.164973497E0,4.107275605E-1
1.571797746E1,1.967490911E0,2.016440392E0,4.988921583E-1
1.572793946E1,1.643990278E0,1.716355324E0,5.920580626E-1
1.573790146E1,1.340544224E0,1.393061996E0,6.756987572E-1
1.574786346E1,1.009226561E0,1.255927324E0,7.276418805E-1
1.575782546E1,6.240831017E-1,1.148108959E0,7.388162613E-1
1.576778746E1,1.898597628E-1,9.877011776E-1,7.129446864E-1
1.577774946E1,-2.182584554E-1,9.394772053E-1,7.355943918E-1
1.578771246E1,-4.822144806E-1,9.329205155E-1,7.808367014E-1
1.579767446E1,-6.775155663E-1,8.189275861E-1,7.921960950E-1
1.580763646E1,-8.449604511E-1,6.039148569E-1,8.062576056E-1
1.581759846E1,-1.006630182E0,4.659539759E-1,7.042942047E-1
1.582756046E1,-1.029052615E0,3.291958869E-1,9.796378613E-1
1.583752246E1,-1.055282831E0,8.123157173E-2,1.252724528E0
1.584748546E1,-1.149005890E0,-2.393062413E-1,1.550977826E0
1.585744746E1,-1.336453319E0,-7.204007506E-1,1.866446733E0
1.586740946E1,-1.580204964E0,-1.121477365E0,2.262853384E0
1.587737146E1,-1.832639933E0,-1.262567043E0,2.651242256E0
1.588733346E1,-2.137896776E0,-1.474836946E0,2.910408497E0
1.589729546E1,-2.516531467E0,-1.874961972E0,3.057048321E0
1.590725746E1,-2.946970224E0,-2.516482353E0,3.240752459E0
1.591722046E1,-3.367070198E0,-3.166340113E0,3.211870909E0
1.592718229E1,-3.688369989E0,-3.466734886E0,3.010834217E0
1.593714429E1,-3.887504816E0,-3.393858671E0,2.845677376E0
1.594710629E1,-4.030316830E0,-3.052169561E0,2.721974611E0
1.595706829E1,-4.178706169E0,-2.529365778E0,2.641530275E0
1.596703029E1,-4.290635586E0,-2.017716408E0,2.575964689E0
1.597699229E1,-4.354528427E0,-1.804100275E0,2.539158344E0
1.598695529E1,-4.323512554E0,-1.908733964E0,2.508055687E0
1.599691729E1,-4.144999027E0,-2.145344973E0,2.421834707E0
1.600687929E1,-3.951873779E0,-2.621796608E0,2.289133072E0
1.601684129E1,-3.825845003E0,-3.295531750E0,2.174841642E0
1.602680329E1,-3.803792477E0,-4.060194969E0,2.060114622E0
1.603676529E1,-3.862057209E0,-4.708353996E0,1.985027194E0
1.604672729E1,-3.910749197E0,-5.065525055E0,1.944983125E0
1.605669029E1,-3.985484600E0,-5.142218590E0,1.824439406E0
1.606665229E1,-4.196354389E0,-4.904561996E0,1.688975811E0
1.607661429E1,-4.463119507E0,-4.347879410E0,1.568221927E0
1.608657629E1,-4.695757389E0,-3.644612074E0,1.437411666E0
1.609653829E1,-4.893434525E0,-2.773390055E0,1.179287672E0
1.610650029E1,-4.968045712E0,-1.603919268E0,8.082173467E-1
1.611646229E1,-4.798100471E0,-2.887312770E-1,2.972953916E-1
1.612642529E1,-4.336144924E0,1.064996123E0,-3.787339330E-1
1.613638729E1,-3.570199728E0,2.413923740E0,-1.126980186E0
1.614634929E1,-2.301961184E0,3.283296824E0,-1.978493214E0
1.615631129E1,-7.290108800E-1,3.765362263E0,-2.798151731E0
1.616627329E1,7.670342326E-1,3.984582663E0,-3.181691885E0
1.617623529E1,1.999585509E0,3.903293133E0,-3.268790483E0
1.618619729E1,2.793262720E0,3.800745249E0,-3.256745577E0
1.619616029E1,3.159276247E0,3.920089960E0,-3.203644037E0
1.620612229E1,3.242233753E0,4.110224247E0,-3.044581413E0
1.621608429E1,3.176527023E0,4.065119743E0,-2.820667744E0
1.622604629E1,3.123328209E0,3.797441721E0,-2.669500589E0
1.623600829E1,3.187062740E0,3.591997862E0,-2.578772783E0
1.624597029E1,3.351893425E0,3.530087709E0,-2.511872292E0
1.625593229E1,3.612047434E0,3.499376297E0,-2.513747454E0
1.626589529E1,3.960431337E0,3.507062197E0,-2.582799911E0
1.627585729E1,4.303975105E0,3.563257217E0,-2.591439247E0
1.628581929E1,4.520260334E0,3.550004959E0,-2.507906675E0
1.629578129E1,4.618463039E0,3.435156584E0,-2.402740002E0
1.630574329E1,4.680469990E0,3.386994600E0,-2.209410429E0
1.631570529E1,4.632557392E0,3.319253683E0,-1.912523031E0
1.632566729E1,4.468725681E0,3.171787262E0,-1.600945234E0
1.633563029E1,4.203836441E0,2.851012945E0,-1.291290879E0
1.634559229E1,3.910602331E0,2.450113535E0,-9.557458162E-1
1.635555429E1,3.619390011E0,2.096393824E0,-6.549462080E-1
1.636551629E1,3.299071550E0,1.767202497E0,-4.329746664E-1
1.637547829E1,2.909607649E0,1.382064223E0,-3.049966693E-1
1.638544029E1,2.530174255E0,1.019604802E0,-1.982726157E-1
1.639540229E1,2.183267593E0,6.994827986E-1,-1.168694794E-1
1.640536529E1,1.829941988E0,5.049913526E-1,-8.886954188E-2
1.641532729E1,1.412617922E0,4.231823087E-1,-9.328076243E-2
1.642528929E1,1.007923722E0,2.124098986E-1,-1.033416539E-1
1.643525129E1,6.545943618E-1,1.122605428E-1,-1.407784373E-1
1.644521329E1,3.317063451E-1,1.696322262E-1,-2.285807282E-1
1.645517529E1,-1.181505527E-2,2.460519820E-1,-2.915980816E-1
1.646513829E1,-3.508985937E-1,1.545098126E-1,-3.544401824E-1
1.647510029E1,-6.544803977E-1,-1.853292063E-2,-4.735409915E-1
1.648506229E1,-8.717783689E-1,-7.860158384E-2,-5.631273389E-1
1.649502429E1,-9.780526757E-1,-6.206913665E-2,-6.334630847E-1
1.650498629E1,-1.036346912E0,-1.120843664E-1,-7.367564440E-1
1.651494829E1,-1.093485832E0,-2.411953509E-1,-8.133848906E-1
1.652491029E1,-1.097653151E0,-8.412519097E-1,-5.441622138E-1
1.653487329E1,-3.101745546E-1,-8.576697707E-1,6.351782680E-1
1.654483529E1,4.505917802E-2,-7.313885093E-1,6.978794932E-1
1.655479729E1,1.463282704E-1,-4.792821407E-1,5.890125036E-1
1.656475929E1,8.093035966E-2,-1.234238893E-1,4.749703407E-1
1.657472129E1,-3.689259291E-2,-3.215493169E-3,3.633806407E-1
1.658468329E1,-1.249002069E-1,6.635878980E-2,2.938292623E-1
1.659464529E1,-1.511610448E-1,4.794164896E-1,2.267698199E-1
1.660460829E1,-4.965706542E-2,1.075524807E0,1.349887699E-1
1.661457029E1,-3.770568222E-2,1.203675985E0,1.931671426E-2
1.662453229E1,-7.963768393E-2,1.045593739E0,-2.717275731E-2
1.663449429E1,-5.072155595E-2,7.572488189E-1,-5.175541341E-2
1.664445629E1,9.801226109E-2,5.069811940E-1,-4.386845976E-2
1.665441829E1,2.986511588E-1,3.387410343E-1,-3.623183072E-2
1.666438129E1,4.481285214E-1,2.608203888E-1,-4.176268354E-2
1.667434329E1,5.497457981E-1,1.965924352E-1,-5.555059761E-2
1.668430529E1,5.769449472E-1,1.645271778E-1,-2.060033567E-2
1.669426729E1,5.480681658E-1,1.181112379E-1,2.083603851E-2
1.670422929E1,4.990444779E-1,7.385616004E-2,7.074527442E-2
1.671419129E1,4.147031605E-1,1.077582166E-1,1.238103434E-1
1.672415329E1,3.211607039E-1,1.961410791E-1,1.406369954E-1
1.673411629E1,2.667544782E-1,2.929397225E-1,1.237820759E-1
1.674407829E1,2.387670428E-1,3.679140806E-1,9.638320655E-2
1.675404029E1,2.384682894E-1,3.981109858E-1,6.462173164E-2
1.676400229E1,2.562960386E-1,4.015171826E-1,3.101849928E-2
1.677396429E1,2.782952189E-1,3.890877962E-1,-2.927458612E-3
1.678392629E1,2.824585438E-1,3.739245534E-1,-3.691339120E-2
1.679388829E1,8.118806779E-2,4.770574868E-1,-4.341793060E-2
1.680385129E1,-3.771328926E-2,1.607426852E-1,-3.960721567E-2
1.681381329E1,-1.455405951E-1,1.594305597E-2,-9.175033309E-3
1.682377529E1,-1.989918351E-1,-5.411539227E-2,-2.491564676E-2
1.683373729E1,-1.672323942E-1,-8.109512180E-2,-3.065730259E-2
1.684369929E1,-1.198829859E-1,-9.944643080E-2,-5.195617676E-3
1.685366129E1,-7.497106493E-2,-1.439088583E-1,2.934106439E-2
1.686362329E1,-1.019765623E-2,-2.105414122E-1,6.816835701E-2
1.687358629E1,6.680492312E-2,-2.478333861E-1,1.056298837E-1
1.688354829E1,7.600507885E-2,-2.630057037E-1,1.283085793E-1
1.689351029E1,1.345625520E-2,-2.367037237E-1,1.522557586E-1
1.690347229E1,-7.969659567E-2,-2.005177587E-1,1.948064268E-1
1.691343429E1,-1.567741930E-1,-2.026795149E-1,2.272214890E-1
1.692339629E1,-1.814971119E-1,-2.171929479E-1,2.181411833E-1
1.693335967E1,-2.141470462E-1,-2.252628505E-1,2.208451629E-1
1.694332167E1,-2.535825968E-1,-2.926067412E-1,2.392271012E-1
1.695328367E1,-2.799376547E-1,-3.991026580E-1,2.500846982E-1
1.696324567E1,-2.932830155E-1,-4.877350330E-1,2.580283880E-1
1.697320767E1,-3.028926849E-1,-5.416936874E-1,2.433639169E-1
1.698316967E1,-2.837424278E-1,-5.708339810E-1,2.431940138E-1
1.699313167E1,-2.672086656E-1,-5.282647014E-1,2.481116205E-1
1.700309467E1,-2.197713703E-1,-4.183534086E-1,2.196163386E-1
1.701305667E1,-1.573507190E-1,-2.941872180E-1,2.148622274E-1
1.702301867E1,-1.239608005E-1,-2.204850316E-1,2.108262032E-1
1.703298067E1,-1.238186955E-1,-2.064692080E-1,2.030801177E-1
1.704294267E1,-1.194303408E-1,-2.135220468E-1,1.895123720E-1
1.705290467E1,-1.057455391E-1,-2.037311792E-1,2.371013612E-1
1.706286767E1,-9.301216900E-2,-1.792071909E-1,2.625958025E-1
1.707282967E1,-9.714414179E-2,-2.767840028E-1,2.098438591E-1
1.708279167E1,-8.702146262E-2,-2.457821369E-1,2.382866889E-1
1.709275367E1,-4.264764860E-2,-2.592448592E-1,2.174946964E-1
1.710271567E1,-7.738912106E-2,-2.746893466E-1,1.977257878E-1
1.711267767E1,-1.316989213E-1,-2.933131754E-1,2.200248539E-1
1.712263967E1,-1.591656953E-1,-2.859298289E-1,2.233721763E-1
1.713260267E1,-1.664747298E-1,-2.983958721E-1,2.074692249E-1
1.714256467E1,-1.630845368E-1,-3.334246874E-1,1.887474656E-1
1.715252667E1,-1.440996230E-1,-3.181995451E-1,1.748494357E-1
1.716248867E1,-1.067991257E-1,-2.613663673E-1,1.693705171E-1
1.717245067E1,-6.860166788E-2,-2.176274508E-1,1.611859500E-1
1.718241267E1,-3.801047057E-2,-1.558908522E-1,1.370518506E-1
1.719237467E1,1.449935138E-2,-6.317718327E-2,1.082640588E-1
1.720233767E1,1.006635353E-1,3.050856292E-2,7.796847075E-2
1.721229967E1,2.021321207E-1,1.005634740E-1,4.895329103E-2
1.722226167E1,2.942713797E-1,1.664868295E-1,1.706113853E-2
1.723222367E1,3.332372308E-1,2.084789425E-1,3.321940545E-3
1.724218567E1,2.678701878E-1,1.123313680E-1,4.106532410E-2
1.725214767E1,1.771359295E-1,-6.823106110E-2,4.521078989E-2
1.726210967E1,1.485913694E-1,-1.900123507E-1,2.764697745E-2
1.727207267E1,1.599768549E-1,-2.414325029E-1,2.961201407E-2
1.728203467E1,1.617649049E-1,-3.094677329E-1,5.561032146E-2
1.729199667E1,1.518163085E-1,-4.007046521E-1,9.466499835E-2
1.730195867E1,1.334274560E-1,-4.564193189E-1,1.314277947E-1
1.731192067E1,1.131407544E-1,-4.625131190E-1,1.713613719E-1
1.732188267E1,6.863667071E-2,-4.016409814E-1,1.944610924E-1
1.733184567E1,3.471847624E-2,-3.661926687E-1,2.033354044E-1
1.734180767E1,-2.117940784E-2,-3.030041158E-1,1.866182089E-1
1.735176967E1,-7.861678302E-2,-2.695734203E-1,1.448528022E-1
1.736173167E1,-1.224737167E-1,-2.366213053E-1,1.017844379E-1
1.737169367E1,-1.795498431E-1,-2.023514956E-1,5.929041654E-2
1.738165567E1,-2.373939604E-1,-1.551166028E-1,2.800546400E-2
1.739161767E1,-2.700225413E-1,-1.154133901E-1,2.550879493E-3
1.740158067E1,-2.537724674E-1,-1.118056029E-1,-2.151131257E-2
1.741154267E1,-2.190127969E-1,-5.235261843E-2,-3.065166809E-2
1.742150467E1,-1.954741776E-1,1.652498171E-2,-4.219780490E-2
1.743146667E1,-1.889035404E-1,7.027108222E-2,-4.994692281E-2
1.744142867E1,-1.761701703E-1,9.323711693E-2,-5.693292990E-2
1.745139067E1,-1.720578074E-1,5.658306181E-2,-5.823971704E-2
1.746135367E1,-1.645900309E-1,-7.812439464E-3,-4.986993596E-2
1.747131567E1,-1.390061527E-1,-8.580408245E-2,-4.397996888E-2
1.748127767E1,-1.184859574E-1,-1.277507395E-1,-4.317170009E-2
1.749123967E1,-1.071970835E-1,-1.243206039E-1,-3.194042668E-2
1.750120167E1,-8.895176649E-2,-9.432382137E-2,-2.478504740E-2
1.751116367E1,-6.180164590E-2,-9.191656858E-2,-2.556581050E-2
1.752112567E1,-5.056363717E-2,-6.998037547E-2,-3.863900155E-2
1.753108867E1,-7.309885323E-2,-2.287952695E-3,-4.270187765E-2
1.754105067E1,-8.958861232E-2,8.105247468E-2,-4.568301886E-2
1.755101267E1,-7.768840343E-2,1.288075298E-1,-4.876565561E-2
1.756097467E1,-4.392191768E-2,1.323942840E-1,-5.229460821E-2
1.757093667E1,9.455524385E-3,1.206953451E-1,-5.799134076E-2
1.758089867E1,2.552823350E-2,9.903798252E-2,-6.562103331E-2
1.759086167E1,9.497926570E-3,6.278821826E-2,-5.893124640E-2
1.760082367E1,-1.330352575E-2,1.974408329E-2,-5.257827789E-2
1.761078567E1,-1.820079796E-2,-2.486482263E-2,-5.453887582E-2
1.762074767E1,-1.791477390E-2,-4.694855213E-2,-5.851630867E-2
1.763070967E1,-2.564984933E-2,-4.919460043E-2,-5.685187876E-2
1.764067167E1,-3.150960058E-2,-5.483118072E-2,-4.132671654E-2
1.765063367E1,-4.379207268E-2,-5.918551981E-2,-2.267610468E-2
1.766059667E1,-5.621385202E-2,-5.251536518E-2,-1.473482419E-2
1.767055867E1,-6.682485342E-2,-2.529463544E-2,-6.825432181E-3
1.768052067E1,-6.259149313E-2,3.646734636E-3,2.493501175E-3
1.769048267E1,-4.933310673E-2,1.928933710E-2,1.362063643E-2
1.770044467E1,-2.509354800E-2,1.670553721E-2,2.591458522E-2
1.771040667E1,-8.957302198E-3,-9.148813784E-3,3.718800098E-2
1.772036867E1,-1.042337157E-2,-5.160466209E-2,4.732985049E-2
1.773033167E1,-1.556018600E-3,-8.919341117E-2,4.859323055E-2
1.774029367E1,4.392950796E-3,-1.009525955E-1,3.654189408E-2
1.775025567E1,-4.656117409E-3,-1.004199162E-1,2.911235392E-2
1.776021767E1,-3.032792732E-2,-9.136915952E-2,2.038810402E-2
1.777017967E1,-5.390853062E-2,-8.484144509E-2,9.715365246E-3
1.778014167E1,-7.135729492E-2,-7.128249109E-2,-1.929305727E-3
1.779010367E1,-8.807239681E-2,-5.088698864E-2,-1.899756119E-2
1.780006667E1,-9.900174290E-2,-1.820600964E-2,-2.800703421E-2
1.781002867E1,-9.931516647E-2,9.566036984E-3,-3.012651205E-2
1.781999067E1,-9.041248262E-2,2.125491761E-2,-3.905529529E-2
1.782995267E1,-7.570233196E-2,2.239681408E-2,-5.117529258E-2
1.783991467E1,-7.766215503E-2,1.420093607E-2,-6.287669390E-2
1.784987667E1,-8.986996114E-2,1.438546740E-2,-6.803087145E-2
1.785983967E1,-9.387508780E-2,2.583812550E-2,-6.372080743E-2
1.786980167E1,-1.091413125E-1,3.020921908E-2,-6.680460274E-2
1.787976367E1,-1.218730882E-1,2.808215283E-2,-6.024417281E-2
1.788972567E1,-1.216528639E-1,3.571857512E-2,-4.516131803E-2
1.789968767E1,-1.102358922E-1,2.963884361E-2,-3.508471698E-2
1.790964967E1,-1.000215262E-1,1.136948261E-2,-3.243215755E-2
1.791961167E1,-8.704314381E-2,-1.381443348E-2,-2.301974781E-2
1.792957446E1,-7.967828214E-2,-4.897040874E-2,-1.504838374E-2
1.793953646E1,-7.353596389E-2,-6.499517709E-2,-1.211837400E-2
1.794949846E1,-5.762192607E-2,-5.374000967E-2,-1.229875069E-2
1.795946046E1,-5.091289058E-2,-2.117274515E-2,-1.599442028E-2
1.796942246E1,-6.060099602E-2,2.993958630E-2,-2.429061756E-2
1.797938446E1,-8.375930786E-2,7.158157229E-2,-3.640373796E-2
1.798934746E1,-1.219414622E-1,8.406297117E-2,-4.730003327E-2
1.799930946E1,-1.675723195E-1,7.018763572E-2,-5.707702786E-2
1.800927146E1,-1.996967345E-1,1.040080376E-2,-6.090448424E-2
1.801923346E1,-2.022498995E-1,-6.285183877E-2,-5.381834507E-2
1.802919546E1,-1.630908251E-1,-8.879839629E-2,-4.546229541E-2
1.803915746E1,-1.096955165E-1,-8.966658264E-2,-3.595747426E-2
1.804911946E1,-7.237409055E-2,-7.014159858E-2,-3.134977818E-2
1.805908246E1,-5.379214883E-2,-4.246895388E-2,-2.651134692E-2
1.806904446E1,-4.746776447E-2,-1.032331586E-2,-2.204137854E-2
1.807900646E1,-5.471449345E-2,6.904407404E-3,-1.913027652E-2
1.808896846E1,-6.385596842E-2,9.365215898E-3,-1.915489696E-2
1.809893046E1,-6.628131121E-2,1.022621524E-2,-2.743146941E-2
1.810889246E1,-5.749877170E-2,4.768814892E-3,-3.859150037E-2
1.811885546E1,-4.471453279E-2,-1.969764568E-2,-4.518735409E-2
1.812881746E1,-3.703610227E-2,-6.251423061E-2,-4.626344144E-2
1.813877946E1,-2.583857626E-2,-9.185773134E-2,-4.328149930E-2
1.814874146E1,-1.674799994E-2,-9.215915948E-2,-3.641669825E-2
1.815870346E1,-1.632002927E-2,-7.915734500E-2,-2.835184895E-2
1.816866546E1,-2.982852235E-2,-5.453805998E-2,-1.951598376E-2
1.817862746E1,-4.429934174E-2,-2.253938094E-2,-1.298324764E-2
1.818859046E1,-5.346770957E-2,-1.218790933E-2,-1.172296982E-2
1.819855246E1,-5.253879726E-2,-2.774636261E-2,-1.280314848E-2
1.820851446E1,-4.483517632E-2,-5.759069696E-2,-8.910837583E-3
1.821847646E1,-3.871310130E-2,-9.271166474E-2,4.733430687E-4
1.822843846E1,-3.753212467E-2,-1.182747409E-1,9.832348675E-3
1.823840046E1,-4.921407998E-2,-1.447103471E-1,1.394480281E-2
1.824836346E1,-7.334037870E-2,-1.687262505E-1,1.908083446E-2
1.825832546E1,-9.646433592E-2,-1.797072738E-1,2.736885846E-2
1.826828746E1,-1.144298166E-1,-1.751424670E-1,3.340845555E-2
1.827824946E1,-1.128098145E-1,-1.517670900E-1,3.234026209E-2
1.828821146E1,-9.938206524E-2,-1.184005663E-1,2.314797416E-2
1.829817346E1,-7.828610390E-2,-1.003073156E-1,1.534890756E-2
1.830813546E1,-7.369069010E-2,-9.532047063E-2,4.888401367E-3
1.831809846E1,-8.743420243E-2,-9.373003244E-2,-5.409243517E-3
1.832806046E1,-1.093575284E-1,-9.269000590E-2,-4.469192121E-3
1.833802246E1,-1.280071288E-1,-9.300798178E-2,1.471787691E-3
1.834798446E1,-1.454187781E-1,-1.018320546E-1,1.099886000E-2
1.835794646E1,-1.531081200E-1,-1.027604267E-1,1.321461052E-2
1.836790846E1,-1.473231167E-1,-1.053846553E-1,1.633731276E-2
1.837787146E1,-1.416601688E-1,-1.121347100E-1,1.238198485E-2
1.838783346E1,-1.478988677E-1,-1.246349961E-1,8.360667154E-3
1.839779546E1,-1.647630632E-1,-1.212112457E-1,1.471230574E-2
1.840775746E1,-1.728532463E-1,-1.023448110E-1,2.513462678E-2
1.841771946E1,-1.735501885E-1,-8.162621409E-2,2.901325561E-2
1.842768146E1,-1.703179628E-1,-7.614448667E-2,3.857115284E-2
1.843764346E1,-1.619359255E-1,-7.496310771E-2,4.981341958E-2
1.844760646E1,-1.439203918E-1,-8.246868849E-2,5.584823713E-2
1.845756846E1,-1.264276952E-1,-1.005270556E-1,5.815773085E-2
1.846753046E1,-1.227419004E-1,-1.194110736E-1,5.766304955E-2
1.847749246E1,-1.578572839E-1,-1.174922660E-1,6.698970497E-2
1.848745446E1,-2.048089504E-1,-1.066807732E-1,7.471288741E-2
1.849741646E1,-2.407067716E-1,-9.878077358E-2,8.130261302E-2
1.850737946E1,-2.638866305E-1,-8.013034612E-2,8.192610741E-2
1.851734146E1,-2.755041420E-1,-6.453540176E-2,8.523455262E-2
1.852730346E1,-2.726356685E-1,-5.289905891E-2,9.272536635E-2
1.853726546E1,-2.713123560E-1,-5.718195438E-2,9.388996661E-2
1.854722746E1,-2.851448953E-1,-7.899647951E-2,8.702205867E-2
1.855718946E1,-3.107506633E-1,-1.009651646E-1,8.302172273E-2
1.856715146E1,-3.368484676E-1,-1.136558130E-1,8.625587821E-2
1.857711446E1,-3.430088758E-1,-1.276443303E-1,9.069509804E-2
1.858707646E1,-3.405659199E-1,-1.386362165E-1,9.907958657E-2
1.859703846E1,-3.264905810E-1,-1.393446177E-1,1.138305664E-1
1.860700046E1,-3.031588793E-1,-1.553848833E-1,1.361910403E-1
1.861696246E1,-2.903410792E-1,-1.851387918E-1,1.586137861E-1
1.862692446E1,-3.235737979E-1,-3.123253286E-1,1.696088165E-1
1.863688746E1,-4.625923932E-1,-5.198362470E-1,1.905444562E-1
1.864684946E1,-6.301999688E-1,-7.026528120E-1,2.366556227E-1
1.865681146E1,-6.153065562E-1,-6.374139190E-1,2.800555527E-1
1.866677346E1,-5.223941803E-1,-4.513218403E-1,2.787115872E-1
1.867673546E1,-4.398484528E-1,-3.278963268E-1,2.535708249E-1
1.868669746E1,-4.040265083E-1,-3.544723988E-1,2.351165414E-1
1.869666046E1,-4.092066288E-1,-4.278273284E-1,2.074444294E-1
1.870662246E1,-4.081397057E-1,-4.486587346E-1,1.886896193E-1
1.871658446E1,-3.946515918E-1,-3.446095884E-1,1.830943227E-1
1.872654646E1,-3.804363012E-1,-1.661411673E-1,1.605434567E-1
1.873650846E1,-3.447994590E-1,1.215986442E-2,1.265700459E-1
1.874647046E1,-2.915543616E-1,1.377678663E-1,7.886696607E-2
1.875643246E1,-2.313511968E-1,1.445489228E-1,3.691907972E-2
1.876639546E1,-1.666280478E-1,9.857189143E-4,1.492459700E-2
1.877635746E1,-1.103253588E-1,-3.194234371E-1,5.407524295E-3
1.878631946E1,-4.018802196E-2,-6.939237118E-1,2.458944218E-4
1.879628146E1,2.388523892E-2,-1.103226781E0,-9.117802978E-2
1.880624346E1,6.114058569E-2,-1.397971272E0,-5.458465964E-2
1.881620546E1,7.953370363E-2,-1.600183725E0,-9.562593885E-3
1.882616846E1,1.922450215E-2,-1.633901954E0,-1.865454577E-2
1.883613046E1,-1.577888876E-1,-1.436117172E0,4.885135684E-3
1.884609246E1,-4.014030695E-1,-1.195684671E0,2.141284198E-2
1.885605446E1,-6.038549542E-1,-9.428803921E-1,5.740333349E-2
1.886601646E1,-7.004514337E-1,-6.917110085E-1,6.360719353E-2
1.887597846E1,-6.586807966E-1,-5.092945695E-1,5.828753114E-2
1.888594146E1,-5.095137358E-1,-4.665323496E-1,7.349692285E-2
1.889590346E1,-3.272954822E-1,-5.122375488E-1,1.045951843E-1
1.890586546E1,-1.455407292E-1,-6.240263581E-1,1.364182681E-1
1.891582746E1,1.381831244E-2,-7.559955716E-1,1.761760563E-1
1.892578946E1,9.846635908E-2,-8.499354124E-1,2.293425202E-1
1.893575092E1,1.170253977E-1,-9.088231921E-1,2.756796777E-1
1.894571392E1,1.039129421E-1,-9.242287874E-1,2.845265865E-1
1.895567592E1,4.236302525E-2,-8.591229916E-1,2.839814425E-1
1.896563792E1,-5.331233889E-2,-7.343335748E-1,3.055877984E-1
1.897559992E1,-1.486140937E-1,-5.926872492E-1,3.274163902E-1
1.898556192E1,-2.372502238E-1,-4.604354501E-1,3.212629855E-1
1.899552392E1,-3.106085956E-1,-3.416638076E-1,3.089202940E-1
1.900548592E1,-3.600425124E-1,-2.235656530E-1,3.175384700E-1
1.901544892E1,-3.818926811E-1,-1.645955443E-1,3.300300241E-1
1.902541092E1,-3.895536363E-1,-2.649312615E-1,3.033236861E-1
1.903537292E1,-3.896164894E-1,-4.697989225E-1,2.561676204E-1
1.904533492E1,-3.634183705E-1,-7.236866951E-1,2.186157256E-1
1.905529692E1,-3.080350161E-1,-1.017693758E0,2.057518512E-1
1.906525892E1,-2.711394429E-1,-1.272745132E0,2.065845430E-1
1.907522192E1,-2.826376557E-1,-1.413369060E0,1.912042648E-1
1.908518392E1,-3.749510050E-1,-1.343169808E0,2.148936242E-1
1.909514592E1,-5.470375419E-1,-1.066197634E0,3.172343671E-1
1.910510792E1,-6.615448594E-1,-8.068140745E-1,3.966626227E-1
1.911506992E1,-6.912702918E-1,-6.458179951E-1,4.305838346E-1
1.912503192E1,-7.039645910E-1,-5.328604579E-1,4.190137088E-1
1.913499492E1,-6.679006219E-1,-5.346469283E-1,3.313573599E-1
1.914495692E1,-5.735408068E-1,-6.783238649E-1,1.655631363E-1
1.915491892E1,-3.915843368E-1,-9.413118362E-1,-7.905380428E-2
1.916488092E1,-2.014222145E-1,-1.226274967E0,-3.842807114E-1
1.917484292E1,5.442474037E-2,-1.249348879E0,-8.670800924E-1
1.918480492E1,1.799855977E-1,-1.107402921E0,-9.723045230E-1
1.919476792E1,3.488007188E-1,-1.045793891E0,-9.772244692E-1
1.920472992E1,4.252272248E-1,-9.929165244E-1,-8.551298380E-1
1.921469192E1,3.007838130E-1,-8.994553089E-1,-5.813891292E-1
1.922465392E1,1.575324237E-1,-7.516316772E-1,-3.869880736E-1
1.923461592E1,2.293439955E-2,-6.694955230E-1,-2.880473733E-1
1.924457792E1,8.047791198E-6,-6.018995643E-1,-2.073918581E-1
1.925453992E1,1.004329249E-1,-5.159854889E-1,-1.160510331E-1
1.926450292E1,2.479413897E-1,-4.040195644E-1,-1.138752699E-2
1.927446492E1,4.077994823E-1,-3.170359135E-1,2.797426097E-2
1.928442692E1,5.959427357E-1,-2.997483909E-1,-4.616247118E-2
1.929438892E1,7.836915851E-1,-3.940248191E-1,-1.428522617E-1
1.930435092E1,8.974444270E-1,-6.465669274E-1,-2.498831153E-1
1.931431292E1,9.280238748E-1,-1.037282228E0,-3.752314746E-1
1.932427592E1,9.480068684E-1,-1.488629580E0,-4.477568865E-1
1.933423792E1,9.270778894E-1,-1.797959447E0,-4.279304445E-1
1.934419992E1,8.193400502E-1,-1.770980239E0,-3.455423415E-1
1.935416192E1,6.461430192E-1,-1.539974451E0,-2.786085904E-1
1.936412392E1,4.757011831E-1,-1.266503930E0,-2.341123670E-1
1.937408592E1,3.424456716E-1,-1.037162304E0,-2.328966260E-1
1.938404892E1,2.116460949E-1,-9.014629126E-1,-2.682640254E-1
1.939401092E1,9.635118395E-2,-7.933950424E-1,-2.996925414E-1
1.940397292E1,2.016219869E-2,-6.586441994E-1,-3.183777034E-1
1.941393492E1,-2.673873119E-2,-5.344348550E-1,-2.983390391E-1
1.942389692E1,-9.422379732E-2,-4.721070826E-1,-2.758468390E-1
1.943385892E1,-1.439183801E-1,-4.162339568E-1,-2.609456480E-1
1.944382192E1,-1.724782139E-1,-3.087561727E-1,-2.430122197E-1
1.945378392E1,-1.381300986E-1,-2.455676198E-1,-2.407139093E-1
1.946374592E1,-8.035973459E-2,-2.009137422E-1,-2.471583933E-1
1.947370792E1,-3.568653390E-2,-8.221053332E-2,-2.433612496E-1
1.948366992E1,9.774983861E-3,8.574035019E-3,-2.557829320E-1
1.949363192E1,4.857457429E-2,2.685663477E-2,-2.729983926E-1
1.950359392E1,8.301650733E-2,5.706390738E-2,-2.835041881E-1
1.951355692E1,1.127637476E-1,9.500277042E-2,-2.945059538E-1
1.952351892E1,1.556688398E-1,1.221586987E-1,-3.054966331E-1
1.953348092E1,1.892568916E-1,1.000541970E-1,-3.108367920E-1
1.954344292E1,1.979138106E-1,9.930451959E-2,-3.282780051E-1
1.955340492E1,2.188068479E-1,1.089899018E-1,-3.491172493E-1
1.956336692E1,2.414983362E-1,1.015239209E-1,-3.764972389E-1
1.957332992E1,2.398802042E-1,3.415820003E-2,-3.986622095E-1
1.958329192E1,1.792774051E-1,-4.877045751E-2,-3.994130492E-1
1.959325392E1,1.006893814E-1,-1.930248290E-1,-3.425031602E-1
1.960321592E1,4.367737845E-2,-4.638897479E-1,-2.348965555E-1
1.961317792E1,-4.847119004E-2,-8.295859694E-1,-7.676791400E-2
1.962313992E1,-1.353021711E-1,-1.044330835E0,5.198403075E-2
1.963310292E1,-1.652669907E-1,-9.484252334E-1,1.119373739E-1
1.964306492E1,-1.195801422E-1,-6.542223096E-1,1.016095653E-1
1.965302692E1,-4.061954096E-2,-3.630588949E-1,1.683980972E-2
1.966298892E1,4.089313373E-2,-1.857139915E-1,-1.011692509E-1
1.967295092E1,9.502933919E-2,-1.326494515E-1,-1.937708110E-1
1.968291292E1,1.039391235E-1,-1.881901175E-1,-2.509888113E-1
1.969287592E1,9.426732361E-2,-2.466907054E-1,-2.924475670E-1
1.970283792E1,6.822988391E-2,-2.634085119E-1,-3.006379008E-1
1.971279992E1,4.453334585E-2,-2.630886436E-1,-3.190576434E-1
1.972276192E1,1.779349335E-2,-2.354669869E-1,-3.224885464E-1
1.973272392E1,-4.055929184E-2,-2.458333373E-1,-3.060344756E-1
1.974268592E1,-1.005962044E-1,-2.561242282E-1,-2.893917263E-1
1.975264792E1,-1.189794764E-1,-1.896807551E-1,-2.727762461E-1
1.976261092E1,-1.151126847E-1,-9.343045950E-2,-2.395774126E-1
1.977257292E1,-1.156879291E-1,-2.747940458E-2,-2.186950296E-1
1.978253492E1,-1.134890094E-1,-1.078301109E-3,-2.048703134E-1
1.979249692E1,-9.409640729E-2,-1.560477912E-2,-1.878606975E-1
1.980245892E1,-5.178957805E-2,-3.310736641E-2,-1.778758615E-1
1.981242092E1,-6.297193468E-3,-4.245719314E-2,-1.698834449E-1
1.982238392E1,3.940294310E-2,-6.890671700E-2,-1.652493179E-1
1.983234592E1,7.290364802E-2,-1.276493967E-1,-1.608015746E-1
1.984230792E1,9.741363674E-2,-1.670448780E-1,-1.475616693E-1
1.985226992E1,1.223370954E-1,-1.689596921E-1,-1.178711429E-1
1.986223192E1,1.395157576E-1,-1.724429727E-1,-8.066217601E-2
1.987219392E1,1.570537388E-1,-1.444070786E-1,-5.244944990E-2
1.988215692E1,1.879581511E-1,-5.124562234E-2,-5.607068166E-2
1.989211892E1,2.401774228E-1,1.026019901E-1,-7.052578777E-2
1.990208092E1,2.512171268E-1,2.072782367E-1,-1.044947058E-1
1.991204292E1,2.174127996E-1,2.247469872E-1,-1.593185216E-1
1.992200492E1,1.661105305E-1,2.147056460E-1,-1.908672154E-1
1.993196746E1,1.025571153E-1,1.827407926E-1,-1.945770085E-1
1.994193046E1,4.180884361E-2,9.780757874E-2,-1.899406463E-1
1.995189246E1,-4.986357875E-3,-1.519780234E-2,-1.694851667E-1
1.996185446E1,-2.043239400E-2,-9.099114686E-2,-1.455297321E-1
1.997181646E1,-1.608291827E-2,-1.438682079E-1,-1.244588122E-1
1.998177846E1,2.862248104E-3,-1.736083031E-1,-9.777798504E-2
1.999174046E1,1.772828028E-2,-1.948371679E-1,-6.887842715E-2
2.000170346E1,4.801765084E-3,-2.041238993E-1,-4.184857756E-2
2.001166546E1,-2.095632814E-2,-2.053063512E-1,-2.131001279E-2
2.002162746E1,-4.038908705E-2,-1.351007372E-1,-7.981693372E-3
2.003158946E1,-6.875787675E-2,-6.806898117E-2,1.400623354E-3
2.004155146E1,-9.869674593E-2,-7.119742036E-2,-1.227277913E-3
2.005151346E1,-9.065054357E-2,-5.350098386E-2,-2.579897409E-3
2.006147546E1,-4.634090140E-2,-2.474997938E-2,8.123842999E-3
2.007143846E1,2.338222694E-3,-5.878970772E-2,1.301260758E-2
2.008140046E1,3.270189837E-2,-9.590596706E-2,1.969992369E-2
2.009136246E1,4.966330528E-2,-1.228092238E-1,3.513028100E-2
2.010132446E1,6.179220229E-2,-1.387611330E-1,5.419504642E-2
2.011128646E1,7.798448950E-2,-1.531696320E-1,6.918092072E-2
2.012124846E1,9.579753876E-2,-1.700489819E-1,7.528112084E-2
2.013121146E1,1.192091182E-1,-1.623780131E-1,7.359081507E-2
2.014117346E1,1.312997788E-1,-1.614135802E-1,7.734590024E-2
2.015113546E1,1.175035462E-1,-1.817082018E-1,8.694712818E-2
2.016109746E1,8.440240473E-2,-1.918056756E-1,1.045130417E-1
2.017105946E1,5.129025877E-2,-1.644792408E-1,1.106348485E-1
2.018102146E1,2.174033597E-2,-1.258931011E-1,1.133301705E-1
2.019098446E1,-1.080082916E-2,-1.272795498E-1,1.213920861E-1
2.020094646E1,-5.887154490E-2,-1.738736778E-1,1.373397112E-1
2.021090846E1,-1.087434962E-1,-2.436437160E-1,1.627057940E-1
2.022087046E1,-1.495971829E-1,-2.820142806E-1,2.054889351E-1
2.023083246E1,-1.830123961E-1,-2.869800031E-1,2.522471249E-1
2.024079446E1,-2.241068333E-1,-2.777796984E-1,2.908847034E-1
2.025075746E1,-2.727156579E-1,-2.543888986E-1,3.040673435E-1
2.026071946E1,-2.811165750E-1,-1.560461670E-1,2.904353142E-1
2.027068146E1,-2.731734216E-1,-1.406612899E-2,2.739274502E-1
2.028064346E1,-2.780734003E-1,1.061387956E-1,2.663368285E-1
2.029060546E1,-2.838385999E-1,1.843132228E-1,2.332603782E-1
2.030056746E1,-2.693572044E-1,1.954849213E-1,2.030693740E-1
2.031053046E1,-2.607378960E-1,1.726057082E-1,1.829707623E-1
2.032049246E1,-2.527948916E-1,1.386643648E-1,1.664490551E-1
2.033045446E1,-2.291044742E-1,8.686880767E-2,1.641049385E-1
2.034041646E1,-2.162629068E-1,5.140255392E-2,1.794840693E-1
2.035037846E1,-2.090561390E-1,3.043282405E-2,2.434390783E-1
2.036034046E1,-2.085774839E-1,3.270757571E-2,3.228973150E-1
2.037030346E1,-2.040589005E-1,1.049535424E-1,3.802804649E-1
2.038026546E1,-2.152579278E-1,1.806109697E-1,4.290896952E-1
2.039022746E1,-2.367237955E-1,1.858131886E-1,4.850115478E-1
2.040018946E1,-2.874492109E-1,1.716148257E-1,5.621542931E-1
2.041015146E1,-3.937386274E-1,1.084925979E-1,6.860045791E-1
2.042011346E1,-5.437062383E-1,6.946389377E-2,8.712388873E-1
2.043007646E1,-7.086749673E-1,8.713264018E-2,1.096076846E0
2.044003846E1,-8.633469939E-1,1.410728097E-1,1.320720673E0
2.045000046E1,-9.646475315E-1,2.305393070E-1,1.478698134E0
2.045996246E1,-1.035623908E0,2.857632041E-1,1.547499776E0
2.046992446E1,-1.140735149E0,3.679286540E-1,1.638728023E0
2.047988646E1,-1.280737400E0,4.200792313E-1,1.776630878E0
2.048984946E1,-1.486297011E0,3.710328639E-1,1.932237744E0
2.049981146E1,-1.749821305E0,2.601251006E-1,2.096719980E0
2.050977346E1,-2.013499737E0,2.074773312E-1,2.297834158E0
2.051973546E1,-2.343851328E0,1.490055025E-1,2.660418987E0
2.052969746E1,-2.589556217E0,6.141785905E-2,2.854060888E0
2.053965946E1,-2.686313391E0,2.841853201E-1,2.774968863E0
2.054962246E1,-2.613156080E0,6.915655732E-1,2.622789383E0
2.055958446E1,-2.483319044E0,1.106474161E0,2.507119894E0
2.056954646E1,-2.375040531E0,1.533342600E0,2.468472242E0
2.057950846E1,-2.363294601E0,1.902539611E0,2.465279341E0
2.058947046E1,-2.438425064E0,2.028392792E0,2.441181421E0
2.059943346E1,-2.543120861E0,1.875542879E0,2.341210127E0
2.060939546E1,-2.623351336E0,1.570199490E0,2.195663691E0
2.061935746E1,-2.593137741E0,1.233138084E0,2.005565643E0
2.062931946E1,-2.379504204E0,9.669370651E-1,1.726158500E0
2.063928146E1,-2.015335798E0,7.680881619E-1,1.387985229E0
2.064924346E1,-1.513204217E0,7.401478887E-1,1.021983981E0
2.065920646E1,-9.304866791E-1,8.286471367E-1,6.806879044E-1
2.066916846E1,-3.609329462E-1,1.036026001E0,3.876847625E-1
2.067913046E1,1.354378015E-1,1.430070162E0,1.514677107E-1
2.068909246E1,5.487060547E-1,1.870942354E0,-3.918001056E-2
2.069905446E1,9.237144589E-1,2.311437130E0,-2.503532171E-1
2.070901646E1,1.265603900E0,2.820661068E0,-4.746787250E-1
2.071897946E1,1.513200521E0,3.162333965E0,-6.109568477E-1
2.072894146E1,1.631804943E0,3.292229176E0,-6.711592078E-1
2.073890346E1,1.662465572E0,3.195854664E0,-7.236480117E-1
2.074886546E1,1.643486023E0,3.034938574E0,-8.177776933E-1
2.075882746E1,1.604878902E0,2.959375143E0,-9.685295224E-1
2.076878946E1,1.577219844E0,2.894520283E0,-1.136974216E0
2.077875246E1,1.571951509E0,2.910890818E0,-1.289254427E0
2.078871446E1,1.599929333E0,2.945153236E0,-1.461715341E0
2.079867646E1,1.646878242E0,2.861263990E0,-1.683744669E0
2.080863846E1,1.718528986E0,2.703079224E0,-1.959829807E0
2.081860046E1,1.784855127E0,2.514454126E0,-2.210662842E0
2.082856346E1,1.821384192E0,2.306527138E0,-2.425805330E0
2.083852546E1,1.829924941E0,2.148787737E0,-2.588066339E0
2.084848746E1,1.876140952E0,2.051452637E0,-2.565327883E0
2.085844946E1,2.041065931E0,1.933600426E0,-2.420454264E0
2.086841146E1,2.307866335E0,1.747751713E0,-2.238464355E0
2.087837346E1,2.630043983E0,1.544360757E0,-2.018170357E0
2.088833646E1,2.947850943E0,1.356432676E0,-1.752362728E0
2.089829846E1,3.192196131E0,1.118919849E0,-1.554323673E0
2.090826046E1,3.294531107E0,9.606633782E-1,-1.368562818E0
2.091822246E1,3.299726486E0,8.579518795E-1,-1.179666042E0
2.092818446E1,3.270775318E0,6.464071274E-1,-9.768165350E-1
2.093814617E1,3.223862648E0,2.877581716E-1,-7.602422833E-1
2.094810917E1,3.161744118E0,-4.175316542E-2,-5.382297635E-1
2.095807117E1,3.096280098E0,-2.806354463E-1,-3.384168446E-1
2.096803317E1,3.012583017E0,-5.020539165E-1,-1.801462322E-1
2.097799517E1,2.902981520E0,-7.108882070E-1,-7.355869561E-2
2.098795717E1,2.808035612E0,-8.192980289E-1,-1.580511779E-2
2.099791917E1,2.725896358E0,-8.345294595E-1,2.617567591E-2
2.100788217E1,2.672271013E0,-7.745454907E-1,6.640725583E-2
2.101784417E1,2.643388510E0,-6.848009229E-1,1.260515004E-1
2.102780617E1,2.619525433E0,-6.104843616E-1,1.936068386E-1
2.103776817E1,2.596949577E0,-6.162353158E-1,2.586315870E-1
2.104773017E1,2.584948540E0,-6.689358354E-1,3.279398382E-1
2.105769317E1,2.568939924E0,-7.133954167E-1,3.818252087E-1
2.106765517E1,2.530657291E0,-7.992861271E-1,4.333448708E-1
2.107761717E1,2.481012344E0,-9.120984674E-1,4.801454246E-1
2.108757917E1,2.434135199E0,-1.013606191E0,4.844227433E-1
2.109754117E1,2.368428946E0,-1.132771015E0,4.594599009E-1
2.110750417E1,2.325062037E0,-1.272768140E0,4.486072361E-1
2.111746617E1,2.341410875E0,-1.433161259E0,4.203500450E-1
2.112742817E1,2.351139069E0,-1.607818007E0,4.031731784E-1
2.113739017E1,2.349820614E0,-1.724856377E0,4.141399562E-1
2.114735217E1,2.329352140E0,-1.731928110E0,4.199469984E-1
2.115731417E1,2.282903671E0,-1.686931133E0,4.147018790E-1
2.116727717E1,2.217097044E0,-1.564039230E0,4.111694694E-1
2.117723917E1,2.116384268E0,-1.441670060E0,4.325152934E-1
2.118720117E1,2.042807341E0,-1.456285477E0,4.715007842E-1
2.119716317E1,1.970626354E0,-1.561681867E0,4.990623891E-1
2.120712517E1,1.863188386E0,-1.661155105E0,5.272518992E-1
2.121708817E1,1.758579612E0,-1.806807399E0,5.294818282E-1
2.122705017E1,1.658706546E0,-1.994653821E0,5.083512664E-1
2.123701217E1,1.525316477E0,-2.113042831E0,4.928153455E-1
2.124697417E1,1.347413301E0,-2.121382475E0,4.481080770E-1
2.125693617E1,1.158769488E0,-2.022583008E0,4.348142743E-1
2.126689817E1,9.396958947E-1,-1.791943312E0,4.604583979E-1
2.127686117E1,7.187129855E-1,-1.568164468E0,4.639305472E-1
2.128682317E1,5.292245150E-1,-1.489670992E0,4.931166470E-1
2.129678517E1,3.550708294E-1,-1.506500363E0,5.509237647E-1
2.130674717E1,2.143666446E-1,-1.599299788E0,5.895285606E-1
2.131670917E1,1.302052736E-1,-1.708582878E0,5.977413654E-1
2.132667217E1,5.231580883E-2,-1.842068434E0,6.150233746E-1
2.133663417E1,-4.522265121E-2,-1.882036448E0,6.556637287E-1
2.134659617E1,-1.380974650E-1,-1.786383986E0,6.674088240E-1
2.135655817E1,-2.075071335E-1,-1.650648117E0,7.133116126E-1
2.136652017E1,-3.201354146E-1,-1.560935020E0,7.962267399E-1
2.137648317E1,-4.720562100E-1,-1.514973760E0,8.894971609E-1
2.138644517E1,-6.659476757E-1,-1.594932437E0,1.008613706E0
2.139640717E1,-8.790766597E-1,-1.822232127E0,1.139245749E0
2.140636917E1,-1.071681738E0,-2.053173304E0,1.247121930E0
2.141633117E1,-1.234025002E0,-2.262440681E0,1.347781777E0
2.142629417E1,-1.340693951E0,-2.444480181E0,1.438817501E0
2.143625617E1,-1.445439577E0,-2.503897905E0,1.509348392E0
2.144621817E1,-1.573347688E0,-2.470273018E0,1.562791824E0
2.145618017E1,-1.699115872E0,-2.385789871E0,1.586754918E0
2.146614217E1,-1.792934179E0,-2.279693127E0,1.551309586E0
2.147610417E1,-1.820851803E0,-2.117827654E0,1.433591485E0
2.148606717E1,-1.761619925E0,-1.832752705E0,1.295351863E0
2.149602917E1,-1.629302144E0,-1.472438097E0,1.168124080E0
2.150599117E1,-1.421693921E0,-1.048723340E0,1.024214268E0
2.151595317E1,-1.213128448E0,-7.011952996E-1,8.948410749E-1
2.152591617E1,-1.076158047E0,-4.618853033E-1,8.334400058E-1
2.153587817E1,-1.025640488E0,-3.092302680E-1,8.126804233E-1
2.154584017E1,-1.020387411E0,-2.604646087E-1,7.850253582E-1
2.155580217E1,-1.055355668E0,-2.300603688E-1,7.431339622E-1
2.156576417E1,-1.108127832E0,-1.409046650E-1,7.024935484E-1
2.157572617E1,-1.153792262E0,-8.990125358E-2,6.484161019E-1
2.158568917E1,-1.215553880E0,-6.917493790E-2,5.979664922E-1
2.159565117E1,-1.264772773E0,-4.929698072E-3,5.654770136E-1
2.160561317E1,-1.270337105E0,1.313405335E-1,5.256561041E-1
2.161557517E1,-1.246837497E0,3.518962860E-1,4.962983131E-1
2.162553717E1,-1.181273460E0,5.492945910E-1,4.627590179E-1
2.163550017E1,-1.112425447E0,6.778976917E-1,4.377442300E-1
2.164546217E1,-1.095703721E0,8.043496609E-1,4.722295105E-1
2.165542417E1,-1.085780740E0,9.215410352E-1,5.177884102E-1
2.166538617E1,-1.052787304E0,1.039094090E0,5.396177769E-1
2.167534817E1,-1.018780708E0,1.229123831E0,5.836271048E-1
2.168531117E1,-1.014243007E0,1.409130812E0,6.359781623E-1
2.169527317E1,-1.043356061E0,1.422440529E0,6.572219133E-1
2.170523517E1,-1.104527831E0,1.400129557E0,6.464411616E-1
2.171519717E1,-1.203054547E0,1.526318789E0,6.545124650E-1
2.172515917E1,-1.309383392E0,1.714813352E0,6.767032743E-1
2.173512217E1,-1.377309322E0,1.900042415E0,6.834961176E-1
2.174508417E1,-1.446490884E0,2.029298306E0,6.601678729E-1
2.175504617E1,-1.541146636E0,1.972999334E0,6.398455501E-1
2.176500817E1,-1.589000225E0,1.747770786E0,5.716939569E-1
2.177497117E1,-1.629300117E0,1.601894498E0,4.929307699E-1
2.178493317E1,-1.656287789E0,1.477169871E0,4.710167050E-1
2.179489517E1,-1.614366412E0,1.299184322E0,4.744738042E-1
2.180485717E1,-1.580511332E0,1.243199110E0,5.019091964E-1
2.181481917E1,-1.597132087E0,1.329791546E0,5.743581653E-1
2.182478217E1,-1.677719593E0,1.535677552E0,6.660912633E-1
2.183474417E1,-1.776792288E0,1.839862943E0,7.733087540E-1
2.184470617E1,-1.887575746E0,2.136771441E0,8.621147871E-1
2.185466817E1,-1.973035574E0,2.231672764E0,9.549049139E-1
2.186463017E1,-1.976060152E0,2.037689447E0,9.756927490E-1
2.187459317E1,-1.875757694E0,1.671499372E0,8.800025582E-1
2.188455517E1,-1.736813664E0,1.259845018E0,7.741434574E-1
2.189451717E1,-1.593091846E0,8.606320620E-1,6.671928167E-1
2.190447917E1,-1.482355237E0,5.647724271E-1,5.691951513E-1
2.191444117E1,-1.411123276E0,4.368171692E-1,5.232536197E-1
2.192440417E1,-1.399855375E0,4.519119859E-1,5.548009276E-1
2.193436608E1,-1.465800047E0,5.584737659E-1,6.375696063E-1
2.194432808E1,-1.591537476E0,7.724611163E-1,7.139200568E-1
2.195429008E1,-1.745821238E0,1.029293060E0,7.777302861E-1
2.196425208E1,-1.843745947E0,1.229622364E0,8.257814646E-1
2.197421508E1,-1.850480914E0,1.378666878E0,8.587989211E-1
2.198417708E1,-1.827586174E0,1.409150720E0,9.145513773E-1
2.199413908E1,-1.763353348E0,1.359185338E0,9.346421361E-1
2.200410108E1,-1.661816597E0,1.329641223E0,9.121056795E-1
2.201406408E1,-1.563779235E0,1.279872298E0,8.710972667E-1
2.202402608E1,-1.479627848E0,1.192404985E0,8.108595014E-1
2.203398808E1,-1.401245117E0,1.108728647E0,7.113568187E-1
2.204395008E1,-1.375180483E0,9.907544255E-1,6.439601779E-1
2.205391208E1,-1.349212408E0,7.974143028E-1,6.136083603E-1
2.206387508E1,-1.260757804E0,6.754215360E-1,5.571157932E-1
2.207383708E1,-1.177456379E0,7.124555111E-1,5.195297599E-1
2.208379908E1,-1.093884587E0,8.024410605E-1,4.836729467E-1
2.209376108E1,-1.003621459E0,9.075884223E-1,4.490101039E-1
2.210372308E1,-1.014665008E0,1.103896856E0,4.996607304E-1
2.211368608E1,-1.171173334E0,1.146117568E0,5.937763453E-1
2.212364808E1,-1.363766313E0,1.020884275E0,6.254794002E-1
2.213361008E1,-1.501546383E0,8.315393925E-1,6.117536426E-1
2.214357208E1,-1.481513023E0,6.174334884E-1,5.553787947E-1
2.215353508E1,-1.425227642E0,3.120176494E-1,5.008876920E-1
2.216349708E1,-1.347030640E0,4.037016630E-2,4.462076724E-1
2.217345908E1,-1.221579194E0,-3.007179499E-2,3.767057061E-1
2.218342108E1,-1.071222782E0,1.199842617E-2,3.555511534E-1
2.219338408E1,-9.645753503E-1,1.376969218E-1,4.063600600E-1
2.220334608E1,-1.002261639E0,2.418089360E-1,5.320578218E-1
2.221330808E1,-1.112439156E0,3.936569989E-1,6.829611659E-1
2.222327008E1,-1.216221809E0,5.659461617E-1,7.945084572E-1
2.223323208E1,-1.228099346E0,5.883914828E-1,8.383263946E-1
2.224319508E1,-1.053351164E0,5.250053406E-1,7.684324980E-1
2.225315708E1,-7.232352495E-1,3.664480746E-1,6.218531132E-1
2.226311908E1,-3.891275823E-1,4.064521939E-2,4.553682804E-1
2.227308108E1,-1.496553570E-1,-3.237434328E-1,2.723217010E-1
2.228304408E1,-3.637993336E-2,-5.623784065E-1,1.037579775E-1
2.229300608E1,-3.854696639E-3,-5.973879695E-1,-3.246976435E-2
2.230296808E1,-6.678978913E-3,-5.490220189E-1,-1.147936657E-1
2.231293008E1,5.662470590E-3,-5.287198424E-1,-1.663185060E-1
2.232289208E1,8.085709065E-2,-4.657105207E-1,-1.714661270E-1
2.233285508E1,1.881400347E-1,-3.511165082E-1,-1.757338345E-1
2.234281708E1,3.063428402E-1,-2.178718895E-1,-1.814178228E-1
2.235277908E1,4.179981947E-1,-4.324941337E-2,-1.790697426E-1
2.236274108E1,4.926393926E-1,7.908502221E-2,-1.769871563E-1
2.237270408E1,5.610674620E-1,1.253127009E-1,-1.800667644E-1
2.238266608E1,6.876320839E-1,1.867664754E-1,-1.873976439E-1
2.239262808E1,8.695087433E-1,3.187906146E-1,-1.975665838E-1
2.240259008E1,1.062706351E0,5.100934505E-1,-2.051227689E-1
2.241255308E1,1.240234256E0,6.505742669E-1,-2.211973071E-1
2.242251508E1,1.443881392E0,7.567443252E-1,-2.155620605E-1
2.243247708E1,1.704068661E0,8.852635026E-1,-1.840817332E-1
2.244243908E1,1.983054161E0,9.817638993E-1,-1.300613880E-1
2.245240108E1,2.246561527E0,9.936593175E-1,-8.359845728E-2
2.246236408E1,2.477650166E0,8.340190649E-1,-4.898722097E-2
2.247232608E1,2.683085918E0,6.075208187E-1,7.034156471E-3
2.248228808E1,2.836178780E0,4.519530535E-1,6.048087031E-2
2.249225008E1,2.954576254E0,4.069254398E-1,1.326574683E-1
2.250221308E1,2.993222237E0,4.500388205E-1,2.332927436E-1
2.251217508E1,2.961354971E0,5.292719603E-1,3.362607658E-1
2.252213708E1,2.905024052E0,6.567561626E-1,4.312463999E-1
2.253209908E1,2.850366592E0,8.132199049E-1,5.353513360E-1
2.254206208E1,2.794526577E0,9.517139196E-1,6.569550037E-1
2.255202408E1,2.730256557E0,9.948967099E-1,7.613450885E-1
2.256198608E1,2.656526804E0,9.062523246E-1,7.883069515E-1
2.257194808E1,2.622974873E0,7.076899409E-1,7.570380569E-1
2.258191108E1,2.639670849E0,5.419476032E-1,6.904901862E-1
2.259187308E1,2.707960129E0,4.345448315E-1,6.057713032E-1
2.260183508E1,2.795892000E0,3.454428911E-1,5.404985547E-1
2.261179708E1,2.823327541E0,2.966744304E-1,4.868960679E-1
2.262176008E1,2.774884462E0,2.683178782E-1,4.548963308E-1
2.263172208E1,2.754622936E0,1.840309203E-1,4.674069285E-1
2.264168408E1,2.800064802E0,1.321461499E-1,5.885480046E-1
2.265164608E1,2.873892307E0,2.476934493E-1,6.631444693E-1
2.266160908E1,2.874889612E0,4.620755315E-1,6.493008137E-1
2.267157108E1,2.721455336E0,6.010022759E-1,6.515355706E-1
2.268153308E1,2.654433250E0,7.500631213E-1,6.953493357E-1
2.269149508E1,2.896445513E0,8.216432333E-1,7.198914289E-1
2.270145808E1,3.311583281E0,9.802123308E-1,6.694445014E-1
2.271142008E1,3.617719889E0,1.066111922E0,6.500705481E-1
2.272138208E1,3.734869719E0,8.525162935E-1,6.264237761E-1
2.273134408E1,3.688037157E0,4.819937646E-1,5.841380358E-1
2.274130708E1,3.524685383E0,3.156724274E-1,5.219833255E-1
2.275126908E1,3.146974087E0,2.482498437E-1,4.447808862E-1
2.276123108E1,2.716447115E0,1.116800159E-1,3.693913221E-1
2.277119308E1,2.326380968E0,9.074252844E-2,2.816294432E-1
2.278115608E1,1.908393264E0,1.719393730E-1,2.191716582E-1
2.279111808E1,1.553246021E0,2.952196896E-1,1.953794211E-1
2.280108008E1,1.219852090E0,2.704003751E-1,2.061702907E-1
2.281104208E1,9.286922812E-1,7.910621166E-2,2.376548499E-1
2.282100508E1,7.357606292E-1,-2.278497368E-1,3.056677282E-1
2.283096708E1,6.137334108E-1,-5.176450014E-1,3.209317923E-1
2.284092908E1,4.934631884E-1,-7.051264644E-1,3.542245030E-1
2.285089108E1,4.152222574E-1,-6.964440346E-1,4.036605954E-1
2.286085408E1,3.508976102E-1,-6.009843946E-1,3.993550539E-1
2.287081608E1,2.875122726E-1,-6.037375331E-1,4.005337954E-1
2.288077808E1,2.062794715E-1,-7.063355446E-1,3.376989067E-1
2.289074008E1,5.007131696E-1,-6.114115715E-1,2.950771153E-1
2.290070308E1,7.336665392E-1,-6.255540252E-1,1.268910468E-1
2.291066508E1,9.949892759E-1,-5.925417542E-1,1.149750222E-2
2.292062708E1,1.157128572E0,-5.571544766E-1,-9.752245247E-2
2.293058946E1,1.173328757E0,-5.098352432E-1,-1.786011010E-1
2.294055246E1,1.015745759E0,-4.619481862E-1,-2.040705085E-1
2.295051446E1,7.524584532E-1,-3.433118761E-1,-1.952848881E-1
2.296047646E1,5.820350647E-1,-3.143822253E-1,-1.908307523E-1
2.297043846E1,4.765225947E-1,-4.530591369E-1,-2.050931901E-1
2.298040146E1,4.499423802E-1,-4.750480652E-1,-2.240027040E-1
2.299036346E1,4.003971517E-1,-3.245301545E-1,-2.456347346E-1
2.300032546E1,2.018070966E-1,-2.369390279E-1,-2.583736777E-1
2.301028846E1,-8.811901510E-2,-2.558259666E-1,-2.753767669E-1
2.302025046E1,-4.001799822E-1,-3.140301406E-1,-2.731229365E-1
2.303021246E1,-7.549569607E-1,-3.469554782E-1,-2.725794911E-1
2.304017446E1,-1.158763766E0,-5.906083584E-1,-2.742607296E-1
2.305013746E1,-1.411201835E0,-8.511517644E-1,-2.602404356E-1
2.306009946E1,-1.567495346E0,-1.038288355E0,-2.723101676E-1
2.307006146E1,-1.740405917E0,-1.153438210E0,-2.845151722E-1
2.308002346E1,-1.991591811E0,-1.094216466E0,-2.796844542E-1
2.308998646E1,-2.275724649E0,-9.166806936E-1,-2.390584499E-1
2.309994846E1,-2.594083548E0,-7.233325243E-1,-1.834066361E-1
2.310991046E1,-2.980916023E0,-6.214630604E-1,-1.315611303E-1
2.311987346E1,-3.351022720E0,-5.964267254E-1,-1.007784605E-1
2.312983546E1,-3.590103149E0,-6.722028255E-1,-5.993326753E-2
2.313979746E1,-3.660459995E0,-7.307018042E-1,-1.164909080E-2
2.314975946E1,-3.544139147E0,-6.534990668E-1,1.900588721E-2
2.315972246E1,-3.368658304E0,-5.699956417E-1,8.010093123E-2
2.316968446E1,-3.254377842E0,-6.448798180E-1,2.007384300E-1
2.317964646E1,-3.165455580E0,-6.247985363E-1,2.756960094E-1
2.318960846E1,-3.064400196E0,-6.977869272E-1,3.881099522E-1
2.319957146E1,-2.853076220E0,-5.913470387E-1,3.346097171E-1
2.320953346E1,-2.590575457E0,-4.318838120E-1,3.147119284E-1
2.321949546E1,-2.398331881E0,-2.383862436E-1,2.579533160E-1
2.322945846E1,-2.355333328E0,-3.215171397E-2,2.270641923E-1
2.323942046E1,-2.470830917E0,7.042978704E-2,2.128863335E-1
2.324938246E1,-2.676130295E0,1.616520733E-1,1.971980780E-1
2.325934446E1,-2.878183365E0,3.695040643E-1,2.124231011E-1
2.326930746E1,-3.149139166E0,4.729222953E-1,3.264309168E-1
2.327926946E1,-3.332979202E0,-8.761133999E-2,7.740699649E-1
2.328923146E1,-3.518999100E0,-2.563669384E-1,7.703644633E-1
2.329919446E1,-3.660686255E0,-1.807720661E-1,8.172581792E-1
2.330915646E1,-3.595860958E0,-3.469766676E-1,8.323569298E-1
2.331911846E1,-3.567050457E0,-4.750574231E-1,7.784132957E-1
2.332908046E1,-3.572950840E0,-6.323675513E-1,7.041552067E-1
2.333904346E1,-3.487899542E0,-6.991910934E-1,5.618611574E-1
2.334900546E1,-3.342481852E0,-8.381170630E-1,4.730680287E-1
2.335896746E1,-3.233540297E0,-1.129688740E0,4.047510028E-1
2.336893046E1,-3.138445616E0,-1.347259760E0,3.214067519E-1
2.337889246E1,-2.921012402E0,-1.309642911E0,2.629351914E-1
2.338885446E1,-2.554719925E0,-1.008175611E0,2.035339624E-1
2.339881646E1,-2.129035950E0,-5.050134063E-1,1.118466556E-1
2.340877946E1,-1.789689302E0,-1.523183733E-1,5.833376944E-2
2.341874146E1,-1.614932656E0,-8.188788593E-2,4.934613407E-2
2.342870346E1,-1.414175153E0,-1.592694782E-2,4.452085495E-2
2.343866646E1,-1.052046180E0,1.959567964E-1,5.354337767E-2
2.344862846E1,-5.703691840E-1,4.136659801E-1,5.369703844E-2
2.345859046E1,-1.250684261E-1,4.671888649E-1,5.658550188E-2
2.346855246E1,1.403485537E-1,4.884519875E-1,2.595645003E-2
2.347851546E1,3.026171029E-1,4.735691547E-1,-1.915909722E-2
2.348847746E1,4.354377091E-1,5.109043121E-1,-7.894977927E-2
2.349843946E1,5.412219167E-1,5.403043032E-1,-1.305839419E-1
2.350840246E1,5.865352750E-1,4.992471933E-1,-1.597293317E-1
2.351836446E1,5.709320307E-1,4.362501204E-1,-1.931903511E-1
2.352832646E1,5.198979378E-1,3.422666490E-1,-2.446818203E-1
2.353828946E1,5.772938728E-1,2.511252761E-1,-2.967133522E-1
2.354825146E1,7.221212387E-1,2.286955416E-1,-3.229743242E-1
2.355821346E1,8.941678405E-1,1.906562746E-1,-3.262058198E-1
2.356817546E1,1.147923231E0,1.948869079E-1,-3.432957828E-1
2.357813846E1,1.501851201E0,3.413271904E-1,-3.678786159E-1
2.358810046E1,1.903458834E0,5.523580909E-1,-3.900791705E-1
2.359806246E1,2.335079670E0,6.834883690E-1,-4.007560611E-1
2.360802546E1,2.848401785E0,7.763597369E-1,-3.802273571E-1
2.361798746E1,3.364648342E0,9.399169683E-1,-3.429417610E-1
2.362794946E1,3.764152527E0,1.049196005E0,-2.831835747E-1
2.363791246E1,4.002604008E0,1.025598764E0,-2.255261242E-1
2.364787446E1,4.021896839E0,8.710279465E-1,-1.720684916E-1
2.365783646E1,3.872667313E0,6.255950332E-1,-1.405385286E-1
2.366779846E1,3.658731937E0,4.166021049E-1,-1.560574770E-1
2.367776146E1,3.474899530E0,3.805055916E-1,-1.820981205E-1
2.368772346E1,3.340281248E0,4.452730417E-1,-2.096767277E-1
2.369768546E1,3.229098320E0,4.240612090E-1,-2.305830717E-1
2.370764846E1,3.166596174E0,2.747281790E-1,-2.396589667E-1
2.371761046E1,3.166008711E0,2.964579761E-1,-2.360642254E-1
2.372757246E1,3.180928230E0,5.118353963E-1,-2.057409137E-1
2.373753546E1,3.207237720E0,7.057409286E-1,-1.684713066E-1
2.374749746E1,3.182000637E0,7.857000828E-1,-1.170734316E-1
2.375745946E1,3.226680756E0,7.312986255E-1,-5.512484163E-2
2.376742246E1,3.443069696E0,5.947401524E-1,-2.918026224E-2
2.377738446E1,3.708529472E0,4.289178848E-1,-8.881909400E-2
2.378734646E1,3.949196339E0,2.952922881E-1,-1.767002344E-1
2.379730946E1,4.087579250E0,3.221832812E-1,-2.558613420E-1
2.380727146E1,4.065492630E0,5.240403414E-1,-3.122569323E-1
2.381723346E1,3.723905802E0,5.915853381E-1,-3.349499702E-1
2.382719546E1,3.168024778E0,5.145559907E-1,-3.201152682E-1
2.383715846E1,2.604325294E0,5.233646631E-1,-4.694120586E-1
2.384712046E1,2.031844378E0,2.729708254E-1,-2.822403014E-1
2.385708246E1,1.706979394E0,-3.326643109E-1,-1.993334293E-1
2.386704546E1,1.374588013E0,-8.480306268E-1,-1.968190074E-1
2.387700746E1,1.353962541E0,-1.305108070E0,-2.335288227E-1
2.388696946E1,1.589184403E0,-1.616776347E0,-1.958999783E-1
2.389693246E1,1.853074431E0,-1.611693501E0,-1.250814646E-1
2.390689446E1,1.896300673E0,-1.340102911E0,-1.004443541E-1
2.391685646E1,1.739165902E0,-8.273408413E-1,-6.843981147E-2
2.392681946E1,1.619666100E0,-3.718135357E-1,-2.834221348E-3
2.393678079E1,1.541923165E0,-1.777508557E-1,6.739227474E-2
2.394674279E1,1.525317311E0,-2.317200899E-1,1.008374840E-1
2.395670579E1,1.560509682E0,-3.124431670E-1,1.315506548E-1
2.396666779E1,1.515295386E0,-2.886350155E-1,1.388365179E-1
2.397662979E1,1.314345717E0,-1.753047407E-1,1.281354129E-1
2.398659279E1,9.523040652E-1,-6.211372465E-2,1.105589643E-1
2.399655479E1,4.214923978E-1,-8.710429072E-2,1.172096804E-1
2.400651679E1,-1.706269234E-1,-1.843021065E-1,1.661233455E-1
2.401647979E1,-6.350902319E-1,-3.011610508E-1,2.252210230E-1
2.402644179E1,-9.286206961E-1,-3.661883473E-1,2.475400865E-1
2.403640379E1,-1.000576377E0,-3.881559670E-1,2.394206375E-1
2.404636679E1,-9.730179906E-1,-3.467081785E-1,2.090227008E-1
2.405632879E1,-8.874221444E-1,-2.422560751E-1,1.631633341E-1
2.406629079E1,-8.038477898E-1,-1.468380839E-1,1.180023849E-1
2.407625379E1,-7.852045894E-1,1.433722302E-2,7.872395217E-2
2.408621579E1,-7.930504680E-1,1.995573491E-1,1.985158958E-2
2.409617779E1,-8.245378733E-1,2.425239980E-1,-5.296456069E-2
2.410614079E1,-8.839997053E-1,1.937489957E-1,-9.472308308E-2
2.411610279E1,-9.915900826E-1,7.846421003E-2,-1.108131036E-1
2.412606479E1,-1.197256923E0,-8.312088996E-2,-6.369065493E-2
2.413602779E1,-1.447318435E0,-2.107827216E-1,1.740392856E-2
2.414598979E1,-1.734161735E0,-3.744783700E-1,7.065365463E-2
2.415595179E1,-2.083683491E0,-4.094552696E-1,1.270839125E-1
2.416591479E1,-2.340801716E0,-4.038268924E-1,2.350219339E-1
2.417587679E1,-2.465979099E0,-8.716862202E-1,5.956856012E-1
2.418583879E1,-2.618472099E0,-6.811535358E-1,5.475565791E-1
2.419580179E1,-2.877378702E0,-5.160463452E-1,3.913531005E-1
2.420576379E1,-2.912981510E0,-5.842915177E-1,4.309414923E-1
2.421572579E1,-2.819795370E0,-6.344193816E-1,4.013194144E-1
2.422568879E1,-2.777024508E0,-5.255675316E-1,3.820912242E-1
2.423565079E1,-2.773326397E0,-3.529970348E-1,5.294212699E-1
2.424561279E1,-2.701747179E0,-8.609204739E-2,5.162519217E-1
2.425557579E1,-2.616003275E0,1.133563444E-1,5.041015148E-1
2.426553779E1,-2.540328503E0,2.018485218E-1,5.250661969E-1
2.427550079E1,-2.438811779E0,2.399296016E-1,5.118470192E-1
2.428546279E1,-2.340966225E0,2.791665494E-1,4.937919974E-1
2.429542479E1,-2.305340528E0,3.147162795E-1,4.714198411E-1
2.430538779E1,-2.325821400E0,3.544346094E-1,4.256275296E-1
2.431534979E1,-2.292803764E0,3.066353798E-1,3.664582074E-1
2.432531179E1,-2.212463856E0,2.492803037E-1,3.113046885E-1
2.433527479E1,-2.127859354E0,1.944652498E-1,2.535548210E-1
2.434523679E1,-2.055466890E0,9.769856185E-2,2.180470526E-1
2.435519879E1,-2.027412653E0,1.264837850E-2,2.424823493E-1
2.436516179E1,-2.026401997E0,6.300316751E-2,2.734442353E-1
2.437512379E1,-2.043507099E0,2.115196735E-1,2.858004868E-1
2.438508579E1,-2.044143438E0,4.010665715E-1,2.924568653E-1
2.439504879E1,-2.079422235E0,5.214736462E-1,2.719577253E-1
2.440501079E1,-2.177510262E0,4.746324420E-1,2.142786980E-1
2.441497279E1,-2.311053991E0,2.619241774E-1,2.052668184E-1
2.442493579E1,-2.458109140E0,-1.564870588E-2,2.063356936E-1
2.443489779E1,-2.558759212E0,-3.511819541E-1,1.284992248E-1
2.444486079E1,-2.650488615E0,-6.148847342E-1,8.626580238E-2
2.445482279E1,-2.702782869E0,-8.054650426E-1,8.244310319E-2
2.446478479E1,-2.712771177E0,-8.562337756E-1,7.481396943E-2
2.447474779E1,-2.709072113E0,-7.902044058E-1,1.068006679E-1
2.448470979E1,-2.785801888E0,-7.706659436E-1,1.907458007E-1
2.449467179E1,-2.976480246E0,-8.998745680E-1,2.819068730E-1
2.450463479E1,-3.286977291E0,-1.054150939E0,3.353373706E-1
2.451459679E1,-3.643552303E0,-1.061842442E0,3.729473352E-1
2.452455879E1,-3.968017101E0,-8.727382421E-1,4.376948178E-1
2.453452179E1,-4.196835518E0,-5.032067895E-1,5.387812257E-1
2.454448379E1,-4.152061462E0,2.720429748E-2,6.903005838E-1
2.455444679E1,-3.734370947E0,4.025076032E-1,7.865093946E-1
2.456440879E1,-2.925679445E0,2.531043291E-1,7.257773280E-1
2.457437079E1,-2.029548168E0,1.185790226E-1,5.677509308E-1
2.458433379E1,-1.242898703E0,9.736414254E-2,3.518597484E-1
2.459429579E1,-6.298483014E-1,1.860516667E-1,1.478941143E-1
2.460425779E1,-1.530819535E-1,3.056375980E-1,1.902304590E-2
2.461422079E1,2.666681707E-1,4.439137280E-1,-7.535485923E-2
2.462418279E1,6.412979960E-1,5.826510191E-1,-1.539905816E-1
2.463414579E1,9.205610752E-1,6.122347713E-1,-1.996789724E-1
2.464410779E1,1.074781299E0,5.666112304E-1,-2.082574069E-1
2.465406979E1,1.102405190E0,5.066626668E-1,-1.955898106E-1
2.466403279E1,1.089611411E0,4.732548296E-1,-2.055257559E-1
2.467399479E1,1.071872950E0,4.473209679E-1,-2.456177771E-1
2.468395679E1,1.031347036E0,3.784565628E-1,-3.059005141E-1
2.469391979E1,1.011977077E0,2.548414171E-1,-3.728500009E-1
2.470388179E1,1.121314287E0,1.760710478E-1,-4.691168070E-1
2.471384479E1,1.377728462E0,1.829129755E-1,-5.616518259E-1
2.472380679E1,1.686129332E0,2.587253153E-1,-6.258480549E-1
2.473376879E1,1.952908278E0,2.470178008E-1,-6.562256813E-1
2.474373179E1,2.143684149E0,6.913774461E-2,-6.546646953E-1
2.475369379E1,2.270997763E0,-1.443612128E-1,-6.582855582E-1
2.476365679E1,2.397362471E0,-2.958278656E-1,-6.764389873E-1
2.477361879E1,2.542276621E0,-2.867121398E-1,-6.711241007E-1
2.478358079E1,2.650929689E0,-9.342833608E-2,-6.490708590E-1
2.479354379E1,2.690691948E0,1.597594619E-1,-6.279163361E-1
2.480350579E1,2.691736937E0,3.837734759E-1,-5.938215256E-1
2.481346779E1,2.684808016E0,5.787436962E-1,-5.284078717E-1
2.482343079E1,2.660538912E0,6.995685697E-1,-4.542836547E-1
2.483339279E1,2.627899647E0,7.482509017E-1,-4.040886760E-1
2.484335579E1,2.605721712E0,7.645689845E-1,-3.951747119E-1
2.485331779E1,2.567167997E0,7.334776521E-1,-4.048861861E-1
2.486327979E1,2.546028614E0,6.225512624E-1,-4.238910079E-1
2.487324279E1,2.565833569E0,4.268075526E-1,-4.511058331E-1
2.488320479E1,2.600794792E0,2.092795670E-1,-4.959864020E-1
2.489316779E1,2.671792269E0,6.242513657E-2,-5.507556200E-1
2.490312979E1,2.750118017E0,-2.860117517E-2,-5.901157856E-1
2.491309179E1,2.832983017E0,-5.802031606E-2,-5.790732503E-1
2.492305479E1,2.869928598E0,-1.394829154E-1,-5.294514298E-1
2.493301804E1,2.821862459E0,-2.857410312E-1,-4.683212042E-1
2.494298104E1,2.713333368E0,-4.463505447E-1,-3.839995861E-1
2.495294304E1,2.614686251E0,-5.394117832E-1,-2.640838325E-1
2.496290504E1,2.546715975E0,-5.942494273E-1,-1.801480204E-1
2.497286804E1,2.561103106E0,-5.911361575E-1,-1.328465492E-1
2.498283004E1,2.672578335E0,-4.644706249E-1,-8.111470938E-2
2.499279304E1,2.844891071E0,-2.556292713E-1,-5.652068555E-2
2.500275504E1,3.023731947E0,1.235721819E-2,-5.276260898E-2
2.501271704E1,3.152937889E0,3.412339091E-1,-3.277372196E-2
2.502268004E1,3.238923788E0,5.323196650E-1,-2.034105919E-2
2.503264204E1,3.320213318E0,6.263836026E-1,7.590706460E-3
2.504260504E1,3.323624372E0,6.126862764E-1,2.148007788E-2
2.505256704E1,3.362562180E0,4.886325002E-1,1.472736709E-2
2.506252904E1,3.467399836E0,3.769607246E-1,3.333208337E-2
2.507249204E1,3.528059244E0,4.250720739E-1,2.591810934E-2
2.508245404E1,3.525067091E0,5.917112231E-1,-1.127226185E-2
2.509241704E1,3.464596033E0,7.553571463E-1,-5.657768995E-2
2.510237904E1,3.339821100E0,8.293340206E-1,-9.594776481E-2
2.511234204E1,3.175085306E0,8.369336128E-1,-9.922851622E-2
2.512230404E1,2.993319511E0,7.527035475E-1,-8.015169203E-2
2.513226604E1,2.797838926E0,5.345187187E-1,-7.558889687E-2
2.514222904E1,2.585016489E0,3.260843754E-1,-5.640165508E-2
2.515219104E1,2.346178770E0,1.497751176E-1,-3.210590407E-2
2.516215404E1,2.089720249E0,2.361068130E-2,-4.895558115E-3
2.517211604E1,1.802506924E0,-7.487621158E-2,-5.802630447E-3
2.518207804E1,1.514799118E0,-9.739879519E-2,-2.905524522E-2
2.519204104E1,1.234050989E0,-1.052442044E-1,-5.020633712E-2
2.520200304E1,9.973756075E-1,-1.193624586E-1,-7.320643961E-2
2.521196604E1,7.596575618E-1,-1.294110864E-1,-8.233335614E-2
2.522192804E1,5.404012799E-1,-1.594687104E-1,-4.645682126E-2
2.523189004E1,3.173053861E-1,-2.113588005E-1,1.321089687E-3
2.524185304E1,9.511315078E-2,-2.106604725E-1,2.717125975E-2
2.525181504E1,-8.742176741E-2,-9.982556850E-2,1.138430648E-2
2.526177804E1,-1.955356300E-1,-3.443101794E-2,-6.913945824E-2
2.527174004E1,-2.476339936E-1,-3.255098127E-4,-1.403065771E-1
2.528170304E1,-2.869929671E-1,-8.996265940E-3,-1.787006408E-1
2.529166504E1,-3.379826546E-1,3.858546726E-3,-1.788031757E-1
2.530162704E1,-4.237322807E-1,-3.032686422E-3,-1.490634978E-1
2.531159004E1,-5.318765640E-1,9.910009801E-3,-1.221362725E-1
2.532155204E1,-6.409869194E-1,7.375389338E-2,-1.051808745E-1
2.533151504E1,-7.492212653E-1,1.272078007E-1,-1.039153412E-1
2.534147704E1,-8.576815128E-1,1.286761761E-1,-8.775596321E-2
2.535144004E1,-9.924939275E-1,1.054795235E-1,-5.050606281E-2
2.536140204E1,-1.180999279E0,9.460391849E-2,1.111196540E-2
2.537136404E1,-1.401964903E0,7.054439187E-2,8.132354915E-2
2.538132704E1,-1.618991017E0,2.254607342E-2,1.402536929E-1
2.539128904E1,-1.857949257E0,-5.997330695E-2,1.997159570E-1
2.540125204E1,-2.136843204E0,-1.726257652E-1,2.783855498E-1
2.541121404E1,-2.401684761E0,-2.944257259E-1,3.499912918E-1
2.542117704E1,-2.621479988E0,-3.058609366E-1,3.998039365E-1
2.543113904E1,-2.786412954E0,-2.564374506E-1,4.189912081E-1
2.544110204E1,-2.887316942E0,-2.377163470E-1,4.251127839E-1
2.545106404E1,-2.978461027E0,-2.605204582E-1,4.478591084E-1
2.546102604E1,-3.103520632E0,-3.999829590E-1,4.842709303E-1
2.547098904E1,-3.241863012E0,-6.991866827E-1,5.482150316E-1
2.548095104E1,-3.388245344E0,-1.010699868E0,6.014986634E-1
2.549091404E1,-3.487446308E0,-1.199402690E0,6.372545362E-1
2.550087604E1,-3.555588007E0,-1.223994732E0,6.673499346E-1
2.551083904E1,-3.561953783E0,-1.090555429E0,6.811847687E-1
2.552080104E1,-3.531890154E0,-8.325531483E-1,6.384412050E-1
2.553076304E1,-3.507493734E0,-5.235779881E-1,5.981779695E-1
2.554072604E1,-3.456754923E0,-2.934775054E-1,5.831634998E-1
2.555068804E1,-3.355638981E0,-2.291413993E-1,5.631471872E-1
2.556065104E1,-3.173017502E0,-3.019774556E-1,5.109059215E-1
2.557061304E1,-2.894000530E0,-2.792415023E-1,4.348194301E-1
2.558057604E1,-2.569142342E0,-7.664802670E-2,3.706268966E-1
2.559053804E1,-2.260123253E0,2.359698117E-1,3.148003817E-1
2.560050104E1,-2.013799429E0,5.078800321E-1,2.513470650E-1
2.561046304E1,-1.895207882E0,7.111915946E-1,2.266318649E-1
2.562042604E1,-1.896521926E0,8.249604702E-1,2.338085175E-1
2.563038804E1,-1.935002208E0,9.006754756E-1,2.237175256E-1
2.564035004E1,-1.963223219E0,9.606968760E-1,2.075914145E-1
2.565031304E1,-1.983073711E0,9.277375937E-1,1.968721896E-1
2.566027504E1,-1.984689474E0,7.068200707E-1,1.756698042E-1
2.567023804E1,-1.938551307E0,4.142521024E-1,1.452317387E-1
2.568020004E1,-1.840459228E0,2.134120017E-1,1.104221568E-1
2.569016304E1,-1.716084719E0,1.061052382E-1,7.494352758E-2
2.570012504E1,-1.659520864E0,4.093893245E-2,5.067108572E-2
2.571008804E1,-1.701421738E0,7.295066118E-2,2.745364606E-2
2.572005004E1,-1.803310275E0,2.027043402E-1,-4.994237795E-3
2.573001304E1,-1.942169309E0,3.397178650E-1,3.466092516E-3
2.573997504E1,-2.067665339E0,3.693055809E-1,5.787940323E-2
2.574993804E1,-2.117316246E0,2.935018837E-1,1.242973059E-1
2.575990004E1,-2.107230902E0,1.610917449E-1,1.762553304E-1
2.576986204E1,-2.111242771E0,-1.758798584E-2,2.105464637E-1
2.577982504E1,-2.144109011E0,-1.921977550E-1,1.815724075E-1
2.578978704E1,-2.138461351E0,-2.040663958E-1,1.288673878E-1
2.579975004E1,-2.090933084E0,-9.095356613E-2,1.142704114E-1
2.580971204E1,-2.023699284E0,-3.368681297E-2,1.244764477E-1
2.581967504E1,-1.992585897E0,-8.752869815E-2,1.402591169E-1
2.582963704E1,-1.980388522E0,-1.164953709E-1,1.939281970E-1
2.583960004E1,-1.896472573E0,-8.643554896E-2,2.664155364E-1
2.584956204E1,-1.698140025E0,-2.616768703E-2,3.302581608E-1
2.585952504E1,-1.382197261E0,1.138011143E-1,3.746418059E-1
2.586948704E1,-1.037695527E0,2.893194258E-1,3.879291117E-1
2.587945004E1,-7.352000475E-1,2.954253554E-1,3.526039720E-1
2.588941204E1,-4.578595161E-1,1.803661436E-1,2.861335874E-1
2.589937504E1,-1.645637900E-1,6.407346576E-2,1.894599944E-1
2.590933704E1,1.272012144E-1,3.210620955E-2,7.530546933E-2
2.591930004E1,3.764457405E-1,2.143562213E-2,-1.864574105E-2
2.592926204E1,5.663325787E-1,-3.237499855E-3,-1.187140197E-1
2.593922342E1,7.103802562E-1,-5.646414682E-2,-2.381459624E-1
2.594918642E1,8.616614342E-1,-1.627088189E-1,-3.424273729E-1
2.595914842E1,1.050316691E0,-2.501770258E-1,-4.175149500E-1
2.596911142E1,1.235906839E0,-2.878048122E-1,-4.663834274E-1
2.597907342E1,1.380858064E0,-2.811126411E-1,-4.790267348E-1
2.598903642E1,1.502007723E0,-2.502953410E-1,-4.849626422E-1
2.599899842E1,1.610076308E0,-2.743948996E-1,-5.050401092E-1
2.600896142E1,1.739796162E0,-3.562871218E-1,-5.169902444E-1
2.601892342E1,1.901197672E0,-4.007080197E-1,-5.360254049E-1
2.602888642E1,2.089077950E0,-3.482549489E-1,-5.660415888E-1
2.603884842E1,2.274667978E0,-2.625404596E-1,-5.627434254E-1
2.604881142E1,2.430368662E0,-1.524887830E-1,-5.319631696E-1
2.605877342E1,2.524790287E0,-7.631496340E-2,-4.429557621E-1
2.606873642E1,2.581798315E0,-1.453255396E-2,-3.516719043E-1
2.607869842E1,2.608763933E0,5.126610398E-2,-3.033446372E-1
2.608866142E1,2.605572701E0,1.401437819E-1,-2.701163590E-1
2.609862342E1,2.574260712E0,2.245751023E-1,-2.436176836E-1
2.610858642E1,2.523440838E0,2.280931473E-1,-2.098504007E-1
2.611854842E1,2.425163507E0,1.414718479E-1,-1.671572626E-1
2.612851142E1,2.301390886E0,-5.120519176E-2,-1.315651834E-1
2.613847342E1,2.213287830E0,-3.209851682E-1,-1.005676091E-1
2.614843642E1,2.188870430E0,-5.041544437E-1,-8.527547121E-2
2.615839842E1,2.193819761E0,-5.838851929E-1,-7.367121428E-2
2.616836142E1,2.202354193E0,-6.466311216E-1,-7.427521795E-2
2.617832342E1,2.181108713E0,-6.343458891E-1,-6.342596561E-2
2.618828642E1,2.116377115E0,-4.937067330E-1,-4.273400456E-2
2.619824842E1,1.995775819E0,-3.240068555E-1,1.433730964E-2
2.620821142E1,1.872481346E0,-2.183480710E-1,8.706264943E-2
2.621817342E1,1.760657072E0,-1.564041078E-1,1.289478093E-1
2.622813642E1,1.688212395E0,-1.013323292E-1,1.399812847E-1
2.623809842E1,1.698670149E0,-5.869315937E-2,1.314178556E-1
2.624806142E1,1.743125796E0,-1.436857414E-2,1.166943088E-1
2.625802342E1,1.773296237E0,1.834109426E-2,1.227045879E-1
2.626798642E1,1.776127219E0,2.777800523E-2,1.252212673E-1
2.627794842E1,1.763550282E0,1.780690439E-2,1.256199628E-1
2.628791142E1,1.784420133E0,2.509464510E-2,1.063245684E-1
2.629787342E1,1.799365282E0,7.785266638E-2,6.695665419E-2
2.630783642E1,1.837852478E0,1.540092230E-1,2.154629119E-2
2.631779842E1,1.911874413E0,2.254855037E-1,-1.343053021E-2
2.632776142E1,1.943568707E0,3.125026822E-1,-4.766759276E-2
2.633772342E1,1.982328415E0,3.497356176E-1,-2.424556203E-2
2.634768642E1,2.009250879E0,3.929595053E-1,-3.583077341E-5
2.635764842E1,2.029753923E0,4.216475785E-1,1.280224975E-2
2.636761142E1,2.083219051E0,5.057174563E-1,3.540041624E-3
2.637757342E1,2.143418550E0,6.576383114E-1,-7.687710226E-3
2.638753642E1,2.188574553E0,8.367084861E-1,-4.329736903E-2
2.639749842E1,2.206136942E0,1.007094860E0,-9.648069739E-2
2.640746142E1,2.205980301E0,1.096957207E0,-1.643660814E-1
2.641742342E1,2.161913872E0,1.234380603E0,-2.582394481E-1
2.642738642E1,2.087675810E0,1.346422672E0,-3.499414027E-1
2.643734842E1,1.989669323E0,1.361784697E0,-4.403046370E-1
2.644731142E1,1.861720204E0,1.219671965E0,-5.183237791E-1
2.645727442E1,1.754130244E0,9.817398787E-1,-5.600090027E-1
2.646723642E1,1.638102531E0,8.036183119E-1,-5.699872971E-1
2.647719942E1,1.490154624E0,6.124325395E-1,-5.908898115E-1
2.648716142E1,1.319231510E0,4.367209673E-1,-5.843411088E-1
2.649712442E1,1.060520172E0,3.651447892E-1,-5.714691281E-1
2.650708642E1,7.763329148E-1,4.182223976E-1,-5.506738424E-1
2.651704942E1,4.948364496E-1,4.136499763E-1,-5.225855112E-1
2.652701142E1,2.305411398E-1,3.733440936E-1,-5.013568997E-1
2.653697442E1,4.803428426E-3,3.027696311E-1,-4.896315038E-1
2.654693642E1,-1.864285767E-1,2.279268056E-1,-4.865259826E-1
2.655689942E1,-3.437526524E-1,1.902563423E-1,-4.689706266E-1
2.656686142E1,-4.105489850E-1,5.643569306E-2,-4.219772816E-1
2.657682442E1,-4.171785712E-1,-7.646367699E-2,-3.429875076E-1
2.658678642E1,-3.958365321E-1,-1.555427909E-1,-2.719919086E-1
2.659674942E1,-3.561922908E-1,-1.675933450E-1,-2.079977691E-1
2.660671142E1,-3.315900266E-1,-1.049206555E-1,-1.588813514E-1
2.661667442E1,-2.791984081E-1,-1.037582848E-2,-1.154988557E-1
2.662663742E1,-2.072046548E-1,2.616407350E-2,-7.444090396E-2
2.663659942E1,-1.473426521E-1,2.892816998E-2,-5.487199128E-2
2.664656242E1,-1.135303527E-1,2.592701232E-3,-3.399281204E-2
2.665652442E1,-9.416225553E-2,-4.417338967E-2,-7.602165453E-3
2.666648742E1,-1.204415336E-1,-1.076652780E-1,2.349423431E-2
2.667644942E1,-2.072616816E-1,-1.494878531E-1,4.999160767E-2
2.668641242E1,-3.459540308E-1,-1.404054165E-1,7.525728643E-2
2.669637442E1,-5.531876683E-1,-1.341076940E-1,1.077844277E-1
2.670633742E1,-8.279614449E-1,-1.377141476E-1,1.413242817E-1
2.671629942E1,-1.125770926E0,-1.979555041E-1,1.732649058E-1
2.672626242E1,-1.440363288E0,-3.181135952E-1,2.255507410E-1
2.673622542E1,-1.772831678E0,-5.105775595E-1,3.198303878E-1
2.674618742E1,-2.097704649E0,-7.878104448E-1,4.299963117E-1
2.675615042E1,-2.321185827E0,-1.058066726E0,4.630186558E-1
2.676611242E1,-2.505989313E0,-1.203681707E0,4.806019068E-1
2.677607542E1,-2.647509336E0,-1.202260613E0,4.789934158E-1
2.678603742E1,-2.760051966E0,-1.126158357E0,4.664752185E-1
2.679600042E1,-2.867075443E0,-1.060515046E0,4.735133946E-1
2.680596242E1,-2.931418896E0,-1.103109121E0,4.862105548E-1
2.681592542E1,-2.956146955E0,-1.193476081E0,5.476729274E-1
2.682588742E1,-2.985387564E0,-1.284225702E0,6.202824116E-1
2.683585042E1,-2.948069572E0,-1.232603669E0,6.355917454E-1
2.684581342E1,-2.770674944E0,-9.790059924E-1,6.046785712E-1
2.685577542E1,-2.515162468E0,-5.950601101E-1,5.566348433E-1
2.686573842E1,-2.274398565E0,-1.684060097E-1,4.892001152E-1
2.687570042E1,-2.109382153E0,2.619445026E-1,4.562619328E-1
2.688566342E1,-2.066429853E0,5.454036593E-1,4.590721130E-1
2.689562542E1,-2.088365078E0,5.864198208E-1,4.771414995E-1
2.690558842E1,-2.125221729E0,4.407608807E-1,4.717462063E-1
2.691555142E1,-2.137861252E0,2.140645981E-1,4.305435121E-1
2.692551342E1,-2.083478928E0,-3.185223415E-2,3.840814829E-1
2.693547633E1,-1.982893705E0,-2.320392728E-1,3.438456953E-1
2.694543833E1,-1.881415009E0,-2.901284099E-1,3.180212975E-1
2.695540133E1,-1.781670213E0,-1.873350888E-1,2.993220687E-1
2.696536333E1,-1.725890279E0,-2.063452452E-2,2.730379999E-1
2.697532633E1,-1.769718528E0,1.087231040E-1,2.482951880E-1
2.698528933E1,-1.867960215E0,1.939439774E-1,2.652643323E-1
2.699525133E1,-1.973922849E0,2.222583592E-1,3.116524220E-1
2.700521433E1,-2.080816031E0,2.413819879E-1,3.718486428E-1
2.701517633E1,-2.154495478E0,4.063973427E-1,3.942339718E-1
2.702513933E1,-2.209839582E0,6.911547780E-1,3.959900737E-1
2.703510133E1,-2.347557068E0,9.248840809E-1,3.771942854E-1
2.704506433E1,-2.614743471E0,1.034539461E0,3.126064837E-1
2.705502733E1,-2.930481434E0,9.386681914E-1,2.441013157E-1
2.706498933E1,-3.262798786E0,6.682481170E-1,1.950794458E-1
2.707495233E1,-3.530814648E0,4.017170072E-1,1.827908158E-1
2.708491433E1,-3.708752394E0,2.485868484E-1,1.848531663E-1
2.709487733E1,-3.840511084E0,3.167578578E-2,1.942950934E-1
2.710483933E1,-3.964373112E0,-3.537283540E-1,1.847449988E-1
2.711480233E1,-4.156610966E0,-7.138339877E-1,1.281616539E-1
2.712476533E1,-4.389837742E0,-1.007656574E0,1.232880652E-1
2.713472733E1,-4.576603889E0,-1.487166166E0,9.364392608E-2
2.714469033E1,-4.576399326E0,-1.446936011E0,1.495711058E-1
2.715465233E1,-3.981229544E0,-9.372313023E-1,2.557873130E-1
2.716461533E1,-2.682837009E0,-3.194508851E-1,2.784579992E-1
2.717457833E1,-1.132760286E0,2.735297680E-1,2.605817914E-1
2.718454033E1,1.792904437E-1,6.322112083E-1,2.187382132E-1
2.719450333E1,1.062782764E0,7.473858595E-1,1.270584613E-1
2.720446533E1,1.639213562E0,8.226819038E-1,9.468444623E-3
2.721442833E1,2.087514400E0,8.849690557E-1,-1.310028881E-1
2.722439033E1,2.442360878E0,8.905715942E-1,-2.761334479E-1
2.723435333E1,2.621487379E0,8.362349272E-1,-3.783259988E-1
2.724431633E1,2.544252157E0,7.103334665E-1,-3.921294212E-1
2.725427833E1,2.201937914E0,5.494588017E-1,-3.416562378E-1
2.726424133E1,1.669277310E0,4.340743721E-1,-2.531210482E-1
2.727420333E1,1.055593729E0,3.537572920E-1,-1.681211293E-1
2.728416633E1,4.887723625E-1,2.692325711E-1,-1.081720367E-1
2.729412933E1,2.012170106E-2,1.569775641E-1,-6.790918857E-2
2.730409133E1,-3.146418929E-1,2.796045132E-2,-5.741473287E-2
2.731405433E1,-5.583181977E-1,-9.604940563E-2,-6.390870363E-2
2.732401633E1,-6.958861947E-1,-1.189722940E-1,-7.789243013E-2
2.733397933E1,-7.228187323E-1,-5.523060262E-2,-8.182246238E-2
2.734394233E1,-6.448363066E-1,5.658461154E-2,-1.027304009E-1
2.735390433E1,-4.652274549E-1,1.429712474E-1,-1.296933591E-1
2.736386733E1,-1.957892925E-1,2.089601159E-1,-1.450752467E-1
2.737382933E1,1.126464680E-1,2.522497475E-1,-1.639114916E-1
2.738379233E1,3.963316977E-1,3.063598573E-1,-2.118795514E-1
2.739375533E1,5.943181515E-1,4.357336462E-1,-2.705938518E-1
2.740371733E1,6.587671638E-1,5.652479529E-1,-2.926687896E-1
2.741368033E1,6.344984174E-1,6.279335618E-1,-3.270004094E-1
2.742364233E1,5.350077748E-1,5.759744644E-1,-3.783546984E-1
2.743360533E1,3.752562106E-1,4.666380286E-1,-4.561359286E-1
2.744356833E1,1.422485411E-1,3.202182353E-1,-6.184321642E-1
2.745353033E1,-2.291122377E-1,1.490571052E-1,-8.186842203E-1
2.746349333E1,-6.776958704E-1,1.322869770E-2,-9.614477754E-1
2.747345633E1,-1.121595383E0,-3.430172056E-2,-1.068670273E0
2.748341833E1,-1.454236984E0,-6.412752718E-2,-1.104812860E0
2.749338133E1,-1.726280928E0,-5.688076839E-3,-1.028937936E0
2.750334333E1,-1.967782974E0,3.269300759E-1,-9.063250422E-1
2.751330633E1,-2.211274624E0,7.695127130E-1,-7.684224844E-1
2.752326933E1,-2.406211138E0,1.135983706E0,-6.873108745E-1
2.753323133E1,-2.598834515E0,1.399252176E0,-6.816221476E-1
2.754319433E1,-2.853807688E0,8.583168983E-1,-5.214375854E-1
2.755315633E1,-2.780942917E0,3.201283514E-1,-4.395689964E-1
2.756311933E1,2.806622744E0,-2.413316488E0,4.630796313E-1
2.757308233E1,1.309944868E0,2.377206087E-1,2.482629716E-1
2.758304433E1,-2.501063943E-1,1.488833547E0,-2.841892242E-1
2.759300733E1,5.280047059E-1,6.348897815E-1,-3.058429062E-1
2.760297033E1,-1.480706930E-1,7.099746466E-1,-1.595746279E-1
2.761293233E1,-2.267326713E-1,8.154082894E-1,-6.062861159E-2
2.762289533E1,-1.690853536E-1,1.175910830E0,-1.247556657E-1
2.763285733E1,-9.815911204E-2,1.851069331E0,-3.793261051E-1
2.764282033E1,7.149703056E-2,1.983070254E0,-5.041974783E-1
2.765278333E1,2.495989650E-1,1.827201009E0,-5.274440646E-1
2.766274533E1,5.685607195E-1,1.199135542E0,-3.463352919E-1
2.767270833E1,8.944358230E-1,-3.786039352E-2,-2.301977482E-3
2.768267133E1,1.258918166E0,-1.433616996E0,1.450158358E-1
2.769263333E1,1.505321503E0,-2.619352341E0,1.871424764E-1
2.770259633E1,1.934596181E0,-3.676376581E0,1.275321394E-1
2.771255933E1,2.718523026E0,-5.193864346E0,-8.369868994E-2
2.772252133E1,3.147615910E0,-8.504842758E0,-3.352443874E-1
2.773248433E1,4.474206448E0,-6.279944897E0,-3.835542798E-1
2.774244633E1,3.793025970E0,2.894194365E0,-2.551680803E-1
2.775240933E1,1.842778683E0,5.677103043E0,-1.364601851E-1
2.776237233E1,8.089022636E-1,4.935571671E0,8.370245807E-3
2.777233433E1,6.480876207E-1,4.350642264E-1,2.596963346E-1
2.778229733E1,2.262698263E-1,-5.686271191E-1,2.382355183E-1
2.779226033E1,-5.520908833E-1,-5.143344402E-1,1.411614940E-2
2.780222233E1,-1.337040663E0,-1.518117905E0,-6.406893581E-2
2.781218533E1,-1.675034523E0,-1.900985003E0,-2.411438152E-2
2.782214833E1,-1.638006091E0,-2.472475052E0,-3.830929846E-2
2.783211033E1,-1.422439814E0,-2.905741215E0,1.234070957E-2
2.784207333E1,-1.159433246E0,-1.388758659E0,4.321979359E-2
2.785203633E1,-7.315673232E-1,1.116467476E0,-2.706798911E-2
2.786199833E1,-3.575879037E-1,1.312629580E0,-7.099044323E-2
2.787196133E1,1.364866495E-1,5.999552608E-1,-3.252324089E-2
2.788192333E1,5.955516696E-1,-1.641072929E-1,2.284806687E-3
2.789188633E1,9.345732331E-1,-8.015900850E-1,1.747836918E-2
2.790184933E1,1.118665814E0,-3.787842095E-1,2.656534128E-2
2.791181133E1,4.760400653E-1,9.572241902E-1,2.465481684E-2
2.792177433E1,4.578828812E-2,1.101682663E0,-3.947703168E-2
2.793173733E1,7.947728038E-2,6.335371733E-1,-7.256100886E-3
2.794169979E1,1.688558906E-1,1.077217422E-2,8.407280780E-3
2.795166279E1,2.607989125E-2,-2.895368934E-1,7.316638716E-3
2.796162579E1,-2.344198674E-1,-3.718112707E-1,1.398473978E-5
2.797158779E1,-3.729556203E-1,-5.297490358E-1,-6.003116723E-3
2.798155079E1,-3.792726099E-1,-7.726535797E-1,3.496911377E-3
2.799151379E1,-3.568017185E-1,-5.431531072E-1,-5.051484914E-4
2.800147579E1,-1.890486926E-1,4.957598075E-2,-1.209629048E-2
2.801143879E1,9.720155597E-2,2.980644405E-1,-5.094196647E-3
2.802140179E1,2.900373042E-1,2.339275032E-1,2.153581567E-2
2.803136379E1,2.459083498E-1,2.402383983E-1,4.779264703E-2
2.804132679E1,9.387566149E-2,2.326779515E-1,1.778718233E-1
2.805128979E1,-2.153044939E-2,1.769913137E-1,4.787588120E-1
2.806125179E1,-4.158192128E-2,1.986719854E-2,9.179606438E-1
2.807121479E1,-3.711590543E-2,-1.424780488E-1,1.436175942E0
2.808117779E1,-5.848324671E-2,-2.207422256E-1,1.976571441E0
2.809113979E1,-6.403061002E-2,-1.572170556E-1,2.474884748E0
2.810110279E1,2.800351474E-3,-3.330923989E-2,2.883180141E0
2.811106579E1,1.084268093E-1,5.324648693E-3,3.068658352E0
2.812102779E1,1.585328430E-1,9.951357730E-3,3.083115578E0
2.813099079E1,1.299883872E-1,1.488865074E-2,3.009864807E0
2.814095379E1,7.852867246E-2,-1.395178493E-2,2.906836033E0
2.815091579E1,4.961989447E-2,-3.605356812E-2,2.882690907E0
2.816087879E1,5.315710232E-2,-6.576102227E-3,2.988228083E0
2.817084179E1,1.014135331E-1,2.162075229E-2,3.171494484E0
2.818080479E1,1.677784324E-1,5.127025396E-2,3.402161360E0
2.819076679E1,2.169235051E-1,3.970387205E-2,3.679097652E0
2.820072979E1,1.709898263E-1,6.086987630E-2,3.947219849E0
2.821069279E1,1.017720401E-1,1.164581161E-2,4.207158089E0
2.822065479E1,6.003390998E-2,-4.747530073E-2,4.382274628E0
2.823061779E1,4.394471645E-2,-3.287936375E-2,4.434410572E0
2.824058079E1,7.310286909E-2,-4.384173080E-2,4.425880909E0
2.825054279E1,1.250907332E-1,-5.991690978E-2,4.372691631E0
2.826050579E1,1.819401681E-1,-4.833748564E-2,4.280984879E0
2.827046879E1,1.680530310E-1,1.353060156E-1,4.122768402E0
2.828043079E1,1.453897953E-1,1.460438818E-1,3.995204926E0
2.829039379E1,1.268560439E-1,7.517159730E-2,3.882054329E0
2.830035679E1,9.921483696E-2,6.617568899E-3,3.768883467E0
2.831031879E1,8.854500949E-2,-6.033588946E-2,3.658784389E0
2.832028179E1,8.636308461E-2,-5.802080035E-2,3.542653561E0
2.833024479E1,8.956193924E-2,-3.793229908E-2,3.416245699E0
2.834020779E1,1.086376309E-1,-4.684749618E-2,3.298908234E0
2.835016979E1,1.278498620E-1,-5.285037681E-2,3.198102474E0
2.836013279E1,1.238793507E-1,-4.045442492E-2,3.100112438E0
2.837009579E1,9.733922780E-2,6.700117886E-2,3.016770363E0
2.838005779E1,9.133247286E-2,5.549525842E-2,2.967687607E0
2.839002079E1,8.806824684E-2,4.389690235E-2,2.931853533E0
2.839998379E1,8.328547329E-2,2.159505710E-2,2.890690804E0
2.840994579E1,7.876375318E-2,-2.138502523E-2,2.842054367E0
2.841990879E1,6.932977587E-2,-9.530763142E-3,2.788769484E0
2.842987179E1,7.660181075E-2,-3.161840141E-3,2.751767397E0
2.843983479E1,8.092465997E-2,2.773189358E-2,2.712804317E0
2.844979679E1,9.322470427E-2,2.497398108E-2,2.644895554E0
2.845975979E1,7.239346206E-2,2.648346126E-2,2.534474373E0
2.846972279E1,4.581549764E-2,4.222197831E-2,2.412469387E0
2.847968479E1,2.685885131E-2,2.590931579E-2,2.277118921E0
2.848964779E1,2.302172966E-2,-2.705156058E-2,2.112047672E0
2.849961079E1,3.515509143E-2,-8.226128668E-2,1.943123341E0
2.850957279E1,2.015041746E-2,4.354887642E-3,1.742919207E0
2.851953579E1,2.743629366E-2,7.415873557E-2,1.547805905E0
2.852949879E1,5.763356015E-2,5.897189677E-2,1.377515554E0
2.853946179E1,6.320489198E-2,3.440343589E-2,1.208471179E0
2.854942379E1,3.731117025E-2,1.356008649E-2,1.031670690E0
2.855938679E1,7.300807163E-3,-1.076149754E-2,8.565292358E-1
2.856934979E1,-1.128680073E-2,-2.227978595E-2,6.796346903E-1
2.857931279E1,-9.113395587E-3,-1.758090407E-2,4.879118502E-1
2.858927479E1,3.469391959E-3,2.373595256E-3,2.972484529E-1
2.859923779E1,1.484055724E-2,1.900929771E-2,1.009759009E-1
2.860920079E1,1.664667018E-2,-7.722420990E-2,-3.550693393E-2
2.861916279E1,-6.042467803E-2,-4.406399727E-1,-1.985180564E-2
2.862912579E1,-2.201448083E-1,-3.688044548E-1,-1.776168868E-2
2.863908879E1,-1.886553168E-1,-1.274381392E-2,-1.733025722E-2
2.864905179E1,3.255436197E-2,9.573032707E-2,-5.739604123E-3
2.865901379E1,1.332929581E-1,9.978472441E-2,1.636819448E-3
2.866897679E1,9.456037730E-2,3.150881827E-1,2.846672572E-2
2.867893979E1,1.114413515E-1,3.569813073E-1,4.839692265E-3
2.868890179E1,1.297896653E-1,1.305112839E-1,3.431262448E-3
2.869886479E1,3.656384349E-2,-2.121778205E-2,4.366564564E-3
2.870882779E1,-8.027438074E-2,-6.611997634E-2,-1.902798074E-3
2.871879079E1,-1.075613946E-1,-1.937639564E-1,-1.354773622E-2
2.872875279E1,-1.176111475E-1,-2.954143286E-1,-7.300309371E-3
2.873871579E1,-1.302230805E-1,-1.751353294E-1,-1.523306780E-2
2.874867879E1,-5.864798278E-2,-3.727779910E-2,-5.465192255E-3
2.875864179E1,3.469821066E-2,7.550125010E-3,-7.474025479E-4
2.876860379E1,3.287617117E-2,-3.699783981E-2,-1.584411226E-2
2.877856679E1,-4.886982590E-2,-1.103796437E-1,-1.343475096E-2
2.878852979E1,-9.795790911E-2,-1.273574978E-1,-3.001867607E-2
2.879849279E1,-7.490079850E-2,-7.886666059E-2,-2.385585569E-2
2.880845479E1,-2.079401352E-2,-6.525903009E-3,-8.361465484E-2
2.881841779E1,-4.961254541E-3,-6.706465036E-3,-1.666168571E-1
2.882838079E1,-3.731419146E-2,-1.132133678E-1,-3.047322035E-1
2.883834379E1,-9.808485955E-2,-2.152025849E-1,-5.497714877E-1
2.884830579E1,-1.589132100E-1,-1.932522058E-1,-8.887619972E-1
2.885826879E1,-1.582708508E-1,-7.501105219E-2,-1.278875113E0
2.886823179E1,-7.805976272E-2,4.549723119E-2,-1.624863744E0
2.887819379E1,-1.283682138E-2,3.940764815E-2,-1.893266439E0
2.888815679E1,-5.139211193E-2,-9.257555939E-3,-2.101163864E0
2.889811979E1,-1.321098655E-1,-2.890822105E-2,-2.262592077E0
2.890808279E1,-1.542412192E-1,3.298617154E-2,-2.390370131E0
2.891804479E1,-9.254296124E-2,8.553353697E-2,-2.442711592E0
2.892800779E1,-3.326211870E-2,9.056943655E-2,-2.424913883E0
2.893797021E1,-4.049313441E-2,5.814918503E-2,-2.374809742E0
2.894793321E1,-8.909475803E-2,1.147302613E-2,-2.342933893E0
2.895789621E1,-1.329077482E-1,-5.215095729E-2,-2.348802805E0
2.896785821E1,-1.607108861E-1,-9.981248528E-2,-2.423610926E0
2.897782121E1,-1.787854880E-1,-8.910178393E-2,-2.583701134E0
2.898778421E1,-1.614908278E-1,4.915332794E-2,-2.788377523E0
2.899774721E1,-1.044275388E-1,1.040717065E-1,-2.981443882E0
2.900770921E1,-8.392933756E-2,7.087093592E-2,-3.138152599E0
2.901767221E1,-1.184558868E-1,5.007431284E-2,-3.212188959E0
2.902763521E1,-1.375200152E-1,9.469090961E-3,-3.211945534E0
2.903759821E1,-1.565243304E-1,-7.621279359E-2,-3.181037903E0
2.904756021E1,-1.728889048E-1,-3.083124198E-2,-3.136453152E0
2.905752321E1,-1.518249065E-1,4.600785207E-3,-3.090815067E0
2.906748621E1,-1.122801751E-1,1.303579956E-1,-3.024024725E0
2.907744921E1,-4.055060074E-2,1.835642308E-1,-2.883411884E0
2.908741121E1,-1.870398875E-3,1.806740612E-1,-2.672476292E0
2.909737421E1,-5.334106274E-3,1.670208275E-1,-2.409056664E0
2.910733721E1,-3.333516046E-2,1.192794964E-1,-2.137933493E0
2.911730021E1,-6.039714068E-2,4.279511049E-2,-1.868005753E0
2.912726321E1,-7.846356928E-2,1.623898558E-2,-1.604206085E0
2.913722521E1,-6.311177462E-2,2.583248913E-2,-1.358018160E0
2.914718821E1,-2.397911623E-2,6.130814925E-2,-1.128075004E0
2.915715121E1,1.078285743E-2,1.033815667E-1,-9.014288783E-1
2.916711421E1,3.294546530E-2,1.232720912E-1,-6.813511848E-1
2.917707621E1,5.553146452E-2,2.547670007E-1,-4.781045616E-1
2.918703921E1,8.864638954E-2,1.518217027E-1,-3.256877363E-1
2.919700221E1,3.684151918E-2,-1.785201393E-2,-4.447824359E-1
2.920696521E1,-4.479229078E-2,-8.441546559E-2,-6.948368549E-1
2.921692821E1,-9.353426099E-2,-4.393861443E-2,-1.028181076E0
2.922689021E1,-8.783090860E-2,-1.527412608E-2,-1.461933732E0
2.923685321E1,-6.203526258E-2,8.846390992E-3,-1.896071315E0
2.924681621E1,-4.920758680E-2,4.323763400E-2,-2.240150452E0
2.925677921E1,-2.550332621E-2,5.028621852E-2,-2.480964422E0
2.926674121E1,-1.849807985E-2,3.699479997E-2,-2.624143124E0
2.927670421E1,-2.100278251E-2,4.265588149E-2,-2.717794657E0
2.928666721E1,-2.386098355E-2,3.991001472E-2,-2.755197048E0
2.929663021E1,-4.286263883E-2,5.035572872E-2,-2.742949009E0
2.930659321E1,-7.296662033E-2,2.497481741E-2,-2.721953869E0
2.931655521E1,-9.654678404E-2,-1.781152748E-2,-2.703885555E0
2.932651821E1,-1.054207906E-1,-3.348804265E-2,-2.687004089E0
2.933648121E1,-9.424856305E-2,-1.062586717E-2,-2.688923836E0
2.934644421E1,-7.506749034E-2,-3.052249085E-4,-2.714954376E0
2.935640721E1,-6.955049187E-2,9.430226870E-3,-2.747648001E0
2.936636921E1,-6.904817373E-2,2.121352591E-4,-2.777040482E0
2.937633221E1,-6.688355654E-2,2.183407079E-3,-2.761175632E0
2.938629521E1,-7.174864411E-2,2.219975367E-2,-2.735115767E0
2.939625821E1,-9.450482577E-2,-8.941132110E-4,-2.720535278E0
2.940622121E1,-9.583213925E-2,-2.829351462E-2,-2.714957237E0
2.941618321E1,-1.446188688E-1,-9.644993581E-3,-2.705568314E0
2.942614621E1,-1.604216546E-1,-3.156866133E-2,-2.703261852E0
2.943610921E1,-1.234098375E-1,-5.801784620E-2,-2.708161116E0
2.944607221E1,-9.687552601E-2,-1.052020025E-2,-2.701463938E0
2.945603521E1,-1.138843372E-1,2.985225618E-2,-2.624486208E0
2.946599721E1,-1.130298674E-1,-1.622053562E-3,-2.477070093E0
2.947596021E1,-6.965070218E-2,-6.383785978E-3,-2.308665752E0
2.948592321E1,-1.576067135E-2,3.066422604E-2,-2.118015289E0
2.949588621E1,-1.702940091E-2,5.599461496E-2,-1.912609696E0
2.950584921E1,-3.735973686E-2,3.689924628E-2,-1.708878517E0
2.951581121E1,-5.162123218E-2,-2.810881706E-3,-1.503152609E0
2.952577421E1,-5.995143205E-2,-2.930064313E-2,-1.298736811E0
2.953573721E1,-5.533643812E-2,-1.826024242E-2,-1.095316052E0
2.954570021E1,-3.598523140E-2,-5.521371495E-4,-8.965649009E-1
2.955566321E1,-1.505518146E-2,1.276366785E-2,-6.906524897E-1
2.956562521E1,-1.571967499E-3,1.618339308E-2,-4.897039831E-1
2.957558821E1,-2.859269734E-4,9.207775816E-3,-2.872092128E-1
2.958555121E1,-4.471038003E-3,1.517170109E-3,-7.670339197E-2
2.959551421E1,3.753868397E-3,7.356950082E-3,2.023620158E-2
2.960547721E1,1.437242050E-2,1.533999573E-2,2.801047638E-3
2.961544021E1,1.175772958E-2,1.558154449E-2,-2.581733512E-3
2.962540221E1,2.397971461E-3,6.891874596E-3,4.639835097E-4
2.963536521E1,-6.330006756E-3,-1.498148311E-3,-1.428458723E-3
2.964532821E1,-6.496641785E-3,-6.822031923E-3,-2.222473035E-3
2.965529121E1,-2.233454259E-3,-2.148716943E-3,-3.305634600E-4
2.966525421E1,1.613474218E-3,5.599176511E-3,-7.995172637E-4
2.967521721E1,1.584978309E-3,6.633015350E-3,-5.012431648E-4
2.968517921E1,1.065120799E-3,3.022167133E-3,-5.452043843E-4
2.969514221E1,-1.062744763E-3,-9.842922445E-4,3.406777978E-6
2.970510521E1,-2.277542837E-3,-1.142573776E-3,4.953165771E-4
2.971506821E1,-2.692196984E-3,5.943397991E-4,-4.290665966E-4
2.972503121E1,2.788707381E-3,3.213294316E-3,-9.147932287E-4
2.973499321E1,7.423344068E-4,2.524068113E-3,-7.030719426E-4
2.974495621E1,1.331277424E-3,3.044718644E-3,5.470495671E-4
2.975491921E1,-3.973804414E-4,2.788522514E-3,-5.847938592E-4
2.976488221E1,-7.245941088E-4,1.414699946E-4,-3.953606356E-4
2.977484521E1,-1.889194362E-3,4.397439770E-4,-2.294456935E-4
2.978480821E1,-3.869549837E-4,1.144465525E-3,-9.032222442E-5
2.979477021E1,-2.886843868E-4,6.158279721E-4,-5.374670145E-4
2.980473321E1,3.330064937E-4,2.672938863E-3,-6.777718663E-4
2.981469621E1,9.974135458E-2,5.491830036E-2,-4.801410250E-3
2.982465921E1,2.182485610E-1,2.394628525E-1,2.877548337E-3
2.983462221E1,1.840365231E-1,2.730956376E-1,-7.766041439E-3
2.984458521E1,-9.000485297E-4,8.270435035E-2,-1.511340681E-2
2.985454821E1,-1.971667707E-1,-3.397592604E-1,-1.260476410E-1
2.986451021E1,-3.365285099E-1,-5.783697963E-1,-4.259768426E-1
2.987447321E1,-3.069543540E-1,-2.647934556E-1,-8.007826805E-1
2.988443621E1,-9.910894185E-2,8.202480525E-2,-1.242765069E0
2.989439921E1,1.163527668E-1,1.813279539E-1,-1.718035221E0
2.990436221E1,1.737345308E-1,2.290130407E-1,-2.129074335E0
2.991432521E1,1.011828333E-1,2.383508831E-1,-2.427984715E0
2.992428721E1,1.375917252E-2,1.585851908E-1,-2.579081059E0
2.993425021E1,-2.044034377E-2,8.867077529E-3,-2.527987480E0
2.994421304E1,-3.324348852E-2,-5.380589142E-2,-2.396623611E0
2.995417604E1,-6.503283978E-2,7.381357998E-2,-2.320740938E0
2.996413904E1,-1.611826569E-2,3.423859179E-2,-2.375691175E0
2.997410204E1,-2.478179522E-2,-1.511324570E-2,-2.423490047E0
2.998406504E1,-1.016521826E-1,-6.159047410E-2,-2.424572945E0
2.999402704E1,-1.534392238E-1,-9.139630198E-2,-2.393259525E0
3.000399004E1,-1.680720448E-1,-1.326840520E-1,-2.362475872E0
3.001395304E1,-1.684411615E-1,-1.604919732E-1,-2.393307209E0
3.002391604E1,-1.518948823E-1,-1.133280545E-1,-2.429316759E0
3.003387904E1,-1.253807247E-1,-5.884324387E-2,-2.418032169E0
3.004384204E1,-1.153938845E-1,2.064624336E-3,-2.345008850E0
3.005380504E1,-1.010186747E-1,1.495618839E-2,-2.230998993E0
3.006376704E1,-6.319732219E-2,1.200963371E-2,-2.088002443E0
3.007373004E1,-3.317577764E-2,-3.334968118E-3,-1.929100037E0
3.008369304E1,-4.789404944E-2,-2.371878177E-2,-1.778897524E0
3.009365604E1,-8.938956261E-2,-4.274094105E-2,-1.694354415E0
3.010361904E1,-7.987742126E-2,-1.217933558E-2,-1.681884050E0
3.011358204E1,-4.889553785E-2,2.382979915E-2,-1.716357589E0
3.012354504E1,-5.547794700E-2,3.336814791E-2,-1.773969173E0
3.013350804E1,-1.157993451E-1,-3.432743717E-3,-1.876907825E0
3.014347004E1,-1.776222885E-1,-1.729420200E-2,-2.031976461E0
3.015343304E1,-1.782265604E-1,-4.080245644E-2,-2.213271618E0
3.016339604E1,-1.914662421E-1,-2.016320126E-3,-2.394701242E0
3.017335904E1,-2.091160715E-1,2.067141421E-2,-2.530155182E0
3.018332204E1,-2.007675022E-1,3.127640486E-2,-2.589314699E0
3.019328504E1,-1.515085995E-1,4.342467710E-2,-2.528064251E0
3.020324804E1,-1.057201102E-1,5.997151509E-2,-2.418037415E0
3.021321104E1,-3.126851469E-2,6.550662965E-2,-2.277918577E0
3.022317304E1,3.285230696E-2,3.352843970E-2,-2.107790470E0
3.023313604E1,6.694076955E-2,4.320024326E-2,-1.961205363E0
3.024309904E1,7.451353967E-2,4.597854987E-2,-1.890756965E0
3.025306204E1,6.950919330E-2,5.231474340E-2,-1.923724532E0
3.026302504E1,7.598730922E-2,6.468641013E-2,-1.987435341E0
3.027298804E1,6.361798942E-2,6.345523149E-2,-2.052020550E0
3.028295104E1,2.847797424E-2,5.553185940E-2,-2.075540066E0
3.029291404E1,6.727137603E-3,4.002054408E-2,-2.131799221E0
3.030287704E1,-6.290660240E-3,7.765180618E-2,-2.187428474E0
3.031283904E1,4.310052842E-3,1.037356108E-1,-2.237267256E0
3.032280204E1,1.039501466E-2,1.206028536E-1,-2.256423950E0
3.033276504E1,1.603505760E-2,1.658534259E-1,-2.236707687E0
3.034272804E1,2.271886356E-2,1.537954062E-1,-2.205247641E0
3.035269104E1,4.518555477E-3,8.706218004E-2,-2.175131798E0
3.036265404E1,-4.621503130E-2,-1.754547469E-2,-2.102302313E0
3.037261704E1,-1.146942228E-1,-1.493889838E-1,-1.971228123E0
3.038258004E1,-1.573404819E-1,-2.826160192E-1,-1.794898868E0
3.039254304E1,-1.656327695E-1,-2.964844406E-1,-1.560812116E0
3.040250604E1,-9.964955598E-2,-1.047280058E-1,-1.301538944E0
3.041246804E1,-1.404357795E-2,-3.276592866E-2,-1.073748708E0
3.042243104E1,8.028532378E-3,-5.574765801E-2,-8.885212541E-1
3.043239404E1,-2.538614906E-2,-7.336180657E-2,-7.850092649E-1
3.044235704E1,-6.762163341E-2,-8.112748712E-2,-7.468522191E-1
3.045232004E1,-9.432275593E-2,-8.997050673E-2,-7.560880780E-1
3.046228304E1,-1.126342341E-1,-8.781770617E-2,-7.689200044E-1
3.047224604E1,-1.259500384E-1,-7.817573100E-2,-7.694718242E-1
3.048220904E1,-1.235135868E-1,-6.660904735E-2,-7.566002011E-1
3.049217204E1,-9.230400622E-2,-3.376108408E-2,-7.088989615E-1
3.050213504E1,4.766213149E-2,1.462080777E-1,-6.501223445E-1
3.051209704E1,1.563246995E-1,2.383063138E-1,-5.624969006E-1
3.052206004E1,1.307045668E-1,1.823425591E-1,-4.010235965E-1
3.053202304E1,4.372866824E-2,4.886547104E-2,-2.526974976E-1
3.054198604E1,-2.752442658E-2,-5.192609504E-2,-1.599835306E-1
3.055194904E1,-1.771706901E-2,-1.898332685E-2,-1.232785136E-1
3.056191204E1,1.679648086E-2,5.495522544E-2,-8.896140009E-2
3.057187504E1,1.961383782E-2,5.479543656E-2,-2.383901039E-3
3.058183804E1,1.666809781E-3,3.111894988E-2,7.112233900E-3
3.059180104E1,-2.552912384E-2,2.432788908E-2,1.649881154E-2
3.060176404E1,-4.679062963E-2,1.269362029E-2,2.455512062E-2
3.061172704E1,-7.603693008E-2,-6.658240221E-3,8.659585565E-2
3.062169004E1,-6.535397470E-2,2.699035779E-2,2.615145445E-1
3.063165204E1,-3.049054649E-3,3.394919634E-2,4.338631332E-1
3.064161504E1,5.957336351E-2,2.718053386E-2,5.958989263E-1
3.065157804E1,1.005634069E-1,7.155252248E-2,7.116385698E-1
3.066154104E1,1.048452929E-1,1.110985652E-1,7.866728306E-1
3.067150404E1,1.077737063E-1,1.686231047E-1,8.475617766E-1
3.068146704E1,1.260277629E-1,2.100689411E-1,9.111736417E-1
3.069143004E1,1.383115947E-1,2.405647933E-1,9.846653938E-1
3.070139304E1,1.446449906E-1,2.400717586E-1,1.077128172E0
3.071135604E1,1.339484155E-1,2.130680978E-1,1.180601597E0
3.072131904E1,1.128753051E-1,1.939400584E-1,1.270244002E0
3.073128204E1,9.826733172E-2,1.817720830E-1,1.364293575E0
3.074124504E1,9.004895389E-2,1.812851727E-1,1.490589619E0
3.075120804E1,9.640085697E-2,1.877539903E-1,1.629482269E0
3.076117104E1,1.124973446E-1,2.098090202E-1,1.767253995E0
3.077113304E1,1.195688322E-1,2.537543774E-1,1.901339889E0
3.078109604E1,1.271309257E-1,2.675606310E-1,2.044193506E0
3.079105904E1,1.098600477E-1,2.549723983E-1,2.175506115E0
3.080102204E1,7.406464964E-2,1.838935614E-1,2.279635906E0
3.081098504E1,1.743918844E-2,1.015835181E-1,2.343177557E0
3.082094804E1,-1.389608439E-2,4.876154289E-2,2.379141569E0
3.083091104E1,-3.424450010E-2,3.594747931E-2,2.388008595E0
3.084087404E1,-4.158708453E-2,2.430622838E-2,2.390758514E0
3.085083704E1,-5.490502343E-2,1.210202742E-2,2.429651260E0
3.086080004E1,-5.640889332E-2,2.763620764E-2,2.496641159E0
3.087076304E1,-2.336359210E-2,3.105330840E-2,2.608725071E0
3.088072604E1,1.572852768E-2,7.072424889E-2,2.743826151E0
3.089068904E1,5.041699857E-2,9.834975004E-2,2.876914501E0
3.090065204E1,6.758081913E-2,1.161257103E-1,2.998438120E0
3.091061504E1,6.977419555E-2,9.223209321E-2,3.129538059E0
3.092057804E1,4.329213127E-2,5.241086334E-2,3.227635860E0
3.093054104E1,-5.925749429E-3,-2.234832942E-2,3.334563255E0
3.094050429E1,-5.627255514E-2,-9.320008755E-2,3.442914248E0
3.095046729E1,-8.826910704E-2,-1.528519690E-1,3.544643402E0
3.096042929E1,-8.632885665E-2,-1.736972630E-1,3.608717680E0
3.097039229E1,-8.530832827E-2,-1.290597469E-1,3.625921965E0
3.098035529E1,-7.765948772E-2,-1.191313714E-1,3.614615202E0
3.099031829E1,-6.396178156E-2,-1.074896306E-1,3.599164248E0
3.100028129E1,-4.300015792E-2,-7.603597641E-2,3.568711758E0
3.101024429E1,-2.119978890E-2,-4.657049850E-2,3.519803524E0
3.102020729E1,-1.825904008E-3,-3.205311671E-2,3.484000444E0
3.103017029E1,8.155090734E-3,-3.022432327E-2,3.460327625E0
3.104013329E1,5.931776948E-3,-2.850494906E-2,3.451944351E0
3.105009629E1,7.593856193E-3,-5.645721778E-2,3.461211205E0
3.106005929E1,1.976515353E-2,-7.004766911E-2,3.428498745E0
3.107002229E1,4.741489142E-2,-8.351474255E-2,3.314135075E0
3.107998529E1,8.138601482E-2,-1.389556676E-1,3.154788733E0
3.108994829E1,5.221880600E-2,-1.618234366E-1,2.915600300E0
3.109991129E1,-7.623792626E-3,-1.534018815E-1,2.607918501E0
3.110987429E1,-2.626592107E-2,-1.718349457E-1,2.274151802E0
3.111983729E1,-9.998555295E-3,-1.984771341E-1,1.937213778E0
3.112980029E1,2.387418970E-2,-1.867198050E-1,1.556886673E0
3.113976329E1,4.981815815E-2,-9.013862163E-2,1.153545499E0
3.114972629E1,1.021756381E-1,7.809139788E-2,7.490556836E-1
3.115968929E1,1.714594066E-1,1.896918267E-1,3.949778974E-1
3.116965229E1,2.346887141E-1,3.304572105E-1,9.060787410E-2
3.117961529E1,2.700094283E-1,4.775614440E-1,-2.292449214E-2
3.118957829E1,2.818301320E-1,5.379289389E-1,-4.253337160E-3
3.119954129E1,2.581227422E-1,4.739445746E-1,1.847766107E-4
3.120950429E1,1.744427830E-1,3.268222213E-1,-2.151081804E-3
3.121946729E1,5.679194257E-2,1.470557153E-1,-4.953663447E-4
3.122943029E1,-5.753729865E-2,-4.019406065E-2,-9.749014862E-5
3.123939329E1,-1.416918784E-1,-2.005293369E-1,2.085847082E-4
3.124935629E1,-1.882178336E-1,-2.919223607E-1,1.167056616E-4
3.125931929E1,-2.058793604E-1,-3.188067675E-1,6.793928333E-4
3.126928229E1,-1.943494976E-1,-3.212499321E-1,2.522566821E-3
3.127924529E1,-1.755400002E-1,-3.038105965E-1,2.265982563E-3
3.128920829E1,-1.490732431E-1,-2.671478987E-1,5.787746515E-3
3.129917129E1,-1.153753921E-1,-2.325504273E-1,3.848771332E-3
3.130913429E1,-8.170717955E-2,-1.889401078E-1,1.216129679E-2
3.131909729E1,-6.303483248E-2,-1.140334681E-1,3.807957750E-3
3.132906029E1,-4.088931903E-2,-2.971086465E-2,2.369318623E-3
3.133902329E1,-6.658794824E-3,2.120627649E-2,1.930574188E-3
3.134898629E1,-4.630531184E-3,9.405731410E-2,5.928511731E-3
3.135894929E1,-4.457345232E-3,1.283676326E-1,8.744546771E-2
3.136891229E1,3.477010410E-3,1.155407801E-1,1.740304232E-1
3.137887529E1,2.784694545E-2,5.571106821E-2,2.083173245E-1
3.138883829E1,3.877229616E-2,3.026482649E-2,1.974681467E-1
3.139880129E1,3.796314076E-2,3.003235534E-2,1.096581668E-1
3.140876429E1,2.158523165E-2,7.199445367E-2,-2.669833973E-2
3.141872729E1,8.455778472E-3,9.133001417E-2,-4.735550843E-3
3.142869029E1,-1.157663018E-1,-2.683576941E-2,-1.300306804E-2
3.143865329E1,-2.091142386E-1,-2.579474747E-1,-9.839432314E-3
3.144861629E1,-2.441979200E-1,-5.045508742E-1,-3.547713859E-3
3.145857929E1,-2.912713587E-1,-4.956528246E-1,-1.765149063E-3
3.146854229E1,-2.323092520E-1,-1.239229515E-1,-8.842499927E-3
3.147850529E1,-3.204357624E-2,1.281115711E-1,-9.452740662E-3
3.148846829E1,1.518253237E-1,1.584257931E-1,-1.756192651E-4
3.149843129E1,1.681078821E-1,1.414537430E-1,3.005793085E-3
3.150839429E1,5.922095478E-2,1.143535152E-1,-1.059721923E-3
3.151835729E1,-3.668098897E-2,-9.807602502E-3,-2.167108469E-3
3.152832029E1,-7.861672342E-2,-1.283472925E-1,-1.876291120E-3
3.153828329E1,-8.590677381E-2,-1.139438748E-1,-3.054251429E-3
3.154824629E1,-4.730638117E-2,-2.657141909E-2,-3.397532972E-3
3.155820929E1,1.758511923E-2,3.630618751E-2,-1.016067341E-3
3.156817229E1,5.362194777E-2,5.816568062E-2,7.946268655E-3
3.157813529E1,7.924840599E-2,1.746504903E-1,4.274100065E-4
3.158809829E1,1.051335335E-1,4.110332131E-1,5.343417078E-2
3.159806129E1,1.902820021E-1,4.927692711E-1,2.753414512E-1
3.160802429E1,2.107228339E-1,4.621453285E-1,5.566772819E-1
3.161798729E1,1.621566415E-1,3.841439188E-1,8.857855797E-1
3.162795029E1,1.047431454E-1,2.716280222E-1,1.133232832E0
3.163791329E1,4.562344030E-2,1.497290432E-1,1.292022586E0
3.164787629E1,-5.199392885E-2,6.207569502E-3,1.366045117E0
3.165783929E1,-1.401719004E-1,-1.180715859E-1,1.351976037E0
3.166780229E1,-1.694442928E-1,-1.917972118E-1,1.268567204E0
3.167776529E1,-1.549551338E-1,-1.793918312E-1,1.147769213E0
3.168772829E1,-1.077026576E-1,-1.030179635E-1,1.018987298E0
3.169769129E1,-4.582145065E-2,2.078892430E-3,8.976019621E-1
3.170765429E1,2.335442230E-2,7.676165551E-2,7.859899402E-1
3.171761729E1,7.996290922E-2,1.409736872E-1,6.852465868E-1
3.172758029E1,1.059604213E-1,1.799581051E-1,5.972940922E-1
3.173754329E1,1.109115332E-1,2.071648538E-1,5.244147182E-1
3.174750629E1,9.996914119E-2,1.866997927E-1,4.723677635E-1
3.175746929E1,9.357262403E-2,1.462862641E-1,4.353335798E-1
3.176743229E1,6.612502038E-2,7.356067747E-2,4.108082652E-1
3.177739529E1,5.092515796E-2,3.207692504E-2,4.152336419E-1
3.178735829E1,4.542253539E-2,3.157278895E-2,4.578852355E-1
3.179732129E1,4.548782110E-2,3.747714311E-2,5.145613551E-1
3.180728429E1,5.383150280E-2,7.028169930E-2,5.906172395E-1
3.181724829E1,5.406911299E-2,1.002732068E-1,6.773527265E-1
3.182721129E1,5.516633764E-2,1.005509794E-1,7.613975406E-1
3.183717429E1,4.582030326E-2,8.424420655E-2,8.202590346E-1
3.184713729E1,2.648814954E-2,6.435358524E-2,8.609577417E-1
3.185710029E1,2.522752993E-2,4.980638623E-2,8.961487412E-1
3.186706329E1,8.056533523E-3,4.903034121E-2,9.040053487E-1
3.187702629E1,9.816975798E-4,6.817798316E-2,8.899967074E-1
3.188698929E1,5.395088345E-3,6.239785999E-2,8.612398505E-1
3.189695229E1,2.446078882E-2,5.599297583E-2,8.132054210E-1
3.190691529E1,3.915158659E-2,5.971421301E-2,7.605316043E-1
3.191687829E1,4.132901877E-2,7.565442473E-2,7.121974230E-1
3.192684129E1,4.313917086E-2,7.762676477E-2,6.541024446E-1
3.193680429E1,4.867321998E-2,5.653426424E-2,5.993797779E-1
3.194676717E1,5.385759473E-2,4.379263520E-2,5.433871150E-1
3.195673017E1,6.234229356E-2,7.467011362E-2,4.908170402E-1
3.196669317E1,8.701168746E-2,1.162428632E-1,4.573786557E-1
3.197665617E1,1.248531342E-1,1.519971341E-1,4.395447373E-1
3.198661917E1,1.466591060E-1,1.829036474E-1,4.431735575E-1
3.199658217E1,1.423548460E-1,2.069301158E-1,4.460213184E-1
3.200654617E1,1.317445487E-1,1.333885193E-1,4.245311916E-1
3.201650917E1,1.142204180E-1,6.041148677E-2,3.588650525E-1
3.202647217E1,8.475334197E-2,2.443218045E-2,2.778599262E-1
3.203643517E1,7.604566216E-2,3.607658297E-2,2.036740929E-1
3.204639817E1,8.856757730E-2,5.662340298E-2,1.461937577E-1
3.205636117E1,9.965219349E-2,6.055712700E-2,9.185909480E-2
3.206632417E1,1.096558273E-1,8.246375620E-2,4.927195981E-2
3.207628717E1,1.210363805E-1,1.318744570E-1,1.717975736E-2
3.208625017E1,1.218406558E-1,1.357823759E-1,2.147011086E-2
3.209621317E1,9.320846945E-2,1.007756814E-1,4.962375760E-2
3.210617617E1,6.370597333E-2,2.929377928E-2,8.221445978E-2
3.211613917E1,3.538504243E-2,-2.181168273E-2,9.431651980E-2
3.212610217E1,-3.100567730E-3,-8.582075685E-2,4.887260124E-2
3.213606517E1,-2.736731619E-2,-9.987070411E-2,-1.460227184E-3
3.214602817E1,-2.185190842E-2,-1.031671613E-1,-1.013082336E-3
3.215599217E1,-1.355742291E-2,-7.210541517E-2,-3.129047342E-3
3.216595517E1,-6.852116436E-3,-3.871416673E-2,-2.409727313E-3
3.217591817E1,-9.129266255E-4,-3.710701689E-2,-2.492141444E-3
3.218588117E1,-1.136610005E-2,-2.907518670E-2,-1.026603859E-3
3.219584417E1,-4.713383503E-3,-1.810175367E-2,-2.449444728E-4
3.220580717E1,1.330662891E-2,3.231496550E-3,-4.540025839E-4
3.221577017E1,3.048104234E-2,2.433674410E-2,1.904764911E-3
3.222573317E1,3.873550892E-2,3.058505245E-2,3.571903566E-3
3.223569617E1,2.069682628E-2,8.420227095E-3,1.836743322E-3
3.224565917E1,4.668591078E-3,-1.427922584E-2,2.121435478E-3
3.225562217E1,6.045985036E-3,-3.070856631E-2,3.962173592E-3
3.226558517E1,1.348525938E-2,-2.688266896E-2,2.810089849E-3
3.227554917E1,1.139450632E-2,-1.311458275E-2,5.067373626E-3
3.228551217E1,1.474183425E-2,-1.523707760E-3,4.878289066E-3
3.229547517E1,1.462095976E-2,-6.412900984E-3,3.337722737E-3
3.230543817E1,5.382187199E-3,-8.179109544E-3,2.391767688E-3
3.231540117E1,1.123526366E-3,-3.235483775E-3,3.130528610E-3
3.232536417E1,3.581890371E-3,7.264561951E-3,2.358211670E-3
3.233532717E1,1.066127792E-2,1.742710732E-2,2.058884129E-3
3.234529017E1,1.122560166E-2,3.150004894E-2,3.297520569E-3
3.235525317E1,1.497585699E-2,3.171124682E-2,4.145208281E-3
3.236521617E1,1.009481493E-2,2.120720595E-2,4.129337519E-2
3.237518017E1,1.176084508E-3,-4.026659764E-3,9.990682453E-2
3.238514317E1,-1.835633628E-2,2.979850862E-3,8.369962126E-2
3.239510617E1,-1.687087119E-2,3.076456860E-2,9.626814723E-2
3.240506917E1,3.747057170E-3,2.952486835E-2,1.347156763E-1
3.241503217E1,-7.200913504E-3,1.275644358E-2,1.687992215E-1
3.242499517E1,-4.097485542E-2,-2.690201998E-2,1.824873388E-1
3.243495817E1,-4.466602951E-2,-7.038451731E-2,1.744565368E-1
3.244492117E1,-1.833402552E-2,-5.206143484E-2,1.322387755E-1
3.245488417E1,1.407871395E-2,-8.758591488E-3,8.468691260E-2
3.246484717E1,2.880892530E-2,8.029552409E-4,3.588954359E-2
3.247481017E1,2.027527988E-2,5.998693407E-3,4.261055961E-3
3.248477417E1,-8.315883577E-3,-2.957234904E-2,5.669849925E-4
3.249473717E1,-1.394688338E-2,-4.199193791E-2,8.738590404E-4
3.250470017E1,-5.976309069E-3,-2.251650766E-2,-6.148480461E-4
3.251466317E1,2.600207925E-3,-1.302275062E-2,-3.463745234E-4
3.252462617E1,6.089622620E-4,-1.252420712E-2,-1.079542795E-3
3.253458917E1,-7.357140072E-3,-2.168702893E-2,-6.123016938E-4
3.254455217E1,-1.178970560E-2,-1.904730313E-2,8.689485257E-4
3.255451517E1,-1.396708190E-3,-1.134790201E-2,1.484061009E-3
3.256447917E1,7.398114540E-3,-2.560269320E-3,1.469679992E-3
3.257444217E1,1.090992428E-2,7.464994676E-3,5.973147927E-4
3.258440517E1,7.397746667E-3,6.762718782E-3,3.720114473E-4
3.259436817E1,4.098815843E-3,1.163064688E-2,1.779543003E-3
3.260433117E1,7.764390670E-3,1.006976794E-2,1.617623027E-3
3.261429417E1,8.567910641E-3,1.085565239E-2,1.294231275E-3
3.262425717E1,6.197697483E-3,1.184102148E-2,1.346695470E-3
3.263422017E1,4.411539063E-3,3.902249038E-3,1.429058844E-3
3.264418317E1,3.148402087E-3,1.784769585E-3,-1.986651332E-4
3.265414717E1,5.124931224E-3,-2.584241796E-3,3.861772129E-4
3.266411017E1,1.634326298E-3,-9.542549029E-3,-1.445012284E-3
3.267407317E1,7.563023828E-4,-1.070221514E-2,-4.528741702E-4
3.268403617E1,-4.756757990E-4,-1.623386517E-2,-6.081364118E-4
3.269399917E1,-3.931854852E-3,-1.670970768E-2,-1.842296333E-3
3.270396217E1,2.366521163E-3,-7.783857174E-3,-2.122993581E-3
3.271392517E1,2.354550641E-3,-4.232092295E-3,-5.252136616E-4
3.272388817E1,1.810200512E-3,-8.461192250E-3,1.088064164E-5
3.273385217E1,-4.442401230E-3,-1.581822336E-2,6.255204789E-5
3.274381517E1,-3.065546509E-3,-1.399209443E-2,-1.082873438E-3
3.275377817E1,7.138284855E-4,-9.723633528E-3,-2.886593575E-4
3.276374117E1,2.937567886E-3,-6.929178722E-3,3.406455508E-4
3.277370417E1,-6.068712100E-4,-1.027516276E-2,-1.358899870E-3
3.278366717E1,-5.468342453E-2,-3.177299723E-2,-6.224228535E-3
3.279363017E1,-9.257744998E-2,-1.032399014E-1,-5.304202903E-3
3.280359417E1,-5.167422444E-2,-6.490395963E-2,-4.192599561E-3
3.281355717E1,4.217706621E-3,7.690818049E-3,-5.308062769E-3
3.282352017E1,1.417766232E-2,1.756901480E-2,-4.781555384E-3
3.283348317E1,-1.096758246E-2,-6.241376046E-3,-3.688833676E-3
3.284344617E1,-6.341671571E-3,-1.797792688E-2,-9.748064331E-4
3.285340917E1,2.009824477E-2,5.563723855E-3,-8.613683167E-4
3.286337217E1,3.254665807E-2,1.978260651E-2,9.000464343E-4
3.287333517E1,3.106056899E-2,1.994356140E-2,4.749047570E-3
3.288329917E1,2.314086072E-2,1.064753160E-2,2.586827381E-3
3.289326217E1,2.088708989E-2,3.569131251E-3,2.338757738E-3
3.290322517E1,6.391771138E-3,6.412055343E-3,1.394667081E-3
3.291318817E1,2.068118658E-3,2.325792098E-3,1.697298139E-4
3.292315117E1,4.746992141E-3,9.258000180E-3,4.544217372E-4
3.293311417E1,7.878566161E-3,8.274799213E-3,1.308087842E-3
3.294307858E1,6.931280252E-3,5.778884515E-3,1.093969564E-3
3.295304158E1,1.960759982E-3,4.956749035E-4,1.234545722E-3
3.296300458E1,1.544241677E-3,3.539401572E-3,4.033730365E-4
3.297296758E1,2.293130383E-3,3.402454313E-3,-5.226858775E-4
3.298293058E1,4.704089835E-3,1.442367677E-3,3.524288768E-4
3.299289358E1,4.237059504E-3,1.988596749E-3,-1.182031934E-3
3.300285658E1,3.861287609E-3,3.392615356E-3,1.010791166E-4
3.301282058E1,2.748044441E-3,6.337662693E-3,2.319199732E-3
3.302278358E1,4.320374690E-3,8.860475384E-3,9.114528075E-4
3.303274658E1,3.699104069E-3,1.525709289E-3,9.303485276E-4
3.304270958E1,-7.560981903E-4,-1.738260966E-3,1.131417113E-3
3.305267258E1,-1.704449765E-3,-5.299972370E-3,1.519065117E-4
3.306263558E1,-3.433107398E-3,-6.765243597E-3,1.452061697E-3
3.307259958E1,8.559188573E-4,-6.527749822E-3,-1.549675362E-4
3.308256258E1,-6.621438544E-3,-8.343492635E-3,7.108261343E-4
3.309252558E1,9.883547202E-3,5.409365520E-3,1.607536105E-4
3.310248858E1,2.992086112E-3,3.073240630E-3,-1.554773189E-5
3.311245158E1,-1.167009585E-3,-5.228482652E-3,1.965590753E-3
3.312241458E1,2.160077449E-3,1.689344645E-3,5.415985361E-4
3.313237758E1,2.835188759E-3,-1.675293082E-3,-7.505672402E-4
3.314234158E1,-1.775009325E-3,-4.445513245E-3,-1.813701121E-3
3.315230458E1,-2.980562625E-3,-9.342443198E-3,-7.368551451E-4
3.316226758E1,-3.555006580E-3,-1.215181313E-2,-1.972295577E-3
3.317223058E1,-2.845860552E-3,-9.295455180E-3,-9.964549681E-4
3.318219358E1,1.481509767E-3,-8.577466942E-3,-2.455867361E-3
3.319215758E1,-3.164325142E-3,-1.335603558E-2,2.541850554E-4
3.320212058E1,-2.648204332E-3,-8.018260822E-3,-9.218668565E-4
3.321208358E1,5.715441424E-3,8.952191565E-4,-3.505737055E-3
3.322204658E1,9.147724137E-3,3.527221270E-3,-1.634600107E-3
3.323200958E1,5.746372975E-3,4.006566945E-3,-1.549054403E-3
3.324197258E1,8.048779564E-4,-4.034847952E-3,-1.402580529E-3
3.325193558E1,1.868799329E-3,-5.008857697E-3,8.080770494E-4
3.326189958E1,7.026011124E-3,8.543579606E-4,-1.002606121E-3
3.327186258E1,4.098682664E-3,4.410105757E-4,3.434981918E-4
3.328182558E1,-3.317522351E-4,-4.009397700E-3,1.367217395E-3
3.329178858E1,1.040042029E-3,-3.072764259E-3,9.919779841E-4
3.330175158E1,6.283806171E-3,2.751036547E-3,-2.602403983E-4
3.331171558E1,4.726924002E-3,1.313966000E-3,1.538422657E-4
3.332167858E1,8.501602570E-4,-2.760670613E-3,5.053795176E-4
3.333164158E1,3.905588994E-3,-1.225362765E-3,-2.950821654E-4
3.334160458E1,8.206593804E-3,2.301727654E-3,-9.049460641E-4
3.335156758E1,7.284626830E-3,1.806593034E-3,-6.081661559E-4
3.336153058E1,1.725011738E-3,-1.167625422E-3,-9.336044313E-4
3.337149458E1,-2.158798743E-4,-4.426967818E-3,-7.781281602E-4
3.338145758E1,3.445730545E-5,-2.987262793E-3,-2.607187256E-3
3.339142058E1,-1.285162289E-3,-3.080249764E-3,3.834067611E-4
3.340138358E1,-1.816995442E-3,-1.870641951E-3,5.160321016E-4
3.341134658E1,1.592920511E-3,5.346381804E-4,-3.378943074E-4
3.342131058E1,5.660898983E-3,6.842334755E-3,2.607842907E-4
3.343127358E1,6.014029495E-3,9.326085448E-3,1.160253305E-4
3.344123658E1,2.305577742E-3,2.563521033E-3,-5.646786303E-4
3.345119958E1,2.213449683E-3,1.471012598E-3,7.853424177E-4
3.346116258E1,5.306711420E-3,6.813852815E-4,-1.266090665E-3
3.347112658E1,5.375709385E-3,1.084169606E-3,-1.635608263E-3
3.348108958E1,1.281898236E-3,-9.108043741E-4,-1.374884858E-3
3.349105258E1,2.166370396E-4,6.919546286E-4,-3.498409642E-4
3.350101558E1,5.449482240E-3,6.119210739E-3,-5.783401430E-4
3.351097858E1,1.170444675E-2,1.491260529E-2,1.254947623E-3
3.352094258E1,-3.145447746E-2,-2.939919941E-2,2.783335745E-3
3.353090558E1,-2.091930658E-1,-2.121269554E-1,1.302787801E-3
3.354086858E1,-1.704113185E-1,-2.247455418E-1,3.218133235E-3
3.355083158E1,-1.369093079E-2,-2.664339915E-2,-1.283265417E-3
3.356079458E1,1.170335263E-1,1.153267920E-1,-3.895293921E-3
3.357075858E1,1.613711715E-1,1.659572124E-1,-5.209031049E-3
3.358072158E1,1.152449474E-1,1.362845302E-1,-2.020694781E-3
3.359068458E1,4.613655619E-4,1.074896939E-2,-1.689140336E-4
3.360064758E1,-7.614020258E-2,-6.387732923E-2,2.822254319E-4
3.361061058E1,-4.458599538E-2,-3.890973702E-2,-1.265272847E-3
3.362057358E1,1.163466834E-2,2.184921503E-2,-8.351722499E-4
3.363053758E1,2.281168848E-2,3.342017531E-2,-1.603948884E-3
3.364050058E1,-8.422132581E-3,-1.673896099E-3,-5.075254594E-4
3.365046358E1,-3.657919168E-2,-3.092544340E-2,1.651141094E-3
3.366042658E1,-2.325033769E-2,-2.133939601E-2,1.374172512E-3
3.367039058E1,6.111539435E-3,9.818890132E-3,1.878283336E-3
3.368035358E1,1.608001813E-2,2.528839372E-2,1.273745787E-3
3.369031658E1,8.343009278E-3,2.051042952E-2,2.301698551E-3
3.370027958E1,-2.949593123E-3,9.184005670E-3,-3.886268241E-4
3.371024258E1,-1.731995260E-3,1.112830825E-2,5.975487875E-4
3.372020658E1,7.099845912E-3,1.965228841E-2,-1.122587011E-3
3.373016958E1,7.816766389E-3,1.830141060E-2,-2.011471661E-4
3.374013258E1,5.667595658E-3,1.666356623E-2,6.596790627E-5
3.375009558E1,4.049726762E-3,1.490127947E-2,4.947436973E-4
3.376005858E1,4.086478613E-3,1.232413854E-2,7.453471189E-4
3.377002258E1,3.983142786E-3,1.702742651E-2,1.583696343E-3
3.377998558E1,3.630540334E-3,1.402071677E-2,-1.718593412E-4
3.378994858E1,-2.056369325E-3,8.751929738E-3,-1.562889665E-4
3.379991158E1,-3.321903525E-3,4.697266966E-3,-1.360836672E-3
3.380987458E1,-3.298201133E-3,9.865690954E-3,-8.289643447E-4
3.381983858E1,2.186046448E-3,9.680335410E-3,-1.510232687E-5
3.382980158E1,1.573250862E-3,9.062048979E-3,8.552507497E-4
3.383976458E1,1.285895705E-3,5.388485268E-3,4.298659042E-5
3.384972758E1,-2.322153188E-3,-1.318043098E-3,8.753805887E-4
3.385969158E1,-2.918168437E-3,-3.603301477E-3,-1.709217206E-3
3.386965458E1,-1.249431632E-3,-4.440038931E-3,6.981345359E-5
3.387961758E1,-9.988283273E-4,-8.154765237E-4,-1.577884424E-3
3.388958058E1,-2.135210671E-3,7.995839231E-3,-1.749107614E-3
3.389954358E1,-1.216153614E-3,1.381937414E-2,-2.949127927E-3
3.390950758E1,-4.654091317E-4,1.131357811E-2,-1.117711188E-3
3.391947058E1,-1.742661232E-3,8.030433208E-3,-4.021089524E-3
3.392943358E1,-2.637742553E-3,-3.693592269E-3,-1.733576180E-3
3.393939658E1,-2.519684657E-2,4.802232981E-2,-4.877493484E-4
3.394935992E1,3.388431668E-2,-2.159568295E-2,-1.544121001E-2
3.395932292E1,-9.161022305E-2,-1.036063954E-1,7.022286765E-3
3.396928592E1,5.924159661E-2,9.312135726E-2,-5.742822774E-3
3.397924892E1,4.155441653E-3,-1.445383672E-2,-1.472832914E-2
3.398921292E1,-6.702313572E-2,-1.105967835E-1,3.563625505E-3
3.399917592E1,-8.723611012E-3,1.255790889E-2,-8.736450225E-3
3.400913892E1,3.230557963E-2,1.524684858E-2,3.388311015E-3
3.401910192E1,3.224485740E-2,4.805965722E-2,-4.756967071E-3
3.402906492E1,-1.114814542E-2,-1.126994565E-2,5.317016039E-4
3.403902892E1,-1.887370832E-2,-1.584099419E-2,1.226786640E-3
3.404899192E1,3.207283095E-2,5.658127367E-2,6.030743243E-4
3.405895492E1,2.632919140E-2,4.581680149E-2,-2.632893622E-3
3.406891792E1,-9.266624227E-3,3.349633887E-3,-1.635396038E-4
3.407888192E1,-2.641365491E-2,-8.605295792E-3,-2.735354239E-3
3.408884492E1,-5.225826055E-3,-1.144726947E-2,-4.761768039E-3
3.409880792E1,2.665434219E-2,7.736143470E-2,3.621863201E-3
3.410877092E1,-1.189625077E-2,-3.215281060E-3,-6.535056513E-3
3.411873492E1,-3.854703531E-2,-3.034719033E-3,2.680279315E-3
3.412869792E1,-5.820901133E-4,8.274601400E-2,-5.032547750E-3
3.413866092E1,4.846231081E-3,4.721012712E-2,-3.200841602E-4
3.414862392E1,-1.964312419E-2,6.530673802E-2,-1.035973546E-3
3.415858792E1,-3.094264865E-2,5.998973548E-2,-1.601628959E-3
3.416855092E1,-2.201518975E-2,1.283460855E-1,-3.610444255E-3
3.417851392E1,-4.925153684E-3,1.632087231E-1,-6.426204462E-3
3.418847692E1,3.028906649E-4,1.303092241E-1,-4.759260919E-3
3.419843992E1,-1.356046088E-2,1.544699669E-1,-6.591515616E-3
3.420840392E1,-2.286905050E-2,1.941762418E-1,2.227402758E-3
3.421836692E1,-8.961223997E-3,2.711927295E-1,-1.709814416E-3
3.422832992E1,1.588688418E-2,2.868802845E-1,-2.746536629E-3
3.423829292E1,-1.263275146E-1,1.553699374E-1,-7.697069645E-2
3.424825692E1,-2.650934160E-1,6.297603250E-4,-5.815285817E-2
3.425821992E1,-1.740252972E-1,1.350600123E-1,-1.353973001E-1
3.426818292E1,-5.713273212E-2,3.966435492E-1,-2.856309712E-1
3.427814592E1,-6.480477005E-2,6.005194187E-1,-4.470955133E-1
3.428810992E1,-1.637555957E-1,6.567216516E-1,-5.586370826E-1
3.429807292E1,-2.308677882E-1,5.883239508E-1,-6.115567684E-1
3.430803592E1,-2.052295059E-1,4.598087966E-1,-6.015540957E-1
3.431799892E1,-7.621986419E-2,2.468605787E-1,-5.248215199E-1
3.432796292E1,8.872456104E-2,-1.912338287E-2,-3.580711782E-1
3.433792592E1,1.996287107E-1,-1.945252866E-1,-2.302732617E-1
3.434788892E1,2.561987936E-1,-3.436609507E-1,-1.092699841E-1
3.435785192E1,3.024469912E-1,-5.206639767E-1,2.831184305E-2
3.436781592E1,3.216720521E-1,-5.854689479E-1,1.237424016E-1
3.437777892E1,3.897927701E-1,-6.766175032E-1,2.234434187E-1
3.438774192E1,4.820814431E-1,-6.598113179E-1,3.205064833E-1
3.439770492E1,1.937567145E-1,1.676679552E-1,3.102613091E-1
3.440766892E1,7.134290040E-2,1.080279052E-1,2.713538706E-1
3.441763192E1,3.364452347E-2,-9.820595384E-2,2.943731844E-1
3.442759492E1,-4.234689102E-2,-1.133630946E-1,3.540877402E-1
3.443755792E1,-4.076044634E-2,-6.927978992E-2,4.262175858E-1
3.444752192E1,1.192640979E-2,4.466556944E-3,4.524717629E-1
3.445748492E1,3.733136877E-2,6.708938163E-3,4.366723001E-1
3.446744792E1,4.281244427E-2,-9.742071480E-2,4.643234313E-1
3.447741192E1,5.806676671E-2,-2.253584415E-1,4.883520603E-1
3.448737492E1,2.942232788E-2,-2.273987681E-1,4.817171991E-1
3.449733792E1,2.469388582E-2,-2.439151555E-1,4.405016005E-1
3.450730092E1,9.450205602E-3,-2.090680599E-1,3.464420736E-1
3.451726492E1,-1.384526398E-2,-1.280989051E-1,2.446317971E-1
3.452722792E1,-6.746614724E-2,-9.800279886E-2,7.229038328E-2
3.453719092E1,-7.615098357E-2,-7.715903968E-2,-8.729098365E-3
3.454715392E1,-2.631925046E-2,-8.386413008E-2,-5.468136631E-3
3.455711792E1,-4.194239620E-3,-6.036572903E-2,-9.210410528E-3
3.456708092E1,-1.776867919E-2,-4.608966038E-2,-4.470898956E-2
3.457704392E1,-2.897286415E-2,-5.236806348E-2,-1.141615734E-1
3.458700692E1,-1.513209380E-2,-4.205077514E-2,-1.427158117E-1
3.459697092E1,1.217808947E-2,-3.899659030E-3,-1.106915623E-1
3.460693392E1,5.967413262E-2,4.888498411E-2,-1.268765144E-2
3.461689692E1,8.350490034E-2,8.759190142E-2,3.409292782E-3
3.462686092E1,8.716762066E-2,9.640356898E-2,7.957676426E-4
3.463682392E1,3.769540787E-2,7.392382622E-2,-6.098488229E-4
3.464678692E1,-4.410180822E-2,1.543227118E-3,-8.141753264E-3
3.465674992E1,-9.387442470E-2,-1.882783622E-1,-6.472217850E-3
3.466671392E1,-1.398919374E-1,-4.050571918E-1,2.405977808E-3
3.467667692E1,-3.283556104E-1,-3.161198497E-1,-1.346416189E-3
3.468663992E1,-4.298524261E-1,-4.340382814E-1,-1.471542194E-2
3.469660292E1,-4.652391672E-1,-7.222309709E-1,-2.259551082E-3
3.470656692E1,-5.047532916E-1,-8.924710155E-1,2.009207010E-2
3.471652992E1,-5.888113976E-1,-8.705577254E-1,1.905317046E-2
3.472649292E1,-6.292662024E-1,-5.129629374E-1,-6.953458302E-3
3.473645692E1,-4.928489923E-1,-1.396297812E-1,-1.468355022E-2
3.474641992E1,-2.132066786E-1,4.285439849E-2,-2.604320645E-3
3.475638292E1,9.834667295E-2,2.731751464E-2,-1.585927908E-3
3.476634592E1,3.506063521E-1,4.214669019E-2,8.659361862E-3
3.477630992E1,4.438555837E-1,2.335744351E-1,8.153893985E-3
3.478627292E1,3.984619677E-1,4.338865578E-1,8.988641202E-4
3.479623592E1,3.057980835E-1,3.960907161E-1,-4.351291806E-3
3.480619992E1,2.109289318E-1,2.810970843E-1,-4.383109044E-3
3.481616292E1,9.893421084E-2,1.298327446E-1,-1.632063650E-3
3.482612592E1,-1.241020486E-2,-3.237969056E-2,-9.543495253E-5
3.483608892E1,-1.167334169E-1,-1.748348325E-1,1.715780934E-3
3.484605292E1,-2.025282383E-1,-2.820900083E-1,2.429085085E-3
3.485601592E1,-2.605337203E-1,-3.455414176E-1,4.764943384E-3
3.486597892E1,-2.845086455E-1,-2.852054238E-1,-1.919528004E-3
3.487594292E1,-2.367890477E-1,-1.588166058E-1,-7.467425428E-3
3.488590592E1,-1.102723107E-1,-6.889130920E-2,-4.919939209E-3
3.489586892E1,3.095032647E-2,7.594676688E-3,1.383293420E-5
3.490583192E1,1.350010633E-1,1.041644737E-1,1.837330637E-3
3.491579592E1,1.879814565E-1,1.537221670E-1,3.211549483E-6
3.492575892E1,1.831530929E-1,1.524040103E-1,1.820428297E-4
3.493572192E1,1.276767850E-1,1.134851053E-1,5.916369846E-4
3.494568608E1,4.545167834E-2,5.446255580E-2,-1.038444694E-3
3.495564908E1,-3.294485807E-2,-1.492477302E-2,-1.889324747E-3
3.496561208E1,-8.210252970E-2,-9.022736549E-2,-2.176897833E-4
3.497557508E1,-1.065990850E-1,-1.210185662E-1,-7.841441547E-4
3.498553908E1,-1.013729274E-1,-9.901972115E-2,-3.879583441E-3
3.499550208E1,-7.059397548E-2,-5.144528672E-2,-2.997011645E-3
3.500546508E1,-1.447879430E-2,-7.420402952E-3,-1.675974228E-3
3.501542908E1,3.636760637E-2,2.206744626E-2,-6.469287910E-4
3.502539208E1,6.664582342E-2,4.542650655E-2,9.893405950E-4
3.503535508E1,6.473340839E-2,5.556649342E-2,-3.137440654E-4
3.504531908E1,4.346789047E-2,4.314066097E-2,-4.807788064E-4
3.505528208E1,1.346045546E-2,1.274360530E-2,3.237621859E-4
3.506524508E1,-1.910996810E-2,-2.163014561E-2,-5.323970690E-4
3.507520808E1,-4.031911865E-2,-4.051222280E-2,-3.353231587E-4
3.508517208E1,-4.539010674E-2,-4.024439678E-2,-2.351085655E-3
3.509513508E1,-3.416541591E-2,-2.807348222E-2,-1.622334821E-4
3.510509808E1,-8.579663932E-3,-9.318904951E-3,1.551197376E-3
3.511506208E1,1.462685503E-2,5.172419362E-3,-3.199396888E-4
3.512502508E1,2.733707801E-2,1.924093440E-2,8.690520190E-4
3.513498808E1,2.749500424E-2,2.828343213E-2,1.926906407E-6
3.514495208E1,1.993398741E-2,2.099871077E-2,1.063987613E-3
3.515491508E1,6.238415837E-3,2.009308198E-3,8.367793635E-5
3.516487808E1,-9.259609506E-3,-1.382623892E-2,-7.982905954E-4
3.517484108E1,-1.890451461E-2,-2.102103457E-2,1.206537127E-3
3.518480508E1,-1.918378659E-2,-2.036462165E-2,2.093950752E-4
3.519476808E1,-1.672995090E-2,-1.304732077E-2,1.316737384E-3
3.520473108E1,-4.790312611E-3,-1.595238224E-3,1.709432108E-4
3.521469508E1,7.885002531E-3,4.508194514E-3,1.071890583E-3
3.522465808E1,1.554589253E-2,1.115697529E-2,-1.046467805E-4
3.523462108E1,1.441431511E-2,1.542762015E-2,5.363761447E-4
3.524458508E1,8.074293844E-3,9.597755969E-3,6.663925014E-4
3.525454808E1,2.167668892E-3,4.878801992E-4,-8.303040522E-4
3.526451108E1,-5.961902440E-3,-9.052919224E-3,-3.246089909E-4
3.527447508E1,-1.332154777E-2,-1.375366468E-2,2.205400961E-4
3.528443808E1,-1.318703033E-2,-1.472586021E-2,6.021008594E-4
3.529440108E1,-6.161345169E-3,-1.164538227E-2,1.293898094E-4
3.530436508E1,-1.954405569E-3,-5.948062055E-3,6.291392492E-4
3.531432808E1,2.914119046E-3,4.661172163E-3,1.692113001E-4
3.532429108E1,6.986718159E-3,4.012313671E-3,6.204848178E-4
3.533425408E1,5.319579504E-3,6.977743469E-3,2.584033413E-3
3.534421808E1,3.621493932E-3,7.700278424E-3,3.338647541E-3
3.535418108E1,7.471439894E-4,2.728688996E-3,2.474984387E-3
3.536414408E1,-2.288349206E-3,2.631917130E-3,6.518937880E-4
3.537410808E1,-1.733080018E-3,-6.283246912E-4,8.449730230E-4
3.538407108E1,-6.474789698E-4,-4.187193234E-3,-7.524236571E-5
3.539403408E1,3.243085230E-4,-3.626065329E-3,-9.820486885E-4
3.540399808E1,8.089072071E-4,-5.814031698E-3,4.974304466E-4
3.541396108E1,-1.611639746E-3,-4.175122362E-3,-4.565138370E-4
3.542392408E1,-4.056638572E-3,-4.669982009E-3,-2.050248440E-4
3.543388808E1,-5.864125676E-3,-4.332825541E-3,-9.632268338E-4
3.544385108E1,-4.362396896E-3,-3.365422832E-3,7.414468564E-5
3.545381408E1,-5.258284044E-3,-7.611173205E-4,5.774821620E-4
3.546377808E1,6.101356121E-4,2.769985236E-3,2.671568654E-5
3.547374108E1,3.137208987E-3,5.130345002E-3,3.755898215E-4
3.548370408E1,7.251786999E-3,5.685056560E-3,-1.084926887E-3
3.549366808E1,5.491970107E-3,5.963623524E-3,-1.515826443E-3
3.550363108E1,3.530113958E-3,3.784217872E-3,-1.491496689E-3
3.551359408E1,1.191592077E-3,-2.554638078E-3,-3.154374659E-3
3.552355808E1,-2.877362305E-3,-5.976175889E-3,-2.772016916E-3
3.553352108E1,-4.799098708E-3,-8.345057257E-3,-2.898517065E-3
3.554348408E1,-8.702994324E-3,-3.030864755E-3,-3.633353394E-3
3.555344808E1,-3.211823059E-3,-9.485301562E-3,-3.224824322E-3
3.556341108E1,-2.650348470E-3,-1.401422359E-2,-1.408304786E-3
3.557337408E1,-6.180901080E-3,1.410769206E-2,-3.631777829E-3
3.558333808E1,5.608312786E-3,4.763723351E-3,-4.206920043E-3
3.559330108E1,1.183398440E-2,-1.235845964E-3,-1.577580813E-3
3.560326408E1,5.806939676E-3,9.757513180E-3,-2.545914613E-3
3.561322808E1,2.744837198E-3,3.337431001E-3,-1.450289972E-3
3.562319108E1,-9.695605841E-4,-8.602365851E-3,-2.528049052E-3
3.563315408E1,-7.222662680E-3,-9.773889557E-3,-2.083301079E-3
3.564311808E1,-1.160208695E-2,-7.072647102E-3,-3.272337839E-3
3.565308108E1,-8.240644820E-3,-9.282005951E-3,-1.130357501E-3
3.566304408E1,-4.857222550E-3,-6.045126356E-3,5.618683062E-4
3.567300808E1,1.544217579E-3,2.738511423E-3,3.269774606E-4
3.568297108E1,9.087914601E-3,5.740256514E-3,-2.534346422E-4
3.569293408E1,1.025331393E-2,8.505948819E-3,4.453788279E-4
3.570289808E1,8.142752573E-3,1.552015916E-2,1.854149159E-4
3.571286108E1,2.383399988E-3,1.253555343E-2,1.196349040E-4
3.572282408E1,-9.508382063E-4,-4.783370532E-3,-1.320100739E-3
3.573278808E1,-6.764519028E-3,-1.316780038E-2,-1.521702041E-3
3.574275108E1,-8.432222530E-3,-1.210132521E-2,-1.963183982E-3
3.575271408E1,-6.547770463E-3,-1.620472409E-2,-2.488625702E-3
3.576267808E1,-2.763718367E-3,-1.069769263E-2,-9.154264117E-4
3.577264108E1,1.150329364E-3,-1.310316613E-3,6.907259813E-4
3.578260408E1,4.753094167E-3,3.199624829E-3,1.942647155E-3
3.579256808E1,9.639995173E-3,6.611133926E-3,9.716586210E-4
3.580253108E1,1.163462736E-2,8.425015956E-3,-9.313354967E-4
3.581249408E1,7.963459939E-3,1.315973233E-3,5.137093831E-5
3.582245808E1,-1.309695188E-3,1.716683037E-3,-1.670519705E-3
3.583242108E1,-3.751403838E-2,-1.540390849E-1,-4.886088427E-4
3.584238408E1,-6.106317416E-2,-6.759801507E-2,-1.815981464E-3
3.585234808E1,-2.160578221E-2,3.235414252E-2,-5.651466083E-3
3.586231108E1,6.558095664E-2,4.029801860E-2,-4.452261142E-3
3.587227408E1,1.314497143E-1,5.897716433E-2,-4.625797737E-4
3.588223808E1,1.433929801E-1,1.085020080E-1,-3.613712033E-4
3.589220108E1,1.208192259E-1,1.439313740E-1,-4.427485634E-3
3.590216508E1,1.076626331E-1,1.318566948E-1,-1.235162839E-3
3.591212808E1,9.243041277E-2,9.248319268E-2,1.705766073E-3
3.592209108E1,4.921608418E-2,4.355794564E-2,1.882181969E-4
3.593205508E1,-1.192183793E-2,-1.900682691E-4,6.156555610E-4
3.594201879E1,-6.205314025E-2,-6.248738989E-2,1.799932681E-3
3.595198179E1,-9.631763399E-2,-1.161365062E-1,2.138154116E-3
3.596194579E1,-1.273569018E-1,-1.386065036E-1,2.683740109E-3
3.597190879E1,-1.470499039E-1,-1.138556227E-1,3.904921468E-4
3.598187179E1,-1.309259385E-1,-8.949796855E-2,-3.766340436E-3
3.599183579E1,-8.714836836E-2,-6.508184224E-2,-1.842739061E-3
3.600179879E1,-2.833200619E-2,-2.707186900E-2,-1.581115997E-3
3.601176179E1,2.537543140E-2,2.697725035E-2,-2.905772300E-3
3.602172579E1,6.255204231E-2,6.119497493E-2,-1.930264989E-3
3.603168879E1,7.048293948E-2,6.446054578E-2,-1.725467970E-3
3.604165179E1,5.189381540E-2,4.924433306E-2,-1.682551694E-3
3.605161579E1,1.663622446E-2,1.599662751E-2,-1.255647046E-3
3.606157879E1,-1.764756814E-2,-1.982299984E-2,-2.101030201E-3
3.607154179E1,-4.307622463E-2,-4.091816396E-2,-3.931450192E-4
3.608150579E1,-5.088434741E-2,-4.198715836E-2,-2.051761840E-3
3.609146879E1,-3.813499585E-2,-2.847481146E-2,4.926223774E-4
3.610143279E1,-1.109575294E-2,-7.147434633E-3,1.861535711E-4
3.611139579E1,1.310918480E-2,1.429447345E-2,1.042892458E-3
3.612135879E1,2.891338989E-2,2.902345732E-2,1.091623912E-3
3.613132279E1,3.287510574E-2,3.163708374E-2,1.065791119E-3
3.614128579E1,2.363569103E-2,2.284083888E-2,-2.522342373E-3
3.615124879E1,6.418887060E-3,3.664215794E-3,2.073978540E-4
3.616121279E1,-1.130825747E-2,-1.327372342E-2,7.534854813E-4
3.617117579E1,-2.372631058E-2,-2.324859239E-2,-1.560535282E-3
3.618113879E1,-2.545987442E-2,-2.615602687E-2,6.770831533E-5
3.619110279E1,-2.078229748E-2,-1.685360633E-2,-7.685242454E-4
3.620106579E1,-8.452549577E-3,-3.305511782E-3,3.186815418E-3
3.621102979E1,5.423318595E-3,8.030765690E-3,2.096517477E-3
3.622099279E1,1.704550907E-2,1.511151809E-2,2.212085761E-3
3.623095579E1,1.877496578E-2,1.872143336E-2,1.383576193E-3
3.624091979E1,1.562665589E-2,1.524437685E-2,1.420183806E-3
3.625088279E1,6.541813724E-3,5.813591182E-3,7.139133522E-4
3.626084579E1,-4.133332986E-3,-4.152091220E-3,3.654067405E-5
3.627080979E1,-9.414114058E-3,-1.227073744E-2,-2.233838313E-4
3.628077279E1,-1.489120349E-2,-1.445196103E-2,1.034269924E-3
3.629073579E1,-1.091936510E-2,-1.033418067E-2,-2.669505193E-4
3.630069979E1,-5.668548401E-3,-5.453269463E-3,1.154780155E-3
3.631066279E1,1.495887525E-3,1.400375273E-3,1.977963140E-3
3.632062679E1,3.027312225E-3,1.072839927E-2,1.015204238E-3
3.633058979E1,-1.089274511E-1,3.266221844E-3,2.077745646E-2
3.634055279E1,-1.885029227E-1,-2.066423893E-1,-1.887544431E-2
3.635051679E1,-1.374442726E-1,-1.530878246E-1,4.306841176E-3
3.636047979E1,-5.251748860E-2,-2.076362073E-2,-7.836047560E-3
3.637044279E1,8.322596550E-2,5.205386132E-2,5.270774709E-4
3.638040679E1,1.849533617E-1,1.298362017E-1,1.518454403E-3
3.639036979E1,2.008572221E-1,1.726507694E-1,1.594887115E-3
3.640033379E1,1.527483910E-1,1.551048458E-1,-1.704258611E-3
3.641029679E1,7.401257008E-2,8.297339827E-2,1.856121584E-3
3.642025979E1,-1.014869288E-2,-1.345075388E-2,-1.204086351E-3
3.643022379E1,-8.367989957E-2,-9.343879670E-2,4.449429689E-4
3.644018679E1,-1.237679571E-1,-1.158448681E-1,-1.789265079E-4
3.645014979E1,-1.155137643E-1,-9.561043233E-2,-5.648185033E-4
3.646011379E1,-7.098001987E-2,-5.390901864E-2,2.096069511E-4
3.647007679E1,-6.726194173E-3,-2.089762827E-3,-2.809473663E-4
3.648004079E1,5.308181047E-2,4.511045292E-2,1.670699799E-3
3.649000379E1,8.511430770E-2,7.198095322E-2,4.230088089E-4
3.649996679E1,8.261384070E-2,7.458542287E-2,-1.848819084E-4
3.650993079E1,5.272358283E-2,4.974345863E-2,-6.426792825E-4
3.651989379E1,1.095752791E-2,6.513792090E-3,-3.743415582E-4
3.652985679E1,-2.957844734E-2,-3.430873901E-2,1.120490720E-3
3.653982079E1,-5.586580560E-2,-5.398229510E-2,-1.796103315E-3
3.654978379E1,-5.882803723E-2,-5.542013794E-2,-1.882389770E-3
3.655974779E1,-4.104758427E-2,-3.548256308E-2,-1.790719805E-3
3.656971079E1,-1.212885045E-2,-6.683409214E-3,-1.366304932E-4
3.657967379E1,1.884147339E-2,1.789779775E-2,1.633860520E-3
3.658963779E1,3.732886910E-2,3.528584167E-2,1.217874815E-3
3.659960079E1,3.913502395E-2,3.733088449E-2,-7.770992815E-4
3.660956379E1,2.790575661E-2,2.735694125E-2,1.569016604E-4
3.661952779E1,9.080264717E-3,7.919941097E-3,2.461749827E-4
3.662949079E1,-1.161169820E-2,-1.269132737E-2,9.384215809E-5
3.663945479E1,-2.408278175E-2,-2.339573018E-2,-1.472253934E-3
3.664941779E1,-2.513739280E-2,-2.355711721E-2,7.054128218E-4
3.665938079E1,-1.812995225E-2,-1.540028118E-2,-1.154176076E-3
3.666934479E1,-2.177883405E-3,-1.748917392E-3,-6.801333511E-4
3.667930779E1,9.102459997E-3,9.371887892E-3,-9.454367682E-5
3.668927079E1,1.776945032E-2,1.476239227E-2,-1.334777684E-3
3.669923479E1,1.582901552E-2,1.377978828E-2,-1.062078984E-3
3.670919779E1,7.638196461E-3,9.129109792E-3,1.226641703E-3
3.671916179E1,-2.540674759E-3,-4.115824122E-4,-2.461990342E-3
3.672912479E1,-1.136053167E-2,-9.819464758E-3,-3.141509369E-4
3.673908779E1,-1.343434025E-2,-1.097192056E-2,-7.603820413E-4
3.674905179E1,-1.144975331E-2,-1.013062801E-2,-2.975246171E-4
3.675901479E1,-6.610997953E-3,-3.829691792E-3,-7.497206097E-4
3.676897879E1,1.719370019E-3,6.091990508E-5,7.770695956E-4
3.677894179E1,3.573946189E-3,5.263265222E-3,2.748279367E-4
3.678890479E1,6.000618450E-3,8.033751510E-3,1.033562468E-3
3.679886879E1,5.148778670E-3,7.393831853E-3,1.158155501E-4
3.680883179E1,1.757775433E-3,9.700210067E-4,4.351285752E-4
3.681879479E1,-7.078242488E-4,-7.035704330E-4,6.786846789E-4
3.682875879E1,-2.685221378E-3,-3.445294686E-3,1.556728850E-3
3.683872179E1,-2.378568985E-3,-2.136826748E-3,1.234770636E-3
3.684868579E1,-3.524261061E-3,-2.836439060E-3,1.330910833E-3
3.685864879E1,-2.407959430E-3,7.577751530E-4,-1.368694939E-6
3.686861179E1,-1.170388656E-3,-9.980469476E-4,6.079626037E-4
3.687857579E1,-2.655745018E-3,1.597353956E-3,3.269079607E-4
3.688853879E1,-1.333219232E-3,2.585120499E-3,1.312011271E-3
3.689850279E1,-3.749230411E-3,2.644651104E-4,6.340098334E-4
3.690846579E1,-1.891941996E-3,-1.264868770E-4,-7.518997882E-5
3.691842879E1,5.683436757E-4,3.506486537E-4,5.067194579E-4
3.692839279E1,-7.765525952E-4,2.778652590E-3,-1.380319009E-4
3.693835579E1,3.226817818E-3,9.720547823E-4,-1.301515033E-3
3.694831804E1,1.672064420E-3,2.000301378E-3,-2.093526418E-4
3.695828204E1,3.903953824E-3,2.105219522E-3,9.057985153E-5
3.696824504E1,2.131619956E-3,-1.797909383E-3,-2.530236961E-3
3.697820904E1,-1.588229788E-3,-2.890199888E-3,3.573984141E-4
3.698817204E1,-2.069729147E-3,-4.821524490E-3,3.941694740E-5
3.699813504E1,-9.063670412E-3,3.583256528E-2,1.384974085E-2
3.700809904E1,-6.008637324E-2,1.048518494E-1,2.768220007E-2
3.701806204E1,2.837576903E-2,-1.492868960E-1,1.079974547E-1
3.702802604E1,-3.452489898E-2,-1.313797981E-1,2.243512273E-1
3.703798904E1,-1.248687357E-1,-3.240162507E-2,3.633650243E-1
3.704795204E1,-1.451527029E-1,1.330930591E-1,5.760841966E-1
3.705791604E1,-3.790735453E-2,-7.208871096E-2,8.178996444E-1
3.706787904E1,5.249284953E-2,-7.167272270E-2,1.075845718E0
3.707784304E1,1.108869314E-1,5.282077938E-2,1.377049565E0
3.708780604E1,1.280336976E-1,1.542105228E-1,1.713227034E0
3.709776904E1,1.273559183E-1,5.428391695E-2,2.053625107E0
3.710773304E1,9.790082276E-2,-7.236883044E-2,2.349002361E0
3.711769604E1,1.955434866E-2,1.539588626E-2,2.581680775E0
3.712766004E1,-1.320972387E-2,-1.131064296E-1,2.754392862E0
3.713762304E1,-5.817499384E-2,-1.798142940E-1,2.836886168E0
3.714758604E1,-1.022050306E-1,-1.625325084E-1,2.813624859E0
3.715755004E1,5.751075149E-1,-1.201101422E0,2.962731838E0
3.716751304E1,1.707244992E0,-1.546684653E-1,3.449978352E0
3.717747704E1,1.324283838E0,1.689174652E0,3.491242886E0
3.718744004E1,8.487604856E-1,1.025861621E0,3.407076836E0
3.719740304E1,1.515951939E-2,-4.086224139E-1,3.054911375E0
3.720736704E1,-9.791337848E-1,-1.143929005E0,2.716791630E0
3.721733004E1,-1.377327085E0,-1.198635101E0,2.606419802E0
3.722729404E1,-1.168519020E0,-6.455247998E-1,2.355579615E0
3.723725704E1,-8.091701865E-1,-7.905104756E-1,2.158769131E0
3.724722004E1,-7.211892009E-1,-1.366512537E0,2.122404814E0
3.725718404E1,-6.541165113E-1,-1.425664067E0,2.085269690E0
3.726714704E1,-2.885510325E-1,-1.356117964E0,2.011633873E0
3.727711004E1,5.363334715E-2,-1.697224021E0,1.814387321E0
3.728707404E1,-2.513014711E-3,-2.172747374E0,1.467583060E0
3.729703704E1,-2.117768861E-2,-2.466182947E0,1.097175002E0
3.730700104E1,2.045579702E-1,-2.576402664E0,7.676730156E-1
3.731696404E1,2.886518836E-1,-2.668947697E0,4.843664169E-1
3.732692704E1,3.043235242E-1,-2.527345181E0,3.618306518E-1
3.733689104E1,7.667738944E-2,-1.640206218E0,2.122471482E-1
3.734685404E1,-3.865621686E-1,-8.010895252E-1,1.465935707E-1
3.735681804E1,-7.152091265E-1,-7.192941010E-2,1.295061409E-1
3.736678104E1,-7.541101575E-1,4.718912542E-1,2.075468749E-1
3.737674404E1,-6.096218824E-1,4.026108980E-1,3.916252851E-1
3.738670804E1,-2.945302129E-1,5.901625752E-2,4.903116524E-1
3.739667104E1,2.053431980E-2,-3.668289185E-1,2.529731393E-1
3.740663504E1,-1.071373522E-1,-5.857875943E-1,-1.184512824E-1
3.741659804E1,-2.555133104E-1,-5.072623491E-1,-2.693895623E-2
3.742656104E1,-3.828273118E-1,-2.237744331E-1,2.710280120E-1
3.743652504E1,-5.294739008E-1,-4.861077294E-3,8.107863665E-1
3.744648804E1,-5.404666662E-1,1.408399343E-1,1.292353034E0
3.745645204E1,-3.233355284E-1,-2.169908732E-1,1.693310142E0
3.746641504E1,1.357223392E-1,-6.756127477E-1,1.928452134E0
3.747637804E1,7.315333486E-1,-8.337363601E-1,1.947491765E0
3.748634204E1,1.215717316E0,-6.956086159E-1,1.780314565E0
3.749630504E1,1.610144138E0,-3.625167608E-1,1.417792201E0
3.750626904E1,2.003389835E0,9.437517077E-2,9.618709683E-1
3.751623204E1,2.230051517E0,4.408845007E-1,4.283506870E-1
3.752619504E1,2.295711994E0,4.840889573E-1,-7.755775750E-2
3.753615904E1,2.331854820E0,4.741808474E-1,-5.230368376E-1
3.754612204E1,2.395270824E0,2.770826817E-1,-8.502506614E-1
3.755608604E1,2.383497477E0,4.819877446E-3,-1.097326636E0
3.756604904E1,2.399248600E0,-3.775277436E-1,-1.216672540E0
3.757601204E1,2.519173145E0,-8.487641811E-1,-1.344940543E0
3.758597604E1,2.754649162E0,-1.195029974E0,-1.426279664E0
3.759593904E1,2.929394007E0,-1.328768730E0,-1.472308040E0
3.760590304E1,3.000107050E0,-1.296164155E0,-1.448257089E0
3.761586604E1,3.042734861E0,-1.058237195E0,-1.384938002E0
3.762582904E1,3.140629292E0,-5.137817860E-1,-1.381602168E0
3.763579304E1,3.245959520E0,3.756376356E-2,-1.464558482E0
3.764575604E1,3.314087391E0,3.920608461E-1,-1.531570792E0
3.765572004E1,3.259408236E0,5.869544744E-1,-1.587918639E0
3.766568304E1,3.031371832E0,7.032275796E-1,-1.560433149E0
3.767564604E1,2.710877419E0,8.015040755E-1,-1.457667708E0
3.768561004E1,2.367141962E0,8.136150241E-1,-1.337054014E0
3.769557304E1,2.021875620E0,6.342474222E-1,-1.204578042E0
3.770553704E1,1.705985546E0,3.593612313E-1,-1.142376781E0
3.771550004E1,1.472184539E0,1.277471185E-1,-1.129024863E0
3.772546304E1,1.259078622E0,-1.549189389E-1,-1.099730611E0
3.773542704E1,1.098326206E0,-3.317885101E-1,-1.043772578E0
3.774539004E1,1.088704467E0,-3.012937307E-1,-1.006609440E0
3.775535404E1,1.201426983E0,-1.215124503E-1,-9.730280638E-1
3.776531704E1,1.360322833E0,1.162905246E-1,-8.952864408E-1
3.777528004E1,1.441160440E0,2.040640414E-1,-7.388101816E-1
3.778524404E1,1.463713169E0,2.174338996E-1,-5.627701283E-1
3.779520704E1,1.511960626E0,2.799022198E-1,-4.809348285E-1
3.780517104E1,1.540381551E0,2.637123168E-1,-4.730236530E-1
3.781513404E1,1.470232248E0,8.052402735E-2,-4.520940483E-1
3.782509704E1,1.433814406E0,-6.815146655E-2,-4.196295738E-1
3.783506104E1,1.412294626E0,-1.442821622E-1,-4.188171923E-1
3.784502404E1,1.362324595E0,-1.546386629E-1,-4.180046618E-1
3.785498804E1,1.270310283E0,-1.641734540E-1,-3.965553939E-1
3.786495104E1,1.131444812E0,-2.135998607E-1,-3.665844202E-1
3.787491504E1,9.388796091E-1,-2.432010323E-1,-3.542845249E-1
3.788487804E1,7.531518340E-1,-1.942111105E-1,-3.600074053E-1
3.789484104E1,5.623160601E-1,-1.301034391E-1,-3.774354458E-1
3.790480504E1,3.614490330E-1,-4.130619392E-2,-4.000667334E-1
3.791476804E1,1.685169488E-1,4.614066333E-2,-4.221930206E-1
3.792473204E1,-4.808006808E-2,8.966396563E-3,-4.091919959E-1
3.793469504E1,-2.045711428E-1,-1.259839535E-1,-3.838514984E-1
3.794465854E1,-2.209133655E-1,-2.506062984E-1,-3.737871349E-1
3.795462254E1,-1.319619417E-1,-2.970539927E-1,-3.775078654E-1
3.796458554E1,-2.692765556E-2,-2.266397625E-1,-3.674959838E-1
3.797454954E1,2.770347707E-2,-6.464978307E-2,-3.405179381E-1
3.798451254E1,1.695389301E-2,1.270016730E-1,-3.092929125E-1
3.799447554E1,-4.610659182E-2,2.823621631E-1,-2.840859592E-1
3.800443954E1,-1.456888467E-1,3.263181746E-1,-2.569094598E-1
3.801440254E1,-2.523356080E-1,2.647691369E-1,-2.309946120E-1
3.802436654E1,-3.458599746E-1,1.473501176E-1,-1.991908848E-1
3.803432954E1,-4.282718599E-1,-2.046095394E-2,-1.477698982E-1
3.804429254E1,-4.784346223E-1,-1.899967194E-1,-9.272901714E-2
3.805425654E1,-4.800075889E-1,-3.373786211E-1,-3.731572628E-2
3.806421954E1,-4.410514235E-1,-4.423622787E-1,1.370431483E-2
3.807418354E1,-3.694812357E-1,-5.340231061E-1,6.128999963E-2
3.808414654E1,-2.508877516E-1,-5.580781102E-1,6.306446344E-2
3.809410954E1,-9.970018268E-2,-4.704236686E-1,2.655235864E-2
3.810407354E1,1.665944792E-2,-2.979783714E-1,-1.693679579E-2
3.811403654E1,6.922043860E-2,-1.023974568E-1,-4.631320387E-2
3.812400054E1,5.340285972E-2,4.750841856E-2,-6.307674199E-2
3.813396354E1,-2.708543278E-2,1.161113009E-1,-6.622898579E-2
3.814392654E1,-1.291521490E-1,1.012308896E-1,-6.095086783E-2
3.815389054E1,-2.107904106E-1,3.683189303E-2,-6.266139448E-2
3.816385354E1,-2.529482245E-1,-2.548580617E-2,-7.545495033E-2
3.817381754E1,-2.636868656E-1,-7.406547666E-2,-8.908508718E-2
3.818378054E1,-2.645768821E-1,-9.376008809E-2,-9.655844420E-2
3.819374454E1,-2.716133296E-1,-1.076820120E-1,-9.934347868E-2
3.820370754E1,-2.846476436E-1,-1.083193049E-1,-1.111031994E-1
3.821367054E1,-3.006323576E-1,-8.633868396E-2,-1.236268505E-1
3.822363454E1,-3.238612711E-1,-5.048613995E-2,-1.284911186E-1
3.823359754E1,-3.557080626E-1,-1.094735973E-2,-1.268561780E-1
3.824356154E1,-3.851003349E-1,2.071576193E-2,-1.282442212E-1
3.825352454E1,-4.077947438E-1,3.636784106E-2,-1.267293543E-1
3.826348754E1,-4.126472771E-1,5.257264525E-2,-1.276670545E-1
3.827345154E1,-3.957221210E-1,6.480719149E-2,-1.238068417E-1
3.828341454E1,-3.526529670E-1,9.392246604E-2,-1.205205023E-1
3.829337854E1,-2.977998853E-1,1.554843336E-1,-1.241212934E-1
3.830334154E1,-2.410444617E-1,2.364905030E-1,-1.326972097E-1
3.831330454E1,-2.060111016E-1,3.022076190E-1,-1.431179196E-1
3.832326854E1,-2.026059777E-1,3.256115019E-1,-1.520925164E-1
3.833323154E1,-2.116533518E-1,3.059325516E-1,-1.589271873E-1
3.834319554E1,-2.249497026E-1,2.583722174E-1,-1.621695757E-1
3.835315854E1,-2.264647186E-1,1.832236946E-1,-1.608514190E-1
3.836312154E1,-2.295641154E-1,9.077364206E-2,-1.656608284E-1
3.837308554E1,-2.657135427E-1,1.639486477E-2,-1.784019917E-1
3.838304854E1,-3.483372927E-1,1.605000813E-3,-1.903161854E-1
3.839301254E1,-4.525814354E-1,4.796339571E-2,-1.985225230E-1
3.840297554E1,-5.538657308E-1,1.295152456E-1,-2.178458869E-1
3.841293854E1,-6.477373838E-1,2.196166515E-1,-2.558675706E-1
3.842290254E1,-7.583416104E-1,3.191837072E-1,-3.156909645E-1
3.843286554E1,-8.789185882E-1,4.319625795E-1,-3.729388416E-1
3.844282954E1,-1.007018328E0,4.844287038E-1,-4.234254658E-1
3.845279254E1,-1.147952199E0,4.386241436E-1,-4.560423493E-1
3.846275554E1,-1.330193996E0,2.992699742E-1,-4.616839886E-1
3.847271954E1,-1.602330327E0,1.081272140E-1,-4.223675430E-1
3.848268254E1,-1.967688799E0,-1.383912265E-1,-3.131475747E-1
3.849264654E1,-2.430222988E0,-3.897293508E-1,-1.775388867E-1
3.850260954E1,-2.906737089E0,-5.670385957E-1,-2.796777338E-2
3.851257354E1,-3.393308878E0,-7.618439794E-1,1.514741480E-1
3.852253654E1,-3.829499722E0,-9.907796979E-1,3.536442816E-1
3.853249954E1,-4.105202198E0,-1.097807050E0,5.482164621E-1
3.854246354E1,-4.237110138E0,-1.220482588E0,7.356286645E-1
3.855242654E1,-4.262101650E0,-1.396451354E0,8.812687993E-1
3.856239054E1,-4.274156094E0,-1.479793429E0,9.719358087E-1
3.857235354E1,-4.198709965E0,-1.430841088E0,9.864732623E-1
3.858231654E1,-4.064037800E0,-1.257639408E0,9.312393069E-1
3.859228054E1,-4.000706196E0,-1.188902020E0,7.899335027E-1
3.860224354E1,-3.965024948E0,-1.173935890E0,5.802220702E-1
3.861220754E1,-3.895014048E0,-1.051360965E0,3.268687725E-1
3.862217054E1,-3.652349710E0,-6.701869965E-1,4.260135815E-2
3.863213354E1,-3.245935202E0,-1.086317599E-1,-3.042541742E-1
3.864209754E1,-2.771409750E0,4.920847118E-1,-6.884383559E-1
3.865206054E1,-2.235608339E0,1.074813843E0,-1.079949141E0
3.866202454E1,-1.770206928E0,1.520154834E0,-1.379927635E0
3.867198754E1,-1.393846154E0,1.754432797E0,-1.548517585E0
3.868195054E1,-1.158335090E0,1.806547403E0,-1.639981389E0
3.869191454E1,-1.042791963E0,1.703926086E0,-1.760877848E0
3.870187754E1,-9.978897572E-1,1.579107642E0,-1.911951780E0
3.871184154E1,-9.857087135E-1,1.412174106E0,-2.072045326E0
3.872180454E1,-1.025105715E0,9.760125875E-1,-2.321990728E0
3.873176754E1,-1.061763883E0,1.412403071E-3,-2.727879524E0
3.874173154E1,-1.144539952E0,-1.590853214E0,-3.160973072E0
3.875169454E1,-1.030162811E0,-4.050990105E0,-3.048456669E0
3.876165854E1,-1.193324566E0,-5.865734100E0,-2.558394670E0
3.877162154E1,7.677360773E-1,-1.845312953E0,-1.922400236E0
3.878158454E1,2.632072210E0,3.814363956E0,-1.423103333E0
3.879154854E1,1.906164289E0,2.964111567E0,-1.092782259E0
3.880151154E1,3.977333009E-1,-4.064891040E-1,-6.047911644E-1
3.881147554E1,-3.882322013E-1,6.008743308E-3,-3.644292951E-1
3.882143854E1,-3.162155151E-1,2.342195362E-1,-2.724615335E-1
3.883140254E1,1.425233036E-1,-1.285988688E-1,-2.796584666E-1
3.884136554E1,4.463092685E-1,-9.656663239E-2,-3.043529093E-1
3.885132854E1,7.810578346E-1,2.887642384E-1,-3.528019488E-1
3.886129254E1,7.822564840E-1,1.965423584E0,-2.824947834E-1
3.887125554E1,4.200979769E-1,3.962115526E0,8.156218380E-2
3.888121954E1,2.240123302E-1,4.089506149E0,4.366483986E-1
3.889118254E1,-2.352047414E-1,5.300372601E0,4.996001124E-1
3.890114554E1,2.545588315E-1,4.264954567E0,3.712879419E-1
3.891110954E1,1.368851900E0,8.981072903E-1,3.898542821E-1
3.892107254E1,1.280018687E0,8.276765347E-1,4.080814719E-1
3.893103654E1,1.138686538E0,7.642236948E-1,3.673667908E-1
3.894099954E1,2.505329549E-1,3.325961530E-1,1.009526700E-1
3.895096283E1,-2.700419426E-1,5.601264909E-2,-5.956709757E-2
3.896092683E1,-4.113780260E-1,-2.693539858E-1,-2.714763768E-2
3.897088983E1,-5.242283344E-1,-9.215513468E-1,-2.384352498E-2
3.898085383E1,-6.587278247E-1,-1.128639340E0,9.408705868E-3
3.899081683E1,-7.176190019E-1,-1.198910713E0,6.693563890E-3
3.900077983E1,-7.298465967E-1,-1.294155240E0,-1.657044049E-3
3.901074383E1,-6.650156975E-1,-9.842354059E-1,1.665702090E-2
3.902070683E1,-4.003248811E-1,-1.107074097E-1,-6.373462733E-3
3.903067083E1,-6.198348105E-2,5.405283570E-1,-6.268368103E-3
3.904063383E1,2.852908671E-1,4.420018494E-1,-1.486052386E-2
3.905059683E1,5.944727063E-1,5.865371600E-2,3.539107041E-3
3.906056083E1,5.279344320E-1,1.068686470E-1,4.238343984E-2
3.907052383E1,1.379362643E-1,4.658423662E-1,-7.893851958E-3
3.908048783E1,-1.013636589E-3,4.484854937E-1,-2.179155871E-2
3.909045083E1,7.511419803E-2,1.592489779E-1,-5.420644302E-3
3.910041383E1,9.263966233E-2,-6.412897259E-2,1.113862544E-2
3.911037783E1,-3.376075253E-2,-9.152882546E-2,1.086314558E-3
3.912034083E1,-1.388392299E-1,-1.332717538E-1,-3.404041287E-3
3.913030483E1,-1.495451927E-1,-2.600679100E-1,1.273604576E-3
3.914026783E1,-1.582329571E-1,-3.581718206E-1,5.478469655E-3
3.915023083E1,-2.056010067E-1,-3.563752472E-1,3.944222815E-3
3.916019483E1,-1.759836227E-1,-1.512486041E-1,-2.513586078E-3
3.917015783E1,-3.557810932E-2,2.039313316E-2,-2.066147979E-3
3.918012183E1,1.080682725E-1,1.081211269E-1,4.020773340E-3
3.919008483E1,1.480914652E-1,1.537945718E-1,3.523316234E-3
3.920004883E1,9.904722869E-2,1.405794322E-1,-4.170972388E-4
3.921001183E1,3.582594916E-2,1.003404930E-1,5.913329078E-4
3.921997483E1,9.584227577E-3,1.547859516E-2,-1.919761649E-3
3.922993883E1,-2.288692258E-2,-6.574203074E-2,1.603153069E-4
3.923990183E1,-6.707435101E-2,-1.180403903E-1,3.328255843E-5
3.924986483E1,-8.829248697E-2,-1.139972359E-1,6.794532528E-4
3.925982883E1,-5.598514155E-2,-5.829562247E-2,-2.613545395E-3
3.926979183E1,4.554178566E-3,6.781432778E-3,1.015199814E-4
3.927975583E1,4.664730653E-2,5.482352525E-2,-1.406095456E-3
3.928971883E1,5.270370841E-2,6.195068732E-2,-3.416905529E-4
3.929968283E1,3.012143262E-2,3.558885679E-2,-1.485251938E-3
3.930964583E1,-2.253591316E-3,-5.551855080E-3,-8.277599700E-4
3.931960883E1,-2.676559240E-2,-3.396538645E-2,-4.772015382E-5
3.932957283E1,-2.804780938E-2,-3.682501987E-2,-1.777697122E-3
3.933953583E1,-1.606278494E-2,-2.082581259E-2,-9.228223935E-4
3.934949983E1,2.376640216E-3,5.648844410E-3,-2.389657311E-5
3.935946283E1,1.609058864E-2,1.969302446E-2,2.677613869E-3
3.936942583E1,1.583431661E-2,1.995718479E-2,-1.297087641E-3
3.937938983E1,8.048297837E-3,8.092271164E-3,-1.625810401E-4
3.938935283E1,-1.947927289E-3,-1.077956054E-2,-1.200384577E-3
3.939931683E1,-1.148790307E-2,-1.236254349E-2,1.442454522E-4
3.940927983E1,-1.202094182E-2,-5.733505823E-3,2.496100497E-4
3.941924283E1,-1.805321546E-3,-1.553074270E-2,-7.263245061E-5
3.942920683E1,-5.541509017E-4,1.364742871E-2,1.018831972E-4
3.943916983E1,6.739448756E-3,8.480363525E-3,1.093378058E-3
3.944913383E1,6.973291747E-3,-3.122829366E-4,1.372023602E-3
3.945909683E1,-1.434840495E-3,2.659005811E-3,6.574974395E-4
3.946905983E1,-2.398966579E-3,-5.203420762E-3,2.768100239E-4
3.947902383E1,-2.702833386E-3,-6.780277938E-3,3.990491387E-4
3.948898683E1,-2.276570071E-3,1.424085931E-3,9.407576872E-4
3.949895083E1,3.240168095E-3,-2.345618559E-3,7.506080437E-4
3.950891383E1,2.941876883E-3,6.471954985E-4,6.237628404E-4
3.951887683E1,6.196004106E-4,6.023851223E-3,-1.738538849E-4
3.952884083E1,-4.949583672E-4,4.401985789E-4,8.018102963E-4
3.953880383E1,1.893630833E-3,-2.755594905E-3,-3.353595384E-4
3.954876783E1,-1.583125908E-3,-1.080200076E-3,7.924891543E-4
3.955873083E1,-1.512818504E-3,2.673525363E-3,-9.225865360E-4
3.956869383E1,1.676556887E-3,-1.885076985E-3,2.506843302E-4
3.957865783E1,1.322090160E-3,-1.638201764E-3,3.585423110E-4
3.958862083E1,-9.033181705E-4,8.467934094E-5,1.358535374E-4
3.959858483E1,-2.113724826E-3,-2.178208670E-3,4.000391345E-4
3.960854783E1,-1.568007516E-3,-2.764811274E-3,-1.437118277E-3
3.961851083E1,-1.530989539E-3,-2.187171485E-3,-4.853045102E-4
3.962847483E1,2.754449844E-3,-1.276775729E-3,5.739706103E-4
3.963843783E1,-3.856832627E-4,6.413900759E-3,-1.625800505E-3
3.964840183E1,1.061942894E-3,5.535936914E-3,2.611009404E-5
3.965836483E1,3.343739081E-3,-1.221349835E-2,5.350401625E-4
3.966832783E1,-5.091920029E-3,5.565510597E-3,3.290115856E-4
3.967829183E1,-2.277491614E-3,-1.141926739E-3,1.666184864E-3
3.968825483E1,-1.760243671E-3,-5.745305680E-3,-1.128527452E-3
3.969821883E1,1.053386019E-3,2.115546726E-3,-1.102961134E-3
3.970818183E1,1.842566766E-3,2.488887403E-3,-1.109225792E-3
3.971814483E1,5.333438516E-3,4.636993166E-3,-2.076752251E-3
3.972810883E1,2.563809277E-3,1.816708036E-2,6.630236749E-5
3.973807183E1,4.320430569E-3,-5.425331648E-3,-1.997114858E-3
3.974803583E1,-1.173970522E-3,-1.033602748E-2,-2.018843545E-3
3.975799883E1,-1.126415469E-2,7.560034283E-5,-1.067562378E-3
3.976796183E1,-5.295719951E-3,-1.719279960E-2,-6.298871012E-4
3.977792583E1,-4.599303007E-3,-5.837080069E-3,-1.212853123E-3
3.978788883E1,-2.849450335E-3,9.062747704E-4,-2.568114549E-3
3.979785283E1,4.371178336E-3,1.843973761E-3,-1.177398954E-4
3.980781583E1,2.677175915E-3,1.017283648E-2,3.026643535E-4
3.981777883E1,4.370413721E-3,5.464633927E-3,1.004939782E-3
3.982774283E1,1.002381323E-3,4.026831593E-4,-8.501699194E-4
3.983770583E1,-1.348923426E-3,3.873048350E-3,-1.132464968E-3
3.984766983E1,-7.616637740E-4,-5.730057601E-4,-2.721066703E-4
3.985763283E1,-2.234391635E-3,-7.332640700E-3,-5.304332590E-4
3.986759583E1,-5.971389357E-3,-3.102616174E-3,-1.417235471E-3
3.987755983E1,1.592078479E-4,-1.193312556E-2,-6.992472336E-4
3.988752283E1,-1.318465685E-3,4.105823115E-3,-8.180065779E-4
3.989748683E1,1.621664152E-3,7.890174165E-3,-1.037450973E-3
3.990744983E1,2.988550114E-3,1.277984120E-4,-1.592205139E-3
3.991741283E1,1.895855181E-3,9.837383404E-4,-6.185534294E-4
3.992737683E1,8.002474206E-4,-1.811468974E-3,-1.599583426E-3
3.993733983E1,-2.599011175E-3,8.421047824E-4,-1.698386623E-3
3.994730342E1,-8.562533185E-5,-3.048837651E-3,-1.872037770E-3
3.995726642E1,2.834887709E-4,1.978411572E-3,-2.294415142E-3
3.996722942E1,1.652572886E-3,3.231157316E-4,-4.038064508E-4
3.997719342E1,4.570798483E-4,2.405441366E-3,-1.167176524E-4
3.998715642E1,2.262322931E-3,-1.408799086E-3,-3.620124771E-4
3.999711942E1,-2.614457626E-3,2.924283035E-4,-1.103969174E-3
4.000708342E1,-1.893667970E-3,-2.472280758E-3,-9.628788102E-4
4.001704642E1,-4.345220514E-4,-5.106147379E-3,-1.165545429E-3
4.002701042E1,-1.589665189E-3,-1.634345390E-3,-7.507946575E-4
4.003697342E1,1.806664164E-3,-1.284672413E-3,3.419003915E-4
4.004693642E1,-2.000946552E-4,-6.008194759E-6,2.209445229E-4
4.005690042E1,-7.793323603E-4,-1.444926020E-4,3.200140782E-4
4.006686342E1,9.837793186E-6,1.028040191E-3,-6.152933929E-5
4.007682742E1,-1.173937228E-3,-5.213869736E-4,1.345684985E-3
4.008679042E1,-4.410273395E-4,7.574863266E-4,7.965805707E-4
4.009675342E1,2.475134097E-3,1.238985802E-3,1.094321953E-3
4.010671742E1,-1.394264866E-3,-5.802090745E-4,9.580681799E-4
4.011668042E1,8.417252684E-4,-4.305394832E-4,4.352896940E-4
4.012664442E1,-3.480340820E-4,3.778596874E-4,9.592692368E-4
4.013660742E1,1.173962606E-3,-1.251462149E-3,1.130776713E-3
4.014657042E1,2.535746899E-5,4.780413583E-4,2.799753565E-4
4.015653442E1,8.386868285E-4,-1.457810402E-3,1.062678522E-3
4.016649742E1,2.224313794E-4,-2.330227289E-4,7.526865229E-4
4.017646142E1,-1.050825929E-3,-5.171820521E-4,1.101826900E-3
4.018642442E1,4.272285150E-4,2.668526722E-4,-3.543895436E-4
4.019638742E1,1.052522566E-4,2.131598070E-3,5.758525804E-4
4.020635142E1,7.721632719E-4,2.643355634E-3,-3.517176374E-4
4.021631442E1,1.175099518E-3,7.706207689E-4,1.366820186E-3
4.022627742E1,-6.261668168E-4,4.034125013E-4,-2.537398250E-4
4.023624142E1,-4.277613480E-4,-3.726326395E-4,-1.246299944E-3
4.024620442E1,-1.200730214E-3,5.948613398E-5,-2.505267505E-3
4.025616842E1,-2.252142876E-4,-8.505159058E-4,-3.325255122E-3
4.026613142E1,-3.383827861E-4,-1.531705493E-3,-4.044762347E-3
4.027609442E1,7.094501052E-5,9.780575056E-4,-3.269516164E-3
4.028605842E1,7.993431063E-4,8.146102773E-4,-3.936786670E-3
4.029602142E1,3.280876670E-3,-4.338074010E-3,-5.100055132E-3
4.030598542E1,-1.661479473E-4,-9.529453237E-4,-4.325280897E-3
4.031594842E1,-1.907322789E-3,-3.072289051E-3,-3.069866449E-3
4.032591142E1,-1.088533783E-3,-2.484102966E-3,-1.815081341E-3
4.033587542E1,-1.107176067E-3,-6.278797518E-4,-1.886187820E-3
4.034583842E1,-1.157524530E-3,-1.438619802E-3,-1.029295614E-3
4.035580242E1,1.868625288E-3,1.504705753E-3,-1.959271496E-3
4.036576542E1,1.406034222E-3,1.467421534E-3,-8.170416695E-4
4.037572842E1,2.888381714E-4,6.126089022E-3,-4.545854754E-4
4.038569242E1,1.461161650E-3,4.218200687E-3,1.291116700E-3
4.039565542E1,1.153033925E-3,1.361960312E-3,-2.537831315E-4
4.040561842E1,-2.396190539E-4,5.835061893E-5,-2.716840245E-3
4.041558242E1,1.209673123E-3,-2.241821494E-3,-8.430564776E-5
4.042554542E1,6.409613416E-4,-2.597728278E-3,6.846804172E-5
4.043550942E1,-1.411536941E-3,-2.631017938E-3,5.965728778E-4
4.044547242E1,-3.797172103E-4,-9.560943581E-4,1.132222824E-4
4.045543542E1,-3.147360403E-4,-1.454371959E-3,-3.576246090E-4
4.046539942E1,1.208480913E-3,8.177758427E-4,1.168353483E-3
4.047536242E1,-1.151878620E-3,7.679746486E-4,9.228100535E-4
4.048532642E1,6.806645542E-4,9.699133225E-4,8.662027540E-4
4.049528942E1,-1.079152338E-3,-1.444242196E-3,3.252394963E-3
4.050525242E1,1.872855937E-4,1.678066328E-4,7.567205466E-4
4.051521642E1,-1.306481427E-3,-9.099747986E-4,1.619851100E-3
4.052517942E1,4.790031817E-4,-2.271343255E-3,1.179342391E-3
4.053514242E1,-1.463070512E-4,8.791763103E-4,1.190261217E-3
4.054510642E1,-7.325306069E-4,6.789845647E-4,4.791492829E-4
4.055506942E1,1.219832688E-3,2.270755824E-3,4.212453496E-5
4.056503342E1,1.243550680E-3,3.385335905E-3,1.246750937E-3
4.057499642E1,1.468854025E-3,1.927787787E-3,1.542894286E-3
4.058495942E1,-3.555419389E-4,1.359065063E-4,9.023123421E-4
4.059492342E1,8.174905088E-5,-6.388069596E-4,1.054378925E-3
4.060488642E1,-5.906773731E-4,-2.388698980E-3,5.447677104E-4
4.061485042E1,-5.456698127E-4,-3.178250045E-4,3.844454186E-4
4.062481342E1,1.253200462E-4,-3.726454452E-5,-3.757558879E-4
4.063477642E1,3.406867152E-3,4.362455802E-4,1.226934372E-3
4.064474042E1,2.364057582E-5,3.228469286E-3,-1.606660313E-3
4.065470342E1,-5.404169206E-4,1.980582019E-4,9.185490198E-4
4.066466642E1,-6.341231056E-4,-1.430612523E-3,2.058172831E-4
4.067463042E1,2.830695594E-4,-1.178943785E-3,-1.634693472E-3
4.068459342E1,-1.257917844E-3,-2.864452545E-3,-7.512223674E-4
4.069455742E1,-4.365989007E-4,-1.884675585E-3,-2.232738771E-3
4.070452042E1,-5.912170745E-4,-7.322365418E-4,-2.318494371E-4
4.071448342E1,2.522059949E-4,-8.672587574E-4,-8.438437944E-4
4.072444742E1,-8.597299457E-4,1.145078335E-3,-5.997190601E-4
4.073441042E1,-1.001409953E-3,1.686765230E-3,-6.231549196E-4
4.074437442E1,-1.502930303E-3,-1.340863993E-3,4.867807729E-4
4.075433742E1,-1.698406297E-3,2.314324491E-3,-1.374642598E-4
4.076430042E1,-4.246452590E-4,1.296174247E-3,9.174455190E-4
4.077426442E1,6.411517970E-4,-7.109250873E-5,8.884171257E-4
4.078422742E1,5.299991462E-4,-9.938247968E-4,-1.346738660E-3
4.079419042E1,-5.855946802E-5,-1.331247389E-3,4.662724677E-5
4.080415442E1,4.341632593E-4,-2.484011464E-3,1.587994979E-3
4.081411742E1,3.859600984E-4,4.065837711E-4,-1.521245460E-3
4.082408142E1,-4.073483869E-4,-2.338098828E-3,1.506016124E-4
4.083404442E1,4.089104477E-4,-1.480827341E-3,-7.663248107E-4
4.084400742E1,-5.911608459E-4,-1.721648267E-3,5.455119535E-4
4.085397142E1,4.093887983E-4,7.633472560E-4,5.108908517E-4
4.086393442E1,-9.497394785E-6,-4.046200775E-4,2.178719267E-3
4.087389742E1,-1.985030249E-3,2.058537677E-3,6.603368092E-5
4.088386142E1,-1.403019996E-4,-2.465711441E-4,2.074087737E-3
4.089382442E1,6.288187578E-4,1.029349281E-3,2.282613190E-3
4.090378842E1,2.505430253E-3,3.663451411E-3,2.295156009E-3
4.091375142E1,2.064144472E-3,7.329088403E-4,2.469592728E-3
4.092371442E1,-1.341424766E-3,2.398698125E-4,2.058711369E-3
4.093367842E1,-7.448768010E-4,-7.987630088E-4,2.800668124E-3
4.094364142E1,-1.302657765E-3,5.722753704E-3,1.622511423E-3
4.095360479E1,8.129572961E-4,4.537913017E-3,1.081889612E-3
4.096356879E1,2.747014631E-3,2.581977984E-3,1.623049611E-4
4.097353179E1,2.593882848E-3,4.796130117E-3,9.764332790E-4
4.098349579E1,2.469127998E-3,-1.028527040E-3,-5.554303061E-4
4.099345879E1,-1.193783595E-3,-7.449004333E-4,-1.411636593E-3
4.100342179E1,-1.093279221E-3,-1.066516852E-3,-1.967115793E-3
4.101338579E1,-9.065914201E-4,-3.645522287E-3,-2.526379656E-3
4.102334879E1,-6.383653963E-4,-5.089852028E-3,-4.146638326E-3
4.103331179E1,-2.224544063E-3,-3.534032730E-3,-3.582847305E-3
4.104327579E1,-1.219213824E-3,-2.877346007E-3,-3.537651850E-3
4.105323879E1,-2.001916524E-3,-2.170809312E-3,-3.768281778E-3
4.106320279E1,2.539106645E-4,2.377655823E-3,-4.040975589E-3
4.107316579E1,2.347954316E-3,-6.642066874E-4,-3.448422300E-3
4.108312879E1,3.303832375E-3,-3.239776939E-3,-1.943876152E-3
4.109309279E1,-9.905147599E-4,1.347075962E-2,-3.837916534E-3
4.110305579E1,4.643668886E-3,5.690761609E-4,-3.971873317E-3
4.111301879E1,5.009586923E-3,1.797326142E-3,-3.626993857E-3
4.112298279E1,1.393498504E-3,-6.383024156E-4,-3.888791194E-3
4.113294579E1,-2.780473791E-3,-3.627967089E-3,-2.219255548E-3
4.114290979E1,-3.763734363E-3,-6.820902228E-3,-2.822312992E-3
4.115287279E1,-4.556024447E-3,-3.633897752E-3,-3.097151173E-3
4.116283579E1,1.657882240E-4,-2.468610182E-5,-1.896441216E-3
4.117279979E1,2.678480698E-3,1.485326327E-3,-1.452492317E-3
4.118276279E1,1.213510521E-3,3.883089870E-3,-1.824605744E-3
4.119272579E1,1.964492258E-4,8.492168272E-4,-6.344390567E-4
4.120268979E1,1.074776985E-3,-6.819083355E-4,-8.599611465E-4
4.121265279E1,-6.265903357E-5,6.187715568E-3,-1.343591255E-3
4.122261679E1,1.402086345E-3,4.419546109E-3,-1.720153959E-3
4.123257979E1,2.242846414E-3,2.058919985E-3,-5.257261801E-4
4.124254279E1,9.996371809E-4,1.804951578E-3,-1.140658394E-3
4.125250679E1,3.466299968E-4,-1.068599289E-3,-2.550003119E-3
4.126246979E1,-3.336242167E-3,-2.481357893E-3,-1.654569875E-3
4.127243279E1,-4.603640176E-3,-4.926139489E-3,-2.293196041E-3
4.128239679E1,-2.379273064E-4,-5.368514918E-3,-5.001288955E-4
4.129235979E1,-1.048859907E-3,-3.437723033E-3,-1.309729880E-3
4.130232279E1,-3.969250247E-5,1.332095708E-3,-1.381312963E-3
4.131228679E1,1.023974037E-3,1.210389193E-3,-1.257209573E-3
4.132224979E1,1.444963273E-3,5.299992627E-4,-3.318480449E-4
4.133221379E1,-1.301554730E-3,2.291946672E-3,-6.948368973E-4
4.134217679E1,7.588973967E-4,2.657259814E-3,-2.459032461E-3
4.135213979E1,-3.765407018E-5,2.135013696E-3,-8.691251860E-4
4.136210379E1,-4.003581125E-5,6.531099789E-4,-4.630240728E-4
4.137206679E1,-2.024885034E-4,-1.268360764E-3,6.395246601E-4
4.138202979E1,-1.151846023E-3,6.108907983E-4,1.761007588E-4
4.139199379E1,1.212774776E-3,-3.976481967E-4,-8.456292562E-6
4.140195679E1,2.303752117E-4,3.051315434E-5,3.633263987E-5
4.141191979E1,6.286241114E-5,1.693097875E-5,4.254204687E-4
4.142188379E1,9.418692207E-4,2.567778341E-3,-8.109030314E-4
4.143184679E1,-9.825309971E-4,3.253009636E-3,-1.443137531E-3
4.144181079E1,2.129341476E-3,-8.667560760E-4,6.801029667E-5
4.145177379E1,1.197202364E-4,-6.981780753E-4,-2.560795983E-3
4.146173679E1,-1.976518892E-3,-7.210567128E-4,1.241272897E-3
4.147170079E1,-1.566392020E-3,1.721674344E-4,-9.811350610E-4
4.148166379E1,-8.262799820E-4,1.236172742E-3,-2.838205546E-6
4.149162679E1,1.898932736E-3,1.535245683E-3,-1.772752730E-4
4.150159079E1,1.571383676E-3,3.089805599E-3,-8.104571607E-4
4.151155379E1,1.542088925E-3,2.773155691E-3,-1.009927946E-3
4.152151679E1,6.861618022E-4,1.115120016E-3,1.185127767E-3
4.153148079E1,-8.190568769E-4,-2.414900111E-3,-4.396667355E-4
4.154144379E1,-1.902038930E-4,-6.567547098E-5,-1.360876719E-3
4.155140779E1,-2.283715177E-3,8.954593213E-4,-2.726013074E-3
4.156137079E1,-9.916035924E-5,-3.000625409E-3,-1.461246982E-3
4.157133379E1,-1.066172263E-4,-1.549735200E-3,-1.108111814E-3
4.158129779E1,-1.111918013E-3,-1.304553589E-3,-4.782658070E-4
4.159126079E1,-1.640555565E-3,-4.008482210E-5,-1.113696024E-3
4.160122379E1,-1.744720154E-3,2.246818505E-3,6.961714244E-4
4.161118779E1,2.086237073E-3,3.060413990E-3,-2.412612084E-4
4.162115079E1,1.593579538E-3,4.447412677E-3,-6.368473405E-4
4.163111379E1,2.180806594E-3,6.750247907E-3,-1.809969777E-3
4.164107779E1,1.846782397E-3,4.271135200E-3,-1.849125372E-3
4.165104079E1,2.893657656E-4,-3.672807710E-3,-6.544314092E-4
4.166100479E1,-1.650894759E-3,-8.302202914E-4,-2.393795410E-3
4.167096779E1,-2.668499947E-4,-1.245411951E-2,-1.753837802E-3
4.168093079E1,-1.301821787E-3,-6.848699413E-3,-1.865855884E-3
4.169089479E1,-3.126885975E-3,-7.216482423E-3,-1.345347846E-4
4.170085779E1,-3.269098932E-3,9.354536887E-4,6.260640221E-4
4.171082079E1,1.508470275E-3,5.322677083E-3,1.640310395E-3
4.172078479E1,5.869364366E-3,8.906272240E-3,-6.577601889E-4
4.173074779E1,4.433920607E-3,1.544300094E-2,-1.476149540E-3
4.174071079E1,8.299559355E-3,3.219070379E-3,-1.066029072E-4
4.175067479E1,4.204150289E-3,-4.234851338E-3,-3.043004312E-3
4.176063779E1,-5.813370924E-3,-6.637992803E-3,-1.969758654E-3
4.177060079E1,-6.198996678E-3,-7.760248613E-3,-1.159358653E-3
4.178056479E1,-2.530928701E-3,-6.116403267E-3,-9.723989060E-4
4.179052779E1,7.924302481E-4,-8.084566798E-4,-3.412297228E-4
4.180049179E1,2.169188112E-3,-1.116993837E-3,-1.071437146E-4
4.181045479E1,1.240277663E-3,-6.922194734E-4,-1.074100728E-4
4.182041779E1,-3.072480671E-3,-2.296412364E-3,-3.815974924E-4
4.183038179E1,-4.737681011E-4,-2.105197404E-3,-3.837280092E-4
4.184034479E1,6.953717675E-4,4.003609996E-3,2.065069275E-4
4.185030779E1,3.006729297E-3,5.002295598E-3,-1.303239027E-3
4.186027179E1,3.698030254E-3,6.864957511E-3,-1.409852295E-3
4.187023479E1,3.205878194E-3,5.449487362E-3,-1.747807488E-3
4.188019779E1,6.197915645E-4,3.102882998E-3,-9.433592204E-4
4.189016179E1,-4.979370860E-4,2.157500712E-4,1.400146866E-4
4.190012479E1,-1.700604451E-3,-4.884637892E-3,-1.201135456E-3
4.191008779E1,-1.198065816E-3,-4.177302122E-3,-1.752942451E-3
4.192005179E1,-3.196020843E-4,-2.740192693E-3,-8.657898288E-4
4.193001479E1,-1.306569786E-3,-1.768671675E-3,-1.288699801E-3
4.193997779E1,1.015819842E-3,1.458071638E-4,-1.629371778E-3
4.194994129E1,1.566841966E-4,2.100034850E-3,5.232613767E-4
4.195990429E1,-1.011901884E-3,-9.050022345E-4,-9.457489941E-4
4.196986829E1,3.532345872E-4,1.774404198E-3,-2.048575552E-4
4.197983129E1,3.412595252E-4,2.148676896E-3,-2.282931237E-3
4.198979429E1,6.453924580E-4,1.056780806E-3,-2.807666897E-4
4.199975829E1,1.106300158E-3,2.401308389E-3,8.056859951E-5
4.200972129E1,-9.342138655E-4,5.839671940E-4,6.800461560E-4
4.201968429E1,-6.915837293E-4,-1.315010479E-3,-5.654700217E-4
4.202964829E1,-1.585340477E-3,5.039223470E-5,7.077872287E-4
4.203961129E1,9.039406432E-4,-3.041930031E-4,-8.497132803E-4
4.204957429E1,-6.047402276E-4,-1.492761774E-3,-1.018557698E-3
4.205953829E1,2.421207028E-4,-7.504655980E-3,5.320077762E-4
4.206950129E1,-3.491098294E-3,1.183766872E-4,4.502487136E-4
4.207946429E1,-1.291821012E-3,-3.467930015E-3,6.499940064E-4
4.208942829E1,6.754561327E-4,7.555772318E-4,-7.612149930E-4
4.209939129E1,9.375221562E-4,4.176723771E-3,5.885534920E-4
4.210935429E1,2.837687731E-3,3.332501510E-3,-4.000119516E-4
4.211931829E1,2.335719299E-3,4.691686016E-3,1.499362639E-3
4.212928129E1,1.714137383E-3,3.310261527E-4,1.424794202E-3
4.213924429E1,7.704632590E-4,7.339767180E-4,8.713646093E-4
4.214920829E1,-1.217053737E-3,-5.904133432E-4,4.660316044E-4
4.215917129E1,-1.379207242E-5,-1.633642940E-3,4.085547989E-4
4.216913529E1,-1.463883324E-3,-2.767883474E-3,-3.299397649E-4
4.217909829E1,-1.881716773E-3,-1.690294361E-3,7.871076232E-4
4.218906129E1,4.623977002E-4,-1.969659934E-3,-1.871792367E-3
4.219902529E1,-1.388005679E-3,-6.038972642E-4,-3.045303165E-4
4.220898829E1,5.491776392E-4,-2.568874042E-4,-2.350218128E-4
4.221895129E1,9.607393877E-4,1.413118327E-3,-3.972623381E-4
4.222891529E1,-1.048615668E-3,1.956403255E-3,2.112030052E-5
4.223887829E1,8.898515953E-4,2.565444447E-5,5.438124062E-4
4.224884129E1,-2.971193753E-4,1.840066048E-3,-1.308948733E-3
4.225880529E1,-5.970131606E-4,1.085759955E-3,-2.984360908E-4
4.226876829E1,-3.906181082E-4,-3.837724216E-4,-3.413130180E-4
4.227873129E1,-2.107296605E-4,-1.096690539E-4,-9.262675885E-4
4.228869529E1,2.997982083E-4,-1.406894764E-3,6.990596885E-4
4.229865829E1,-1.404932700E-4,-1.146520488E-3,-2.873913618E-4
4.230862129E1,-3.016146366E-4,4.079665523E-4,9.792079218E-4
4.231858529E1,-1.484367531E-4,-4.261776339E-4,-3.237902420E-4
4.232854829E1,-4.930496216E-4,-2.189837396E-4,3.561148187E-4
4.233851129E1,4.076514160E-4,-7.030463312E-4,-2.788923448E-4
4.234847529E1,3.800459672E-5,1.827489235E-3,3.192536533E-4
4.235843829E1,-1.405986259E-3,2.451875713E-3,-9.629880078E-4
4.236840129E1,-3.700165544E-4,5.929892650E-4,4.988210276E-4
4.237836529E1,-1.881227363E-4,1.237402903E-4,9.854801465E-5
4.238832829E1,4.703446757E-5,-1.425757073E-4,3.329061437E-4
4.239829129E1,5.073236534E-4,5.500041880E-5,3.081234172E-4
4.240825529E1,2.969339257E-4,-3.633822780E-4,4.894846352E-4
4.241821829E1,-5.306894891E-4,3.308031010E-4,-1.099969144E-3
4.242818129E1,-8.545299061E-4,1.109777717E-3,9.126286022E-5
4.243814529E1,1.236949698E-3,9.211656870E-4,-7.756503765E-4
4.244810829E1,-3.257931676E-4,-9.489059448E-4,4.808290396E-4
4.245807129E1,-7.180334069E-4,-1.165728085E-3,-3.665024997E-4
4.246803529E1,4.087499110E-4,5.884962156E-4,-8.626494091E-4
4.247799829E1,-3.731220495E-4,8.746959502E-4,-6.447948981E-4
4.248796129E1,1.526777050E-3,6.752251647E-4,-1.234418713E-3
4.249792529E1,6.638993509E-4,-3.829244524E-4,7.870693225E-4
4.250788829E1,-5.363873206E-4,-2.769306302E-4,-8.989779162E-4
4.251785129E1,-1.052303473E-3,-4.058873747E-4,-9.775179205E-4
4.252781529E1,-4.104818217E-4,7.241615094E-5,4.810953978E-4
4.253777829E1,1.233497635E-3,5.270676920E-4,-2.464017598E-4
4.254774129E1,-1.395575004E-3,8.631451055E-5,-9.705152479E-4
4.255770529E1,1.687897602E-4,3.290539607E-4,-7.043732330E-5
4.256766829E1,-4.607813898E-4,5.445036804E-4,-5.034673377E-4
4.257763129E1,7.954490138E-4,6.615188904E-4,5.539262202E-5
4.258759529E1,4.884020612E-2,-7.746151090E-2,7.311707363E-3
4.259755829E1,-5.510273203E-2,1.413519084E-1,-1.316051278E-2
4.260752229E1,2.382617071E-2,1.225783676E-2,1.561947074E-2
4.261748529E1,3.687417135E-2,-1.489072740E-1,-3.733580466E-3
4.262744829E1,-5.809788033E-2,9.855604917E-2,-5.593587994E-4
4.263741229E1,-9.437161498E-3,-2.876903862E-2,-6.599950138E-4
4.264737529E1,8.020925336E-3,-5.305626616E-2,1.140301814E-3
4.265733829E1,-3.752725897E-3,3.535862640E-2,-3.315334325E-4
4.266730129E1,1.577783190E-2,1.082878467E-2,1.703387941E-3
4.267726529E1,7.540655322E-3,7.712253369E-3,-1.548488624E-3
4.268722829E1,-5.237724632E-3,1.970393583E-2,3.735148348E-4
4.269719129E1,5.076723173E-3,-3.892756253E-2,8.482862031E-4
4.270715529E1,-8.688357659E-3,7.176550571E-3,-1.283308025E-3
4.271711829E1,-6.226213649E-3,4.675586708E-3,-2.388355322E-3
4.272708229E1,1.732642646E-3,-1.215325668E-3,-1.060236827E-3
4.273704529E1,6.171020679E-3,-9.259656072E-3,-3.353692591E-6
4.274700829E1,8.620092412E-4,3.901952878E-3,-1.040211646E-4
4.275697129E1,-4.128722474E-3,7.494733669E-3,4.504569806E-4
4.276693529E1,-1.549716806E-3,3.089919919E-4,-4.017545725E-4
4.277689829E1,2.131051617E-3,-8.374702185E-3,8.540432900E-4
4.278686129E1,2.169401152E-3,-4.739016294E-4,-5.300014745E-4
4.279682529E1,-4.896507598E-4,1.119678281E-2,-9.273138712E-4
4.280678829E1,1.510383328E-3,4.546071403E-3,-1.009072876E-3
4.281675129E1,2.065835055E-3,-4.534779117E-3,-2.178710420E-4
4.282671529E1,-3.552446142E-4,-2.856987296E-3,-4.932418815E-4
4.283667829E1,-3.709802404E-3,-3.442561720E-4,-6.544493372E-4
4.284664129E1,-2.418968361E-3,-2.480910392E-3,-2.922594431E-4
4.285660529E1,-8.320086636E-4,-2.564634196E-3,1.001347322E-3
4.286656829E1,8.268743986E-4,-2.149713691E-3,2.383517567E-4
4.287653129E1,1.680019195E-3,3.922041040E-3,-4.687958863E-4
4.288649529E1,-4.055022728E-4,2.539061476E-3,-8.530900232E-4
4.289645829E1,6.016500993E-4,-9.782542475E-5,-1.895200461E-3
4.290642129E1,-8.172821254E-4,-2.338609193E-3,-5.463093403E-4
4.291638529E1,-1.250299858E-3,1.073775347E-3,2.002922120E-4
4.292634829E1,-6.369736511E-4,1.164589194E-3,-2.298083273E-4
4.293631129E1,5.861476529E-5,-1.548018306E-3,1.599360257E-5
4.294627529E1,-8.564472664E-4,-2.005016897E-3,-8.601864101E-4
4.295623871E1,-4.577937070E-4,5.397731438E-4,6.272596074E-4
4.296620171E1,-1.230376773E-3,-3.579785116E-4,-3.684963449E-4
4.297616571E1,-4.730478395E-4,2.586734481E-4,-1.079920796E-3
4.298612871E1,-1.678494737E-4,1.622670097E-4,7.842918858E-4
4.299609171E1,1.342524774E-3,7.065106183E-5,-6.681724917E-4
4.300605571E1,5.236027064E-4,7.918350166E-4,9.984337958E-4
4.301601871E1,-1.381107373E-3,1.397070009E-3,6.510008825E-4
4.302598171E1,5.595381372E-4,-6.184102967E-4,-4.355689161E-4
4.303594571E1,-3.378654364E-4,4.534889013E-4,-1.142653869E-3
4.304590871E1,-3.724864218E-4,1.734469319E-3,5.623018369E-4
4.305587171E1,1.378490007E-3,-9.958688170E-4,-1.527332352E-4
4.306583571E1,-1.285928302E-4,7.900469936E-4,-1.543435967E-3
4.307579871E1,6.999248872E-4,-8.746441454E-4,-6.083217449E-4
4.308576171E1,1.575890929E-5,-6.203122903E-4,3.671941813E-4
4.309572571E1,2.191623207E-5,-1.910729334E-4,-8.032182814E-4
4.310568871E1,4.954263568E-4,-8.017357904E-4,-8.751236601E-4
4.311565171E1,-6.195041351E-5,-4.465826787E-4,7.610911271E-4
4.312561571E1,-1.759715611E-3,-1.983759459E-3,-4.059060593E-4
4.313557871E1,-5.008038133E-4,-1.018105308E-3,-9.541258332E-4
4.314554171E1,8.869693847E-4,-9.438032284E-4,-1.256164396E-4
4.315550471E1,2.668271307E-3,3.671506420E-5,-1.513757394E-3
4.316546871E1,5.957992980E-4,1.167227048E-3,-1.555452473E-4
4.317543171E1,3.167656250E-4,3.009238048E-3,2.208923688E-4
4.318539471E1,2.620666288E-3,-4.155870993E-4,-1.289918902E-3
4.319535871E1,1.091441722E-3,-5.242342595E-4,-4.471536377E-4
4.320532171E1,-2.801833209E-3,-3.313363064E-3,-1.187858870E-4
4.321528471E1,-1.419435488E-3,-1.465701498E-3,3.750268370E-4
4.322524871E1,-2.606139984E-3,-1.114839688E-4,-3.821098362E-4
4.323521171E1,-1.865979284E-4,-2.128179651E-3,-5.429100129E-4
4.324517471E1,1.839535078E-3,6.822544383E-4,-1.501914347E-3
4.325513871E1,4.613532219E-4,5.392682506E-4,-1.586297294E-3
4.326510171E1,2.310652286E-3,2.780318260E-3,7.684668526E-5
4.327506471E1,2.651905641E-3,1.733755926E-4,-2.030668547E-4
4.328502871E1,3.344228026E-4,6.554077845E-4,6.637921324E-4
4.329499171E1,-3.375927918E-5,3.585405648E-5,4.250495695E-4
4.330495471E1,-1.895541791E-4,-1.554493792E-5,8.743248181E-4
4.331491871E1,-1.182863140E-3,5.240996834E-4,-3.799694241E-4
4.332488171E1,-2.638546750E-3,-1.936927671E-3,1.318901777E-4
4.333484471E1,-2.122138161E-3,-2.139825141E-3,-9.371867054E-4
4.334480771E1,-1.227582339E-3,-4.163827747E-3,-2.231932594E-4
4.335477171E1,-4.604819696E-4,-9.092458058E-4,-3.345625009E-5
4.336473471E1,9.770923061E-4,2.622638363E-3,2.193753608E-5
4.337469771E1,1.426469535E-3,1.127915108E-3,-5.954151275E-4
4.338466171E1,1.658430789E-3,3.141797613E-3,-4.468107363E-4
4.339462471E1,5.780450301E-4,3.482968546E-3,2.584531903E-4
4.340458771E1,-4.065255634E-4,1.881055068E-4,9.386986494E-5
4.341455171E1,-1.543330727E-4,-5.937579554E-4,1.243466279E-3
4.342451471E1,-7.363932673E-5,-4.627304152E-4,-9.701532545E-4
4.343447771E1,-4.960015649E-4,-1.255662180E-3,1.986580901E-5
4.344444171E1,-1.204136177E-3,-1.159788342E-3,-1.223031431E-3
4.345440471E1,-8.675182471E-4,-7.464811206E-4,-1.248748740E-3
4.346436771E1,-1.961544622E-3,-1.392564038E-3,-7.358238799E-4
4.347433171E1,-7.072729059E-4,3.076065332E-5,1.032346627E-4
4.348429471E1,-9.234901518E-5,1.139434753E-3,6.483837496E-4
4.349425771E1,2.042402513E-3,2.274899278E-3,3.222934902E-5
4.350422071E1,1.757976948E-3,6.152316928E-6,-8.732454153E-4
4.351418471E1,1.788890222E-4,2.460815478E-3,-2.054340206E-3
4.352414771E1,-7.502879016E-4,-1.063611824E-3,-4.228875623E-4
4.353411071E1,-2.148353960E-4,-2.443381818E-3,-1.055906177E-4
4.354407471E1,-1.214585965E-3,-2.274803584E-3,1.159144565E-3
4.355403771E1,2.482455457E-4,-1.795416465E-3,-1.147582312E-3
4.356400071E1,-5.776006728E-4,7.870508125E-4,-5.528984475E-4
4.357396471E1,1.327129663E-3,2.224188065E-3,-1.730943914E-3
4.358392771E1,1.787745859E-4,2.284151269E-4,-1.906394027E-5
4.359389071E1,-5.375467008E-4,1.815806841E-3,-1.159262611E-4
4.360385471E1,1.362618641E-3,1.499955892E-3,-5.638699513E-4
4.361381771E1,2.257417655E-4,1.066528144E-3,6.410254864E-4
4.362378071E1,1.128236763E-4,-6.365634035E-4,-3.222398227E-4
4.363374371E1,-6.277463399E-6,2.458358649E-4,-1.394051942E-4
4.364370771E1,-1.503773034E-3,-2.920129802E-3,-9.657840710E-4
4.365367071E1,-2.571662888E-3,-1.572439680E-3,8.594701067E-4
4.366363371E1,2.731592394E-5,1.506255940E-4,-8.566709585E-4
4.367359771E1,9.524925845E-4,1.552158501E-3,1.062277006E-3
4.368356071E1,1.887794700E-3,3.118097316E-3,4.076720215E-4
4.369352371E1,1.402215450E-3,3.009235952E-3,-5.305398954E-4
4.370348771E1,5.691787228E-4,4.833354615E-5,-2.799364156E-4
4.371345071E1,-1.027955906E-3,-5.328913685E-4,6.752995541E-4
4.372341371E1,6.186765386E-4,-4.396806471E-4,1.373410923E-4
4.373337771E1,2.159505384E-4,-1.982167596E-3,-5.557761178E-4
4.374334071E1,-2.572932281E-4,-2.391495043E-3,3.281270619E-4
4.375330371E1,-3.262199694E-3,-3.872974776E-4,6.905645132E-4
4.376326671E1,1.394603867E-3,3.511970863E-4,-1.161397668E-3
4.377323071E1,1.697084284E-3,8.511578199E-4,6.825698074E-4
4.378319371E1,1.930909813E-3,5.004195264E-4,-9.209195268E-4
4.379315671E1,1.130135031E-3,1.329873106E-3,-1.489219721E-4
4.380312071E1,1.789267408E-3,-6.483229809E-4,3.043480683E-4
4.381308371E1,9.007819463E-4,1.723659225E-3,-1.645397162E-3
4.382304671E1,1.075751614E-3,4.631851334E-4,-6.320643006E-4
4.383301071E1,-2.871829784E-4,-9.162852075E-4,1.980300294E-4
4.384297371E1,-1.811576425E-3,1.419839682E-3,-3.306074650E-4
4.385293671E1,-9.616351454E-4,1.873078290E-4,3.426290350E-4
4.386289971E1,7.539731450E-4,-1.182089560E-3,8.243822958E-5
4.387286371E1,-1.412966289E-3,7.591174217E-4,-6.528960075E-4
4.388282671E1,-1.494725235E-3,-9.530289099E-4,-2.040935680E-3
4.389278971E1,-1.475626719E-3,-4.275089595E-4,-1.133814454E-3
4.390275371E1,-4.079655046E-4,1.931252889E-3,-7.884024526E-4
4.391271671E1,5.626201164E-4,2.988211345E-4,1.216729754E-3
4.392267971E1,-6.712223403E-4,7.502269000E-4,8.808204439E-5
4.393264271E1,2.465040889E-4,-4.544751719E-4,-8.913676720E-4
4.394260671E1,7.429172983E-4,-1.138108550E-3,-2.223816118E-4
4.395256967E1,-3.167148679E-4,5.134555977E-4,-8.109233459E-4
4.396253267E1,1.480652485E-3,-7.936405018E-5,-4.545924021E-4
4.397249667E1,1.058756839E-3,1.152638812E-3,2.463278361E-5
4.398245967E1,3.319802927E-4,9.646196850E-4,1.481648302E-3
4.399242267E1,-3.916275455E-4,8.278347086E-4,-1.964758849E-4
4.400238667E1,-8.350439603E-4,-5.026806612E-4,-1.306958147E-4
4.401234967E1,-1.879473566E-3,7.096197223E-4,-1.211635070E-3
4.402231267E1,-6.106717046E-5,-2.060600324E-3,-9.280083468E-4
4.403227567E1,-1.658941153E-3,2.019431209E-3,-4.883013899E-4
4.404223967E1,2.191200620E-4,8.529666811E-4,-1.007617800E-3
4.405220267E1,1.723496243E-3,1.254236675E-3,-4.732256639E-4
4.406216567E1,-9.415290551E-4,6.291928003E-4,-8.524598088E-4
4.407212967E1,-4.530500155E-5,1.478353515E-4,-1.667224104E-3
4.408209267E1,1.352321822E-3,1.269026194E-3,-1.758539584E-4
4.409205567E1,3.525991924E-4,4.280086141E-4,1.360165421E-3
4.410201967E1,1.175515936E-3,2.727463143E-4,3.905085614E-4
4.411198267E1,5.869892193E-4,-1.401880290E-4,1.787801739E-4
4.412194567E1,1.014850568E-5,-1.372166444E-3,8.861158276E-4
4.413190867E1,-1.489729621E-3,2.852254547E-4,-1.276803087E-4
4.414187267E1,3.393293591E-4,-1.378983958E-3,-1.589755761E-3
4.415183567E1,3.763176501E-4,-1.013099449E-3,-4.712268128E-4
4.416179867E1,8.972318610E-4,-6.980774924E-5,-8.422051324E-4
4.417176267E1,5.947501631E-4,-9.070679080E-4,-8.895010687E-4
4.418172567E1,-6.830346538E-4,1.826975495E-4,-1.406686963E-3
4.419168867E1,8.703460917E-4,6.490311353E-4,-2.849246957E-4
4.420165167E1,4.844539799E-4,9.169450495E-4,-4.252733197E-4
4.421161567E1,7.362320321E-4,3.611461725E-4,2.595706610E-4
4.422157867E1,8.376984624E-4,5.704707000E-4,-4.573523183E-4
4.423154167E1,2.307525137E-3,1.514906646E-3,3.898564028E-4
4.424150567E1,1.395925065E-3,5.881265970E-4,5.352650769E-4
4.425146867E1,3.664230462E-5,8.716650773E-4,-2.524385345E-4
4.426143167E1,2.694025170E-4,3.883013269E-4,-3.440512810E-4
4.427139467E1,-3.061025636E-4,2.281906782E-4,-4.411482951E-5
4.428135867E1,-2.885257127E-4,-6.101725157E-4,6.645523245E-4
4.429132167E1,-3.553801216E-4,1.036697417E-3,9.325169958E-5
4.430128467E1,4.933692981E-4,8.461740799E-5,5.111015635E-4
4.431124867E1,7.083977107E-4,2.559130080E-4,9.406300960E-4
4.432121167E1,6.921123713E-6,-2.277169842E-4,1.768354559E-4
4.433117467E1,8.417883655E-4,-3.887224011E-4,-9.585425723E-4
4.434113767E1,-1.356384833E-3,-1.436143648E-3,5.613234825E-4
4.435110167E1,-5.795859033E-4,-1.425249502E-4,-5.978462286E-4
4.436106467E1,8.001979440E-4,1.112090191E-3,-1.674448140E-5
4.437102767E1,9.579322650E-4,9.209890850E-4,2.464278368E-4
4.438099167E1,1.767533249E-3,-1.618522219E-4,-5.024834536E-5
4.439095467E1,6.495926064E-4,1.088899095E-3,6.735163042E-4
4.440091767E1,-1.067450503E-4,-6.900925655E-4,1.140368404E-3
4.441088067E1,-3.746093716E-4,1.186629059E-3,-1.052789157E-4
4.442084467E1,9.875976248E-4,-1.064274693E-3,-1.276494586E-4
4.443080767E1,-1.079331385E-3,3.472266253E-4,1.795297721E-4
4.444077067E1,8.069855394E-4,-1.038948772E-3,2.178793075E-4
4.445073467E1,1.911642030E-4,-3.010432702E-3,1.573274028E-3
4.446069767E1,-1.372111379E-3,7.334393449E-4,-8.265002980E-4
4.447066067E1,-3.875759430E-4,2.623125911E-4,4.748988431E-5
4.448062367E1,5.477262894E-4,2.545893658E-4,-4.220253904E-4
4.449058767E1,1.651864732E-4,3.371380735E-4,-2.195918933E-4
4.450055067E1,-5.751723656E-4,2.093063667E-4,-7.071648724E-6
4.451051367E1,1.108711469E-3,-4.636922386E-4,-1.602392644E-3
4.452047767E1,-1.419088803E-4,-8.083051071E-4,1.105775940E-3
4.453044067E1,-1.367173507E-3,-7.079322822E-4,4.378142767E-4
4.454040367E1,-6.510495441E-4,-1.044599339E-4,-4.522141535E-4
4.455036667E1,-2.213953529E-3,9.062499739E-4,1.958259381E-4
4.456033067E1,4.460115451E-4,1.721443608E-3,-6.201666547E-4
4.457029367E1,1.216018572E-4,-2.415298950E-4,-3.335365327E-4
4.458025667E1,1.088186400E-4,1.436794177E-3,7.740721339E-4
4.459021967E1,1.402369584E-3,5.328607513E-4,2.744125668E-4
4.460018367E1,-2.165660262E-4,-3.146310337E-5,-6.780360127E-5
4.461014667E1,1.737737330E-4,-6.458212156E-4,1.066500787E-3
4.462010967E1,-1.204412198E-3,4.777665017E-4,6.715540076E-4
4.463007367E1,5.959572736E-4,-9.585919324E-4,2.812116873E-4
4.464003667E1,2.643937478E-4,-3.407385666E-4,-1.134687918E-4
4.464999967E1,1.037837937E-4,-5.188013893E-4,5.506171146E-4
4.465996267E1,-8.601578884E-6,1.183757442E-3,-5.332894507E-4
4.466992667E1,-4.020187771E-4,-2.738619223E-4,1.109098084E-4
4.467988967E1,1.542621525E-3,9.823510190E-4,-6.355742225E-4
4.468985267E1,7.792466786E-4,1.385658979E-4,-9.479052387E-4
4.469981567E1,1.784375636E-4,-4.438674077E-4,1.167177223E-3
4.470977967E1,-7.844914217E-5,6.523478078E-4,-4.347970244E-4
4.471974267E1,1.521806698E-4,-1.848893240E-3,3.082249314E-4
4.472970567E1,-3.651467850E-4,-5.495459773E-4,-1.100377995E-4
4.473966967E1,-3.222698579E-4,-1.132778125E-3,1.350439736E-3
4.474963267E1,-1.362738898E-3,-7.787696086E-5,-3.487130743E-4
4.475959567E1,-1.614407636E-3,1.139453845E-3,7.365250494E-4
4.476955867E1,-4.258820554E-4,1.691696234E-3,1.705145463E-3
4.477952267E1,3.730664030E-4,-1.299299998E-3,1.462531509E-3
4.478948567E1,-1.046589459E-3,2.193713561E-3,1.779478043E-5
4.479944867E1,-2.487065503E-4,4.631915363E-4,-1.617023372E-4
4.480941167E1,5.877197254E-4,-1.044712029E-3,1.929372083E-4
4.481937567E1,-1.800336642E-3,3.656033659E-3,3.980005858E-4
4.482933867E1,1.395246363E-3,-1.940988004E-3,7.534115575E-4
4.483930167E1,-7.155750645E-4,7.272330113E-4,-1.402151072E-3
4.484926567E1,-9.456825210E-4,1.785736531E-4,-2.550043282E-4
4.485922867E1,-6.537999725E-4,-5.290282425E-4,-5.631321110E-4
4.486919167E1,-2.894832287E-4,-1.175057143E-3,7.984838448E-4
4.487915467E1,-1.906554680E-3,2.329130191E-3,5.763761001E-4
4.488911867E1,4.894535523E-4,1.608267892E-3,-4.867908428E-4
4.489908167E1,1.773097203E-3,-4.990915768E-4,5.774083547E-4
4.490904467E1,-1.770817209E-3,1.066884492E-3,-2.519345144E-4
4.491900767E1,1.053731423E-3,1.378474408E-3,-2.186449710E-4
4.492897167E1,-1.876561437E-4,-7.097956259E-4,-2.371025621E-4
4.493893467E1,-6.744819693E-4,4.449511180E-4,7.338859141E-4
4.494889767E1,-7.678103866E-4,-2.819602378E-5,-1.776058460E-3
4.495886046E1,-4.690036876E-4,-1.226884779E-3,-2.204561140E-3
4.496882446E1,-1.294083078E-3,-6.275684573E-4,-1.778380829E-3
4.497878746E1,-9.204415837E-4,-2.135982970E-3,-8.934123907E-4
4.498875046E1,5.916855298E-5,-1.209350303E-4,-1.246355823E-3
4.499871446E1,2.652971307E-4,1.866049482E-3,3.227785928E-4
4.500867746E1,1.740938635E-3,3.345658304E-3,3.163273213E-4
4.501864046E1,2.300735097E-3,1.809813315E-3,-2.764923265E-4
4.502860346E1,2.102227882E-6,9.307618020E-4,9.540444007E-4
4.503856746E1,2.034893027E-3,5.325023085E-5,-3.359908587E-4
4.504853046E1,-3.658824135E-4,-2.483540913E-3,-1.226579421E-3
4.505849346E1,-2.045005560E-3,3.474415280E-5,-1.080371905E-3
4.506845646E1,-1.236997778E-3,-5.695729051E-4,1.254467526E-3
4.507842046E1,3.947210498E-4,-2.248163335E-3,-1.101362868E-4
4.508838346E1,4.903809167E-5,1.793762087E-3,1.184646622E-3
4.509834646E1,5.457176594E-4,8.502041455E-4,-1.104486291E-4
4.510830946E1,3.747452283E-4,8.436563658E-4,-4.850700498E-5
4.511827346E1,-5.951779895E-4,3.485747147E-4,1.064889366E-4
4.512823646E1,3.690776648E-4,8.244521450E-5,-4.453129368E-4
4.513819946E1,-4.724813625E-4,-2.441965044E-3,8.196885465E-4
4.514816346E1,8.046108996E-4,-2.105524763E-4,-1.476816833E-4
4.515812646E1,-6.942161126E-4,-3.668798599E-4,2.267587697E-4
4.516808946E1,4.359474406E-4,-8.697616868E-4,9.027100168E-5
4.517805246E1,1.213057782E-3,-2.652241383E-4,-1.945125405E-5
4.518801646E1,-2.639814047E-4,2.831219230E-3,-3.823367879E-4
4.519797946E1,8.920967230E-4,-1.103068469E-3,-9.192300495E-4
4.520794246E1,-4.651213530E-4,3.143812530E-3,-1.338345464E-5
4.521790546E1,6.502105389E-4,-9.246077389E-5,2.987390617E-4
4.522786946E1,-1.312707318E-4,-8.846614510E-4,-5.143794697E-4
4.523783246E1,-1.639152528E-3,1.478627557E-3,5.357048940E-4
4.524779546E1,-9.017797420E-4,-2.394675743E-3,-5.746678216E-4
4.525775846E1,-1.138534746E-3,-1.557111740E-3,-1.135263243E-3
4.526772246E1,8.329903940E-4,4.540873924E-4,5.286250962E-4
4.527768546E1,9.935790440E-4,1.000035438E-3,-8.101459243E-4
4.528764846E1,3.602822544E-4,1.553060487E-3,-2.058208454E-3
4.529761146E1,-1.457325066E-3,-1.510963775E-4,3.482238390E-4
4.530757546E1,5.685717333E-4,-2.819580957E-3,-9.267285932E-4
4.531753846E1,-1.602703589E-3,-2.076558769E-3,-1.040978124E-3
4.532750146E1,-4.619304091E-4,-8.038245142E-4,-7.903063670E-5
4.533746446E1,-1.559951808E-3,8.806819096E-5,-8.941692067E-5
4.534742846E1,-1.896000467E-4,6.313936319E-4,-1.190857845E-3
4.535739146E1,4.205302102E-4,1.826886553E-3,-6.843246520E-4
4.536735446E1,-1.902841032E-4,9.488714859E-4,9.174575098E-6
4.537731746E1,1.275785966E-3,-1.049411949E-4,5.870941095E-5
4.538728146E1,9.509291849E-4,9.974320419E-4,3.804784501E-4
4.539724446E1,1.273437985E-3,-8.088187315E-5,-1.058960101E-3
4.540720746E1,2.123871818E-4,1.406390220E-5,-1.176629215E-3
4.541717046E1,-1.320528332E-3,6.500267191E-4,-1.518046483E-3
4.542713446E1,-2.745522652E-4,-1.452357043E-3,2.286259551E-4
4.543709746E1,-2.057804959E-3,1.312270528E-3,-4.400938051E-4
4.544706046E1,-9.947192157E-4,-4.843990318E-4,-1.409270917E-4
4.545702346E1,6.282111863E-4,1.912449952E-4,4.492293810E-4
4.546698746E1,1.991991885E-3,1.839403063E-3,-1.733540557E-6
4.547695046E1,1.803706284E-3,6.620195927E-4,-1.348227845E-3
4.548691346E1,8.485243889E-4,1.956091961E-3,-9.335156064E-4
4.549687646E1,-1.776553341E-3,9.709887672E-4,-1.296770759E-3
4.550684046E1,-8.046502480E-4,-2.338528633E-3,-1.401478890E-3
4.551680346E1,-5.742869107E-4,-2.852312755E-4,-1.376977889E-3
4.552676646E1,-1.193550648E-3,-2.170578809E-3,2.481619595E-4
4.553672946E1,8.040864486E-4,7.162879920E-4,-1.107653370E-3
4.554669346E1,9.208800620E-4,-1.157393213E-3,-2.151645487E-3
4.555665646E1,-9.209620766E-4,-1.494815573E-3,-8.680018364E-4
4.556661946E1,-1.529012807E-4,6.288159639E-4,-4.753552494E-4
4.557658246E1,1.103844377E-3,-3.870594781E-3,-3.800141276E-4
4.558654646E1,-8.799443021E-4,2.165880986E-3,-7.354359841E-4
4.559650946E1,1.219369005E-4,-1.774798380E-3,-7.482192013E-4
4.560647246E1,2.054847777E-3,8.719244506E-4,-6.569945253E-4
4.561643546E1,1.962276874E-4,2.292987192E-3,-1.738237916E-3
4.562639946E1,2.523913281E-4,1.924192999E-3,-1.046605175E-3
4.563636246E1,-7.766539929E-4,1.715401071E-3,-5.067823804E-4
4.564632546E1,-2.941638697E-3,-1.846396131E-3,-7.265637978E-4
4.565628846E1,-2.182105090E-3,-1.522023231E-3,-1.468254137E-3
4.566625246E1,-2.734475769E-3,-3.127405420E-3,-1.338912640E-3
4.567621546E1,-9.941000026E-4,-1.997924410E-4,-1.314353431E-4
4.568617846E1,-1.394450665E-4,-1.127152238E-3,2.667363733E-4
4.569614146E1,8.778824704E-4,1.525622327E-3,-9.769598255E-4
4.570610546E1,6.512593245E-4,3.359825816E-3,-4.836391890E-4
4.571606846E1,2.568452619E-4,1.685496303E-3,1.657275949E-3
4.572603146E1,-3.628205741E-4,2.183238976E-4,-4.008050309E-4
4.573599446E1,6.035575643E-5,1.448171679E-3,-3.754987847E-5
4.574595846E1,-9.195848834E-4,1.392789884E-3,1.059739036E-3
4.575592146E1,9.627373656E-4,7.658817340E-4,6.786406739E-4
4.576588446E1,3.345600562E-4,4.441677593E-4,6.271600723E-4
4.577584746E1,3.537348239E-4,-5.459955428E-4,1.265786006E-3
4.578581146E1,-1.942911535E-3,-2.731161192E-3,-5.341925425E-4
4.579577446E1,-1.258212724E-3,-2.202523872E-3,7.467879914E-4
4.580573746E1,-1.833324321E-3,-2.342949854E-3,2.415761119E-4
4.581570046E1,1.797591103E-4,1.665373682E-3,7.952472661E-4
4.582566346E1,8.408683352E-4,2.011849079E-3,-8.367199916E-4
4.583562746E1,6.643008674E-4,1.335139852E-3,-5.914428621E-4
4.584559046E1,-1.702987356E-4,1.995893428E-3,1.037934446E-3
4.585555346E1,-5.964046577E-4,-1.812693197E-3,-1.700753346E-4
4.586551646E1,5.144185852E-4,-1.381369075E-3,8.098899852E-4
4.587548046E1,-1.143537229E-4,-1.004265388E-3,-9.480625740E-4
4.588544346E1,-7.188185118E-4,-1.034703571E-3,7.983657997E-5
4.589540646E1,1.223158557E-3,1.458015176E-3,2.316368045E-4
4.590536946E1,4.969127476E-4,8.377444465E-4,8.723902283E-4
4.591533346E1,-1.855191076E-3,6.180336932E-4,-3.321574768E-4
4.592529646E1,-1.128187752E-3,9.589632973E-4,1.671389095E-3
4.593525946E1,-8.930306649E-4,1.010894892E-3,-6.926989299E-4
4.594522246E1,8.360845968E-4,-6.199616473E-4,-4.714495735E-4
4.595518671E1,8.115834789E-4,-2.322054934E-4,8.302053902E-5
4.596514971E1,-2.903487766E-4,6.139778998E-5,-1.005763188E-3
4.597511271E1,-5.990091013E-4,-1.629975857E-3,9.092653636E-5
4.598507571E1,-5.204601912E-4,-1.159766456E-3,-1.133276150E-3
4.599503971E1,-5.564129679E-4,-1.128607430E-3,-8.626990020E-4
4.600500271E1,5.544348154E-3,-7.088303100E-3,-3.771637566E-4
4.601496571E1,-1.691194018E-3,1.079082862E-2,-2.940731356E-4
4.602492871E1,-5.503436550E-4,1.249470748E-3,-7.836726727E-4
4.603489171E1,7.500780048E-4,-1.277793199E-2,-6.774124922E-4
4.604485571E1,-6.175265182E-3,1.213700511E-2,-2.240079921E-3
4.605481871E1,2.415026771E-3,-1.521282131E-3,1.375693711E-3
4.606478171E1,1.550738234E-4,-1.524410443E-3,4.193458008E-4
4.607474471E1,-1.052403357E-3,3.826412838E-3,6.302681286E-4
4.608470871E1,2.120475518E-3,-3.293444403E-3,1.899771509E-3
4.609467171E1,-6.060688756E-4,-5.410674494E-4,-9.972986300E-5
4.610463471E1,-3.822979517E-3,1.929208054E-3,1.498330384E-4
4.611459771E1,-7.225273876E-4,-6.046161056E-3,1.264365856E-3
4.612456171E1,-5.233742995E-4,-2.989663277E-3,-7.081427611E-6
4.613452471E1,-2.288783900E-3,8.628654759E-4,-5.152126541E-4
4.614448771E1,-1.208657515E-3,-1.187711488E-3,1.212403877E-4
4.615445071E1,-6.086471258E-4,9.619840421E-5,9.510813979E-4
4.616441371E1,1.148779062E-3,5.295554642E-3,4.450740525E-4
4.617437771E1,1.653714338E-3,6.193572655E-3,3.971371334E-4
4.618434071E1,2.048926894E-3,4.913419485E-3,6.914554397E-4
4.619430371E1,1.033729874E-3,-1.371108228E-3,1.207576133E-3
4.620426671E1,-1.339580398E-3,-5.102234893E-3,1.802955754E-3
4.621423071E1,-2.478614450E-3,-4.089434631E-3,1.957380446E-4
4.622419371E1,-3.127759090E-3,-4.682852887E-3,1.115698717E-3
4.623415671E1,-2.191658365E-3,-2.211172832E-3,5.476463120E-4
4.624411971E1,-6.764514837E-4,-5.111256614E-4,2.333749086E-3
4.625408371E1,1.648754464E-3,1.919541392E-3,1.956112683E-3
4.626404671E1,1.292148605E-3,3.813516814E-3,8.636907442E-4
4.627400971E1,8.713690913E-4,3.510182723E-3,2.756133210E-3
4.628397271E1,3.509753151E-4,3.374326043E-3,2.435001545E-3
4.629393571E1,1.572034671E-3,2.049669856E-3,1.172130695E-3
4.630389971E1,-1.510775299E-3,9.634379530E-4,1.624528202E-3
4.631386271E1,-1.458843588E-3,-2.304260619E-3,6.050700322E-4
4.632382571E1,-1.633789972E-3,-2.633053111E-3,1.826649648E-3
4.633378871E1,-1.722739660E-3,-2.580855275E-3,2.375413897E-4
4.634375271E1,-1.790587674E-3,4.187852610E-4,1.640576986E-3
4.635371571E1,-4.744533217E-4,-1.574058086E-3,-2.707737149E-4
4.636367871E1,1.092607854E-3,5.321425851E-4,2.509807236E-3
4.637364171E1,-7.311248919E-4,-9.866582695E-4,1.583293546E-3
4.638360471E1,-1.128931413E-3,1.858450705E-4,7.568015717E-4
4.639356871E1,3.776187077E-4,8.689458482E-4,7.450836711E-4
4.640353171E1,1.328604529E-3,-4.142043181E-4,1.357474481E-3
4.641349471E1,2.205767669E-5,-1.085587312E-3,2.650457900E-4
4.642345771E1,2.756292233E-4,1.144381473E-3,-2.858327352E-4
4.643342171E1,-4.104011459E-4,1.226673136E-3,7.381527685E-4
4.644338471E1,5.329782143E-4,5.462439731E-5,2.032628749E-3
4.645334771E1,-3.463975154E-4,1.328947023E-3,-3.900487209E-4
4.646331071E1,1.477380982E-3,-8.980673738E-4,1.256759278E-3
4.647327371E1,-1.400430920E-3,2.641362371E-4,1.890980639E-4
4.648323771E1,1.910061110E-5,5.819384241E-4,1.104005263E-3
4.649320071E1,5.400149385E-4,-1.528350404E-3,1.462999382E-3
4.650316371E1,-1.365647418E-3,1.621792559E-3,1.117869397E-3
4.651312671E1,-1.904138597E-3,8.550685598E-4,1.269403263E-3
4.652309071E1,-1.022199867E-4,7.505421527E-4,-6.238272181E-5
4.653305371E1,-2.926361049E-4,-3.448158968E-4,-3.931473475E-4
4.654301671E1,9.847020265E-4,2.021947876E-5,-3.824926680E-4
4.655297971E1,-4.238438560E-4,-7.097530179E-4,-1.561240060E-4
4.656294271E1,-1.577708288E-3,-1.833432121E-3,-1.089122496E-3
4.657290671E1,-3.641057992E-4,-1.878972165E-3,5.436711945E-6
4.658286971E1,-1.222342835E-3,-3.970395774E-4,-1.158316620E-3
4.659283271E1,-4.007577663E-4,-7.648221217E-4,-1.363113755E-3
4.660279571E1,-1.380729955E-4,-1.785316272E-3,-5.226659123E-4
4.661275871E1,7.543521933E-4,9.301106911E-5,1.135418308E-3
4.662272271E1,-4.610368051E-4,1.094093313E-3,-3.821575083E-4
4.663268571E1,1.986282878E-4,1.431515906E-3,-2.202372998E-4
4.664264871E1,1.387343509E-4,1.756889978E-3,1.956758089E-3
4.665261171E1,-1.088982914E-3,9.262500098E-4,8.898958331E-4
4.666257571E1,-2.271069679E-4,2.985723550E-4,3.327571321E-4
4.667253871E1,-2.009294229E-3,7.515760371E-4,8.842978859E-4
4.668250171E1,-1.567400992E-3,-7.721963339E-4,9.048826760E-4
4.669246471E1,-2.130126813E-3,-4.350400995E-4,1.823407016E-3
4.670242771E1,-9.412006475E-4,-1.738572260E-3,9.904329199E-4
4.671239171E1,-1.060776645E-3,-7.526699919E-4,-2.503339201E-4
4.672235471E1,1.267224783E-3,3.477528226E-4,-3.036083654E-4
4.673231771E1,7.431146223E-4,8.894397179E-4,1.209067064E-3
4.674228071E1,-6.187376566E-4,2.121554455E-3,8.656611899E-4
4.675224371E1,-5.106134340E-4,1.064812299E-3,4.153206246E-4
4.676220771E1,1.876232331E-3,1.745658228E-3,1.418018946E-4
4.677217071E1,9.502511821E-4,3.408407792E-4,-3.005492035E-4
4.678213371E1,6.616400788E-4,7.983249379E-4,5.588836502E-4
4.679209671E1,-4.912423901E-4,-1.037658192E-3,-1.081623603E-3
4.680206071E1,1.147646690E-4,-2.026240341E-3,-1.817526296E-3
4.681202371E1,-7.835195865E-4,-1.416376559E-3,-9.075242560E-4
4.682198671E1,-8.960246341E-4,-1.327765640E-4,-1.562924590E-4
4.683194971E1,6.171833957E-4,-5.708665121E-4,7.563728141E-4
4.684191271E1,-1.005644561E-3,4.678920377E-4,5.167651689E-4
4.685187671E1,1.210638089E-3,-4.567576107E-4,-6.454383256E-4
4.686183971E1,-1.482555876E-3,2.012609271E-3,-1.807659515E-3
4.687180271E1,1.145184971E-3,-7.850467227E-5,2.030270407E-4
4.688176571E1,-2.624486340E-3,-2.713909838E-3,-6.483501056E-5
4.689172871E1,-3.886558348E-3,1.372977276E-3,1.262750826E-3
4.690169271E1,-5.320758792E-4,-5.075249355E-4,4.835358122E-4
4.691165571E1,5.819243379E-4,-3.592530964E-3,1.096279593E-4
4.692161871E1,-7.069651037E-4,4.337632097E-3,-1.120087691E-3
4.693158171E1,3.100289963E-3,1.082716743E-3,-3.730709432E-4
4.694154471E1,2.665254753E-3,-4.217640962E-4,-1.181641594E-3
4.695150871E1,-2.463794081E-4,1.954840729E-3,-2.035717247E-3
4.696147167E1,-5.831663730E-4,-3.486718051E-4,-1.294754911E-4
4.697143467E1,1.470723655E-4,-1.428317279E-3,-1.831768081E-3
4.698139767E1,-9.933789261E-5,7.358146831E-5,-1.463809982E-3
4.699136067E1,2.956088865E-4,8.943676949E-4,-2.544685267E-4
4.700132467E1,6.574227009E-4,-1.795424847E-3,-1.235196600E-3
4.701128767E1,8.766007959E-4,-1.771190204E-3,-2.267970471E-3
4.702125067E1,-1.835874282E-3,1.411005622E-3,-2.085459419E-3
4.703121367E1,1.147931325E-3,1.156673650E-3,3.891498782E-4
4.704117667E1,5.436370848E-4,-1.293516252E-4,-2.064275090E-3
4.705114067E1,1.971091377E-3,-3.880425356E-5,-1.142555149E-3
4.706110367E1,3.888413776E-4,2.381389961E-3,-3.347554593E-4
4.707106667E1,-4.252870567E-4,3.142444184E-4,-6.673842436E-4
4.708102967E1,-7.628452731E-4,-1.426910283E-3,-5.947347963E-4
4.709099267E1,-1.339952345E-3,-1.643691445E-3,1.964904368E-4
4.710095667E1,-1.218824997E-3,-4.710722715E-5,-4.113852629E-4
4.711091967E1,-3.815271193E-4,-3.565568477E-5,-1.114726067E-3
4.712088267E1,1.027778024E-3,2.710174304E-4,-4.197888775E-4
4.713084567E1,3.063278273E-4,-1.210232731E-3,4.955396289E-4
4.714080867E1,2.279153559E-4,1.644432428E-3,-6.417382974E-5
4.715077267E1,2.082079882E-4,1.024448546E-3,-4.868175020E-4
4.716073567E1,-6.255727494E-4,5.499483086E-4,-5.112346844E-4
4.717069867E1,-1.368826488E-4,4.753798712E-4,-7.314780960E-4
4.718066167E1,3.958374728E-4,1.069498365E-3,-7.045036182E-4
4.719062467E1,1.416627085E-3,3.975827713E-4,-1.362038078E-3
4.720058867E1,8.424227126E-4,-2.394525800E-4,3.012384987E-4
4.721055167E1,-1.822336344E-3,-2.410727786E-3,-1.251336071E-4
4.722051467E1,-4.742132733E-4,-2.096727258E-3,-1.336492016E-3
4.723047767E1,-1.196995261E-3,-2.988274209E-4,-1.340220449E-3
4.724044067E1,-1.260750694E-3,1.354312990E-3,-1.795102726E-4
4.725040467E1,1.123751281E-4,-2.992437221E-4,8.760474157E-5
4.726036767E1,2.532621147E-4,-4.825287033E-4,-1.425148570E-3
4.727033067E1,-1.099929214E-4,7.124316180E-4,2.012439072E-4
4.728029367E1,-1.343498006E-4,2.821828471E-3,6.431773072E-4
4.729025667E1,-8.448811714E-4,-1.921318471E-6,7.938605268E-5
4.730022067E1,-1.837954624E-4,1.191603951E-4,2.679608297E-4
4.731018367E1,-3.385251621E-4,-6.251931190E-4,-8.196741110E-4
4.732014667E1,-8.608386852E-4,-2.939179540E-4,4.440220073E-5
4.733010967E1,-4.299392458E-4,-5.919255782E-4,-1.656825072E-3
4.734007267E1,-1.339912415E-4,-1.185562462E-3,3.390557831E-4
4.735003667E1,-1.877030125E-3,-8.657167200E-4,-1.741353772E-4
4.735999967E1,-7.631414337E-4,1.209912705E-3,2.519804984E-4
4.736996267E1,1.049672253E-3,-6.617568433E-4,3.457237035E-4
4.737992567E1,6.874091923E-6,1.306173392E-3,-8.704117499E-4
4.738988867E1,5.850463640E-4,-8.053472266E-5,-8.637714200E-5
4.739985267E1,9.625906823E-4,1.242812723E-3,1.246959437E-5
4.740981567E1,-5.442259135E-4,2.974271774E-5,-8.509272593E-4
4.741977867E1,-7.512761513E-4,5.324711092E-4,-5.890082102E-4
4.742974167E1,1.196293626E-3,-3.241494298E-3,-5.051703192E-5
4.743970467E1,-2.231245860E-3,3.533210838E-4,-2.488634316E-3
4.744966867E1,1.109955716E-3,1.173841069E-3,-4.116350319E-4
4.745963167E1,2.094259020E-3,-7.965178229E-4,2.869938035E-4
4.746959467E1,1.826611464E-3,4.042712040E-3,6.161604542E-4
4.747955767E1,-3.082996700E-4,3.922458272E-4,6.559849717E-4
4.748952067E1,-3.192184959E-4,-5.308059044E-4,5.677377339E-5
4.749948367E1,-9.310221067E-4,-1.066992991E-5,-1.073945197E-3
4.750944767E1,7.430410478E-4,6.063844776E-4,3.135617590E-4
4.751941067E1,5.470821634E-6,3.662524978E-4,3.047168721E-4
4.752937367E1,9.610130801E-4,7.635961520E-4,-1.329398714E-3
4.753933667E1,6.753773196E-4,1.029608655E-3,1.241368125E-3
4.754929967E1,-1.856226008E-4,-7.541766390E-4,-5.408192519E-4
4.755926367E1,-1.659794711E-3,1.144635258E-3,2.039279207E-4
4.756922667E1,-1.526636770E-3,4.448345862E-5,3.141827765E-4
4.757918967E1,2.025318099E-4,-8.767945692E-4,5.311356508E-4
4.758915267E1,1.587641891E-3,1.703275833E-3,1.111551537E-4
4.759911567E1,1.620948780E-3,1.341389026E-3,-7.872632705E-5
4.760907967E1,1.175401849E-3,1.988270786E-3,4.879942862E-4
4.761904267E1,1.452899771E-3,1.342084724E-4,1.262746984E-3
4.762900567E1,-7.415679283E-5,4.524561809E-4,-4.579214728E-4
4.763896867E1,-8.811431471E-4,8.898731321E-4,-1.325544436E-3
4.764893167E1,7.023724029E-4,-7.690098137E-4,3.298765514E-4
4.765889467E1,2.846183488E-4,-3.162380308E-4,-2.665549517E-3
4.766885867E1,-4.948889837E-4,-6.512273103E-6,-1.238284749E-4
4.767882167E1,3.243029350E-4,1.184689580E-3,-5.648948718E-5
4.768878467E1,-1.704759430E-3,3.103737254E-4,-1.376884757E-3
4.769874767E1,-7.716659456E-5,-9.304215200E-4,-9.196277242E-4
4.770871067E1,-1.476125093E-3,1.343104523E-4,-9.657004266E-4
4.771867467E1,-2.126722131E-3,-6.054900587E-4,-1.605070196E-3
4.772863767E1,5.108723417E-4,1.098134206E-3,-1.048319973E-6
4.773860067E1,3.571263514E-4,3.022047458E-4,-1.704102033E-4
4.774856367E1,-1.286843093E-3,1.134708989E-3,1.412040088E-3
4.775852667E1,-3.348641330E-4,5.542597501E-4,-1.667204779E-4
4.776848967E1,2.638144651E-4,7.675494999E-5,2.228526399E-3
4.777845367E1,-1.295795664E-3,-6.272881292E-4,-4.428889952E-4
4.778841667E1,-6.811378989E-4,-4.544488620E-4,7.073302986E-4
4.779837967E1,4.054799210E-4,-1.119548921E-3,-7.619012613E-4
4.780834267E1,1.242245082E-3,1.246936154E-3,9.305376443E-4
4.781830567E1,1.547521562E-3,-3.676745109E-5,3.185189562E-4
4.782826967E1,-1.413380960E-3,-5.654050037E-4,-5.217082798E-4
4.783823267E1,9.734522318E-4,6.633112207E-5,3.270156449E-4
4.784819567E1,1.324723242E-3,5.110790953E-4,3.818768309E-4
4.785815867E1,-1.438814215E-4,-6.463795435E-4,7.297464763E-4
4.786812167E1,-4.522756208E-4,2.345941029E-4,-7.799029117E-5
4.787808467E1,-6.841541035E-4,2.990722423E-4,2.008025767E-3
4.788804867E1,-1.304830657E-4,-5.470139440E-4,7.323903264E-5
4.789801167E1,-1.588811516E-3,8.257876616E-4,1.815401483E-4
4.790797467E1,4.506373079E-4,-1.555872150E-4,1.735506812E-4
4.791793767E1,4.701302387E-4,9.207670810E-4,6.100367173E-4
4.792790067E1,1.329532359E-3,5.630496889E-5,-1.053373679E-3
4.793786467E1,-8.014547639E-4,-5.005886778E-4,-8.852861356E-4
4.794782767E1,1.040653675E-3,1.171610085E-3,-8.879493107E-4
4.795779071E1,-8.690659888E-5,-1.145643182E-3,1.451531425E-3
4.796775371E1,1.072101062E-3,-5.613456015E-4,-6.225383258E-4
4.797771671E1,-4.606676521E-4,7.044832455E-4,-1.636980800E-3
4.798767971E1,3.601184580E-4,-8.606566116E-4,6.336304359E-4
4.799764371E1,3.214968601E-4,-5.628215149E-4,-5.019532982E-4
4.800760671E1,-1.611958025E-3,7.599706296E-4,-9.715283522E-5
4.801756971E1,6.793125067E-5,-1.579380827E-3,5.738494801E-4
4.802753271E1,5.217338912E-4,-3.255645279E-4,-3.255222691E-5
4.803749571E1,1.056371490E-3,1.436275896E-3,-1.269158674E-3
4.804745871E1,6.193466252E-4,-6.420549471E-4,-5.522356369E-4
4.805742271E1,-2.029892057E-4,2.068198519E-4,-6.163970102E-5
4.806738571E1,2.223176416E-4,6.252024323E-4,-1.412681886E-4
4.807734871E1,-9.837499820E-4,2.099470003E-4,1.340394374E-5
4.808731171E1,-3.271671943E-3,-1.067837700E-3,9.143457282E-5
4.809727471E1,-1.875491580E-4,-2.048826311E-3,2.658125944E-3
4.810723771E1,-1.990009332E-4,6.675978657E-4,-7.168982993E-4
4.811720171E1,6.730650784E-4,3.603135701E-4,-4.680246348E-4
4.812716471E1,-6.870111683E-4,4.519262584E-4,-1.118368586E-3
4.813712771E1,2.820271766E-4,-1.020956552E-3,1.168700983E-4
4.814709071E1,-2.559312852E-4,-5.298696924E-4,-8.671679534E-4
4.815705371E1,2.040755935E-4,7.604147540E-4,1.547704218E-3
4.816701671E1,-3.732976038E-4,-1.698273700E-4,-2.640442690E-4
4.817698071E1,-9.101723554E-4,1.847617212E-3,1.070730621E-3
4.818694371E1,-1.264039893E-4,-5.676643923E-6,-2.104822546E-3
4.819690671E1,-2.394414041E-4,-3.143672366E-4,-7.179499371E-4
4.820686971E1,2.479170216E-4,-1.439249609E-4,-9.749449673E-4
4.821683271E1,2.874233760E-4,-5.794984754E-4,7.288573543E-4
4.822679571E1,3.495567944E-5,-5.472742487E-4,-2.133690869E-4
4.823675971E1,1.233481336E-3,6.997409509E-4,-3.424001625E-5
4.824672271E1,-6.491072709E-4,-6.005889736E-5,8.097157697E-4
4.825668571E1,-4.079174250E-4,9.792728815E-5,-8.847250137E-4
4.826664871E1,-5.573208909E-4,2.277724678E-3,-1.544862171E-4
4.827661171E1,-3.080583410E-4,-4.252784420E-4,-1.423930516E-4
4.828657471E1,-1.711011748E-3,7.912423462E-5,-1.067042584E-3
4.829653871E1,3.481848398E-4,-9.781066328E-4,-3.095974680E-4
4.830650171E1,-8.350575808E-4,-8.248537779E-5,-7.556769415E-4
4.831646471E1,-1.571675297E-3,9.210675489E-4,-1.372565166E-3
4.832642771E1,-1.347437035E-3,5.138702691E-4,2.426419524E-4
4.833639071E1,7.246420719E-4,2.735517919E-4,-3.549911780E-4
4.834635371E1,-6.977887824E-5,8.975303499E-4,-8.513918146E-6
4.835631771E1,3.402060829E-4,5.544910673E-4,2.964684390E-4
4.836628071E1,-3.586075036E-4,1.837335760E-3,-2.766437829E-4
4.837624371E1,6.237225607E-4,9.863404557E-6,-5.150830257E-4
4.838620671E1,-1.043682452E-3,-4.351506941E-4,-6.000378635E-4
4.839616971E1,-1.922652591E-4,-8.225671481E-4,-1.890906715E-4
4.840613271E1,-1.419449924E-3,2.967594191E-4,1.022381359E-3
4.841609671E1,-1.384467585E-3,-5.678338930E-4,2.379713114E-4
4.842605971E1,-1.887083054E-4,1.706606708E-4,5.791222211E-4
4.843602271E1,4.259166308E-4,6.936085410E-4,-3.288786975E-4
4.844598571E1,2.424885286E-3,-6.912352983E-4,-4.868041142E-4
4.845594871E1,-3.813939402E-4,-1.216836739E-3,-2.468735329E-4
4.846591171E1,-5.555645330E-4,7.951813750E-4,1.251154696E-3
4.847587571E1,-1.484873937E-3,-2.012853511E-4,5.750308046E-4
4.848583871E1,-1.715237508E-3,-1.371030230E-4,-5.853519542E-5
4.849580171E1,5.080194678E-4,7.918584161E-4,1.450743875E-4
4.850576471E1,1.480339561E-3,-1.589007676E-3,-7.023434155E-4
4.851572771E1,-1.724696951E-3,-1.318234252E-3,-4.788357473E-4
4.852569071E1,-1.148160081E-4,1.891149441E-4,6.862972514E-4
4.853565371E1,8.417065255E-4,7.464116206E-4,-4.360641178E-4
4.854561771E1,5.828472786E-4,6.252378225E-4,-4.324788461E-5
4.855558071E1,-1.703631599E-3,3.042024327E-4,7.045572274E-4
4.856554371E1,-5.211879034E-4,-3.581256606E-4,-1.738893101E-3
4.857550671E1,5.874244962E-4,8.291435661E-4,-1.141194254E-3
4.858546971E1,3.245704575E-4,-2.885849681E-4,-1.355578657E-3
4.859543271E1,-2.122652950E-4,1.632769126E-4,9.187518735E-4
4.860539671E1,1.585634891E-3,-3.113388084E-5,1.411088160E-4
4.861535971E1,-3.838314442E-4,2.505800221E-4,9.297963697E-5
4.862532271E1,-1.464808476E-3,7.227584720E-4,-5.419179797E-4
4.863528571E1,5.967437755E-5,-1.267760992E-3,4.310642835E-4
4.864524871E1,-6.814834196E-4,-5.364569370E-4,3.159017069E-5
4.865521171E1,-1.697491389E-3,1.089065336E-4,1.528342720E-3
4.866517571E1,1.085778233E-3,6.689693546E-4,9.104892961E-4
4.867513871E1,1.202293439E-3,9.049302898E-4,-1.263575046E-3
4.868510171E1,1.309885178E-3,7.749680663E-4,-1.391140511E-3
4.869506471E1,-1.195160439E-4,1.948707504E-4,-9.960660245E-4
4.870502771E1,-2.396247583E-4,1.095285523E-3,1.181600732E-3
4.871499071E1,-6.323189009E-4,1.236088225E-3,1.498946222E-5
4.872495371E1,-8.983686566E-4,-1.820451580E-4,9.138063760E-4
4.873491771E1,1.170723466E-3,4.211727064E-4,-1.321130665E-3
4.874488071E1,7.041377248E-4,-1.024391036E-3,1.271456596E-3
4.875484371E1,3.431108780E-4,-1.537939301E-3,2.137901029E-4
4.876480671E1,2.025163500E-3,-1.683347858E-3,-4.717075790E-4
4.877476971E1,-4.045915557E-4,9.374286747E-4,-3.900727024E-4
4.878473271E1,-5.917949602E-5,-1.267668791E-3,2.223819960E-3
4.879469571E1,1.414885512E-3,9.649340063E-4,3.093548003E-4
4.880465971E1,7.818521699E-4,2.290389268E-3,1.066882396E-4
4.881462271E1,-2.425070852E-5,9.362768615E-4,-5.687811645E-4
4.882458571E1,2.927880269E-5,5.322752986E-4,-2.902145498E-4
4.883454871E1,-3.339538816E-4,1.345835626E-3,-6.731979083E-4
4.884451171E1,5.105343880E-4,1.654495951E-3,-1.810457325E-4
4.885447471E1,-8.428904694E-4,1.205034787E-4,1.969376463E-4
4.886443871E1,-7.086670958E-4,-2.882918343E-4,-4.699179262E-4
4.887440171E1,-1.701435540E-3,-9.863120504E-4,1.033202279E-3
4.888436471E1,9.228433482E-4,-1.910920255E-4,-8.451251779E-4
4.889432771E1,2.121602884E-4,-1.369128702E-3,-6.341811968E-5
4.890429071E1,6.222870434E-4,-2.194419503E-4,4.508382990E-4
4.891425371E1,-6.082950858E-4,-3.724975977E-4,6.571435952E-4
4.892421671E1,-8.381257067E-4,4.885023227E-4,9.405039600E-4
4.893418071E1,1.911364961E-5,2.727131825E-3,5.094279186E-4
4.894414371E1,7.711902726E-4,2.770237625E-4,1.538958750E-4
4.895410671E1,-9.647557745E-4,-8.595036343E-4,1.538099721E-3
4.896406946E1,-2.174727852E-4,1.676092041E-3,1.743476605E-5
4.897403246E1,-1.037411974E-3,-1.706026727E-3,-3.015058464E-4
4.898399546E1,4.379792372E-4,-2.434186172E-4,-1.481286250E-3
4.899395846E1,-6.245701807E-4,-6.824804004E-4,-6.422469160E-4
4.900392246E1,-7.790335221E-4,-1.010848209E-3,-7.845571963E-5
4.901388546E1,-8.203226607E-4,7.108742138E-4,3.603940131E-4
4.902384846E1,6.855116226E-6,6.072772667E-4,4.219129914E-4
4.903381146E1,4.631276242E-4,-1.252092421E-3,-1.177273807E-4
4.904377446E1,-2.074564109E-4,-1.029452309E-3,2.143688034E-4
4.905373746E1,9.291269816E-5,2.171090338E-3,-6.409523194E-4
4.906370046E1,8.945062291E-5,-4.406718072E-4,4.493457964E-4
4.907366446E1,-2.297497122E-4,-3.861142322E-4,-1.196777681E-3
4.908362746E1,1.157491002E-3,3.691581078E-4,1.952566672E-4
4.909359046E1,1.563540893E-3,8.007637225E-4,8.625531336E-5
4.910355346E1,-6.197184557E-4,6.737309741E-4,1.115415944E-5
4.911351646E1,1.538817538E-3,8.615904953E-4,-5.804884713E-4
4.912347946E1,-5.268747918E-5,7.441451307E-4,-3.168355324E-4
4.913344246E1,-1.360006630E-3,-4.428736866E-4,1.437531319E-3
4.914340646E1,-1.104343217E-3,-1.585103571E-3,-4.398508463E-5
4.915336946E1,-1.283179736E-4,-1.652023522E-3,-4.550779413E-4
4.916333246E1,-1.829545130E-3,-1.642169897E-3,-1.022863900E-3
4.917329546E1,-1.320355572E-3,-2.706418745E-4,4.608855234E-4
4.918325846E1,8.366280235E-5,8.697236190E-4,-6.746863364E-4
4.919322146E1,-1.669021090E-3,-1.178921899E-3,5.688605597E-5
4.920318446E1,1.213584444E-3,-4.726517946E-4,3.487684298E-4
4.921314846E1,-7.791084936E-4,1.557409531E-3,8.858063375E-4
4.922311146E1,-4.753808025E-5,9.286371060E-4,7.108366699E-4
4.923307446E1,2.199334092E-3,-8.671260439E-4,-3.017080599E-4
4.924303746E1,-3.138910979E-4,3.182470100E-4,5.952445208E-4
4.925300046E1,-6.231699372E-4,1.641388866E-3,6.564751966E-4
4.926296346E1,-4.308897769E-4,1.828609034E-3,-2.162214369E-3
4.927292646E1,-7.841404295E-4,-1.207002439E-3,-5.172740202E-4
4.928289046E1,-1.064305077E-3,1.330191037E-3,4.712913651E-4
4.929285346E1,1.552052563E-4,1.037773909E-3,3.793050419E-4
4.930281646E1,5.930289626E-4,-4.229699261E-4,4.607978626E-4
4.931277946E1,-8.067706367E-4,-1.185280271E-4,-2.039311221E-4
4.932274246E1,-8.379296632E-4,-9.802170098E-5,1.147356816E-3
4.933270546E1,-2.476855880E-4,2.177699935E-4,-7.785279304E-4
4.934266846E1,-6.286229473E-5,-4.588300362E-5,-1.098639914E-3
4.935263146E1,-2.071779454E-4,-9.063705802E-4,-2.822028473E-4
4.936259546E1,8.138779085E-4,8.720884798E-4,8.195468690E-4
4.937255846E1,-7.643641438E-4,1.716213766E-3,-1.436686609E-3
4.938252146E1,-5.073691718E-4,-9.948841762E-4,2.296532621E-4
4.939248446E1,1.134001650E-4,6.425924366E-4,-1.495031174E-4
4.940244746E1,6.201997166E-4,-9.113620035E-4,-1.486676279E-3
4.941241046E1,2.648344962E-4,1.940563088E-4,7.797372527E-4
4.942237346E1,4.192790948E-5,-1.447249902E-3,-3.062997712E-4
4.943233746E1,-2.243434777E-3,-1.392795937E-3,-5.492888158E-4
4.944230046E1,-1.754900441E-4,8.256173460E-4,1.045944751E-3
4.945226346E1,-8.508027531E-4,1.394100138E-3,-4.482915392E-5
4.946222646E1,7.437949535E-5,-4.416168667E-4,3.115017898E-4
4.947218946E1,7.141598035E-4,7.996956119E-4,8.595339023E-5
4.948215246E1,1.352253137E-3,-2.932655625E-4,1.512608840E-3
4.949211546E1,1.421555178E-3,5.225914065E-4,-1.159888576E-3
4.950207846E1,1.674821833E-3,-2.412032336E-4,7.120473310E-4
4.951204246E1,5.432299804E-4,3.683653194E-4,-1.229020767E-3
4.952200546E1,7.397712907E-4,4.836802837E-4,-9.579110192E-4
4.953196846E1,-1.047112746E-4,-1.744398614E-3,-9.015590767E-4
4.954193146E1,7.043570513E-4,-9.342650883E-4,1.512330142E-3
4.955189446E1,2.797634806E-4,3.122134367E-4,-2.155790571E-4
4.956185746E1,3.292983165E-4,-1.042803051E-3,-8.986798930E-4
4.957182046E1,-1.127381809E-3,-8.372643497E-4,6.764157442E-4
4.958178446E1,6.558707682E-4,-1.230046619E-4,8.556464454E-4
4.959174746E1,-1.045832410E-3,-3.185111564E-4,-3.610099957E-4
4.960171046E1,8.519361727E-4,8.894986240E-4,-3.615426249E-4
4.961167346E1,5.501470296E-4,2.026894828E-3,-7.228209870E-4
4.962163646E1,7.283125306E-4,1.048982143E-3,1.053773798E-3
4.963159946E1,-2.234490821E-4,2.212032909E-3,-1.288099913E-3
4.964156246E1,4.753642716E-4,4.644666333E-4,-2.385480911E-4
4.965152546E1,-7.288159104E-4,2.658658195E-4,-2.096248209E-4
4.966148946E1,3.433728125E-4,-1.696617575E-3,-3.454460239E-4
4.967145246E1,-9.411597857E-4,-2.739155665E-3,1.142834197E-3
4.968141546E1,-1.897234586E-3,1.615595538E-4,-3.735696082E-4
4.969137846E1,1.291982480E-3,1.315983711E-3,-3.001180012E-4
4.970134146E1,3.755887737E-4,6.813523360E-4,4.317185958E-4
4.971130446E1,-7.416920271E-4,6.520519964E-4,5.110364291E-4
4.972126746E1,-2.825632691E-4,1.471773023E-3,2.905267174E-4
4.973123046E1,4.892356228E-4,-3.561796620E-4,6.541775656E-4
4.974119446E1,2.672495088E-3,1.033457695E-3,1.894559828E-4
4.975115746E1,-4.003418144E-4,1.676404849E-3,9.703423129E-4
4.976112046E1,-8.264475036E-4,-1.642160118E-3,9.812612552E-4
4.977108346E1,-2.082127146E-3,-3.012507223E-4,-5.844245898E-4
4.978104646E1,7.956079207E-5,9.342981502E-5,-5.359550705E-4
4.979100946E1,-1.273155911E-3,-9.504789487E-4,-1.365757780E-4
4.980097246E1,-3.650179133E-4,4.908238770E-4,1.028557192E-3
4.981093546E1,8.707083762E-4,1.286754385E-3,3.282116377E-4
4.982089946E1,7.351534441E-4,4.755555419E-4,1.558059594E-3
4.983086246E1,3.089065431E-4,6.923754700E-5,-1.849337365E-3
4.984082546E1,4.039814230E-4,-2.162533347E-4,-1.761985710E-3
4.985078846E1,-2.352090087E-5,-1.436438179E-3,7.406908553E-4
4.986075146E1,-1.494917320E-3,2.101942664E-4,3.729083110E-4
4.987071446E1,3.906907514E-4,-1.726677641E-3,2.223515417E-3
4.988067746E1,1.585384831E-3,-9.421105497E-4,2.244021744E-3
4.989064046E1,-3.109356854E-3,8.940048283E-4,-1.733598765E-4
4.990060346E1,-1.063249889E-3,-7.337192073E-4,-3.493948025E-4
4.991056746E1,5.972106010E-8,7.012316491E-4,1.290055574E-3
4.992053046E1,5.782319931E-4,1.601912780E-3,-1.855137642E-3
4.993049346E1,1.324695768E-4,2.424324863E-3,1.969754230E-3
4.994045646E1,2.065054141E-4,1.595282927E-3,8.769828128E-5
4.995041946E1,-5.926957820E-4,-9.687617421E-6,1.265501371E-3
4.996038229E1,7.444773801E-4,1.892874483E-3,6.867964403E-4
4.997034529E1,-5.891459296E-4,-1.096355263E-3,6.865335745E-4
4.998030829E1,-4.277584376E-4,-1.112520695E-4,1.164304791E-3
4.999027229E1,-8.421917446E-4,-2.844980918E-4,-5.524401786E-4
5.000023529E1,3.040328156E-4,-7.124680560E-4,-2.794662141E-4
5.001019829E1,-2.071283525E-4,7.774893893E-4,-9.478150751E-4
5.002016129E1,-2.627883805E-4,3.503183834E-4,-2.289924305E-5
5.003012429E1,8.173764218E-4,3.523713676E-4,-5.600085715E-4
5.004008729E1,-2.078246325E-6,-1.124884002E-3,2.368091373E-4
5.005005029E1,3.832163056E-4,-1.557194628E-4,-2.203650656E-4
5.006001329E1,1.507869223E-3,-1.210331218E-3,-7.647151360E-4
5.006997629E1,1.131403027E-3,1.616189140E-3,-2.761752112E-4
5.007994029E1,-4.340029554E-4,2.038566396E-3,-5.424913252E-4
5.008990329E1,-6.322325207E-4,-1.262665493E-3,-2.009279095E-3
5.009986629E1,-1.678588567E-3,4.092670279E-4,2.386952983E-4
5.010982929E1,-6.354585057E-4,-3.599561751E-7,5.858288496E-4
5.011979229E1,-4.256014945E-4,3.634279128E-4,-1.949500525E-3
5.012975529E1,-1.332144137E-3,-3.358572721E-4,1.079627778E-3
5.013971829E1,-1.988347154E-3,1.248989953E-3,-7.105491823E-4
5.014968129E1,8.967627073E-4,-4.426338710E-4,-6.843387382E-4
5.015964429E1,-6.517104339E-5,3.358081449E-4,9.646905819E-4
5.016960829E1,-1.020607888E-3,9.934788104E-4,8.098647231E-5
5.017957129E1,9.722354589E-4,-1.088047866E-3,2.929741167E-4
5.018953429E1,1.059825299E-4,1.478934544E-3,-1.461852109E-3
5.019949729E1,-5.576771218E-4,-1.255332958E-3,5.826566485E-4
5.020946029E1,2.218045993E-4,-1.188733615E-3,1.895998139E-6
5.021942329E1,-2.753478708E-3,-7.642258424E-4,1.714042155E-3
5.022938629E1,-5.567738554E-4,4.787314683E-4,-8.489371976E-5
5.023934929E1,1.470690710E-3,-2.115453826E-3,8.682516636E-4
5.024931229E1,-1.412518090E-3,-1.231153728E-3,2.851831960E-5
5.025927629E1,1.169416588E-3,1.168354531E-3,4.223998403E-4
5.026923929E1,1.084327116E-3,1.891611959E-3,2.070789924E-4
5.027920229E1,2.405255102E-3,1.075353008E-3,-9.652134031E-5
5.028916529E1,6.607964169E-4,1.513884519E-3,2.826150157E-4
5.029912829E1,1.963614952E-3,-2.547206823E-4,-1.025529695E-3
5.030909129E1,-7.219454274E-4,-2.862736117E-3,-1.859454787E-4
5.031905429E1,-2.755269175E-3,-1.307450235E-3,8.391052252E-4
5.032901729E1,-4.521702649E-4,-2.517396118E-3,1.504712272E-4
5.033898029E1,4.445159575E-4,-1.148264855E-3,-2.125199884E-3
5.034894429E1,1.082735835E-3,1.928824931E-4,5.266271182E-4
5.035890729E1,-1.606524223E-3,-1.919444185E-4,7.399463211E-4
5.036887029E1,-2.249171957E-3,1.505836844E-4,2.832736936E-4
5.037883329E1,-7.570029702E-4,2.431847388E-3,-8.690761169E-4
5.038879629E1,-1.854071277E-3,2.086866647E-3,-1.118772663E-3
5.039875929E1,3.347807797E-4,1.529999659E-3,-1.353130909E-3
5.040872229E1,2.070379909E-3,1.181795727E-3,6.372057833E-4
5.041868529E1,-5.099568516E-4,3.660694929E-4,-2.661384060E-4
5.042864829E1,-4.925121320E-4,-2.288179705E-3,-1.797685982E-4
5.043861129E1,1.173028955E-3,-5.025304854E-4,-4.330351949E-4
5.044857529E1,3.165409435E-4,-1.092881663E-3,1.024895813E-3
5.045853829E1,3.844514722E-4,4.323106259E-4,-3.584119258E-5
5.046850129E1,1.011280227E-3,1.612963388E-4,8.458836819E-4
5.047846429E1,5.263185594E-4,9.165687952E-4,-1.540574944E-3
5.048842729E1,1.195030520E-3,4.081311636E-5,1.173914643E-5
5.049839029E1,-5.464104470E-4,-5.674529821E-4,7.470379351E-4
5.050835329E1,-1.063867239E-4,9.901102167E-4,-1.262015314E-3
5.051831629E1,-3.593870206E-4,1.031122985E-3,-1.368297962E-4
5.052827929E1,5.446387222E-4,-9.906159248E-4,1.120165689E-5
5.053824329E1,9.960444877E-4,5.859754747E-4,8.152099326E-4
5.054820629E1,-7.859760663E-4,6.559048779E-5,-1.265144674E-4
5.055816929E1,1.959315268E-4,1.341511030E-3,-6.684677210E-4
5.056813229E1,3.250601003E-4,8.016411448E-4,3.135170555E-4
5.057809529E1,9.336508811E-5,8.053695783E-4,5.164499162E-4
5.058805829E1,-1.404765295E-3,-3.784555010E-4,-6.648418494E-4
5.059802129E1,-1.554967603E-3,2.135035815E-3,-9.255652549E-4
5.060798429E1,-8.018462686E-4,-1.473663375E-3,-9.933958063E-5
5.061794729E1,-9.853380034E-4,-7.458212785E-4,-6.799086696E-4
5.062791029E1,6.752188783E-4,-2.146447310E-3,5.440987879E-4
5.063787429E1,-2.662085462E-4,2.144451719E-4,-4.785550118E-4
5.064783729E1,-3.193898592E-4,1.115330029E-3,6.775371730E-8
5.065780029E1,2.763593802E-4,-1.405085437E-3,-4.473432782E-4
5.066776329E1,9.237495251E-4,-1.091795508E-3,1.090498408E-3
5.067772629E1,-9.055758128E-4,4.384567728E-4,3.773038625E-4
5.068768929E1,-1.038153423E-4,1.391195343E-3,6.956948782E-4
5.069765229E1,9.577207384E-4,1.701187342E-3,4.016818129E-4
5.070761529E1,1.019938849E-3,1.676029991E-3,-8.208291838E-4
5.071757829E1,1.787728164E-3,1.069894526E-3,7.610885077E-4
5.072754129E1,2.188014332E-5,1.450469485E-3,1.840421464E-5
5.073750529E1,-9.437821573E-4,-1.843594480E-3,2.111382317E-3
5.074746829E1,-1.891814522E-3,-2.889439929E-3,7.001747726E-4
5.075743129E1,-6.848700577E-4,-2.828186844E-3,2.577969572E-3
5.076739429E1,3.172213910E-4,-5.471191835E-4,5.398810608E-4
5.077735729E1,1.273562550E-3,2.407924272E-3,-2.007440198E-4
5.078732029E1,-6.676223129E-4,1.122479327E-3,-6.949928356E-4
5.079728329E1,1.203780994E-3,1.418889151E-3,5.532306968E-4
5.080724629E1,8.160864236E-4,2.451868029E-3,-6.111806724E-4
5.081720929E1,-8.643682813E-4,2.997675911E-4,-9.102536133E-4
5.082717229E1,1.730495133E-4,4.226261517E-4,-1.693560975E-3
5.083713529E1,-1.878383569E-3,-9.544945788E-4,-1.091952901E-3
5.084709929E1,-1.787603833E-5,-1.638386399E-3,-4.430761619E-4
5.085706229E1,1.975736814E-4,-1.236781711E-3,-9.579997277E-5
5.086702529E1,-1.077616704E-3,-1.233325573E-3,2.040546387E-4
5.087698829E1,4.920504289E-4,1.845413353E-4,3.438706044E-4
5.088695129E1,-6.933126133E-5,1.669895602E-3,-2.346769325E-4
5.089691429E1,6.947296206E-4,1.008899068E-3,7.027557585E-4
5.090687729E1,1.603749348E-3,1.002261648E-3,-3.431394580E-4
5.091684029E1,4.681773717E-4,1.650208724E-3,1.119734952E-3
5.092680329E1,-2.555516548E-4,1.435576705E-4,-1.754925237E-3
5.093676629E1,5.013187183E-4,-3.986619413E-4,-1.019360148E-3
5.094673029E1,-6.046118215E-4,4.506446421E-4,-7.244956796E-4
5.095669329E1,-1.018733252E-3,-2.276625019E-4,4.824488424E-4
5.096665592E1,-9.234307799E-5,-2.251788275E-3,-1.085890806E-3
5.097661892E1,-1.166928443E-3,-1.178268343E-3,1.151947654E-4
5.098658192E1,-5.306969397E-4,2.342668595E-4,2.840527450E-4
5.099654492E1,-1.421524212E-3,-3.649443388E-4,5.615541595E-4
5.100650792E1,3.106198274E-4,4.848954268E-5,-4.310748191E-4
5.101647092E1,-5.048400490E-4,1.058626454E-3,-2.915251534E-4
5.102643392E1,2.069844399E-3,1.056349371E-3,1.421469497E-4
5.103639692E1,1.727628289E-3,3.532023868E-3,-7.686541067E-4
5.104635992E1,2.762485528E-4,1.247881446E-4,6.652029697E-4
5.105632292E1,1.285852864E-3,-1.745510381E-4,-2.780887298E-4
5.106628692E1,3.497708822E-4,3.258107463E-4,1.122634043E-3
5.107624992E1,-5.826017587E-4,-6.872557569E-4,-6.070890231E-4
5.108621292E1,-5.492604105E-4,-1.318125753E-3,-1.540483208E-3
5.109617592E1,-9.181083879E-4,1.967682503E-3,-2.075711382E-4
5.110613892E1,-4.346339265E-4,2.283819485E-4,-2.166823833E-4
5.111610192E1,-3.416895634E-4,1.991661033E-3,1.420362736E-3
5.112606492E1,1.520221820E-3,8.362830849E-4,3.319612006E-4
5.113602792E1,1.710637938E-3,-8.979674894E-4,1.122653717E-3
5.114599092E1,-2.680009929E-4,-4.882309586E-4,-7.196025690E-4
5.115595392E1,-1.694640378E-4,-4.868994001E-4,7.083844393E-4
5.116591692E1,-2.791198203E-4,-2.005410846E-3,-8.234712295E-4
5.117588092E1,-5.012274487E-4,-1.390220597E-3,4.292797530E-4
5.118584392E1,2.516200766E-5,2.004861599E-4,5.817862111E-4
5.119580692E1,2.353563672E-3,-1.030160580E-3,2.385390690E-5
5.120576992E1,-1.576761832E-3,6.773475325E-4,5.227682414E-4
5.121573292E1,-7.094698958E-6,-1.678218367E-3,5.480683176E-4
5.122569592E1,-1.474735327E-4,-2.579151187E-4,6.363269640E-4
5.123565892E1,4.117904464E-4,-1.634503016E-3,1.016093651E-3
5.124562192E1,-7.071043365E-4,8.089503972E-4,-5.535513046E-4
5.125558492E1,-1.264503924E-3,-4.760248121E-4,6.107827066E-4
5.126554792E1,-1.304427860E-4,-2.062756568E-3,-4.559065273E-4
5.127551092E1,-1.111551304E-3,-7.660635747E-4,1.144120703E-3
5.128547392E1,1.325659221E-3,1.650801860E-3,3.206213005E-3
5.129543792E1,-8.954457007E-5,9.839463746E-4,1.900731470E-3
5.130540092E1,4.016212188E-4,2.448157407E-3,-2.814183244E-4
5.131536392E1,7.227985188E-4,5.717133172E-5,-4.329522199E-4
5.132532692E1,6.513529224E-4,3.342581913E-4,-4.422603233E-4
5.133528992E1,1.293441048E-3,1.776643330E-4,1.119417371E-3
5.134525292E1,9.850878268E-5,4.798431182E-4,7.226713933E-5
5.135521592E1,-5.622091703E-5,-1.258135773E-3,-9.575772565E-4
5.136517892E1,-2.556020627E-4,-8.949891198E-4,-2.968424466E-3
5.137514192E1,-1.578394207E-3,-4.758075811E-4,-3.308808664E-5
5.138510492E1,-2.475460526E-3,-7.945676334E-4,-3.977963934E-5
5.139506792E1,-1.625050791E-4,-2.768491395E-4,-1.279747463E-3
5.140503092E1,7.635812508E-4,-6.462675519E-4,-8.049648022E-5
5.141499492E1,-1.450892305E-4,6.941014435E-4,2.188428189E-4
5.142495792E1,-1.050776336E-4,5.412220489E-4,3.533842391E-4
5.143492092E1,6.635106402E-4,1.018773764E-5,1.107591437E-3
5.144488392E1,1.635036082E-3,-1.399344532E-3,-7.227435708E-5
5.145484692E1,8.771005087E-4,-1.894703601E-4,7.419951726E-5
5.146480992E1,1.018463401E-3,-1.309164101E-3,-7.929725689E-4
5.147477292E1,1.301823766E-3,2.093703952E-4,-4.179994867E-4
5.148473592E1,3.147966927E-4,9.731574683E-4,3.024280886E-4
5.149469892E1,1.768083777E-3,-2.023619600E-4,-8.525848389E-4
5.150466192E1,7.942237426E-5,1.554884482E-3,-1.060821000E-3
5.151462492E1,2.429404994E-4,2.896166407E-4,-9.886493208E-4
5.152458792E1,1.485922839E-3,1.100693480E-3,-2.080898499E-3
5.153455092E1,4.875038285E-4,1.060027862E-4,8.999776910E-4
5.154451492E1,-1.346509787E-3,-2.620103769E-4,4.643865395E-5
5.155447792E1,-1.142652472E-4,-2.866582014E-3,-2.853912301E-4
5.156444092E1,-7.168869488E-4,8.442366961E-4,-5.755186430E-4
5.157440392E1,3.670195583E-4,-1.198276877E-4,-5.576754920E-4
5.158436692E1,4.915307509E-4,-3.313838970E-4,-1.473281765E-3
5.159432992E1,-3.883776953E-4,1.201531617E-3,2.359350910E-4
5.160429292E1,2.467379672E-4,1.195318298E-3,-1.729258802E-4
5.161425592E1,4.773676628E-4,2.917584497E-3,4.225570010E-4
5.162421892E1,-1.292366069E-4,1.972124679E-3,-1.767773647E-4
5.163418192E1,8.438825607E-4,1.556405216E-3,-2.692931797E-3
5.164414492E1,-6.087640068E-4,2.101384569E-3,5.909400061E-4
5.165410792E1,1.518347999E-4,-4.675006494E-4,-1.176067395E-3
5.166407092E1,-2.824346302E-4,1.256539254E-4,-1.577450894E-3
5.167403392E1,-1.711220597E-3,-1.767321024E-3,-1.485838089E-3
5.168399792E1,-1.190059935E-3,-2.128683962E-3,-4.094393516E-4
5.169396092E1,-2.780233510E-3,5.271122791E-5,-2.020918299E-3
5.170392392E1,-1.576327486E-3,-3.038265742E-3,-2.425106941E-4
5.171388692E1,-5.976157263E-4,4.576657666E-4,-4.672814684E-4
5.172384992E1,-3.870251821E-4,2.338441554E-4,-6.490749074E-4
5.173381292E1,2.811620943E-4,5.174707621E-4,8.106036112E-4
5.174377592E1,7.616258226E-4,2.700125333E-3,-1.670937054E-4
5.175373892E1,-1.322297729E-3,2.802124480E-3,-6.243584212E-4
5.176370192E1,4.824429052E-4,7.901237113E-4,-7.849028916E-4
5.177366492E1,-5.327541148E-4,2.322772983E-3,-1.401515910E-4
5.178362792E1,-2.187643200E-3,7.855205331E-4,8.208034560E-4
5.179359092E1,-7.671132917E-4,-1.204393338E-3,6.394421216E-4
5.180355392E1,-2.338727936E-4,-1.708774362E-4,-1.654813532E-4
5.181351692E1,6.673410535E-4,-1.128283795E-3,-4.030352866E-4
5.182348092E1,-3.853482194E-4,-1.137327403E-3,-1.603390556E-4
5.183344392E1,2.604682231E-4,-2.353593241E-3,-6.207996048E-4
5.184340692E1,8.709263057E-6,3.413461382E-4,1.263144659E-4
5.185336992E1,4.989971640E-4,-7.437332533E-5,8.562868461E-4
5.186333292E1,-7.219749968E-4,3.829150461E-3,3.904791083E-4
5.187329592E1,1.711355173E-3,3.827536711E-4,4.527970450E-4
5.188325892E1,1.101387781E-3,4.311650991E-5,3.655371256E-5
5.189322192E1,-1.331143547E-3,1.103587216E-3,1.474660588E-3
5.190318492E1,-4.667261383E-4,-2.804767108E-3,2.529872581E-4
5.191314792E1,-1.116537373E-3,-2.113943221E-3,-7.686013705E-4
5.192311092E1,8.079040563E-4,7.895432645E-4,-4.002362548E-4
5.193307392E1,-7.774756523E-4,5.109766498E-4,2.895224607E-4
5.194303692E1,2.117117401E-4,2.580192871E-3,-5.243986379E-6
5.195299992E1,8.620556910E-4,-3.245167900E-4,4.381723702E-4
5.196296283E1,-5.019068485E-4,2.402450191E-3,3.087648074E-4
5.197292683E1,-3.048329381E-4,-5.267607048E-4,-1.017755712E-3
5.198288983E1,-1.592146931E-3,-1.095735002E-3,-1.315999543E-4
5.199285283E1,-5.766835529E-4,6.281072274E-6,-1.080218004E-3
5.200281583E1,7.069549756E-4,-8.167652413E-4,-3.726599971E-5
5.201277883E1,-4.525852855E-4,8.453136543E-4,8.554256056E-4
5.202274183E1,3.344332799E-4,1.142062712E-3,4.581303801E-4
5.203270483E1,3.695825581E-5,3.266028361E-4,-6.066014175E-4
5.204266783E1,5.146352341E-4,-2.416626085E-4,-1.171641401E-3
5.205263083E1,8.997282712E-4,-8.728317916E-4,-5.796207115E-4
5.206259383E1,-2.647680230E-4,2.091220813E-4,-1.465243404E-3
5.207255683E1,1.624030992E-4,-2.846280113E-4,-1.682291040E-3
5.208251983E1,1.378063462E-3,8.104456356E-4,-8.346014656E-4
5.209248283E1,1.612294000E-5,-1.901038922E-4,-9.557753219E-4
5.210244583E1,9.624499362E-4,-9.957069997E-4,-3.996578453E-4
5.211240883E1,1.339553623E-3,1.866125851E-3,3.095419379E-4
5.212237183E1,6.541422335E-4,3.813932417E-4,5.268116947E-4
5.213233583E1,7.510812720E-4,5.062867422E-5,1.126821968E-3
5.214229883E1,-4.232719075E-4,-5.340843927E-4,-2.082853345E-3
5.215226183E1,-1.417429885E-3,2.310418058E-4,-6.394200609E-4
5.216222483E1,-2.218242502E-3,-9.034648538E-4,-8.356950129E-4
5.217218783E1,-3.292623442E-4,2.100028796E-4,-8.127918700E-4
5.218215083E1,2.485794248E-4,-2.060348634E-4,-4.889849806E-4
5.219211383E1,-2.720686607E-4,6.594925653E-4,2.074410440E-5
5.220207683E1,-4.847696982E-4,1.109547447E-3,8.151207585E-4
5.221203983E1,3.386797616E-4,1.084652031E-4,-3.103311174E-4
5.222200283E1,-2.978785196E-4,6.494842237E-4,1.166806207E-3
5.223196583E1,7.604617858E-4,-5.385652184E-5,3.803747240E-4
5.224192883E1,-6.516583962E-4,2.724773949E-4,1.749662682E-3
5.225189183E1,-2.689621178E-4,5.411903840E-4,-3.097598674E-4
5.226185483E1,5.450036842E-4,6.891143275E-4,2.533628140E-4
5.227181783E1,-5.889702588E-4,3.242612584E-4,-4.004432703E-4
5.228178083E1,-1.820743200E-3,-6.023596507E-4,-1.172375050E-4
5.229174383E1,6.637198385E-4,-6.867819466E-4,1.674803672E-3
5.230170783E1,5.376171321E-4,-2.105233259E-3,1.579098403E-3
5.231167083E1,-2.200523159E-4,-7.057420444E-4,5.889352760E-4
5.232163383E1,5.211208481E-4,3.330489853E-4,-3.399769776E-5
5.233159683E1,7.778495783E-4,-5.010529421E-4,1.396918669E-3
5.234155983E1,-1.992292237E-4,-1.120987115E-3,8.719947073E-4
5.235152283E1,3.510021372E-3,1.769607887E-3,8.434989140E-4
5.236148583E1,1.775680296E-2,-9.991170838E-3,1.279571909E-3
5.237144883E1,-1.713834470E-3,3.129048645E-2,-1.738588559E-3
5.238141183E1,2.499231137E-3,2.425273135E-2,4.857456777E-3
5.239137483E1,1.946196891E-2,-8.229048550E-2,-2.012308687E-5
5.240133783E1,-3.648821637E-2,6.079429388E-2,-1.588908257E-3
5.241130083E1,7.249677088E-3,-2.757898159E-2,5.711816484E-4
5.242126383E1,7.048930973E-3,-2.208932117E-2,5.283771316E-4
5.243122683E1,-4.132350441E-3,2.515808493E-2,-9.214477614E-4
5.244118983E1,1.451086439E-2,-1.047215238E-2,3.330897307E-4
5.245115283E1,1.268562395E-3,6.570214406E-3,2.092526993E-4
5.246111583E1,-5.608844571E-3,8.990879171E-3,-7.267867913E-4
5.247107883E1,5.168435164E-3,-2.150151692E-2,2.913397038E-4
5.248104183E1,4.139984958E-5,6.927272305E-3,1.065115095E-3
5.249100583E1,5.351742730E-3,6.977871992E-3,-1.482210937E-4
5.250096883E1,7.714065257E-3,8.039617911E-3,9.273467585E-4
5.251093183E1,1.071172021E-2,-4.948086105E-3,6.075010169E-4
5.252089483E1,4.350716248E-3,-7.390594576E-3,1.389399986E-4
5.253085783E1,-6.095533259E-3,7.117241621E-3,-4.834407300E-4
5.254082083E1,1.744446927E-3,-1.781601273E-2,3.014757531E-4
5.255078383E1,-6.446104497E-3,-2.423741156E-3,-7.257054676E-4
5.256074683E1,1.671062084E-3,-9.162132628E-3,-1.375811407E-3
5.257070983E1,2.010881435E-3,1.150745992E-2,1.160050626E-3
5.258067283E1,6.535251625E-3,-4.728045315E-5,2.887920709E-5
5.259063583E1,4.511515610E-3,4.565314390E-3,-1.138662337E-4
5.260059883E1,4.524685442E-3,4.048332572E-3,-1.639618422E-4
5.261056183E1,2.548353281E-3,-2.077736659E-3,-5.639686715E-4
5.262052483E1,-1.051605912E-3,8.740512421E-4,1.891452121E-5
5.263048783E1,8.938332321E-4,-3.619766561E-3,-8.293022984E-4
5.264045083E1,3.649882274E-3,-6.638811901E-3,-1.149752876E-3
5.265041383E1,-7.406049408E-4,1.719566062E-4,-3.907520440E-4
5.266037683E1,-4.630584735E-4,-9.336664807E-4,1.411928097E-4
5.267033983E1,3.409498604E-4,-4.754770081E-3,6.341439439E-4
5.268030283E1,-2.047475195E-3,-1.839614008E-3,-3.236212069E-5
5.269026683E1,-2.425910207E-3,-9.983212221E-4,-6.698322250E-5
5.270022983E1,-1.152375247E-3,-1.259880140E-3,-7.623733254E-4
5.271019283E1,-1.478309277E-4,2.140444005E-3,-4.028465773E-4
5.272015583E1,1.040029572E-3,4.117817618E-3,1.554266550E-3
5.273011883E1,3.868040396E-3,-3.094288986E-3,-2.356441109E-4
5.274008183E1,1.320879441E-3,6.799450144E-3,-7.519940846E-5
5.275004483E1,1.424210146E-3,4.041214474E-3,2.600072185E-5
5.276000783E1,2.070999006E-3,-1.277625095E-3,-9.617209435E-4
5.276997083E1,-1.820944482E-3,-2.975923009E-3,-3.707141150E-5
5.277993383E1,-2.914588898E-3,-3.031148342E-3,-2.944534644E-4
5.278989683E1,-1.690600300E-3,-3.620506031E-3,-5.927275051E-4
5.279985983E1,-1.846514642E-4,-1.144613139E-3,-1.983462600E-3
5.280982283E1,1.847340376E-3,1.475525787E-4,5.172513193E-5
5.281978583E1,2.868975047E-3,1.672599232E-3,3.381273709E-4
5.282974883E1,8.313904982E-4,9.333057096E-4,-6.022347952E-4
5.283971183E1,7.674285443E-4,2.066747984E-4,-8.446928696E-4
5.284967483E1,-9.812030476E-4,-8.242204785E-6,-1.153885853E-3
5.285963783E1,-1.477049198E-3,-3.726722207E-4,9.059536969E-4
5.286960083E1,1.962149981E-4,3.671540180E-4,3.394993255E-4
5.287956383E1,-6.233209278E-4,1.724289963E-3,4.593469203E-4
5.288952683E1,1.122114714E-3,-2.717492171E-4,2.422992839E-4
5.289948983E1,-4.235771485E-4,-4.691611975E-4,6.083522458E-4
5.290945283E1,-1.147424337E-3,-2.575339749E-6,1.009157975E-3
5.291941583E1,-1.434681937E-3,2.580700908E-3,1.998734660E-4
5.292937983E1,-7.393304259E-4,-1.854426228E-5,9.308068547E-5
5.293934283E1,-7.660195697E-4,3.470112337E-3,-1.271594432E-3
5.294930583E1,1.336546149E-3,7.752596866E-4,3.548501991E-5
5.295926883E1,-1.288317144E-4,-1.775950659E-4,-2.026610076E-3
5.296923279E1,-3.021557350E-3,1.175585203E-5,9.486735798E-4
5.297919579E1,-1.034732442E-3,-1.286559505E-3,-7.450161502E-5
5.298915879E1,-8.488439489E-4,-3.957322333E-4,-2.297708299E-3
5.299912179E1,-1.538720680E-3,1.074126805E-3,-1.272626687E-3
5.300908479E1,-1.544046914E-3,-1.760009211E-3,-2.775981091E-3
5.301904779E1,-1.806297107E-3,-1.094133360E-3,-2.327928669E-4
5.302901079E1,2.869474702E-4,-3.626799677E-3,-6.359954132E-4
5.303897379E1,-1.482246444E-4,-1.483184751E-3,-9.352960042E-4
5.304893679E1,-1.693086233E-5,-2.264289884E-3,1.191504532E-3
5.305889979E1,-1.934513682E-3,3.616034053E-3,6.664119428E-4
5.306886279E1,-1.438041218E-4,1.552084112E-3,7.047613617E-4
5.307882579E1,8.744526422E-4,5.613267422E-3,1.086498261E-3
5.308878879E1,1.565276645E-3,-3.015108174E-3,9.953073459E-5
5.309875179E1,-4.881508648E-4,1.845564460E-3,-2.832713653E-4
5.310871479E1,-6.756375078E-4,-1.305011101E-4,1.024873345E-3
5.311867779E1,1.769941300E-4,-1.683067763E-3,-8.520942065E-4
5.312864079E1,-9.055808187E-4,4.506568657E-4,2.880049869E-4
5.313860379E1,-3.849561326E-4,-1.688587479E-3,2.428088337E-4
5.314856679E1,-2.997349948E-4,-1.525069354E-3,-1.324195182E-3
5.315852979E1,3.314821515E-5,-1.821620390E-5,7.267174078E-5
5.316849279E1,7.551312447E-4,-4.964158870E-5,1.088640420E-5
5.317845579E1,1.060052542E-3,1.274796668E-3,1.340429531E-3
5.318841879E1,-6.886129268E-5,3.498003585E-3,1.454679063E-3
5.319838279E1,2.477906644E-3,1.413801219E-4,4.458581097E-4
5.320834579E1,4.084792454E-5,-2.881041262E-3,9.904745966E-4
5.321830879E1,-1.100281253E-3,-3.003656631E-3,-1.790781040E-3
5.322827179E1,-4.616552033E-4,-3.266776679E-3,2.774299355E-4
5.323823479E1,-9.545830544E-4,1.591555076E-3,8.802920347E-4
5.324819779E1,1.360502793E-3,-9.848689660E-5,6.422054721E-4
5.325816079E1,2.850774443E-3,-8.565681055E-4,1.319884439E-3
5.326812379E1,1.265128376E-3,1.703262329E-3,1.331868698E-3
5.327808679E1,1.956098247E-3,1.099613030E-3,2.385482192E-3
5.328804979E1,2.418215154E-4,-4.607881419E-5,2.507987898E-3
5.329801279E1,4.299486754E-4,8.020856185E-4,1.413133927E-3
5.330797579E1,1.576439594E-3,4.585378338E-4,2.381725470E-3
5.331793879E1,5.730824778E-4,1.894943300E-3,2.722488716E-3
5.332790179E1,-8.756772149E-4,1.933559077E-3,3.000788856E-3
5.333786479E1,-8.817077614E-4,1.655244618E-3,1.594117726E-3
5.334782779E1,-3.458797000E-4,-1.381557900E-3,5.118090194E-4
5.335779079E1,-7.796962745E-4,-1.058287220E-3,9.759096429E-7
5.336775379E1,6.158001488E-4,-2.319294028E-3,-3.630830906E-5
5.337771679E1,4.421867197E-4,-1.707107527E-3,2.488385653E-4
5.338767979E1,2.175638219E-3,-5.141519941E-3,1.778824604E-3
5.339764279E1,-3.030612133E-4,2.764088567E-3,-2.547737677E-5
5.340760579E1,2.276210347E-3,-2.429874148E-3,1.196649391E-4
5.341756879E1,2.380267251E-3,2.079344820E-3,1.462130807E-3
5.342753179E1,1.057475107E-3,1.809034031E-3,9.524017805E-4
5.343749479E1,3.366767662E-3,-2.015112666E-3,7.568581495E-4
5.344745779E1,-5.795042962E-4,2.543952782E-3,3.716151696E-6
5.345742079E1,1.260159421E-3,-8.765295148E-3,1.756743877E-4
5.346738379E1,5.861133104E-4,3.114000894E-3,3.878795542E-5
5.347734679E1,1.202731743E-3,3.673597239E-4,-8.932111668E-4
5.348730979E1,1.483961474E-3,-5.224023480E-4,1.345974742E-3
5.349727279E1,7.030465640E-4,-2.082636347E-3,-2.638086211E-3
5.350723579E1,-9.478469146E-4,2.020762302E-3,9.454632527E-4
5.351719879E1,-2.511106431E-4,-1.209647162E-3,-9.310590103E-4
5.352716179E1,2.160078147E-4,-2.778781578E-3,-1.468218630E-3
5.353712579E1,5.586553598E-4,1.139763044E-4,-1.352625550E-4
5.354708879E1,2.218869980E-3,1.812007744E-3,-1.450065174E-3
5.355705179E1,2.844888950E-3,2.505772049E-3,-7.443378563E-4
5.356701479E1,2.461926313E-3,3.803796833E-3,-5.232954863E-4
5.357697779E1,3.577790689E-3,-6.543648895E-3,-1.180563588E-3
5.358694079E1,-6.103065796E-3,2.487129997E-3,-1.131561468E-3
5.359690379E1,-1.311699394E-3,-6.715378724E-3,1.395989675E-4
5.360686679E1,7.783494657E-4,-2.136606257E-3,5.348119885E-4
5.361682979E1,-8.055835497E-4,5.869556218E-3,1.195490593E-3
5.362679279E1,1.936407061E-3,-2.159608062E-3,4.479412455E-4
5.363675579E1,-8.597185370E-4,2.505686600E-3,-5.582501180E-4
5.364671879E1,-3.119410714E-3,2.171459841E-3,-3.981940972E-4
5.365668179E1,5.793898599E-4,-3.128043376E-3,-6.414132076E-4
5.366664479E1,-1.222771127E-3,8.192937821E-4,1.801720355E-4
5.367660779E1,-1.890286338E-3,5.179009866E-3,-1.797651639E-3
5.368657079E1,2.164909150E-3,1.929687103E-3,-1.714561018E-3
5.369653379E1,3.263865365E-4,2.990052802E-3,1.071782783E-3
5.370649679E1,-2.339970320E-3,3.107231809E-3,-8.843090036E-4
5.371645979E1,4.524888936E-5,-6.927038543E-3,-2.524539363E-3
5.372642279E1,-3.728982992E-3,1.719712978E-3,-1.432909630E-3
5.373638579E1,-3.862711368E-3,-1.063977135E-3,-1.790189533E-3
5.374634879E1,-2.145505277E-3,-4.943137988E-3,-2.088996116E-3
5.375631179E1,-4.970676266E-3,3.726779483E-3,-1.083115232E-3
5.376627479E1,1.760729472E-3,-1.139348606E-3,-2.557707485E-3
5.377623779E1,7.005116204E-4,5.759621970E-3,-2.978730015E-3
5.378620079E1,-4.861929920E-4,2.789665014E-3,-1.963000279E-3
5.379616379E1,1.048765727E-3,9.534094715E-4,-3.752185439E-4
5.380612679E1,-1.291353954E-3,2.853042213E-3,-2.531313803E-3
5.381608979E1,-1.876619179E-3,-4.954022821E-3,-1.179215731E-3
5.382605279E1,-4.844179377E-3,-6.622493267E-3,-3.432272933E-5
5.383601579E1,-5.917863455E-3,-1.864789752E-3,-1.396839856E-3
5.384597879E1,-1.243749401E-3,-1.263714163E-3,5.131792859E-4
5.385594179E1,1.721844077E-3,3.876753151E-3,1.103113405E-3
5.386590479E1,-7.812611293E-4,5.824056454E-3,1.001668861E-4
5.387586779E1,2.092607552E-3,3.434251528E-3,1.062211813E-3
5.388583079E1,7.043016376E-4,5.143617745E-4,-3.596500028E-4
5.389579379E1,-2.855623141E-3,2.432595938E-3,-6.608871045E-4
5.390575679E1,2.085720189E-5,-7.716729306E-5,1.895747613E-3
5.391571979E1,-9.483795147E-4,-1.015316229E-3,-1.001704368E-3
5.392568279E1,6.441908190E-4,7.916385075E-4,2.422581310E-4
5.393564579E1,-5.400539376E-4,-1.846408937E-3,-2.444953425E-4
5.394560879E1,-6.175520830E-4,-4.826041404E-4,-1.567287371E-3
5.395557179E1,-1.141625922E-3,-1.985550858E-3,-7.263619918E-4
5.396553408E1,-1.525387401E-3,-2.070505638E-3,5.905711441E-4
5.397549708E1,-5.695787258E-4,-2.552004997E-3,-4.608448362E-4
5.398546008E1,2.378806705E-3,-1.108039171E-3,-1.902147662E-3
5.399542308E1,2.054979559E-3,3.095456632E-3,-2.242005896E-3
5.400538608E1,4.476325586E-3,9.646614781E-4,-1.708574709E-3
5.401534908E1,2.425197745E-3,4.189902917E-3,-6.839066045E-4
5.402531208E1,3.925089724E-3,5.608036183E-3,7.189851021E-5
5.403527508E1,6.185301580E-3,2.353957621E-3,-2.236756962E-3
5.404523808E1,5.121635273E-3,3.542260034E-3,-4.625878762E-3
5.405520108E1,6.603207439E-3,-4.745691083E-3,-3.165845992E-3
5.406516508E1,2.681170357E-3,-4.115853459E-3,-2.728555119E-3
5.407512808E1,-6.000972353E-4,-3.346504644E-3,-3.194913268E-3
5.408509108E1,-2.116234740E-3,-5.329228006E-3,-2.866279334E-3
5.409505408E1,4.914378515E-4,-5.626662169E-3,-3.757877043E-3
5.410501708E1,-6.420034915E-4,-3.025552724E-3,-3.219918581E-3
5.411498008E1,1.535383635E-3,-1.830022084E-3,-3.512561088E-3
5.412494308E1,1.750567113E-3,-3.416200634E-3,-4.428688437E-3
5.413490608E1,3.883265657E-3,-1.490315422E-3,-3.356349887E-3
5.414486908E1,3.000427736E-3,4.095132463E-3,-3.095626365E-3
5.415483208E1,3.617524402E-3,2.217713743E-3,-1.026394893E-4
5.416479508E1,1.736001112E-3,1.020932756E-2,1.524552004E-3
5.417475808E1,-4.873115104E-4,2.694922034E-3,9.817813989E-4
5.418472108E1,-3.589361673E-3,8.260661736E-3,1.624402124E-3
5.419468408E1,-2.045249334E-3,-3.066561185E-4,8.920797263E-4
5.420464708E1,-2.298515989E-3,1.517342753E-3,-9.958351729E-4
5.421461008E1,-2.369369147E-3,-2.412113827E-3,-2.813936444E-3
5.422457308E1,-3.590961220E-3,-2.191604115E-3,-2.704480430E-3
5.423453608E1,-1.212704461E-3,-5.732735153E-3,-2.301070141E-3
5.424449908E1,5.620259326E-4,-2.866641153E-3,-2.172705950E-3
5.425446208E1,3.019687720E-4,4.222493153E-4,-4.225978919E-4
5.426442508E1,4.066310357E-4,-1.401749672E-3,-3.871778608E-4
5.427438808E1,2.705431776E-3,-9.672744200E-4,2.872509067E-4
5.428435108E1,6.060620071E-4,-2.309241099E-3,-1.567108091E-3
5.429431408E1,6.509739906E-4,-3.075681161E-4,-2.139659133E-3
5.430427708E1,7.066340186E-4,-6.226201076E-4,-2.235266613E-3
5.431424008E1,9.290095768E-4,-7.302532904E-4,-6.957167643E-4
5.432420308E1,-3.904942423E-5,7.248979528E-4,1.495705801E-4
5.433416608E1,1.247775508E-3,1.776126563E-3,1.592201297E-4
5.434412908E1,1.785467728E-3,2.980408026E-3,1.615170157E-3
5.435409208E1,-1.095129410E-3,4.638529383E-3,2.560651628E-3
5.436405508E1,-9.342746343E-4,-9.639628697E-4,1.815232914E-3
5.437401808E1,-2.622461645E-3,-8.051772602E-5,8.696065634E-4
5.438398108E1,-1.565719256E-3,1.508324174E-3,5.529567716E-4
5.439394408E1,-6.151048001E-4,-6.391562987E-3,7.647994789E-4
5.440390708E1,-1.539221732E-3,-1.446605427E-3,-2.124463907E-3
5.441387008E1,-1.280574827E-3,-2.259155735E-6,3.264782135E-4
5.442383308E1,1.701366622E-3,-4.354130477E-3,5.246173241E-4
5.443379608E1,1.380347181E-3,2.577040577E-4,-3.481618478E-4
5.444375908E1,1.865308732E-3,-2.642755862E-4,1.527768909E-3
5.445372208E1,3.084918950E-3,-6.282702088E-5,5.196681013E-4
5.446368508E1,-1.187057933E-3,3.547354136E-3,1.327404869E-3
5.447364808E1,2.761493670E-4,-1.501922496E-3,2.904424910E-4
5.448361108E1,-7.478359621E-4,6.802717689E-4,2.276361687E-3
5.449357408E1,-1.665148651E-3,-1.925023505E-3,2.258102177E-4
5.450353708E1,-6.283801049E-4,2.367193112E-3,5.227526417E-4
5.451350008E1,-1.245369203E-4,-1.049832674E-3,1.222176361E-3
5.452346308E1,1.488273381E-3,1.241817488E-3,-2.319096238E-4
5.453342608E1,1.170210307E-3,-1.867993036E-3,1.553706359E-3
5.454338908E1,-1.331829699E-3,-1.065049786E-3,8.338538464E-4
5.455335208E1,-1.084224321E-3,-2.180190058E-3,-8.663806948E-4
5.456331508E1,-4.386741202E-4,-2.653167350E-3,9.248614078E-4
5.457327808E1,-2.569345990E-3,-3.536059521E-4,6.193141453E-4
5.458324108E1,3.934206907E-4,1.926592551E-3,-1.371132443E-3
5.459320408E1,1.291636610E-3,-6.804510485E-4,-1.600236632E-3
5.460316708E1,-9.044059552E-4,1.044212142E-3,8.288326208E-4
5.461313008E1,1.697288826E-4,2.282086294E-3,1.248047687E-3
5.462309308E1,-3.277496435E-4,-2.428246662E-3,9.817315731E-4
5.463305608E1,-1.461902168E-3,1.566460123E-3,-3.970154212E-4
5.464301908E1,1.100325026E-3,-2.690868918E-3,-1.266803825E-3
5.465298208E1,1.399380271E-3,1.646926044E-3,-6.760760443E-4
5.466294508E1,2.818531357E-6,3.108202480E-3,6.003770977E-4
5.467290808E1,2.850717865E-4,-6.603165064E-3,1.170942676E-3
5.468287108E1,-3.736301791E-3,1.125328476E-3,-5.848794244E-4
5.469283408E1,-6.014109822E-4,-5.977014080E-4,-7.603481063E-4
5.470279708E1,-8.456228534E-4,-7.140815724E-4,-2.796475310E-4
5.471276008E1,-3.316187067E-4,1.088307472E-3,6.044831825E-4
5.472272308E1,1.497440273E-3,-2.140509197E-3,1.135251136E-3
5.473268608E1,-8.398655336E-5,3.772622906E-3,-3.115279251E-4
5.474264908E1,6.699543446E-4,4.990486428E-3,5.649183877E-4
5.475261208E1,1.602733508E-3,-2.412488218E-3,9.775246726E-4
5.476257508E1,5.281480262E-4,1.318334136E-3,2.612172859E-3
5.477253808E1,3.614765592E-4,-9.446695913E-4,1.280476106E-3
5.478250108E1,-1.492350013E-3,1.621402334E-4,2.817652654E-3
5.479246408E1,-1.952643390E-3,-1.139075961E-3,2.971055917E-3
5.480242708E1,-1.767021022E-3,-1.204169821E-4,1.367033808E-3
5.481239008E1,-1.809280016E-3,-2.209099941E-3,3.115166444E-3
5.482235308E1,-1.032169559E-3,1.831181697E-3,1.562010846E-3
5.483231608E1,-5.012071924E-4,5.137104308E-4,8.855578490E-4
5.484227908E1,8.921585977E-4,-2.391798189E-3,8.607904892E-4
5.485224208E1,-1.310428022E-3,1.437717350E-3,1.873218338E-3
5.486220508E1,2.461462282E-5,-5.790945143E-4,4.391060211E-4
5.487216808E1,1.659612753E-3,1.786100911E-4,3.531195689E-4
5.488213108E1,9.168570978E-4,1.584759098E-3,1.746877097E-4
5.489209408E1,-1.812028582E-3,8.871237515E-4,1.934083179E-3
5.490205708E1,-1.977943350E-3,-2.501216019E-3,1.648059580E-3
5.491202008E1,-2.834050450E-3,1.661499846E-3,2.371839480E-3
5.492198308E1,1.195312245E-3,1.553109149E-3,2.346539404E-3
5.493194608E1,3.003216116E-4,-4.088447895E-4,7.321260637E-4
5.494190908E1,-8.829209255E-4,2.053780248E-3,3.005400300E-3
5.495187208E1,-1.612458494E-3,-1.661059912E-3,3.415532410E-3
5.496183517E1,2.008879092E-4,4.095478216E-4,2.635226119E-3
5.497179817E1,-4.809262464E-4,2.123210113E-3,1.419671695E-3
5.498176117E1,5.651634419E-4,2.090187045E-3,1.080651185E-3
5.499172417E1,-9.469484212E-4,2.436251845E-3,1.489040325E-3
5.500168717E1,-5.259028403E-4,5.778979976E-4,1.654955209E-3
5.501165017E1,-1.523974934E-3,-3.864011262E-3,-1.094283652E-4
5.502161317E1,-1.292812522E-3,-3.315943759E-4,-7.800303865E-5
5.503157617E1,2.860981040E-4,-9.183010086E-3,-5.146301119E-4
5.504153917E1,-3.697458189E-3,6.745622493E-3,-8.917337400E-4
5.505150217E1,4.424700048E-3,-4.418138415E-3,7.399310707E-4
5.506146517E1,3.002624726E-4,-2.142733196E-3,5.058392999E-4
5.507142817E1,-2.484128810E-3,1.228190120E-2,2.809572616E-4
5.508139117E1,2.147906926E-3,-6.840661168E-3,4.961406230E-4
5.509135417E1,-1.682070433E-3,1.347193960E-3,-5.816743942E-4
5.510131717E1,-1.541189034E-3,3.599163145E-3,1.184534049E-3
5.511128017E1,1.785227098E-3,-4.928361159E-3,1.384721138E-3
5.512124317E1,-2.649735194E-3,2.894674428E-3,9.734911146E-5
5.513120517E1,-2.692776034E-4,-6.024795584E-5,1.880179043E-4
5.514116817E1,-9.545088978E-4,-2.862958703E-3,-4.620596592E-4
5.515113117E1,-1.324465382E-3,3.790799994E-3,6.613779697E-4
5.516109417E1,1.396486303E-3,2.429366577E-4,-2.923000138E-4
5.517105717E1,1.290425658E-3,2.714223228E-4,4.238138790E-4
5.518102017E1,-1.877936884E-3,1.879172749E-3,-7.817990845E-4
5.519098317E1,1.060603769E-3,-3.507970134E-3,3.267736756E-4
5.520094617E1,-2.268614247E-3,1.121136593E-3,-6.921517197E-4
5.521090917E1,5.384930409E-5,-1.164069399E-4,-8.383305976E-4
5.522087217E1,8.970061317E-4,-6.383864675E-4,3.574287402E-4
5.523083517E1,-1.416369225E-3,1.765606343E-3,-4.852392594E-4
5.524079817E1,5.466467701E-4,9.501464665E-4,1.809872920E-3
5.525076117E1,-2.503691940E-4,2.602580935E-6,1.102813752E-3
5.526072417E1,-1.633881242E-3,9.381711716E-4,4.077287740E-4
5.527068717E1,3.928128863E-4,-7.503505331E-4,-2.520137932E-4
5.528065017E1,-7.885653758E-4,4.890846321E-4,-1.063478994E-3
5.529061317E1,8.198312717E-4,-1.273172675E-3,1.675538486E-3
5.530057617E1,-2.233289415E-4,7.066213293E-4,1.579131931E-3
5.531053917E1,3.721619723E-4,-6.655389443E-4,6.202927907E-4
5.532050217E1,-6.014896790E-4,5.177034764E-4,4.274799139E-4
5.533046517E1,1.731163356E-4,5.455047358E-4,2.038265811E-3
5.534042817E1,-8.121563587E-5,-3.027054481E-5,-3.351431806E-4
5.535039117E1,5.375209730E-5,5.570165813E-4,-4.429472901E-4
5.536035417E1,-4.900653148E-4,-7.441896014E-5,-8.211161476E-4
5.537031717E1,-2.795426408E-4,-8.577413391E-4,-3.130518598E-5
5.538028017E1,4.043570952E-4,-4.505438264E-4,4.137090291E-4
5.539024317E1,-1.734738122E-3,-2.001983812E-3,-3.358570393E-5
5.540020617E1,1.109251520E-3,1.008985913E-3,1.443403307E-3
5.541016917E1,-3.331935732E-4,-7.783761248E-6,3.800318227E-4
5.542013217E1,-2.234712010E-4,8.135351818E-4,-1.304961042E-4
5.543009517E1,5.648426013E-4,-5.962105934E-4,6.587248645E-4
5.544005817E1,-8.996297838E-4,-4.140504170E-4,-5.952961510E-5
5.545002117E1,-1.881729695E-3,-9.120511822E-5,-5.441524554E-4
5.545998417E1,-1.084911986E-3,1.652573701E-4,2.004673588E-4
5.546994717E1,1.721614739E-3,2.316058148E-3,-5.454503698E-4
5.547991017E1,7.090809522E-4,1.421197085E-4,-1.045592013E-3
5.548987317E1,1.401236514E-3,7.727562916E-4,2.636180143E-4
5.549983617E1,-4.446004750E-4,2.192221116E-3,6.090299576E-4
5.550979917E1,8.696550503E-4,8.478040108E-4,-1.558923395E-4
5.551976217E1,4.709798377E-4,7.434081053E-4,-2.839904046E-4
5.552972517E1,2.997537376E-4,1.228330191E-3,-1.465141075E-3
5.553968817E1,2.835084451E-4,-2.182989847E-4,-2.977816621E-3
5.554965117E1,-9.036691627E-4,6.353528006E-4,-2.093535848E-3
5.555961417E1,8.361740038E-4,-9.524237830E-4,-1.012026099E-3
5.556957717E1,3.603562946E-4,-2.737776143E-3,-3.970684484E-4
5.557954017E1,1.288201660E-3,-3.633019514E-4,-5.017307121E-4
5.558950317E1,-5.932339700E-4,-9.302571416E-4,-1.469223294E-3
5.559946617E1,-2.358376514E-5,-2.211237559E-3,1.367043238E-3
5.560942917E1,2.682765014E-3,-1.029147860E-2,6.807953469E-4
5.561939217E1,-3.514676820E-3,3.544175532E-3,7.335258997E-4
5.562935517E1,-9.602758801E-4,-2.187645296E-3,3.508912399E-3
5.563931817E1,5.420132075E-4,-3.299781354E-3,5.688176956E-3
5.564928117E1,-1.747284201E-3,8.746080101E-3,3.035784932E-3
5.565924317E1,3.013116075E-3,4.752669949E-3,3.594782436E-3
5.566920617E1,2.680368256E-3,4.596390761E-3,5.042786710E-3
5.567916917E1,-3.415205283E-4,7.627600804E-3,5.621491466E-3
5.568913217E1,-4.623027053E-5,-1.458804589E-3,3.731727833E-3
5.569909517E1,-1.964771654E-3,2.305573551E-3,2.986841602E-3
5.570905817E1,-2.452964894E-3,-1.760604093E-3,3.616630565E-3
5.571902117E1,-1.911277999E-3,-1.832243288E-3,1.724720700E-3
5.572898417E1,-3.279922064E-3,-1.348494319E-3,1.768512884E-3
5.573894717E1,-2.694026567E-3,-5.333915353E-3,1.170633128E-3
5.574891017E1,-2.999415156E-3,-2.189452061E-3,-2.439475385E-3
5.575887317E1,-2.693417948E-3,3.216232173E-3,-2.286343602E-3
5.576883617E1,6.761662662E-3,-7.796895690E-3,-1.268904889E-3
5.577879917E1,3.166395240E-3,-3.485237947E-3,-1.535487361E-3
5.578876217E1,4.114444600E-4,7.317372598E-3,-1.314411173E-3
5.579872517E1,5.555872805E-3,-3.284139326E-3,-3.056057030E-4
5.580868817E1,8.258427260E-4,9.030213114E-4,2.477523871E-3
5.581865117E1,-1.340372371E-3,6.287932862E-3,3.380601760E-3
5.582861417E1,5.346717080E-4,-9.511390235E-4,2.192759421E-3
5.583857717E1,-7.633530768E-4,-2.504615113E-4,2.876925515E-3
5.584854017E1,-1.166519127E-3,1.410307596E-4,2.672418486E-3
5.585850317E1,-4.104477121E-4,-3.254233394E-3,1.414607512E-3
5.586846617E1,-1.504024607E-3,1.288166386E-3,1.294058748E-3
5.587842917E1,-1.329587656E-3,1.658345805E-3,8.125594468E-4
5.588839217E1,-9.427245241E-4,-1.939755864E-3,2.520550741E-3
5.589835517E1,-1.692936989E-3,3.288828069E-3,3.258246696E-3
5.590831817E1,1.568794250E-4,4.582897760E-3,-2.000958193E-4
5.591828117E1,1.278602867E-3,-2.270480851E-3,5.317408941E-4
5.592824417E1,2.486974699E-4,-2.394570038E-5,-2.894230420E-4
5.593820717E1,9.023933671E-5,-8.135729004E-4,-1.085175551E-3
5.594817017E1,7.456432795E-4,-3.149431432E-3,-4.825022479E-4
5.595813317E1,-1.539725345E-4,8.242711192E-4,-2.840967500E-4
5.596809642E1,9.049650980E-4,-1.377644483E-3,-4.500403302E-4
5.597805942E1,2.215772867E-3,-6.918804720E-4,2.034993959E-4
5.598802242E1,-6.550992839E-5,1.158112427E-3,-8.554110536E-5
5.599798542E1,4.681876162E-4,-5.734749138E-4,6.537524168E-4
5.600794742E1,4.177001538E-4,-1.109171426E-3,-4.771708627E-4
5.601791042E1,8.797586197E-4,2.993744565E-4,4.887576797E-4
5.602787342E1,-1.592751127E-3,6.350126350E-4,4.675299278E-4
5.603783642E1,-8.550554048E-4,5.500578554E-4,8.419703809E-4
5.604779942E1,-3.735010978E-4,8.168717613E-4,2.374176984E-4
5.605776242E1,2.688601380E-3,7.737284759E-4,7.283443119E-5
5.606772542E1,6.740060635E-4,1.672900515E-3,1.826318447E-3
5.607768842E1,5.656154826E-4,-6.081722677E-5,9.551983676E-4
5.608765142E1,1.281409641E-3,-1.438724110E-3,-1.355597749E-3
5.609761442E1,3.306611907E-4,-2.060572151E-3,6.026246701E-4
5.610757742E1,-1.347745769E-3,-6.477087736E-4,7.560903323E-4
5.611754042E1,3.295129864E-4,5.704211071E-4,1.724149333E-3
5.612750342E1,1.241759514E-3,-2.742420882E-3,-1.354147098E-4
5.613746642E1,-2.597986255E-3,2.649681177E-3,-8.398207719E-4
5.614742942E1,7.024473744E-4,2.051345073E-3,-1.519434620E-3
5.615739242E1,1.054783585E-3,-2.313309815E-3,-7.037083851E-4
5.616735542E1,1.244094456E-3,2.080723178E-3,3.989705001E-4
5.617731842E1,1.928260550E-3,-1.042365795E-3,-5.682896590E-4
5.618728142E1,-1.561327372E-4,1.401871326E-3,-8.617988788E-4
5.619724442E1,1.602618722E-3,-1.864762045E-3,-5.893575144E-4
5.620720742E1,-4.628840834E-4,1.223971834E-3,-5.171619705E-4
5.621717042E1,-3.755092621E-6,-5.611451343E-4,-5.698925816E-4
5.622713342E1,7.832585834E-4,7.424979704E-4,-3.694556653E-6
5.623709642E1,1.140388427E-3,4.540776135E-4,-1.666306052E-3
5.624705942E1,-5.320610944E-4,2.524362644E-4,-1.108678873E-3
5.625702242E1,9.017848643E-4,-1.959318761E-3,-1.021060860E-3
5.626698542E1,4.361839965E-4,-3.400034970E-3,-8.359036874E-4
5.627694842E1,-2.396620344E-3,2.160645323E-3,1.489332062E-4
5.628691042E1,9.113408159E-4,-4.258079454E-3,-1.897429582E-3
5.629687342E1,-2.145169303E-3,-1.199438935E-3,-8.328427793E-5
5.630683642E1,-2.396092052E-3,5.274180789E-3,-2.516199020E-4
5.631679942E1,2.363775857E-3,-2.606379101E-3,-4.031537974E-4
5.632676242E1,4.241536371E-4,2.317358507E-3,-1.144713955E-3
5.633672542E1,5.895360373E-4,2.594327088E-3,1.687571057E-4
5.634668842E1,2.657651668E-3,-6.245123222E-4,4.101319355E-4
5.635665142E1,-4.329467192E-4,-1.042362303E-3,-3.848216729E-4
5.636661442E1,-1.532173716E-3,1.768965740E-4,3.404534073E-4
5.637657742E1,2.144852886E-3,-4.377375357E-3,9.354035719E-4
5.638654042E1,2.078289166E-3,-2.574721118E-3,-8.947595488E-4
5.639650342E1,3.419080749E-4,4.666680004E-3,-4.039389896E-4
5.640646642E1,1.642613439E-3,-4.696621560E-3,9.975039866E-4
5.641642942E1,-1.664766343E-3,-1.740246778E-3,3.884391044E-4
5.642639242E1,-1.793822041E-3,1.402685884E-3,-2.101183054E-4
5.643635542E1,1.771834213E-4,-5.318343174E-4,-7.312989328E-4
5.644631842E1,3.341482952E-4,6.707217544E-4,2.256827429E-6
5.645628142E1,1.118182903E-3,1.744774636E-3,-9.564811480E-4
5.646624442E1,1.858643023E-3,9.017550619E-4,-1.355248736E-3
5.647620742E1,4.719350254E-4,4.165458959E-3,1.582750352E-3
5.648617042E1,1.401955029E-3,-1.677219290E-3,1.108451281E-3
5.649613342E1,6.645257818E-4,-1.035574824E-4,4.458568874E-4
5.650609642E1,-1.694865292E-3,2.362384694E-4,1.653923537E-4
5.651605942E1,-6.881903391E-4,-1.630371204E-3,1.014764421E-4
5.652602142E1,-2.092470182E-3,1.854851143E-4,-8.933403296E-4
5.653598442E1,9.509904776E-4,-4.869631957E-4,-6.901411689E-4
5.654594742E1,-4.599413369E-4,-1.788337249E-3,-6.759390235E-4
5.655591042E1,-6.112088449E-4,-2.065838547E-3,1.224766602E-4
5.656587342E1,-7.241917774E-5,5.796647165E-4,9.257171769E-5
5.657583642E1,9.387831669E-4,1.178076956E-3,5.479723332E-4
5.658579942E1,5.124593154E-4,2.220050665E-3,-6.913128891E-4
5.659576242E1,2.043244196E-3,4.405264044E-4,9.459985304E-4
5.660572542E1,1.071778708E-3,-3.778685350E-4,-2.216533991E-3
5.661568842E1,1.832910115E-3,1.369431382E-3,5.281197955E-4
5.662565142E1,7.100576768E-4,-1.101111993E-3,7.806280046E-4
5.663561442E1,1.103138784E-4,-7.889897097E-4,-2.673259005E-4
5.664557742E1,-3.418368055E-3,-1.934280852E-3,9.809964104E-4
5.665554042E1,-1.326454803E-3,-2.691684058E-3,-2.685587970E-4
5.666550342E1,2.142081503E-4,-1.232313225E-3,3.541157348E-4
5.667546642E1,7.620203542E-4,-1.179049956E-3,-8.823900134E-4
5.668542942E1,3.310183529E-4,1.915349276E-3,4.713154049E-4
5.669539242E1,1.046343474E-3,7.635321235E-4,5.378944916E-4
5.670535542E1,7.642260753E-4,1.118757762E-3,6.021290901E-4
5.671531842E1,3.317287192E-4,1.202381100E-3,-4.229215847E-4
5.672528142E1,-2.015711507E-4,-1.874556532E-3,-2.238734742E-4
5.673524442E1,-2.524374286E-4,4.945915425E-4,-2.467766753E-4
5.674520642E1,-8.075456135E-4,1.229431597E-3,-3.833392402E-4
5.675516942E1,-4.421598278E-4,-9.580887854E-4,-1.040074741E-3
5.676513242E1,7.609126624E-5,7.595738862E-5,-5.039595417E-4
5.677509542E1,1.054536551E-3,-3.448221833E-4,-9.854590753E-4
5.678505842E1,3.230341244E-4,3.015986877E-4,4.765019985E-4
5.679502142E1,-4.452879075E-4,2.223323099E-5,3.113859566E-4
5.680498442E1,-1.272315392E-3,1.062965253E-3,-7.422510535E-4
5.681494742E1,8.406366687E-4,-7.370652165E-4,-4.216064699E-4
5.682491042E1,-9.660932701E-4,1.584839192E-3,4.248459009E-4
5.683487342E1,1.487743342E-3,-1.010677544E-3,-1.142424298E-3
5.684483642E1,-2.412304748E-4,1.086151693E-3,1.119248103E-3
5.685479942E1,1.282630372E-3,-9.591560811E-4,-2.275123261E-4
5.686476242E1,3.612590954E-4,1.743476605E-4,-2.974809031E-4
5.687472542E1,-1.453951467E-3,-2.831895836E-5,-1.105750212E-3
5.688468842E1,-3.774689976E-4,-1.759188715E-3,-7.284578751E-4
5.689465142E1,6.494459230E-4,5.409833975E-4,8.926082519E-4
5.690461442E1,-1.271260902E-3,-2.797394991E-4,-1.124342205E-3
5.691457742E1,-1.116797561E-3,1.104305265E-3,5.593081587E-4
5.692454042E1,6.562290946E-4,-1.432274468E-3,7.010821719E-5
5.693450342E1,6.058954168E-4,1.315337140E-4,4.911540309E-4
5.694446542E1,-1.363348914E-3,2.240559552E-3,-1.219314989E-3
5.695442842E1,-2.110099187E-3,-3.251298331E-4,-2.107758191E-4
5.696439117E1,1.346449135E-4,-1.906843623E-3,3.296032082E-5
5.697435417E1,-1.007052255E-3,-1.571818255E-3,-1.785179833E-3
5.698431717E1,3.992274869E-4,1.802768675E-3,-3.004898899E-4
5.699428017E1,-2.295448212E-4,1.459753490E-3,-1.202768879E-3
5.700424317E1,-3.494060365E-4,1.358943991E-3,8.883925620E-4
5.701420617E1,1.137170475E-3,-3.189202631E-3,-9.710264858E-4
5.702416917E1,-1.124674571E-3,1.820393372E-3,5.647698417E-4
5.703413217E1,-2.395002637E-3,9.122554911E-4,-1.837135176E-3
5.704409517E1,-2.096723299E-3,-9.096381254E-4,-1.003191574E-5
5.705405817E1,-8.855176857E-4,-1.100853086E-3,-6.673000753E-4
5.706402117E1,-4.721122095E-4,-2.726714592E-4,2.856913488E-5
5.707398417E1,3.143193899E-4,-2.716060262E-4,-5.239096936E-5
5.708394717E1,1.575043541E-3,-1.634410582E-4,-8.111429634E-5
5.709391017E1,2.313537989E-3,-1.762136584E-3,-9.656063048E-5
5.710387317E1,-6.219967036E-4,6.821169518E-5,1.113245729E-3
5.711383617E1,5.710994592E-4,-1.531016547E-3,-2.614780096E-4
5.712379817E1,-7.657933747E-4,-7.002712227E-4,1.698280685E-4
5.713376117E1,1.106675249E-3,-8.355597965E-4,5.258927122E-4
5.714372417E1,-3.691135207E-4,-1.012671273E-4,1.835412695E-3
5.715368717E1,-5.994768580E-4,-4.256402608E-4,-2.347375266E-5
5.716365017E1,-3.575532464E-4,-6.491062231E-4,-1.346865902E-4
5.717361317E1,-8.821958909E-4,1.443073153E-3,-2.968730987E-4
5.718357617E1,6.997151067E-4,6.614322774E-5,1.351245912E-3
5.719353917E1,4.536389606E-4,3.974405117E-4,9.637559415E-4
5.720350217E1,-6.340041291E-4,3.820933634E-4,7.588025182E-4
5.721346517E1,1.408107695E-3,-5.952867214E-4,6.008771015E-4
5.722342817E1,-1.138050575E-4,-4.528299905E-5,1.219335594E-3
5.723339117E1,8.547867183E-4,-2.188328654E-3,-7.729751524E-4
5.724335417E1,-1.588668209E-3,-1.800711732E-3,4.819937749E-4
5.725331717E1,1.116570784E-3,-1.024933066E-3,4.369863309E-4
5.726328017E1,-1.594738802E-3,4.171846667E-4,-7.342092576E-4
5.727324317E1,1.251914073E-3,1.689643017E-3,-7.232903154E-4
5.728320617E1,1.045552315E-3,-5.360958166E-4,3.932116088E-4
5.729316817E1,8.202488534E-4,5.842961837E-4,-4.954852629E-4
5.730313117E1,-1.158882631E-3,2.203368582E-3,3.764983849E-4
5.731309417E1,2.394040581E-3,8.588912897E-5,-5.667932564E-4
5.732305717E1,2.612199169E-4,4.574540071E-4,-8.122075815E-5
5.733302017E1,-1.994477352E-3,6.494679255E-4,-1.088428311E-3
5.734298317E1,-4.615867510E-5,-1.261881553E-4,3.053200780E-4
5.735294617E1,-1.101303147E-3,-7.022297941E-4,3.231632872E-4
5.736290917E1,-6.850543432E-4,6.254819455E-4,9.810514748E-4
5.737287217E1,-2.461653203E-4,-2.434490249E-3,-4.610502801E-4
5.738283517E1,-1.786013599E-4,8.095856756E-4,-1.064149779E-3
5.739279817E1,7.423197385E-4,-2.622163622E-3,-9.323233389E-4
5.740276117E1,-1.025604550E-3,-2.033050405E-3,-3.323523561E-5
5.741272417E1,-4.021585919E-4,-1.683051232E-4,6.849749479E-5
5.742268717E1,7.498101331E-4,4.374599084E-4,-7.715459215E-4
5.743265017E1,-1.108543715E-3,1.553058042E-3,-1.327613951E-3
5.744261217E1,2.025072463E-4,1.318846829E-3,-4.944943939E-4
5.745257517E1,1.146864146E-3,6.449804641E-5,-9.070180240E-4
5.746253817E1,-5.750698037E-4,1.149429241E-3,1.760218875E-4
5.747250117E1,-1.273084199E-3,-1.306005288E-3,-1.898580464E-3
5.748246417E1,-6.680309307E-4,-1.376538072E-3,-1.406655880E-3
5.749242717E1,-5.473897327E-4,-7.941047661E-4,-2.024775604E-3
5.750239017E1,7.887973916E-4,1.435284503E-5,-2.206775825E-3
5.751235317E1,1.914380118E-5,7.706694305E-7,-4.016852763E-4
5.752231617E1,1.355698565E-3,1.067574369E-3,-7.343711331E-6
5.753227917E1,1.295791008E-4,-2.139387652E-4,-1.368219033E-3
5.754224217E1,-8.104069857E-4,6.977842422E-4,2.022349508E-4
5.755220517E1,-1.187840244E-4,1.316969167E-3,-8.249462699E-4
5.756216817E1,-1.141572837E-3,-1.230841037E-3,-9.199215565E-4
5.757213117E1,2.014006721E-3,2.930348273E-3,-2.200103132E-3
5.758209417E1,-5.425469717E-4,-5.271297414E-4,-2.491159830E-3
5.759205717E1,-6.778355455E-4,1.760259387E-3,-7.510505384E-4
5.760201917E1,2.748796716E-3,-3.883513622E-3,-1.667599892E-3
5.761198217E1,1.173803350E-3,-3.194049932E-4,-2.398791839E-4
5.762194517E1,-2.961605322E-3,9.142665192E-3,-1.329528401E-3
5.763190817E1,3.289100248E-3,-6.657337304E-3,-1.998154912E-4
5.764187117E1,-1.415150473E-4,9.455548134E-4,-2.417052165E-3
5.765183417E1,-5.987797631E-4,6.558028981E-4,-4.311033990E-5
5.766179717E1,2.345536370E-3,-1.737176673E-3,-9.529906092E-4
5.767176017E1,-2.401267411E-4,5.648035090E-3,-2.070391783E-4
5.768172317E1,6.403626176E-4,5.665030330E-4,-2.898671082E-4
5.769168617E1,2.480074298E-3,-1.958972774E-3,-8.523267461E-4
5.770164917E1,-7.357713766E-4,3.412256949E-3,-4.037143954E-4
5.771161217E1,6.421481958E-4,-4.623760469E-4,-1.046601450E-3
5.772157517E1,-8.094714722E-4,1.412417507E-3,-7.357099093E-6
5.773153817E1,7.141230162E-4,2.626019996E-3,-8.515791851E-4
5.774150117E1,6.201304495E-4,2.512086881E-3,1.171654323E-3
5.775146317E1,-6.035920233E-4,1.020983094E-3,-6.326372386E-4
5.776142617E1,-1.163153443E-3,-1.489178976E-3,-1.754947240E-3
5.777138917E1,-1.579938224E-3,-1.964553492E-3,-4.835541476E-4
5.778135217E1,-3.497662488E-3,-6.667873822E-4,-7.834284334E-4
5.779131517E1,-5.625927588E-4,-1.567468513E-3,-1.099279267E-3
5.780127817E1,-3.104052739E-4,-2.154717222E-4,-1.698773121E-3
5.781124117E1,7.130475715E-4,-2.077487297E-4,-1.263879007E-3
5.782120417E1,5.056810332E-4,-9.368569590E-4,-1.883253804E-3
5.783116717E1,4.582768306E-4,2.864272799E-3,-1.881922246E-3
5.784113017E1,1.863714657E-3,2.491672756E-3,-1.159831299E-4
5.785109317E1,3.132222919E-4,-1.361921430E-3,2.038624370E-4
5.786105617E1,-4.098999780E-4,3.984273877E-3,-6.308821030E-4
5.787101917E1,1.226346125E-3,-3.224103944E-3,-9.890772635E-4
5.788098217E1,-7.010239642E-4,-6.196650211E-4,-2.947020694E-4
5.789094417E1,-6.772426423E-5,2.281849040E-3,-1.659039408E-3
5.790090717E1,-1.731595839E-3,-4.189305473E-4,-2.414610703E-3
5.791087017E1,2.159739379E-4,-1.628538128E-3,-7.152474718E-4
5.792083317E1,-1.228591893E-3,-5.350599531E-4,-4.486743128E-4
5.793079617E1,-2.565381583E-4,9.121017065E-4,-1.655086293E-3
5.794075917E1,9.404832381E-4,-7.675690576E-4,8.582824375E-5
5.795072217E1,4.898763727E-4,6.383135915E-4,-1.641497947E-3
5.796068517E1,-9.251809679E-4,2.038984327E-3,-1.074042870E-3
5.797064854E1,5.680534523E-4,3.838296980E-4,1.459512278E-4
5.798061154E1,-7.611757610E-5,-2.562440932E-3,1.286716433E-4
5.799057454E1,-1.474277116E-3,1.030962216E-3,-1.839138102E-3
5.800053754E1,7.297906559E-4,9.364355356E-4,-2.821335802E-4
5.801050054E1,1.024868805E-3,-1.741106622E-3,8.217466529E-4
5.802046254E1,-8.932290366E-4,-7.609797176E-4,1.458412269E-3
5.803042554E1,-1.777664875E-3,3.524878994E-4,-6.833017687E-4
5.804038854E1,-7.620054530E-4,7.249054033E-5,1.050038496E-3
5.805035154E1,1.032555010E-4,-9.815886151E-4,-1.923262025E-4
5.806031454E1,-2.991192741E-4,-8.560630959E-4,2.548739547E-3
5.807027754E1,-1.715121907E-3,6.126703229E-4,2.292277059E-3
5.808024054E1,1.369338715E-4,-6.777481176E-4,7.954353350E-4
5.809020354E1,-1.486635301E-5,-7.374305278E-5,6.729298620E-4
5.810016654E1,1.632642234E-4,-1.143717906E-3,7.089600549E-4
5.811012954E1,-2.601783490E-4,8.922687266E-4,2.130289329E-3
5.812009254E1,1.773516415E-4,1.609246014E-3,3.433617530E-5
5.813005554E1,6.753627677E-4,-4.697381519E-5,-1.063685166E-3
5.814001854E1,8.346805116E-4,1.520202379E-3,9.256628109E-4
5.814998054E1,-2.550197300E-3,-7.746436168E-4,8.300553309E-4
5.815994354E1,-1.340335235E-3,-1.759752864E-3,-7.694871747E-4
5.816990654E1,5.465144059E-4,-9.075412527E-4,-3.148855758E-4
5.817986954E1,2.502797870E-4,-9.665396065E-4,-1.835145755E-3
5.818983254E1,1.983481925E-4,-8.919711690E-4,-2.473691129E-4
5.819979554E1,5.172521342E-4,1.330919331E-4,-1.120995381E-3
5.820975854E1,-1.021788805E-3,9.970213287E-4,1.733380603E-3
5.821972154E1,-1.227278146E-3,7.671071216E-6,2.628169605E-4
5.822968454E1,2.185520716E-4,4.005874507E-3,1.231941162E-3
5.823964754E1,3.592369612E-4,-1.513888128E-4,1.580176409E-3
5.824961054E1,-9.859256679E-4,8.893745253E-4,8.533995715E-4
5.825957354E1,-2.051390475E-4,2.306735842E-3,-7.654683432E-4
5.826953654E1,-8.464282146E-4,1.020162716E-3,9.059315198E-4
5.827949854E1,-1.516542863E-3,-1.717930427E-3,9.656308102E-4
5.828946154E1,-4.270437639E-4,6.219230127E-4,-2.410474699E-4
5.829942454E1,1.811047667E-3,-1.626051730E-3,4.285958712E-4
5.830938754E1,-6.169562694E-4,-2.133383881E-3,-1.029303530E-5
5.831935054E1,1.304014586E-4,6.782460259E-4,1.407379285E-3
5.832931354E1,-3.711145837E-5,-6.440135185E-4,-1.111552701E-4
5.833927654E1,1.093326369E-3,2.798187779E-4,7.545860135E-4
5.834923954E1,-4.033701262E-4,2.811504528E-4,-2.270551631E-4
5.835920254E1,-7.325813640E-4,3.650510916E-4,-1.218752703E-3
5.836916554E1,3.177738050E-3,1.410874422E-3,-8.677480510E-4
5.837912854E1,-4.051744472E-4,-1.638033427E-5,2.058228478E-3
5.838909154E1,1.532807946E-3,3.431462683E-4,1.893378911E-3
5.839905354E1,1.867867541E-3,7.296142867E-4,-4.058245395E-4
5.840901654E1,1.325648045E-3,2.001540037E-3,2.157467883E-3
5.841897954E1,-1.752210781E-3,-1.835450064E-3,1.824422390E-3
5.842894254E1,-2.497097012E-3,-1.436242135E-3,1.228406909E-3
5.843890554E1,2.545289462E-4,-8.263753261E-4,5.037471419E-5
5.844886854E1,1.016634051E-4,-1.344892895E-3,1.075691776E-3
5.845883154E1,8.111281786E-4,2.285994124E-3,7.050902350E-4
5.846879454E1,-4.048711853E-4,2.228203695E-3,2.209776314E-3
5.847875754E1,-1.395255909E-3,-6.376698148E-4,1.123840222E-3
5.848872054E1,-6.551634287E-4,1.494989498E-3,5.246290239E-4
5.849868354E1,-9.418271948E-4,9.348047897E-4,-7.369819796E-4
5.850864654E1,-1.701893285E-3,8.122993167E-4,3.727572039E-4
5.851860854E1,5.168910138E-5,5.265814252E-5,6.426619948E-4
5.852857154E1,6.098877639E-4,-1.922608353E-3,3.723510890E-4
5.853853454E1,-1.782210311E-4,-7.021501660E-4,4.961869563E-4
5.854849754E1,-7.135163760E-4,7.514032768E-4,3.915248089E-4
5.855846054E1,-5.752068246E-4,-4.995490890E-4,-2.652623225E-4
5.856842354E1,2.045077272E-3,-4.641829990E-3,-6.455617258E-4
5.857838654E1,-2.292397898E-3,5.509247072E-3,1.210627379E-4
5.858834954E1,1.598480390E-3,-3.592372173E-3,6.773971254E-4
5.859831254E1,-1.398052438E-3,1.097513130E-3,7.798090810E-4
5.860827554E1,-9.306675056E-4,-7.454399019E-5,2.586812479E-5
5.861823854E1,8.821183583E-4,-1.906754915E-3,7.965934929E-4
5.862820054E1,-1.157330349E-3,-9.482831229E-4,3.768793540E-4
5.863816354E1,2.206125064E-4,1.152964309E-3,9.002658771E-4
5.864812654E1,1.776431222E-3,-7.056556642E-4,4.214295186E-4
5.865808954E1,-1.333242864E-3,7.275304524E-4,5.687961238E-4
5.866805254E1,-6.735777715E-4,-5.097743124E-4,8.276553708E-4
5.867801554E1,4.037832841E-4,-2.831775928E-3,6.370479241E-6
5.868797854E1,-6.577527383E-4,8.340653731E-4,1.335021341E-3
5.869794154E1,2.332960721E-4,3.106294200E-3,1.460524043E-3
5.870790454E1,2.100704703E-3,-1.982207876E-3,2.171588130E-3
5.871786754E1,-5.739565240E-4,1.215206925E-3,8.981321589E-4
5.872783054E1,-1.438418520E-3,-6.953447592E-4,1.050198684E-3
5.873779254E1,-1.588584739E-3,-1.654167427E-3,1.086606411E-3
5.874775554E1,2.788237762E-4,7.810271345E-4,5.116936518E-5
5.875771854E1,-7.383372867E-4,-4.031227436E-4,5.432420294E-4
5.876768154E1,2.378360135E-3,-6.468018983E-4,6.612201105E-4
5.877764454E1,-3.602285869E-5,8.392689051E-4,4.606531584E-4
5.878760754E1,2.523974981E-4,1.047794474E-3,8.241746691E-4
5.879757054E1,1.536105294E-3,4.752073437E-7,-1.314734225E-3
5.880753354E1,-2.452511340E-3,-1.129504060E-3,4.329427611E-6
5.881749654E1,-8.780471981E-4,-3.691904712E-4,-1.328982646E-3
5.882745954E1,-4.777740687E-4,-1.478397055E-3,-8.541410789E-4
5.883742254E1,7.142963586E-4,-9.791688062E-4,5.399022484E-5
5.884738554E1,-4.284660099E-4,3.604013473E-4,1.679317327E-3
5.885734754E1,-1.204003813E-3,-1.743377652E-4,-1.445480622E-3
5.886731054E1,1.577668008E-3,-7.232152857E-4,-2.068444737E-4
5.887727354E1,9.135948494E-4,-8.888836019E-4,7.409497630E-5
5.888723654E1,3.929468803E-4,-7.621170953E-4,1.241623540E-4
5.889719954E1,6.953417324E-5,-6.970779505E-4,-5.638891598E-4
5.890716254E1,-7.363384357E-4,-1.239564037E-3,-1.564255217E-4
5.891712554E1,-2.480054973E-4,-6.469695363E-4,2.189422026E-3
5.892708854E1,2.681150800E-4,5.522518186E-4,7.872678107E-4
5.893705154E1,-6.479831645E-4,-3.470773809E-4,8.194631664E-4
5.894701454E1,-1.772369840E-3,2.047637245E-3,4.572732141E-4
5.895697654E1,-4.600617103E-6,1.515889307E-3,1.555105671E-3
5.896693954E1,2.058816608E-3,1.558766235E-3,1.823818544E-3
5.897690254E1,-5.669050151E-4,-5.805604160E-4,3.947325749E-4
5.898686554E1,-3.682331881E-4,3.723186674E-4,1.842796337E-5
5.899682854E1,1.875274465E-3,-2.931950148E-4,1.118656364E-4
5.900679154E1,-4.411429400E-4,8.879167726E-4,-1.746905036E-4
5.901675454E1,-1.256387914E-4,-2.318253973E-3,6.170044071E-4
5.902671754E1,-2.697157906E-4,6.189465057E-4,1.781604718E-3
5.903668054E1,-1.461369684E-4,5.948720500E-4,2.285159891E-3
5.904664354E1,1.548432396E-3,-6.954295095E-4,-4.427158565E-4
5.905660654E1,-8.873309707E-4,8.175970288E-4,3.992643906E-5
5.906656854E1,-1.027146936E-3,7.132011233E-4,1.339360606E-4
5.907653154E1,1.649075770E-3,-5.728022661E-4,-7.784535410E-5
5.908649454E1,-7.022292120E-4,2.242819173E-4,5.080501433E-4
5.909645754E1,1.673150109E-4,-4.276484251E-4,9.639316704E-4
5.910642054E1,7.889803965E-5,-1.197869424E-4,1.129313954E-3
5.911638354E1,-2.510732738E-4,9.094304405E-4,1.754476107E-4
5.912634654E1,-7.498833584E-4,-1.742012566E-3,4.886354436E-4
5.913630954E1,3.609454725E-4,6.133100251E-4,2.406426938E-4
5.914627254E1,-1.983169001E-3,9.438083507E-4,1.672358136E-3
5.915623554E1,-1.818191027E-3,7.515073521E-4,1.589274034E-4
5.916619754E1,-4.583809059E-4,4.750711378E-4,5.560046993E-4
5.917616054E1,-2.505561803E-3,-1.054030377E-3,2.171192318E-5
5.918612354E1,-1.567862695E-3,-7.578870282E-4,-2.730999840E-4
5.919608654E1,-7.147443248E-4,2.303458750E-4,1.064425218E-3
5.920604954E1,3.866397310E-5,-4.588800948E-4,-7.563780528E-4
5.921601254E1,1.125014387E-5,-6.235779729E-4,1.034815563E-3
5.922597554E1,1.051214524E-3,-1.870859414E-4,3.782665357E-3
5.923593854E1,1.217092271E-3,-3.622358199E-4,-1.285519102E-3
5.924590154E1,6.269357400E-4,5.309883272E-4,1.562198973E-3
5.925586454E1,5.926538724E-4,4.049781710E-4,1.787354122E-4
5.926582654E1,-1.714176266E-3,-2.250193385E-3,9.174963343E-4
5.927578954E1,-7.747242926E-4,8.982329164E-4,9.644419188E-4
5.928575254E1,-4.335733829E-4,1.005558297E-3,1.497340389E-3
5.929571554E1,1.244746731E-3,1.159428852E-3,1.539992169E-3
5.930567854E1,-4.751227098E-4,-1.407592092E-3,1.060090493E-3
5.931564154E1,8.670475800E-4,2.042123815E-4,2.320533153E-3
5.932560454E1,-7.641385309E-4,-2.610748634E-3,1.043813769E-3
5.933556754E1,-1.545264618E-3,-2.533805091E-4,2.397357021E-3
5.934553054E1,-3.596253227E-4,-3.862496465E-3,4.010515986E-4
5.935549354E1,1.198236132E-3,2.363332547E-3,7.544897962E-4
5.936545554E1,6.251238519E-4,3.545776010E-3,6.261253729E-4
5.937541854E1,1.068223501E-3,5.495512160E-4,-5.230831448E-5
5.938538154E1,1.276216237E-3,-2.056352096E-3,2.532555722E-3
5.939534454E1,1.073560445E-3,-7.019080222E-4,3.519725287E-3
5.940530754E1,-6.686793640E-4,-7.309364155E-4,1.065622550E-3
5.941527054E1,2.758105984E-4,1.036640140E-3,1.835281029E-3
5.942523354E1,1.046795747E-3,-3.878756193E-3,2.437687945E-3
5.943519654E1,-3.969040699E-3,2.418834716E-3,4.219942726E-3
5.944515954E1,9.926947532E-4,2.318467014E-4,3.158140695E-3
5.945512154E1,9.849339258E-4,1.419436419E-3,3.749439958E-3
5.946508454E1,-2.812733874E-3,4.014686681E-3,2.802686300E-3
5.947504754E1,-8.883713745E-4,-1.738986233E-3,2.360146493E-3
5.948501054E1,1.242956379E-3,8.022020338E-4,1.159060630E-3
5.949497354E1,-2.017120365E-3,3.150199074E-3,8.562200237E-4
5.950493654E1,-1.465160167E-4,4.168326035E-3,1.813093666E-3
5.951489954E1,1.547272550E-3,-9.925624356E-3,9.366184240E-4
5.952486254E1,-4.229124170E-3,5.400335416E-3,4.378083395E-4
5.953482554E1,1.679004752E-3,-4.008204676E-3,-4.562971590E-4
5.954478754E1,3.647080623E-3,-3.528303001E-3,-5.295340670E-4
5.955475054E1,1.382366754E-3,3.927129786E-3,-1.082483679E-3
5.956471354E1,2.819142304E-3,8.301397320E-4,2.227314981E-4
5.957467654E1,3.429880366E-3,-2.163618570E-3,1.622077543E-3
5.958463954E1,-1.118532498E-3,4.708934575E-3,1.365615055E-3
5.959460254E1,8.164066821E-5,-2.329880837E-3,1.028947765E-3
5.960456554E1,1.945587574E-4,-1.926678233E-3,5.027072039E-4
5.961452854E1,-2.119367011E-3,2.703277394E-3,2.125443891E-3
5.962449154E1,-2.575510880E-4,-7.854634896E-4,2.090556547E-3
5.963445454E1,-2.944890410E-3,-1.113428036E-3,4.368835362E-4
5.964441654E1,7.566373097E-4,-3.872196423E-3,1.690298086E-5
5.965437954E1,-4.586891737E-5,5.447293632E-3,1.418994507E-3
5.966434254E1,-8.152561495E-4,-2.164553618E-3,5.318954354E-4
5.967430554E1,-3.308315761E-3,5.366431549E-3,3.621310461E-4
5.968426854E1,4.235886503E-3,-5.183414556E-3,1.146964496E-3
5.969423154E1,4.913868615E-4,2.618798986E-3,-6.576659507E-4
5.970419454E1,1.934820204E-3,5.642019212E-3,-1.696298830E-3
5.971415754E1,4.655733239E-3,-9.055346251E-3,9.368930478E-5
5.972412054E1,-7.076066686E-4,4.699081182E-3,-2.133512404E-3
5.973408254E1,2.533460502E-3,-6.744788028E-3,-1.604342135E-3
5.974404554E1,-5.715947133E-3,6.010954268E-3,-1.979581546E-3
5.975400854E1,3.646360710E-6,-3.196218284E-3,6.280743983E-4
5.976397154E1,3.735001199E-3,-9.838674217E-3,5.380595103E-4
5.977393454E1,-5.248353817E-3,1.613349281E-2,-1.437512110E-3
5.978389754E1,4.603477661E-3,-2.084925072E-3,4.080857616E-5
5.979386054E1,-7.471729768E-4,-7.687808014E-3,8.713628631E-6
5.980382354E1,-4.924074747E-3,9.437915869E-3,-1.514348201E-3
5.981378654E1,3.678315785E-3,-6.043299101E-3,-2.522422001E-4
5.982374854E1,4.162099212E-4,2.753654495E-3,-1.996879000E-3
5.983371154E1,-3.635543399E-3,9.276386350E-3,-1.474051969E-3
5.984367454E1,5.785655230E-3,-1.672192477E-2,-6.636520848E-4
5.985363754E1,-1.323348726E-3,6.882916670E-3,-2.802514238E-3
5.986360054E1,6.348735187E-4,1.187480520E-3,-1.711949706E-3
5.987356354E1,9.740638779E-4,-4.287494346E-3,-2.307505114E-3
5.988352654E1,1.079845242E-5,-5.691513419E-3,2.435874194E-5
5.989348954E1,1.538159791E-3,-1.987143187E-3,-5.155415274E-4
5.990345254E1,1.240152051E-3,6.754853530E-4,-1.922755735E-3
5.991341454E1,-5.258558085E-4,2.501294482E-3,-1.376967877E-3
5.992337754E1,5.018580705E-4,-6.478936411E-4,-6.488595973E-4
5.993334054E1,2.093954943E-3,6.095190765E-4,1.141467365E-3
5.994330354E1,-1.776417135E-3,3.893995658E-3,-7.144896663E-4
5.995326654E1,-2.628589515E-3,3.807354951E-3,7.019683253E-4
5.996322954E1,6.553544663E-4,-1.818839228E-3,-6.069753435E-4
5.997319208E1,-2.891091863E-4,1.117401756E-3,7.234344957E-5
5.998315508E1,-2.065511653E-4,2.682541497E-3,-8.323323564E-4
5.999311808E1,1.334010158E-4,-4.104904365E-4,6.193519803E-4
6.000308008E1,-1.364627038E-3,-8.488467429E-4,8.033763152E-4
6.001304308E1,5.206431961E-4,-2.473876579E-3,5.221177125E-4
6.002300608E1,-1.019995543E-3,4.340287996E-4,-1.786842942E-3
6.003296908E1,-1.784704742E-3,2.094504656E-3,-1.570900436E-3
6.004293208E1,1.956218621E-4,-3.128753277E-3,-1.639525290E-4
6.005289508E1,9.229236748E-4,-1.422118396E-3,-9.573000716E-4
6.006285808E1,-8.922870038E-4,7.757883286E-4,-1.160075190E-4
6.007282108E1,9.980446193E-4,1.696931780E-3,-2.017999650E-4
6.008278408E1,-3.186223330E-4,2.116912277E-3,-2.587916097E-4
6.009274608E1,7.986522978E-4,-1.881733770E-3,5.980585702E-4
6.010270908E1,4.814697895E-4,7.840907201E-4,8.401399245E-4
6.011267208E1,-1.118629123E-3,1.704840572E-3,2.132983413E-3
6.012263508E1,-1.616107416E-3,-8.826865815E-4,1.257477561E-5
6.013259808E1,3.001776058E-4,-2.037682571E-4,1.867442159E-3
6.014256108E1,-1.022260403E-4,-1.134872437E-4,1.450124895E-3
6.015252408E1,-6.021409063E-4,5.366787082E-4,-1.660700073E-4
6.016248708E1,8.910935139E-4,-7.901082281E-4,3.300769022E-4
6.017244908E1,1.173567725E-4,-1.753237331E-3,1.746542286E-3
6.018241208E1,-3.076837165E-4,9.267015848E-4,9.138777386E-5
6.019237508E1,3.215505276E-4,1.257169060E-4,1.199674327E-3
6.020233808E1,-8.036351064E-4,7.861808408E-4,1.525911503E-3
6.021230108E1,1.110923011E-3,1.521251164E-3,-8.813486784E-4
6.022226408E1,6.696372293E-4,3.393403022E-4,1.458325423E-4
6.023222708E1,-3.389330814E-4,-7.882360369E-4,1.490530209E-3
6.024219008E1,-1.694481936E-3,-1.022327691E-3,2.705361694E-4
6.025215208E1,-1.040845294E-3,-8.937460370E-5,-1.032209606E-3
6.026211508E1,-1.809700043E-3,-1.615099609E-3,5.885901628E-4
6.027207808E1,-3.253590548E-4,-1.422785455E-3,6.633622106E-4
6.028204108E1,-1.487828908E-3,-3.740326501E-4,8.532456122E-4
6.029200408E1,-1.670450787E-3,4.222078715E-4,-1.481434796E-3
6.030196708E1,-1.588406740E-4,1.506647095E-3,8.014268242E-4
6.031193008E1,1.167460810E-3,-1.897392794E-4,8.686201181E-5
6.032189308E1,1.094490173E-3,8.962977445E-4,1.103923190E-3
6.033185608E1,1.203546999E-4,7.055675378E-4,1.970104640E-4
6.034181808E1,1.212517032E-3,1.225416549E-3,6.161920028E-4
6.035178108E1,1.159858657E-4,1.052757143E-3,5.463735433E-4
6.036174408E1,1.044097473E-3,1.175262500E-3,8.710128022E-4
6.037170708E1,3.491633106E-5,6.494695554E-4,-2.717931638E-4
6.038167008E1,8.604963077E-4,-2.345521469E-3,-5.474552745E-5
6.039163308E1,-6.900451845E-4,-5.051053595E-4,9.882355807E-4
6.040159608E1,3.935949644E-4,-1.240936806E-3,-4.365555360E-4
6.041155908E1,1.037303358E-3,-4.848199897E-4,1.228282927E-3
6.042152108E1,3.997426247E-4,2.423351863E-3,1.750027295E-4
6.043148408E1,8.262732299E-4,8.663780754E-4,4.601726541E-4
6.044144708E1,-9.266192792E-4,1.257528784E-4,1.310786349E-3
6.045141008E1,4.204792203E-4,2.135762246E-3,-1.018695533E-3
6.046137308E1,-7.640948752E-4,7.730227662E-4,1.962447073E-3
6.047133608E1,-7.932563312E-5,8.046065923E-4,-8.058553794E-4
6.048129908E1,-1.540335827E-3,2.661895007E-3,1.373409294E-3
6.049126208E1,1.688511344E-3,-1.128003234E-3,-1.285230974E-5
6.050122408E1,-1.996697392E-4,-1.334664645E-3,-3.276379430E-4
6.051118708E1,-1.247011824E-3,2.047639573E-3,-7.035649032E-4
6.052115008E1,-5.205138586E-5,-3.474691417E-3,-3.664087271E-4
6.053111308E1,-6.543593481E-4,-2.237873152E-3,-1.447611139E-4
6.054107608E1,-1.097509405E-3,-6.109480746E-4,1.060585608E-3
6.055103908E1,-4.451875575E-4,-2.584752860E-3,1.438502921E-3
6.056100208E1,1.678721746E-4,1.832898823E-3,4.765690537E-4
6.057096508E1,-4.910794087E-4,-8.208081126E-4,4.139024531E-4
6.058092708E1,9.915023111E-4,1.297470182E-3,4.099076614E-4
6.059089008E1,4.312626552E-4,2.199755050E-3,-3.820149286E-4
6.060085308E1,-2.699478064E-4,-2.359719947E-4,5.460967077E-4
6.061081608E1,-2.077755053E-4,5.586221814E-4,-9.069382213E-4
6.062077908E1,1.394648454E-3,-4.557757638E-4,8.189352229E-5
6.063074208E1,-3.196119796E-4,-1.600226853E-3,9.807004826E-4
6.064070508E1,-7.691534702E-4,-5.882256664E-4,-2.651262330E-4
6.065066808E1,-1.743111527E-3,2.656725701E-4,-2.354875905E-4
6.066063008E1,-1.993448706E-3,-2.149282023E-3,-5.519163096E-5
6.067059308E1,-1.090923557E-3,-2.136519179E-4,-1.078834175E-4
6.068055608E1,1.672372455E-3,8.654608391E-4,-1.157168881E-3
6.069051908E1,1.146664377E-3,2.287588781E-3,9.754904313E-4
6.070048208E1,1.420437358E-3,5.626594648E-4,-7.883210783E-4
6.071044508E1,1.772977412E-4,-4.766925704E-4,-9.080782183E-4
6.072040808E1,-3.966134973E-4,-1.445816830E-3,2.269656397E-5
6.073037108E1,-4.381425679E-4,-9.431543294E-4,-9.252881864E-5
6.074033308E1,-6.631796714E-4,-2.707061358E-4,-9.245003457E-4
6.075029608E1,-9.022410959E-4,-1.835574629E-3,1.415720675E-3
6.076025908E1,-3.783972934E-4,-4.086529370E-4,-1.426138449E-3
6.077022208E1,-7.512450684E-4,-4.633422941E-5,8.172437083E-5
6.078018508E1,5.302679492E-4,1.127853408E-3,7.799593732E-5
6.079014808E1,-1.966677140E-3,-4.613879137E-4,-2.118095290E-3
6.080011108E1,-3.922162578E-4,6.629987620E-4,-4.839796748E-4
6.081007308E1,-6.375818048E-4,1.930870349E-4,1.554697519E-5
6.082003608E1,-1.527343877E-3,-3.736335784E-4,8.184900507E-4
6.082999908E1,-5.362068769E-4,8.910979377E-4,-7.030827692E-5
6.083996208E1,7.809924427E-4,1.242901431E-3,-4.436834715E-4
6.084992508E1,9.131827392E-5,-1.516619232E-4,-1.865995466E-3
6.085988808E1,7.592390757E-4,-1.113861799E-3,3.292482579E-4
6.086985108E1,-1.272179652E-3,-1.634332817E-3,-9.693496395E-5
6.087981408E1,-1.231433358E-3,-8.284603246E-4,2.846959978E-4
6.088977608E1,-1.171220792E-3,3.327726154E-4,-7.561329403E-4
6.089973908E1,3.329324536E-4,-1.069153659E-4,-5.577274133E-4
6.090970208E1,-3.378780093E-4,9.641179349E-5,1.937872381E-3
6.091966508E1,-1.717661740E-3,-2.290264238E-4,7.792055840E-5
6.092962808E1,-3.200005740E-4,9.769868338E-4,-3.109494573E-4
6.093959108E1,-8.715412114E-4,1.186311245E-3,1.791349961E-3
6.094955408E1,1.685898751E-4,3.198017832E-3,-4.788012011E-4
6.095951708E1,8.966981550E-4,1.064026845E-3,-6.063666078E-4
6.096947967E1,-3.846050240E-4,9.002164006E-5,1.545858104E-4
6.097944267E1,-1.811793074E-3,-8.077300154E-4,-2.131967340E-4
6.098940567E1,4.109218717E-4,1.295861555E-3,-9.480693261E-4
6.099936867E1,-1.827731263E-3,7.608324522E-4,9.632813744E-4
6.100933167E1,2.673789859E-4,-4.140192177E-4,1.408475102E-3
6.101929467E1,-5.091987550E-4,-1.865851227E-4,1.514629694E-4
6.102925767E1,3.252908355E-4,-1.881945413E-3,1.770594390E-4
6.103921967E1,2.648413647E-5,-4.859163892E-4,-4.620991822E-4
6.104918267E1,7.767323405E-5,-3.824422602E-4,-5.662367330E-4
6.105914567E1,5.730212433E-4,6.644465029E-4,2.739906195E-4
6.106910867E1,1.394732506E-3,3.926974023E-4,-4.677952093E-4
6.107907167E1,-3.088916419E-4,-2.909360919E-4,1.539962017E-3
6.108903467E1,1.097180648E-3,-3.307331353E-4,2.300785854E-4
6.109899767E1,-1.070099766E-3,-1.073222607E-3,1.064713346E-3
6.110896067E1,-1.785589615E-3,1.658285502E-3,1.081933151E-4
6.111892267E1,8.160525467E-4,6.878296845E-4,1.107943943E-3
6.112888567E1,-7.187591400E-4,-2.654001582E-4,-2.730280394E-4
6.113884867E1,-1.450595679E-3,3.753564088E-4,6.918818690E-5
6.114881167E1,3.643368836E-4,7.983848918E-4,5.314652808E-4
6.115877467E1,1.885682577E-4,-6.778053939E-4,-1.661914168E-3
6.116873767E1,1.441996661E-3,8.152197115E-4,-1.358157606E-4
6.117870067E1,-3.993128194E-4,-1.072695246E-3,-9.506940842E-5
6.118866267E1,-3.001081059E-4,8.191115921E-4,-1.296207076E-3
6.119862567E1,7.188174641E-4,7.498693885E-4,6.653240416E-5
6.120858867E1,1.588666346E-4,7.191675249E-4,-1.668020850E-4
6.121855167E1,-1.045947312E-3,1.179894432E-3,1.008455874E-4
6.122851467E1,-2.806925680E-3,1.077366527E-3,2.429847955E-4
6.123847767E1,-2.585469047E-4,4.390068352E-4,7.680349518E-5
6.124844067E1,1.013343688E-3,8.977613179E-4,-6.937225698E-4
6.125840267E1,1.669911435E-4,-6.857542321E-4,-2.622904722E-4
6.126836567E1,-3.312680637E-4,-3.743832931E-4,-3.316125367E-5
6.127832867E1,-3.395240055E-4,-1.304625534E-3,1.122473623E-4
6.128829167E1,1.300006406E-3,-2.520731650E-3,-2.064973232E-4
6.129825467E1,4.880086053E-4,-6.975315046E-4,-1.883756137E-3
6.130821767E1,1.054059365E-3,9.926122148E-4,1.220553648E-3
6.131818067E1,-1.147133298E-5,2.110340865E-3,-4.436557065E-4
6.132814267E1,-9.793345816E-4,1.338720089E-3,-5.888999440E-4
6.133810567E1,6.731568137E-4,7.213993231E-4,5.866193678E-4
6.134806867E1,1.775261480E-4,8.206031052E-4,4.979604273E-4
6.135803167E1,-8.288825629E-4,2.300788183E-3,3.165992093E-4
6.136799467E1,-6.548702950E-4,-1.101530390E-3,1.065514516E-3
6.137795767E1,-4.455457674E-4,-1.095405081E-3,-1.241848222E-3
6.138792067E1,-3.683373798E-4,-1.474100631E-3,-4.895074526E-4
6.139788267E1,-9.419822600E-4,-9.465285111E-4,8.503615391E-6
6.140784567E1,3.087903606E-4,8.407899877E-4,-7.521061925E-4
6.141780867E1,3.021324519E-4,1.129210228E-3,-2.261318732E-4
6.142777167E1,1.643762924E-3,9.644159582E-5,4.615014768E-4
6.143773467E1,6.895522820E-4,2.223508433E-3,9.959978051E-4
6.144769767E1,1.464677043E-4,-3.668246791E-5,4.326696508E-4
6.145766067E1,1.026908867E-3,-1.791971968E-3,1.422832953E-3
6.146762267E1,-1.312708482E-3,1.792596304E-3,1.255458337E-4
6.147758567E1,-1.481552841E-3,-2.146281768E-4,1.040075440E-3
6.148754867E1,-3.938777372E-4,-6.278785877E-4,-1.500414917E-3
6.149751167E1,-9.084003977E-4,-1.169299241E-3,9.542207117E-4
6.150747467E1,-9.495612467E-4,-1.542564714E-3,7.975782501E-5
6.151743767E1,-1.708029653E-3,1.152287936E-3,-6.888305070E-4
6.152740067E1,-1.424017944E-3,-8.158953860E-4,7.120469236E-4
6.153736367E1,-8.077624952E-4,9.258120554E-4,2.404010738E-4
6.154732567E1,5.091165658E-4,4.825838841E-4,2.176878043E-3
6.155728867E1,8.984707529E-4,1.525744097E-3,1.827029628E-4
6.156725167E1,1.839987584E-3,6.658012280E-4,5.753204459E-4
6.157721467E1,1.083117211E-3,6.855085958E-4,-5.381472292E-4
6.158717767E1,6.193261361E-4,1.515580108E-3,7.407555822E-4
6.159714067E1,-2.185042249E-4,7.432635175E-4,4.858911270E-4
6.160710267E1,-6.391603965E-4,1.376267872E-3,1.316543203E-4
6.161706567E1,-7.957543712E-4,9.389767656E-4,5.948264152E-5
6.162702867E1,-4.233113723E-4,-2.306322567E-3,-1.104174531E-3
6.163699167E1,-6.952200783E-4,-1.313230023E-3,1.243934501E-3
6.164695467E1,-9.344313294E-4,-2.894322388E-4,-2.925298177E-4
6.165691767E1,3.689195728E-4,-7.477621548E-4,-8.832189487E-4
6.166688067E1,-3.440375440E-5,-1.561723650E-3,2.562822774E-4
6.167684267E1,-2.964588348E-4,-4.890023265E-4,4.174035275E-4
6.168680567E1,2.059281105E-4,1.317490707E-3,5.261782790E-4
6.169676867E1,1.723397290E-3,1.423218171E-3,1.307283412E-3
6.170673167E1,1.290778862E-3,2.846674761E-4,6.731797475E-4
6.171669467E1,2.391322050E-5,-2.450353932E-4,1.214600517E-3
6.172665767E1,-9.417524561E-4,-1.621413976E-4,-4.425015941E-4
6.173662067E1,-1.103139948E-3,-1.818488818E-4,4.398036981E-4
6.174658267E1,-1.872140681E-3,-1.926134108E-3,7.969750441E-4
6.175654567E1,-2.963482402E-4,-1.890980173E-3,3.690050798E-4
6.176650867E1,2.138504060E-4,8.953557117E-4,4.270533100E-5
6.177647167E1,3.171809949E-4,1.067928504E-3,-9.897485143E-5
6.178643467E1,-7.056805771E-4,-1.294909278E-3,-5.396069027E-4
6.179639767E1,1.809142530E-3,-1.558754593E-4,-9.531957912E-4
6.180636067E1,1.281100325E-3,1.125768293E-3,-2.552974620E-4
6.181632267E1,-1.305628102E-3,8.615826955E-4,6.033056416E-4
6.182628567E1,-6.087222137E-4,6.634334568E-5,5.932544591E-4
6.183624867E1,-9.180256166E-5,-7.360670716E-4,6.563714705E-4
6.184621167E1,-8.194481488E-4,6.672601448E-4,-4.376133729E-4
6.185617467E1,-8.143882733E-4,3.332997439E-4,1.634620712E-4
6.186613767E1,-7.964307442E-4,1.498188358E-4,-5.933316424E-5
6.187610067E1,6.454046816E-4,1.197251258E-4,2.008576412E-4
6.188606267E1,1.967438729E-4,-1.916818786E-3,2.195271081E-4
6.189602567E1,2.753071021E-4,-5.599381402E-4,1.072005136E-3
6.190598867E1,-1.120992936E-3,-2.970802598E-5,-5.411989405E-4
6.191595167E1,-1.295962604E-3,2.901375992E-4,5.733339349E-4
6.192591467E1,-1.928051934E-4,1.915137982E-3,2.307554241E-4
6.193587767E1,-5.699086469E-4,8.320304332E-4,6.430782378E-5
6.194583967E1,-1.052011619E-3,-9.401198477E-4,6.164825754E-5
6.195580267E1,-2.021969995E-4,1.975826453E-4,7.945501129E-4
6.196576567E1,-2.958677942E-4,7.656160742E-4,-8.043318521E-4
6.197572908E1,-4.921428626E-4,7.056948962E-4,1.309703803E-4
6.198569208E1,-1.297962735E-3,-1.122994348E-3,1.205083914E-3
6.199565508E1,-8.343065856E-4,3.130872734E-3,1.991515281E-3
6.200561808E1,1.575764501E-3,-1.526117790E-3,3.767346498E-4
6.201558008E1,-7.102930686E-4,3.705854760E-4,-7.710878272E-4
6.202554308E1,-9.344569407E-4,3.134306287E-3,-4.117622448E-4
6.203550608E1,5.667669466E-4,3.489060327E-4,1.056704670E-3
6.204546908E1,-1.415063161E-5,-1.549359877E-4,-5.001205136E-4
6.205543208E1,-1.979030902E-3,2.473870292E-3,-2.350484952E-3
6.206539508E1,5.433773622E-4,-1.226887107E-3,5.840606755E-4
6.207535708E1,-1.231619390E-3,-1.142465044E-3,-1.712117810E-4
6.208532008E1,4.406662192E-4,7.151287282E-4,1.247146400E-3
6.209528308E1,-9.260681691E-4,-7.312339731E-4,1.389092766E-3
6.210524608E1,-9.953428525E-4,-8.612503298E-4,9.962683544E-5
6.211520908E1,2.784363460E-5,2.412983449E-4,5.755337188E-4
6.212517208E1,-3.575683804E-4,3.084858181E-4,-1.467217226E-5
6.213513508E1,6.981085753E-4,-3.546413500E-4,6.335845683E-5
6.214509708E1,7.591750473E-4,-2.733208239E-4,-1.336012501E-3
6.215506008E1,-5.505676381E-4,1.530438079E-3,-1.115236431E-3
6.216502308E1,1.272381051E-3,-2.448100131E-4,9.255348705E-4
6.217498608E1,9.251049487E-4,1.593037508E-3,-1.051084837E-4
6.218494908E1,4.679523408E-4,2.001927467E-3,-1.244560233E-3
6.219491208E1,2.996404655E-4,1.429081429E-3,-5.175172701E-4
6.220487408E1,7.697902620E-4,-3.021859564E-3,-8.678708109E-4
6.221483708E1,-8.890926838E-4,-5.107647739E-4,-1.255893381E-3
6.222480008E1,-1.577344956E-4,-1.904781209E-3,-1.208029105E-3
6.223476308E1,7.605233695E-4,-1.650182996E-3,-4.090807633E-4
6.224472608E1,-6.527443184E-4,1.734590158E-3,1.377204899E-3
6.225468908E1,9.744470008E-4,7.825100329E-4,1.122340327E-3
6.226465208E1,6.803807337E-4,1.237282064E-3,-3.736175131E-5
6.227461408E1,1.272667665E-3,1.227961038E-3,1.085959608E-3
6.228457708E1,3.626216203E-4,-2.089845948E-4,-1.025741221E-5
6.229454008E1,1.434277627E-3,1.062674914E-3,-8.984216256E-4
6.230450308E1,1.564297825E-3,2.442347817E-3,-4.727494088E-4
6.231446608E1,1.225543674E-3,-7.833424024E-5,-5.204200279E-4
6.232442908E1,-2.491200576E-4,-6.775474176E-4,7.579873200E-4
6.233439108E1,-1.740224077E-3,-6.213546731E-4,1.603068085E-5
6.234435408E1,-9.997488232E-4,-2.797501627E-3,-5.720357876E-4
6.235431708E1,-1.659946400E-3,-8.360834327E-4,7.084120298E-4
6.236428008E1,-6.879951106E-4,7.470551645E-4,-7.620707038E-4
6.237424308E1,-9.657627670E-4,-5.046306178E-4,2.392778406E-4
6.238420608E1,-5.772616714E-5,2.741348697E-3,-2.546756878E-4
6.239416908E1,-1.781011233E-4,2.695009811E-3,1.444687368E-3
6.240413108E1,-7.647869643E-4,1.716450439E-3,-3.820949350E-4
6.241409408E1,5.729187978E-4,1.159583451E-3,-5.615919945E-4
6.242405708E1,9.156845044E-4,1.533432282E-3,3.571639536E-4
6.243402008E1,-1.797543955E-3,5.278226454E-4,-2.907831804E-4
6.244398308E1,-1.981267938E-3,1.627368038E-3,-2.961727441E-4
6.245394608E1,-4.147964064E-4,-2.610786352E-3,1.264709281E-4
6.246390808E1,-1.337961294E-6,-8.576130494E-5,7.930962602E-4
6.247387108E1,2.689729445E-4,-1.039172988E-3,-2.655963646E-3
6.248383408E1,3.866571933E-4,-4.601876717E-4,-1.543396502E-4
6.249379708E1,1.248298213E-5,-1.651952276E-3,-1.199896680E-3
6.250376008E1,3.420164576E-4,-1.090317033E-3,-4.004089278E-4
6.251372308E1,-1.033239882E-3,-4.711321089E-4,9.594011353E-4
6.252368508E1,-4.658241523E-4,-2.311510034E-4,-8.306359523E-4
6.253364808E1,-8.210899541E-4,-1.380305039E-3,-1.361936564E-3
6.254361108E1,-1.197437989E-3,-4.138329532E-4,3.851645160E-4
6.255357408E1,1.056467881E-4,-2.207537182E-4,-9.655907634E-4
6.256353708E1,3.692348255E-4,1.688604709E-3,9.187120013E-4
6.257350008E1,9.812496137E-5,2.073431388E-3,-1.192375785E-3
6.258346208E1,-5.798940547E-4,1.112516969E-3,4.528863938E-4
6.259342508E1,-5.665782373E-4,9.713693289E-4,1.426271861E-3
6.260338808E1,-3.028821666E-4,3.353143111E-4,2.978128614E-4
6.261335108E1,5.767600378E-4,1.298579620E-3,-9.313918417E-5
6.262331408E1,8.939439431E-4,1.835200586E-3,4.567904398E-6
6.263327708E1,2.353441669E-4,7.579518715E-4,8.783510420E-4
6.264324008E1,5.370498402E-4,1.650266116E-3,1.326758065E-4
6.265320208E1,4.020276247E-4,-2.484025201E-3,-3.626722028E-4
6.266316508E1,-1.981926383E-3,-3.425409086E-4,9.786098963E-5
6.267312808E1,-1.401090994E-3,2.018176019E-5,1.231609494E-4
6.268309108E1,-6.099825259E-4,-4.090727773E-3,9.719054797E-4
6.269305408E1,-7.047909312E-4,-3.404642921E-4,-2.432948677E-4
6.270301708E1,4.943545209E-4,-8.297213353E-4,2.919488470E-4
6.271297908E1,-4.111202434E-4,-8.978981059E-4,1.254681498E-3
6.272294208E1,-1.917042304E-3,4.043013789E-3,9.812519420E-4
6.273290508E1,7.692882791E-4,-8.675886784E-4,-4.595181963E-4
6.274286808E1,-1.903373050E-4,2.194072353E-3,-9.465369512E-4
6.275283108E1,5.311131245E-4,4.681465216E-3,1.380799571E-3
6.276279408E1,2.623616485E-3,1.116770320E-3,1.565978164E-4
6.277275608E1,1.846772269E-3,-1.743300818E-4,-1.086565782E-3
6.278271908E1,5.511684576E-4,-7.446394302E-4,-8.713897550E-4
6.279268208E1,3.074893029E-4,-7.686079480E-4,2.188848564E-3
6.280264508E1,-8.021598915E-4,-3.440038767E-3,-7.659228868E-4
6.281260808E1,-1.821085229E-3,9.190234123E-4,1.403507777E-4
6.282257108E1,-9.886373300E-4,-1.581568737E-3,-3.418331617E-4
6.283253308E1,1.179974759E-3,-2.872403013E-3,-1.713908860E-4
6.284249608E1,-9.412170621E-4,1.915995497E-3,-2.369560767E-3
6.285245908E1,-9.654519381E-4,1.425965456E-4,3.950667451E-4
6.286242208E1,-6.792953936E-4,-3.049271414E-3,-7.803502376E-4
6.287238508E1,1.057085581E-3,2.113000257E-3,-1.702200389E-4
6.288234808E1,2.298599575E-4,4.489603452E-5,2.873747144E-4
6.289231008E1,1.357708592E-3,1.996257342E-4,-6.247579586E-4
6.290227308E1,-1.820229227E-4,-1.937339315E-3,-1.131591620E-3
6.291223608E1,-1.095487154E-3,-1.539196586E-3,-7.076163893E-4
6.292219908E1,-1.012766734E-4,3.374613589E-4,4.590000026E-4
6.293216208E1,4.907440161E-4,3.600983182E-4,3.892251989E-4
6.294212508E1,2.170681488E-3,6.218884373E-4,8.655908168E-4
6.295208708E1,4.742479650E-4,-6.622876972E-4,8.370950236E-4
6.296205008E1,-5.074257497E-4,1.160477288E-3,-1.334728440E-4
6.297201279E1,-1.308504725E-3,-9.263756219E-4,-5.907375598E-4
6.298197579E1,-4.564002156E-4,-2.778414870E-3,4.310833756E-4
6.299193879E1,-1.311274944E-3,-1.529392553E-3,-6.839821581E-4
6.300190179E1,4.015025916E-4,-1.474768156E-3,-2.942759893E-4
6.301186379E1,-1.574949129E-4,-1.137612155E-3,5.680555478E-4
6.302182679E1,-9.040292352E-4,1.450324664E-3,2.619879087E-4
6.303178979E1,6.597790634E-4,-2.875447972E-3,1.252417453E-3
6.304175279E1,-6.486463826E-4,-1.773488009E-3,1.091209706E-3
6.305171579E1,-5.383915268E-4,2.565067727E-3,5.700290785E-4
6.306167879E1,1.118843211E-3,-5.860365927E-4,-3.669598373E-4
6.307164079E1,-5.280555924E-4,-1.056351000E-3,-4.178786185E-5
6.308160379E1,-1.229943009E-3,-1.064017415E-4,7.387803635E-4
6.309156679E1,2.201007213E-3,-8.507552557E-4,-1.391748548E-3
6.310152979E1,-2.935784869E-4,8.701933548E-4,-1.709102071E-4
6.311149279E1,1.386609860E-3,-5.162484013E-4,6.797034875E-4
6.312145579E1,8.322449867E-4,-1.600633841E-4,-2.517657122E-4
6.313141779E1,-3.065225901E-4,6.487387000E-4,6.944554625E-4
6.314138079E1,1.315707806E-3,-3.773749340E-4,-6.014065584E-4
6.315134379E1,1.514912234E-3,5.020007957E-4,5.432200851E-4
6.316130679E1,-2.524859738E-4,-2.878003521E-3,-9.283761028E-5
6.317126979E1,-1.254899660E-3,4.363006447E-4,9.065424092E-5
6.318123279E1,4.081316292E-4,-1.836306183E-3,-3.033576068E-4
6.319119479E1,5.552917719E-5,-1.250410685E-3,1.451187418E-4
6.320115779E1,-7.174437633E-4,1.072698855E-3,1.070177881E-3
6.321112079E1,-5.232993281E-4,-6.740051322E-5,-4.821787588E-4
6.322108379E1,-7.438716711E-4,-1.838424243E-3,3.216210753E-4
6.323104679E1,-1.028829836E-3,-2.078641439E-3,2.545095049E-4
6.324100879E1,-4.445341183E-4,1.160798478E-3,-7.461461937E-4
6.325097179E1,-1.276178518E-4,-4.011455458E-4,1.876801136E-3
6.326093479E1,3.136597807E-4,6.470823428E-4,-1.965457341E-5
6.327089779E1,-3.484019544E-4,6.430875510E-4,9.516002610E-4
6.328086079E1,-1.083858777E-3,-1.072614687E-3,6.918113213E-4
6.329082379E1,-9.562934283E-4,1.527057029E-4,1.509232679E-4
6.330078579E1,-6.302824477E-4,-2.560152207E-4,-1.713627251E-3
6.331074879E1,-8.462647675E-4,5.186983617E-4,5.444668932E-4
6.332071179E1,-2.768874401E-4,-1.412454294E-3,-6.318990490E-4
6.333067479E1,8.437706856E-4,-2.270813566E-4,-2.020648681E-4
6.334063779E1,-3.187167458E-4,7.414184511E-4,-3.921362804E-5
6.335060079E1,-1.986082643E-4,-1.438911539E-3,-1.694422099E-4
6.336056279E1,1.295753755E-4,-7.199125830E-4,4.602943663E-4
6.337052579E1,-3.023892641E-4,4.196540685E-4,6.451177760E-4
6.338048879E1,3.483288456E-4,-4.540532827E-4,2.769878483E-4
6.339045179E1,-8.426369168E-4,-9.195739403E-4,-4.995899508E-4
6.340041479E1,-2.379381098E-3,1.265191240E-3,-4.799963208E-4
6.341037779E1,1.544520142E-3,-3.613453591E-3,-3.556266893E-4
6.342033979E1,-9.181456408E-4,1.776691526E-3,-7.868852699E-4
6.343030279E1,-2.201310126E-4,-5.879292730E-4,4.831763217E-4
6.344026579E1,4.631939810E-4,-1.942994306E-3,1.290711691E-3
6.345022879E1,-1.404747134E-3,3.498909064E-3,1.314946567E-3
6.346019179E1,-1.110812649E-3,-7.781630848E-4,1.832260750E-5
6.347015479E1,-5.187920760E-4,4.391677212E-4,6.321812980E-4
6.348011679E1,-6.507916842E-4,1.531630289E-3,-1.834537252E-4
6.349007979E1,-1.246691681E-6,-2.092781942E-4,1.069030957E-3
6.350004279E1,-1.273830421E-4,2.212922322E-3,-4.842129711E-4
6.351000579E1,-1.673304942E-4,-2.872531768E-4,-7.840848994E-4
6.351996879E1,-3.285412677E-4,-1.607746584E-3,4.556087661E-4
6.352993079E1,-1.131750643E-3,-3.672461025E-4,-1.040288713E-3
6.353989379E1,-7.864178624E-4,-1.733288169E-3,-5.708507961E-4
6.354985679E1,-4.101132508E-4,-2.256332897E-3,-1.958777430E-4
6.355981979E1,-4.775486887E-4,-8.734446019E-4,8.244315395E-4
6.356978279E1,-6.338763051E-4,1.622588607E-4,1.855607494E-3
6.357974579E1,1.296454109E-3,1.185088884E-3,9.219181375E-4
6.358970779E1,-3.672437742E-5,3.352901898E-3,-6.125953514E-4
6.359967079E1,-1.603194978E-4,2.584123751E-3,8.590386715E-4
6.360963379E1,3.161199857E-4,1.483172993E-3,2.440396929E-5
6.361959679E1,1.810106914E-4,2.024457091E-3,1.887449180E-4
6.362955979E1,6.428029155E-4,1.309398329E-3,-5.786377005E-5
6.363952179E1,-5.646123318E-4,-6.042786408E-4,-9.141372866E-4
6.364948479E1,-9.971096879E-4,-2.118552104E-3,1.195086166E-3
6.365944779E1,3.312824992E-4,-1.977806212E-3,-9.634522721E-4
6.366941079E1,-6.927028298E-4,-8.134720847E-4,1.423006295E-3
6.367937379E1,2.436781069E-4,-1.471333671E-4,-1.280992059E-3
6.368933679E1,7.454176666E-4,7.231114432E-5,-7.246577879E-4
6.369929879E1,-1.471904106E-3,7.253469666E-4,-9.431545623E-4
6.370926179E1,-1.528405119E-4,-8.096990641E-4,8.896328509E-4
6.371922479E1,6.121764891E-4,7.942240918E-4,-4.311535158E-4
6.372918779E1,-4.192658234E-4,2.546675969E-4,1.024796744E-3
6.373915079E1,8.203915786E-4,1.748261275E-3,2.435026690E-4
6.374911379E1,3.269078443E-4,1.322421827E-3,8.198107826E-4
6.375907579E1,-7.459018379E-4,9.183405200E-4,-1.235922100E-4
6.376903879E1,-1.197927631E-4,-1.045208191E-3,8.330152486E-4
6.377900179E1,1.108396333E-3,4.136463394E-4,-1.041333890E-4
6.378896479E1,-3.981539048E-4,-4.761158489E-4,2.463154029E-3
6.379892779E1,2.838985529E-4,-1.518086763E-3,-2.858089283E-5
6.380888979E1,1.292437664E-3,1.237520482E-4,-9.231367148E-4
6.381885279E1,-1.423040405E-3,1.380334143E-4,-1.228184905E-3
6.382881579E1,4.962998210E-4,7.622783305E-4,1.163333654E-3
6.383877879E1,-2.296133898E-4,1.152054640E-3,-6.717680953E-4
6.384874179E1,3.456292907E-4,7.097035414E-4,-1.387359458E-3
6.385870479E1,-6.793304347E-4,5.315879826E-4,5.731807323E-5
6.386866679E1,1.607792219E-3,1.261826837E-3,7.452126010E-4
6.387862979E1,-9.671330918E-4,-6.672285963E-4,7.340034354E-4
6.388859279E1,2.581872977E-4,-6.579076871E-4,2.405197010E-4
6.389855579E1,5.809881259E-5,-1.194406766E-3,7.303064922E-5
6.390851879E1,-6.360770203E-5,-5.877385847E-4,1.126044430E-3
6.391848079E1,-5.749131087E-4,1.205349457E-3,2.058160608E-4
6.392844379E1,-7.485512178E-4,6.130624097E-4,-6.463954342E-4
6.393840679E1,-4.743877798E-4,7.172747282E-4,7.388718659E-4
6.394836979E1,-5.866819993E-5,-4.614403006E-4,-4.510285216E-4
6.395833279E1,7.125959964E-4,-5.429214798E-5,-8.569016354E-4
6.396829579E1,2.233732957E-4,-7.397898007E-4,5.503126886E-4
6.397825717E1,-3.772028722E-4,-6.603309885E-5,-6.414337549E-4
6.398822017E1,-1.176417572E-3,-1.935838256E-3,-2.025448484E-4
6.399818317E1,-9.548881790E-4,-6.542466581E-4,-9.967169026E-4
6.400814617E1,-9.438954294E-7,6.757361116E-4,1.447532210E-3
6.401810917E1,1.493568765E-3,1.999967499E-4,1.207763911E-3
6.402807117E1,-2.657155273E-4,2.761158627E-3,-9.026075713E-5
6.403803417E1,1.427088631E-3,3.199598286E-3,-1.893183799E-4
6.404799717E1,1.497928752E-3,6.938299630E-4,-2.329942072E-4
6.405796017E1,-5.313312868E-4,-9.360797703E-4,-1.632827683E-3
6.406792317E1,2.558992710E-4,-1.037013484E-3,-3.196229809E-4
6.407788617E1,-1.852275687E-3,-2.586669056E-3,8.723145584E-4
6.408784817E1,-8.173711831E-4,-1.938455505E-3,5.745731760E-4
6.409781117E1,-3.428484779E-4,-3.057781141E-4,7.461121422E-4
6.410777417E1,-3.285659477E-5,-1.552137546E-3,8.355943137E-4
6.411773717E1,4.551213933E-4,1.319524366E-3,6.878167624E-4
6.412770017E1,1.476443605E-3,2.225682838E-4,-6.027510390E-4
6.413766217E1,1.395771164E-3,-1.681772992E-4,-6.816566456E-4
6.414762517E1,-2.662313636E-5,1.005211496E-3,-2.439342905E-3
6.415758817E1,-2.867724979E-4,-1.294049434E-5,3.013691748E-4
6.416755117E1,6.557202432E-4,-7.088244893E-4,8.177561103E-4
6.417751417E1,-6.791509222E-4,5.828498397E-4,2.949720365E-4
6.418747617E1,1.057762653E-3,-5.391400773E-4,1.474329620E-4
6.419743917E1,4.124385305E-5,-1.011436339E-3,8.080003317E-5
6.420740217E1,-6.152252899E-4,3.417158732E-4,4.648278700E-4
6.421736517E1,-8.810136933E-4,4.812184488E-4,-4.737970594E-4
6.422732817E1,2.977013355E-4,7.248977199E-4,-8.809147403E-6
6.423729117E1,3.683326067E-4,-6.766463630E-4,-2.190547530E-4
6.424725317E1,1.249838853E-3,1.995337661E-4,8.230401436E-4
6.425721617E1,1.218337915E-3,-1.795063727E-4,4.826608347E-4
6.426717917E1,-6.432116497E-4,-5.084068980E-4,8.714824216E-4
6.427714217E1,-1.247802866E-3,1.351985848E-4,-1.718046842E-4
6.428710517E1,6.528950762E-4,-1.431805547E-3,-7.672980428E-5
6.429706717E1,6.485513877E-4,1.699136104E-3,-6.540096365E-6
6.430703017E1,7.910304703E-4,-1.280587167E-4,-8.030969184E-5
6.431699317E1,2.276295796E-3,-8.838747162E-4,6.765499129E-4
6.432695617E1,1.558869844E-4,1.207771944E-3,2.389761386E-3
6.433691917E1,-1.210218878E-3,5.631295498E-4,-8.123927983E-4
6.434688117E1,-3.667959245E-4,-1.345025375E-3,-1.825552317E-4
6.435684417E1,-2.076695673E-3,-5.135445390E-4,8.216614369E-4
6.436680717E1,2.232101979E-4,9.029909270E-4,9.914592374E-5
6.437677017E1,-5.003612023E-4,3.489430528E-4,9.998867754E-4
6.438673317E1,6.077800645E-4,2.930166665E-4,7.492833538E-4
6.439669617E1,-1.729886280E-4,8.336571045E-5,9.730157908E-4
6.440665817E1,-5.082808202E-4,-1.427365933E-4,1.591538312E-4
6.441662117E1,-2.256270964E-3,9.267367423E-4,4.313035752E-4
6.442658417E1,-2.174778376E-3,2.774581080E-4,-2.077926882E-3
6.443654717E1,2.957683755E-4,1.126791700E-3,-9.206590476E-4
6.444651017E1,2.569841687E-3,-9.981445037E-4,-4.450184642E-4
6.445647217E1,2.018652624E-3,5.302535137E-4,-1.456669997E-3
6.446643517E1,-1.273813308E-3,1.580604236E-3,-1.387427794E-3
6.447639817E1,-9.334009374E-4,-2.129460685E-3,5.624329206E-4
6.448636117E1,-9.259440703E-4,-3.104444128E-3,-6.527407095E-5
6.449632417E1,1.188989962E-3,-4.639707040E-4,1.195646357E-3
6.450628617E1,2.074491000E-3,1.888133236E-3,1.203103224E-3
6.451624917E1,2.410925925E-3,3.953781910E-3,1.328256447E-3
6.452621217E1,1.859917887E-3,1.370515325E-3,1.398031367E-3
6.453617517E1,-1.036592061E-3,-1.887618564E-4,-7.579023950E-4
6.454613817E1,-1.324213576E-3,-1.700638328E-3,-1.088570571E-5
6.455610017E1,-1.578227268E-3,3.492017277E-4,1.337916474E-4
6.456606317E1,2.484424971E-3,-1.881728182E-3,-5.551681388E-4
6.457602617E1,1.488731359E-3,1.484615146E-3,-7.939726347E-4
6.458598917E1,-4.761489108E-4,8.462554542E-4,3.852751688E-4
6.459595217E1,6.580242189E-4,-3.669431899E-4,-1.038798015E-3
6.460591417E1,-3.723527770E-4,-2.254591556E-3,1.202784711E-3
6.461587717E1,-1.894558314E-3,-1.925840043E-4,7.092453307E-4
6.462584017E1,-1.351273386E-3,7.581645623E-4,1.521119848E-4
6.463580317E1,1.164251007E-4,-2.168594627E-3,1.356241526E-3
6.464576617E1,-1.191986026E-3,1.925642136E-4,1.831191476E-4
6.465572817E1,1.279863063E-4,1.554206247E-4,-1.631734776E-4
6.466569117E1,-3.298110096E-4,6.060274318E-4,-6.281613605E-4
6.467565417E1,5.998515990E-4,2.883478301E-4,-2.520374255E-4
6.468561717E1,3.939892631E-4,-1.603947021E-4,-6.192873698E-4
6.469558017E1,-1.289355918E-3,1.756119658E-3,6.803873111E-4
6.470554317E1,1.982859103E-4,-2.076954115E-4,1.216215314E-3
6.471550517E1,3.543422790E-4,-1.975375460E-3,3.562425263E-6
6.472546817E1,-2.016670071E-3,3.007665277E-3,6.752116606E-4
6.473543117E1,9.194776649E-4,-2.614683937E-3,7.452788414E-4
6.474539417E1,5.125466269E-4,3.649317659E-5,8.115914534E-4
6.475535717E1,-2.560969442E-4,2.406935208E-3,-1.585843274E-4
6.476531917E1,1.140731038E-3,7.323394530E-4,4.677911638E-4
6.477528217E1,1.033605542E-3,-7.869852707E-4,4.272338119E-4
6.478524517E1,7.667568279E-4,-6.405112799E-4,3.286968567E-4
6.479520817E1,7.671030471E-4,-1.801704057E-3,3.964685602E-4
6.480517117E1,-2.689147368E-3,2.661753912E-3,-1.582260011E-3
6.481513317E1,7.330416702E-5,-8.976364043E-4,-9.514649864E-4
6.482509617E1,-1.291299588E-3,-1.041447278E-3,8.522940334E-4
6.483505917E1,-1.586806844E-3,2.356529702E-3,-3.072370309E-4
6.484502217E1,3.261418315E-4,7.051036227E-4,-3.256128402E-4
6.485498517E1,-3.648963757E-4,1.058038557E-3,1.735971309E-4
6.486494717E1,5.253984127E-4,7.326002233E-4,1.360834343E-3
6.487491017E1,3.248795401E-4,6.458899006E-4,1.961930539E-4
6.488487317E1,6.186262472E-4,-1.476116944E-3,6.081840838E-4
6.489483617E1,-3.497612197E-4,2.654031385E-3,2.176604467E-4
6.490479917E1,-1.873082947E-4,-4.253815860E-4,1.436855528E-3
6.491476117E1,-5.710604601E-4,-1.089264639E-3,-3.805769375E-4
6.492472417E1,-8.560188580E-4,6.356647937E-4,2.386080450E-4
6.493468717E1,-1.902517397E-4,3.341957927E-5,5.496244412E-4
6.494465017E1,3.125530202E-4,3.332915949E-4,-8.682425250E-4
6.495461317E1,3.249857109E-4,7.611735491E-4,-1.792151597E-4
6.496457517E1,-2.475938527E-4,6.463913014E-4,-6.077177823E-4
6.497453904E1,8.990755305E-7,-1.670374768E-3,1.214282820E-3
6.498450204E1,-1.934420201E-3,5.528320326E-4,6.997600431E-4
6.499446504E1,-1.720324508E-3,-1.046352554E-3,9.232599987E-4
6.500442804E1,1.859762939E-3,-3.435207997E-3,1.063342206E-3
6.501439004E1,-3.684909316E-4,4.683695734E-3,6.970512914E-4
6.502435304E1,1.238194178E-3,1.165393391E-3,-9.559727623E-4
6.503431604E1,5.366653204E-5,-5.766754039E-4,-4.132980248E-4
6.504427904E1,-2.472706838E-4,2.042277018E-3,6.562275230E-4
6.505424204E1,6.393247750E-4,-1.730993856E-3,1.539752120E-4
6.506420404E1,-1.202783664E-3,-7.706580218E-4,-3.365790471E-4
6.507416704E1,-1.940485323E-3,1.110277139E-3,-1.004836638E-3
6.508413004E1,4.342554603E-4,-2.669281093E-3,1.608289895E-4
6.509409304E1,-1.635569264E-3,-6.731110625E-4,-7.101361407E-4
6.510405604E1,-5.545922322E-4,1.230516355E-3,9.287731955E-4
6.511401804E1,3.351211781E-4,-2.054469427E-3,-8.042216068E-4
6.512398104E1,1.444327761E-3,3.599522170E-4,1.691638026E-4
6.513394404E1,-4.973139148E-4,-2.457243390E-4,9.553218842E-4
6.514390704E1,2.608880168E-4,-1.045768149E-4,2.897979575E-4
6.515387004E1,-4.136520438E-4,2.862607129E-3,-7.659674156E-5
6.516383204E1,1.637213863E-4,-1.510260627E-4,2.991753281E-4
6.517379504E1,-5.676662549E-4,2.210319275E-3,-5.114420783E-4
6.518375804E1,1.883240766E-3,-1.130225137E-4,1.647344907E-4
6.519372104E1,-2.425600775E-3,7.463161601E-4,7.794933626E-4
6.520368404E1,-2.018403262E-3,1.242995728E-3,-4.056133912E-4
6.521364604E1,1.764771761E-3,-5.748013034E-3,1.277895644E-4
6.522360904E1,4.329248331E-4,1.325608697E-3,2.215707675E-3
6.523357204E1,-3.538179444E-4,3.039839910E-3,-1.455856720E-3
6.524353504E1,2.741041593E-3,1.488015987E-3,5.889182212E-4
6.525349804E1,8.085548179E-4,-3.505870234E-3,-5.622876342E-4
6.526346004E1,-4.026946612E-3,7.178998087E-3,5.956547684E-4
6.527342304E1,8.777726907E-5,-4.017020576E-3,1.355153974E-3
6.528338604E1,3.045585472E-4,-2.815135755E-3,2.704483923E-4
6.529334904E1,-2.887051553E-3,6.159630604E-3,1.506550470E-4
6.530331204E1,6.320498651E-4,-2.022665460E-3,7.184409769E-4
6.531327404E1,-1.178725739E-3,2.332227305E-4,-1.165713766E-4
6.532323704E1,-2.644263208E-3,2.752839355E-3,-1.089157769E-3
6.533320004E1,-1.609502360E-4,-1.477213576E-3,7.323969039E-4
6.534316304E1,-4.277990665E-4,5.134993698E-4,-5.376827903E-5
6.535312604E1,4.781633615E-4,3.939745016E-3,2.788543352E-4
6.536308804E1,3.729616757E-3,-1.084041782E-3,4.690039787E-4
6.537305104E1,9.103099583E-4,9.637256153E-4,-1.941917464E-3
6.538301404E1,-1.083065988E-3,3.578683361E-3,4.314918187E-4
6.539297704E1,-2.023000270E-4,-3.496295307E-3,1.349905273E-3
6.540294004E1,-6.957836449E-4,-2.792421728E-3,-4.527883721E-4
6.541290204E1,-1.725960989E-3,1.810071757E-3,-2.699157922E-4
6.542286504E1,-1.895832829E-4,-2.471225802E-3,-1.448364579E-3
6.543282804E1,-1.008122694E-3,1.648356672E-3,1.552400528E-3
6.544279104E1,-4.214283545E-4,1.322385855E-3,-7.602885598E-4
6.545275404E1,8.996266406E-4,5.184824113E-4,1.129092649E-3
6.546271604E1,-1.311063301E-3,3.241564613E-3,-6.693399046E-4
6.547267904E1,1.334760804E-3,-2.266803756E-3,-5.953301443E-4
6.548264204E1,-1.284724334E-3,-1.636699541E-3,1.479580533E-4
6.549260504E1,-4.232991487E-4,1.101249014E-3,-1.061041374E-3
6.550256704E1,-1.583105652E-3,-1.370430691E-3,-4.759448639E-4
6.551253004E1,1.049170969E-4,-1.430850010E-3,2.871741308E-4
6.552249304E1,1.483635628E-3,1.496496610E-3,1.215552096E-3
6.553245604E1,5.746670067E-4,-1.058048569E-3,5.678882007E-4
6.554241904E1,3.415460931E-3,2.684721258E-4,4.560354282E-4
6.555238104E1,5.163496826E-5,1.979505410E-3,9.252221789E-4
6.556234404E1,-4.690130008E-4,-1.598717878E-3,-1.128779259E-4
6.557230704E1,1.083310926E-4,-1.073035179E-3,7.699984126E-4
6.558227004E1,5.496168742E-4,1.635932247E-3,-1.679668785E-4
6.559223304E1,1.962726237E-4,6.686939159E-4,4.232257488E-4
6.560219504E1,-5.576682743E-4,-2.053855453E-3,-8.260631002E-4
6.561215804E1,-4.208806204E-4,-9.938771836E-5,1.246745931E-3
6.562212104E1,-1.436610124E-3,4.731920781E-4,2.187656937E-4
6.563208404E1,-1.190591138E-5,-1.078556059E-3,6.077609141E-4
6.564204704E1,-4.478653427E-4,1.576881856E-3,-1.136875944E-3
6.565200904E1,1.799793798E-3,5.341656506E-4,-2.711321576E-4
6.566197204E1,1.833349583E-3,-1.819583122E-4,2.330041607E-4
6.567193504E1,8.561497089E-5,-3.770033363E-4,1.198891783E-3
6.568189804E1,-1.449431176E-3,-2.297941362E-3,3.906224156E-4
6.569186104E1,-8.183314931E-4,1.655291999E-4,-5.586675834E-4
6.570182304E1,-4.580058157E-4,4.478242481E-4,2.496510744E-3
6.571178604E1,-5.680248141E-4,4.199272953E-3,-9.093922563E-4
6.572174904E1,5.704766372E-4,-3.916177899E-3,-3.236994846E-3
6.573171204E1,-1.225751243E-3,3.776777070E-3,2.479726099E-4
6.574167504E1,1.081078779E-3,-6.531253923E-3,9.164260118E-4
6.575163704E1,-4.036636092E-3,6.206282880E-3,-9.113740525E-4
6.576160004E1,-2.893873723E-3,2.434714232E-3,4.809265374E-4
6.577156304E1,1.256781281E-3,-1.252782438E-2,-6.434798706E-4
6.578152604E1,-4.361156840E-3,7.321514189E-3,3.535987344E-5
6.579148804E1,6.226747762E-3,-9.826845489E-3,-3.775886726E-4
6.580145104E1,1.536122290E-3,4.441572353E-3,-6.910427473E-4
6.581141404E1,-2.265972085E-3,1.101992093E-2,-1.390011283E-3
6.582137704E1,2.009999240E-3,-7.253093179E-3,2.715349547E-4
6.583134004E1,5.936896196E-4,-3.845483530E-3,-2.462761244E-3
6.584130204E1,-1.323786215E-3,1.303496538E-4,-5.926894955E-4
6.585126504E1,2.043263521E-4,8.449001471E-4,-5.300182384E-4
6.586122804E1,2.158554038E-3,-1.548748929E-3,1.686264412E-3
6.587119104E1,-3.993554274E-4,-2.456668764E-3,6.164421211E-4
6.588115404E1,-1.591382315E-4,4.086261615E-4,7.543939282E-4
6.589111604E1,-7.056818577E-4,1.107272459E-3,-2.526228782E-4
6.590107904E1,-1.860162127E-3,5.096590612E-4,1.729502692E-4
6.591104204E1,-1.261030091E-3,-2.111715963E-3,4.615769139E-4
6.592100504E1,5.930627231E-4,-1.423555426E-3,-4.425662919E-4
6.593096704E1,8.622203022E-4,5.328286439E-3,8.264382486E-4
6.594093004E1,1.534934854E-3,4.998054821E-3,4.666452878E-4
6.595089304E1,1.502242405E-3,-1.303253230E-4,-2.325314563E-4
6.596085604E1,-1.362519921E-3,4.278006963E-5,-6.623656373E-4
6.597081904E1,-1.341400319E-3,7.406226359E-5,-7.726281183E-4
6.598078021E1,-1.009836909E-3,-1.919580158E-3,1.058561495E-3
6.599074321E1,-9.098978480E-4,-2.851031721E-3,1.788030495E-4
6.600070621E1,-3.357883543E-6,-1.157527789E-3,-9.514425183E-4
6.601066921E1,-1.311529195E-4,2.234489191E-3,-4.062626977E-5
6.602063221E1,1.388713019E-3,-2.063320251E-3,-1.499772305E-3
6.603059421E1,-2.114714822E-3,7.434859872E-4,2.086110762E-4
6.604055721E1,1.415038598E-3,-2.209160710E-3,-2.148601925E-5
6.605052021E1,-1.016929396E-3,2.819851972E-3,5.876053474E-4
6.606048321E1,1.040628878E-3,2.518382156E-3,3.487198264E-4
6.607044621E1,6.218820345E-4,-4.512115847E-4,5.668999511E-4
6.608040821E1,-1.213302370E-3,-1.907428261E-3,1.370658283E-4
6.609037121E1,-1.796185505E-3,-6.475101691E-4,4.024505615E-4
6.610033421E1,-1.259824960E-3,-5.348585546E-4,4.898022162E-4
6.611029721E1,-1.724992180E-4,-1.483519794E-3,4.856057931E-4
6.612025921E1,-5.452113692E-5,1.741568209E-3,-2.467634622E-4
6.613022221E1,1.967380056E-3,-7.414475549E-4,7.397949230E-5
6.614018521E1,-5.502451677E-5,6.628372939E-4,-1.384101226E-3
6.615014821E1,-6.211885484E-4,1.642449060E-4,1.721105771E-3
6.616011121E1,1.319533912E-4,-3.016368486E-3,-1.365764299E-3
6.617007321E1,1.064559910E-5,-1.559159718E-3,3.719748929E-5
6.618003621E1,-1.719077583E-3,1.562863938E-3,-7.787950453E-4
6.618999921E1,1.112721628E-3,4.846719094E-4,-1.965701813E-4
6.619996221E1,-1.028992468E-3,1.918517752E-3,-1.313227112E-4
6.620992521E1,-1.494362950E-3,7.370678941E-4,-6.323400885E-5
6.621988721E1,-4.815626889E-4,-7.253303193E-5,-6.299546803E-4
6.622985021E1,-1.440747990E-3,1.371770282E-3,-2.667189692E-4
6.623981321E1,6.580892950E-4,6.069603842E-5,2.086552558E-4
6.624977621E1,-1.301442971E-4,-2.370915143E-3,-2.924811561E-4
6.625973821E1,-6.630428834E-4,-8.723544888E-4,2.137919422E-3
6.626970121E1,1.112386119E-3,1.192855067E-3,-5.991009530E-4
6.627966421E1,1.260990510E-3,-8.497894742E-4,-4.182723351E-4
6.628962721E1,-1.064829994E-4,5.625569029E-4,3.843759769E-4
6.629959021E1,-1.844994491E-3,-4.491023719E-5,-2.441921970E-5
6.630955221E1,-1.681724098E-5,-6.325691938E-4,1.294529065E-3
6.631951521E1,-1.425184309E-4,2.595448168E-3,5.629587686E-4
6.632947821E1,-5.342789227E-4,5.341091892E-4,4.124073894E-4
6.633944121E1,-4.906031536E-4,-2.599898493E-3,-2.264849609E-4
6.634940421E1,-2.524287673E-3,2.094430849E-3,3.605382517E-7
6.635936621E1,-5.634021945E-4,-4.167193547E-3,7.199466345E-4
6.636932921E1,7.768620271E-4,3.505692584E-4,6.606139359E-4
6.637929221E1,-1.123835915E-3,5.899798125E-3,-7.692372892E-4
6.638925521E1,2.059251070E-3,-5.942674354E-3,-5.984971067E-4
6.639921721E1,-1.427625655E-3,-4.685469903E-4,-5.547853652E-5
6.640918021E1,-1.975290244E-3,4.049737006E-3,-5.019070813E-4
6.641914321E1,2.194953617E-3,-4.772782791E-3,1.303273602E-4
6.642910621E1,-2.537007676E-4,2.548340475E-3,-1.841970370E-4
6.643906921E1,-1.138136606E-3,1.975682098E-4,-5.466532311E-4
6.644903121E1,1.706555020E-3,-1.025848789E-3,-6.814890075E-4
6.645899421E1,-1.059670234E-3,3.662379924E-3,2.793794847E-4
6.646895721E1,2.464054851E-4,-4.838283639E-4,4.125284613E-4
6.647892021E1,1.506879693E-3,-1.845502527E-3,1.914817607E-3
6.648888221E1,2.484014258E-4,6.117081270E-3,-1.674086205E-3
6.649884521E1,2.058552112E-3,3.444130998E-4,2.953213989E-4
6.650880821E1,1.699269167E-3,-3.456932027E-4,1.853595604E-4
6.651877121E1,-1.286667073E-3,1.657802844E-3,1.309479820E-3
6.652873421E1,-2.591897501E-4,-7.213791832E-4,2.840941306E-4
6.653869621E1,2.931809751E-3,-1.089252438E-2,-7.180534303E-4
6.654865921E1,-5.574859213E-3,1.176591683E-2,-1.788910478E-3
6.655862221E1,1.784786349E-3,-5.792836659E-3,1.737381099E-3
6.656858521E1,1.693377621E-3,-2.784421435E-3,1.065905788E-3
6.657854721E1,-1.609741128E-3,7.306828164E-3,-8.644396439E-5
6.658851021E1,1.508738846E-3,-5.092182197E-3,7.381804753E-4
6.659847321E1,2.173719695E-4,1.839493518E-3,1.136855572E-3
6.660843621E1,-3.171557328E-4,8.951853961E-4,-4.652281641E-4
6.661839921E1,1.740668900E-3,-4.779403098E-4,8.567650220E-4
6.662836121E1,1.397897257E-3,3.150882898E-3,-7.744826144E-5
6.663832421E1,1.894044224E-3,-1.187672839E-3,-6.484300247E-4
6.664828721E1,-6.743769627E-4,1.170442323E-3,-1.376483124E-5
6.665825021E1,-3.683797549E-4,-1.885688398E-4,-1.490753959E-3
6.666821221E1,-1.748240320E-4,-3.432908328E-3,1.960995840E-3
6.667817521E1,-4.398085875E-4,-1.103486866E-4,1.821992919E-5
6.668813821E1,-3.959357273E-4,-1.735753613E-3,1.680168207E-4
6.669810121E1,-7.293636445E-4,1.488535549E-3,5.240814644E-4
6.670806421E1,-4.041395150E-4,-2.088886453E-3,6.901809247E-4
6.671802621E1,-2.331645228E-4,-4.118192010E-5,6.409124471E-4
6.672798921E1,-1.065905672E-3,2.053442877E-3,-7.177722873E-4
6.673795221E1,4.449055996E-4,1.471275929E-3,-3.603760852E-4
6.674791521E1,-3.259978257E-4,2.048285212E-3,-3.103750641E-4
6.675787721E1,2.080168342E-3,2.093292773E-3,-1.285624690E-3
6.676784021E1,4.672064679E-4,-3.681216389E-3,-4.671582719E-4
6.677780321E1,-2.159202937E-3,5.493107252E-3,2.321878565E-4
6.678776621E1,8.783693193E-4,-4.648683593E-3,6.738306256E-4
6.679772921E1,1.136962324E-3,-3.535748459E-3,-7.158808876E-5
6.680769121E1,-1.921117306E-3,5.165707320E-3,2.400845988E-4
6.681765421E1,3.201739397E-3,-3.291692818E-3,-3.921498428E-4
6.682761721E1,-1.231915900E-3,8.764944505E-4,6.358087412E-4
6.683758021E1,-4.659908591E-4,-8.234013803E-4,-8.377182530E-4
6.684754221E1,2.581445733E-4,-2.267866628E-3,9.605511441E-4
6.685750521E1,9.146138327E-4,3.364186268E-3,5.493590725E-4
6.686746821E1,3.695266554E-3,2.042910317E-3,-4.044320667E-5
6.687743121E1,1.973000355E-3,-6.285065319E-4,8.993863594E-4
6.688739421E1,-1.367844059E-3,2.341770567E-3,2.346176188E-6
6.689735621E1,-9.710331215E-4,3.340134863E-4,-4.775554698E-4
6.690731921E1,-2.618954750E-4,-1.182803651E-3,-7.717022090E-4
6.691728221E1,-8.653678233E-4,-8.345069364E-5,7.857144228E-4
6.692724521E1,1.379954978E-3,1.642299700E-3,1.463437802E-4
6.693720721E1,-4.400493344E-4,2.282257192E-3,-1.206009416E-3
6.694717021E1,3.654231550E-4,-3.462338354E-4,2.763259108E-4
6.695713321E1,-1.538736979E-3,-2.345861867E-5,-1.164976857E-3
6.696709621E1,1.728881616E-4,-1.438578591E-3,2.450450556E-4
6.697705967E1,1.664966112E-4,-1.477726968E-3,-8.449867018E-4
6.698702167E1,-8.396876510E-4,4.183731973E-3,-9.928166401E-4
6.699698467E1,1.634921529E-3,-3.064327175E-3,6.401387509E-6
6.700694767E1,-6.209012354E-4,-3.117204411E-3,-1.082483795E-4
6.701691067E1,-1.256331452E-3,1.185132423E-3,1.551700057E-3
6.702687267E1,-3.734695492E-4,-7.997641806E-4,4.223747528E-4
6.703683567E1,-9.290048620E-4,3.171655117E-4,-5.153242964E-4
6.704679867E1,-1.897287671E-3,3.552828217E-3,-2.040241379E-4
6.705676167E1,1.403966686E-3,-1.869634027E-3,-8.839291404E-4
6.706672467E1,-1.073154737E-3,1.887778984E-3,5.034511560E-4
6.707668667E1,-1.031076885E-3,4.866899690E-4,-1.114727347E-4
6.708664967E1,3.631125437E-4,-8.004715201E-4,-1.593423076E-4
6.709661267E1,-1.303227269E-3,1.356295543E-4,6.689007278E-4
6.710657567E1,-8.726672968E-4,5.578948185E-4,-4.842377093E-4
6.711653767E1,3.919901792E-5,-2.474449575E-4,-3.313722555E-4
6.712650067E1,-1.125933253E-3,6.415108219E-4,2.245355863E-4
6.713646367E1,-4.897041945E-4,-1.730832970E-3,-8.694910211E-4
6.714642667E1,-9.411595529E-4,-1.329934457E-3,-2.170992084E-4
6.715638867E1,1.151286298E-3,1.767588081E-3,1.773879863E-3
6.716635167E1,7.746920455E-4,-5.691009574E-4,-5.356981419E-4
6.717631467E1,3.302104305E-4,3.060521325E-3,5.552353105E-5
6.718627767E1,5.387375131E-5,1.547695138E-5,1.204471104E-3
6.719624067E1,-1.662533497E-3,-1.263905549E-3,-1.094902284E-3
6.720620267E1,-2.057428937E-4,3.981493646E-4,-5.059270770E-4
6.721616567E1,-1.708553173E-4,-5.342233926E-4,-2.510625636E-4
6.722612867E1,-7.490481948E-4,-1.639456023E-3,-1.256752876E-4
6.723609167E1,-8.555747336E-4,-5.251895636E-4,-3.115639556E-4
6.724605367E1,1.389067620E-5,5.601071753E-4,7.526077679E-4
6.725601667E1,-3.735992359E-4,1.110316254E-3,1.873798668E-3
6.726597967E1,-5.750448909E-4,-8.108471520E-4,1.467256225E-4
6.727594267E1,-5.651912652E-4,1.239222474E-4,5.517925019E-4
6.728590467E1,8.186359191E-4,1.714530401E-3,-4.323230824E-4
6.729586767E1,-1.707284246E-4,5.715016741E-4,-6.831928622E-4
6.730583067E1,-1.137892483E-3,1.070122700E-3,1.911279978E-4
6.731579367E1,2.084905282E-5,1.101015368E-3,1.083286945E-3
6.732575667E1,9.534146520E-4,2.232740400E-3,5.582279409E-4
6.733571867E1,4.468814004E-4,2.257821616E-4,4.242709256E-4
6.734568167E1,5.713462597E-4,-3.163706511E-3,-2.254540450E-4
6.735564467E1,-1.945787808E-4,-1.261144178E-3,1.258169650E-4
6.736560767E1,-7.235574303E-4,-1.447386108E-3,8.044849383E-4
6.737556967E1,2.985637402E-4,-1.756579150E-3,-1.872762223E-4
6.738553267E1,-1.450608252E-4,-1.609524945E-3,1.142412075E-4
6.739549567E1,5.090114428E-4,2.000929089E-4,-6.420965656E-4
6.740545867E1,-9.472261881E-4,5.637474824E-4,-4.596107174E-4
6.741542067E1,1.265594386E-3,2.558859996E-4,-6.763919955E-4
6.742538367E1,1.836757874E-4,2.704727463E-3,8.597100968E-4
6.743534667E1,-7.324515609E-4,1.503109233E-3,-5.845221458E-4
6.744530967E1,7.268227637E-5,1.533926348E-3,-1.849721884E-4
6.745527267E1,-4.120130325E-4,2.330744173E-3,3.513884149E-4
6.746523467E1,8.591550868E-4,-3.477551509E-4,-1.166189089E-3
6.747519767E1,-8.772258880E-4,-1.993854763E-3,3.249960719E-5
6.748516067E1,-5.628253566E-4,-1.838184427E-3,4.839292960E-4
6.749512367E1,-4.214117071E-4,-2.615827601E-3,-9.366008453E-4
6.750508567E1,-2.569364151E-4,2.894286299E-4,-1.708783093E-4
6.751504867E1,5.614529364E-4,1.195169752E-3,-2.728773397E-4
6.752501167E1,-8.438178338E-4,8.216842543E-4,-2.247410594E-4
6.753497467E1,4.408911336E-4,9.375318186E-4,-5.030414322E-4
6.754493667E1,2.920379629E-4,1.107220305E-3,2.728749532E-4
6.755489967E1,-7.287517656E-4,-2.717645839E-4,-7.356640999E-4
6.756486267E1,6.234773900E-4,-9.384080768E-4,-9.476179839E-4
6.757482567E1,-1.340603805E-3,-1.940555638E-3,-6.429523928E-4
6.758478867E1,-3.784265136E-4,-1.570682973E-3,-1.753962133E-4
6.759475067E1,7.510976866E-5,-5.176070612E-3,-1.990983146E-4
6.760471367E1,-1.563967438E-3,4.669956863E-3,1.573546906E-4
6.761467667E1,2.532773186E-3,-9.278882295E-3,3.251338494E-4
6.762463967E1,-2.967086155E-3,9.114801884E-3,-1.002440462E-3
6.763460167E1,-2.432049951E-4,1.832654933E-3,-1.103906892E-3
6.764456467E1,2.829624340E-3,-8.870726451E-3,6.128742825E-5
6.765452767E1,-3.770221490E-3,4.303133115E-3,-1.199453021E-3
6.766449067E1,-1.822068240E-3,-1.776411664E-3,-2.721335622E-4
6.767445267E1,8.227168582E-4,8.806241676E-4,2.871302422E-4
6.768441567E1,-2.301171189E-3,9.618700715E-4,-1.843321836E-3
6.769437867E1,1.853626338E-3,-4.692819901E-3,-8.883121773E-4
6.770434167E1,7.313906681E-4,-2.080949489E-4,-6.546314107E-4
6.771430367E1,8.328570984E-4,6.322242320E-3,-9.640907519E-4
6.772426667E1,3.453530837E-3,-1.966294833E-3,1.624986762E-4
6.773422967E1,-3.675727639E-4,4.726279294E-4,3.260168014E-4
6.774419267E1,-1.689043595E-3,-9.706753772E-4,9.628377738E-4
6.775415567E1,-6.908907089E-4,-2.140602097E-3,-2.702058409E-4
6.776411767E1,-6.805841113E-4,1.651776955E-3,5.496909143E-4
6.777408067E1,-8.180030854E-4,-3.799889237E-5,-2.324794768E-4
6.778404367E1,-9.850403294E-4,8.644675836E-4,-1.144848997E-3
6.779400667E1,-3.980796319E-4,6.146630039E-4,3.212211886E-4
6.780396867E1,-1.015410060E-3,3.983452916E-4,-4.703590530E-4
6.781393167E1,4.349475494E-4,2.058027312E-3,2.028880408E-4
6.782389467E1,-2.093021758E-4,-1.005258877E-3,2.001031535E-4
6.783385767E1,-2.215525601E-4,-1.512857387E-3,6.539057940E-4
6.784381967E1,1.005670289E-3,2.182278549E-3,-3.635528265E-5
6.785378267E1,3.622506047E-4,-1.328034094E-3,4.726793850E-5
6.786374567E1,-6.998435128E-4,-1.156743383E-3,-3.089800593E-4
6.787370867E1,-4.734748509E-4,-1.534645911E-3,-8.953554789E-5
6.788367067E1,-4.938258789E-4,-1.965749543E-4,1.249842462E-4
6.789363367E1,-7.783994079E-5,-5.675530992E-4,4.525530967E-4
6.790359667E1,1.025472418E-3,9.450357175E-4,1.466977410E-4
6.791355967E1,5.748656113E-4,1.783117186E-4,-1.138277468E-3
6.792352167E1,3.418652341E-6,-4.785410129E-4,1.433729194E-3
6.793348467E1,2.942357678E-4,7.289362838E-4,-4.139720113E-4
6.794344767E1,9.185646195E-4,-3.188822884E-4,-1.322601107E-3
6.795341067E1,3.622302320E-4,5.386554403E-4,6.039295695E-4
6.796337267E1,1.008777879E-3,-1.048631966E-4,8.236423018E-4
6.797333567E1,1.144066453E-3,4.357584985E-4,9.365602746E-4
6.798329821E1,8.023881819E-4,1.133377664E-3,-2.040424733E-4
6.799326121E1,6.428647321E-4,1.497698133E-3,-4.514501779E-4
6.800322421E1,9.890599176E-4,4.493864253E-6,-1.060992479E-3
6.801318621E1,9.317253716E-5,-1.026415965E-3,-1.195748337E-3
6.802314921E1,2.147650812E-4,2.009154065E-3,7.445382071E-4
6.803311221E1,9.130458347E-4,1.957755070E-3,5.794222816E-4
6.804307521E1,-2.738030162E-4,5.154364044E-4,1.691688318E-3
6.805303721E1,-1.118830405E-4,-1.055562403E-3,5.963302101E-4
6.806300021E1,-1.176831895E-3,-6.546685472E-4,-1.083589392E-3
6.807296321E1,5.168421194E-5,-4.546651617E-4,1.434695674E-3
6.808292621E1,2.442081459E-4,-4.604633432E-4,-1.277678530E-4
6.809288821E1,4.207757302E-4,5.166255869E-5,8.349648560E-4
6.810285121E1,-3.705106210E-4,-1.197238453E-5,-4.835997534E-4
6.811281421E1,2.073472366E-3,-1.549839508E-4,1.155043254E-3
6.812277721E1,-5.859915400E-4,-4.243790172E-4,-9.119070601E-4
6.813273921E1,-6.336622173E-4,2.659122692E-4,-6.144319195E-4
6.814270221E1,-2.052797470E-3,-7.802098989E-4,-3.504473716E-4
6.815266521E1,-5.798031343E-4,-8.574414533E-4,-9.467291529E-4
6.816262821E1,-3.154879669E-4,3.381012939E-4,-5.091083003E-4
6.817259021E1,6.746752188E-4,-4.973323084E-4,-1.124032191E-3
6.818255321E1,1.590493368E-3,-9.418812115E-4,-1.178451930E-3
6.819251621E1,2.034442499E-3,2.677887445E-3,-1.089768717E-3
6.820247921E1,3.188343253E-4,-9.654392488E-5,4.173844354E-4
6.821244121E1,1.604608493E-3,3.929450177E-4,-4.960798542E-4
6.822240421E1,9.992057458E-4,1.665599411E-4,2.059203107E-4
6.823236721E1,2.045185538E-4,-1.964289695E-4,1.269320492E-3
6.824233021E1,-6.329222815E-4,-4.005315714E-5,4.737958079E-5
6.825229321E1,-1.039587078E-3,1.208017347E-4,-2.492965432E-4
6.826225521E1,-2.035004785E-3,-1.035485417E-3,-5.028458545E-4
6.827221821E1,-7.377790753E-4,-1.151599223E-3,6.556292647E-4
6.828218121E1,-1.445845002E-3,-4.627685994E-4,6.461353041E-4
6.829214421E1,4.220962292E-4,-8.870102465E-4,7.137795910E-4
6.830210621E1,6.921000313E-4,8.788281120E-4,3.924425109E-4
6.831206921E1,6.777188974E-4,1.841560821E-3,-1.564350096E-4
6.832203221E1,4.030687269E-4,9.466777556E-4,-5.184226902E-4
6.833199521E1,-2.067950554E-4,1.269186614E-3,-9.870849317E-5
6.834195721E1,1.110918820E-3,2.474472858E-4,-1.145960065E-3
6.835192021E1,-4.281220026E-4,-5.317935720E-4,4.854924046E-4
6.836188321E1,7.550360169E-5,-1.274657436E-3,4.191772896E-4
6.837184621E1,3.245092230E-4,-1.047309488E-4,-9.315779898E-4
6.838180821E1,-9.718514048E-4,-1.396530308E-3,-7.459605695E-4
6.839177121E1,4.145903513E-4,-7.379306480E-4,6.575253210E-4
6.840173421E1,6.027127383E-4,3.713457845E-4,4.421110498E-5
6.841169721E1,3.068355145E-4,1.075485488E-3,-1.058603986E-3
6.842165921E1,1.171918819E-3,1.119178720E-3,1.446157228E-3
6.843162221E1,-1.797772245E-3,7.878815522E-4,9.907565545E-4
6.844158521E1,-2.570797224E-4,4.510574508E-4,-1.152526587E-3
6.845154821E1,-1.886363607E-4,1.261518337E-4,-1.175696147E-3
6.846151021E1,-9.981135372E-5,5.998555571E-5,-9.406304453E-4
6.847147321E1,-1.225529588E-3,-1.457483508E-3,1.484177774E-3
6.848143621E1,-1.750602620E-3,-4.515124019E-4,3.412779188E-5
6.849139921E1,5.741755012E-5,2.483663848E-4,1.206984045E-3
6.850136121E1,3.505584318E-4,-6.396942772E-4,5.591817899E-4
6.851132421E1,8.610647637E-5,1.890841406E-3,-6.440343568E-4
6.852128721E1,1.685818424E-4,1.662435243E-4,-1.044464298E-3
6.853125021E1,1.103085116E-3,-1.782391453E-3,-1.752084936E-4
6.854121221E1,-9.640187491E-4,-1.034941059E-3,-1.955824555E-4
6.855117521E1,-1.817561919E-3,-1.848600805E-4,8.351687575E-5
6.856113821E1,9.966453072E-4,-9.598077741E-4,6.815412780E-5
6.857110121E1,3.026255872E-4,1.404280425E-3,-1.909714774E-4
6.858106321E1,6.758756936E-4,4.986091517E-5,-5.026737344E-4
6.859102621E1,5.850618472E-4,-5.075386725E-4,4.992074682E-4
6.860098921E1,1.201270265E-3,1.248835586E-3,3.083292395E-4
6.861095221E1,4.089798313E-4,-1.995693659E-3,-7.212487981E-4
6.862091421E1,-2.264807001E-3,-2.564141527E-3,1.170625910E-5
6.863087721E1,-1.696754829E-3,-4.612281919E-5,1.217585639E-3
6.864084021E1,1.150848111E-3,-2.467331477E-3,-1.033698209E-4
6.865080321E1,-5.706192460E-4,2.941814717E-3,2.819031943E-5
6.866076521E1,9.540557512E-4,3.844980616E-3,1.205386478E-3
6.867072821E1,1.938360045E-3,-3.228641348E-3,9.177650791E-4
6.868069121E1,7.655925583E-5,3.373390064E-5,-5.186938215E-4
6.869065421E1,-1.426262548E-3,-1.047458500E-5,1.401721383E-4
6.870061621E1,1.083700452E-3,-2.570413984E-3,3.246768028E-4
6.871057921E1,1.902888762E-3,2.460030839E-3,1.001652330E-3
6.872054221E1,2.031765878E-3,-2.787702018E-3,-8.194630500E-4
6.873050521E1,1.320169074E-3,1.835279283E-3,6.780324038E-4
6.874046721E1,-5.285467487E-4,1.614497858E-3,-4.621940316E-4
6.875043021E1,-1.619643997E-3,1.579610398E-3,6.747094449E-4
6.876039321E1,3.818335244E-4,-3.246253124E-3,-8.793215966E-5
6.877035621E1,2.524039010E-4,-1.702951267E-3,1.756306970E-3
6.878031821E1,-2.524856245E-4,1.206883346E-3,-8.724413929E-4
6.879028121E1,1.177898142E-3,1.698289998E-5,3.321063123E-4
6.880024421E1,1.931270352E-3,-1.400014851E-3,-5.145597970E-5
6.881020721E1,-1.180633320E-3,1.360964961E-4,8.492250927E-4
6.882016921E1,3.719388042E-4,-1.927486155E-3,-1.970984973E-3
6.883013221E1,-4.898601910E-4,-8.893860504E-4,-1.272437745E-3
6.884009521E1,1.560303150E-3,-2.534541534E-3,-1.504196553E-4
6.885005821E1,-9.582481580E-4,3.435466439E-3,5.650793901E-5
6.886002021E1,6.792033091E-4,-7.595601492E-4,1.507114503E-4
6.886998321E1,1.718711574E-4,-1.558508258E-3,-5.291935522E-4
6.887994621E1,1.517207129E-4,3.496257123E-3,1.034087269E-3
6.888990921E1,2.745639533E-3,1.018185634E-3,2.306115930E-4
6.889987121E1,1.815117430E-3,2.831828315E-3,-3.362307325E-4
6.890983421E1,-2.541587455E-4,1.546586864E-3,2.493984066E-4
6.891979721E1,1.314190566E-3,-4.017053172E-3,-1.588327345E-3
6.892976021E1,-3.175282618E-4,-2.516894368E-3,-5.086819292E-4
6.893972221E1,-3.865290433E-3,9.876242839E-4,2.088847104E-4
6.894968521E1,-4.998535151E-4,-2.800988499E-3,1.412633457E-3
6.895964821E1,-1.054026652E-4,-9.306522552E-4,-3.023989266E-4
6.896961121E1,-2.047384623E-4,2.631858224E-3,1.411611680E-3
6.897957346E1,-5.634976551E-4,-3.151225392E-4,6.008268683E-4
6.898953646E1,-1.057247631E-3,9.011430666E-4,1.198173966E-3
6.899949946E1,-5.860333331E-4,9.808368050E-4,-3.210483119E-4
6.900946246E1,1.503482810E-3,4.181108670E-4,8.507425082E-4
6.901942446E1,-1.303528668E-3,1.161480322E-3,-1.546835410E-4
6.902938746E1,-1.109652221E-4,3.063392360E-4,-1.672004000E-4
6.903935046E1,-1.555824652E-3,-8.046061266E-4,-2.240059548E-4
6.904931346E1,-2.060493687E-3,-2.909358591E-5,-1.114567043E-3
6.905927546E1,2.149903448E-4,-3.725336865E-4,-1.269979170E-3
6.906923846E1,-2.982007572E-4,6.738223601E-4,1.124676783E-4
6.907920146E1,1.412778394E-3,-3.923275508E-4,-1.526347362E-3
6.908916446E1,-6.586282980E-4,2.010376425E-3,-9.665508405E-4
6.909912646E1,1.439296175E-4,1.592370914E-3,2.746470273E-6
6.910908946E1,-5.809828872E-4,-1.081709052E-3,6.504272460E-4
6.911905246E1,7.782949833E-4,-4.185831640E-4,-1.411635312E-3
6.912901546E1,-2.049715957E-3,-9.203227237E-4,-1.121350797E-3
6.913897746E1,-1.143353060E-3,-2.168561332E-5,9.135759319E-4
6.914894046E1,3.839697456E-4,1.085429685E-4,1.211050898E-3
6.915890346E1,8.739507757E-5,1.695939573E-4,-3.081712639E-4
6.916886646E1,-8.757459000E-5,5.195334088E-4,-8.847456775E-4
6.917882846E1,8.855190827E-4,-1.227708999E-4,1.815738506E-3
6.918879146E1,-2.271125559E-3,9.345042054E-4,6.058644503E-4
6.919875446E1,1.028191182E-3,1.259887125E-3,-2.679728786E-4
6.920871746E1,-5.331845023E-5,4.838419845E-4,-3.281573299E-5
6.921867946E1,-1.144973910E-3,1.715257531E-4,9.610876441E-5
6.922864246E1,4.342806060E-4,-1.911967993E-4,3.664195538E-4
6.923860546E1,-5.659031449E-4,-5.182120949E-4,-2.629075898E-4
6.924856846E1,-7.406064542E-4,-2.926425077E-4,5.719934124E-4
6.925853046E1,8.415582124E-4,-3.656612476E-3,-4.442273057E-4
6.926849346E1,2.292975551E-4,9.381390410E-4,-9.828270413E-5
6.927845646E1,-1.233455376E-3,1.180122839E-3,7.490222342E-4
6.928841946E1,1.521871891E-4,2.255240921E-3,-4.078549100E-4
6.929838146E1,-1.648866571E-3,-3.328071442E-3,5.483384011E-4
6.930834446E1,-1.452591503E-3,4.452353809E-3,1.784311491E-3
6.931830746E1,1.693578437E-3,-5.788653158E-3,1.371782506E-3
6.932827046E1,-7.283003069E-4,3.267959226E-3,1.178969629E-3
6.933823246E1,-9.394860826E-4,1.754924655E-3,-4.876417224E-4
6.934819546E1,1.772410818E-3,-3.588974243E-3,-1.704439986E-3
6.935815846E1,-6.630592979E-4,2.600090345E-3,-7.508400013E-4
6.936812046E1,2.496060915E-4,-4.929048009E-4,5.772784352E-4
6.937808346E1,-3.847156186E-4,-2.586378716E-3,1.284022001E-4
6.938804646E1,-8.702098858E-4,9.593539871E-4,-2.995677060E-4
6.939800946E1,1.473986078E-3,-3.543778555E-3,3.977916203E-4
6.940797146E1,1.392097911E-4,2.450197935E-3,5.666360958E-4
6.941793446E1,-1.799307764E-3,3.924871795E-3,-1.564270700E-3
6.942789746E1,1.700997818E-4,-1.658978174E-3,-1.754420344E-3
6.943786046E1,-1.626606099E-3,-9.520570748E-4,-2.091575647E-3
6.944782246E1,8.317577885E-4,-1.267109066E-3,9.247206617E-4
6.945778546E1,-7.884448860E-4,1.454166602E-3,5.056651426E-4
6.946774846E1,6.744295824E-4,9.652102599E-4,-4.179191310E-4
6.947771146E1,-9.736837819E-5,-2.198731527E-4,-1.536286436E-3
6.948767346E1,-5.583614111E-4,-1.558644231E-3,1.087726210E-3
6.949763646E1,2.121925354E-5,1.007692190E-3,-2.228025580E-3
6.950759946E1,-9.740041569E-4,-3.433295060E-4,1.434886130E-3
6.951756246E1,-2.023845445E-4,-2.602691296E-3,-4.941966617E-4
6.952752446E1,-1.128632110E-3,9.909784421E-4,4.243029980E-5
6.953748746E1,3.035446163E-3,-1.683936454E-3,1.655002590E-3
6.954745046E1,-2.065838780E-3,5.505266599E-3,-2.651731484E-5
6.955741346E1,2.583037363E-3,-4.831695464E-3,-1.547011314E-3
6.956737546E1,9.606397361E-4,-3.721956164E-3,-1.757401042E-3
6.957733846E1,-2.425818704E-3,1.878115116E-3,-6.687081186E-4
6.958730146E1,2.638980979E-3,-3.318244824E-3,-7.973387837E-4
6.959726446E1,-1.122417627E-3,1.503612148E-4,1.093778992E-3
6.960722646E1,9.985237848E-4,1.147981384E-3,2.185680205E-5
6.961718946E1,1.230302034E-3,-5.427175201E-4,-1.135085709E-3
6.962715246E1,-2.307707444E-3,1.102317008E-3,3.461643937E-4
6.963711446E1,-1.402587746E-3,-3.308748594E-3,1.386521035E-4
6.964707746E1,-2.354134806E-3,-1.939617330E-3,6.443863385E-4
6.965704046E1,-2.379866317E-3,-3.104975913E-4,-8.775910828E-6
6.966700346E1,3.160518827E-4,-2.620280720E-4,2.230409998E-3
6.967696546E1,6.796459202E-4,1.309083891E-3,1.229759539E-3
6.968692846E1,1.189375063E-3,3.487480571E-4,-1.435798244E-3
6.969689146E1,-1.803236082E-4,1.515014563E-3,6.057789433E-4
6.970685446E1,-5.169305950E-5,-1.446674578E-4,-1.255250536E-4
6.971681646E1,4.366323119E-4,6.621556822E-4,-5.508544855E-4
6.972677946E1,-3.474024124E-4,2.454729518E-3,9.021662408E-4
6.973674246E1,1.428649295E-3,5.354708992E-4,-1.005038386E-3
6.974670546E1,-7.812419208E-4,1.830566209E-3,-2.329880372E-4
6.975666746E1,-2.012632322E-4,3.642186057E-3,6.514459965E-4
6.976663046E1,1.891182503E-3,-8.129518479E-3,3.656887566E-4
6.977659346E1,-1.610524836E-3,8.058102801E-3,3.009431530E-4
6.978655646E1,5.940399133E-4,-1.064314693E-2,2.740451600E-4
6.979651846E1,-3.036455717E-3,2.588728908E-3,2.695475705E-4
6.980648146E1,1.079385402E-4,6.379635306E-4,-8.665568894E-4
6.981644446E1,1.852073823E-3,-8.671330288E-3,6.850217469E-4
6.982640746E1,-2.982628532E-3,6.186179351E-3,-3.304415150E-4
6.983636946E1,1.980953617E-3,-6.794638466E-4,4.738289863E-5
6.984633246E1,1.640867908E-3,3.665217198E-3,3.973223502E-4
6.985629546E1,1.491589821E-3,1.359545277E-3,-3.667161800E-4
6.986625746E1,5.312539870E-4,-1.385374926E-3,-4.199793912E-4
6.987622046E1,-9.078084258E-4,1.832099049E-3,-1.418521744E-3
6.988618346E1,1.946301316E-3,-2.019098029E-3,-2.264908399E-4
6.989614646E1,-1.249137800E-3,8.558497066E-4,-4.127668799E-4
6.990610846E1,-2.906689188E-3,-4.454227164E-3,6.122838822E-4
6.991607146E1,-2.172157168E-3,-2.885043388E-3,4.895617021E-4
6.992603446E1,-2.951398026E-3,1.385601703E-3,2.573340898E-4
6.993599746E1,-2.788186539E-4,-3.045168705E-4,5.541279097E-4
6.994595946E1,1.523342449E-3,2.196457703E-3,-1.712222118E-3
6.995592246E1,8.328589611E-4,-5.324834492E-4,3.573663998E-4
6.996588546E1,-1.193806645E-3,5.704107229E-3,7.903963560E-4
6.997584846E1,6.119423546E-3,-8.101947606E-3,3.592423745E-4
6.998581046E1,1.997492509E-4,3.387728240E-3,-4.173354246E-4
6.999577346E1,-1.058989554E-3,1.091141347E-2,-3.138107713E-4
7.000573646E1,5.111554638E-3,-1.251082215E-2,2.044403227E-4
7.001569846E1,-4.363422748E-3,4.995440133E-3,-1.073238440E-3
7.002566146E1,-8.887966396E-4,-3.911502194E-3,1.322008669E-3
7.003562446E1,2.182025462E-3,-3.754246049E-3,-4.218575195E-4
7.004558746E1,-2.177569084E-3,6.701057777E-3,1.501894440E-4
7.005554946E1,3.266107989E-3,-5.780661479E-3,-6.453302922E-5
7.006551246E1,1.995513914E-3,-6.129033864E-6,1.559462631E-3
7.007547546E1,-1.533909002E-3,4.072671290E-3,-9.314416093E-4
7.008543846E1,-5.336257163E-4,-1.985753654E-3,-1.133309212E-3
7.009540046E1,2.406212734E-4,-1.967699267E-3,1.399851404E-3
7.010536346E1,-3.044387791E-3,1.293874113E-3,-3.615634632E-4
7.011532646E1,-8.024236886E-4,3.908731043E-3,8.961912827E-4
7.012528946E1,3.957710229E-3,6.985566579E-4,-5.821406376E-6
7.013525146E1,6.652602460E-4,6.029164884E-3,-2.218913869E-4
7.014521446E1,2.921513515E-4,5.416638218E-3,1.203698688E-3
7.015517746E1,-3.741896944E-4,-2.813810250E-3,-7.794998819E-4
7.016513946E1,-3.938031849E-3,-1.571978210E-3,-6.034648977E-4
7.017510246E1,-5.396818742E-3,-5.908333231E-3,-2.701376099E-3
7.018506546E1,-2.319536172E-3,-1.317044022E-3,-6.704495754E-4
7.019502846E1,-6.989657413E-4,-5.325265229E-3,1.793870935E-3
7.020499046E1,-2.091798931E-3,6.816085894E-3,6.484452169E-4
7.021495346E1,2.094602911E-3,-3.366110381E-3,2.795800567E-3
7.022491646E1,2.387017943E-3,3.209234215E-3,-1.532901311E-3
7.023487946E1,-7.624422433E-4,7.205777802E-3,-3.894303227E-4
7.024484146E1,4.555890337E-3,-2.980280435E-3,7.903500227E-4
7.025480446E1,4.676702665E-4,4.796518479E-3,-6.838790723E-4
7.026476746E1,4.860460758E-4,9.099012241E-4,-5.089094047E-4
7.027473046E1,1.547499094E-3,-2.435335889E-3,1.590694301E-4
7.028469246E1,-1.647228957E-3,6.797638489E-4,5.478910170E-4
7.029465546E1,-1.370375161E-3,-2.005253918E-5,-1.033363631E-3
7.030461846E1,-8.233619155E-4,-3.837161232E-3,-2.381437225E-4
7.031458046E1,-6.905102637E-4,2.016670769E-3,5.002557300E-4
7.032454346E1,4.425575025E-5,-9.096106514E-4,-1.508871210E-4
7.033450646E1,-2.193487249E-3,7.199754938E-3,3.548135865E-4
7.034446946E1,2.072363859E-3,-4.376740195E-3,-2.926008310E-4
7.035443146E1,8.653341793E-4,-3.362699179E-3,-1.822059508E-3
7.036439446E1,-2.110482194E-3,9.313148446E-3,-8.035218343E-5
7.037435746E1,3.559521167E-3,-5.199900828E-3,-3.635452595E-4
7.038432046E1,2.576814732E-3,-1.565751154E-3,-4.535600892E-4
7.039428246E1,1.217869576E-3,4.265361466E-3,-1.127565629E-4
7.040424546E1,3.125757910E-3,-2.615980105E-3,-4.094326869E-4
7.041420846E1,-6.264353869E-4,2.228277735E-4,9.453779785E-5
7.042417046E1,7.391208783E-7,-8.689798415E-5,-1.091367798E-3
7.043413346E1,3.634166904E-3,-7.057075389E-3,6.560820621E-4
7.044409646E1,1.839196426E-3,6.067248061E-3,2.068068134E-4
7.045405946E1,8.236471331E-4,9.410755010E-4,-1.636042725E-5
7.046402146E1,6.324321730E-4,-5.729314871E-4,-4.642468411E-6
7.047398446E1,-3.962311894E-5,-2.371053444E-3,9.310224559E-4
7.048394746E1,-3.006917424E-3,1.909711747E-3,6.617768668E-4
7.049391046E1,-2.273909049E-4,-1.361423871E-3,1.056085108E-3
7.050387246E1,-6.625513779E-4,-1.952257007E-4,8.156016120E-4
7.051383546E1,-1.852573012E-3,9.957063012E-4,2.115806332E-3
7.052379846E1,2.462642733E-4,1.080394723E-3,1.365449280E-4
7.053376046E1,-3.184884554E-4,9.318520315E-4,1.016844530E-3
7.054372346E1,-4.716202384E-4,3.248003311E-3,-4.321815213E-4
7.055368646E1,1.905027777E-3,-5.137908738E-4,-1.171400421E-3
7.056364946E1,4.013984930E-3,4.460124765E-4,2.384770778E-4
7.057361146E1,-5.418498768E-4,5.895032082E-3,-1.292225788E-4
7.058357446E1,1.707189484E-3,-4.281705245E-3,1.432987745E-3
7.059353746E1,-1.057515736E-3,-5.239490885E-3,-1.996248495E-3
7.060350046E1,-1.797874575E-3,-2.816014457E-3,-1.629283652E-4
7.061346246E1,1.089229481E-4,-7.863186300E-3,2.539084526E-4
7.062342546E1,-8.607340278E-4,1.180109568E-3,-1.548868022E-4
7.063338846E1,3.989355639E-3,-2.712242305E-3,4.022166831E-4
7.064335046E1,2.257235348E-3,3.130200785E-3,-9.978071321E-4
7.065331346E1,-3.330642357E-7,6.255399436E-3,9.606886888E-4
7.066327646E1,1.737645827E-3,1.439072541E-3,1.545498380E-4
7.067323946E1,-7.537786150E-4,2.027199836E-3,-1.492927782E-3
7.068320146E1,-6.395288510E-4,-9.068048093E-4,8.186959312E-4
7.069316446E1,-3.712181933E-5,-3.549978137E-4,1.056528883E-3
7.070312746E1,-1.882159733E-3,5.313021829E-4,2.325468813E-4
7.071309046E1,-1.456979080E-3,6.026473129E-4,-1.534388866E-5
7.072305246E1,-2.736361697E-3,-7.190795150E-4,5.452515325E-4
7.073301546E1,-2.394097392E-3,-8.680350147E-4,-2.288625110E-4
7.074297846E1,1.657901914E-3,-7.063080091E-3,-1.017690869E-3
7.075294046E1,-1.937571098E-3,2.449327148E-3,-2.201744355E-4
7.076290346E1,-2.339469502E-4,1.808304107E-3,6.501465687E-4
7.077286646E1,1.050607534E-3,-2.187262755E-3,7.517951890E-4
7.078282946E1,-6.444944302E-4,4.247200675E-3,-3.539492609E-4
7.079279146E1,1.825018553E-4,1.783786807E-3,-8.630782831E-4
7.080275446E1,6.067433860E-4,-3.177134786E-4,1.120177796E-3
7.081271746E1,-9.504897753E-4,3.999291919E-3,1.533179311E-4
7.082268046E1,1.979253720E-3,-4.710901994E-4,8.489355678E-4
7.083264246E1,-1.149707823E-3,-1.742738532E-3,-1.411539502E-3
7.084260546E1,-1.329471008E-3,2.055728110E-3,-2.858213265E-4
7.085256846E1,7.285558386E-4,-4.445171915E-3,-1.591468812E-3
7.086253046E1,6.316168001E-4,-2.188942162E-3,-7.903899532E-4
7.087249346E1,1.024836209E-3,2.989829984E-3,-2.293342259E-4
7.088245646E1,3.489259398E-4,-1.025417820E-3,-5.305377999E-4
7.089241946E1,5.576526746E-5,-4.391578492E-3,-6.209628191E-4
7.090238146E1,-1.260102727E-3,-2.587553114E-3,-8.646420320E-4
7.091234446E1,-6.032144884E-4,-2.218816895E-3,5.280376063E-4
7.092230746E1,-8.724600775E-4,2.957569435E-3,-9.548104717E-4
7.093226946E1,1.306115650E-3,2.195380861E-3,9.267829009E-4
7.094223246E1,3.665942699E-3,-7.588637527E-4,5.973498919E-4
7.095219546E1,1.241047517E-3,2.624290995E-3,4.890445853E-4
7.096215846E1,8.141427534E-4,-2.383408137E-4,1.384133007E-3
7.097212046E1,7.224525325E-4,-2.661131555E-3,-8.402889944E-4
7.098208283E1,-6.117911544E-4,1.168760471E-3,1.000487944E-3
7.099204583E1,-1.761576859E-3,2.005929127E-5,-1.507858979E-4
7.100200883E1,-1.745065209E-3,-2.104077954E-3,1.554968767E-3
7.101197083E1,-1.967518125E-3,3.593110945E-3,2.187110367E-4
7.102193383E1,-1.204522559E-3,-7.760711014E-4,9.860243881E-5
7.103189683E1,8.536601672E-4,-3.049396910E-3,7.718213601E-5
7.104185883E1,3.671005834E-4,1.956014195E-3,2.844625851E-5
7.105182183E1,7.357605500E-4,1.191798598E-3,-5.049980246E-5
7.106178483E1,6.806331221E-4,1.710089855E-4,2.549648052E-4
7.107174783E1,1.369915553E-3,-1.401677728E-4,-5.332867149E-4
7.108170983E1,-2.050779294E-4,-1.143913250E-3,-2.901401022E-4
7.109167283E1,-1.230952330E-4,8.551031351E-5,-2.446601866E-4
7.110163583E1,1.136597712E-4,6.977710873E-4,1.048570848E-3
7.111159783E1,2.471231855E-4,-1.991314581E-3,-1.040208037E-3
7.112156083E1,-1.417618943E-3,-6.426898763E-4,-1.141141867E-3
7.113152383E1,-2.933372743E-4,1.412846614E-4,-6.227354752E-4
7.114148683E1,-6.597882602E-4,-1.858216710E-3,-5.311226705E-4
7.115144883E1,8.308044635E-4,-3.519658931E-4,2.371944720E-5
7.116141183E1,-4.211475607E-4,-2.688623266E-3,-6.577834720E-4
7.117137483E1,-1.092304010E-4,-5.350629799E-4,-3.590771230E-4
7.118133783E1,1.600252697E-3,2.389620524E-3,4.372081021E-4
7.119129983E1,1.067673089E-3,9.812376229E-4,-2.888473100E-4
7.120126283E1,-1.079899957E-3,1.630516257E-3,-6.563635543E-4
7.121122583E1,1.196956728E-4,7.873657160E-5,-1.099014306E-3
7.122118783E1,-3.673965111E-4,-1.189194387E-3,-6.883548922E-4
7.123115083E1,-8.938927203E-5,-8.248223457E-4,-1.980281086E-4
7.124111383E1,-1.427361276E-3,6.995711010E-4,5.017849617E-5
7.125107683E1,5.778914783E-4,4.321454326E-4,-7.093216991E-4
7.126103883E1,1.235159580E-3,5.898046074E-4,-1.154602156E-3
7.127100183E1,7.861469639E-4,-2.803234383E-5,-1.059915405E-3
7.128096483E1,-3.369080368E-4,1.299553434E-3,9.001711733E-4
7.129092683E1,1.872131368E-3,-3.329716157E-3,1.571098925E-3
7.130088983E1,-3.426759969E-3,1.605121186E-3,-5.378582282E-4
7.131085283E1,-4.173356574E-4,-2.573481528E-3,-5.387348356E-4
7.132081583E1,-3.507565707E-4,-4.960387014E-5,-2.428576117E-4
7.133077783E1,-8.405331755E-4,3.367619123E-3,3.656964982E-4
7.134074083E1,1.806915388E-3,-2.700393088E-3,-1.187325688E-4
7.135070383E1,1.483261120E-3,3.609397449E-3,1.164332265E-3
7.136066583E1,2.761312295E-3,1.766756410E-3,9.709867300E-4
7.137062883E1,2.188281156E-3,-7.527642883E-4,2.112689195E-3
7.138059183E1,-3.922608215E-3,-5.098839756E-4,-1.774194418E-3
7.139055483E1,9.867404588E-4,-3.790761577E-3,-1.593215275E-4
7.140051683E1,2.546553966E-3,-4.325523973E-3,2.116567921E-4
7.141047983E1,-1.831303001E-3,9.128790349E-3,-7.272854564E-4
7.142044283E1,2.326690359E-3,-1.868200256E-3,-3.051744425E-4
7.143040483E1,-5.800450454E-4,-4.773383029E-3,-5.410194281E-4
7.144036783E1,-1.316408976E-3,1.018193318E-3,-8.992145886E-4
7.145033083E1,-5.271247355E-4,-1.169186784E-3,1.827997621E-4
7.146029383E1,1.708898926E-4,4.452746361E-3,-1.011361717E-3
7.147025583E1,1.623668242E-3,8.744857041E-4,-7.792946999E-4
7.148021883E1,2.701183315E-3,-5.194059573E-3,1.319808885E-3
7.149018183E1,1.782261068E-3,3.275318071E-3,-1.278443262E-3
7.150014383E1,5.729196128E-4,1.680350862E-3,8.875055355E-4
7.151010683E1,1.024800469E-3,-1.435997430E-3,5.382840754E-5
7.152006983E1,-8.950722404E-4,-5.552978255E-3,8.525103913E-4
7.153003283E1,-1.676884247E-3,-3.868284402E-3,7.024959195E-4
7.153999483E1,6.232879823E-4,7.046293467E-4,2.194931265E-3
7.154995783E1,1.652392093E-3,-8.777971379E-5,9.731389582E-5
7.155992083E1,-4.531031009E-4,1.622236101E-3,1.963657327E-3
7.156988383E1,1.292622415E-3,-4.688648041E-4,1.132247737E-3
7.157984583E1,1.761072432E-3,2.155946800E-3,-4.035973689E-4
7.158980883E1,-6.131128175E-4,1.478935592E-3,-1.000838703E-3
7.159977183E1,-1.954813488E-3,-5.314848386E-4,-5.768634146E-4
7.160973383E1,1.302530523E-3,-5.653887056E-4,-4.432342248E-4
7.161969683E1,2.747295424E-3,-1.649295213E-3,-9.779969696E-4
7.162965983E1,-2.821208909E-6,2.503659809E-3,-2.097246470E-4
7.163962283E1,-7.659092080E-5,2.566244220E-3,-4.848291574E-4
7.164958483E1,-4.605395952E-4,-4.003396258E-3,-2.641695319E-4
7.165954783E1,-8.983634179E-4,-1.798565034E-3,3.374385997E-4
7.166951083E1,-4.710309440E-4,3.139141947E-3,-8.504983271E-5
7.167947283E1,9.577548481E-4,-2.931400668E-4,-8.286044467E-4
7.168943583E1,8.302681381E-4,-2.144990955E-3,-1.093705418E-3
7.169939883E1,-2.222129842E-4,-1.494114287E-3,-1.071601175E-3
7.170936183E1,4.028307740E-4,3.844795283E-4,-2.647926100E-3
7.171932383E1,-2.557690023E-4,-9.955705609E-4,-7.538860082E-4
7.172928683E1,-2.941155108E-4,1.283014193E-3,-7.084904937E-4
7.173924983E1,2.767188242E-3,-1.603852259E-3,-1.331137493E-3
7.174921183E1,1.201542327E-3,1.498412341E-3,-1.186566660E-3
7.175917483E1,8.135198150E-4,2.261940623E-3,-9.929549415E-4
7.176913783E1,2.621003892E-3,-1.387106720E-3,-1.461915090E-4
7.177910083E1,7.875042502E-5,-1.151949633E-3,1.475551981E-4
7.178906283E1,5.005687708E-4,-1.461623702E-3,-3.325739526E-4
7.179902583E1,-1.001720433E-3,-8.050841279E-5,-1.491315314E-3
7.180898883E1,-1.136326464E-4,-2.042057458E-4,-2.396577038E-4
7.181895083E1,1.122873160E-3,-1.490778755E-3,-1.781637548E-5
7.182891383E1,1.656695269E-3,3.984346986E-4,5.521142157E-5
7.183887683E1,-2.244036645E-3,1.275413553E-3,-4.129722947E-4
7.184883883E1,4.390401300E-4,8.207004284E-4,5.210270174E-4
7.185880183E1,1.642788993E-3,-2.678426681E-3,4.344743211E-4
7.186876483E1,1.246394473E-3,7.704159245E-3,1.292485045E-3
7.187872783E1,2.243482042E-3,6.233295426E-3,1.157995546E-3
7.188868983E1,3.184401896E-3,-2.963448409E-3,4.224430304E-4
7.189865283E1,-3.284416394E-3,-1.213350333E-5,3.630545689E-4
7.190861583E1,-1.525131986E-3,-3.191403346E-3,-1.821658341E-3
7.191857783E1,7.987422869E-4,-4.816197790E-3,5.027750740E-5
7.192854083E1,-1.475623809E-3,8.822199889E-4,-2.144018072E-4
7.193850383E1,1.985686598E-3,-3.807074158E-3,8.748309920E-4
7.194846683E1,1.502347412E-3,-6.627172697E-4,-5.205596681E-4
7.195842883E1,-3.333694767E-4,3.517646575E-3,-7.996589411E-4
7.196839183E1,-2.234723652E-4,-2.612496261E-3,1.670744387E-4
7.197835542E1,-1.141463988E-3,1.913812477E-3,7.007719832E-4
7.198831742E1,2.140203491E-3,-4.612518009E-3,8.104215958E-4
7.199828042E1,9.039641591E-4,6.062496919E-3,-1.144942362E-4
7.200824342E1,2.655845368E-3,5.576886237E-3,1.171057811E-3
7.201820642E1,3.886225633E-3,-2.983046230E-3,-7.690549246E-4
7.202816842E1,1.758459257E-4,1.237355988E-3,1.375753083E-3
7.203813142E1,1.097299624E-3,5.437992513E-5,7.126260316E-4
7.204809442E1,3.036765847E-4,-3.488205839E-3,9.944497142E-4
7.205805642E1,-2.135093091E-4,1.713480451E-3,1.224813052E-3
7.206801942E1,7.424994837E-4,-4.827726632E-3,-3.872069647E-4
7.207798242E1,1.362217125E-3,1.634965884E-3,1.283810707E-4
7.208794542E1,1.047010301E-4,-3.466056660E-5,-1.053899410E-3
7.209790742E1,2.160395030E-3,1.538913930E-4,-4.429703113E-4
7.210787042E1,2.172112465E-3,6.784881698E-4,1.208945177E-4
7.211783342E1,3.611817490E-3,-2.277354477E-3,-5.068125902E-4
7.212779542E1,1.688429154E-3,5.249276292E-4,3.278998192E-4
7.213775842E1,1.902813558E-3,1.806440763E-3,-1.296313130E-4
7.214772142E1,2.613584278E-3,1.149213640E-3,6.841251161E-4
7.215768342E1,5.285954103E-4,-1.962689916E-3,2.472638153E-5
7.216764642E1,-2.223890042E-3,-7.553952746E-4,7.952580927E-5
7.217760942E1,-1.266505569E-4,-1.212659990E-3,3.341239062E-4
7.218757242E1,8.770193672E-4,-3.253472038E-3,8.417010540E-4
7.219753442E1,8.866067510E-4,9.524584748E-4,-4.153109621E-4
7.220749742E1,9.486326016E-4,1.903244993E-4,5.028638407E-4
7.221746042E1,2.722031437E-3,8.926000446E-4,-9.794661310E-6
7.222742242E1,1.387600787E-3,3.206520341E-4,3.326933365E-4
7.223738542E1,-2.001756802E-4,-3.906781785E-4,-6.060756277E-6
7.224734842E1,1.636659959E-3,2.024437999E-3,5.617964780E-5
7.225731142E1,1.356229186E-3,6.063047331E-4,-4.343746696E-4
7.226727342E1,2.103537088E-3,-1.176476944E-3,-1.224185107E-3
7.227723642E1,-1.045651035E-3,1.553529524E-3,-4.044641391E-4
7.228719942E1,1.158756204E-4,-1.506127417E-3,9.335207287E-4
7.229716142E1,-1.465775655E-3,-7.947185077E-5,-1.194932265E-4
7.230712442E1,-6.773382192E-4,4.204685101E-4,7.066405960E-4
7.231708742E1,-8.057026425E-4,7.219383260E-4,-2.558257547E-4
7.232705042E1,-9.028984932E-4,1.496961573E-3,-1.336644636E-4
7.233701242E1,-2.731158864E-3,2.447431907E-4,-6.250176812E-4
7.234697542E1,-2.843029099E-3,-1.244534506E-3,-1.062994706E-4
7.235693842E1,-1.112240599E-3,3.778631799E-4,3.267305437E-4
7.236690042E1,2.058572136E-5,8.294204017E-4,8.232420078E-5
7.237686342E1,-2.282782225E-3,2.750624903E-3,-2.958446275E-4
7.238682642E1,2.434093039E-5,-3.020497737E-3,-8.037482621E-4
7.239678842E1,2.638233360E-3,-1.668144483E-3,2.230657265E-3
7.240675142E1,-1.332435058E-4,6.174962036E-3,7.584057748E-4
7.241671442E1,-1.956709661E-3,2.968782093E-3,-6.922180764E-4
7.242667742E1,-1.330742147E-3,-4.280271940E-3,-5.099974805E-4
7.243663942E1,-1.663370756E-3,-2.904216293E-3,7.062682416E-4
7.244660242E1,1.902300864E-4,-6.427178159E-4,-1.910704304E-4
7.245656542E1,2.214765176E-3,1.870773616E-3,-6.901468150E-4
7.246652742E1,-3.392831422E-5,1.940982533E-3,-1.310409745E-3
7.247649042E1,1.376215369E-3,-2.913960023E-3,7.471484714E-4
7.248645342E1,-7.961010560E-4,2.543317620E-3,8.858973160E-6
7.249641542E1,-3.288820153E-3,2.739326097E-3,4.277742119E-4
7.250637842E1,1.571238390E-3,-2.131957561E-3,9.900341975E-4
7.251634142E1,-6.937801372E-4,1.863316749E-3,4.057367332E-4
7.252630442E1,-2.870904282E-4,1.618244336E-3,2.239258611E-4
7.253626642E1,-2.020275919E-3,1.362847164E-3,-7.140394300E-4
7.254622942E1,-1.823548693E-3,3.813112620E-3,-1.875061076E-3
7.255619242E1,5.677036243E-4,-2.792325569E-3,-7.019386976E-4
7.256615442E1,-3.269331064E-4,1.765299705E-3,-1.241826103E-4
7.257611742E1,-9.751466569E-4,2.597271232E-3,3.040537122E-4
7.258608042E1,8.764397353E-4,-2.768087201E-3,2.441082033E-4
7.259604342E1,-1.161144697E-3,2.356923651E-4,-6.525781937E-4
7.260600542E1,-8.769952692E-4,-9.359552059E-4,9.353153291E-4
7.261596842E1,-1.810166752E-3,-3.387128934E-3,-9.174457518E-4
7.262593142E1,-2.368032001E-3,2.153972397E-3,-1.145909308E-3
7.263589342E1,-2.095397795E-4,-4.303590395E-4,1.016843831E-3
7.264585642E1,7.983888499E-4,-1.951391809E-3,-4.351171083E-4
7.265581942E1,-3.228044137E-3,7.752368227E-3,-5.909120664E-4
7.266578142E1,-1.678883447E-3,4.541395232E-3,-1.073743217E-3
7.267574442E1,8.966595633E-4,-6.715786643E-3,-2.215316053E-4
7.268570742E1,-1.700030291E-3,-5.301188212E-4,-1.432582038E-3
7.269567042E1,-2.236390952E-3,4.458514508E-3,1.086501987E-3
7.270563242E1,1.881231903E-3,-3.148473101E-3,-1.419335604E-5
7.271559542E1,-1.153399935E-4,-4.096558318E-3,1.343486132E-3
7.272555842E1,-1.368211815E-4,2.644012216E-3,1.079206588E-3
7.273552042E1,1.905290643E-3,-9.552501142E-4,-1.713916776E-3
7.274548342E1,-1.086146920E-3,2.065658337E-3,-5.921875709E-4
7.275544642E1,1.244118903E-3,-3.891034052E-3,4.475105088E-4
7.276540842E1,-2.519906266E-4,-1.645828597E-3,-1.070568920E-3
7.277537142E1,-1.514861709E-3,4.120980389E-3,2.155584283E-3
7.278533442E1,8.858247893E-4,-4.390773829E-4,-6.062466418E-4
7.279529742E1,6.831581704E-4,-1.090752892E-3,-1.583626727E-3
7.280525942E1,9.300510865E-4,-4.700452555E-4,1.773162512E-4
7.281522242E1,-1.098212437E-3,1.343567506E-3,4.894386511E-4
7.282518542E1,8.177659474E-4,8.762404323E-4,-6.723047700E-4
7.283514742E1,-5.601719022E-5,-2.303041285E-3,1.863823505E-3
7.284511042E1,-2.961764112E-4,-8.921909612E-4,1.050638035E-3
7.285507342E1,-1.693803351E-3,1.972038765E-3,1.241054153E-3
7.286503542E1,-1.489846036E-4,-6.155087613E-5,3.275895724E-4
7.287499842E1,3.058833536E-4,-1.958786743E-3,-5.608409410E-4
7.288496142E1,5.795195466E-4,9.054301772E-4,3.572004498E-4
7.289492442E1,-2.431308385E-4,1.860972377E-3,9.404327138E-4
7.290488642E1,-5.733133294E-4,2.814272884E-3,2.611046657E-4
7.291484942E1,-7.109986618E-4,-1.263895538E-4,-1.988733886E-3
7.292481242E1,-2.027764451E-3,-3.326476784E-3,-4.270637874E-5
7.293477442E1,-2.338822000E-3,-9.171147831E-4,-8.052325575E-5
7.294473742E1,9.492416866E-4,-1.157871448E-4,9.253305034E-4
7.295470042E1,3.247549757E-3,1.466396963E-3,1.113349572E-3
7.296466242E1,7.435519947E-4,2.339420607E-4,-2.423220081E-3
7.297462542E1,1.239432604E-3,8.105998859E-6,4.383465275E-4
7.298458854E1,-8.895385545E-4,-8.714364376E-4,7.262011059E-5
7.299455154E1,8.175476687E-4,2.752859611E-3,-7.417745655E-4
7.300451354E1,9.470089572E-4,-1.011832152E-3,1.673019258E-3
7.301447654E1,3.328840248E-4,1.302721212E-3,5.302567151E-4
7.302443954E1,-8.480695542E-4,1.213449519E-3,2.675580326E-4
7.303440154E1,-1.055263681E-3,-3.279882949E-4,-6.123504136E-4
7.304436454E1,-1.159680542E-3,-2.454230562E-4,-2.230606275E-3
7.305432754E1,6.970752729E-4,-1.184453722E-3,4.306905903E-4
7.306428954E1,5.091320490E-4,9.605521336E-4,-7.064908277E-5
7.307425254E1,-6.693168543E-4,1.944856369E-3,6.497359718E-4
7.308421554E1,-9.388717590E-4,1.622998156E-3,-1.735803671E-3
7.309417854E1,-6.014491664E-4,-1.992243109E-3,6.360075786E-4
7.310414054E1,-3.362881253E-4,3.214023309E-4,-1.912499196E-3
7.311410354E1,-2.406806452E-4,1.911575906E-3,2.135023242E-4
7.312406654E1,5.099499831E-4,2.157004550E-3,-2.632098040E-4
7.313402854E1,-2.466398990E-3,-1.500917133E-4,1.015640097E-3
7.314399154E1,-1.561821089E-3,1.339896815E-3,-4.341355525E-4
7.315395454E1,-4.094712203E-4,2.016073326E-3,-1.127622672E-3
7.316391654E1,-8.096101228E-4,7.466499228E-4,-1.727858325E-4
7.317387954E1,1.004002523E-3,5.049956962E-5,4.948686692E-4
7.318384254E1,-8.738933830E-4,1.333980123E-3,1.502805389E-4
7.319380554E1,5.395186599E-5,-7.837654557E-4,-1.146945287E-3
7.320376754E1,6.446632324E-4,3.328450257E-4,-4.553375184E-4
7.321373054E1,4.204250872E-4,3.557482269E-4,-1.240437385E-3
7.322369354E1,-2.230571117E-4,-1.256044023E-3,-1.465868787E-3
7.323365554E1,-5.317174364E-4,9.657547344E-5,-1.575058326E-3
7.324361854E1,1.866573934E-3,1.793107484E-3,1.312522450E-3
7.325358154E1,9.861328872E-4,1.021589735E-3,4.983941908E-4
7.326354354E1,-1.418298809E-3,-1.023716293E-3,-6.434972165E-4
7.327350654E1,-8.286749944E-4,-5.848275032E-4,-1.436586492E-3
7.328346954E1,-1.678404165E-3,-1.627075020E-3,1.489190035E-3
7.329343154E1,8.753791917E-5,-1.588459127E-3,-4.991260357E-4
7.330339454E1,-1.376119908E-4,8.165807230E-4,-1.250659116E-3
7.331335754E1,-1.613139175E-4,-1.433524070E-3,8.154212264E-4
7.332332054E1,4.254123196E-4,7.001528284E-4,-1.802360639E-3
7.333328254E1,-1.047315774E-3,-4.700401332E-4,-1.848699525E-3
7.334324554E1,7.450896082E-4,-1.414350932E-3,1.964304829E-4
7.335320854E1,1.739247586E-3,2.432851586E-3,-1.106387936E-3
7.336317054E1,8.265168872E-4,9.190080455E-4,1.991048339E-4
7.337313354E1,-1.582578639E-3,6.175382296E-4,-1.881622942E-3
7.338309654E1,-4.931897856E-4,-4.019165412E-3,-6.030767690E-5
7.339305854E1,-1.462047687E-3,-1.775185578E-3,-4.829513491E-4
7.340302154E1,-5.815506447E-4,1.210389426E-3,-9.094846901E-4
7.341298454E1,2.272026381E-3,-8.666098583E-4,7.866826490E-4
7.342294654E1,3.027640050E-4,1.478899736E-3,-8.858965011E-4
7.343290954E1,7.919867057E-4,-5.067531019E-4,-4.749707587E-4
7.344287254E1,2.678845776E-4,-7.918328047E-4,6.205327809E-4
7.345283554E1,-1.785678905E-3,3.071348649E-3,-1.019175514E-3
7.346279754E1,2.989340574E-4,-1.013195375E-3,4.065699759E-4
7.347276054E1,1.075245556E-3,-2.434524242E-3,-1.084800228E-3
7.348272354E1,-1.378345187E-3,3.142190399E-3,-4.273489467E-4
7.349268554E1,1.345269615E-3,8.737097960E-4,4.829163663E-5
7.350264854E1,-8.739152690E-4,-2.514949068E-3,-8.224212797E-5
7.351261154E1,1.418143511E-4,-2.996182535E-3,-1.019494957E-4
7.352257354E1,8.483827114E-4,-7.597070653E-4,-2.100013662E-3
7.353253654E1,-1.835922012E-4,3.894468537E-4,2.968311310E-4
7.354249954E1,8.480779361E-4,4.313031677E-4,-9.415787645E-6
7.355246254E1,8.046684088E-4,-1.784446882E-3,6.936587743E-4
7.356242454E1,-9.765214054E-4,-2.010260010E-3,7.936540642E-4
7.357238754E1,8.221775061E-4,-1.266172854E-3,-1.045791316E-3
7.358235054E1,6.145256339E-4,1.072246814E-4,-7.433334831E-4
7.359231254E1,8.520795964E-4,8.174898103E-4,-1.422580099E-4
7.360227554E1,2.800795715E-3,6.500849267E-4,-5.422387039E-5
7.361223854E1,2.428295556E-4,2.571821911E-3,1.050188905E-3
7.362220054E1,1.836135052E-4,-1.747406553E-3,-3.457457642E-4
7.363216354E1,-5.247873487E-4,-7.591075264E-4,-3.795679077E-4
7.364212654E1,1.106632408E-4,-1.025682548E-3,-1.727169612E-3
7.365208854E1,-2.488633618E-4,-2.245943062E-3,-1.162579516E-3
7.366205154E1,-7.548512658E-4,-1.040778589E-3,2.827437129E-6
7.367201454E1,-1.314381254E-3,-1.347712241E-4,7.269409834E-4
7.368197654E1,5.580026191E-4,-1.500074519E-3,-1.599594369E-3
7.369193954E1,-5.384208634E-4,2.557476982E-4,-7.138270303E-4
7.370190254E1,6.272657774E-4,-1.556578558E-3,-4.256555694E-4
7.371186554E1,-1.466511516E-3,-5.296636373E-4,-4.725272011E-4
7.372182754E1,-7.979582297E-4,1.708772033E-3,2.363714157E-4
7.373179054E1,-2.738321200E-6,2.113572555E-3,-6.190262502E-5
7.374175354E1,9.880624712E-4,-3.462920431E-4,9.890127694E-4
7.375171554E1,1.131873112E-3,9.618527256E-4,7.661061827E-4
7.376167854E1,-8.378282655E-5,-8.356049657E-4,7.561168168E-4
7.377164154E1,-7.490405114E-4,1.232872251E-3,-6.790607003E-4
7.378160354E1,-8.699939353E-4,1.957240049E-3,5.645175697E-4
7.379156654E1,-5.283103092E-4,-2.720069839E-3,1.087828772E-3
7.380152954E1,3.871355439E-4,-1.600161195E-3,-1.218988793E-3
7.381149154E1,-4.909024574E-5,7.476817118E-4,3.655921319E-4
7.382145454E1,3.123853821E-4,-9.304289706E-4,2.944492735E-5
7.383141754E1,-1.301223994E-3,-1.275041839E-3,4.456971074E-4
7.384138054E1,-1.203031396E-3,-3.399287816E-3,-1.066496596E-3
7.385134254E1,-5.733955186E-5,6.135631120E-4,6.641214713E-5
7.386130554E1,-4.534412874E-4,1.944019459E-5,9.540902101E-4
7.387126854E1,5.841825623E-5,1.041288488E-4,8.603470051E-4
7.388123054E1,1.661461545E-3,1.553887269E-3,-6.696312921E-4
7.389119354E1,2.498759422E-3,1.757086487E-3,9.764686110E-4
7.390115654E1,-3.666660050E-4,1.237699762E-3,1.302928897E-3
7.391111854E1,-1.202632324E-3,-2.136525232E-3,7.220935076E-4
7.392108154E1,-1.516890712E-3,-1.702804817E-3,-1.124400180E-3
7.393104454E1,-1.315822126E-3,-1.137682004E-3,-4.223909345E-4
7.394100654E1,5.674317945E-4,1.387746539E-3,3.124650102E-4
7.395096954E1,-6.709380541E-4,6.609698758E-4,-3.674399923E-4
7.396093254E1,1.079137670E-3,-7.191991899E-4,-4.620105319E-4
7.397089454E1,4.290172365E-5,3.314177739E-4,-3.608104307E-4
7.398085742E1,-3.699233057E-4,-1.050410792E-3,-1.072550542E-3
7.399082042E1,3.422058653E-4,-9.936855640E-4,-7.183501730E-4
7.400078342E1,-5.701003829E-4,2.887579612E-3,2.301908098E-4
7.401074542E1,4.094101023E-4,-9.883849416E-4,2.512298524E-4
7.402070842E1,1.271695946E-3,-3.635131288E-4,4.834129359E-4
7.403067142E1,2.134183887E-5,1.543043880E-3,4.771974636E-5
7.404063342E1,5.692208651E-4,-5.243148189E-4,-2.149836509E-4
7.405059642E1,-1.333607710E-3,-1.054283930E-3,-1.727126539E-3
7.406055942E1,-4.854747094E-4,-7.449276745E-5,-1.630810322E-3
7.407052142E1,-6.599118933E-4,-8.638536092E-4,1.121566398E-3
7.408048442E1,-5.837635836E-4,1.519396552E-3,-4.851641716E-4
7.409044742E1,-1.890712883E-5,9.007798508E-5,-1.013002708E-3
7.410040942E1,-2.918960527E-4,4.256768152E-4,-2.427402069E-4
7.411037242E1,5.683049094E-4,-2.795283217E-4,-1.540498575E-3
7.412033542E1,3.932688851E-4,2.540717833E-4,-6.771504413E-4
7.413029742E1,-4.072773736E-4,1.800835831E-3,-6.065766211E-4
7.414026042E1,5.604629405E-5,3.771181218E-5,4.073003074E-4
7.415022342E1,-6.888398202E-4,-8.701598272E-4,5.636278074E-4
7.416018542E1,-2.560386201E-4,-1.999028027E-4,-1.152354991E-3
7.417014842E1,5.383822136E-4,-1.508580055E-3,5.230396055E-4
7.418011142E1,-6.723175757E-4,6.200744538E-4,-3.465377958E-4
7.419007442E1,1.141295303E-3,-3.719376400E-5,1.883060671E-3
7.420003642E1,1.915378612E-3,1.698494772E-3,3.081113100E-4
7.420999942E1,8.289003745E-6,-3.340297844E-4,-4.998916993E-4
7.421996242E1,-8.260385366E-4,-5.253185518E-4,1.239758800E-3
7.422992442E1,-1.269987435E-3,-1.040107571E-3,6.559940521E-4
7.423988742E1,8.432526374E-4,-1.308376202E-3,-5.930388579E-5
7.424985042E1,4.970417358E-4,-1.035621390E-4,1.128732227E-3
7.425981242E1,2.632029355E-4,-4.310393706E-5,-1.166105503E-4
7.426977542E1,1.731880475E-4,1.650666585E-3,-5.397868226E-4
7.427973842E1,-1.920941286E-4,9.549340466E-4,4.735775292E-5
7.428970042E1,-1.497499179E-4,6.702421233E-4,1.243117033E-3
7.429966342E1,-1.363285934E-3,8.475739742E-4,1.788973459E-4
7.430962642E1,-9.635455208E-4,7.179507520E-5,-6.163225044E-4
7.431958842E1,7.318676217E-4,-6.935249548E-4,3.711918253E-4
7.432955142E1,-6.508457009E-4,5.022344412E-4,6.489594816E-4
7.433951442E1,-6.252021994E-4,1.305942656E-3,-6.336737424E-4
7.434947642E1,2.118119970E-3,4.838248715E-4,-1.548373839E-4
7.435943942E1,1.302030636E-3,1.199295395E-3,-6.391550414E-6
7.436940242E1,3.172368743E-3,4.948893329E-4,-5.733785219E-4
7.437936542E1,-1.493412419E-3,-5.716038868E-5,-1.092783059E-3
7.438932742E1,-2.390897833E-3,1.850728295E-3,3.868691856E-4
7.439929042E1,5.206796341E-4,-2.510329010E-3,2.409531153E-4
7.440925342E1,-2.966463333E-3,-4.234761000E-4,7.557083154E-5
7.441921542E1,-1.568029169E-3,1.411622157E-3,-1.924657845E-4
7.442917842E1,-2.199198352E-3,1.700564753E-4,-8.167107007E-4
7.443914142E1,-8.595621912E-4,4.557869397E-4,2.005832503E-4
7.444910342E1,-1.313098590E-3,6.832209183E-4,-1.573456102E-4
7.445906642E1,-3.639754141E-4,-3.071944229E-5,-1.134420629E-3
7.446902942E1,-1.001003548E-3,1.188475639E-3,-6.505242782E-4
7.447899142E1,-9.499803418E-4,-8.350473363E-4,-2.666073269E-4
7.448895442E1,-3.491711104E-4,9.306427091E-5,-2.423725673E-4
7.449891742E1,-8.134894306E-4,3.756257938E-4,1.355862478E-3
7.450887942E1,1.021162141E-3,7.798937149E-4,3.509339876E-6
7.451884242E1,-1.334255910E-3,1.780923223E-3,-5.639990559E-4
7.452880542E1,7.201066473E-4,1.008606516E-3,2.466671867E-4
7.453876742E1,-1.409581746E-3,-4.023888614E-4,7.205043221E-5
7.454873042E1,-9.653664893E-4,4.136036150E-4,1.708030235E-3
7.455869342E1,-8.120546117E-4,2.759591443E-4,6.663907552E-4
7.456865542E1,-7.963420358E-4,-6.010197103E-4,1.056543901E-3
7.457861842E1,-3.648675047E-3,-1.169563737E-3,-2.190290717E-3
7.458858142E1,-5.586094921E-4,-1.561595127E-5,1.353045227E-3
7.459854442E1,-9.618821787E-4,2.788603306E-4,6.550340913E-5
7.460850642E1,5.278901663E-4,1.050910680E-3,4.452702124E-4
7.461846942E1,1.184561756E-3,5.158409476E-5,-8.456917712E-4
7.462843242E1,2.448764164E-3,3.925152123E-3,2.089377958E-3
7.463839442E1,1.001005992E-3,4.849876277E-4,-6.321726833E-4
7.464835742E1,4.513296299E-4,-1.581625314E-3,-2.761080395E-4
7.465832042E1,-1.301241689E-3,-3.348402679E-4,-1.238385914E-3
7.466828242E1,-1.864766586E-3,-1.551105874E-3,1.401605783E-3
7.467824542E1,-9.210741846E-4,-9.154623840E-4,-2.064976725E-4
7.468820842E1,1.622998388E-4,-4.486104008E-4,6.044348702E-4
7.469817042E1,4.074680619E-4,7.349596126E-4,-4.084479879E-4
7.470813342E1,5.701872287E-4,-1.676799031E-3,2.730549895E-4
7.471809642E1,-5.621139426E-4,5.837258650E-4,-5.178739084E-4
7.472805842E1,-5.498633254E-4,2.175763482E-3,-5.554244854E-4
7.473802142E1,1.240458223E-3,1.559990458E-3,1.191129675E-3
7.474798442E1,2.185081365E-3,1.656130655E-3,1.257708529E-3
7.475794642E1,1.513844589E-3,1.683416311E-3,7.639948162E-4
7.476790942E1,1.435813960E-3,-1.313172514E-3,-1.026182086E-3
7.477787242E1,-4.120707745E-4,4.752462264E-4,8.560235729E-4
7.478783442E1,1.301487209E-4,-6.547330413E-4,8.331203717E-4
7.479779742E1,1.262222184E-3,-1.012156717E-3,1.265990199E-3
7.480776042E1,-1.310924185E-3,1.390014542E-3,6.543705240E-5
7.481772242E1,1.072243787E-3,-1.288519707E-3,5.703155184E-4
7.482768542E1,-7.070141146E-4,3.408022458E-4,-3.708455479E-4
7.483764842E1,-4.284386523E-4,1.423318870E-3,-7.260579150E-5
7.484761142E1,1.372167608E-4,6.669810973E-4,1.409797114E-4
7.485757342E1,-1.274745911E-3,-3.371085040E-4,-1.137379208E-3
7.486753642E1,-1.010908745E-4,-1.157362014E-3,1.624318771E-3
7.487749942E1,-9.557743324E-4,-9.973524138E-4,8.853950421E-4
7.488746142E1,1.590474043E-3,1.003746758E-3,1.488068374E-3
7.489742442E1,5.469338503E-4,7.544886321E-4,9.265361587E-5
7.490738742E1,5.717854947E-5,7.591524627E-5,8.660356398E-4
7.491734942E1,1.131594880E-3,-2.079105470E-4,-7.528131246E-4
7.492731242E1,1.749874791E-4,5.156703992E-4,1.108499710E-4
7.493727542E1,1.077846391E-4,-1.366795506E-3,-5.587369669E-4
7.494723742E1,-1.302625518E-3,4.619972315E-4,-1.401094836E-3
7.495720042E1,-1.135465456E-3,-1.889555948E-3,4.044938833E-4
7.496716342E1,-6.114644930E-5,-4.969891161E-4,-7.281485014E-4
7.497712542E1,-7.826869842E-4,6.834793603E-4,-1.290171524E-3
7.498708829E1,2.442278201E-4,-1.893128967E-3,-1.372891129E-4
7.499705129E1,3.674929030E-4,-1.622262644E-3,-9.338353993E-4
7.500701329E1,1.339812996E-3,1.192698604E-3,-1.817587181E-4
7.501697629E1,4.199210089E-4,1.088133315E-3,-8.607931086E-4
7.502693929E1,2.115821932E-3,-7.800741587E-4,-3.260303638E-4
7.503690129E1,9.698185604E-4,-3.005475737E-4,-1.205778448E-3
7.504686429E1,-1.080282847E-3,-4.776476417E-4,3.218107158E-4
7.505682729E1,-1.577064395E-4,-3.258755896E-4,-1.643823343E-4
7.506678929E1,-7.862125058E-4,-1.421499997E-3,-1.163067762E-3
7.507675229E1,-6.841740105E-5,-2.530058846E-4,-1.278624986E-3
7.508671529E1,-2.340661595E-4,-4.817713052E-4,-2.241187030E-5
7.509667729E1,-5.608983338E-4,-9.301509708E-4,-2.737717587E-4
7.510664029E1,2.183425240E-4,6.355213700E-4,1.123865368E-4
7.511660329E1,9.178632172E-4,-2.401461825E-4,5.903624697E-4
7.512656529E1,9.399674600E-4,-6.081948522E-4,6.409625057E-4
7.513652829E1,5.579165881E-4,-5.173787940E-4,8.694173303E-4
7.514649129E1,-2.057573991E-3,-6.449441426E-4,-6.721640239E-5
7.515645329E1,1.303516328E-4,-1.201021252E-3,7.658557734E-4
7.516641629E1,2.645750064E-4,-1.477723708E-3,-9.236535989E-4
7.517637929E1,1.289648935E-5,5.470496835E-4,7.552267052E-4
7.518634229E1,-7.362507749E-4,2.570314100E-4,-3.883346217E-4
7.519630429E1,1.053815708E-3,3.017385025E-4,1.405735384E-3
7.520626729E1,8.977544494E-4,1.226654276E-3,3.423350863E-4
7.521623029E1,1.344854245E-4,-1.016904134E-3,5.191192031E-6
7.522619229E1,9.041390149E-4,-7.758880965E-4,4.464769736E-4
7.523615529E1,3.151235869E-4,9.175911546E-4,4.208515165E-4
7.524611829E1,4.320363514E-4,2.568609780E-4,7.262569852E-6
7.525608029E1,2.716864692E-4,-5.879905075E-5,-7.368857041E-4
7.526604329E1,-1.987473108E-3,4.525278928E-4,-1.277241041E-3
7.527600629E1,-5.147553748E-4,-1.176523045E-3,-4.665314918E-5
7.528596829E1,8.248146623E-4,2.075218363E-4,1.883073361E-3
7.529593129E1,-4.353491822E-4,-3.233489115E-4,3.320928663E-4
7.530589429E1,-6.217706250E-4,-9.884452447E-5,1.284172875E-3
7.531585629E1,4.947399721E-4,-1.896845642E-4,-1.446229871E-3
7.532581929E1,-2.065889305E-3,1.532847993E-3,-3.127885866E-4
7.533578229E1,-3.192377044E-4,-1.133223530E-3,1.535129151E-3
7.534574429E1,2.400260419E-4,-7.649082690E-4,-8.870157180E-4
7.535570729E1,-1.660451060E-3,2.171590226E-3,-1.741223969E-6
7.536567029E1,7.063001394E-4,-3.270828165E-5,-1.418234897E-4
7.537563229E1,-8.795480244E-4,4.062100779E-4,-1.170550706E-3
7.538559529E1,1.260568155E-3,-1.249743393E-3,5.756840110E-4
7.539555829E1,-2.961158752E-4,3.528272500E-4,-4.475292517E-4
7.540552029E1,-7.557775825E-4,-5.811431911E-4,6.824500160E-4
7.541548329E1,-6.956595462E-4,-1.756926067E-3,-7.795148413E-4
7.542544629E1,-1.039050985E-4,-3.294718917E-4,-5.640651216E-4
7.543540829E1,-1.180340885E-3,2.278138418E-4,-5.699536996E-5
7.544537129E1,-2.000154927E-5,2.914201468E-5,7.249087794E-4
7.545533429E1,-3.594326554E-4,1.169822179E-3,2.535179956E-4
7.546529629E1,1.660841284E-3,4.744707840E-4,5.843932740E-6
7.547525929E1,-8.799566422E-5,-1.839703182E-3,6.683000829E-4
7.548522229E1,-1.531429007E-3,-7.509253919E-5,-3.833822557E-4
7.549518429E1,-4.333091201E-4,-1.959425863E-4,7.478954503E-4
7.550514729E1,-2.290444681E-4,-1.247358508E-3,2.786464756E-4
7.551511029E1,-7.024150109E-4,8.836993948E-4,-7.761246525E-5
7.552507229E1,3.926769132E-4,5.622558529E-4,9.125508368E-4
7.553503529E1,1.156562939E-4,-4.527973942E-5,7.131544407E-5
7.554499829E1,-2.413281240E-3,1.686840318E-3,-6.810275372E-4
7.555496029E1,-1.276433235E-3,-1.089360565E-3,-1.895360183E-4
7.556492329E1,-3.552457783E-4,-5.822947714E-4,-1.161057153E-3
7.557488629E1,-5.285474472E-4,7.934647147E-5,8.001002716E-4
7.558484829E1,-1.586342696E-4,-8.919083048E-4,6.799916737E-4
7.559481129E1,1.433416968E-3,5.243531195E-4,-5.521088606E-4
7.560477429E1,2.855944913E-4,-8.458432276E-4,5.536356475E-4
7.561473629E1,-1.088681165E-5,9.295763448E-4,-6.336072111E-4
7.562469929E1,3.989737015E-4,-7.761784364E-4,-1.867287792E-4
7.563466229E1,7.448500255E-4,1.170972129E-3,-2.507110476E-4
7.564462429E1,1.522759441E-3,-1.001546625E-4,5.333236186E-4
7.565458729E1,-4.983565304E-4,-8.649129886E-4,1.735696336E-3
7.566455029E1,8.188429056E-4,1.814429415E-4,-6.251960294E-4
7.567451229E1,-1.173836645E-4,-3.409758210E-5,-7.758006686E-4
7.568447529E1,-1.226590248E-3,6.017833948E-5,-5.307898391E-4
7.569443829E1,-1.486146124E-3,8.503593272E-4,-7.015595911E-4
7.570440029E1,-3.918532748E-4,-1.040484989E-3,3.005878534E-4
7.571436329E1,1.475105528E-4,2.420854289E-4,-8.135387907E-5
7.572432629E1,1.733432291E-4,1.259412849E-3,-1.727986382E-3
7.573428829E1,2.366928384E-3,5.850606831E-4,2.028948860E-3
7.574425129E1,1.717649749E-3,1.789287198E-4,3.900395241E-4
7.575421429E1,-7.539637154E-4,1.727510244E-4,-1.475070720E-3
7.576417629E1,9.901404846E-4,-5.947658792E-5,-5.940970732E-4
7.577413929E1,4.083103267E-4,5.837883800E-4,-4.537428031E-4
7.578410229E1,8.682382759E-4,-1.183751738E-3,-4.817059962E-4
7.579406429E1,-2.216737485E-4,-1.558442600E-4,1.659129979E-3
7.580402729E1,-2.039547544E-3,1.880674972E-3,5.496570375E-4
7.581399029E1,-6.400444545E-4,-9.404157754E-4,-7.448776159E-5
7.582395229E1,1.940574730E-4,-1.373179490E-3,2.935611410E-4
7.583391529E1,-1.248751418E-3,3.974464256E-3,-4.817287554E-4
7.584387829E1,-1.252213609E-3,-5.483820569E-4,1.148192678E-4
7.585384029E1,-1.963075483E-3,-4.219607450E-3,-9.910842637E-4
7.586380329E1,-2.777470276E-3,2.695023781E-3,-1.060060225E-3
7.587376629E1,1.382371411E-4,-5.794879980E-4,1.209980110E-3
7.588372829E1,8.698074380E-4,-1.140882261E-3,3.154242877E-4
7.589369129E1,8.932483615E-4,1.987467986E-3,-1.435892191E-3
7.590365429E1,3.989656689E-4,-3.657010384E-4,-7.983313408E-4
7.591361629E1,3.123901319E-3,-8.357483894E-4,-2.567225602E-5
7.592357929E1,1.720534638E-4,4.280983005E-3,4.976389464E-4
7.593354229E1,4.010007251E-5,-1.287993742E-3,8.886024589E-4
7.594350429E1,-1.408925978E-3,-7.433772553E-4,-7.697478868E-4
7.595346729E1,-1.340505783E-3,5.329770502E-4,-7.334540715E-4
7.596343029E1,1.538637676E-3,7.699984126E-4,-2.634061384E-4
7.597339229E1,-3.419781569E-5,-5.466141738E-5,-4.246509634E-4
7.598335529E1,1.000706572E-3,-4.855608568E-4,4.102500388E-4
7.599331829E1,1.118258107E-3,1.071477775E-3,-4.747644416E-4
7.600328029E1,1.395463478E-4,2.597735496E-3,-1.376082655E-4
7.601324329E1,-2.113421215E-4,-7.940758951E-5,-1.706698677E-4
7.602320629E1,-3.676695051E-4,-2.170929220E-4,-9.744118433E-4
7.603316829E1,-1.130515011E-3,-9.540028404E-4,-3.396364627E-5
7.604313129E1,-1.498297555E-3,-3.372146748E-4,3.844189923E-4
7.605309429E1,3.923320910E-4,-8.287560195E-4,2.751010470E-6
7.606305629E1,2.356146928E-3,-5.893378984E-4,1.113555511E-3
7.607301929E1,8.140213322E-4,4.238440888E-4,-1.592539717E-3
7.608298229E1,3.466366325E-4,4.760420416E-4,-6.367311580E-4
7.609294429E1,2.836125204E-4,4.768238869E-4,5.231936229E-4
7.610290729E1,-8.879121160E-4,3.433994716E-4,6.166705862E-4
7.611287029E1,6.259507500E-4,3.594474401E-5,6.341821281E-4
7.612283229E1,1.444512745E-4,-7.254530210E-4,-3.796833334E-4
7.613279529E1,2.322026994E-4,3.385395976E-4,-5.974119413E-4
7.614275829E1,1.672215294E-4,-7.512259763E-4,-2.266999218E-4
7.615272029E1,5.659377202E-4,-1.594165806E-3,5.165459588E-4
7.616268329E1,-1.031426364E-3,-6.857614499E-4,-1.210247632E-3
7.617264629E1,-5.161792506E-4,-5.693372805E-4,-7.383883349E-4
7.618260829E1,-2.031517914E-3,-3.735949285E-4,-2.536930260E-4
7.619257129E1,7.032568101E-4,3.566950327E-4,2.853990300E-4
7.620253429E1,-8.847861318E-4,2.109054942E-3,-9.407203179E-4
7.621249629E1,-6.878899876E-5,1.679073554E-3,1.110923593E-3
7.622245929E1,1.388492761E-3,1.786486246E-4,2.999911085E-4
7.623242229E1,-4.715444520E-4,5.787156988E-5,-4.922487424E-4
7.624238429E1,-5.887236912E-4,-3.498583101E-4,4.582334077E-4
7.625234729E1,-1.034732792E-3,-2.586617833E-3,-1.146178111E-3
7.626231029E1,-2.311718650E-3,1.075228909E-3,6.422854494E-5
7.627227229E1,1.263769809E-5,1.117643202E-3,-8.627830539E-4
7.628223529E1,-4.033480072E-4,1.836696640E-3,-1.328569837E-3
7.629219829E1,9.557232261E-4,2.334951423E-4,4.616474034E-4
7.630216029E1,7.149734301E-4,-1.433421858E-4,-8.257246809E-4
7.631212329E1,-3.990642726E-4,-1.435947139E-3,-5.034244386E-4
7.632208629E1,-1.367430668E-4,2.407791326E-4,1.516849617E-3
7.633204829E1,-5.289562978E-5,2.089762129E-4,-4.503640230E-4
7.634201129E1,-6.880594883E-4,2.550488571E-4,6.596414605E-4
7.635197429E1,-7.675749948E-4,-4.614426289E-4,-1.661945134E-6
7.636193629E1,-5.890789907E-5,-1.159989741E-3,4.153890768E-4
7.637189929E1,-7.708426565E-4,5.245917710E-4,-5.942523712E-4
7.638186229E1,-3.250297159E-4,-1.190942712E-4,7.533071330E-4
7.639182429E1,8.150349604E-4,-5.518784747E-6,-7.112852763E-4
7.640178729E1,-3.959044116E-4,3.287079744E-4,-9.192781290E-4
7.641175029E1,1.601683209E-3,6.731561152E-4,1.772761345E-3
7.642171229E1,-6.428289926E-4,1.104301773E-4,-1.249660039E-3
7.643167529E1,-6.771595217E-4,2.397967037E-4,-1.010927372E-4
7.644163829E1,7.118890062E-5,1.260796562E-4,-3.088382073E-6
7.645160029E1,-7.644968573E-4,3.492068499E-4,5.425291602E-5
7.646156329E1,4.350615200E-5,4.978112411E-4,3.996649757E-4
7.647152629E1,-1.082031522E-4,8.326014504E-4,4.994400078E-4
7.648148829E1,4.089827416E-4,4.765368067E-4,-1.387675875E-3
7.649145129E1,4.351723474E-4,-1.039006747E-4,-4.428426037E-4
7.650141429E1,1.307357568E-3,2.377828350E-4,1.009911881E-3
7.651137629E1,-3.987194505E-4,1.340281451E-4,-6.427682238E-4
7.652133929E1,2.465645084E-4,-1.359472517E-3,-8.827190031E-4
7.653130229E1,8.908958407E-4,-9.907195345E-4,-6.923084147E-4
7.654126429E1,-4.635879304E-4,-1.045846846E-3,7.559185615E-4
7.655122729E1,4.743139725E-4,-5.505171139E-4,-2.340184292E-4
7.656119029E1,7.392984116E-4,-1.965831034E-4,1.984394621E-3
7.657115229E1,2.313904697E-4,2.527929144E-3,1.280304161E-3
7.658111529E1,1.217026380E-3,-1.662022201E-3,-1.158618717E-3
7.659107829E1,-8.680591127E-4,-8.279590402E-4,8.361261571E-4
7.660104029E1,9.325040737E-4,4.884414375E-4,1.484979875E-4
7.661100329E1,8.522040443E-4,1.023003366E-3,1.424150541E-4
7.662096629E1,-1.068002312E-4,4.853111459E-4,4.678533878E-4
7.663092829E1,-1.676238491E-3,-5.983423907E-4,-1.255231677E-3
7.664089129E1,-1.594213187E-3,-1.111533493E-3,-8.743559010E-5
7.665085429E1,-1.583615085E-4,-1.716223778E-3,-4.676288809E-4
7.666081629E1,3.604223020E-4,6.811537314E-4,1.292987028E-3
7.667077929E1,1.157894148E-3,-1.862272620E-4,1.531353919E-3
7.668074229E1,-4.487908445E-4,1.245488180E-3,9.494533297E-4
7.669070429E1,-3.837563563E-4,-5.311267450E-4,8.735151496E-4
7.670066729E1,-1.943037147E-3,1.057448913E-3,-1.003214391E-3
7.671062929E1,-1.114430139E-3,-9.137019515E-5,-1.076965709E-3
7.672059229E1,-2.688765526E-4,-4.623483401E-4,2.048136666E-4
7.673055529E1,4.121281672E-4,1.542289974E-4,-1.196885714E-4
7.674051729E1,2.318322659E-4,3.611566499E-4,1.122409827E-3
7.675048029E1,-1.952913590E-4,-5.579849239E-4,-3.674090840E-5
7.676044329E1,-8.474995848E-4,1.469538547E-4,-5.624488695E-4
7.677040529E1,1.966644777E-4,-4.966077395E-4,-1.169648021E-5
7.678036829E1,1.122112968E-3,7.004832150E-4,-2.737515024E-4
7.679033129E1,-5.074444925E-4,5.264227511E-4,8.088602917E-4
7.680029329E1,-4.698394332E-5,9.914105758E-4,3.518618178E-4
7.681025629E1,4.465478705E-4,1.165380236E-4,5.398434587E-4
7.682021929E1,-8.930220501E-4,3.575540613E-4,-1.233289135E-3
7.683018129E1,7.730267243E-4,1.720402157E-3,-9.045907063E-4
7.684014429E1,1.584758284E-3,4.479438066E-4,1.258695149E-3
7.685010729E1,1.753102988E-3,-4.366245121E-4,-3.654558095E-4
7.686006929E1,-9.960782481E-4,-1.003877958E-3,-1.574797323E-3
7.687003229E1,9.922400350E-4,-5.381293595E-4,8.194245165E-4
7.687999529E1,-5.904766731E-4,3.239357611E-4,4.921220243E-4
7.688995729E1,-6.153611466E-4,5.129971541E-4,-1.185525907E-4
7.689992029E1,-7.474538870E-4,1.324462355E-3,2.721331548E-4
7.690988329E1,2.926754532E-4,1.226746943E-3,-4.200789845E-4
7.691984529E1,-6.040108856E-4,2.185751218E-3,-1.090217265E-4
7.692980829E1,4.579152446E-4,-1.142187743E-3,-6.921815220E-4
7.693977129E1,7.625808939E-4,-8.251587860E-5,-1.816535369E-4
7.694973329E1,-6.877491251E-5,-9.623025544E-4,-1.250879723E-4
7.695969629E1,-1.164453570E-4,3.841915168E-4,-3.880157601E-5
7.696965929E1,-5.717133172E-4,-8.173361421E-4,1.872065128E-3
7.697962129E1,6.253775209E-4,-9.044215549E-4,-8.659204468E-6
7.698958492E1,1.382466871E-3,3.600898199E-4,1.321038464E-3
7.699954792E1,-9.187706746E-4,4.061625805E-4,5.324764643E-4
7.700950992E1,-8.818439674E-4,-2.832319587E-4,8.913525380E-5
7.701947292E1,4.603890702E-4,-6.137304008E-4,1.708943164E-4
7.702943492E1,1.755773555E-3,-1.550828572E-3,1.406576601E-3
7.703939792E1,-4.642375279E-4,5.381549709E-4,1.067556092E-3
7.704936092E1,6.340617547E-4,-5.703885108E-5,2.089876216E-5
7.705932292E1,-7.712882943E-4,-4.479908384E-4,-4.848355893E-4
7.706928592E1,-5.418043584E-4,6.097219884E-4,1.255949377E-3
7.707924892E1,-3.146368545E-4,4.845533986E-4,2.468776656E-4
7.708921092E1,-4.375870340E-4,-2.341475338E-4,-7.939722855E-4
7.709917392E1,9.874704992E-4,1.421571942E-4,-3.833128139E-4
7.710913692E1,-1.522800187E-3,1.706910436E-3,9.913670365E-4
7.711909892E1,-6.242496893E-4,-2.377298661E-4,6.278454093E-4
7.712906192E1,5.393379834E-4,-5.908231251E-4,-8.660589810E-4
7.713902492E1,-2.280150540E-3,-3.796343226E-4,-3.616562462E-4
7.714898692E1,-1.122648828E-4,-2.892315388E-4,-8.701655897E-4
7.715894992E1,4.680379061E-4,3.161048517E-4,-1.620378112E-3
7.716891292E1,6.863401504E-4,-1.756248530E-4,-9.667340200E-4
7.717887492E1,-1.220483100E-3,-1.804946689E-3,-1.496436773E-3
7.718883792E1,2.596946433E-5,1.241626451E-4,4.307334311E-4
7.719880092E1,-4.653837532E-4,-5.504160654E-4,-1.591567998E-4
7.720876292E1,5.109691992E-4,-1.348266145E-3,9.421278955E-4
7.721872592E1,-1.694685780E-4,-3.072365653E-4,3.351934720E-4
7.722868892E1,-7.571496535E-4,7.956129266E-4,5.679741735E-4
7.723865092E1,-2.506846795E-3,-1.067800913E-3,1.109128352E-3
7.724861392E1,4.926065449E-4,2.627746202E-3,8.204323240E-5
7.725857692E1,1.085787080E-4,-1.178177306E-3,-1.156326616E-3
7.726853892E1,1.232391805E-3,-7.725369651E-4,3.270641901E-5
7.727850192E1,-2.560489811E-4,6.369559560E-5,4.944985267E-4
7.728846492E1,6.142382044E-4,1.069890219E-3,-6.713280454E-4
7.729842692E1,3.428620985E-4,1.801281469E-4,6.155113224E-4
7.730838992E1,3.492878750E-5,6.777925882E-4,-1.735246624E-4
7.731835192E1,-1.358703477E-3,8.266632212E-4,-9.016768308E-5
7.732831492E1,1.772354590E-4,-4.635271616E-4,2.031959593E-4
7.733827792E1,-1.340880990E-4,4.105222179E-4,-7.329052314E-4
7.734823992E1,-2.283595968E-4,7.507980336E-4,-7.585821440E-4
7.735820292E1,-7.572632749E-4,-6.894394755E-4,-5.370071158E-4
7.736816592E1,-9.475974366E-6,-6.311004981E-4,-1.238139928E-3
7.737812792E1,-4.880460910E-4,-9.725177661E-4,-1.026418526E-3
7.738809092E1,-1.178511418E-3,-4.773796536E-5,-1.930722734E-3
7.739805392E1,-4.418811295E-4,-6.451597437E-5,-1.168259652E-3
7.740801592E1,2.380128950E-3,9.752525948E-4,1.102996757E-3
7.741797892E1,2.043771790E-3,-8.918896783E-4,-5.423040129E-4
7.742794192E1,1.955565531E-3,-1.844661310E-4,-4.920908832E-4
7.743790392E1,5.052080378E-4,8.256707806E-4,8.362939116E-4
7.744786692E1,1.571585308E-3,1.233243383E-4,-8.026126307E-5
7.745782992E1,5.694378633E-4,-5.720269401E-4,9.352019988E-4
7.746779192E1,3.318015952E-4,2.215476707E-4,-1.363275223E-4
7.747775492E1,-4.317145795E-5,3.483140608E-4,-4.782773904E-4
7.748771792E1,-6.618550979E-4,1.825024374E-3,-1.272124937E-4
7.749767992E1,-2.940725535E-4,-5.257478915E-4,-9.978195885E-5
7.750764292E1,7.101536030E-4,-9.092015680E-4,-2.027117880E-4
7.751760592E1,2.598762512E-5,-1.427438110E-4,1.482270309E-3
7.752756792E1,-5.624357145E-4,1.752045588E-3,-2.518840483E-4
7.753753092E1,1.473284792E-3,7.685401943E-4,3.941988107E-4
7.754749292E1,-7.341878954E-4,4.031020217E-4,7.749171928E-4
7.755745592E1,-1.408500131E-3,-1.407847507E-3,-5.105906748E-4
7.756741892E1,-8.225659840E-4,-1.266835490E-3,-7.384425262E-4
7.757738092E1,-1.587958541E-3,-1.225023996E-3,-1.493512536E-4
7.758734392E1,8.805862162E-4,-1.130909193E-3,6.676205667E-4
7.759730692E1,2.036106307E-4,-1.079889480E-4,3.363232827E-4
7.760726892E1,-2.698879689E-4,-8.893418126E-4,-1.660857350E-3
7.761723192E1,1.514163567E-3,3.873775713E-4,-8.696322329E-4
7.762719492E1,-3.417271655E-4,1.329735154E-3,-7.105527911E-4
7.763715692E1,1.369353849E-3,-1.794782002E-4,-2.386406413E-4
7.764711992E1,1.549864770E-3,-4.218013491E-4,-6.656514015E-4
7.765708292E1,-2.885702997E-5,7.834017742E-5,3.157234751E-4
7.766704492E1,-1.114836195E-3,8.071220946E-4,-2.311938442E-4
7.767700792E1,7.893240545E-4,3.543847706E-4,-1.117493841E-3
7.768697092E1,-1.474555116E-3,-1.842105761E-3,-3.598999465E-4
7.769693292E1,8.258833550E-4,-6.596622989E-4,2.712692367E-4
7.770689592E1,-1.597880619E-3,-2.158883726E-3,-1.128388918E-3
7.771685792E1,1.139050117E-3,3.875663970E-5,-3.542762715E-5
7.772682092E1,-7.189558819E-4,-2.263574861E-4,3.373217769E-4
7.773678392E1,5.250066752E-4,-8.307932876E-5,-7.999554509E-5
7.774674592E1,2.149446635E-3,1.383572584E-3,3.917685244E-4
7.775670892E1,1.733993529E-3,-2.550182631E-3,-3.131702542E-4
7.776667192E1,6.869327044E-4,3.434756072E-4,-1.386669814E-3
7.777663392E1,-7.996438071E-4,1.605547732E-3,-1.160301035E-3
7.778659692E1,8.463021368E-4,5.853192415E-4,2.590139629E-4
7.779655992E1,-1.819522120E-3,-8.205634076E-4,2.829824807E-4
7.780652192E1,1.024820027E-3,-1.042494783E-3,-2.501299605E-5
7.781648492E1,9.920630837E-4,-1.024119090E-3,-1.962542301E-4
7.782644792E1,-2.463613637E-4,1.467620954E-3,4.104679683E-4
7.783640992E1,4.436636809E-4,-2.641254105E-5,-1.505942782E-3
7.784637292E1,6.531814579E-4,-2.313684672E-5,-1.044344972E-3
7.785633592E1,6.395993987E-4,-2.766423859E-5,-2.818818903E-4
7.786629792E1,6.788789760E-4,-1.359418966E-4,-3.436781699E-4
7.787626092E1,7.273484953E-4,-1.193483127E-3,-9.540746687E-4
7.788622392E1,1.028348226E-3,6.414810196E-4,-7.676800597E-4
7.789618592E1,9.737533983E-4,-1.470139483E-3,-1.372483908E-3
7.790614892E1,-7.523756940E-4,-5.390192382E-5,9.983539348E-4
7.791611092E1,1.590939821E-3,2.040015534E-5,-2.804959659E-4
7.792607392E1,1.658530324E-3,-8.266924415E-4,1.182919135E-3
7.793603692E1,3.309445456E-4,1.586772269E-4,2.400516300E-3
7.794599892E1,5.963010481E-4,1.756218262E-5,-5.665058270E-4
7.795596192E1,1.373677747E-3,1.583234640E-3,7.190020988E-4
7.796592492E1,1.252908492E-3,-1.439685002E-4,2.506966703E-4
7.797588692E1,-5.164956674E-4,1.349532278E-3,4.139484372E-4
7.798584967E1,2.393120667E-4,1.658558613E-4,-2.026499133E-4
7.799581267E1,-2.871947363E-4,-1.467992552E-4,-7.881294005E-5
7.800577467E1,7.313726237E-4,8.453008486E-4,-3.394038649E-4
7.801573767E1,1.659835689E-4,-4.577836953E-4,3.929762170E-5
7.802570067E1,7.556402124E-5,2.977974946E-4,-6.612807047E-4
7.803566267E1,2.729042899E-4,6.717053475E-4,-3.851109068E-4
7.804562567E1,1.388556091E-3,1.854412258E-4,-3.328191815E-4
7.805558867E1,-2.410323359E-4,2.224592026E-4,-1.107000047E-3
7.806555067E1,-2.458727686E-3,-8.166986518E-4,4.900132772E-4
7.807551367E1,3.351945197E-4,-1.479790080E-4,1.559805125E-3
7.808547567E1,4.124649568E-4,1.819180790E-3,1.267659012E-3
7.809543867E1,3.101995680E-4,1.096665161E-3,-6.578583270E-5
7.810540167E1,5.985763855E-4,8.454025956E-4,7.662005955E-4
7.811536367E1,-6.587018725E-4,9.945116471E-5,8.194637485E-4
7.812532667E1,1.009400934E-3,1.923700329E-4,6.392225623E-4
7.813528967E1,7.585311541E-4,-3.173591103E-4,8.687870577E-4
7.814525167E1,-1.003571320E-3,-4.320794251E-4,-1.265678438E-3
7.815521467E1,7.535824552E-4,-1.466184855E-3,-6.539170863E-5
7.816517767E1,-3.575307783E-4,-3.471109085E-5,1.217719982E-3
7.817513967E1,4.704460735E-4,-5.271295086E-4,1.939170412E-3
7.818510267E1,1.211819239E-3,-7.769556250E-4,1.020590542E-3
7.819506567E1,4.067457048E-4,1.827882137E-3,9.753168561E-4
7.820502767E1,2.308263443E-3,6.603708025E-4,8.882483235E-4
7.821499067E1,9.677454364E-5,6.854045205E-4,8.629482472E-4
7.822495267E1,-8.798167109E-4,1.228577225E-3,-7.859535981E-4
7.823491567E1,-3.269445151E-4,-2.340308856E-4,-4.506221740E-5
7.824487867E1,-1.797671430E-4,4.189363681E-4,5.661139730E-4
7.825484067E1,5.129211349E-4,-2.788119018E-4,-1.159614301E-3
7.826480367E1,-2.872971818E-4,7.287679473E-4,-2.766424441E-4
7.827476667E1,-1.306755235E-3,9.964156197E-4,-1.640979899E-3
7.828472867E1,-1.431456767E-3,-5.791268777E-4,-4.640298430E-4
7.829469167E1,-4.056072794E-4,-7.668796461E-4,-9.811151540E-5
7.830465467E1,-4.019094631E-4,8.889939636E-6,1.531644491E-3
7.831461667E1,-1.948140562E-3,5.469622556E-5,-4.002124188E-4
7.832457967E1,-4.542050883E-4,-5.265378859E-4,7.135432679E-5
7.833454267E1,-1.149023883E-3,8.306090022E-4,5.216947757E-4
7.834450467E1,2.724340884E-4,1.915020403E-3,-8.348082192E-4
7.835446767E1,7.302314043E-4,1.463348279E-3,-1.921874937E-4
7.836443067E1,1.137742773E-3,1.620397321E-3,-7.107207784E-4
7.837439267E1,6.141653284E-4,9.547127411E-5,-3.514603595E-4
7.838435567E1,-7.586276624E-4,6.679693470E-4,1.822654158E-4
7.839431767E1,-4.283958115E-4,7.750284858E-4,1.240073005E-3
7.840428067E1,1.864201040E-3,5.650186213E-4,5.802741507E-4
7.841424367E1,3.917393042E-4,-9.439284913E-4,9.717587382E-4
7.842420567E1,-2.989235567E-3,-4.974300973E-4,-1.069440623E-4
7.843416867E1,5.636877613E-4,5.276206648E-4,-1.089650556E-3
7.844413167E1,2.286762465E-4,9.011803195E-4,-1.160859363E-3
7.845409367E1,6.720925448E-4,-7.688880432E-4,-5.038575036E-4
7.846405667E1,8.468191372E-4,-4.661048297E-4,-2.635030542E-4
7.847401967E1,1.628456987E-3,1.825811458E-3,4.225271987E-4
7.848398167E1,2.086993773E-4,3.841186408E-4,-2.780414652E-4
7.849394467E1,1.847874955E-3,-9.604939260E-5,-4.900290514E-4
7.850390767E1,1.013797009E-4,4.154101480E-4,-1.032886445E-3
7.851386967E1,1.056585461E-5,-4.570414312E-4,-4.706931068E-4
7.852383267E1,1.058181981E-3,-1.118309796E-3,-7.332535461E-6
7.853379467E1,-1.889765263E-4,1.276670839E-3,-4.089372233E-4
7.854375767E1,-8.723628707E-5,-3.272565082E-4,-2.884821733E-4
7.855372067E1,-8.584875613E-4,-3.271107562E-5,-1.485573128E-3
7.856368267E1,-6.564871874E-4,-2.021058463E-4,-8.541879943E-4
7.857364567E1,-6.712973118E-5,-8.833424654E-4,-3.540463513E-4
7.858360867E1,-8.169412613E-4,-1.435475424E-3,-4.576361971E-4
7.859357067E1,1.245677005E-3,-1.743070548E-3,-2.080979757E-4
7.860353367E1,-8.243494667E-4,2.711648121E-4,8.094495861E-4
7.861349667E1,1.719235792E-3,8.533318760E-4,-3.050833475E-4
7.862345867E1,1.351321815E-3,2.971537178E-4,8.583115414E-5
7.863342167E1,8.863338735E-4,1.964862458E-4,-2.003152389E-3
7.864338467E1,1.594620757E-3,6.348537281E-4,-1.375206048E-4
7.865334667E1,1.369317295E-3,-9.139045142E-5,1.375687541E-3
7.866330967E1,-7.291652728E-4,-6.164889783E-5,-6.818377879E-4
7.867327167E1,3.403603332E-4,-3.988051321E-4,-8.765148814E-4
7.868323467E1,3.803625004E-4,1.116949134E-4,-1.001579920E-3
7.869319767E1,1.464002766E-3,-1.569025917E-3,-3.581602359E-4
7.870315967E1,1.353010768E-3,-2.529937774E-6,-9.823167929E-4
7.871312267E1,4.384813365E-4,-2.075934317E-4,-1.044901088E-3
7.872308567E1,-1.217955258E-3,1.454173937E-3,-9.233382298E-5
7.873304767E1,4.092361778E-4,8.978395490E-4,-4.886122188E-4
7.874301067E1,7.111305604E-4,6.036624545E-4,-3.324123099E-5
7.875297367E1,-1.251619076E-3,6.617193576E-4,2.458581002E-4
7.876293567E1,-1.267881831E-3,-1.449726056E-3,2.053892706E-3
7.877289867E1,-1.618886366E-3,-2.150403569E-3,-4.814365529E-4
7.878286067E1,-1.516204793E-4,-1.199236605E-3,-1.519716345E-3
7.879282367E1,6.401373539E-4,-1.498842379E-3,9.799265536E-4
7.880278667E1,1.644927543E-4,-5.926589947E-4,4.656029632E-4
7.881274867E1,7.112397579E-4,2.656776924E-4,-4.513234599E-4
7.882271167E1,1.236879732E-3,5.309421103E-4,1.118959626E-4
7.883267467E1,-3.522285260E-4,-2.847840078E-4,6.882039597E-4
7.884263667E1,-2.237665467E-4,4.237913527E-4,-2.072334755E-4
7.885259967E1,1.206883579E-3,-1.352803316E-3,-1.193135744E-3
7.886256267E1,3.089715028E-4,-8.202167228E-4,7.742784219E-4
7.887252467E1,2.338703489E-4,5.377291236E-4,-7.224181318E-4
7.888248767E1,7.199643878E-4,3.091292456E-5,-1.524152467E-4
7.889244967E1,1.303729252E-3,-9.355482180E-4,1.887356630E-4
7.890241267E1,1.228099340E-3,3.272816539E-4,6.731303874E-4
7.891237567E1,1.364719472E-3,-1.329125371E-4,8.920421824E-4
7.892233767E1,1.046234625E-3,2.931063063E-4,1.694133971E-4
7.893230067E1,5.918993847E-4,-8.651025128E-4,-1.634817454E-4
7.894226367E1,-2.813225146E-4,2.010928001E-4,-3.770333715E-4
7.895222567E1,-9.630918503E-4,1.188010210E-4,9.590744739E-4
7.896218867E1,8.214532863E-5,2.284301445E-5,-4.043075605E-4
7.897215167E1,1.766874921E-4,6.225763354E-5,7.341938326E-4
7.898211367E1,1.051555853E-3,1.268072636E-3,2.818133216E-4
7.899207704E1,8.315788582E-4,5.623350153E-4,-1.884668134E-3
7.900203904E1,2.647144720E-4,-5.511264317E-5,4.515913315E-5
7.901200204E1,-1.197627280E-3,1.152897254E-3,-5.833468749E-4
7.902196504E1,6.126929075E-4,-3.229558934E-4,3.702981630E-4
7.903192704E1,-1.667505596E-3,-3.250862937E-4,-1.612654887E-5
7.904189004E1,-1.041062642E-3,-9.933030233E-4,5.170956720E-4
7.905185304E1,3.539011814E-4,-5.381689407E-4,5.714241415E-4
7.906181504E1,-5.558123812E-4,7.795088459E-5,9.959379677E-4
7.907177804E1,-9.829835035E-4,1.559815137E-4,3.333435161E-4
7.908174104E1,-2.343619708E-4,8.236631984E-4,-9.497842984E-5
7.909170304E1,-3.318337258E-4,2.510836348E-4,-6.792759523E-4
7.910166604E1,-8.315150626E-5,-7.750673685E-4,5.413056351E-5
7.911162904E1,-1.593178604E-4,-4.400417674E-4,-2.363370731E-5
7.912159104E1,-1.060467446E-3,-1.785325119E-3,-9.340813849E-4
7.913155404E1,7.246494060E-4,-1.838854747E-3,1.972294413E-4
7.914151604E1,-4.406636581E-4,-7.872781716E-4,-5.143630551E-5
7.915147904E1,7.420462789E-4,7.504310925E-4,9.994470747E-4
7.916144204E1,1.761208172E-3,7.865685038E-4,7.053487934E-6
7.917140404E1,7.436203305E-5,1.044895151E-3,8.033387130E-4
7.918136704E1,-4.101402592E-4,2.382979728E-4,-8.659797604E-4
7.919133004E1,-4.556803033E-4,3.295074217E-3,5.359082716E-4
7.920129204E1,-4.964959808E-4,-6.320956163E-5,1.413860009E-3
7.921125504E1,1.768256072E-3,6.994861178E-5,-1.286428887E-4
7.922121804E1,5.655115237E-4,-4.253762309E-4,4.722262966E-4
7.923118004E1,-2.675252035E-4,-1.190502429E-3,-7.472352008E-4
7.924114304E1,1.996005885E-3,2.310433192E-4,8.809856372E-4
7.925110504E1,-1.800630707E-4,-9.133168496E-4,2.404954284E-4
7.926106804E1,-4.090284929E-4,-1.754309284E-3,6.181759527E-4
7.927103104E1,3.864576574E-4,9.804908186E-4,-5.347322440E-5
7.928099304E1,7.532697637E-4,-1.334126573E-4,1.769178780E-4
7.929095604E1,2.355512697E-4,-1.300143544E-3,-4.089775030E-4
7.930091904E1,6.742901169E-4,9.059999138E-4,9.300216334E-4
7.931088104E1,1.323367469E-4,3.062559990E-4,-1.337127294E-3
7.932084404E1,-1.406910596E-3,-3.204122186E-5,-1.623501303E-4
7.933080704E1,5.680896575E-4,1.729639713E-3,1.359238522E-4
7.934076904E1,6.240565563E-4,-3.981848713E-4,-5.806586705E-4
7.935073204E1,1.055391040E-4,1.241789665E-3,-4.035584279E-4
7.936069404E1,8.591043297E-5,2.109696856E-3,-8.734344738E-5
7.937065704E1,2.464989666E-4,2.992799273E-4,-3.821553546E-4
7.938062004E1,-1.793091651E-4,6.025724579E-4,-5.390767474E-4
7.939058204E1,-3.150384873E-5,-8.192891255E-4,-1.944637042E-4
7.940054504E1,-1.675251406E-4,-9.113098495E-4,-1.777485479E-3
7.941050804E1,-1.537987730E-3,-2.162246965E-4,1.008419786E-4
7.942047004E1,-1.868308522E-3,-1.120217144E-3,1.620827243E-4
7.943043304E1,-9.529800154E-4,7.772851968E-4,-1.051519765E-3
7.944039604E1,-2.985983156E-4,6.893461104E-4,1.002341392E-3
7.945035804E1,-2.477318048E-4,-2.978877164E-4,-9.167325334E-4
7.946032104E1,-1.828209497E-4,8.382926462E-4,-2.023206325E-4
7.947028304E1,9.958941955E-4,-6.482838653E-4,3.851726651E-4
7.948024604E1,-8.458478842E-4,4.473712761E-4,-2.487868769E-4
7.949020904E1,2.215469722E-4,1.381341834E-3,-4.565134295E-4
7.950017104E1,8.679998573E-4,1.027951017E-3,-6.061105523E-5
7.951013404E1,-3.112480044E-4,4.822693300E-4,5.351380678E-4
7.952009704E1,-2.327371156E-3,6.704780972E-4,1.689264318E-4
7.953005904E1,8.942547720E-4,-4.059716593E-4,-6.543175550E-5
7.954002204E1,-2.032709541E-3,1.011376735E-4,-1.248563523E-3
7.954998504E1,3.582763020E-4,1.114470535E-3,-1.197697129E-3
7.955994704E1,6.791043561E-4,-1.953192288E-3,2.927859314E-4
7.956991004E1,-1.603239216E-4,-6.762065459E-4,1.550330664E-3
7.957987204E1,8.112995420E-4,6.770705804E-4,2.121343277E-4
7.958983504E1,9.790787008E-4,1.106162090E-4,-9.396828245E-4
7.959979804E1,4.438344622E-4,4.487949191E-4,-6.563288043E-4
7.960976004E1,-2.714907750E-4,7.555910852E-4,1.020131167E-3
7.961972304E1,8.752355352E-4,1.076268964E-3,-1.054325840E-3
7.962968604E1,1.656340668E-3,1.410495723E-3,2.202630276E-4
7.963964804E1,-4.454532173E-4,7.605599239E-4,9.452217491E-4
7.964961104E1,2.273044083E-5,4.199416144E-4,-4.409535904E-4
7.965957304E1,1.122475020E-3,1.575935166E-4,-5.572179798E-4
7.966953604E1,-3.507856745E-4,2.276346786E-4,4.459948395E-4
7.967949904E1,-2.686625812E-4,-7.596402429E-5,1.237632823E-3
7.968946104E1,-5.019556265E-4,-3.063273616E-4,-1.381562324E-4
7.969942404E1,1.343791140E-3,1.047195401E-3,9.174686857E-4
7.970938704E1,1.597856754E-3,-6.982404739E-4,-1.646356541E-3
7.971934904E1,1.814544667E-4,5.559648853E-4,1.503811218E-4
7.972931204E1,-3.679557703E-4,-3.250087611E-4,1.191410818E-3
7.973927404E1,1.475042664E-4,-1.677203225E-3,-6.582658389E-4
7.974923704E1,-4.192164633E-4,-8.207308128E-4,6.581346970E-4
7.975920004E1,-1.482051797E-3,1.686353935E-4,-1.135871396E-3
7.976916204E1,7.041370263E-4,-4.244504962E-4,2.369880676E-4
7.977912504E1,1.160016051E-3,1.418811735E-3,-2.929272014E-4
7.978908804E1,-2.370781731E-4,1.346107339E-3,2.517240355E-3
7.979905004E1,4.825248616E-4,6.833251100E-4,7.715091342E-4
7.980901304E1,3.781289561E-4,1.680033747E-4,5.378713831E-5
7.981897604E1,1.216201345E-3,1.217192039E-5,1.132435282E-3
7.982893804E1,-7.462820504E-4,1.245215419E-3,-6.185930688E-4
7.983890104E1,-1.861723373E-3,-1.544015016E-3,-5.692675477E-4
7.984886304E1,-1.347999554E-3,-1.985567156E-3,9.990680264E-4
7.985882604E1,-2.132573398E-3,-3.956016153E-4,-1.305532991E-3
7.986878904E1,-9.898352437E-5,5.737890024E-4,-6.263569230E-5
7.987875104E1,6.370573537E-4,1.142282505E-3,-3.387231263E-4
7.988871404E1,2.386484994E-4,-1.488178968E-4,2.126565203E-3
7.989867704E1,3.980443580E-4,1.388987061E-3,1.285322593E-3
7.990863904E1,1.501040533E-4,-6.344828289E-4,-1.282832236E-4
7.991860204E1,9.307543514E-4,4.822004121E-5,3.115712898E-4
7.992856404E1,-8.226709906E-4,-5.937181413E-5,-1.593387802E-3
7.993852704E1,1.859728945E-4,-3.502317704E-4,-9.918978903E-4
7.994849004E1,1.045375015E-3,2.939869883E-4,-1.154883299E-3
7.995845204E1,7.628957974E-4,1.034476678E-3,-9.620047058E-4
7.996841504E1,1.112202881E-4,5.644287448E-4,-3.143239301E-4
7.997837804E1,-1.620440744E-4,-6.267796271E-4,-7.911733701E-4
7.998833904E1,2.014774363E-4,1.929413993E-4,-4.281845177E-4
7.999830204E1,-1.108434517E-3,-3.747052979E-4,-2.412252361E-4
8.000826504E1,-2.410428133E-4,-4.527228884E-5,8.344255039E-4
8.001822704E1,-2.152421512E-4,8.001723327E-4,-7.173839840E-4
8.002819004E1,-4.227024037E-4,3.664405085E-5,-7.008723915E-4
8.003815204E1,-4.639322869E-4,1.323362580E-3,-3.396614920E-5
8.004811504E1,1.342223608E-3,2.011064207E-4,1.008927822E-3
8.005807804E1,1.314302208E-3,7.462662179E-4,3.249799483E-4
8.006804004E1,1.077813562E-3,-2.596096601E-4,1.993716694E-3
8.007800304E1,3.434367245E-4,1.278494950E-3,-8.513549692E-4
8.008796604E1,1.280070515E-3,3.116608830E-3,-5.629346706E-4
8.009792804E1,-1.710711513E-4,-1.512582414E-3,3.817228717E-4
8.010789104E1,-4.728073254E-4,-8.633038960E-4,-2.129904227E-3
8.011785304E1,-5.165566690E-4,-1.334272791E-3,-1.256218413E-3
8.012781604E1,-6.736831274E-4,-5.438465159E-4,-1.392039703E-3
8.013777904E1,-1.743636793E-3,6.564781070E-4,9.889771463E-4
8.014774104E1,-6.211688742E-5,-5.884701386E-5,7.892401190E-4
8.015770404E1,1.626205863E-3,1.523258397E-4,-1.719048247E-3
8.016766704E1,-1.002067700E-3,1.164060785E-3,-3.038445138E-4
8.017762904E1,-8.098597173E-4,-1.751890639E-3,7.938219351E-4
8.018759204E1,-8.953472134E-4,-3.968742676E-4,7.689889753E-5
8.019755404E1,-1.227431698E-3,8.054163773E-4,-4.346400965E-4
8.020751704E1,1.156363636E-3,2.208525548E-4,5.944053410E-4
8.021748004E1,-7.732538506E-4,3.032662207E-4,7.511667209E-4
8.022744204E1,-2.286373638E-4,9.450881043E-4,7.655477384E-4
8.023740504E1,1.224664738E-4,-8.050131146E-4,8.249102393E-4
8.024736804E1,-1.174492994E-3,-5.027442239E-4,-6.528779049E-4
8.025733004E1,-9.078020230E-5,-1.790181268E-4,1.166049624E-3
8.026729304E1,4.700815771E-4,-1.301540527E-3,-1.041710842E-3
8.027725504E1,-3.313103225E-4,6.864221068E-4,4.196506343E-4
8.028721804E1,-9.507616051E-4,3.308901796E-4,-2.295708284E-3
8.029718104E1,9.233677993E-4,-1.312368782E-3,1.399928587E-4
8.030714304E1,1.121240668E-3,1.949804137E-4,3.836720134E-4
8.031710604E1,-2.135520335E-4,1.955390908E-4,7.048484404E-4
8.032706904E1,-1.004244434E-3,4.528005375E-4,1.526966342E-3
8.033703104E1,5.194216501E-4,9.323486593E-4,1.282835728E-3
8.034699404E1,3.023740137E-4,1.039674040E-3,5.025295541E-4
8.035695604E1,-8.790593129E-4,7.980579976E-4,7.693749503E-4
8.036691904E1,-9.049731307E-5,-5.655037239E-5,-5.430307938E-4
8.037688204E1,8.107546018E-4,-5.312326830E-4,1.672716462E-3
8.038684404E1,-6.310807075E-4,-2.185774501E-4,1.954479143E-3
8.039680704E1,2.290367847E-4,-4.929373972E-4,6.253384054E-4
8.040677004E1,2.511632163E-3,1.843719976E-3,5.667489022E-4
8.041673204E1,-5.708538229E-4,-1.276945462E-3,-5.370510044E-4
8.042669504E1,5.978287663E-5,5.995179527E-4,-8.957788232E-4
8.043665704E1,-3.357260721E-4,-6.963200867E-4,6.672652671E-5
8.044662004E1,-1.293312525E-4,1.105041942E-3,-5.900089745E-4
8.045658304E1,1.037875423E-3,4.332124954E-4,-2.027687849E-3
8.046654504E1,2.758277580E-3,-3.378037363E-3,3.419929417E-4
8.047650804E1,-1.611091429E-4,4.035993014E-3,-2.032442484E-3
8.048647104E1,-1.019446063E-3,2.454075497E-3,-4.670365015E-4
8.049643304E1,2.895077923E-4,-1.990904333E-3,3.423579037E-4
8.050639604E1,-1.263115089E-3,3.667780664E-3,3.532769624E-4
8.051635804E1,4.114432959E-4,-1.230002381E-3,9.992661653E-4
8.052632104E1,3.986600786E-4,-2.976295073E-4,4.991245223E-4
8.053628404E1,-6.761525292E-4,1.198443118E-3,5.153880338E-4
8.054624604E1,1.712436671E-3,-1.135018654E-3,5.172523088E-4
8.055620904E1,2.909258474E-4,7.667784812E-4,4.421861377E-6
8.056617204E1,1.406790339E-3,-2.678552875E-3,-1.241404796E-3
8.057613404E1,6.215772592E-4,4.343863577E-3,-1.419064589E-3
8.058609704E1,2.384323627E-3,-3.646684578E-3,-7.394258282E-4
8.059605904E1,-1.984595787E-3,4.086898174E-3,-9.289418813E-5
8.060602204E1,1.110530226E-3,-3.886872670E-3,-1.193578588E-3
8.061598504E1,8.923162241E-4,-2.311997814E-3,-1.201147097E-4
8.062594704E1,-3.273400245E-3,4.978672136E-3,6.593925063E-4
8.063591004E1,2.577397507E-3,-6.095413119E-3,4.639847903E-4
8.064587304E1,-2.549453638E-3,2.121770289E-3,-9.181958158E-4
8.065583504E1,7.470502751E-4,2.003455302E-3,-8.688262897E-4
8.066579804E1,2.037884435E-3,1.000508782E-3,2.771319705E-4
8.067576004E1,-9.845931781E-4,1.702728216E-3,-6.503722398E-5
8.068572304E1,1.291078050E-3,4.172204062E-4,8.580143913E-4
8.069568604E1,7.531929296E-4,-7.131493185E-4,1.716105966E-3
8.070564804E1,-2.468239982E-4,7.771555101E-4,1.369362464E-3
8.071561104E1,2.205814235E-4,8.796467446E-4,3.986415686E-5
8.072557404E1,3.587994725E-4,-1.684711082E-3,1.615706715E-4
8.073553604E1,3.612134606E-5,-6.354290526E-4,-1.465249341E-3
8.074549904E1,-1.681617578E-3,-2.141168807E-4,3.880443983E-4
8.075546104E1,3.515742719E-7,2.434842754E-4,-2.205069177E-3
8.076542404E1,1.052800799E-4,-5.212659016E-5,-2.118250122E-3
8.077538704E1,8.629494114E-4,6.318825763E-5,-2.482570708E-3
8.078534904E1,1.907174941E-3,1.790358219E-4,-8.660318563E-4
8.079531204E1,1.974670216E-3,-2.998606069E-3,-3.989010118E-3
8.080527504E1,-8.791732835E-4,-2.246795921E-3,-2.900043502E-3
8.081523704E1,5.684947828E-4,-1.505899942E-3,-3.079866525E-3
8.082520004E1,8.446646389E-4,-9.498319123E-4,-8.324247319E-4
8.083516204E1,2.386396984E-3,6.855838001E-4,-1.844282495E-3
8.084512504E1,3.544339444E-3,1.838442404E-4,-1.509789610E-3
8.085508804E1,7.709243800E-4,7.097934140E-4,-2.172832610E-3
8.086505004E1,-3.662455129E-4,1.128175994E-3,-5.871865433E-4
8.087501304E1,7.396832807E-4,-2.647740999E-3,8.394405595E-4
8.088497504E1,-2.481143922E-3,1.719576772E-3,8.074825746E-4
8.089493804E1,3.358597169E-4,1.072331099E-3,1.671091304E-4
8.090490104E1,4.839315079E-4,7.748559583E-4,-8.190593799E-4
8.091486304E1,5.215252750E-4,2.263842151E-3,1.354455249E-3
8.092482604E1,1.441913773E-3,7.354541449E-4,-1.202445826E-3
8.093478904E1,9.845362511E-4,8.972965879E-4,-5.932598142E-4
8.094475104E1,1.970438519E-3,-3.029902000E-4,-2.080901526E-3
8.095471404E1,2.909725299E-4,1.900713076E-3,-3.190558054E-4
8.096467604E1,4.795243731E-4,-7.908092812E-5,-1.655962667E-3
8.097463904E1,8.435121272E-4,-3.079618327E-3,6.811256753E-5
8.098460204E1,-5.256190198E-4,2.090642462E-3,-2.600641223E-3
8.099456417E1,-7.623943966E-4,-2.404813422E-3,-3.018129850E-3
8.100452717E1,1.686466858E-4,-1.716652885E-3,-6.156922900E-4
8.101449017E1,-1.892906614E-3,-6.737345830E-4,-1.334778499E-4
8.102445217E1,1.747715287E-4,-1.054566586E-3,-4.079984501E-5
8.103441517E1,-2.244653180E-3,-1.252093352E-4,6.445360486E-4
8.104437717E1,-1.626267331E-3,-1.055984292E-3,1.746552065E-3
8.105434017E1,-7.335494738E-4,-2.237737644E-4,1.395957312E-3
8.106430317E1,2.456948860E-4,1.193827018E-3,1.573590096E-3
8.107426517E1,7.052732399E-4,2.562538721E-3,1.046568854E-3
8.108422817E1,1.901032636E-3,3.132987767E-3,8.684033528E-4
8.109419117E1,9.179119952E-4,3.163340734E-3,1.022346318E-3
8.110415317E1,-1.539919525E-3,-2.510980703E-4,1.122481422E-3
8.111411617E1,-1.266208012E-3,-1.490079565E-3,1.498345286E-3
8.112407817E1,-2.773290966E-3,-8.431975730E-4,1.081294380E-3
8.113404117E1,-2.155139809E-3,-1.412664540E-3,9.239466162E-4
8.114400417E1,-2.053939505E-3,-5.252992269E-4,-1.365240896E-4
8.115396617E1,-1.748880371E-3,-1.257790253E-3,-5.787572009E-4
8.116392917E1,1.195933437E-4,4.695360549E-4,-1.035755617E-3
8.117389117E1,1.370792743E-3,6.382563151E-4,-5.875510396E-4
8.118385417E1,1.105275704E-3,7.985786069E-4,1.089175115E-3
8.119381717E1,-4.990278976E-4,1.263835235E-3,5.442752736E-4
8.120377917E1,8.985989261E-4,1.244660467E-3,-6.227218546E-4
8.121374217E1,2.825310221E-4,-1.436576247E-3,3.373768996E-4
8.122370517E1,-1.505249063E-3,-4.341623280E-4,7.608194719E-4
8.123366717E1,9.019183926E-5,-4.391097464E-4,1.381413778E-3
8.124363017E1,-8.877716027E-6,-1.563762547E-3,-3.768050810E-4
8.125359217E1,-5.728470860E-4,5.407646531E-4,6.065835478E-4
8.126355517E1,-1.840254990E-4,-1.070181606E-3,6.031213561E-4
8.127351817E1,-1.129299053E-3,9.541946929E-5,5.559568526E-4
8.128348017E1,-2.288842807E-4,1.079191221E-3,1.994330203E-3
8.129344317E1,1.187556190E-3,-4.476192407E-5,8.052311605E-4
8.130340517E1,2.526060911E-3,1.980572008E-3,6.979057798E-4
8.131336817E1,5.984241143E-4,1.483867760E-3,4.095689510E-4
8.132333117E1,5.379703362E-4,-2.431923058E-4,-1.042386517E-3
8.133329317E1,-4.715542309E-5,-2.664747881E-3,-1.720654778E-3
8.134325617E1,-9.920450393E-4,-4.252791405E-3,-2.386444947E-3
8.135321917E1,-1.649954356E-5,-2.062154934E-3,-7.336420822E-4
8.136318117E1,1.625605510E-3,-3.120228648E-3,-1.395437634E-3
8.137314417E1,1.924914191E-3,-2.758672927E-4,-1.800101018E-3
8.138310617E1,1.911598374E-3,-9.014436509E-4,-1.356418361E-3
8.139306917E1,-7.604516577E-5,-2.328634728E-4,9.342175908E-4
8.140303217E1,4.936049227E-4,-7.532450836E-4,2.955915406E-4
8.141299417E1,-1.802421175E-4,4.321385641E-4,6.295826170E-4
8.142295717E1,1.156931161E-3,1.635354711E-3,8.444997366E-4
8.143291917E1,2.616487909E-3,1.929913298E-3,-1.853028312E-3
8.144288217E1,6.068664370E-4,1.191684976E-3,-1.686048112E-3
8.145284517E1,-8.563827723E-4,1.711569726E-3,-1.570699038E-3
8.146280717E1,-2.108325716E-4,-8.463964332E-4,1.877861796E-4
8.147277017E1,-1.982848626E-4,1.537185162E-4,-7.435414009E-4
8.148273317E1,2.626530128E-3,7.001991617E-4,-1.342752716E-3
8.149269517E1,1.224555890E-3,-2.034594305E-3,-2.083230531E-3
8.150265817E1,-2.335024998E-3,9.220469510E-4,-2.118384233E-3
8.151262017E1,-3.034453839E-4,-1.882696524E-3,-4.684740270E-4
8.152258317E1,-1.152727287E-3,2.816544147E-4,8.362086373E-4
8.153254617E1,-1.326881349E-3,1.115880441E-3,-7.229745970E-4
8.154250817E1,6.814084481E-4,4.564817064E-4,-3.503983608E-4
8.155247117E1,5.805338733E-4,1.110707410E-3,2.751003485E-4
8.156243317E1,-1.732421573E-3,-4.043648951E-4,1.166460337E-3
8.157239617E1,-2.655524295E-4,-1.119157299E-3,5.035995273E-4
8.158235917E1,1.989878714E-3,1.297661336E-3,8.356957696E-4
8.159232117E1,-9.996704757E-4,6.120349281E-4,-2.373811440E-4
8.160228417E1,1.218476566E-3,-1.458839048E-3,-1.442195149E-3
8.161224717E1,1.039945986E-3,-2.695922740E-5,1.447878894E-4
8.162220917E1,-2.048154129E-4,1.352291903E-3,-8.102217107E-4
8.163217217E1,-7.699070266E-4,-1.803369960E-3,1.421552268E-3
8.164213417E1,-1.596019720E-3,-1.029721694E-3,2.899751998E-4
8.165209717E1,-1.912136911E-3,-1.916249748E-4,-5.976564134E-4
8.166206017E1,-2.126255073E-3,-3.240944119E-3,7.224725559E-4
8.167202217E1,-2.456369810E-3,6.256707711E-4,1.176105347E-3
8.168198517E1,-1.482082298E-4,-3.319536336E-5,-4.167313164E-4
8.169194717E1,1.490140334E-3,2.055333462E-3,9.571482660E-4
8.170191017E1,2.797335619E-4,1.144218259E-4,5.190583179E-4
8.171187317E1,-1.071380684E-4,4.770747386E-3,6.163151702E-4
8.172183517E1,2.569159260E-4,1.172017888E-3,1.348151825E-3
8.173179817E1,6.069766823E-4,8.932437049E-4,2.654192504E-3
8.174176117E1,-4.247318720E-4,-1.064712415E-3,2.539410256E-3
8.175172317E1,-2.467734274E-3,-1.015825896E-3,5.371803418E-4
8.176168617E1,-1.284758211E-3,-2.589556389E-4,2.394389594E-4
8.177164817E1,-1.215009834E-3,-2.072736155E-3,-1.016903436E-3
8.178161117E1,-2.897062339E-3,5.046710139E-4,-5.708239623E-4
8.179157417E1,-3.006377956E-4,-9.920001030E-4,-5.264070351E-4
8.180153617E1,-4.284398165E-5,2.497273497E-3,-7.687547477E-4
8.181149917E1,1.277816016E-3,2.393656876E-3,1.110509736E-3
8.182146117E1,3.520463826E-3,-1.619194169E-3,8.511178312E-4
8.183142417E1,5.094454391E-4,5.250869319E-3,-6.107211811E-4
8.184138717E1,1.511859242E-3,6.103110500E-4,1.125934068E-4
8.185134917E1,1.628190628E-3,-2.045324538E-3,-1.752593787E-3
8.186131217E1,8.169917855E-4,4.380733008E-4,-6.905252230E-4
8.187127517E1,-1.176183578E-3,-5.017791409E-4,-1.027494902E-3
8.188123717E1,9.213220328E-4,-2.004334703E-3,4.380426835E-4
8.189120017E1,-1.284624101E-3,-4.212015774E-4,-5.224721972E-4
8.190116217E1,8.786616381E-4,1.979105640E-3,-8.497747476E-4
8.191112517E1,1.442277804E-3,-4.710046574E-3,-9.618757758E-4
8.192108817E1,1.140009030E-3,3.563063685E-3,1.210731221E-3
8.193105017E1,-1.225292566E-3,4.235795699E-3,-6.966965739E-4
8.194101317E1,1.424818998E-3,-2.214646898E-3,2.061805688E-3
8.195097517E1,8.214653935E-4,3.041164251E-3,2.375668846E-4
8.196093817E1,-1.052334788E-3,-5.609192885E-5,-8.918797830E-4
8.197090117E1,-8.415977936E-5,-1.941636205E-3,3.740171669E-4
8.198086317E1,-4.823025083E-4,-2.077457495E-3,9.271557210E-4
8.199082792E1,-2.030539326E-5,1.220109407E-3,8.915016078E-4
8.200078992E1,8.982188301E-4,-1.596982358E-3,-4.248989280E-4
8.201075292E1,5.009435117E-4,1.936201821E-3,2.068796312E-4
8.202071592E1,7.171921898E-4,5.814518081E-4,1.097174361E-3
8.203067792E1,1.269106288E-4,-3.979559988E-4,4.182122648E-4
8.204064092E1,-1.512797666E-3,3.560566576E-3,3.785311710E-4
8.205060392E1,6.757146912E-4,-1.665099524E-3,7.963613607E-4
8.206056592E1,5.340345670E-4,-1.733809244E-3,-6.144284271E-5
8.207052892E1,-7.133097388E-4,-4.453838337E-4,-1.642584568E-3
8.208049092E1,-9.012990631E-5,-2.312792465E-3,1.116716536E-3
8.209045392E1,-8.773908485E-4,1.596762915E-3,3.141628113E-4
8.210041692E1,1.017980860E-3,-1.125363633E-5,5.879357923E-4
8.211037892E1,-4.748688079E-4,4.351789830E-4,-2.278457396E-5
8.212034192E1,-1.980620204E-3,1.931342878E-3,1.354602398E-3
8.213030392E1,6.790141342E-4,-1.102446113E-3,1.498241909E-3
8.214026692E1,-1.286931452E-3,2.576444764E-3,2.817687346E-5
8.215022992E1,-2.416245406E-4,-1.461063512E-4,-4.667958710E-4
8.216019192E1,-1.585455728E-3,1.458714483E-3,-4.947854904E-5
8.217015492E1,1.334453700E-4,1.128925709E-3,6.811727071E-4
8.218011692E1,1.137457089E-3,-4.890084732E-3,-2.261662739E-4
8.219007992E1,-2.940684557E-3,2.529606689E-3,-7.945982506E-4
8.220004292E1,1.306791324E-3,-2.178062918E-3,-8.553183288E-4
8.221000492E1,1.719533000E-3,-6.805583835E-4,-1.126212301E-4
8.221996792E1,-6.139287725E-4,9.466331685E-4,1.030947897E-4
8.222992992E1,-1.197801903E-4,-1.135742525E-3,3.408855991E-4
8.223989292E1,5.880880635E-4,1.804387430E-3,-2.321742941E-3
8.224985592E1,-1.312560285E-3,2.227205550E-4,-1.098495908E-3
8.225981792E1,-5.745984381E-4,3.726566210E-4,2.525267191E-3
8.226978092E1,7.004323415E-4,8.168787463E-4,-6.796914386E-4
8.227974392E1,6.583543727E-4,-1.158654224E-3,4.292488447E-4
8.228970592E1,-2.369160764E-3,7.240273990E-4,4.069389543E-4
8.229966892E1,-8.756601019E-4,1.136539504E-5,2.841672394E-4
8.230963092E1,4.404195352E-4,-9.735277854E-4,-3.921735333E-5
8.231959392E1,-1.274389913E-3,2.671540715E-3,-2.842281829E-4
8.232955692E1,7.108746795E-4,-9.947889484E-4,-1.010459033E-3
8.233951892E1,2.735836897E-4,1.200188417E-3,1.717181876E-4
8.234948192E1,-3.908923827E-5,-3.053659108E-3,-7.555479533E-4
8.235944392E1,-6.622688379E-4,-6.661349908E-4,1.266323961E-3
8.236940692E1,-5.865559215E-4,1.446146052E-3,1.379698049E-3
8.237936992E1,-5.093243672E-4,-7.333848625E-4,4.419991164E-4
8.238933192E1,-7.991238963E-4,1.959267771E-3,1.261447323E-5
8.239929492E1,-5.565099418E-4,-1.326540252E-3,1.559911063E-3
8.240925692E1,2.861222019E-4,5.122506991E-5,5.822160165E-4
8.241921992E1,-1.114434097E-3,-5.482526030E-4,-4.558841756E-4
8.242918292E1,9.831681382E-5,6.042552413E-4,-9.005986503E-4
8.243914492E1,5.393363535E-4,1.441819360E-3,4.077155609E-6
8.244910792E1,1.700740657E-3,2.998133423E-4,1.430846984E-3
8.245906992E1,1.294874819E-3,2.353376709E-3,3.967413795E-4
8.246903292E1,9.358644020E-4,-3.013189416E-4,-1.503340201E-3
8.247899592E1,-5.104982993E-4,-1.108789351E-3,2.138660639E-4
8.248895792E1,-1.684933668E-4,2.394896001E-6,3.804041771E-4
8.249892092E1,-4.388043890E-4,-1.556885894E-3,-3.291846951E-5
8.250888292E1,2.888648305E-4,1.574350870E-3,-5.986767355E-4
8.251884592E1,7.147042779E-4,-1.195603050E-3,-6.812346983E-4
8.252880892E1,1.018718467E-3,-1.357274596E-4,2.053050557E-4
8.253877092E1,-1.893714420E-3,9.843981825E-4,-1.288994681E-3
8.254873392E1,2.906059381E-4,-4.717849661E-4,-9.535712888E-4
8.255869692E1,-7.189984899E-4,1.152743353E-3,-9.122923366E-4
8.256865892E1,-1.317917136E-3,1.055091969E-3,-1.079924055E-3
8.257862192E1,-1.234826399E-3,3.661322407E-4,4.037229228E-4
8.258858392E1,6.902535679E-4,-1.706511481E-3,-2.791233128E-4
8.259854692E1,-1.012377907E-4,-6.849230267E-4,-2.152074594E-4
8.260850992E1,-5.329304840E-4,-2.397042699E-4,-6.220423384E-4
8.261847192E1,1.622099313E-3,1.401601825E-3,4.557389184E-4
8.262843492E1,-8.485543076E-4,2.122294856E-3,-7.861584891E-5
8.263839692E1,1.557237701E-4,1.310563413E-3,1.325728372E-4
8.264835992E1,-3.856355324E-4,-7.321743760E-4,-9.227335686E-4
8.265832292E1,-1.068026759E-4,4.449427361E-4,-2.090063645E-4
8.266828492E1,-9.055738337E-5,-1.217778772E-4,2.104481682E-3
8.267824792E1,-1.804035157E-3,-2.051237971E-3,1.266917447E-3
8.268820992E1,-5.337723996E-4,-7.107602432E-4,6.868279888E-4
8.269817292E1,-8.656021673E-4,-2.058852697E-3,-1.613876782E-3
8.270813592E1,-6.437456468E-4,7.902662037E-4,2.555694664E-5
8.271809792E1,-8.117911639E-4,-2.338149119E-3,-1.156087616E-3
8.272806092E1,1.447953982E-4,1.457882347E-3,1.266407198E-4
8.273802292E1,7.567898137E-4,-6.255086046E-4,-3.623156808E-4
8.274798592E1,4.047179827E-4,4.931760486E-5,1.334892120E-3
8.275794892E1,-4.530863371E-4,1.645083772E-3,5.082468851E-4
8.276791092E1,5.394263426E-4,-3.455812111E-4,-4.649240000E-4
8.277787392E1,-1.106513664E-4,1.969504636E-3,7.303027087E-4
8.278783592E1,-4.131265450E-4,-8.482341655E-4,2.628400107E-4
8.279779892E1,-5.912920460E-4,1.749523217E-4,-4.551481688E-4
8.280776192E1,-8.929662872E-4,1.148510142E-3,7.417807356E-4
8.281772392E1,-3.251803573E-4,1.941333176E-3,5.750667769E-4
8.282768692E1,-4.072356969E-4,-6.256310735E-4,2.224934055E-3
8.283764892E1,1.567439176E-5,3.703869879E-3,2.108021174E-3
8.284761192E1,-8.262158372E-4,3.441027366E-4,9.077145369E-4
8.285757492E1,2.221239265E-3,-2.642366104E-3,4.429929540E-4
8.286753692E1,-3.283887636E-4,4.915511236E-4,1.594920876E-3
8.287749992E1,5.568459164E-4,-1.910087420E-3,1.233796123E-3
8.288746292E1,1.252198126E-5,-1.804959029E-3,6.900575245E-4
8.289742492E1,-7.616134826E-5,-1.443834510E-3,3.787339665E-4
8.290738792E1,-7.324512117E-4,-9.645009413E-6,8.343422087E-5
8.291734992E1,1.462526154E-3,-5.033952184E-4,-9.906186024E-4
8.292731292E1,-2.538487781E-3,5.282360129E-3,8.097888785E-4
8.293727592E1,7.515815087E-4,-1.107584033E-2,4.047219991E-4
8.294723792E1,5.289133405E-4,3.118352732E-3,3.643613309E-3
8.295720092E1,6.961598992E-4,-4.682045896E-3,-1.364194788E-3
8.296716292E1,3.383494914E-6,7.602242753E-3,-1.239792444E-3
8.297712592E1,3.937671427E-3,-1.172964368E-2,-6.744032726E-4
8.298708892E1,-3.808429930E-3,7.415857166E-3,-1.157377730E-3
8.299704992E1,9.556533769E-7,1.308695879E-3,-9.022468585E-4
8.300701292E1,2.710543107E-3,-7.896177471E-3,1.314269379E-3
8.301697492E1,-1.865833066E-3,5.414300598E-3,-8.636636194E-4
8.302693792E1,2.494739601E-3,-2.606417285E-3,5.664864439E-4
8.303690092E1,1.437464729E-3,-7.534888573E-5,-7.688225014E-4
8.304686292E1,-7.444759831E-5,2.424048493E-3,-6.607320393E-5
8.305682592E1,1.907743281E-3,-4.326798953E-3,9.826908354E-6
8.306678792E1,7.319013821E-4,1.744275098E-3,-1.534280251E-3
8.307675092E1,1.603021286E-3,4.191453569E-3,1.209840993E-3
8.308671392E1,6.046919152E-4,-2.404840197E-4,-7.176056388E-4
8.309667592E1,2.097393619E-3,1.537708566E-3,5.026548170E-4
8.310663892E1,8.269806858E-4,-2.339110710E-3,-7.861002814E-4
8.311660092E1,-6.540031172E-4,7.597436197E-4,-1.762364409E-4
8.312656392E1,-7.605641149E-4,6.822637515E-4,8.026825963E-4
8.313652692E1,1.491716830E-4,-3.940184601E-3,-4.716399999E-4
8.314648892E1,-1.965435455E-3,-6.089219823E-5,-9.392974316E-4
8.315645192E1,-7.092221640E-4,1.323951641E-3,-1.890893327E-5
8.316641392E1,-2.990942448E-5,-1.408869866E-3,7.569477311E-4
8.317637692E1,-1.127398107E-3,1.397835556E-3,-6.729034940E-4
8.318633992E1,9.306651773E-4,2.638390288E-5,7.332004025E-4
8.319630192E1,8.845925331E-4,3.706073388E-3,6.501324242E-5
8.320626492E1,3.993364517E-4,1.231542206E-3,-1.422258210E-4
8.321622692E1,1.442496665E-3,-2.028699499E-3,-1.811080147E-4
8.322618992E1,-2.408678411E-3,3.649045248E-3,1.104080933E-3
8.323615292E1,2.065708395E-5,-4.063203000E-3,4.065990215E-4
8.324611492E1,-5.213399418E-3,9.805951267E-4,1.350670937E-4
8.325607792E1,-2.703636652E-3,-1.405064482E-3,-4.436378658E-4
8.326603992E1,-9.506838396E-4,-7.977120113E-4,5.448495504E-4
8.327600292E1,-2.011154545E-3,2.669723704E-3,-8.019432425E-5
8.328596592E1,-2.022516448E-3,9.792436613E-4,-7.871328853E-5
8.329592792E1,2.072359901E-3,-1.345163211E-3,-6.478308351E-4
8.330589092E1,-6.377061363E-4,5.556991324E-3,-1.161405817E-4
8.331585292E1,-1.673941966E-3,1.242670231E-3,3.912165994E-5
8.332581592E1,-4.639481194E-4,-3.732987680E-4,1.338055939E-3
8.333577892E1,-3.219254315E-3,5.990590900E-3,-4.979274236E-4
8.334574092E1,-3.597491886E-3,2.900242805E-3,7.519523497E-4
8.335570392E1,-6.494478788E-3,-8.281825576E-4,4.499499337E-4
8.336566592E1,-7.965905592E-3,6.696366472E-4,-1.276272116E-3
8.337562892E1,-7.044717669E-3,4.355448764E-4,-3.124435898E-5
8.338559192E1,-2.370985923E-3,-2.479838673E-3,3.540626494E-5
8.339555392E1,-9.366073646E-4,1.441665925E-3,3.254244803E-4
8.340551692E1,1.139330445E-3,-2.142707817E-4,5.582830636E-5
8.341547892E1,4.297040403E-3,-2.257181564E-3,-1.858185511E-3
8.342544192E1,1.238404308E-3,3.193017095E-3,-2.135855611E-4
8.343540492E1,4.850397818E-5,1.174340956E-3,1.376055181E-3
8.344536692E1,4.845756339E-4,-3.338267561E-4,1.497325720E-3
8.345532992E1,5.077450769E-4,2.452905057E-3,-1.052118256E-3
8.346529192E1,1.331606996E-3,-1.471299678E-3,4.170436878E-4
8.347525492E1,-4.178518429E-5,-6.088963710E-5,3.933416447E-4
8.348521792E1,-2.342223888E-3,8.232798427E-4,6.439611316E-4
8.349517992E1,-4.878647160E-4,-5.128086079E-3,8.122728905E-4
8.350514292E1,-8.385991678E-4,9.753633058E-4,-1.742581837E-3
8.351510492E1,-1.261242898E-3,-5.309206899E-4,-1.153490506E-3
8.352506792E1,7.673491491E-4,-4.345993511E-3,-8.939944091E-4
8.353503092E1,-3.080023453E-5,2.269198885E-4,-2.380578662E-4
8.354499292E1,1.743069151E-3,-1.155698206E-3,-1.177192666E-3
8.355495592E1,2.344677225E-3,1.799345249E-3,-2.876968938E-4
8.356491792E1,6.600131746E-4,3.736115526E-3,1.068475423E-3
8.357488092E1,2.796400804E-3,3.818640253E-4,-7.648447063E-4
8.358484292E1,2.971491776E-4,2.576893894E-3,6.423958694E-4
8.359480592E1,9.291172028E-4,-2.503178548E-4,1.326561905E-3
8.360476892E1,-6.682418752E-4,-4.321737215E-4,-9.570503607E-5
8.361473092E1,-2.040302381E-3,-1.997047104E-3,6.289410521E-4
8.362469392E1,-6.182692014E-4,-1.411817037E-3,5.511956988E-4
8.363465592E1,-1.264884602E-3,-3.188557457E-4,6.816906389E-4
8.364461892E1,-8.187424392E-4,-1.147994539E-3,8.450460155E-4
8.365458192E1,2.643367043E-3,-2.138690557E-3,3.523612395E-4
8.366454392E1,2.196215093E-3,1.955885906E-3,-1.164673129E-3
8.367450692E1,3.545638639E-3,1.866137376E-3,-9.958287701E-4
8.368446892E1,4.966531880E-3,1.178638311E-3,-1.237929100E-3
8.369443192E1,2.475144807E-3,-1.343002077E-4,-9.321982507E-4
8.370439492E1,-4.976848140E-4,-9.672034066E-4,2.771494328E-4
8.371435692E1,2.250971738E-4,3.076517023E-4,2.664968488E-4
8.372431992E1,9.600399062E-4,-7.981874514E-4,-2.035156358E-3
8.373428192E1,1.168032875E-3,1.084134798E-3,-8.204886108E-4
8.374424492E1,5.821281811E-4,1.307543134E-3,-2.107425826E-3
8.375420792E1,2.758647315E-4,-1.253352500E-3,-2.031791955E-3
8.376416992E1,1.563338214E-3,-5.807597190E-4,-3.197490587E-4
8.377413292E1,1.250683097E-3,-3.092387225E-3,-1.817973098E-4
8.378409492E1,-2.924511209E-3,-1.063339645E-3,-4.589354794E-4
8.379405792E1,-1.286400715E-3,-5.371801555E-3,-7.553453324E-4
8.380402092E1,-2.522096969E-3,2.284595510E-3,-1.343335025E-4
8.381398292E1,7.816294208E-3,-7.135271560E-3,1.527745277E-3
8.382394592E1,7.470545359E-3,7.299367338E-3,3.334771609E-4
8.383390792E1,1.329828403E-3,1.380440407E-2,2.864012960E-3
8.384387092E1,4.044100177E-3,-4.101002589E-3,3.198642284E-3
8.385383392E1,-5.723309238E-3,-9.134649299E-4,1.747485949E-3
8.386379592E1,-8.637224324E-3,4.679366248E-4,1.497343648E-3
8.387375892E1,-2.054155571E-3,-1.150643453E-2,1.110919053E-3
8.388372092E1,-1.653148094E-3,6.163702346E-5,1.996315783E-3
8.389368392E1,4.479579162E-3,1.489890274E-3,1.225596992E-3
8.390364692E1,7.234237157E-3,5.492067430E-3,1.055307221E-4
8.391360892E1,4.391046241E-3,4.712560214E-3,1.040832954E-3
8.392357192E1,1.072979067E-3,2.069948474E-3,2.123264829E-3
8.393353392E1,1.809875714E-3,-1.103200484E-2,-1.163342269E-3
8.394349692E1,-1.845071558E-3,1.302497461E-3,-1.619587187E-3
8.395345992E1,8.622979512E-4,-1.435232116E-3,-9.444758180E-4
8.396342192E1,1.401110785E-3,-2.146425657E-3,1.474266755E-4
8.397338492E1,-1.286817715E-3,-1.751540694E-4,7.303925813E-4
8.398334692E1,-6.429259665E-4,1.051080762E-3,1.054299995E-3
8.399330929E1,-1.408851007E-3,7.955962792E-5,1.626879675E-3
8.400327229E1,-2.120674821E-3,2.686501481E-3,1.130775316E-3
8.401323429E1,1.537177013E-3,-3.178105690E-4,4.713516682E-5
8.402319729E1,2.989480272E-3,1.923035248E-3,6.751602632E-4
8.403315929E1,3.586560953E-3,3.797335085E-4,-1.916095382E-3
8.404312229E1,3.837460885E-3,5.329960026E-3,9.508489165E-5
8.405308429E1,3.229461145E-3,-7.740054280E-4,-7.691109204E-4
8.406304729E1,-9.667724371E-4,-3.381230868E-3,-1.216509147E-3
8.407301029E1,-4.713307135E-3,-1.168942777E-3,9.606250678E-4
8.408297229E1,-1.357924193E-3,-4.660982639E-3,4.139820230E-4
8.409293529E1,-4.047716968E-3,7.380439201E-4,-4.193210625E-4
8.410289729E1,-3.389434889E-3,-3.643585369E-4,-3.299294622E-4
8.411286029E1,2.931311727E-3,-3.338310635E-3,1.069828053E-3
8.412282329E1,4.524413962E-4,6.778771989E-3,1.208830858E-3
8.413278529E1,5.240804749E-4,5.224551074E-3,2.442339319E-4
8.414274829E1,2.577604726E-3,-1.014942070E-3,7.935676258E-4
8.415271029E1,2.895959187E-5,5.132432561E-3,8.500266122E-4
8.416267329E1,3.124502487E-3,1.008668914E-5,-8.117358666E-4
8.417263629E1,1.406497206E-3,-1.885018777E-3,1.185634872E-3
8.418259829E1,-1.223485917E-3,1.937411609E-3,-5.723304348E-4
8.419256129E1,-2.479699906E-4,-4.472550936E-3,-5.434558261E-5
8.420252329E1,9.257912170E-4,-6.016925909E-3,-1.386628021E-3
8.421248629E1,4.578738008E-4,-1.961198170E-3,-2.345099812E-3
8.422244929E1,-1.452084864E-3,-4.275995307E-4,-2.253014245E-4
8.423241129E1,1.492306124E-3,-4.078526981E-3,-4.609911703E-4
8.424237429E1,-2.076754346E-3,-1.233460149E-3,-2.529853373E-4
8.425233629E1,-6.793937646E-4,1.596414833E-3,1.322540687E-3
8.426229929E1,3.190626157E-4,3.409181489E-3,4.568720469E-4
8.427226229E1,5.150712095E-4,3.436878324E-3,-2.462742850E-5
8.428222429E1,1.166842878E-3,-4.355176352E-4,2.907350427E-4
8.429218729E1,7.756246487E-4,4.349916242E-3,-9.396453388E-4
8.430214929E1,-1.518191770E-3,2.017830731E-3,-1.267640386E-3
8.431211229E1,1.224864274E-3,-5.067775492E-3,-1.062843367E-3
8.432207529E1,-1.107376069E-3,4.193932982E-4,-4.071859294E-4
8.433203729E1,5.863944534E-4,-2.249892801E-3,9.428727208E-5
8.434200029E1,-5.752723664E-4,5.512362113E-4,2.294916776E-4
8.435196229E1,8.234197740E-4,-1.539877849E-3,-1.430845587E-4
8.436192529E1,-5.314850714E-4,-1.910318853E-3,2.707834356E-4
8.437188729E1,-1.046007732E-3,-1.347060082E-3,3.440203145E-4
8.438185029E1,-8.921325207E-4,-1.308047911E-3,2.046286827E-3
8.439181329E1,-1.075624255E-3,9.495136328E-4,3.405321622E-4
8.440177529E1,-4.005234223E-4,-2.252345439E-4,1.261089230E-3
8.441173829E1,6.695345510E-4,1.179583021E-3,2.259508474E-3
8.442170029E1,4.788476508E-5,3.860426135E-3,4.018496838E-4
8.443166329E1,1.540852827E-3,1.417508582E-3,1.780568156E-3
8.444162629E1,1.290971180E-3,3.729466116E-4,6.635864265E-4
8.445158829E1,-8.768420666E-4,-3.133499995E-4,2.084522275E-4
8.446155129E1,4.892685683E-4,-3.604044905E-3,3.603364457E-4
8.447151329E1,-7.618844975E-4,-2.867680741E-3,-2.716316376E-4
8.448147629E1,-1.779673854E-3,-1.554562477E-3,-4.285002069E-4
8.449143929E1,-1.663027331E-3,-2.783611184E-3,-9.757798398E-4
8.450140129E1,1.807949739E-4,-5.944306031E-5,-5.444192793E-4
8.451136429E1,-2.145210048E-3,1.629001112E-3,-1.047224039E-3
8.452132629E1,-5.142951850E-4,-2.322965302E-4,1.843058853E-4
8.453128929E1,-1.618974376E-3,1.256144140E-3,3.606072278E-4
8.454125229E1,-7.581254467E-4,4.241569899E-3,-1.126307179E-3
8.455121429E1,8.102100110E-4,2.171494998E-3,1.612221473E-3
8.456117729E1,8.186716586E-4,2.116749296E-3,8.706090157E-4
8.457113929E1,1.538257697E-3,1.686470350E-4,-2.868008451E-4
8.458110229E1,3.038755385E-4,-2.188261366E-3,1.183348475E-3
8.459106429E1,1.012276392E-3,2.410742454E-4,-1.253288356E-4
8.460102729E1,-1.604047138E-4,-7.806462236E-5,9.485746268E-4
8.461099029E1,-1.617420232E-3,-1.143861795E-3,1.212227624E-3
8.462095229E1,-9.479732253E-4,-8.970433846E-4,1.756175188E-3
8.463091529E1,-8.305278607E-4,1.164243207E-3,9.777331725E-4
8.464087729E1,4.694808740E-5,-7.108442951E-4,3.283114638E-4
8.465084029E1,-7.778329309E-4,1.283597201E-3,4.303104943E-4
8.466080329E1,1.536835101E-3,6.292812759E-4,4.683222505E-4
8.467076529E1,1.338962233E-3,1.491133589E-4,-5.439453525E-4
8.468072829E1,6.459598662E-4,8.193280082E-4,-2.144674654E-4
8.469069029E1,2.481942996E-3,-1.764737070E-3,1.322760945E-4
8.470065329E1,-6.747030420E-4,-4.704536404E-4,1.764861518E-4
8.471061629E1,1.560754259E-3,-3.188209375E-3,-5.713294959E-4
8.472057829E1,2.561080037E-4,-1.225504791E-3,3.779641120E-4
8.473054129E1,-7.657468086E-4,-6.223609671E-5,3.984704381E-4
8.474050329E1,2.248584060E-4,4.259182140E-3,2.491840278E-4
8.475046629E1,2.897873288E-3,-6.275484338E-3,1.555198105E-3
8.476042829E1,3.449915908E-3,1.093232259E-2,-2.650334500E-4
8.477039129E1,1.547542028E-2,-1.293918770E-2,-7.193686906E-4
8.478035429E1,-7.432106882E-3,4.186300933E-2,-1.901612151E-3
8.479031629E1,1.098897774E-2,-3.755697981E-2,-3.093081759E-4
8.480027929E1,-7.227610797E-3,-1.323109306E-2,-1.388564124E-3
8.481024129E1,-1.697185263E-2,1.592998952E-2,-6.540643517E-4
8.482020429E1,6.350092124E-3,-2.424378693E-2,2.160107950E-3
8.483016729E1,2.153483219E-3,2.114317846E-3,7.201367407E-4
8.484012929E1,4.698556848E-3,1.798808016E-2,2.166752936E-3
8.485009229E1,1.432828140E-2,-9.158370085E-4,2.306302544E-3
8.486005429E1,-2.217091154E-3,1.509175077E-2,2.346074674E-3
8.487001729E1,-1.009880449E-3,2.451590030E-3,1.680284273E-3
8.487997929E1,8.322583744E-4,-8.367293514E-3,5.406786222E-4
8.488994229E1,-2.338501159E-3,1.445656177E-3,4.109827569E-4
8.489990529E1,-4.815525608E-4,5.737020634E-3,-1.046168851E-3
8.490986729E1,2.002377762E-3,-4.903639667E-3,-1.341779716E-3
8.491983029E1,-1.166855334E-3,-8.980585262E-3,-5.335300229E-4
8.492979229E1,-2.599902451E-3,-4.613533616E-3,1.764686895E-4
8.493975529E1,-3.100505564E-3,-9.134248830E-4,-1.002759323E-3
8.494971829E1,2.421559300E-3,-2.829036908E-3,-9.790571639E-4
8.495968029E1,1.615651767E-3,5.007561995E-4,-7.701421273E-4
8.496964329E1,3.485457040E-3,-5.674376152E-4,3.992519341E-4
8.497960529E1,1.584426151E-3,1.501675113E-3,-1.547895954E-4
8.498956829E1,-2.069164533E-3,1.529372064E-3,-6.043311441E-4
8.499953204E1,-1.301671728E-3,-2.616046928E-3,1.151796198E-3
8.500949404E1,-1.372778206E-3,1.443143352E-3,7.603114354E-4
8.501945704E1,-2.309664851E-4,4.965197295E-3,2.044382854E-4
8.502941904E1,5.397523055E-4,6.150570698E-3,1.078221481E-3
8.503938204E1,2.414495917E-3,2.948351670E-3,1.518065343E-3
8.504934404E1,9.873078670E-4,-3.728766460E-4,2.208395163E-4
8.505930704E1,1.722055022E-4,5.856872303E-4,-1.504206797E-3
8.506927004E1,-1.956459135E-3,-3.735832870E-4,-7.952733431E-4
8.507923204E1,-2.136579715E-3,-4.801713862E-3,-1.213538926E-3
8.508919504E1,-1.957349479E-3,-5.471232347E-3,-9.437607951E-4
8.509915704E1,8.841055678E-4,-1.369386446E-3,-2.048413968E-3
8.510912004E1,-7.950175786E-4,-9.779017419E-4,-1.819914789E-3
8.511908304E1,-1.433790894E-4,1.095416257E-3,-2.089575399E-3
8.512904504E1,1.219094149E-3,1.017819159E-5,8.617398562E-4
8.513900804E1,1.242461032E-3,1.445729402E-3,2.035637153E-4
8.514897004E1,3.289968008E-4,4.356298130E-3,-5.655571586E-4
8.515893304E1,3.286966123E-3,-1.737443265E-3,-1.560816308E-3
8.516889504E1,1.923728269E-4,-1.161934109E-3,3.366859746E-4
8.517885804E1,2.871459583E-4,8.522579446E-4,-7.369805244E-4
8.518882104E1,1.738835010E-3,-3.874320304E-3,7.836844306E-4
8.519878304E1,-1.079146168E-3,-1.326720230E-4,4.173503257E-4
8.520874604E1,5.419198424E-4,1.954181120E-3,-9.413944208E-4
8.521870804E1,2.413292648E-3,-3.365425626E-3,9.408162441E-5
8.522867104E1,-2.916801022E-4,2.979821991E-3,1.412080135E-3
8.523863404E1,-7.654022193E-4,4.427676322E-4,-8.132508374E-4
8.524859604E1,-6.066778442E-4,-2.384177642E-3,7.002789062E-6
8.525855904E1,-2.778104972E-3,-1.885609934E-3,-1.048479462E-3
8.526852104E1,1.519045327E-4,-5.487031303E-4,-4.625840229E-4
8.527848404E1,1.775405020E-3,-3.106450429E-3,3.871046938E-4
8.528844704E1,-1.093884814E-3,1.301613753E-3,-1.003331738E-3
8.529840904E1,4.161940888E-5,4.045041278E-3,-2.580193686E-4
8.530837204E1,1.118069049E-3,-9.196235333E-4,8.178977296E-4
8.531833404E1,-1.375456923E-3,4.746243358E-3,-1.668569748E-4
8.532829704E1,-1.088575227E-4,-4.844714422E-4,-2.020150889E-3
8.533825904E1,-1.275718096E-3,-1.699884655E-3,-3.520052414E-4
8.534822204E1,-4.437464522E-4,9.997616289E-4,-5.027401494E-4
8.535818504E1,1.862186589E-3,-2.207852434E-3,1.944071846E-5
8.536814704E1,-1.995934639E-3,-2.260849345E-3,-2.010689932E-4
8.537811004E1,-1.259321230E-3,1.457004109E-3,-5.412845057E-4
8.538807204E1,-2.558421111E-4,7.443421055E-4,-1.417198218E-3
8.539803504E1,9.991475381E-4,4.101267550E-4,3.152010031E-4
8.540799804E1,3.169890027E-3,1.639974536E-3,-2.973260707E-4
8.541796004E1,2.138040727E-4,7.200512337E-4,-1.135224011E-4
8.542792304E1,5.466992734E-4,-1.325522782E-3,-3.071341780E-4
8.543788504E1,-1.155243837E-3,1.275936607E-3,-9.900011355E-4
8.544784804E1,1.409113873E-3,-2.963549457E-3,-4.107636050E-4
8.545781004E1,1.315131551E-3,3.471757285E-3,-4.180255346E-4
8.546777304E1,1.677055145E-3,1.263197744E-3,-3.037759452E-4
8.547773604E1,1.672516228E-3,-1.303316792E-3,-3.981494228E-4
8.548769804E1,-6.087474758E-4,3.318599425E-3,-1.138508203E-3
8.549766104E1,3.292710753E-4,-4.297368694E-3,-1.174987061E-3
8.550762304E1,2.339298371E-4,1.234787051E-4,-2.205100609E-4
8.551758604E1,1.876889728E-4,-4.806895740E-4,1.766322530E-4
8.552754804E1,-8.608412463E-5,3.378230846E-3,1.204395085E-4
8.553751104E1,1.983063761E-3,-1.769970870E-3,-1.509625581E-4
8.554747404E1,-2.460019896E-4,-2.038950333E-3,-3.434906481E-3
8.555743604E1,-3.902545199E-3,1.545733074E-3,-1.021329081E-3
8.556739904E1,1.927647041E-3,-4.499908537E-3,-1.139901578E-4
8.557736104E1,6.486120401E-4,-2.066502348E-4,1.098617446E-3
8.558732404E1,1.954626292E-3,1.429063268E-3,-3.719801898E-4
8.559728704E1,8.087283932E-4,8.141525323E-4,-4.609272582E-4
8.560724904E1,1.241758349E-3,3.581176978E-3,4.597274819E-4
8.561721204E1,-1.712337835E-4,-2.466088627E-4,-1.260894351E-4
8.562717404E1,-7.760376902E-4,-1.343564829E-3,3.855037503E-4
8.563713704E1,-1.128998701E-3,-7.532371674E-4,2.038559760E-4
8.564709904E1,-1.354834880E-3,-7.066898979E-5,1.340811723E-4
8.565706204E1,-1.634302083E-3,-3.767029848E-4,2.658162266E-4
8.566702504E1,1.264814986E-3,-1.290966058E-3,2.727404935E-4
8.567698704E1,1.122835092E-4,1.869271742E-3,-1.936917542E-4
8.568695004E1,-7.609671447E-4,1.309741638E-3,1.736034872E-3
8.569691204E1,-1.272538444E-3,1.355366549E-3,1.097309636E-3
8.570687504E1,-1.020007767E-5,-1.945933327E-4,6.959581515E-5
8.571683804E1,1.624032157E-3,1.017025905E-3,8.759102784E-4
8.572680004E1,-7.927865954E-4,1.299853553E-3,-5.680556642E-4
8.573676304E1,3.902313765E-4,3.015482798E-4,-1.207872992E-5
8.574672504E1,9.620120982E-4,-1.943323296E-4,-2.722695353E-4
8.575668804E1,1.328676008E-3,4.742474994E-4,-7.385954959E-4
8.576665004E1,5.840562517E-4,-9.862300940E-4,1.449724077E-3
8.577661304E1,-2.131485380E-3,-1.665787073E-3,1.948098652E-4
8.578657604E1,6.416812539E-7,-2.446093364E-3,-2.779011847E-4
8.579653804E1,2.683118219E-4,-8.109793998E-4,9.192354046E-4
8.580650104E1,-7.363792975E-5,-6.107098889E-4,5.461265100E-4
8.581646304E1,-1.141169923E-3,1.069255639E-3,-1.170255011E-3
8.582642604E1,-1.179835526E-4,-9.230552241E-4,-1.776390476E-3
8.583638904E1,-2.125020139E-3,2.799089998E-6,-2.487561433E-4
8.584635104E1,-8.195384871E-4,-6.431248039E-5,-5.970976199E-4
8.585631404E1,-8.662876207E-4,9.648201521E-4,4.750012886E-4
8.586627604E1,9.896694683E-4,5.158112617E-4,1.708044787E-3
8.587623904E1,1.886647660E-3,1.725545852E-3,1.855895389E-3
8.588620104E1,2.545513678E-3,1.643254189E-3,3.916895366E-4
8.589616404E1,-8.124578744E-5,7.925583050E-4,-9.654249297E-4
8.590612704E1,-1.544826664E-4,-7.752445526E-4,-1.051178668E-3
8.591608904E1,-4.290547222E-4,-2.652240684E-3,-8.274731808E-4
8.592605204E1,-2.221361967E-3,-1.872466877E-3,-5.931149935E-4
8.593601404E1,-1.691811485E-3,-1.399199245E-3,-3.276692587E-4
8.594597704E1,-1.696338644E-3,-2.951023169E-3,9.341363912E-4
8.595593904E1,-1.919027185E-3,-7.251093630E-4,-7.064290112E-4
8.596590204E1,-1.112732571E-4,2.681872575E-3,5.439251545E-4
8.597586504E1,1.967186108E-5,5.014578346E-4,1.287512132E-3
8.598582704E1,4.686807515E-4,1.464583911E-4,1.458487124E-3
8.599578929E1,1.458091778E-3,2.344856970E-3,1.209273585E-3
8.600575129E1,-3.355471417E-4,-9.822300635E-4,-6.251118612E-4
8.601571429E1,-1.695303945E-3,1.110013947E-2,1.826313674E-4
8.602567629E1,7.903793827E-3,-1.417698711E-2,3.307031584E-4
8.603563929E1,-1.448900905E-3,6.931110285E-3,-1.688849879E-3
8.604560229E1,-4.393558018E-3,7.265870459E-3,-5.612674868E-4
8.605556429E1,1.400917536E-3,-1.179032028E-2,-8.491162444E-4
8.606552729E1,-4.346183967E-3,-3.069001250E-3,-8.856015047E-4
8.607548929E1,-7.897987962E-4,5.563599989E-4,8.512072964E-5
8.608545229E1,1.409972319E-3,1.884744735E-3,-1.723165624E-3
8.609541529E1,-9.624713566E-4,5.091889761E-3,-1.506715547E-3
8.610537729E1,1.338233589E-3,-5.321069621E-3,-4.244068405E-4
8.611534029E1,-1.181034371E-3,-2.834924264E-3,-5.227098009E-4
8.612530229E1,-3.331004176E-3,2.540400019E-3,-1.100083115E-3
8.613526529E1,1.570963068E-3,2.161139855E-3,-2.235849854E-3
8.614522729E1,4.700976424E-3,2.246360993E-3,6.352324272E-5
8.615519029E1,1.254723174E-3,6.656256504E-3,3.305287100E-5
8.616515329E1,2.162594814E-3,1.728077186E-3,-7.533786120E-4
8.617511529E1,-1.734125428E-3,-2.296210034E-3,-3.370293416E-4
8.618507829E1,-1.580194570E-3,-2.299938118E-3,-7.476887549E-4
8.619504029E1,-6.154598668E-5,-4.469591193E-3,-4.606713774E-4
8.620500329E1,-1.340662129E-3,2.262904309E-5,-1.066806843E-3
8.621496529E1,-2.522207797E-4,-9.664595127E-4,-1.116692438E-3
8.622492829E1,2.900906838E-5,-3.984886222E-3,-7.062993245E-4
8.623489129E1,-9.303214028E-5,-1.904051518E-3,1.054478926E-3
8.624485329E1,-1.729544718E-3,-1.079004258E-3,-1.130378339E-3
8.625481629E1,-5.739927292E-5,-3.105569631E-4,5.167801282E-4
8.626477829E1,1.041953685E-3,4.577403888E-5,-3.024082398E-4
8.627474129E1,6.941674510E-4,1.877961680E-3,-6.653515156E-4
8.628470329E1,4.462271463E-4,3.279317170E-3,-2.070215414E-4
8.629466629E1,2.699869219E-4,-3.488238435E-4,1.423021546E-3
8.630462929E1,-1.470388845E-3,1.624046010E-3,-6.225525867E-4
8.631459129E1,1.911714207E-5,-4.585459828E-4,2.078159014E-3
8.632455429E1,-8.781019133E-4,-2.247124910E-3,1.153509598E-3
8.633451629E1,-6.253598258E-4,2.485325094E-4,-9.715112392E-4
8.634447929E1,5.384414690E-4,1.763608307E-4,-2.639093436E-4
8.635444229E1,3.651755396E-4,-2.010610653E-3,-1.381949987E-4
8.636440429E1,4.226998426E-4,-4.342857283E-4,2.948349575E-4
8.637436729E1,-6.760139950E-4,-1.749510178E-3,4.937535850E-4
8.638432929E1,-2.602944151E-4,5.754294107E-4,-5.925499136E-4
8.639429229E1,-4.451328423E-4,1.008972176E-3,-6.152840797E-4
8.640425429E1,1.442515757E-3,-1.032607164E-3,-2.043583663E-4
8.641421729E1,1.627078513E-3,1.090022619E-3,-2.226699726E-4
8.642418029E1,8.491690969E-4,1.714001177E-3,-1.504449407E-3
8.643414229E1,-4.078845959E-4,-1.778974198E-3,-2.005274873E-4
8.644410529E1,-5.266615190E-4,-3.666998819E-4,-4.886814859E-4
8.645406729E1,-7.958549540E-4,-2.506141085E-3,-2.409879118E-3
8.646403029E1,-7.335369010E-4,-1.352726016E-3,-8.066563169E-4
8.647399229E1,1.084323041E-3,-2.309284173E-4,-2.779123606E-3
8.648395529E1,1.619352144E-3,1.288646599E-4,5.394715117E-5
8.649391829E1,-1.777568832E-4,3.214024473E-4,-1.339334063E-3
8.650388029E1,3.577300347E-3,-1.109780278E-3,-1.076480141E-3
8.651384329E1,9.565446526E-4,3.646953264E-4,-1.775883371E-3
8.652380529E1,-9.755787905E-4,-4.931087606E-4,-7.441747002E-4
8.653376829E1,-9.371377528E-4,1.005277038E-3,2.075220691E-4
8.654373029E1,1.622152049E-4,1.511011273E-3,2.195838140E-3
8.655369329E1,-1.421749825E-3,-4.641716368E-4,-2.881246037E-4
8.656365629E1,-3.162717912E-4,-1.674955711E-4,-6.601681816E-4
8.657361829E1,-8.675961290E-4,-6.491644308E-5,-2.186658094E-5
8.658358129E1,8.863616968E-4,1.699161483E-3,5.914594512E-4
8.659354329E1,5.905050784E-5,1.663511852E-3,9.459518478E-4
8.660350629E1,1.416197396E-3,-2.299956977E-4,-1.547326101E-4
8.661346829E1,1.211341238E-3,8.156147087E-4,-3.915934358E-4
8.662343129E1,3.129453398E-5,2.288609045E-3,-1.091738464E-3
8.663339429E1,1.986762974E-3,-1.472935313E-3,3.809524351E-4
8.664335629E1,-1.944861724E-3,-1.278524520E-3,8.147813496E-4
8.665331929E1,-1.826752094E-3,-1.107777003E-3,-4.222312709E-4
8.666328129E1,-1.052571111E-3,-4.252171144E-3,7.580816746E-4
8.667324429E1,-1.794056152E-3,-1.971855992E-3,1.782944077E-3
8.668320629E1,-2.777561545E-3,-1.646417426E-3,1.714767073E-3
8.669316929E1,3.811554052E-5,2.081241691E-4,1.671390142E-3
8.670313229E1,-3.786691232E-4,8.747134125E-4,1.258866396E-3
8.671309429E1,1.143044792E-3,6.135368021E-4,7.841611514E-4
8.672305729E1,1.543051680E-3,2.675356111E-3,8.954813238E-4
8.673301929E1,1.920306589E-3,1.913572429E-3,1.414369326E-3
8.674298229E1,1.934687723E-3,1.071480801E-3,1.726491842E-3
8.675294429E1,-2.821491798E-4,2.042002045E-3,1.639695256E-4
8.676290729E1,-2.912039636E-4,-7.537843194E-4,-8.445695275E-4
8.677287029E1,-7.499894127E-5,-5.755957682E-4,-4.133034963E-6
8.678283229E1,-6.523721386E-4,-1.407833770E-3,7.213120116E-4
8.679279529E1,-3.488933435E-4,-1.708851196E-4,9.721320821E-4
8.680275729E1,1.246166648E-4,-9.844808374E-4,1.544978120E-3
8.681272029E1,-1.145862159E-3,5.649891682E-5,1.264690654E-3
8.682268229E1,1.164760906E-4,-6.520748138E-5,-1.806067885E-4
8.683264529E1,2.050300129E-3,3.120826092E-3,1.637864159E-3
8.684260829E1,1.001014607E-3,1.766075962E-3,5.680724862E-4
8.685257029E1,1.655174652E-3,3.653808963E-4,-7.228343748E-6
8.686253329E1,9.060275042E-4,6.287675351E-4,4.087573616E-4
8.687249529E1,-5.777901970E-5,-6.378914695E-4,7.170207100E-4
8.688245829E1,-2.055948833E-3,-1.662143040E-3,1.397724613E-3
8.689242029E1,-1.271698857E-3,-2.333089709E-3,9.611917776E-4
8.690238329E1,-2.242687391E-3,-2.660925034E-3,7.638516254E-4
8.691234629E1,6.316701183E-4,-3.860434517E-4,1.169899013E-3
8.692230829E1,-9.885970503E-4,1.646214863E-3,5.208867951E-4
8.693227129E1,7.635193178E-4,9.072539397E-4,-5.024322309E-5
8.694223329E1,-6.759192329E-4,6.401388673E-4,2.261929330E-4
8.695219629E1,8.699328173E-4,2.373031573E-3,-3.298037336E-4
8.696215829E1,1.210519113E-4,2.676099306E-3,-2.123583690E-4
8.697212129E1,-1.314352965E-3,2.051537856E-3,2.437629737E-3
8.698208429E1,-9.355996735E-5,3.753444180E-4,1.875969116E-3
8.699204629E1,-1.319300500E-3,-1.183424843E-3,1.229823101E-3
8.700200958E1,-1.026885468E-3,-1.650319900E-4,-3.265282721E-4
8.701197158E1,-9.732848266E-4,-3.215471283E-3,3.292164765E-4
8.702193458E1,-1.541603240E-3,1.864508376E-3,-1.058024121E-3
8.703189658E1,1.270022593E-3,-1.599512761E-3,8.408685680E-4
8.704185958E1,1.633544103E-3,1.853808179E-3,-5.282625207E-4
8.705182258E1,1.573226997E-3,3.470712807E-3,-3.607944818E-4
8.706178458E1,1.128212782E-3,9.183392394E-4,1.434975071E-3
8.707174758E1,-2.066855785E-3,1.155247213E-3,6.639614003E-5
8.708170958E1,-9.501922177E-4,-5.038732663E-3,-5.099119153E-4
8.709167258E1,-3.176769707E-3,-2.233487554E-3,-1.003532670E-4
8.710163458E1,-9.373177309E-4,1.413178979E-3,-4.090136499E-4
8.711159758E1,-3.617813345E-4,-3.249032889E-4,-2.518345718E-4
8.712156058E1,8.334454615E-4,7.446220843E-4,1.126085059E-3
8.713152258E1,1.659491914E-3,1.467847964E-3,-3.539795871E-4
8.714148558E1,6.924980553E-4,2.578652464E-3,3.805202432E-4
8.715144758E1,9.719515219E-4,1.239411766E-3,-4.606059520E-5
8.716141058E1,2.723390935E-4,2.869266318E-3,8.603214519E-5
8.717137258E1,5.034895148E-4,-1.968827099E-3,-3.420391004E-4
8.718133558E1,-1.464053988E-3,-1.913167071E-3,8.955317899E-4
8.719129858E1,-2.600394422E-3,-3.846218577E-3,1.819629688E-5
8.720126058E1,-2.202252159E-3,-4.783119075E-3,4.893094883E-4
8.721122358E1,1.548506552E-4,6.695825141E-5,9.382552817E-4
8.722118558E1,1.348745776E-3,-2.347780392E-4,3.156081657E-4
8.723114858E1,2.377130557E-3,2.850218443E-3,-1.151268953E-4
8.724111058E1,2.425600076E-3,3.328522202E-3,-2.271524863E-5
8.725107358E1,1.309142448E-3,2.441443503E-4,-1.330059720E-3
8.726103658E1,8.859661175E-4,2.655370394E-3,1.490227878E-3
8.727099858E1,-1.099775429E-3,-6.515053101E-4,8.322607027E-4
8.728096158E1,-1.622287673E-3,4.970503505E-5,-1.385886106E-3
8.729092358E1,3.372511128E-4,-1.088182675E-3,9.696994093E-4
8.730088658E1,-8.883356350E-4,-2.606451046E-3,-2.778965980E-3
8.731084858E1,-1.306182938E-3,3.440662054E-3,8.836278575E-4
8.732081158E1,1.237402204E-3,-2.962908940E-3,-3.835042007E-4
8.733077458E1,1.131036202E-3,5.222747568E-4,-1.314000692E-3
8.734073658E1,1.214659424E-3,2.195006236E-3,-5.693808198E-4
8.735069958E1,4.827746889E-4,2.822140232E-6,-3.815174568E-4
8.736066158E1,-6.024388131E-5,2.167439554E-3,-1.326939673E-3
8.737062458E1,1.336930320E-3,1.139284344E-3,-2.675727010E-4
8.738058658E1,2.670375165E-3,-7.964437827E-5,1.513815718E-3
8.739054958E1,-5.372699816E-4,9.859479032E-4,2.955256496E-4
8.740051258E1,-2.895959187E-4,-5.482991692E-4,4.680984421E-4
8.741047458E1,-1.035055611E-3,-2.720037010E-4,5.732019781E-4
8.742043758E1,-3.748580348E-4,1.740757143E-4,-2.555737738E-4
8.743039958E1,5.646492355E-6,7.560937665E-4,9.980541654E-4
8.744036258E1,8.642496541E-4,6.546273362E-4,-3.179023042E-5
8.745032458E1,-5.157152191E-5,-5.425156560E-4,6.762206904E-4
8.746028758E1,-9.306811262E-4,1.196528552E-3,-1.242320519E-3
8.747024958E1,1.276580617E-3,1.848916640E-3,1.022012904E-3
8.748021258E1,-1.444371068E-3,-1.029694220E-3,1.651317813E-3
8.749017558E1,2.359895734E-4,-1.814470161E-4,-3.075063578E-4
8.750013758E1,-3.991742851E-4,-9.572259150E-4,9.226077818E-4
8.751010058E1,-1.117013278E-3,2.768513514E-4,5.452920450E-4
8.752006258E1,1.037797192E-4,-1.345546450E-3,7.543500978E-4
8.753002558E1,3.806221066E-4,-3.643226810E-4,1.254021307E-3
8.753998758E1,-6.683971733E-4,5.733763101E-4,1.095829648E-3
8.754995058E1,9.496076964E-4,-1.911851810E-3,6.199482596E-4
8.755991358E1,-1.768680755E-3,1.373956446E-3,1.105708885E-3
8.756987558E1,8.578608977E-4,-7.618609816E-4,1.264459104E-3
8.757983858E1,1.735638827E-3,2.811834915E-3,-2.516785753E-4
8.758980058E1,1.922715921E-3,2.839756664E-3,1.862930134E-3
8.759976358E1,1.062781317E-3,1.123083173E-3,4.852770944E-4
8.760972558E1,-2.314404119E-3,4.911739379E-4,2.185211750E-3
8.761968858E1,-1.406266354E-3,-2.146154642E-3,2.379089827E-3
8.762965158E1,-7.653863868E-4,6.289914018E-4,3.403127193E-4
8.763961358E1,-1.686041127E-3,-3.004891798E-3,5.017003277E-4
8.764957658E1,3.021057928E-4,-3.139419947E-3,5.903621786E-4
8.765953858E1,7.999816444E-5,9.189711418E-4,-7.920846692E-4
8.766950158E1,1.022085315E-3,-7.957997732E-4,4.087734851E-4
8.767946358E1,7.304691244E-4,3.239688231E-3,-5.126802134E-4
8.768942658E1,4.015179584E-4,-1.589699415E-3,-1.373519655E-3
8.769938958E1,4.116379423E-4,2.400781261E-3,9.069452062E-4
8.770935158E1,4.469171399E-4,-4.512865096E-3,-1.720737200E-3
8.771931458E1,-5.324685480E-3,2.553832717E-3,-8.805099060E-4
8.772927658E1,-4.335164558E-4,-7.115779445E-3,3.071653191E-4
8.773923958E1,-7.075557951E-4,7.922103396E-4,-7.756759878E-4
8.774920158E1,-1.498003257E-4,4.123815335E-3,-4.997074138E-4
8.775916458E1,2.559699817E-3,-2.018499188E-3,-8.656257414E-4
8.776912758E1,-1.023500226E-4,1.006503822E-3,-7.557818317E-4
8.777908958E1,3.160325577E-4,-2.263325267E-3,-7.869408000E-4
8.778905258E1,-2.489367034E-5,-1.540511148E-3,6.075295969E-4
8.779901458E1,-1.266193227E-3,-9.612734430E-4,-1.736318460E-3
8.780897758E1,5.229403032E-4,-1.548975473E-3,1.516699558E-4
8.781893958E1,1.902457792E-3,-2.762507647E-4,1.476752805E-4
8.782890258E1,-8.856359636E-4,1.055921079E-3,6.275932537E-5
8.783886458E1,-3.668522695E-4,-1.984077273E-3,-7.977079949E-4
8.784882758E1,-5.214695120E-4,-4.298291169E-4,-3.144155489E-4
8.785879058E1,-1.152638695E-3,2.735870425E-3,5.256803706E-5
8.786875258E1,4.701485159E-4,7.393299602E-4,-6.866151816E-4
8.787871558E1,3.452462843E-4,6.410592468E-4,-2.914020442E-4
8.788867758E1,1.081876573E-3,2.056324156E-4,6.359728286E-5
8.789864058E1,1.588143525E-3,-9.608319961E-4,3.600071068E-4
8.790860258E1,4.445090890E-4,3.062210744E-4,2.904463909E-4
8.791856558E1,-4.263444571E-4,-1.393940998E-3,-9.623045917E-4
8.792852858E1,-1.902707969E-3,-1.308170613E-3,-7.693937514E-4
8.793849058E1,1.232897863E-3,-1.061561983E-3,-2.352110343E-3
8.794845358E1,7.004394429E-4,-6.712321192E-4,-3.070247825E-3
8.795841558E1,1.891405089E-3,3.025768092E-3,-2.648935886E-3
8.796837858E1,3.429985605E-3,-5.879895762E-4,-1.807007007E-3
8.797834058E1,-4.454463487E-4,-2.218049485E-4,-1.895690337E-3
8.798830358E1,-4.053557059E-4,3.381154267E-3,-9.210836724E-4
8.799826508E1,2.327313880E-3,-1.192882564E-2,-1.692867721E-3
8.800822808E1,-1.788817695E-3,8.538052440E-3,-3.478725441E-3
8.801819108E1,5.958051421E-3,-1.343595609E-2,-2.296015620E-3
8.802815308E1,1.030682353E-3,9.136393666E-3,-5.320738419E-4
8.803811608E1,3.717013169E-3,-6.833783351E-3,-1.865518512E-3
8.804807808E1,-2.892372431E-4,5.251375027E-3,7.178764208E-4
8.805804108E1,1.900413772E-3,-5.266780034E-3,-3.868028289E-4
8.806800308E1,-4.926110851E-4,1.005509496E-2,4.693639930E-4
8.807796608E1,4.734641407E-3,-9.977469221E-3,-7.045874372E-5
8.808792908E1,-4.056807375E-4,4.951247945E-3,7.263392326E-4
8.809789108E1,6.436047843E-4,-9.624231607E-3,-5.479833926E-4
8.810785408E1,-9.445803007E-4,3.501004539E-5,1.450777752E-3
8.811781608E1,-2.443939913E-3,-9.291913360E-3,-1.827839762E-3
8.812777908E1,-4.114223644E-3,5.517078564E-3,-1.112098340E-3
8.813774108E1,4.153559450E-3,-5.943302531E-3,-5.508965114E-5
8.814770408E1,-2.320072148E-3,1.521261525E-3,-1.182446023E-3
8.815766608E1,-1.673722989E-3,1.069318783E-2,-3.968134406E-4
8.816762908E1,7.420161739E-3,-1.699729823E-2,-1.295763417E-3
8.817759208E1,-6.030666176E-3,1.292811148E-2,-1.890180865E-3
8.818755408E1,2.819408197E-3,-2.190358238E-3,-4.546268319E-4
8.819751708E1,1.896889298E-3,-7.694313303E-3,7.323440514E-4
8.820747908E1,-4.681067076E-3,9.193805978E-3,-2.049269620E-3
8.821744208E1,9.001195431E-4,-5.311899353E-3,1.318591530E-4
8.822740408E1,-1.559801167E-4,-2.973950002E-3,-3.422534210E-4
8.823736708E1,-1.383164781E-3,1.266601263E-3,3.674790496E-4
8.824733008E1,-2.077567624E-4,-1.634409418E-3,1.682671951E-3
8.825729208E1,-1.338002156E-3,2.281502588E-3,1.094912412E-3
8.826725508E1,9.952458786E-4,2.706755884E-3,5.261703045E-4
8.827721708E1,1.878350042E-3,-1.723873429E-4,4.473407171E-4
8.828718008E1,-7.463596994E-4,1.561621088E-3,-1.210197341E-3
8.829714208E1,2.568531781E-4,3.235174809E-4,3.328382154E-4
8.830710508E1,1.501625404E-3,1.913960208E-3,1.724305912E-3
8.831706708E1,1.466833055E-6,6.601440255E-4,1.128290431E-3
8.832703008E1,-9.017147822E-4,8.764583617E-3,2.888489980E-4
8.833699308E1,-9.576411685E-4,-6.565370597E-3,-1.456853119E-3
8.834695508E1,-5.683748517E-3,7.286115084E-3,-1.180820516E-3
8.835691808E1,2.904413268E-3,-8.162615821E-3,-1.762454864E-3
8.836688008E1,-1.381840440E-3,4.930107854E-3,2.677011071E-5
8.837684308E1,2.062425716E-3,6.464887410E-3,6.195898168E-4
8.838680508E1,2.973983530E-3,-8.480960969E-4,9.649051935E-4
8.839676808E1,-3.168847179E-4,1.234495779E-3,9.979284368E-4
8.840673108E1,-2.355862409E-3,4.571288824E-3,3.615505411E-4
8.841669308E1,7.022453938E-4,-9.079010226E-3,-6.733538467E-4
8.842665608E1,-3.533307929E-3,-3.863337915E-4,-1.000578282E-3
8.843661808E1,-1.284001977E-3,-2.939221449E-4,-8.061675471E-4
8.844658108E1,2.593367593E-3,-2.701802878E-3,-2.245502546E-3
8.845654308E1,9.438055567E-4,1.964321593E-3,-8.018029621E-4
8.846650608E1,2.242964692E-3,-1.773051918E-4,8.668011287E-5
8.847646808E1,4.615761572E-4,-7.187258452E-4,9.182142094E-6
8.848643108E1,-1.315287082E-4,2.381519182E-3,8.078182582E-4
8.849639408E1,7.912566653E-4,4.195685033E-4,-1.958140638E-3
8.850635608E1,-2.133307280E-4,-1.051236410E-3,-5.273668212E-4
8.851631908E1,2.572498051E-4,1.699276385E-3,-4.139161319E-4
8.852628108E1,-6.197291659E-4,-1.229135552E-3,-1.331070322E-3
8.853624408E1,-1.497240621E-3,-4.213987850E-4,-2.274563885E-4
8.854620608E1,-7.857487071E-5,5.141696893E-4,1.307731727E-4
8.855616908E1,-1.150230761E-3,8.981975261E-4,8.896156214E-5
8.856613108E1,1.579569653E-4,-8.177361451E-4,-6.496568094E-4
8.857609408E1,-7.720188005E-4,-6.030853838E-4,-7.082463708E-4
8.858605708E1,2.207768848E-4,1.115777879E-3,-1.041102456E-3
8.859601908E1,-1.033571898E-3,-3.642225638E-3,-1.157748979E-3
8.860598208E1,-1.334495610E-4,3.503569867E-3,-1.750132535E-3
8.861594408E1,1.368307043E-3,-2.892543795E-3,-1.556254458E-3
8.862590708E1,8.514556102E-4,4.638550337E-3,3.548027598E-4
8.863586908E1,2.104206476E-3,-1.021465985E-3,-9.488146170E-4
8.864583208E1,4.590678727E-4,-2.219979418E-3,-1.762741012E-3
8.865579508E1,-4.107205896E-4,5.933837965E-4,-6.351587363E-4
8.866575708E1,8.244466735E-4,-3.592747962E-3,2.512237988E-4
8.867572008E1,3.341586562E-4,2.520538168E-3,-4.939286737E-4
8.868568208E1,1.019966556E-3,1.464563655E-3,-2.472436754E-4
8.869564508E1,2.539033769E-3,1.127668656E-5,6.225447287E-4
8.870560708E1,-7.297960110E-6,5.162714515E-4,-9.251349256E-4
8.871557008E1,-7.974578766E-4,4.116091877E-4,-3.666700795E-4
8.872553208E1,2.462575212E-3,-9.522051550E-5,6.481665187E-4
8.873549508E1,1.162419794E-3,2.641709987E-3,-5.470602191E-4
8.874545808E1,1.522058621E-3,3.078176640E-3,5.483136629E-4
8.875542008E1,2.008618088E-3,-3.983138595E-4,9.682941600E-4
8.876538308E1,-1.323699020E-3,-1.222122693E-3,1.558259246E-4
8.877534508E1,4.616843071E-4,-2.226933371E-3,9.352108464E-6
8.878530808E1,-1.673466759E-4,-1.005248167E-3,1.125787734E-3
8.879527008E1,-1.416102867E-3,-7.553864270E-5,-1.650464837E-4
8.880523308E1,-1.936702873E-3,-2.640460385E-3,1.724146074E-3
8.881519508E1,-4.298862768E-4,1.661343849E-3,1.193910837E-3
8.882515808E1,4.089809954E-4,2.820763038E-3,-6.776192458E-4
8.883512108E1,6.490061060E-5,4.148809239E-5,2.515576198E-4
8.884508308E1,7.506092079E-4,1.025466947E-3,1.676799729E-4
8.885504608E1,1.186835114E-3,2.924300730E-3,7.202859269E-4
8.886500808E1,6.307591684E-4,2.698021010E-3,4.107698915E-4
8.887497108E1,8.270341204E-4,-4.317257553E-4,2.477649134E-3
8.888493308E1,-4.454096779E-4,-7.984137628E-4,1.069625258E-3
8.889489608E1,-1.274984330E-3,8.282624185E-5,-9.317403310E-4
8.890485808E1,1.039201161E-4,-2.701064572E-3,3.117218148E-4
8.891482108E1,-1.322202617E-3,-1.762300264E-3,-5.588656059E-4
8.892478408E1,-1.241917722E-3,-1.202740241E-3,1.937958063E-3
8.893474608E1,1.807934255E-3,-4.940729123E-4,2.441876568E-4
8.894470908E1,-1.499909908E-3,9.995163418E-4,-1.262053265E-4
8.895467108E1,-1.252502203E-3,7.499781204E-4,2.137215342E-3
8.896463408E1,-6.771045737E-4,-1.557930373E-4,2.264851704E-3
8.897459608E1,-5.055970978E-4,2.754243091E-3,2.413821639E-4
8.898455908E1,-8.423009422E-4,1.887561986E-3,2.584585454E-4
8.899452108E1,2.820856171E-4,-1.734603429E-3,1.314257970E-4
8.900448454E1,-1.433467725E-3,1.241360675E-3,-4.146316205E-4
8.901444754E1,2.653626725E-4,2.735679736E-4,1.082863891E-3
8.902440954E1,-5.738749169E-4,-2.059507417E-3,1.271578600E-3
8.903437254E1,-1.001844881E-3,-1.147108153E-3,8.590549696E-4
8.904433454E1,7.261016872E-4,-6.321726833E-4,1.442571986E-3
8.905429754E1,2.528579207E-4,8.517405950E-4,-1.069321530E-3
8.906425954E1,4.621259868E-4,-1.351165818E-3,-3.537876182E-4
8.907422254E1,-1.329648774E-3,7.213061908E-4,-6.511399988E-6
8.908418454E1,1.293187728E-3,1.607043669E-5,-3.822122817E-4
8.909414754E1,1.017550589E-3,1.493858406E-3,4.417697783E-4
8.910411054E1,-2.912259661E-4,1.528183464E-3,9.682630189E-4
8.911407254E1,-7.977080531E-5,8.970142808E-4,6.063394248E-4
8.912403554E1,1.138080494E-3,2.104491228E-3,-7.456624880E-4
8.913399754E1,-2.891663462E-5,9.201834910E-4,1.854115399E-3
8.914396054E1,-9.516899008E-4,1.398221240E-3,7.754501421E-4
8.915392254E1,-4.512818996E-4,8.661439642E-5,1.632189029E-3
8.916388554E1,-2.395019401E-3,-1.994287362E-3,1.202419400E-3
8.917384754E1,-1.268235967E-3,-4.195603542E-4,1.435446087E-3
8.918381054E1,-1.508259680E-3,5.299715558E-4,-9.118136950E-5
8.919377354E1,1.735264668E-4,5.677884910E-4,3.120211768E-4
8.920373554E1,-9.825206362E-4,-1.297815004E-3,1.492827781E-3
8.921369854E1,-1.713824691E-3,-9.063303005E-4,-2.384243999E-5
8.922366054E1,1.250211732E-3,-1.107813325E-3,2.468687948E-3
8.923362354E1,-7.333105896E-4,1.405678107E-3,9.655999020E-4
8.924358554E1,2.311326796E-3,-1.738136634E-4,1.260340563E-3
8.925354854E1,9.880021680E-4,5.295271985E-4,2.363551175E-4
8.926351054E1,-2.394178882E-4,7.840660401E-4,4.163458943E-4
8.927347354E1,-1.758751227E-3,4.088266287E-4,7.859925972E-4
8.928343654E1,-2.382209990E-3,-1.584548736E-3,1.203927444E-3
8.929339854E1,-1.418944448E-3,-3.130513942E-3,7.751584635E-4
8.930336154E1,-7.156918291E-4,-9.747180156E-4,4.306330229E-4
8.931332354E1,1.253982075E-3,-1.214412041E-4,-7.989583537E-6
8.932328654E1,1.373494277E-3,2.874960890E-3,5.484835710E-4
8.933324854E1,1.524761785E-3,1.394509687E-3,-5.143839517E-4
8.934321154E1,8.535706438E-4,5.846288987E-4,-1.114489511E-3
8.935317354E1,1.092189923E-3,9.354192298E-5,1.509789377E-3
8.936313654E1,-5.560454447E-4,2.109523630E-4,2.412027097E-4
8.937309954E1,7.907152176E-4,1.274352544E-3,2.055164077E-4
8.938306154E1,-8.629120421E-4,1.712784870E-4,4.293453530E-4
8.939302454E1,-8.677057922E-4,3.350628540E-4,5.676905857E-5
8.940298654E1,-1.585818129E-3,-1.081165392E-4,7.541406667E-4
8.941294954E1,5.119538400E-4,-4.503326491E-4,-1.603888231E-4
8.942291154E1,1.369005768E-4,1.676911255E-3,-6.341330009E-4
8.943287454E1,1.883135294E-3,2.263605595E-3,7.523086388E-4
8.944283654E1,7.144472329E-4,-1.063037664E-3,1.020819182E-4
8.945279954E1,5.398329813E-5,1.380412723E-3,4.134053597E-4
8.946276254E1,1.115159830E-3,-8.466111030E-4,9.663946694E-4
8.947272454E1,-6.864685565E-4,-9.946827777E-4,1.187703223E-3
8.948268754E1,5.833887262E-4,-5.287483800E-4,2.648901660E-3
8.949264954E1,7.924468955E-4,-1.930636354E-3,3.846821492E-4
8.950261254E1,8.598086424E-6,1.216066070E-3,-1.998494263E-4
8.951257454E1,-1.280221622E-4,-1.168460585E-4,-1.263249665E-3
8.952253754E1,7.458416512E-4,-4.504513927E-4,5.894792848E-4
8.953249954E1,8.502375567E-4,4.952370655E-4,-1.346040517E-5
8.954246254E1,-2.618809231E-4,1.087466720E-3,9.005823522E-4
8.955242554E1,2.270252677E-3,-4.672866780E-4,1.156778540E-3
8.956238754E1,1.337364782E-3,1.238411991E-3,-8.557263645E-4
8.957235054E1,1.434303820E-3,4.756825510E-4,1.517949044E-3
8.958231254E1,-1.594268600E-3,5.512640346E-4,7.216674858E-4
8.959227554E1,-5.231451942E-4,-5.124025047E-4,1.703930902E-4
8.960223754E1,-1.995932311E-3,-4.757866263E-4,1.892704982E-3
8.961220054E1,3.045061603E-4,-5.482246634E-4,4.846917000E-4
8.962216254E1,-1.108983997E-5,-1.020505559E-3,1.707327901E-4
8.963212554E1,-1.887819380E-3,-1.371510327E-3,-4.023794318E-4
8.964208854E1,-7.146982243E-4,-1.193179749E-3,-1.654420630E-4
8.965205054E1,1.713355305E-4,-5.263241474E-4,6.827747566E-4
8.966201354E1,-4.621507833E-4,-4.487354308E-4,-1.054437365E-3
8.967197554E1,4.699554993E-4,4.725520499E-3,6.763510173E-4
8.968193854E1,1.480185892E-3,1.711708377E-3,1.343089622E-3
8.969190054E1,-1.134496415E-4,1.736475737E-3,2.480259398E-3
8.970186354E1,1.433697762E-4,-8.138036355E-5,1.226690132E-3
8.971182554E1,-1.021763077E-3,-9.788656607E-4,4.687544424E-4
8.972178854E1,7.999549853E-4,4.896207247E-4,7.794803241E-5
8.973175054E1,3.264448605E-4,-1.191100338E-3,-5.760689965E-5
8.974171354E1,3.116796724E-4,1.006526873E-5,-8.418420912E-4
8.975167654E1,3.364565782E-5,2.377656056E-4,1.856054296E-4
8.976163854E1,-3.958457382E-4,-2.704884158E-3,-1.260920311E-3
8.977160154E1,-3.274026094E-4,-1.012711553E-3,-1.211651834E-3
8.978156354E1,3.206010442E-4,-6.702893879E-4,-3.157070023E-4
8.979152654E1,6.859867135E-4,-4.255450331E-4,-1.099741552E-3
8.980148854E1,-3.378500696E-5,1.948218793E-3,5.641692551E-4
8.981145154E1,1.890082611E-3,2.596964827E-3,-2.342464286E-4
8.982141354E1,2.198808827E-3,1.775922603E-3,-2.736959723E-4
8.983137654E1,1.870973618E-3,1.717332983E-3,1.393709099E-3
8.984133954E1,1.300485223E-3,5.872547626E-5,7.067015395E-4
8.985130154E1,9.340342367E-4,-1.087765209E-3,1.980377128E-4
8.986126454E1,-1.653138781E-3,-1.568898559E-3,2.426932799E-3
8.987122654E1,-1.983104274E-3,-2.480498515E-3,2.527280594E-4
8.988118954E1,-1.564085251E-4,1.940607792E-3,6.764941500E-4
8.989115154E1,1.073439256E-3,-8.743535727E-4,-8.204544429E-6
8.990111454E1,-5.077465903E-4,2.756721806E-4,-3.611507127E-4
8.991107654E1,8.667109068E-4,-8.010438178E-4,-6.417627446E-6
8.992103954E1,-1.075302018E-3,1.483264612E-3,-3.106424119E-4
8.993100254E1,4.573528655E-3,-1.264584949E-3,-6.030574441E-4
8.994096454E1,1.892393688E-3,7.474609651E-3,6.422621082E-4
8.995092754E1,1.940596965E-3,4.787479527E-3,-1.424617134E-3
8.996088954E1,6.293307524E-5,-3.008422907E-3,-1.058724360E-3
8.997085254E1,-2.643903717E-3,1.788995462E-3,-7.474008016E-4
8.998081454E1,-7.266328903E-4,-1.518180827E-3,-6.157539319E-4
8.999077754E1,-1.371384016E-3,-3.227930283E-3,-1.943339827E-3
9.000073929E1,-1.474906341E-3,-1.084837131E-4,-2.117706463E-3
9.001070229E1,-2.964575542E-4,-2.757529961E-3,-4.652150383E-4
9.002066429E1,5.002124235E-4,-1.201092498E-3,-4.039828782E-4
9.003062729E1,-1.754685887E-3,-2.370891161E-5,-1.893321169E-4
9.004059029E1,1.160744345E-3,-1.330166357E-3,2.264399664E-4
9.005055229E1,-1.777787576E-3,1.148970332E-3,-2.063236898E-4
9.006051529E1,-1.905836980E-3,1.121956389E-3,-1.301674871E-3
9.007047729E1,1.085958094E-3,-1.202716958E-3,-9.301639511E-4
9.008044029E1,-4.506412661E-4,3.927534446E-3,5.818549544E-4
9.009040229E1,2.707867650E-3,1.952534309E-3,-7.159034722E-4
9.010036529E1,5.473562051E-4,2.366420347E-3,6.848480552E-4
9.011032729E1,-2.959760372E-3,3.175222315E-3,-1.795886550E-3
9.012029029E1,-5.677552894E-3,6.011277437E-4,-9.429676575E-4
9.013025229E1,5.004480481E-4,-1.292559970E-2,-2.434604336E-3
9.014021529E1,-5.768845789E-3,1.004585531E-2,-2.967897570E-3
9.015017829E1,3.376449458E-3,-5.677980371E-3,-2.500512870E-3
9.016014029E1,2.891473239E-3,2.329106210E-4,-5.286626983E-3
9.017010329E1,-8.747690590E-4,1.183443889E-2,-4.031213000E-3
9.018006529E1,8.470231667E-3,-2.405955689E-3,-3.481763881E-3
9.019002829E1,2.508745529E-3,4.225848243E-3,-3.160320222E-3
9.019999029E1,5.567568587E-4,5.931121996E-4,-2.487275284E-3
9.020995329E1,-1.761791180E-3,-8.646991104E-3,-2.734682988E-3
9.021991529E1,-4.567964002E-3,-1.010480523E-2,-1.722415444E-3
9.022987829E1,-1.182820066E-3,-6.521522067E-3,-3.905685153E-4
9.023984129E1,-7.141832029E-4,6.811227649E-5,-2.746888786E-4
9.024980329E1,2.538867993E-3,8.907627780E-4,-1.444602967E-4
9.025976629E1,1.868408406E-3,2.161651850E-3,-1.070597558E-3
9.026972829E1,-8.394938195E-4,4.995787516E-3,6.079928717E-4
9.027969129E1,8.972955402E-4,1.351223327E-3,4.728604108E-4
9.028965329E1,2.954211086E-4,5.695371889E-3,4.664688604E-4
9.029961629E1,1.666775905E-3,5.615032278E-3,3.126874217E-4
9.030957829E1,4.161358811E-3,-5.496530794E-4,4.655528464E-4
9.031954129E1,3.480452579E-4,4.026221111E-3,-1.025468926E-3
9.032950329E1,6.678908831E-4,-5.310023203E-3,-1.137321698E-3
9.033946629E1,-1.049092272E-3,-6.908185780E-3,-2.079383237E-3
9.034942929E1,-3.122096648E-3,-2.285736846E-3,-1.553941634E-3
9.035939129E1,-4.302047892E-4,-7.369120605E-3,-8.245458594E-4
9.036935429E1,-1.794275711E-3,7.228949107E-4,-2.121771686E-3
9.037931629E1,1.981254900E-4,-1.408392563E-5,-7.322936435E-4
9.038927929E1,3.094455460E-4,-5.536293611E-5,-9.876907570E-4
9.039924129E1,-1.040307106E-3,4.809020087E-3,-1.143940259E-3
9.040920429E1,8.108562324E-4,1.857705181E-3,-5.841437960E-4
9.041916629E1,-1.120315632E-3,2.750090789E-4,3.092869301E-4
9.042912929E1,-6.650271825E-5,3.349894891E-3,9.449835052E-4
9.043909229E1,4.017781466E-4,1.384230563E-4,1.095998567E-3
9.044905429E1,-8.203464095E-4,1.955497777E-3,-1.442355569E-4
9.045901729E1,6.808288163E-4,1.425910508E-3,9.090376552E-4
9.046897929E1,-3.546082880E-4,-3.998948261E-3,3.232504241E-5
9.047894229E1,-1.914639259E-3,1.181849511E-3,6.568433600E-4
9.048890429E1,-1.204374246E-3,-2.068804810E-3,-8.758059121E-4
9.049886729E1,-4.885205999E-4,-3.684223862E-3,6.234229659E-4
9.050882929E1,6.233489839E-4,3.917440772E-4,-4.130200250E-5
9.051879229E1,-6.129175890E-4,-7.310393266E-4,-7.396793808E-4
9.052875429E1,-1.088291872E-3,7.318350254E-4,4.009419354E-5
9.053871729E1,-1.330608036E-3,1.912620966E-3,8.532899665E-5
9.054867929E1,-5.149189383E-5,-2.214213600E-3,1.114906976E-3
9.055864229E1,-6.616220344E-4,4.790413659E-4,-4.140137462E-4
9.056860529E1,1.519736834E-4,8.854398038E-4,5.788127310E-4
9.057856729E1,1.394232735E-3,2.483302262E-3,1.018136623E-3
9.058853029E1,1.005411148E-3,2.932843752E-3,1.719347085E-3
9.059849229E1,9.019382996E-4,2.251902828E-3,1.590293832E-3
9.060845529E1,1.520856866E-3,1.299290219E-3,1.803613035E-3
9.061841729E1,-7.966258563E-4,-3.111234400E-4,-8.422373212E-4
9.062838029E1,-2.688269364E-3,-4.496076144E-4,2.557839616E-4
9.063834229E1,-1.939321868E-3,-2.886041300E-3,-6.587320240E-5
9.064830529E1,-3.621108131E-3,-1.286044717E-4,3.740810207E-4
9.065826729E1,-8.811687585E-4,-9.338527452E-4,-5.929448525E-4
9.066823029E1,-3.246055683E-3,-4.435703158E-5,1.233983552E-3
9.067819329E1,-1.199112739E-4,1.414502040E-3,6.435358664E-4
9.068815529E1,-1.306882128E-3,2.280561952E-3,4.501903895E-4
9.069811829E1,-1.565224491E-3,1.598313334E-3,1.393169630E-3
9.070808029E1,1.121638692E-3,4.417025484E-4,6.472181412E-4
9.071804329E1,-1.278035576E-3,2.233564155E-3,2.240315662E-4
9.072800529E1,-7.438054308E-4,2.760869917E-3,-5.770473508E-4
9.073796829E1,-2.316187602E-5,-1.330222702E-3,-3.514367854E-4
9.074793029E1,-2.151293680E-3,3.106603632E-3,3.234082251E-4
9.075789329E1,-9.105168283E-5,-4.886873998E-3,-6.692799507E-4
9.076785529E1,-1.313708955E-3,-1.257252181E-3,1.156316954E-3
9.077781829E1,-2.333838493E-3,-1.266535604E-3,1.118067070E-3
9.078778129E1,6.907134084E-4,-5.167001393E-3,1.134845079E-3
9.079774329E1,-9.122453630E-4,3.363153432E-3,8.907685406E-4
9.080770629E1,-8.520579431E-4,2.785513876E-3,1.089706551E-3
9.081766829E1,-6.382351276E-4,3.655094188E-4,2.721861703E-3
9.082763129E1,-3.828702029E-3,3.910975531E-3,2.733047120E-3
9.083759329E1,-1.869980246E-3,-4.058992490E-4,1.541723148E-3
9.084755629E1,-2.598887309E-3,2.020667307E-5,-4.046084359E-5
9.085751829E1,-1.872470602E-3,2.598857973E-3,6.618269254E-5
9.086748129E1,-5.243783817E-4,-2.261943417E-3,-3.475107951E-5
9.087744329E1,-6.160403136E-4,-1.004903577E-3,4.935642937E-4
9.088740629E1,2.201922471E-4,8.973922813E-4,5.100758281E-4
9.089736929E1,9.048453066E-4,-2.123899991E-3,-3.167116083E-4
9.090733129E1,2.236086875E-4,-4.615548532E-4,-1.320989686E-3
9.091729429E1,1.878276351E-3,-4.525640979E-4,-7.610509056E-4
9.092725629E1,1.900985371E-4,1.868114457E-3,5.889054155E-4
9.093721929E1,-5.027453881E-4,9.197945474E-4,2.367559588E-3
9.094718129E1,1.003272133E-3,-1.802222338E-3,1.257820288E-3
9.095714429E1,-1.926519908E-3,6.043253234E-4,1.879927819E-3
9.096710629E1,-1.341689844E-3,-1.594646834E-3,8.863024414E-4
9.097706929E1,-5.875311326E-4,-3.835905809E-4,1.661807997E-3
9.098703129E1,-4.786078352E-4,2.796489978E-3,2.135584364E-3
9.099699429E1,4.123304971E-4,2.934738994E-3,1.576249255E-3
9.100695683E1,2.528071636E-4,1.606886741E-3,2.341109095E-3
9.101691883E1,8.579272544E-4,3.416606691E-3,2.444311511E-3
9.102688183E1,-7.242567372E-4,-1.267360989E-3,1.263998565E-3
9.103684383E1,-3.151650075E-3,4.969103262E-3,1.251584850E-3
9.104680683E1,-3.204436507E-4,-6.892349571E-3,-6.062362809E-4
9.105676883E1,-3.255464137E-3,4.899735563E-3,3.295800416E-4
9.106673183E1,3.869412467E-4,-1.948049990E-3,5.772539880E-4
9.107669383E1,6.561190821E-5,-1.390405698E-3,-1.846166560E-4
9.108665683E1,1.458178856E-3,2.772657899E-4,-1.499955542E-4
9.109661883E1,3.123778850E-3,-2.490357962E-3,-7.715200190E-4
9.110658183E1,-1.841335325E-4,1.847931417E-3,1.119058114E-3
9.111654483E1,3.941182513E-4,-9.637437761E-4,-5.936530069E-4
9.112650683E1,-4.181457916E-4,-2.990143141E-3,-2.400286030E-5
9.113646983E1,-1.406928874E-3,7.046111859E-4,-3.829899943E-4
9.114643183E1,2.069466282E-4,-1.847762382E-3,-6.274682237E-4
9.115639483E1,8.406857960E-4,4.288402852E-4,-7.920695934E-4
9.116635683E1,1.032565488E-4,-3.581237979E-4,2.903066343E-3
9.117631983E1,-1.002268516E-3,5.517986603E-3,3.815784585E-4
9.118628183E1,4.533112049E-3,-3.053663298E-3,8.809810970E-5
9.119624483E1,-2.144790255E-3,6.209543906E-3,2.003918635E-4
9.120620683E1,1.267517684E-3,2.254483523E-3,1.649684040E-3
9.121616983E1,1.267957035E-3,-1.789879752E-3,7.677623071E-4
9.122613283E1,-1.298264950E-3,2.517783083E-3,5.970536731E-4
9.123609483E1,-1.245755353E-3,1.739010797E-3,2.110670321E-3
9.124605783E1,6.544101052E-4,-6.000436842E-4,-5.042874254E-4
9.125601983E1,-3.274315968E-3,9.080860764E-6,2.824492985E-4
9.126598283E1,-6.606898969E-4,-3.835458541E-3,3.575504525E-4
9.127594483E1,-2.268533688E-3,-5.735444836E-3,1.602980774E-6
9.128590783E1,-2.054149285E-3,-1.080505783E-3,-1.303079538E-3
9.129586983E1,8.308382239E-4,4.558770452E-4,-7.075117901E-4
9.130583283E1,3.053778782E-3,6.201941287E-4,7.178119849E-4
9.131579483E1,6.505085621E-4,7.467557676E-3,7.169210585E-4
9.132575783E1,3.641771153E-3,3.390524536E-3,8.186538471E-4
9.133572083E1,6.013524253E-4,2.186828060E-4,2.701026388E-4
9.134568283E1,-9.275682969E-4,3.935656510E-3,-3.251138842E-4
9.135564583E1,1.234024297E-3,-5.429388024E-3,-3.605479142E-4
9.136560783E1,-1.233660732E-3,-1.206147252E-3,2.815402695E-4
9.137557083E1,-2.210162580E-3,-1.778901089E-3,-5.462022964E-4
9.138553283E1,-3.339658724E-4,-5.748342723E-3,-2.162366873E-4
9.139549583E1,-8.599256398E-4,-1.023899764E-3,1.314996043E-3
9.140545783E1,1.260749530E-3,-7.429362740E-4,3.890147782E-4
9.141542083E1,1.068203012E-3,5.694694119E-4,6.907509523E-4
9.142538283E1,-1.267573098E-4,2.488276921E-3,1.402613940E-3
9.143534583E1,1.994591905E-3,3.188926959E-3,2.189201536E-3
9.144530783E1,1.849982305E-3,4.435552750E-3,1.623812364E-3
9.145527083E1,6.950956304E-4,4.349778406E-3,1.842433005E-3
9.146523383E1,-2.277791034E-3,-7.493761368E-4,1.232302631E-3
9.147519583E1,-1.502560801E-3,-1.109648729E-3,3.869693610E-4
9.148515883E1,-1.237842604E-3,-3.674805397E-3,-7.145141135E-4
9.149512083E1,-1.600236283E-3,6.156479940E-4,9.300949750E-5
9.150508383E1,2.703679493E-4,-4.887774121E-3,-2.103245351E-4
9.151504583E1,-6.757903611E-4,-1.372521743E-3,-9.939046577E-4
9.152500883E1,-1.033452689E-3,1.418470871E-3,4.940034705E-4
9.153497083E1,1.547948690E-3,-1.052629901E-3,-4.531478626E-4
9.154493383E1,5.687043304E-4,1.305066748E-3,-4.459572956E-4
9.155489583E1,8.275947766E-4,5.089880433E-4,-1.442602370E-4
9.156485883E1,7.341178134E-4,-8.116734680E-4,9.023621096E-4
9.157482083E1,-1.004236168E-3,4.972897936E-3,4.215973895E-4
9.158478383E1,7.601079997E-4,1.908664824E-3,7.057567127E-4
9.159474683E1,-8.946080925E-4,-1.115973573E-3,1.207879744E-3
9.160470883E1,-6.221666699E-4,5.959064001E-4,7.897635223E-4
9.161467183E1,-1.246225671E-3,-1.776747406E-3,9.646341787E-4
9.162463383E1,-1.878855983E-4,-2.949645277E-4,2.131631365E-3
9.163459683E1,4.494570894E-4,-2.835735446E-3,-9.440464783E-4
9.164455883E1,4.553160397E-4,1.694035018E-3,-3.131436533E-4
9.165452183E1,1.195252757E-3,1.459720079E-4,1.829321263E-4
9.166448383E1,2.634957666E-3,-1.826897729E-3,6.308988668E-5
9.167444683E1,-1.677059336E-4,-3.574790899E-4,-4.223973374E-4
9.168440883E1,-1.730715041E-3,-3.811204806E-6,-1.270081499E-3
9.169437183E1,7.224947913E-4,3.700102679E-4,1.492532669E-3
9.170433383E1,6.311483448E-4,2.742886776E-3,1.343395561E-3
9.171429683E1,-3.909101943E-4,1.692682505E-3,-6.945334026E-4
9.172425983E1,-4.585544812E-4,4.300777800E-4,3.409036435E-4
9.173422183E1,-1.912123640E-3,7.960496005E-4,7.043790538E-4
9.174418483E1,-1.021030010E-3,-1.320897136E-3,3.837344702E-4
9.175414683E1,-9.000290884E-4,-1.846518135E-3,-8.456635987E-5
9.176410983E1,-7.045443635E-5,-2.893677447E-4,8.347909898E-5
9.177407183E1,4.307217896E-4,5.277036689E-4,-1.219701604E-3
9.178403483E1,3.470969386E-5,1.652889187E-3,-1.797372242E-4
9.179399683E1,1.470011193E-4,-1.421221532E-4,9.707342251E-4
9.180395983E1,9.213993326E-5,4.770626547E-4,3.941598698E-4
9.181392183E1,2.112740185E-5,6.441299338E-4,-7.266154280E-4
9.182388483E1,-1.051327563E-3,1.178893726E-4,-1.324228710E-3
9.183384683E1,3.669627476E-4,-2.867253497E-4,-5.716835149E-4
9.184380983E1,-9.662156226E-4,-4.688855261E-4,1.965509960E-3
9.185377283E1,1.082177972E-3,-9.024813771E-4,-6.062336033E-4
9.186373483E1,-7.050692802E-4,3.052579006E-3,-1.341395546E-5
9.187369783E1,-1.443173969E-4,-1.524362713E-3,1.775236102E-3
9.188365983E1,1.158234780E-3,2.134554321E-3,-2.173410030E-4
9.189362283E1,4.054837627E-4,-1.433255384E-3,8.421746898E-4
9.190358483E1,5.892418558E-4,-1.956843771E-4,-4.486595280E-4
9.191354783E1,-3.642319934E-4,-3.689364530E-4,-6.307416479E-4
9.192350983E1,-9.610463167E-4,-1.742595341E-4,-3.444518079E-4
9.193347283E1,1.560852514E-3,-7.779754233E-4,4.230114864E-4
9.194343483E1,1.075655455E-4,6.164556835E-4,-1.065695542E-3
9.195339783E1,1.263664220E-3,7.092455635E-4,-1.693094498E-3
9.196335983E1,-1.090836595E-3,-3.890420776E-4,-6.800279953E-4
9.197332283E1,1.300619915E-3,-1.545194536E-4,-5.631684908E-4
9.198328583E1,1.176250167E-3,5.711920094E-4,2.557535190E-4
9.199324783E1,1.030042768E-3,-7.585242856E-4,4.349842202E-4
9.200321196E1,-2.083271975E-4,1.243107487E-3,8.158280980E-5
9.201317396E1,-3.534067655E-4,3.082182957E-4,1.775008859E-3
9.202313696E1,1.067389501E-3,5.638817092E-4,8.141403669E-4
9.203309896E1,-4.977028584E-4,-6.405129097E-4,1.153338235E-4
9.204306196E1,8.439975791E-4,-7.579582743E-4,-1.189881354E-3
9.205302396E1,-6.464022445E-4,-1.220321748E-3,1.838651486E-3
9.206298696E1,-1.677311840E-3,-6.789010949E-4,-4.703091399E-4
9.207294896E1,8.437787183E-4,-1.172489952E-3,-3.453652025E-4
9.208291196E1,-8.308169199E-4,8.981178980E-4,-7.866509841E-4
9.209287396E1,1.241744380E-3,8.859732188E-4,-1.055195229E-3
9.210283696E1,1.502734143E-3,1.056681853E-3,-9.097866714E-4
9.211279996E1,1.678690547E-3,9.622672806E-4,4.547140561E-4
9.212276196E1,1.087202458E-3,1.995573752E-3,-9.977739537E-4
9.213272496E1,8.587661432E-4,-1.406681258E-4,-3.320618416E-4
9.214268696E1,-5.740144989E-4,1.350435894E-3,1.985953655E-3
9.215264996E1,-2.523338888E-3,8.317315951E-4,-4.984454135E-4
9.216261196E1,-2.556026448E-5,-2.769425046E-4,1.443797955E-3
9.217257496E1,2.263748320E-4,-1.554727089E-3,3.673482570E-4
9.218253696E1,-1.328856451E-4,5.449091550E-4,5.843958934E-4
9.219249996E1,-1.220959355E-3,1.377500361E-3,-7.150775054E-4
9.220246196E1,5.244764034E-4,-1.287791412E-3,-1.974486280E-3
9.221242496E1,-4.959997023E-4,1.637311070E-3,-8.546201861E-4
9.222238696E1,9.546241490E-4,9.241164662E-4,-1.187887974E-4
9.223234996E1,2.669953974E-4,1.672421116E-3,-1.048367005E-3
9.224231196E1,7.255917881E-4,9.609607514E-5,-1.876333845E-4
9.225227496E1,1.269955072E-3,-4.211041611E-3,9.681240190E-4
9.226223796E1,-2.023842651E-3,8.111476200E-4,2.160473960E-4
9.227219996E1,2.237556037E-4,-2.087027766E-3,6.699172081E-4
9.228216296E1,-3.080694471E-3,3.461934626E-3,5.186497001E-4
9.229212496E1,1.030057902E-4,-4.070008174E-3,3.138607368E-3
9.230208796E1,-1.121781883E-3,3.613743931E-3,1.488778973E-3
9.231204996E1,1.654804219E-4,2.226158045E-3,2.477014204E-3
9.232201296E1,-1.199123333E-3,5.982547067E-3,4.258474801E-4
9.233197496E1,-9.673170280E-5,-3.133685561E-3,1.704360009E-3
9.234193796E1,-1.842433703E-3,6.166605279E-3,1.014601323E-3
9.235189996E1,2.021852415E-4,-5.930460058E-3,3.135340521E-3
9.236186296E1,-6.036873674E-4,-1.221990678E-3,5.424868432E-4
9.237182496E1,-1.046807156E-3,4.162285477E-3,1.109299948E-3
9.238178796E1,1.952444902E-3,-4.373411648E-3,5.204749177E-4
9.239174996E1,-1.297738519E-3,-1.010742038E-3,3.435876570E-4
9.240171296E1,-1.246605883E-3,-1.737518702E-3,1.739443396E-4
9.241167596E1,1.168442192E-3,-9.082702454E-4,2.018808620E-3
9.242163796E1,-5.591504741E-4,3.867310006E-3,1.611344982E-3
9.243160096E1,1.294942340E-3,3.843341488E-3,3.332939814E-4
9.244156296E1,8.318185573E-4,8.949560579E-4,1.231045462E-3
9.245152596E1,-5.075640511E-4,2.407493768E-3,2.034684643E-3
9.246148796E1,-2.630369738E-3,3.826924367E-4,1.465034438E-4
9.247145096E1,-3.042899538E-3,-2.905985108E-3,1.077645924E-3
9.248141296E1,-9.728244040E-4,-3.015707480E-3,5.190900993E-6
9.249137596E1,-6.092088297E-4,8.409018628E-4,2.431604080E-4
9.250133796E1,1.789500471E-3,-3.578081494E-3,-1.328104641E-3
9.251130096E1,5.990049103E-4,-1.839834731E-4,-7.854056312E-4
9.252126296E1,3.015366383E-5,1.865318976E-3,-1.399796922E-3
9.253122596E1,2.705596387E-3,-7.950179279E-4,1.268250053E-3
9.254118896E1,1.116488129E-3,3.316902788E-3,7.164430572E-4
9.255115096E1,-8.693110431E-4,3.903597128E-3,-4.507158883E-4
9.256111396E1,8.774563903E-4,3.032697132E-4,1.667296165E-3
9.257107596E1,9.136587614E-4,1.797046862E-3,1.467644353E-3
9.258103896E1,-2.913303673E-3,-2.083133440E-4,-4.466358805E-4
9.259100096E1,-8.682623738E-4,-1.600347692E-3,1.092404942E-3
9.260096396E1,-1.107946853E-3,-2.432009205E-4,-6.343887653E-4
9.261092596E1,-1.201423584E-3,2.264368813E-4,-1.217001118E-4
9.262088896E1,-9.002198931E-4,-9.445550386E-4,6.026796182E-4
9.263085096E1,1.480949577E-4,3.242143430E-4,-4.167643492E-4
9.264081396E1,2.500731498E-3,-1.069417922E-3,-2.849378507E-4
9.265077596E1,7.653060602E-4,-8.521375712E-4,-3.280100063E-4
9.266073896E1,3.658318892E-4,7.795813726E-4,-2.523762523E-4
9.267070096E1,4.468103871E-4,8.148897905E-5,-7.671504864E-4
9.268066396E1,2.328888513E-6,3.264996922E-4,6.299437955E-4
9.269062696E1,9.126611985E-6,-1.826148480E-3,4.987993161E-4
9.270058896E1,-2.159219235E-3,1.079094014E-3,-2.114656963E-4
9.271055196E1,7.113723550E-4,-3.398980480E-4,3.066381905E-4
9.272051396E1,7.475913735E-4,-5.249876995E-4,-5.642154720E-4
9.273047696E1,-1.465476118E-3,-5.929342005E-4,9.695796180E-4
9.274043896E1,2.796932822E-4,1.000168733E-3,-1.117273467E-3
9.275040196E1,1.457823208E-3,1.266836422E-3,7.418082678E-4
9.276036396E1,9.116089204E-4,-3.038961440E-4,-1.085390686E-4
9.277032696E1,8.239290910E-4,-1.308010891E-3,-2.313639270E-4
9.278028896E1,-5.465337308E-4,-1.812413568E-3,-1.461427892E-4
9.279025196E1,-1.172721735E-3,-1.387777040E-3,-1.443816000E-4
9.280021396E1,-5.114589585E-4,-5.558056291E-4,5.371213192E-4
9.281017696E1,2.061687410E-4,-1.741530374E-3,-2.973961527E-4
9.282013896E1,-5.080910632E-4,-6.853207015E-4,1.465350157E-3
9.283010196E1,-2.475110814E-4,-2.864398994E-4,-8.656916325E-4
9.284006496E1,2.253346611E-5,-5.716644228E-4,5.987806362E-4
9.285002696E1,9.409850463E-4,1.100353897E-3,4.703376326E-4
9.285998996E1,9.388545295E-4,9.706579149E-4,1.088716090E-6
9.286995196E1,-2.136195544E-4,3.074487206E-3,2.976786345E-4
9.287991496E1,-1.566277351E-4,1.170060597E-3,3.354955697E-4
9.288987696E1,3.120081965E-4,3.351933556E-4,-6.560123293E-4
9.289983996E1,5.570190260E-4,-4.936708137E-5,8.297652239E-4
9.290980196E1,7.753039245E-4,-4.504048266E-4,1.637053210E-4
9.291976496E1,3.680936061E-5,-1.286903862E-3,-1.529532485E-3
9.292972696E1,-2.305801958E-3,-1.866914332E-3,-4.249163321E-4
9.293968996E1,-5.840681260E-4,-2.400079276E-3,4.006636445E-4
9.294965196E1,-1.914883382E-3,1.021727454E-3,-1.212805510E-4
9.295961496E1,6.769049214E-4,6.960228784E-4,3.096189466E-4
9.296957696E1,1.046068966E-3,1.016239636E-3,3.086909419E-4
9.297953996E1,1.818918274E-3,8.306172676E-4,6.799355615E-4
9.298950196E1,8.880706737E-4,6.916862912E-4,-7.292733062E-5
9.299946479E1,5.695566069E-4,-5.200519226E-4,5.917976378E-4
9.300942779E1,-1.083542593E-3,1.438845647E-4,9.645162500E-4
9.301938979E1,1.138146035E-4,-1.955485437E-3,-4.054137971E-4
9.302935279E1,-5.588700296E-4,-2.364905085E-4,4.962002276E-4
9.303931479E1,3.825137764E-2,-3.140639514E-2,1.677312190E-3
9.304927779E1,-7.261089981E-3,1.196927391E-2,-1.080139074E-2
9.305923979E1,-3.726106882E-2,1.536036432E-1,4.750138149E-3
9.306920279E1,8.586623520E-2,-1.877686828E-1,5.619802047E-3
9.307916479E1,-4.950330406E-2,3.811558709E-2,-5.864547566E-3
9.308912779E1,-5.170780793E-2,8.520814776E-2,-6.014201790E-4
9.309908979E1,3.560606018E-2,-1.315425485E-1,1.037489157E-3
9.310905279E1,-2.070269175E-2,4.495066404E-2,-2.641877392E-3
9.311901479E1,1.329335850E-2,1.473710313E-2,2.204543212E-3
9.312897779E1,2.571863681E-2,-1.869473234E-2,-6.129893591E-4
9.313893979E1,-1.994046196E-2,6.090874970E-2,-2.000762615E-3
9.314890279E1,1.149929501E-2,-3.880234063E-2,3.192164586E-4
9.315886479E1,2.507665195E-3,-2.393258363E-2,1.735415426E-4
9.316882779E1,-8.861321025E-3,2.507084049E-2,-2.493205946E-3
9.317879079E1,4.318929277E-3,3.000159282E-3,-3.208654816E-4
9.318875279E1,5.390241276E-3,-2.191501437E-3,-6.534623681E-4
9.319871579E1,1.603226294E-3,-6.960957311E-3,1.690119505E-3
9.320867779E1,-2.659241203E-3,-7.777232677E-4,-5.453060730E-4
9.321864079E1,-7.019634359E-3,2.330718329E-3,-7.650168845E-4
9.322860279E1,-4.932110198E-3,-4.392765462E-3,-1.126120216E-3
9.323856579E1,3.655518871E-3,-1.053241640E-2,4.323616740E-4
9.324852779E1,5.799881648E-3,2.035090234E-3,-4.294835380E-4
9.325849079E1,-6.067042705E-5,1.497512404E-2,-8.577198023E-4
9.326845279E1,4.032609053E-3,2.239664551E-3,4.151398316E-4
9.327841579E1,1.230164547E-3,-5.754079670E-3,8.857203647E-4
9.328837779E1,-1.387081691E-3,-2.988395281E-3,-6.830876227E-4
9.329834079E1,-2.700286452E-3,3.285213374E-3,-1.908141654E-3
9.330830279E1,-6.877969718E-4,-1.682219096E-3,-2.709007356E-3
9.331826579E1,1.143925125E-3,-4.819156602E-3,-1.066902420E-3
9.332822879E1,-2.522146096E-4,-2.942770021E-3,1.091792015E-3
9.333819079E1,-2.158771735E-3,1.278606826E-3,-1.644211006E-4
9.334815379E1,-1.125903451E-3,2.318922663E-3,-9.949118830E-4
9.335811579E1,-9.570590919E-4,-4.463270307E-5,5.084425211E-4
9.336807879E1,1.723381225E-3,-2.799345879E-3,1.236547832E-4
9.337804079E1,6.874115206E-4,2.628442599E-3,-6.593145663E-4
9.338800379E1,1.101533067E-3,4.094246309E-3,3.135381849E-4
9.339796579E1,1.995556289E-3,-8.666899521E-4,-1.146406750E-3
9.340792879E1,-1.729187206E-3,-1.672717743E-3,-6.414784584E-4
9.341789079E1,9.108346421E-5,-4.838826135E-4,-5.687741796E-4
9.342785379E1,-2.969754860E-7,-8.199107833E-5,-7.622154662E-4
9.343781579E1,1.292933943E-3,-3.320618998E-4,-3.920360468E-4
9.344777879E1,6.013110979E-4,-3.389903344E-3,6.748262094E-4
9.345774079E1,-4.604911665E-4,-4.814653657E-4,-1.896358444E-4
9.346770379E1,-8.833672618E-4,-6.913428660E-4,-1.783547341E-4
9.347766579E1,-7.992113242E-4,8.034894709E-4,1.619972754E-4
9.348762879E1,5.976167740E-4,3.728562733E-4,8.656043792E-4
9.349759079E1,1.896174042E-3,1.748645329E-3,1.030986779E-3
9.350755379E1,9.939874290E-4,1.532974071E-3,-1.288612373E-3
9.351751679E1,1.479748054E-3,-1.185314497E-3,-8.859205991E-5
9.352747879E1,3.120944602E-4,-2.153757960E-4,-6.300082896E-5
9.353744179E1,8.463244885E-4,-9.911546949E-4,-4.888605326E-5
9.354740379E1,-1.114842598E-3,3.292591777E-3,9.928965010E-4
9.355736679E1,4.835866857E-4,-2.439063275E-3,8.115351666E-4
9.356732879E1,-4.732717061E-4,2.253772691E-4,-4.063011147E-5
9.357729179E1,-1.439999207E-3,2.964172047E-3,9.735016502E-4
9.358725379E1,1.897941343E-3,-5.099531263E-3,4.200400435E-4
9.359721679E1,1.087275101E-3,-9.665719699E-4,-2.843660768E-4
9.360717879E1,-3.402739530E-4,2.116751391E-3,4.437868483E-6
9.361714179E1,1.838458120E-3,5.654600682E-4,-6.640155334E-4
9.362710379E1,2.240237780E-3,-6.825451273E-4,-1.059509232E-3
9.363706679E1,-6.799182156E-4,8.000367088E-4,-2.114276867E-5
9.364702879E1,-5.752708530E-4,3.127289237E-4,5.045192083E-4
9.365699179E1,-3.358384129E-5,-1.948694699E-4,1.226768596E-3
9.366695379E1,-7.919600466E-4,1.477374579E-3,1.193759963E-3
9.367691679E1,-2.747742692E-4,4.651070340E-4,2.210288541E-3
9.368687979E1,6.556255976E-4,-1.646016492E-3,-9.305687854E-4
9.369684179E1,-4.312103847E-4,5.174882244E-5,-5.129851052E-4
9.370680479E1,-3.485415364E-4,-2.324513625E-3,3.489485243E-5
9.371676679E1,-4.390889080E-4,-6.216883194E-4,-2.015739214E-3
9.372672979E1,8.572268998E-4,-1.487824600E-3,-9.326954605E-4
9.373669179E1,1.041783951E-3,6.909074727E-4,1.040174393E-3
9.374665479E1,2.467184095E-4,1.733728335E-3,-1.353538712E-3
9.375661679E1,1.156720566E-3,3.840383142E-4,-3.508586087E-4
9.376657979E1,4.841346527E-4,1.043766737E-3,-7.790594827E-5
9.377654179E1,-1.907102996E-4,-2.228459110E-3,-8.417005301E-4
9.378650479E1,9.534442797E-4,5.450624740E-4,-1.247512992E-3
9.379646679E1,2.213683911E-5,-1.956977183E-3,-9.721421520E-4
9.380642979E1,1.190780895E-4,-3.161637578E-4,8.980644634E-4
9.381639179E1,1.012035995E-3,-6.365419831E-4,9.571866831E-4
9.382635479E1,3.116638400E-4,3.082966432E-4,1.204397413E-3
9.383631679E1,1.144434325E-3,-3.456880571E-3,-5.775236641E-4
9.384627979E1,-1.905512414E-3,2.356448444E-3,3.161230125E-4
9.385624179E1,1.251664944E-3,5.742609501E-4,1.167269191E-3
9.386620479E1,1.566033112E-3,1.188512892E-3,-1.154550002E-3
9.387616779E1,1.400384586E-3,3.078025766E-3,1.025779871E-3
9.388612979E1,1.826392137E-3,5.004968261E-4,-1.713565085E-3
9.389609279E1,2.183427569E-5,-1.101927133E-3,-1.452042721E-3
9.390605479E1,-4.678228870E-4,-1.492491458E-3,-1.805426553E-3
9.391601779E1,-7.509170100E-4,-1.083696261E-3,-1.726064365E-3
9.392597979E1,-7.827205118E-4,-1.660611015E-3,-1.065930584E-3
9.393594279E1,1.141946064E-3,-1.199722756E-4,-2.376874327E-4
9.394590479E1,6.541982293E-4,7.714013336E-4,-2.331353026E-4
9.395586779E1,8.059983375E-4,1.170625910E-4,3.674075124E-4
9.396582979E1,6.455684779E-4,-9.062930476E-4,6.411281065E-4
9.397579279E1,-1.214649528E-3,-1.932494342E-8,3.772088676E-4
9.398575479E1,-3.732163459E-4,9.584274376E-4,-4.013432190E-4
9.399571779E1,4.923110828E-4,1.154169673E-3,-1.694840612E-3
9.400567979E1,2.324149245E-4,1.000151853E-3,4.604292335E-4
9.401564279E1,7.253660588E-4,1.740776934E-3,1.544320257E-4
9.402560479E1,7.185997674E-4,-2.101402497E-3,6.240182556E-4
9.403556779E1,-2.309062984E-5,-5.522414576E-4,-1.141124871E-3
9.404552979E1,-2.333365381E-3,-1.136469655E-5,-5.105684977E-6
9.405549279E1,-3.383915173E-4,-1.696080435E-3,-7.902055513E-4
9.406545579E1,-1.706082257E-3,-1.287782099E-3,-2.850749297E-4
9.407541779E1,7.589396555E-4,-6.523518823E-4,-8.355503087E-4
9.408538079E1,-1.047889120E-3,1.942915842E-4,-5.504819565E-4
9.409534279E1,-3.477440914E-4,1.292046625E-3,5.097223911E-4
9.410530579E1,2.038222738E-5,1.133684767E-3,1.894534100E-3
9.411526779E1,-2.350149443E-4,-5.033605266E-4,2.210038365E-4
9.412523079E1,-1.102690934E-3,5.459381500E-4,1.462654909E-3
9.413519279E1,1.180170570E-3,-1.585655846E-3,1.660261536E-3
9.414515579E1,-2.455100184E-4,2.450581873E-3,-1.025018282E-3
9.415511779E1,4.772719694E-4,2.022079425E-3,8.823377430E-4
9.416508079E1,1.595503069E-3,-3.662178759E-3,-1.364753349E-3
9.417504279E1,-3.560612677E-4,-2.828609664E-3,7.095828769E-4
9.418500579E1,-9.304861305E-4,6.800231058E-3,-3.725697752E-4
9.419496779E1,1.067683683E-3,-1.133749448E-2,-2.300906926E-4
9.420493079E1,-2.181452699E-3,2.890307922E-3,-5.665508797E-4
9.421489279E1,-6.743696285E-4,8.165042382E-4,-1.685078489E-3
9.422485579E1,3.277204465E-3,-6.012301426E-3,-5.956426030E-4
9.423481779E1,-2.735680901E-3,2.669071313E-3,1.966478303E-4
9.424478079E1,-1.737199491E-4,-1.348464517E-3,-5.114210071E-4
9.425474279E1,1.137886778E-3,2.796213143E-3,-4.312598612E-4
9.426470579E1,1.632783096E-4,2.075065160E-3,8.065064903E-4
9.427466879E1,1.873560366E-3,6.074867211E-3,-2.108210465E-4
9.428463079E1,2.488231519E-3,1.658499357E-3,1.187917311E-3
9.429459379E1,1.593409455E-3,3.956374712E-5,1.229995396E-3
9.430455579E1,-1.453566947E-3,2.163809258E-3,-1.539884368E-3
9.431451879E1,-3.085019533E-3,-2.658376470E-3,1.014886075E-3
9.432448079E1,-1.179776504E-3,-4.174525850E-3,-1.660448615E-4
9.433444379E1,-2.212550491E-3,-3.219970968E-4,-2.837565844E-4
9.434440579E1,3.033833345E-4,-2.320009982E-3,-1.523184590E-3
9.435436879E1,-4.633407807E-4,-1.247664914E-4,-9.665839025E-4
9.436433079E1,3.607217222E-4,-1.188830938E-3,-1.370216254E-3
9.437429379E1,7.375590503E-4,-1.214131014E-3,1.091698068E-4
9.438425579E1,-3.107279772E-4,8.014335763E-4,-8.919691318E-4
9.439421879E1,5.824964028E-4,-1.307257451E-3,-4.568086006E-4
9.440418079E1,-1.466431539E-3,-4.334365949E-4,-1.283258433E-3
9.441414379E1,1.802009065E-4,2.570076380E-3,-1.465951209E-3
9.442410579E1,2.272055484E-3,1.870619366E-3,2.994900569E-6
9.443406879E1,1.404131181E-3,5.998518784E-3,-1.022055745E-3
9.444403079E1,3.109430196E-3,2.163664205E-3,-9.951897664E-4
9.445399379E1,2.392241033E-3,5.268853856E-4,-1.292664907E-3
9.446395579E1,-1.857162104E-3,-1.725228969E-3,1.167581067E-4
9.447391879E1,-1.984194852E-3,-4.374807701E-3,-1.149574993E-3
9.448388079E1,-3.100479487E-3,-3.893502289E-3,-2.002788009E-3
9.449384379E1,-8.325317176E-4,-3.183769761E-3,-1.669360208E-3
9.450380679E1,2.052123658E-3,-1.844865270E-3,-1.059599221E-3
9.451376879E1,8.268032689E-4,4.364827648E-3,-9.117937298E-4
9.452373179E1,1.830941183E-3,-9.401657153E-4,-3.721851157E-3
9.453369379E1,1.722284127E-3,1.035899622E-3,-1.528205466E-3
9.454365679E1,1.436102786E-3,1.679089852E-3,-2.423897618E-3
9.455361879E1,1.589500811E-3,3.421830479E-4,-3.405066091E-4
9.456358179E1,-1.303676981E-5,1.411905629E-3,-1.277203904E-3
9.457354379E1,-2.916035010E-4,-1.149788965E-3,-9.424446034E-4
9.458350679E1,3.465402406E-4,-1.473971177E-3,-1.148964162E-3
9.459346879E1,-1.526993583E-3,3.934373381E-4,-6.094077253E-4
9.460343179E1,-1.563492580E-3,-2.401503036E-3,7.460949710E-4
9.461339379E1,3.401349531E-4,-1.294426853E-3,-8.459427045E-4
9.462335679E1,-2.621003659E-4,-7.312525995E-4,-1.755295089E-3
9.463331879E1,1.110492973E-3,-1.274803886E-3,6.428815541E-4
9.464328179E1,-1.005216851E-3,-6.847642362E-5,-2.182675526E-4
9.465324379E1,-3.101319307E-4,-5.931190681E-4,-1.773150871E-5
9.466320679E1,-3.409121418E-4,1.391274738E-3,1.425232971E-3
9.467316879E1,-9.435854154E-4,-3.528294619E-4,-5.508325994E-4
9.468313179E1,3.348406171E-4,-6.316229701E-6,-2.227629768E-3
9.469309479E1,1.729537966E-3,-1.739767846E-3,-2.518305555E-4
9.470305679E1,5.811536685E-4,2.311000368E-3,-5.323537625E-4
9.471301879E1,3.806176828E-4,-8.408508729E-4,1.258355798E-3
9.472298179E1,-3.249373985E-4,5.885630380E-4,-1.263362821E-3
9.473294479E1,4.545698175E-4,5.427566357E-4,-2.513616346E-4
9.474290679E1,4.220521078E-4,6.339323008E-4,9.810568299E-4
9.475286979E1,1.591981854E-4,1.229415066E-3,-6.389440969E-4
9.476283179E1,1.200115308E-3,-8.212912362E-4,-1.368714031E-3
9.477279479E1,-2.390568843E-4,-1.101988368E-3,1.165283844E-3
9.478275679E1,-2.093493007E-3,-2.157496521E-3,-1.343070180E-4
9.479271979E1,-1.476438600E-3,-1.730325632E-3,7.858151221E-4
9.480268179E1,-5.428922595E-4,-3.016329138E-3,4.978564684E-4
9.481264479E1,-6.726477295E-7,2.290817909E-3,6.696304190E-4
9.482260679E1,1.379870111E-3,2.821562579E-3,1.853622962E-5
9.483256979E1,2.660051687E-3,1.501966268E-3,1.706027542E-4
9.484253179E1,1.870169071E-4,4.935786128E-3,-2.375800395E-4
9.485249479E1,-1.087039243E-3,7.540908409E-4,7.797474973E-4
9.486245679E1,-6.296911743E-4,-1.243378501E-3,-3.920327872E-4
9.487241979E1,-2.540242858E-3,-6.345799193E-4,-2.556916326E-3
9.488238179E1,-2.302275272E-3,-3.276290605E-3,-1.379183261E-3
9.489234479E1,-6.907964125E-4,-3.396133194E-3,-4.920843639E-4
9.490230679E1,3.077895381E-4,6.443071179E-4,-1.145201037E-3
9.491226979E1,9.253765456E-4,3.255266929E-4,-8.551827632E-4
9.492223179E1,9.442269802E-4,-8.784041274E-4,3.177897306E-4
9.493219479E1,1.558351913E-3,1.680360991E-3,7.531489246E-6
9.494215779E1,-1.168946736E-3,-1.772268442E-3,1.393652055E-4
9.495211979E1,9.264283581E-4,-1.922149677E-4,4.213940119E-4
9.496208279E1,8.563873125E-4,7.396249566E-4,1.245642314E-3
9.497204479E1,1.188483438E-3,2.053949283E-4,5.674548447E-6
9.498200779E1,5.283704959E-4,-5.852596369E-4,-2.511931234E-4
9.499196979E1,7.329012733E-4,1.404654235E-3,-3.747637966E-4
9.500193292E1,-2.395606134E-5,3.262932412E-3,4.966693814E-4
9.501189492E1,1.336120302E-3,-3.682591487E-3,5.058984971E-5
9.502185792E1,-4.067714792E-3,5.602180026E-3,-5.730659468E-4
9.503181992E1,-8.855032502E-4,-4.874695558E-3,-3.482951433E-4
9.504178292E1,-1.859499374E-3,-4.492283333E-3,8.217326831E-5
9.505174492E1,-3.200401086E-3,-3.259506077E-3,9.524943307E-4
9.506170792E1,-3.257069038E-4,-3.236912191E-3,-4.048331175E-5
9.507166992E1,1.459676307E-3,1.657711691E-3,-2.964130836E-4
9.508163292E1,2.095025731E-3,5.465100519E-3,4.060259089E-4
9.509159492E1,3.067345824E-3,3.577984404E-3,-5.976093234E-5
9.510155792E1,4.408279201E-4,5.284234881E-3,8.479153039E-4
9.511151992E1,-2.574528335E-4,9.065308841E-4,1.145124203E-3
9.512148292E1,-4.152178299E-4,-2.052180469E-3,-5.500487750E-4
9.513144492E1,-2.084220992E-3,-1.231394242E-3,-5.540434504E-4
9.514140792E1,-1.478400780E-3,-2.324040746E-3,-2.099977573E-3
9.515136992E1,-3.398994450E-4,-1.881423406E-3,1.610461040E-4
9.516133292E1,-3.446785267E-4,-1.322300872E-3,-6.257153582E-4
9.517129492E1,1.237716060E-4,-1.447735820E-3,6.404326996E-5
9.518125792E1,-5.847755820E-4,-1.010702690E-3,6.393951480E-4
9.519122092E1,-4.699933343E-4,-8.948552422E-4,1.427158015E-3
9.520118292E1,9.270745795E-5,1.936149783E-5,8.852744941E-6
9.521114592E1,6.112249102E-4,1.927516307E-3,1.261071186E-3
9.522110792E1,-4.852254642E-4,1.042376272E-3,-3.299940145E-4
9.523107092E1,-3.515125718E-5,-3.967960365E-4,7.946589030E-4
9.524103292E1,1.263838843E-3,2.527503762E-3,1.264689490E-3
9.525099592E1,2.516323468E-3,1.165440772E-4,1.573083689E-3
9.526095792E1,-1.912962412E-3,-1.176678343E-3,3.743167617E-4
9.527092092E1,-8.026906289E-4,-9.417873807E-4,1.576734008E-3
9.528088292E1,-4.019258777E-4,-2.017264022E-3,-2.551134676E-4
9.529084592E1,-2.491175663E-3,6.187328836E-4,-1.039680676E-3
9.530080792E1,1.349812606E-3,1.446923008E-3,-1.128378557E-3
9.531077092E1,1.452610712E-3,-1.354456181E-3,2.332956647E-4
9.532073292E1,-8.900196990E-4,9.666860569E-4,5.623988691E-4
9.533069592E1,-5.134487292E-4,-4.975199699E-4,6.609358243E-4
9.534065792E1,4.522015806E-4,-9.966248181E-4,-4.452232388E-4
9.535062092E1,1.070587547E-3,3.189767012E-4,-2.319040359E-4
9.536058292E1,-2.281928901E-4,1.630856423E-3,-2.604213078E-3
9.537054592E1,-1.749296207E-4,1.070793602E-3,2.978336415E-4
9.538050792E1,-5.487049930E-4,6.782979472E-4,1.583585865E-3
9.539047092E1,5.328047555E-4,4.817566369E-4,7.811755640E-4
9.540043292E1,5.766968243E-4,8.639945881E-4,1.140027773E-3
9.541039592E1,-6.126707885E-4,-9.634664748E-4,1.242981525E-4
9.542035792E1,-8.279306348E-4,-9.933921974E-4,4.729377688E-4
9.543032092E1,-8.409800939E-4,-4.474441521E-4,-7.076415350E-4
9.544028292E1,-3.110561520E-4,-1.134165097E-3,4.309637006E-5
9.545024592E1,-6.018648855E-5,-9.831637144E-4,6.466801278E-5
9.546020792E1,-2.912587952E-4,1.408405486E-3,3.469775547E-4
9.547017092E1,1.587867737E-3,-9.245236870E-4,-4.381223698E-4
9.548013392E1,-3.512073308E-4,8.339527994E-4,1.580771292E-3
9.549009592E1,2.061923733E-4,5.844146945E-4,4.984627012E-4
9.550005892E1,-8.314561564E-4,-8.808851708E-4,-5.291316193E-4
9.551002092E1,5.323487567E-4,-2.097687684E-4,1.688216231E-3
9.551998392E1,-1.303684898E-3,-4.174197093E-4,1.121353824E-3
9.552994592E1,5.456141662E-4,-2.178301802E-3,1.342928736E-3
9.553990892E1,-7.858211175E-4,-1.038992777E-3,-1.164412708E-3
9.554987092E1,7.098101778E-4,8.087083697E-4,1.376972068E-5
9.555983392E1,3.765986767E-4,1.526771346E-3,-6.564233918E-4
9.556979592E1,5.731399870E-4,-1.781843603E-4,-3.925041528E-4
9.557975892E1,1.486591180E-3,4.943102831E-4,1.528654015E-3
9.558972092E1,-9.392821230E-4,1.131338533E-3,1.805888955E-3
9.559968392E1,1.080760267E-3,3.475466510E-4,-1.024365774E-4
9.560964592E1,4.490584834E-4,-1.115327701E-3,1.756982412E-3
9.561960892E1,-1.928247511E-3,1.328673679E-4,1.642126474E-3
9.562957092E1,-1.855809474E-3,-1.451666467E-4,8.258676389E-4
9.563953392E1,2.181907184E-4,-3.578001633E-5,2.153710229E-4
9.564949592E1,2.354312222E-3,1.479825005E-3,2.541375812E-3
9.565945892E1,4.399369936E-4,-2.574431710E-5,1.686352189E-3
9.566942092E1,-7.976340130E-4,-6.569176912E-5,9.425312746E-4
9.567938392E1,-1.158244442E-3,3.452488454E-4,-1.188977389E-3
9.568934592E1,-9.409303311E-4,1.931823790E-4,6.752352929E-4
9.569930892E1,2.077158075E-3,-2.320372732E-3,-3.232836607E-4
9.570927092E1,-9.652371518E-4,8.679635357E-4,1.101773931E-3
9.571923392E1,-4.330922384E-4,1.281709410E-3,8.085669833E-4
9.572919592E1,-6.717396900E-5,-4.085989203E-4,1.396859298E-3
9.573915892E1,-6.469755899E-4,2.067402704E-3,-1.107538352E-3
9.574912092E1,-7.258050609E-4,-1.294389367E-4,2.080531791E-3
9.575908392E1,5.185574992E-4,-1.235237578E-3,-2.316028113E-4
9.576904692E1,1.932962332E-3,8.934270591E-4,-4.518462229E-4
9.577900892E1,1.302686287E-4,1.738409046E-4,1.080270391E-3
9.578897192E1,-4.758669529E-4,-2.200101037E-3,1.398784574E-3
9.579893392E1,-1.757857390E-4,1.332467888E-3,-3.688092693E-4
9.580889692E1,-1.180596417E-3,-7.200303953E-4,1.659720554E-3
9.581885892E1,-1.406775322E-3,-2.341460437E-3,1.185177010E-3
9.582882192E1,-7.564316038E-4,8.596591651E-4,3.124591894E-4
9.583878392E1,1.299899304E-4,-8.807284757E-6,6.264213007E-4
9.584874692E1,-6.814929657E-5,1.867922372E-3,1.034950255E-3
9.585870892E1,-1.442010747E-3,4.174432252E-4,1.604788471E-3
9.586867192E1,-1.236947253E-3,-1.431521960E-4,1.082276227E-3
9.587863392E1,-1.145645510E-4,1.127731288E-3,9.686692501E-4
9.588859692E1,-3.899354488E-4,-2.914573997E-5,1.883198740E-3
9.589855892E1,-1.877883915E-4,-8.595653344E-4,-8.962448919E-5
9.590852192E1,-4.296035040E-4,-1.101380214E-3,1.069383114E-3
9.591848392E1,-1.794305746E-3,-3.226590343E-5,1.735674916E-3
9.592844692E1,6.467476487E-4,8.963784203E-4,4.618848325E-4
9.593840892E1,-1.388980076E-3,-2.249635290E-4,7.676057867E-4
9.594837192E1,-4.507484846E-4,1.901037991E-3,-5.663716001E-4
9.595833392E1,-1.981471200E-3,-1.147865318E-3,1.496423269E-3
9.596829692E1,1.743758214E-3,1.000240329E-3,-2.431535395E-4
9.597825892E1,-7.837082958E-4,-1.844305312E-3,-5.332818255E-4
9.598822192E1,-9.565475630E-4,-2.072600182E-4,-1.146328868E-4
9.599818392E1,-2.102239523E-3,-1.867431216E-3,3.256538766E-4
9.600814642E1,-1.765349763E-3,3.965221113E-4,-3.603764926E-4
9.601810842E1,-1.016053138E-3,-2.448512474E-3,-1.162792323E-3
9.602807142E1,-1.237361692E-3,3.948666621E-3,3.568073735E-4
9.603803342E1,7.522704545E-4,-1.496001147E-3,5.427483702E-4
9.604799642E1,1.394891180E-3,-2.307335380E-4,1.613605535E-3
9.605795842E1,-3.976626322E-4,2.958741970E-3,6.361239357E-4
9.606792142E1,-5.502616987E-4,-3.848567139E-4,1.154375146E-3
9.607788342E1,5.561253056E-5,6.999338511E-4,6.331648910E-4
9.608784642E1,6.867817137E-4,1.523915911E-3,-1.194444485E-4
9.609780842E1,-7.470366545E-4,-1.729466021E-5,3.776099184E-4
9.610777142E1,2.250171965E-4,-1.112120226E-3,2.748118131E-4
9.611773342E1,-1.187320566E-3,-2.530131955E-3,-1.302500255E-3
9.612769642E1,-3.774531651E-4,4.917570623E-4,4.442670615E-4
9.613765942E1,1.549109118E-3,-3.124876646E-3,-6.817565300E-4
9.614762142E1,-4.418699536E-4,3.249399364E-3,1.014791778E-4
9.615758442E1,1.399705885E-3,2.464191057E-4,-1.177637139E-3
9.616754642E1,5.496247904E-4,2.301738132E-4,-7.059912896E-4
9.617750942E1,-2.877425868E-4,2.949254587E-3,-1.961482340E-4
9.618747142E1,1.638521906E-3,-2.833799925E-3,-1.412680140E-3
9.619743442E1,-4.341002787E-4,1.487469533E-3,-1.733230427E-3
9.620739642E1,-7.537251804E-5,7.929170970E-4,8.252683911E-4
9.621735942E1,-1.610232401E-3,9.218299529E-4,-5.684368080E-4
9.622732142E1,-1.341519295E-3,-6.390488707E-4,-8.800253272E-5
9.623728442E1,3.116902662E-4,2.656744327E-4,5.743496586E-4
9.624724642E1,-3.132480197E-5,2.015104983E-3,7.975226035E-4
9.625720942E1,-2.307790564E-4,-2.976772375E-4,2.592857927E-4
9.626717142E1,4.866764648E-4,-5.639484152E-5,1.110432204E-3
9.627713442E1,9.416998364E-5,-6.054940168E-4,1.530226786E-3
9.628709642E1,-2.054355573E-4,-1.464895904E-3,9.533861303E-4
9.629705942E1,-6.152841961E-4,2.890880220E-3,2.073154785E-3
9.630702142E1,1.376227592E-3,-1.871384447E-3,1.269412576E-3
9.631698442E1,-5.527759204E-4,-3.715918865E-4,1.557065872E-3
9.632694642E1,-6.563727511E-4,-3.454929683E-4,1.107790507E-3
9.633690942E1,-4.747897619E-4,2.998977434E-4,2.834310522E-3
9.634687142E1,-1.783999731E-3,-1.708392054E-3,1.605794299E-3
9.635683442E1,-1.705892733E-3,3.143775975E-4,7.666005404E-4
9.636679642E1,1.332863467E-4,-1.393773826E-3,3.447557683E-4
9.637675942E1,5.534882657E-4,1.918505994E-3,1.316802343E-3
9.638672142E1,-1.067094272E-4,8.021089016E-4,4.198496463E-4
9.639668442E1,1.054070075E-3,6.675870391E-4,1.241280464E-3
9.640664642E1,4.583209520E-4,4.268373596E-4,-1.416554209E-3
9.641660942E1,7.354678819E-4,8.334467420E-4,2.820786554E-3
9.642657142E1,7.951227017E-4,1.049429062E-3,-1.976400963E-4
9.643653442E1,9.795527440E-4,5.474004429E-4,1.705650939E-4
9.644649642E1,8.397368947E-4,-2.058236394E-3,1.328773797E-3
9.645645942E1,7.768033538E-4,-2.429075772E-3,8.993697702E-4
9.646642142E1,-6.389330374E-4,-1.667944249E-3,-7.428193931E-5
9.647638442E1,-5.143663147E-4,-4.459887743E-3,2.707150998E-4
9.648634642E1,7.485046517E-4,-1.957847737E-3,-1.424312359E-5
9.649630942E1,-7.750614313E-4,6.573941791E-4,1.355337910E-3
9.650627142E1,-1.841060584E-4,6.707099965E-4,7.854214055E-4
9.651623442E1,1.277138712E-3,2.973073628E-3,7.263383013E-4
9.652619742E1,2.166368067E-3,8.611869998E-4,-1.677963417E-3
9.653615942E1,-8.287513629E-5,2.029983327E-3,2.092699753E-3
9.654612242E1,2.042327542E-3,2.262743656E-3,1.340889372E-3
9.655608442E1,1.111573307E-3,-9.898343123E-4,-2.402767423E-4
9.656604742E1,-1.100981026E-3,-2.880678512E-3,1.055617351E-3
9.657600942E1,-3.895254340E-4,4.163535777E-5,4.836689332E-4
9.658597242E1,5.769357085E-4,-3.431392834E-3,9.446621989E-4
9.659593442E1,1.587255858E-3,-1.028354745E-4,8.808699204E-5
9.660589742E1,5.025502760E-4,3.927788930E-4,8.888994926E-4
9.661585942E1,7.356839487E-4,-1.026379876E-3,-7.146606222E-4
9.662582242E1,-4.459605552E-4,-7.454163861E-4,1.679787529E-3
9.663578442E1,-1.172396122E-3,3.029739950E-3,1.021529781E-3
9.664574742E1,-1.657214016E-4,1.258290140E-4,-1.177705126E-4
9.665570942E1,1.156636514E-3,-2.416649833E-3,1.257120632E-3
9.666567242E1,-2.394156065E-3,2.486496000E-3,1.105054282E-3
9.667563442E1,2.216106048E-3,-1.845888328E-3,1.408767188E-3
9.668559742E1,-1.318707597E-3,1.432267018E-4,9.263301035E-5
9.669555942E1,-7.794434205E-4,2.277292544E-3,-5.883309059E-4
9.670552242E1,-1.905694371E-3,-1.813589130E-3,-1.031747204E-3
9.671548442E1,-1.810202142E-3,-1.710796263E-3,-7.493604789E-4
9.672544742E1,3.634699387E-4,-8.964014705E-4,1.032826956E-3
9.673540942E1,4.483551020E-4,-3.252231982E-4,8.388486458E-4
9.674537242E1,2.548523946E-3,5.161401350E-5,-6.940668682E-4
9.675533442E1,1.350651495E-3,3.065397264E-3,2.342695952E-4
9.676529742E1,1.046518562E-3,1.027280116E-3,7.842124323E-4
9.677525942E1,-4.660034319E-4,-1.436363207E-3,3.960619215E-4
9.678522242E1,-8.947724709E-4,4.140010569E-4,-7.355152047E-4
9.679518442E1,-4.694453673E-4,1.515342155E-4,5.561404396E-4
9.680514742E1,1.136174425E-3,-9.406281170E-4,8.019502275E-4
9.681510942E1,9.358397219E-4,-7.379699964E-4,8.830919978E-4
9.682507242E1,-7.312991656E-4,-1.229323214E-3,9.772583144E-5
9.683503442E1,-1.025637728E-3,-6.182324141E-4,1.088662073E-3
9.684499742E1,4.143335391E-4,-1.055257162E-3,-1.562514808E-3
9.685495942E1,6.015882827E-4,1.573480666E-3,-1.030330313E-3
9.686492242E1,1.469778828E-3,-5.051165354E-4,2.501175622E-4
9.687488442E1,1.936174114E-3,1.026567537E-3,-2.748231636E-4
9.688484742E1,1.010459382E-3,9.506674251E-4,1.744520850E-4
9.689480942E1,3.693290055E-4,8.305197116E-4,-7.418708410E-4
9.690477242E1,2.593403915E-4,-8.342224173E-4,-1.343478914E-3
9.691473442E1,-9.387647733E-4,1.342921751E-4,-1.020295778E-3
9.692469742E1,-1.320395619E-3,-1.210337738E-3,-4.320034641E-4
9.693465942E1,7.269190392E-4,1.402133144E-3,-4.748117062E-4
9.694462242E1,-1.354126725E-4,1.897214795E-3,-4.481800715E-4
9.695458442E1,1.019539079E-3,-2.187586855E-3,2.211063402E-4
9.696454742E1,1.657296671E-4,2.947454341E-4,-8.819749346E-4
9.697450942E1,4.494265886E-4,8.724535583E-4,7.881934871E-4
9.698447242E1,1.070209313E-3,-1.073784661E-3,-4.440511693E-4
9.699443442E1,-1.824661158E-4,2.782307100E-3,-7.896352326E-5
9.700439708E1,4.652146017E-4,-3.226723056E-4,-7.356990827E-4
9.701436008E1,-2.810908481E-4,6.637058686E-4,4.195654183E-4
9.702432208E1,-4.059930798E-4,3.276266856E-3,-3.607406979E-4
9.703428508E1,5.802861415E-5,5.031318869E-4,1.493945834E-3
9.704424708E1,3.083657939E-4,-3.349648323E-4,2.313413424E-4
9.705421008E1,-1.007588813E-3,1.016264199E-3,-7.500483771E-4
9.706417208E1,-2.501858398E-4,-2.716422314E-3,-2.823973191E-4
9.707413508E1,-1.717949053E-3,-1.582265133E-3,-6.256921915E-5
9.708409708E1,1.496972982E-5,-5.974280648E-4,-4.378086305E-4
9.709406008E1,-1.092639053E-3,9.522652254E-4,4.207944730E-4
9.710402208E1,1.401383197E-4,2.255083760E-3,2.531509381E-5
9.711398508E1,-9.487101343E-4,2.954961266E-3,1.587151201E-4
9.712394708E1,-4.666778259E-4,8.382806554E-4,-1.215475961E-3
9.713391008E1,-2.456584480E-4,-1.431979705E-3,1.663453295E-4
9.714387208E1,5.530235358E-4,-3.062444739E-5,-4.861291382E-4
9.715383508E1,1.369846985E-3,-2.261616755E-4,3.735000500E-4
9.716379708E1,-1.128730830E-3,-4.509324208E-4,-1.180986990E-3
9.717376008E1,-1.993268961E-3,-1.390062971E-3,-6.328766467E-4
9.718372208E1,1.753798919E-3,-2.735225717E-3,1.992733916E-3
9.719368508E1,3.176000901E-4,1.621068106E-3,-4.200827098E-4
9.720364708E1,3.346443409E-4,2.448245883E-3,8.827356505E-4
9.721361008E1,-1.071790932E-3,1.211940544E-4,-5.880426615E-4
9.722357208E1,-3.716459032E-4,-2.926793648E-3,-4.700645804E-4
9.723353508E1,-3.138022730E-3,4.528790712E-3,-6.777277449E-4
9.724349708E1,1.430363976E-3,-1.051064581E-3,-6.465687184E-4
9.725346008E1,-4.566444550E-4,1.384435338E-3,-8.461103425E-4
9.726342208E1,-9.882112499E-4,1.868065330E-3,2.718847245E-4
9.727338508E1,-1.094280975E-3,2.353725489E-3,-1.031967229E-3
9.728334708E1,1.730800257E-3,-4.718831740E-3,5.600275472E-6
9.729331008E1,-5.710737314E-4,2.621533349E-3,-1.472820295E-4
9.730327208E1,-3.093087347E-3,6.204283796E-3,6.458073040E-4
9.731323508E1,1.897708396E-3,-9.844519198E-3,-1.865592552E-3
9.732319708E1,-2.812358085E-3,2.930931281E-3,-3.872719244E-4
9.733316008E1,-1.378416549E-3,1.602362026E-3,8.239236195E-5
9.734312208E1,1.230682246E-3,-7.112566382E-3,-3.564966028E-4
9.735308508E1,-2.671488328E-3,2.390084788E-3,-6.858588313E-4
9.736304708E1,-1.303001773E-4,1.374608837E-5,-6.861251313E-4
9.737301008E1,1.429799711E-3,-3.231067210E-3,-8.681046311E-4
9.738297208E1,-6.240301300E-4,5.040178075E-3,-4.055135651E-4
9.739293508E1,4.504082026E-4,-6.342220586E-4,2.988893539E-5
9.740289708E1,1.137237414E-3,-9.492740501E-4,7.207129383E-4
9.741286008E1,-4.573361948E-4,3.111535218E-3,-4.677459365E-4
9.742282208E1,1.495826058E-3,-2.400530502E-4,7.828744710E-4
9.743278508E1,1.417783787E-3,-7.963443641E-4,1.447345130E-4
9.744274708E1,-2.474908251E-4,-1.854684670E-3,4.949402064E-4
9.745271008E1,-2.619989682E-4,-1.495179720E-3,-9.981377516E-4
9.746267208E1,2.855190542E-5,-2.734615002E-3,8.495633956E-4
9.747263508E1,-3.736696672E-4,1.136165345E-3,7.429345278E-4
9.748259708E1,-1.478337217E-4,8.642565226E-4,3.013823880E-4
9.749256008E1,-1.003315905E-3,3.480340820E-4,7.778535364E-4
9.750252208E1,-1.179084647E-3,1.310766907E-3,-1.127904514E-3
9.751248508E1,-1.649920363E-3,3.802169813E-4,3.792249481E-4
9.752244708E1,4.720863653E-4,-1.858169911E-3,-1.861642231E-4
9.753241008E1,9.456282714E-4,-1.484323526E-3,3.936653957E-5
9.754237208E1,-7.132547908E-4,2.597769722E-3,1.272942754E-3
9.755233508E1,-2.762095537E-4,-1.591541804E-4,-4.434242146E-5
9.756229708E1,1.995200524E-3,1.915841131E-4,-6.590000121E-4
9.757226008E1,-1.775543205E-5,2.721874742E-3,-1.687935553E-3
9.758222208E1,8.837245405E-4,-1.940521412E-3,-4.841867485E-4
9.759218508E1,-4.825086799E-4,3.453996032E-5,-7.736332482E-4
9.760214708E1,-8.944997098E-4,1.190300100E-5,1.374342246E-4
9.761211008E1,-1.346454956E-4,-1.261765137E-3,-1.975375344E-4
9.762207208E1,1.071695006E-4,-1.086795470E-3,6.397602265E-4
9.763203508E1,-1.048827195E-3,-1.094251638E-3,7.290242356E-4
9.764199708E1,1.887436956E-4,-4.763982724E-4,1.910402672E-3
9.765196008E1,1.036442816E-3,7.483720547E-4,2.173465327E-4
9.766192208E1,-1.189959818E-3,3.406420583E-4,9.939242154E-4
9.767188508E1,7.657505339E-4,1.998394961E-3,-1.784082502E-3
9.768184708E1,3.452374367E-4,1.653515734E-3,3.416527179E-4
9.769181008E1,-9.152095299E-5,-3.202758729E-3,-1.217095414E-3
9.770177208E1,-2.471055370E-3,4.774740431E-3,6.971847615E-4
9.771173508E1,3.558147000E-4,-7.808264345E-3,-1.567269443E-3
9.772169708E1,-9.344868595E-4,1.370320562E-3,-7.494126330E-4
9.773166008E1,-4.478938645E-4,1.193629578E-3,-1.407872653E-3
9.774162308E1,3.750046715E-3,-6.318882108E-3,-8.307655808E-4
9.775158508E1,-1.040053205E-3,1.114286948E-3,-1.776610618E-3
9.776154708E1,1.591682667E-4,2.216303023E-3,7.986660930E-4
9.777151008E1,1.014085254E-3,-2.034735400E-3,-1.177125494E-3
9.778147308E1,-2.023782581E-3,6.127587054E-3,-2.474884037E-3
9.779143508E1,-4.384672502E-4,1.854728209E-3,-1.990023069E-3
9.780139808E1,2.603461035E-4,3.040633863E-3,-3.833995666E-3
9.781136008E1,3.502330277E-3,-1.815786213E-2,-5.676128436E-3
9.782132308E1,4.182235338E-3,1.403709128E-2,7.761782617E-4
9.783128508E1,6.691132672E-3,-2.425311878E-2,-3.983790055E-3
9.784124808E1,-1.126682851E-2,3.232227638E-2,-1.205580425E-3
9.785121008E1,1.252791006E-2,-3.395065293E-2,7.797566941E-4
9.786117308E1,-7.867109962E-3,1.121948753E-2,9.970706888E-4
9.787113508E1,-7.740672678E-3,1.179378759E-2,7.212453056E-4
9.788109808E1,5.525065120E-3,-1.770178601E-2,1.870351844E-5
9.789106008E1,-5.739137065E-3,1.000432763E-2,-4.006270319E-4
9.790102308E1,-3.960366594E-4,1.394062187E-3,6.148362299E-4
9.791098508E1,2.285978291E-3,-1.230605412E-3,7.309525972E-5
9.792094808E1,-2.755652182E-3,7.994851097E-3,-7.602078258E-4
9.793091008E1,3.025922691E-3,-3.364330623E-3,1.431120909E-4
9.794087308E1,2.676249715E-3,-8.319308981E-4,2.674817224E-4
9.795083508E1,-1.101220842E-3,6.792268716E-3,-1.572971232E-4
9.796079808E1,7.520730142E-4,-1.124243718E-3,-1.934424508E-3
9.797076008E1,2.145939274E-3,-5.080307834E-3,1.196163474E-3
9.798072308E1,-2.759071067E-3,-1.804353669E-3,-9.767096490E-4
9.799068508E1,-1.053252374E-3,-2.263605595E-3,-2.177833812E-5
9.800064808E1,-9.746890282E-4,-2.936852630E-3,-1.789047965E-4
9.801061008E1,-1.109700068E-3,1.555592986E-3,-2.872489276E-4
9.802057308E1,7.790137315E-4,-5.887844600E-4,-3.128152457E-4
9.803053508E1,-2.393879462E-3,2.030767500E-3,2.894131467E-4
9.804049808E1,-1.730694203E-4,2.239825670E-3,5.820945371E-4
9.805046008E1,2.042267239E-3,2.934640041E-3,-2.368518035E-4
9.806042308E1,1.396983280E-3,7.620331598E-4,1.193532022E-3
9.807038508E1,3.927270882E-6,2.419214696E-3,4.459900665E-4
9.808034808E1,4.324298352E-4,2.838922665E-4,2.363992971E-4
9.809031008E1,-4.446360981E-4,-1.965472009E-3,1.184113789E-4
9.810027308E1,-2.116094111E-4,-1.944699325E-3,-1.366833574E-3
9.811023508E1,-2.784445416E-3,-2.698271768E-3,6.424466847E-4
9.812019808E1,-5.390623119E-5,-8.199440781E-4,5.636170972E-4
9.813016008E1,-1.880025142E-3,-1.635919092E-3,-3.470449010E-4
9.814012308E1,-1.558048767E-3,-2.462817356E-4,1.251118025E-3
9.815008508E1,-6.847128971E-4,-1.921560615E-4,5.326121463E-4
9.816004808E1,-1.220540958E-3,2.503229305E-3,2.421479439E-5
9.817001008E1,1.931071747E-4,2.216564026E-4,8.794506430E-4
9.817997308E1,4.354547709E-4,8.227318758E-4,7.713263039E-4
9.818993508E1,1.502019120E-3,1.131720026E-3,-3.415695974E-4
9.819989808E1,6.010717480E-4,2.041988540E-3,9.655098547E-4
9.820986008E1,1.167728566E-3,7.789739175E-4,2.497303649E-4
9.821982308E1,3.455358092E-5,-4.324980546E-4,1.134432387E-3
9.822978508E1,-1.321091433E-3,1.855874551E-3,-1.666690805E-4
9.823974808E1,-7.772737881E-4,-2.499725204E-3,5.699612666E-4
9.824971008E1,3.265426494E-4,-1.458040206E-3,2.222329495E-4
9.825967308E1,-4.444426158E-4,-9.014271200E-6,1.213727752E-3
9.826963508E1,1.085140975E-4,-5.521755666E-4,7.027732208E-4
9.827959808E1,5.761651555E-4,-3.276589559E-3,1.079344307E-3
9.828956008E1,-1.286322135E-3,5.835703574E-3,1.331393840E-3
9.829952308E1,1.236756681E-3,-5.625407211E-4,4.701275029E-4
9.830948508E1,2.417869633E-3,1.465980895E-4,9.129236569E-4
9.831944808E1,-9.454364190E-4,5.485969596E-3,-2.495123539E-3
9.832941008E1,-6.005272735E-5,1.166853355E-3,-8.207700448E-4
9.833937308E1,-1.510942704E-3,4.501966760E-4,2.128947061E-3
9.834933508E1,-1.424401416E-3,1.487539499E-3,-1.467374386E-5
9.835929808E1,1.002270961E-3,-1.220362727E-3,-6.311955513E-4
9.836926008E1,8.638728177E-4,-2.201143885E-3,8.655159036E-4
9.837922308E1,-1.197946374E-3,-1.072229818E-3,-8.327819523E-4
9.838918508E1,1.077221008E-3,-7.654298097E-4,-7.741438458E-4
9.839914808E1,6.039773580E-4,1.131806290E-3,-5.083603901E-4
9.840911008E1,-1.156614511E-3,1.736257575E-3,-3.173187724E-4
9.841907308E1,1.896965900E-3,1.631283667E-4,7.154550985E-4
9.842903508E1,3.355761291E-4,-7.408289239E-4,-1.223496511E-3
9.843899808E1,-7.845495129E-4,8.067339659E-4,-3.001785954E-4
9.844896008E1,-3.651337465E-4,-1.428927993E-3,7.816395373E-4
9.845892308E1,-1.462356071E-3,1.905349665E-3,1.512693125E-4
9.846888508E1,-3.273525508E-4,1.972807804E-3,4.066189867E-4
9.847884808E1,1.973618753E-3,-4.567941651E-4,1.098241890E-3
9.848881008E1,-1.267057145E-3,2.662552288E-4,-2.551709185E-4
9.849877308E1,-2.764020115E-3,4.403742030E-3,-6.013818784E-4
9.850873508E1,2.233475912E-3,-5.973160267E-3,-1.065069693E-3
9.851869808E1,-1.060588052E-3,-2.751800930E-3,-7.574746269E-4
9.852866008E1,-2.379438141E-3,2.333912067E-3,-3.950726823E-4
9.853862308E1,2.287751529E-3,-5.116756074E-4,-2.294439124E-3
9.854858508E1,2.917868551E-4,-5.002195016E-3,-1.604445744E-3
9.855854808E1,-1.080273651E-3,2.136940835E-3,-1.052904991E-3
9.856851008E1,1.372538973E-3,-7.317320909E-3,7.290806388E-5
9.857847308E1,-3.261095146E-3,6.117527839E-3,-2.112512011E-4
9.858843508E1,-3.966881195E-4,-5.195902195E-4,-2.232178347E-3
9.859839808E1,8.392848540E-4,-6.392342038E-5,7.569535519E-4
9.860836008E1,1.704320312E-4,1.158352010E-3,-2.183619654E-3
9.861832308E1,4.090513103E-4,2.681413665E-3,-1.433673431E-3
9.862828508E1,8.070513140E-4,-2.764352132E-3,-8.091176278E-4
9.863824808E1,-1.135192113E-3,3.274099436E-3,-1.742200111E-4
9.864821008E1,7.040891796E-5,1.033432316E-3,5.123643787E-4
9.865817308E1,-5.689018872E-5,-1.572668552E-4,9.797647363E-5
9.866813508E1,-3.931721672E-3,3.917425405E-3,-1.145405113E-3
9.867809808E1,-1.023283461E-3,-3.412356600E-4,-1.919319737E-3
9.868806008E1,-2.694150433E-3,-2.255782252E-3,-7.051846478E-4
9.869802308E1,-1.502386061E-3,-1.220877748E-3,-9.970670799E-4
9.870798508E1,-1.308487030E-3,2.654112177E-4,-1.125250827E-3
9.871794808E1,-5.188712850E-3,2.962660743E-3,-5.350943538E-4
9.872791008E1,5.859370576E-4,-1.105914731E-2,-6.997018354E-4
9.873787308E1,-5.283404142E-3,1.003228966E-2,-1.653113519E-3
9.874783508E1,4.557541106E-3,-2.473443747E-3,-1.272320515E-3
9.875779808E1,5.631061271E-3,3.279783297E-3,-1.041690819E-3
9.876776008E1,1.217658282E-3,1.495879702E-2,-6.934829289E-4
9.877772308E1,6.395909004E-3,-7.013080642E-3,-1.082038158E-3
9.878768508E1,-1.402470749E-2,1.591258869E-2,-1.587113715E-3
9.879764808E1,-2.098540077E-3,-1.772233658E-2,8.904249989E-4
9.880761008E1,-3.717752639E-3,-6.489614025E-3,-2.871336648E-3
9.881757308E1,-7.784133777E-3,1.878644712E-2,-1.455067541E-3
9.882753508E1,9.871740825E-3,-1.772508025E-2,-6.505940692E-4
9.883749808E1,-4.141280428E-3,3.236393444E-3,-3.682869487E-3
9.884746008E1,-4.927989095E-3,9.061032906E-3,-1.492167008E-3
9.885742308E1,6.212546024E-3,-1.780866273E-2,2.458118834E-4
9.886738508E1,-6.735998206E-3,1.279927231E-2,-3.424776252E-3
9.887734808E1,5.457551219E-3,2.623067237E-3,-8.436406497E-4
9.888731008E1,8.687134832E-3,-8.765613660E-3,-5.426643183E-4
9.889727308E1,-2.929573879E-3,1.684094779E-2,-9.967333172E-4
9.890723508E1,2.492461819E-3,-7.630797569E-3,-1.275370712E-3
9.891719808E1,-3.560370533E-3,-2.537502442E-3,2.889700700E-4
9.892716008E1,-5.071884952E-3,1.810455695E-3,3.855255200E-4
9.893712308E1,1.577229355E-3,-2.154458547E-3,9.577360470E-5
9.894708508E1,-2.349237911E-4,8.538952097E-3,3.805753659E-4
9.895704808E1,-2.756138099E-3,-2.971503418E-4,7.179978420E-4
9.896701008E1,1.847904641E-4,-4.517727997E-3,-4.908109549E-4
9.897697308E1,-1.894871937E-3,-6.454917602E-4,-8.673819830E-4
9.898693508E1,1.858746749E-3,-1.823715400E-3,-3.112431732E-4
9.899689808E1,2.472871682E-3,6.776963361E-3,9.106151410E-4
9.900686096E1,3.838008037E-3,-2.122367732E-4,-1.543830149E-4
9.901682396E1,9.676530026E-4,1.661030808E-3,6.978285383E-4
9.902678596E1,-1.900390256E-3,-1.473631244E-3,-3.630107967E-4
9.903674896E1,-5.151044577E-3,-1.974838087E-3,4.828091478E-4
9.904671096E1,-3.321452765E-3,-3.693375969E-3,9.573844727E-4
9.905667396E1,-9.853281081E-4,-3.834523493E-3,-3.827182227E-4
9.906663596E1,-2.080824692E-3,3.179463325E-3,-1.365847420E-3
9.907659896E1,9.021820733E-4,2.337408951E-4,2.850461751E-4
9.908656096E1,5.210727686E-4,7.826588117E-4,8.153403178E-5
9.909652396E1,9.141553892E-4,4.866349977E-3,6.895336555E-4
9.910648596E1,6.525691133E-4,1.738895662E-5,-9.980332106E-4
9.911644896E1,-1.491009258E-3,3.449404612E-3,1.817471348E-4
9.912641096E1,6.050373195E-4,-1.650302438E-3,4.788459628E-4
9.913637396E1,1.838879776E-3,-3.516645636E-3,-1.717642881E-4
9.914633596E1,-7.389218081E-4,1.836288255E-3,-1.684283256E-3
9.915629896E1,2.203338547E-3,-9.280729573E-4,-2.195446868E-4
9.916626096E1,4.793783883E-4,-7.931317668E-4,-7.535028271E-5
9.917622396E1,-1.612268388E-3,1.333934953E-3,6.671389565E-4
9.918618596E1,-2.179277595E-3,-1.035189023E-3,-2.765993122E-4
9.919614896E1,-1.243442530E-3,7.401744369E-5,2.103467938E-3
9.920611096E1,7.909877459E-4,2.278498141E-4,1.031751162E-4
9.921607396E1,-1.927840058E-4,2.629222116E-3,5.798809580E-4
9.922603596E1,-8.156425320E-4,2.198235597E-3,5.294221337E-4
9.923599896E1,6.669704337E-3,1.229028404E-2,-2.781153424E-3
9.924596096E1,1.735060513E-1,1.825648993E-1,-4.389477894E-2
9.925592396E1,4.431303442E-1,5.215927362E-1,-2.015744150E-1
9.926588596E1,5.602267981E-1,8.713966608E-1,-8.868900537E-1
9.927584896E1,6.911523342E-1,8.908100724E-1,-1.924871087E0
9.928581096E1,6.001891494E-1,-2.278325707E-1,-3.097161770E0
9.929577396E1,3.737186790E-1,1.177422404E0,-4.388562679E0
9.930573596E1,7.495951653E-1,6.299514771E-1,-5.455328941E0
9.931569896E1,8.514949083E-1,1.040071607E0,-6.345489502E0
9.932566096E1,1.092904091E0,9.592846036E-1,-6.965120316E0
9.933562396E1,1.238939285E0,9.173022509E-1,-7.278181076E0
9.934558596E1,1.267462373E0,7.923272252E-1,-7.373599529E0
9.935554896E1,9.653131366E-1,4.639384747E-1,-7.414899826E0
9.936551096E1,6.903033257E-1,1.752770692E-1,-7.471485615E0
9.937547396E1,5.871114135E-1,-1.146719307E-1,-7.725230694E0
9.938543596E1,9.168975949E-1,-3.848745525E-1,-7.273230553E0
9.939539896E1,1.707484961E0,-4.766345620E-1,-5.493191719E0
9.940536096E1,3.071796149E-2,-1.186073944E-1,-4.645007610E0
9.941532396E1,2.968297899E-1,-8.516336679E-1,-3.396775246E0
9.942528596E1,3.775330260E-2,-5.919936895E-1,-1.998718262E0
9.943524896E1,-1.146154627E-1,-4.690552354E-1,-6.770566106E-1
9.944521096E1,-2.664260864E-1,-3.982883394E-1,3.512596786E-1
9.945517396E1,-4.171268940E-1,-3.669610322E-1,1.376008749E0
9.946513596E1,-6.222461462E-1,-3.632348180E-1,2.602480412E0
9.947509896E1,-8.123021126E-1,-5.078780651E-1,3.974365711E0
9.948506096E1,-8.848000169E-1,-5.935895443E-1,5.397861004E0
9.949502396E1,-9.520677328E-1,-6.849394441E-1,6.725621700E0
9.950498596E1,-1.021767259E0,-8.110496998E-1,7.813271999E0
9.951494896E1,-1.051070333E0,-1.064002872E0,8.662564278E0
9.952491096E1,-1.006648302E0,-1.371055126E0,9.228430748E0
9.953487396E1,-8.826557994E-1,-1.298535943E0,9.545928001E0
9.954483596E1,-5.551362038E-1,-5.969376564E-1,9.634397507E0
9.955479896E1,-7.024540752E-2,-5.938563943E-1,9.456216812E0
9.956476096E1,2.979787290E-1,-2.373058349E-1,8.937887192E0
9.957472396E1,4.423675835E-1,1.207601801E-1,8.330987930E0
9.958468596E1,4.335689247E-1,2.065048069E-1,7.707308769E0
9.959464896E1,4.057841897E-1,1.745266318E-1,7.083517075E0
9.960461096E1,4.368796647E-1,1.963107586E-1,6.390070438E0
9.961457396E1,4.516985714E-1,2.530190647E-1,5.570659637E0
9.962453596E1,4.529394805E-1,2.704851329E-1,4.621967316E0
9.963449896E1,4.933705330E-1,3.251973987E-1,3.552832365E0
9.964446096E1,6.304752827E-1,5.819439292E-1,2.421836138E0
9.965442396E1,8.470408320E-1,1.058169007E0,1.246313334E0
9.966438596E1,1.056752205E0,1.064753175E0,-6.291041616E-3
9.967434796E1,1.085137486E0,1.183559656E0,-1.849108636E-1
9.968431096E1,8.942667246E-1,8.630369902E-1,-4.819475412E-1
9.969427296E1,4.625302255E-1,5.773541331E-1,-1.130750895E0
9.970423596E1,1.030752584E-1,3.308998644E-1,-1.806539774E0
9.971419796E1,2.524091676E-2,6.261619925E-2,-2.288166046E0
9.972416096E1,-2.504832111E-3,-2.055678219E-1,-2.527898788E0
9.973412296E1,-1.060197726E-1,-3.775843084E-1,-2.527540684E0
9.974408596E1,-2.441412061E-1,-4.439254403E-1,-2.351815224E0
9.975404796E1,-3.038742840E-1,-4.979761541E-1,-2.101207018E0
9.976401096E1,-3.088525236E-1,-4.490196705E-1,-1.791887522E0
9.977397296E1,-2.552918196E-1,-3.634813428E-1,-1.484490275E0
9.978393596E1,-1.971961856E-1,-2.684964240E-1,-1.181633592E0
9.979389796E1,-1.697171628E-1,-1.544499993E-1,-8.866171241E-1
9.980386096E1,-1.250304282E-1,-2.170029879E-1,-5.756358504E-1
9.981382296E1,-6.499425322E-2,-2.056259662E-1,-6.521043181E-2
9.982378596E1,-3.726660460E-2,-6.733765453E-2,1.464759093E-2
9.983374796E1,-3.151923791E-2,-1.028431877E-1,6.196848582E-3
9.984371096E1,-5.764222518E-2,-3.329623863E-2,3.109438345E-3
9.985367296E1,-8.967098780E-3,3.068114817E-2,-2.196643967E-3
9.986363596E1,6.699133664E-2,8.627083153E-2,-1.372834668E-3
9.987359796E1,7.967410982E-2,1.250832081E-1,-3.270869609E-3
9.988356096E1,4.109947383E-2,8.794318885E-2,-6.569162942E-3
9.989352296E1,-1.346975937E-2,9.016683325E-3,-6.265562493E-3
9.990348596E1,-6.642855704E-2,-5.800240487E-2,-4.794558510E-3
9.991344796E1,-9.111872315E-2,-9.878738970E-2,-2.050170908E-3
9.992341096E1,-1.007968262E-1,-1.654003859E-1,4.469108535E-4
9.993337296E1,-1.290178150E-1,-2.024042010E-1,1.999800093E-3
9.994333596E1,-1.519216001E-1,-2.041492164E-1,3.484054469E-4
9.995329796E1,-1.374824792E-1,-1.722653210E-1,2.039246261E-3
9.996326096E1,-8.875090629E-2,-1.024483964E-1,1.309111249E-4
9.997322296E1,-1.891750097E-2,-1.072566956E-2,-3.245444503E-3
9.998318596E1,4.592026770E-2,5.912098661E-2,-9.546086076E-4
9.999314796E1,6.975582242E-2,9.376258403E-2,-2.161140437E-4
1.000031110E2,6.179903448E-2,8.529093117E-2,6.545516080E-4
1.000130742E2,3.953367844E-2,7.036391646E-2,8.252602420E-4
1.000230372E2,2.651780657E-2,6.069571525E-2,1.303485595E-3
1.000329992E2,2.442695946E-2,6.147628650E-2,1.181779196E-3
1.000429622E2,2.000976540E-2,6.218884513E-2,4.795350833E-4
1.000529242E2,1.377610490E-2,6.238645315E-2,-1.068560407E-3
1.000628872E2,1.728089899E-2,6.405582279E-2,-1.539705088E-3
1.000728492E2,2.392708324E-2,6.874085963E-2,-2.029460389E-3
1.000828122E2,2.823645063E-2,7.519534230E-2,-2.191451378E-3
1.000927742E2,2.866308950E-2,6.492006779E-2,3.465412883E-4
1.001027372E2,2.149900422E-2,5.139239132E-2,-4.712133668E-4
1.001126992E2,1.522726193E-2,3.450395539E-2,-6.877284031E-4
1.001226622E2,1.199632511E-2,2.034468763E-2,5.640041200E-4
1.001326242E2,1.685259864E-2,1.694329828E-2,2.231409075E-3
1.001425872E2,2.148817107E-2,1.482911967E-2,2.186370315E-3
1.001525492E2,2.237713523E-2,1.477425732E-2,2.613541437E-3
1.001625122E2,1.814920641E-2,1.181744691E-2,4.470580257E-3
1.001724742E2,2.580206655E-2,2.672901750E-2,6.681003608E-3
1.001824372E2,4.112863541E-2,2.987165004E-2,8.439989761E-3
1.001923992E2,3.550137579E-2,1.667222567E-2,7.214669138E-3
1.002023622E2,1.120448951E-2,-1.208477747E-2,5.979753099E-3
1.002123242E2,5.116313696E-4,-2.199759521E-2,6.116905715E-3
1.002222872E2,-6.290969905E-4,-2.971578389E-2,5.876007490E-3
1.002322492E2,-3.170019016E-3,-3.386924788E-2,4.592097364E-3
1.002422122E2,-2.217255533E-2,-5.023657531E-2,5.276247859E-3
1.002521742E2,-5.741416663E-2,-8.204270899E-2,2.355292905E-3
1.002621372E2,-8.723362535E-2,-1.112262830E-1,4.352343269E-3
1.002720992E2,-8.905123919E-2,-1.135094166E-1,2.207166981E-3
1.002820622E2,-5.142854899E-2,-8.239002526E-2,2.935400233E-3
1.002920242E2,-1.583274081E-2,-3.149302676E-2,1.326584606E-3
1.003019872E2,-5.639256444E-3,8.907190524E-3,1.029947423E-3
1.003119492E2,4.465994425E-4,2.214176953E-2,-4.193447530E-4
1.003219122E2,-1.146281324E-2,-2.356357407E-3,-1.553395414E-4
1.003318742E2,-4.816836491E-2,-3.363571689E-2,-3.177923500E-4
1.003418372E2,-6.647250056E-2,-7.064545900E-2,-1.315717935E-3
1.003517992E2,-6.045189500E-2,-8.279373497E-2,-1.365519012E-3
1.003617622E2,-3.347734362E-2,-5.505675450E-2,2.062799642E-3
1.003717242E2,-2.737540053E-3,-1.189303957E-2,1.998351188E-3
1.003816872E2,1.679919288E-2,1.663116738E-3,1.722768531E-3
1.003916492E2,8.000375703E-3,1.764050568E-3,2.652744297E-3
1.004016112E2,8.952578064E-4,-5.274209194E-3,2.587881405E-3
1.004115742E2,-1.561634056E-2,-1.378860138E-2,5.132798105E-3
1.004215372E2,-1.667124480E-1,-8.593218029E-2,1.919506234E-3
1.004314992E2,-2.369597107E-1,-1.935398728E-1,7.725197822E-3
1.004414612E2,-1.868558526E-1,-1.273013651E-1,1.256828103E-2
1.004514242E2,-8.093048632E-2,-4.014862701E-2,9.201512672E-3
1.004613862E2,-1.375012798E-3,-1.072453056E-2,4.213177133E-3
1.004713492E2,3.091741353E-2,4.825134762E-3,4.049925599E-3
1.004813112E2,4.283557832E-2,2.035002038E-2,4.062308930E-3
1.004912742E2,1.077631786E-1,6.519286335E-2,5.020514131E-3
1.005012362E2,1.934610307E-1,1.552319676E-1,1.486186171E-3
1.005111992E2,2.072210461E-1,2.384863794E-1,-1.643827069E-3
1.005211612E2,1.749695092E-1,2.001089156E-1,1.117181731E-3
1.005311242E2,1.021898314E-1,1.182241738E-1,2.865813207E-3
1.005410862E2,1.631325483E-2,3.563265130E-2,-1.035099034E-3
1.005510492E2,-3.664263710E-2,-2.087110654E-2,-1.137994695E-5
1.005610112E2,-3.527777642E-2,-2.160929702E-2,-1.824506791E-3
1.005709742E2,-3.871645033E-2,-4.739775136E-2,-1.302793622E-3
1.005809362E2,-3.679572046E-2,-4.480213672E-2,-2.156767994E-3
1.005908992E2,-3.232960030E-2,-5.374583229E-2,-5.705890944E-4
1.006008612E2,-3.512093797E-2,-4.010727257E-2,1.352018327E-3
1.006108242E2,-2.973522991E-2,-3.708032146E-2,1.517933211E-3
1.006207862E2,-2.494958043E-2,-2.815172449E-2,2.640048042E-3
1.006307492E2,-9.973827749E-3,-1.242389344E-2,1.744426787E-3
1.006407112E2,5.837402306E-3,1.222382952E-2,7.995449705E-4
1.006506742E2,1.034453604E-2,2.245489508E-2,1.172387390E-3
1.006606362E2,1.331640780E-2,2.758613974E-2,7.793594268E-4
1.006705992E2,1.637345180E-2,2.000891417E-2,1.062985975E-3
1.006805612E2,7.370689884E-3,1.837630756E-2,6.572614657E-4
1.006905242E2,1.239560544E-3,1.178311929E-2,4.772318061E-4
1.007004862E2,2.135521267E-3,3.510914976E-3,1.324351761E-3
1.007104492E2,-1.102349954E-3,-1.593565801E-3,1.055372530E-3
1.007204112E2,4.153527319E-3,8.501430973E-3,1.328456448E-3
1.007303742E2,1.976631023E-2,2.833186090E-2,1.866681268E-3
1.007403362E2,2.817695588E-2,3.789319471E-2,-6.028050557E-4
1.007502992E2,3.107873537E-2,4.025089368E-2,5.993526429E-6
1.007602612E2,2.152543142E-2,2.957506850E-2,4.053341108E-4
1.007702242E2,7.895907387E-3,2.415207215E-2,2.604581532E-4
1.007801862E2,3.421297995E-3,1.580305025E-2,-7.847847883E-4
1.007901492E2,7.221362554E-3,1.352045592E-2,-1.231663162E-3
1.008001112E2,1.020359062E-2,1.423463970E-2,-1.614798559E-3
1.008100742E2,5.511899944E-3,1.865096018E-2,-2.792182146E-3
1.008200362E2,1.788827963E-2,3.336916864E-2,-2.715592738E-3
1.008299992E2,4.419871047E-2,5.328854546E-2,-4.012285732E-3
1.008399612E2,4.688451067E-2,4.539094120E-2,-2.735300222E-3
1.008499242E2,3.518364578E-2,3.773089126E-2,-2.678841352E-3
1.008598862E2,1.020038500E-2,3.884567879E-3,-1.763716107E-3
1.008698492E2,-1.194060314E-2,-1.733709686E-2,-1.391139813E-3
1.008798112E2,-2.876797877E-2,-4.292144999E-2,-7.706548204E-4
1.008897742E2,-3.131103143E-2,-4.170411825E-2,2.373516327E-4
1.008997362E2,-1.730546728E-2,-3.069088235E-2,-1.559749478E-3
1.009096992E2,-4.266098142E-3,-1.352600846E-2,-1.192499534E-3
1.009196612E2,9.079360403E-3,3.388295881E-3,-3.188742790E-3
1.009296232E2,2.054693177E-2,1.947911456E-2,6.115880096E-4
1.009395862E2,1.927698962E-2,2.388829738E-2,-3.771808697E-4
1.009495482E2,1.626122557E-2,3.340696543E-2,7.493363228E-4
1.009595112E2,1.606691256E-2,2.593133971E-2,1.208168454E-3
1.009694732E2,2.005552873E-2,3.422442451E-2,1.322151627E-3
1.009794362E2,3.084728494E-2,4.108901694E-2,6.660108920E-4
1.009893982E2,3.620316833E-2,4.464779794E-2,-1.379296882E-3
1.009993612E2,3.898687661E-2,5.129576474E-2,-3.605203237E-4
1.010093210E2,3.551038355E-2,4.498007894E-2,1.662528957E-4
1.010192840E2,3.057646006E-2,4.523921385E-2,6.365433801E-4
1.010292460E2,2.973916195E-2,4.170173779E-2,-2.675997675E-4
1.010392090E2,3.065489419E-2,3.927318379E-2,3.469481017E-4
1.010491710E2,2.793554030E-2,3.519242257E-2,-2.762315562E-4
1.010591340E2,2.044738457E-2,2.902698889E-2,6.056038546E-4
1.010690960E2,2.121118084E-2,2.622587606E-2,7.744483300E-4
1.010790590E2,2.821181156E-2,3.635688126E-2,-8.078635437E-5
1.010890210E2,4.723637179E-2,5.198697373E-2,2.813688479E-5
1.010989840E2,6.140490621E-2,6.006832421E-2,-8.545682067E-4
1.011089460E2,5.540453643E-2,4.906201363E-2,-1.506243716E-3
1.011189090E2,2.932488360E-2,2.250070125E-2,-6.990157999E-4
1.011288710E2,-2.561142435E-3,-7.030558772E-3,-1.748567563E-3
1.011388340E2,-2.029948868E-2,-2.729170397E-2,9.738683002E-5
1.011487960E2,-2.537467517E-2,-3.280870616E-2,-5.976982648E-4
1.011587590E2,-1.890522800E-2,-2.393843606E-2,6.112594856E-4
1.011687210E2,-2.447425155E-3,3.898255061E-3,-5.852988106E-4
1.011786840E2,1.430057455E-2,1.264662296E-2,-1.657056971E-3
1.011886460E2,1.252291445E-2,1.941371523E-2,-1.968114171E-3
1.011986090E2,8.862220682E-3,1.103898883E-2,-2.430603141E-3
1.012085710E2,4.438710399E-3,5.454606377E-3,-1.259035198E-4
1.012185340E2,3.711529076E-3,8.266390301E-3,6.100375904E-4
1.012284960E2,1.201020461E-2,1.785430312E-2,-1.359902672E-3
1.012384590E2,1.911246963E-2,2.584133483E-2,-1.257700147E-3
1.012484210E2,1.821312122E-2,2.467407100E-2,-1.555308700E-7
1.012583840E2,1.136073470E-2,1.401040144E-2,5.061429110E-4
1.012683460E2,4.395502619E-3,1.037811581E-2,-4.643130233E-4
1.012783090E2,5.101667251E-3,6.702377461E-3,-8.842229145E-4
1.012882710E2,-4.968536086E-5,4.096208140E-3,-1.006195671E-3
1.012982340E2,-2.018784871E-3,1.402854570E-3,-1.250666217E-3
1.013081960E2,-6.397288293E-3,-7.686248049E-3,-1.237616641E-3
1.013181590E2,-3.451749217E-3,-2.149997279E-3,-2.033353783E-3
1.013281210E2,8.617697284E-3,8.849124424E-3,-5.289341789E-4
1.013380840E2,1.874958724E-2,1.676985249E-2,-1.459009945E-4
1.013480460E2,1.679749042E-2,1.911982708E-2,-6.047636271E-4
1.013580090E2,1.485656947E-2,2.006208897E-2,7.829035167E-5
1.013679710E2,1.674155518E-2,2.070337720E-2,-2.332995646E-4
1.013779340E2,1.508191414E-2,1.522515714E-2,1.487376634E-3
1.013878960E2,5.739545450E-3,3.827094333E-3,-3.328940948E-4
1.013978590E2,-4.464291967E-3,1.207218505E-3,1.367722289E-3
1.014078210E2,-3.316736082E-3,1.695375890E-3,8.630532539E-4
1.014177830E2,1.798672718E-3,8.468292654E-3,4.449838307E-4
1.014277460E2,6.391560193E-3,4.022677429E-3,-3.321266267E-4
1.014377080E2,8.430799935E-4,7.678950205E-4,-7.465689559E-4
1.014476710E2,-4.555946216E-3,-1.667299541E-3,-2.754557645E-4
1.014576330E2,-4.667353816E-3,-4.918335937E-3,-2.521220013E-4
1.014675960E2,-3.285972169E-3,-3.585956525E-3,3.020104021E-3
1.014775580E2,-3.473297693E-3,-6.107482128E-3,2.150670625E-4
1.014875210E2,-7.819842547E-3,-8.667845279E-3,-6.869456265E-4
1.014974830E2,-1.395239960E-2,-1.149327308E-2,2.707104431E-3
1.015074460E2,-1.534842979E-2,-1.449625380E-2,1.796835801E-3
1.015174080E2,-1.369138714E-2,-1.479481906E-2,2.068126108E-3
1.015273710E2,-1.001143176E-2,-1.305923797E-2,2.225553035E-4
1.015373330E2,-6.884422153E-3,-1.175945438E-2,-8.956744568E-4
1.015472960E2,-6.097191013E-3,-8.953547105E-3,-9.885668987E-5
1.015572580E2,-3.910288215E-4,5.668263184E-4,5.698315217E-4
1.015672210E2,1.069118269E-2,2.355139004E-3,-3.284181003E-5
1.015771830E2,7.353768684E-3,1.219933620E-3,1.843073987E-4
1.015871460E2,-1.716424944E-3,-1.502083382E-3,1.778741833E-3
1.015971080E2,-4.755609669E-3,-3.332160413E-4,1.328002079E-3
1.016070710E2,9.323697304E-4,3.653536085E-3,1.165815513E-3
1.016170330E2,9.922328405E-3,2.052615210E-2,1.935234293E-3
1.016269960E2,2.164370008E-2,2.988663130E-2,2.665739274E-3
1.016369580E2,3.456628695E-2,4.324533418E-2,2.290609526E-3
1.016469210E2,4.755026102E-2,5.968635902E-2,2.784625860E-3
1.016568830E2,6.244494393E-2,7.677603513E-2,1.430925215E-3
1.016668460E2,6.944586337E-2,8.912857622E-2,1.546506537E-3
1.016768080E2,6.435897201E-2,8.149908483E-2,9.670966538E-4
1.016867710E2,4.509846121E-2,6.220528856E-2,2.698811004E-4
1.016967330E2,2.021285705E-2,2.792665176E-2,-4.350105883E-4
1.017066960E2,-6.905579474E-3,-1.105084177E-2,9.479689179E-4
1.017166580E2,-3.574940562E-2,-3.894122317E-2,3.673683968E-4
1.017266210E2,-5.445970967E-2,-6.961044669E-2,-1.043840661E-3
1.017365830E2,-6.471110880E-2,-8.532846719E-2,-9.586816886E-4
1.017465460E2,-7.758056372E-2,-1.186765656E-1,8.312112186E-6
1.017565080E2,-1.116630882E-1,-1.549261063E-1,-2.416310599E-5
1.017664710E2,-1.308024228E-1,-1.617280841E-1,4.978164216E-4
1.017764330E2,-1.026426852E-1,-1.440210342E-1,-1.839060569E-3
1.017863950E2,-5.402907729E-2,-8.802673966E-2,-4.616736551E-4
1.017963580E2,-1.282259077E-2,-5.194661021E-2,-1.237154705E-3
1.018063200E2,-1.079992019E-2,-5.237161182E-3,-2.109073568E-3
1.018162830E2,1.781620458E-2,2.780963294E-2,-9.242017986E-4
1.018262450E2,5.363252386E-2,6.063495576E-2,3.844755120E-4
1.018362080E2,5.944576859E-2,7.724677026E-2,-1.035329769E-4
1.018461700E2,4.736247286E-2,7.259689271E-2,-9.261403466E-5
1.018561330E2,2.964239195E-2,4.334935546E-2,-5.207489012E-4
1.018660950E2,5.676873028E-3,6.873370614E-3,-7.769450312E-4
1.018760580E2,-1.483027264E-2,1.104779658E-3,-2.264297218E-4
1.018860200E2,-1.624893770E-2,-2.479126677E-2,-2.519960399E-4
1.018959830E2,-2.439745702E-2,-2.768687159E-2,-1.030798885E-3
1.019059450E2,-4.587558284E-2,-7.117789239E-2,1.241410151E-3
1.019159080E2,-8.444331586E-2,-1.047018021E-1,-1.436860301E-3
1.019258700E2,-1.238282770E-1,-1.456532329E-1,-1.324474928E-3
1.019358330E2,-1.336284578E-1,-1.518885046E-1,-1.544585451E-3
1.019457950E2,-1.262198091E-1,-1.245037466E-1,-1.859903801E-3
1.019557580E2,-1.048652083E-1,-7.818530500E-2,-1.311464584E-3
1.019657200E2,-6.824035197E-2,-2.899512276E-2,-7.303628372E-4
1.019756830E2,-4.116661102E-2,-4.305320792E-3,-2.102681901E-3
1.019856450E2,-9.206654131E-2,-1.243174747E-1,5.461228080E-3
1.019956080E2,-2.393285334E-1,-3.389904499E-1,6.155631505E-3
1.020055700E2,-4.185257256E-1,-6.465083361E-1,8.414524607E-3
1.020155338E2,-5.979984999E-1,-9.621821642E-1,2.327465825E-2
1.020254958E2,-7.655179501E-1,-1.023382902E0,4.192637280E-2
1.020354588E2,-7.059072256E-1,-5.924995542E-1,1.167356037E-2
1.020454208E2,-3.795501590E-1,2.218595147E-2,-1.465391740E-2
1.020553838E2,-7.182790339E-2,4.493488073E-1,4.833665118E-2
1.020653458E2,2.423497289E-1,1.875656694E-1,1.135002077E-1
1.020753088E2,4.173294604E-1,-3.692012513E-3,9.792846441E-2
1.020852708E2,2.173838466E-1,2.555661798E-1,-1.340657845E-2
1.020952338E2,1.745563373E-2,3.181343675E-1,-1.348695066E-2
1.021051958E2,3.452201141E-3,1.238714308E-1,-1.401931699E-2
1.021151578E2,5.365489982E-3,-8.307525516E-2,7.020156831E-3
1.021251208E2,-7.381881028E-2,-1.767207831E-1,3.745000809E-3
1.021350828E2,-1.637030542E-1,-2.242677510E-1,2.210949780E-3
1.021450458E2,-1.916611791E-1,-2.700906396E-1,2.873484045E-4
1.021550078E2,-1.592250019E-1,-1.593807787E-1,-3.354578745E-3
1.021649708E2,-5.766482279E-2,-4.657768179E-3,-4.182822071E-3
1.021749328E2,5.656500533E-2,7.361691445E-2,-7.199688116E-4
1.021848958E2,1.015923992E-1,9.357410669E-2,1.333328313E-3
1.021948578E2,6.288549304E-2,8.681736141E-2,-2.999033313E-6
1.022048208E2,1.455524657E-2,3.584099934E-2,-7.726525655E-4
1.022147828E2,-2.627887391E-2,-4.294034839E-2,9.111076361E-4
1.022247458E2,-5.863814428E-2,-8.318763971E-2,-5.240698811E-4
1.022347078E2,-6.601213664E-2,-6.637862325E-2,1.624539145E-4
1.022446708E2,-3.646729514E-2,-2.575583197E-2,-2.967559267E-3
1.022546328E2,7.639209740E-3,8.522185497E-3,1.032735803E-3
1.022645958E2,3.273390979E-2,2.979205362E-2,2.386953216E-3
1.022745578E2,4.662697762E-2,2.278705686E-2,1.711026998E-3
1.022845208E2,1.647813059E-2,7.388539612E-2,6.668501534E-3
1.022944828E2,2.550802939E-2,6.974036992E-2,3.992807586E-3
1.023044458E2,3.158562630E-2,5.382665619E-2,1.470191125E-2
1.023144078E2,2.050471678E-2,6.143563613E-2,5.815781280E-2
1.023243708E2,1.354054920E-2,1.908844709E-2,9.478720278E-2
1.023343328E2,-1.206787489E-2,-7.982162386E-2,8.994610608E-2
1.023442958E2,-6.886910647E-2,-1.728897840E-1,3.859343380E-2
1.023542578E2,-1.314696670E-1,-1.980169117E-1,-8.317842148E-3
1.023642208E2,-1.308925599E-1,-1.776112318E-1,-4.177691881E-3
1.023741828E2,-7.867914438E-2,-1.122758985E-1,5.473702913E-5
1.023841458E2,-8.272355422E-3,3.538053017E-3,-4.451065324E-3
1.023941078E2,4.828455299E-2,7.964392006E-2,2.019938547E-4
1.024040708E2,6.666170061E-2,1.273794919E-1,-1.116537140E-3
1.024140328E2,6.255624443E-2,6.928144395E-2,8.646777133E-5
1.024239958E2,2.339898981E-2,3.387578204E-2,-7.678393740E-5
1.024339578E2,-1.426017471E-2,6.327918731E-3,-2.709929598E-3
1.024439198E2,-2.827079967E-2,-2.176070772E-2,-3.132573329E-3
1.024538828E2,-2.345916070E-2,-2.300675772E-2,-1.617305214E-3
1.024638448E2,-1.120116189E-2,-9.643051308E-4,-2.205863828E-3
1.024738078E2,4.394170828E-3,7.665153593E-3,-3.332271008E-3
1.024837698E2,7.311664522E-3,1.135349041E-3,-1.559404889E-3
1.024937328E2,-4.388318397E-3,8.184008300E-3,3.494491335E-3
1.025036948E2,7.886777166E-5,1.852879114E-2,-1.535687363E-3
1.025136578E2,7.334512658E-3,5.702492315E-3,-1.663143048E-3
1.025236198E2,-2.757364418E-4,-3.572644200E-4,2.873561461E-4
1.025335828E2,-8.385135792E-3,-5.686089396E-3,-6.103640189E-4
1.025435448E2,-8.712704293E-3,-8.234202862E-3,5.257404409E-4
1.025535078E2,-3.056118498E-3,-4.014219623E-3,7.715111133E-4
1.025634698E2,8.315641899E-4,4.842921626E-3,9.139901958E-4
1.025734328E2,6.045863964E-3,4.866970703E-3,1.078988891E-3
1.025833948E2,7.539630868E-3,1.171875186E-2,1.261415426E-3
1.025933578E2,1.837377436E-2,1.309958193E-2,-1.826603548E-4
1.026033198E2,2.243429609E-2,7.407075725E-3,7.166891592E-4
1.026132828E2,1.841287687E-2,3.592825308E-2,4.966178094E-4
1.026232448E2,3.064504080E-2,5.604390800E-2,-5.763698136E-4
1.026332078E2,4.686360061E-2,6.746962667E-2,-2.724804217E-3
1.026431698E2,6.443034112E-2,1.117084622E-1,3.476341954E-5
1.026531328E2,9.029098600E-2,1.694902033E-1,-1.537473290E-3
1.026630948E2,1.202712581E-1,2.174904794E-1,-3.420328256E-3
1.026730578E2,1.374001354E-1,2.453999370E-1,-2.154488582E-3
1.026830198E2,1.395772696E-1,2.436803430E-1,-4.473036621E-3
1.026929828E2,1.288934052E-1,2.125931531E-1,-4.413616844E-3
1.027029448E2,1.046581045E-1,1.509489566E-1,-2.159517258E-3
1.027129078E2,5.859150738E-2,7.247711718E-2,-1.286493847E-3
1.027228698E2,4.956778139E-3,1.011192100E-3,-5.988655612E-4
1.027328328E2,-2.395184524E-2,-4.862050712E-2,2.959358972E-5
1.027427948E2,-3.012025915E-2,-6.020472571E-2,1.872234745E-3
1.027527568E2,-1.323258039E-2,-3.382408246E-2,1.100458438E-3
1.027627198E2,7.238073274E-3,5.120120943E-3,-6.785332225E-4
1.027726818E2,2.590121701E-2,3.160821646E-2,-2.605972113E-4
1.027826448E2,2.970501035E-2,3.744186834E-2,1.686439966E-3
1.027926068E2,2.037281543E-2,2.678434178E-2,1.159807667E-3
1.028025698E2,1.063283719E-2,1.628189906E-2,1.544900937E-3
1.028125318E2,4.831140861E-3,4.387956113E-3,2.659167396E-3
1.028224948E2,-1.718104584E-3,-2.927214839E-3,9.052095120E-4
1.028324568E2,-2.877452178E-3,-5.793415010E-3,2.017376944E-3
1.028424198E2,1.863773330E-3,5.502344575E-4,1.061035786E-3
1.028523818E2,7.406054996E-3,8.547468111E-3,1.010521781E-3
1.028623448E2,7.789816707E-3,1.127214823E-2,5.159727880E-4
1.028723068E2,8.574213833E-3,1.593169384E-2,-3.792330972E-4
1.028822698E2,1.171967387E-2,1.610559784E-2,-1.637833775E-4
1.028922318E2,8.085886016E-3,9.138049558E-3,7.301224396E-4
1.029021948E2,2.912696218E-3,-8.751694113E-4,-4.565640120E-5
1.029121568E2,-4.899709951E-3,-5.433674902E-3,-3.379855771E-4
1.029221198E2,-5.732746795E-3,-8.788991719E-3,-1.698594540E-3
1.029320818E2,-3.259584075E-3,-6.582038943E-3,-1.358278678E-4
1.029420448E2,1.459004940E-3,-4.417422228E-3,8.681839099E-4
1.029520068E2,3.152325284E-3,1.975301653E-3,7.587433793E-4
1.029619698E2,3.741949331E-3,7.028117310E-3,4.458220210E-4
1.029719318E2,5.386538804E-3,7.511595264E-3,4.789471277E-4
1.029818948E2,3.995036706E-3,4.188503139E-3,-8.321270579E-4
1.029918568E2,2.877349500E-3,3.640593495E-3,4.858790780E-4
1.030018188E2,3.442472313E-3,3.082395066E-3,-7.157392101E-4
1.030117815E2,3.818831872E-3,7.052812725E-3,-1.711087534E-3
1.030217435E2,4.777037539E-3,5.625891034E-3,-6.953580305E-4
1.030317065E2,1.258688979E-3,2.834953368E-3,-1.846579835E-4
1.030416685E2,3.412300721E-4,-4.118293989E-3,-9.684262914E-4
1.030516315E2,-1.647788333E-3,-5.115035921E-3,-4.684021114E-4
1.030615935E2,-4.032915458E-3,-6.367520895E-3,-1.117680804E-3
1.030715565E2,-2.569976728E-3,-4.797711968E-3,-1.105515985E-4
1.030815185E2,6.487197243E-4,-9.033714887E-4,-6.261467934E-5
1.030914815E2,1.330424682E-3,-1.000373159E-4,4.788843216E-4
1.031014435E2,2.676918870E-3,1.642468851E-3,-4.905062960E-4
1.031114065E2,2.437468385E-3,3.909147810E-3,-7.902388461E-6
1.031213685E2,2.365563065E-3,2.312582685E-3,3.178022453E-4
1.031313315E2,2.405712381E-3,5.103167612E-3,-3.974445281E-4
1.031412935E2,3.193475539E-3,4.192366265E-3,-9.828073671E-4
1.031512565E2,3.799423110E-3,3.710217308E-3,-4.562452668E-4
1.031612185E2,1.397071173E-4,-1.882420853E-3,-1.384356874E-3
1.031711815E2,-4.864244256E-4,-4.805012606E-3,-1.268462394E-3
1.031811435E2,-1.830788096E-3,-7.035942748E-3,-5.845626583E-4
1.031911065E2,-1.185858855E-3,-5.387493875E-3,1.951479935E-4
1.032010685E2,1.472774893E-3,1.589188934E-3,-6.107245572E-4
1.032110315E2,2.766157966E-3,3.951401450E-3,-4.708850174E-4
1.032209935E2,3.214367898E-3,5.133579019E-3,-8.860718226E-4
1.032309565E2,1.580688520E-3,1.675118227E-3,9.383109864E-4
1.032409185E2,-7.064342499E-4,-5.638012663E-4,2.050979761E-3
1.032508815E2,-2.388832858E-3,-1.445186324E-3,8.495729417E-4
1.032608435E2,8.405164117E-4,8.395394543E-4,1.652782317E-3
1.032708055E2,3.070808947E-3,7.842807099E-3,7.551011513E-4
1.032807685E2,4.952598363E-3,1.051102858E-2,-1.117578358E-4
1.032907305E2,3.620815929E-3,9.945514612E-3,-1.909320708E-4
1.033006935E2,3.267148277E-3,7.588616572E-3,-6.010588259E-4
1.033106555E2,3.747638315E-3,6.296093576E-3,-1.137810992E-3
1.033206185E2,1.139871078E-3,1.929308288E-3,2.342495136E-4
1.033305805E2,1.180343563E-3,-2.550695091E-3,-7.213787176E-4
1.033405435E2,7.092304295E-4,-6.702372339E-4,-7.866261876E-4
1.033505055E2,1.924727578E-3,-1.734695630E-3,-1.753087272E-3
1.033604685E2,7.867588429E-4,-3.212483600E-3,6.665074034E-5
1.033704305E2,-1.054739114E-4,-4.616874270E-3,-1.050780294E-3
1.033803935E2,-1.650107326E-3,-4.576127976E-3,-1.075281296E-3
1.033903555E2,-1.402043039E-3,-1.623773249E-3,-2.145245089E-4
1.034003185E2,1.700209687E-4,1.430339762E-3,5.551998038E-5
1.034102805E2,3.054780420E-3,5.701489281E-3,1.869940897E-4
1.034202435E2,2.988733817E-3,1.083792746E-2,1.507750712E-4
1.034302055E2,-7.249647751E-5,7.381252479E-3,-5.414118059E-4
1.034401685E2,-1.866934355E-3,2.643222455E-3,-5.707065575E-4
1.034501305E2,-6.410392001E-3,1.505208435E-3,-1.021775533E-3
1.034600935E2,-1.498230919E-2,2.135312418E-3,-8.606543415E-4
1.034700555E2,-2.145630866E-2,5.123594776E-3,-2.108407905E-3
1.034800185E2,-2.643908188E-2,5.991253071E-3,-1.756604412E-3
1.034899805E2,-3.009457886E-2,1.280744374E-2,-1.972594531E-3
1.034999435E2,-3.625952825E-2,-1.098976471E-2,-5.748691037E-3
1.035099055E2,-6.149083003E-2,-4.198366031E-2,1.591797918E-4
1.035198675E2,-4.596938938E-2,-1.725794971E-1,-1.380127389E-3
1.035298305E2,-8.271294832E-2,-2.659998536E-1,6.410652772E-3
1.035397925E2,-1.744042486E-1,-2.241709381E-1,2.727767453E-3
1.035497555E2,-1.590854824E-1,-2.465683967E-1,-3.415258834E-4
1.035597175E2,-1.352491230E-1,-2.747241259E-1,1.202841173E-3
1.035696805E2,-1.828520298E-1,-3.778825700E-1,2.331496682E-3
1.035796425E2,-2.576546371E-1,-3.823170066E-1,1.510774624E-2
1.035896055E2,-1.793449074E-1,-7.480261475E-2,-1.064284518E-2
1.035995675E2,2.366919816E-2,6.811512262E-2,1.629315666E-4
1.036095305E2,1.573829949E-1,1.382019669E-1,3.838258563E-3
1.036194925E2,1.426655650E-1,1.711631119E-1,1.376698725E-3
1.036294555E2,6.369533390E-2,1.425381750E-1,-2.147023799E-3
1.036394175E2,1.664766856E-2,6.005288661E-2,-1.425040886E-3
1.036493805E2,-1.437260676E-2,-4.907802865E-2,-9.033353999E-4
1.036593425E2,-6.433536857E-2,-1.185590997E-1,8.133382071E-4
1.036693055E2,-1.029862836E-1,-1.538618654E-1,-8.221403696E-4
1.036792675E2,-8.549118042E-2,-8.684287965E-2,-2.952669282E-3
1.036892305E2,-1.304259151E-2,-7.150615100E-3,-2.845351584E-3
1.036991925E2,4.732674360E-2,5.210125446E-2,4.234121880E-4
1.037091555E2,5.963600799E-2,7.100009173E-2,-4.832374398E-4
1.037191175E2,3.006799892E-2,4.521297291E-2,-1.118667657E-3
1.037290805E2,-6.508921273E-3,-8.126413450E-3,-1.432121731E-3
1.037390425E2,-3.157219663E-2,-4.606261104E-2,-7.396998699E-4
1.037490055E2,-3.443393484E-2,-4.107762873E-2,-7.193109486E-4
1.037589675E2,-1.471162681E-2,-1.570835523E-2,-2.149960957E-3
1.037689295E2,1.035121270E-2,1.321605127E-2,1.510436297E-3
1.037788925E2,1.987893693E-2,2.556592785E-2,-8.832128369E-4
1.037888545E2,1.309251785E-2,2.005532943E-2,8.888309821E-4
1.037988175E2,-2.248492092E-5,-6.243840326E-4,-7.628615131E-4
1.038087795E2,-1.367366407E-2,-1.618237793E-2,-7.468981785E-4
1.038187425E2,-1.511576492E-2,-1.620821282E-2,3.846798791E-5
1.038287045E2,-8.698967285E-3,-1.091236249E-2,-6.505936617E-4
1.038386675E2,1.701742178E-3,5.099348491E-4,-6.922555622E-5
1.038486295E2,6.121289916E-3,9.082587436E-3,5.376696354E-4
1.038585925E2,5.015012808E-3,7.651138585E-3,3.895978443E-4
1.038685545E2,-2.719587646E-4,1.316402340E-3,-2.084697480E-4
1.038785175E2,-4.394265823E-3,-3.067693440E-3,5.510638002E-4
1.038884795E2,-5.184998736E-3,-5.925702397E-3,-3.197977203E-4
1.038984425E2,-3.650485538E-3,-3.887052648E-3,-2.533683553E-3
1.039084045E2,9.124540957E-4,-9.565590881E-4,-7.880440680E-4
1.039183675E2,3.169712145E-4,2.434177790E-3,3.528541420E-4
1.039283295E2,6.612365833E-4,-3.970833495E-5,2.684162464E-4
1.039382925E2,-2.011511941E-3,-2.818983514E-3,6.058387225E-4
1.039482545E2,-1.765362686E-3,-2.439640928E-3,7.693254738E-4
1.039582175E2,-2.709187102E-3,-1.411394682E-3,1.196763013E-3
1.039681795E2,-7.319040596E-4,-1.157606486E-3,1.942737843E-3
1.039781425E2,-1.994242659E-3,2.072807867E-3,-6.634315941E-4
1.039881045E2,-1.398516353E-3,7.260751445E-4,7.408380043E-5
1.039980675E2,-2.779898234E-3,-1.029667910E-4,1.725776354E-3
1.040080295E2,-2.018711297E-3,-3.126010764E-3,1.044414588E-3
1.040179916E2,-1.579289790E-3,-1.181903295E-3,4.966022680E-4
1.040279546E2,1.844841987E-3,1.217116835E-3,-8.275919827E-4
1.040379166E2,7.622670382E-4,1.364123309E-3,8.986690664E-4
1.040478796E2,2.524820156E-4,-7.782988250E-4,1.805067994E-3
1.040578416E2,-1.854877220E-3,-1.533038681E-3,2.171785338E-3
1.040678046E2,-3.372290405E-3,-2.214632463E-3,2.071525203E-3
1.040777666E2,-1.444726884E-1,-5.073583126E-2,-3.041477874E-3
1.040877296E2,-2.965429425E-1,-2.111478150E-1,-1.253307797E-2
1.040976916E2,-2.874690294E-1,-2.348374277E-1,6.246202625E-3
1.041076546E2,-1.547335684E-1,-5.986513570E-2,4.311110824E-3
1.041176166E2,8.227817714E-2,9.512924403E-2,3.870624118E-3
1.041275796E2,3.619814515E-1,1.252748817E-1,-2.590870950E-3
1.041375416E2,4.068999290E-1,2.820653021E-1,1.585364901E-2
1.041475046E2,1.933063269E-1,4.127177298E-1,-4.924434703E-3
1.041574666E2,9.323298931E-2,3.315592408E-1,-1.199033391E-2
1.041674296E2,8.536463976E-2,1.122283041E-1,-1.062858733E-3
1.041773916E2,2.402431890E-2,-3.170489892E-2,4.133501090E-3
1.041873546E2,-7.883543521E-2,-1.129069328E-1,-2.193807741E-4
1.041973166E2,-1.386399120E-1,-2.253738195E-1,1.271190355E-3
1.042072796E2,-1.671745330E-1,-3.344040215E-1,3.285127692E-3
1.042172416E2,-2.017764598E-1,-3.383790553E-1,2.175388392E-3
1.042272036E2,-1.441346705E-1,-9.583445638E-2,-4.793649539E-3
1.042371666E2,2.192221023E-2,6.757923961E-2,-1.943534706E-3
1.042471286E2,1.415307075E-1,1.297995746E-1,2.851721598E-3
1.042570916E2,1.303763241E-1,1.532780081E-1,-1.007997664E-3
1.042670536E2,5.455030873E-2,1.010775566E-1,-2.758219372E-3
1.042770166E2,7.216988597E-4,2.309753560E-2,-2.916677389E-3
1.042869786E2,-3.350435942E-2,-8.127482980E-2,-5.839127116E-4
1.042969416E2,-7.650961727E-2,-1.262303293E-1,-8.134772070E-4
1.043069036E2,-7.619366050E-2,-6.988844275E-2,-2.362708561E-3
1.043168666E2,-1.595322415E-2,-1.190689579E-2,-1.422879053E-3
1.043268286E2,3.882625699E-2,3.751789406E-2,-7.410861435E-4
1.043367916E2,5.078598112E-2,6.515324861E-2,-7.030029083E-4
1.043467536E2,3.033460490E-2,4.137133807E-2,2.800335642E-5
1.043567166E2,-9.538098238E-4,-5.456622690E-3,-4.995688214E-4
1.043666786E2,-2.601398528E-2,-3.529449180E-2,-3.588364343E-4
1.043766416E2,-3.053576872E-2,-3.409127519E-2,-6.746873260E-4
1.043866036E2,-1.197797991E-2,-1.590047963E-2,-1.102908049E-3
1.043965666E2,7.565361448E-3,9.892767295E-3,-2.283221111E-3
1.044065286E2,1.568139158E-2,2.435953356E-2,-6.695176708E-4
1.044164916E2,1.241502445E-2,1.744330488E-2,-6.647239788E-4
1.044264536E2,2.298539039E-3,2.030934207E-3,-4.336398561E-4
1.044364166E2,-7.550896145E-3,-9.805219248E-3,-7.257886464E-4
1.044463786E2,-1.035832614E-2,-1.253538486E-2,-3.641627845E-4
1.044563406E2,-5.627487786E-3,-5.274542607E-3,-9.436666151E-4
1.044663036E2,2.753213979E-3,2.501887968E-3,1.033197739E-3
1.044762656E2,5.207050592E-3,5.842823535E-3,-1.758772996E-4
1.044862286E2,3.349858569E-3,3.802122781E-3,1.715477556E-4
1.044961906E2,-2.340251347E-3,-1.041634474E-3,-7.959786453E-4
1.045061536E2,-5.098332651E-3,-6.361648440E-3,-8.279981557E-5
1.045161156E2,-4.054906778E-3,-4.173062276E-3,2.090826165E-4
1.045260786E2,-1.161518972E-3,-6.858236156E-5,-2.259682515E-4
1.045360406E2,1.545051695E-3,1.726920716E-3,9.849711787E-4
1.045460036E2,2.171733649E-3,6.240085699E-3,-1.184217399E-5
1.045559656E2,6.697109202E-4,1.970505808E-3,-1.838824246E-4
1.045659286E2,-3.617715556E-4,-2.339193365E-3,-9.444890893E-4
1.045758906E2,-3.128795885E-3,-2.025473164E-3,-3.098578309E-4
1.045858536E2,-2.382045612E-3,-2.593791811E-3,3.182573710E-5
1.045958156E2,-4.810811952E-4,-1.213475363E-3,-1.026638784E-4
1.046057786E2,7.390653482E-4,-1.759205479E-4,-3.694890765E-4
1.046157406E2,-1.589525491E-4,8.240964962E-4,-7.295484538E-4
1.046257036E2,-4.609045573E-5,-2.490661573E-4,-7.422064082E-4
1.046356656E2,-3.036021488E-3,8.622710593E-4,-6.399409613E-4
1.046456286E2,-9.792705532E-4,-1.482609194E-3,4.830670077E-4
1.046555906E2,-1.559307100E-3,1.603728277E-3,-5.409255391E-5
1.046655526E2,5.425561685E-4,8.298932808E-4,6.896108971E-4
1.046755156E2,1.772137708E-3,5.936708767E-4,1.336226240E-3
1.046854776E2,-1.287220046E-3,1.782847103E-3,-1.905481913E-4
1.046954406E2,-7.841130719E-5,4.837572342E-4,2.171817468E-4
1.047054026E2,-1.061553834E-3,1.322198892E-3,-4.484597011E-4
1.047153656E2,-1.240251819E-3,3.934139386E-6,6.407731562E-4
1.047253276E2,-1.995774452E-3,4.456901224E-4,1.060048933E-3
1.047352906E2,5.246410146E-4,4.142648540E-4,1.677902299E-3
1.047452526E2,1.127959928E-3,-7.673008367E-4,-7.071380969E-5
1.047552156E2,-4.270598292E-4,-5.766183604E-4,-7.064256351E-6
1.047651776E2,-2.232082188E-4,-1.502015395E-3,6.846967153E-6
1.047751406E2,-3.276041243E-4,-9.312999900E-4,-1.324363402E-4
1.047851026E2,-9.459259454E-4,-1.157260267E-3,9.037213749E-4
1.047950656E2,-2.834373387E-3,-1.343415352E-3,-8.201428573E-4
1.048050276E2,-4.983763210E-4,-1.268398017E-3,6.654107710E-5
1.048149906E2,-1.138866413E-3,-3.085738979E-3,4.508351558E-4
1.048249526E2,-1.399508910E-3,5.839706864E-4,6.165383966E-4
1.048349156E2,5.680344766E-4,-1.662417781E-4,1.480883802E-4
1.048448776E2,1.309533836E-4,8.280096808E-4,-1.084030839E-3
1.048548406E2,2.412082395E-4,1.912479056E-4,8.097430109E-4
1.048648026E2,-4.518681671E-4,9.667797713E-4,-1.028127968E-3
1.048747646E2,-2.340215724E-4,-1.083055278E-3,-4.118725192E-4
1.048847276E2,-1.249048859E-3,1.215173164E-3,-2.165454207E-4
1.048946896E2,2.913235221E-4,8.931969060E-4,6.915924605E-4
1.049046526E2,-8.388729766E-4,-4.406420048E-4,-8.228922961E-4
1.049146146E2,-1.328894636E-3,-1.058827620E-4,-1.503329957E-3
1.049245776E2,2.533369698E-4,-9.562887717E-4,5.926718586E-4
1.049345396E2,-4.750376102E-4,3.926021745E-4,-6.145390798E-4
1.049445026E2,8.168705972E-4,6.008275086E-4,-8.898630040E-4
1.049544646E2,-8.859545924E-4,-1.409649849E-5,-2.235401189E-4
1.049644276E2,3.316981019E-4,-3.069872037E-5,-1.179473824E-3
1.049743896E2,8.881778922E-5,-3.350980114E-4,-1.830616733E-3
1.049843526E2,-5.577888805E-4,-2.513597719E-3,-1.324036624E-3
1.049943146E2,-1.106932759E-3,-3.117070068E-3,-2.308340976E-3
1.050042776E2,-1.438326435E-3,-3.729676362E-3,-1.568397274E-3
1.050142398E2,-4.388422240E-4,-2.213538624E-3,-4.096559132E-4
1.050242028E2,-2.255715197E-3,-1.215005759E-4,7.078848430E-4
1.050341648E2,9.355507791E-4,5.924927536E-4,-1.638892805E-3
1.050441278E2,2.912913915E-4,2.227503108E-3,4.929599818E-4
1.050540898E2,-2.192365937E-4,4.162821919E-3,6.018831627E-4
1.050640528E2,6.210550200E-4,2.394624986E-3,-4.504100652E-4
1.050740148E2,-4.452746361E-4,3.114743624E-3,-1.033642329E-3
1.050839768E2,4.408463137E-4,1.722557936E-3,-4.284438910E-5
1.050939398E2,2.219737507E-5,-1.305189915E-3,-2.608267590E-3
1.051039018E2,-3.046746831E-3,5.096383393E-5,-2.802929142E-3
1.051138648E2,-1.590796746E-3,-4.917429294E-3,-3.685335396E-4
1.051238268E2,-7.144634146E-4,-2.787779551E-3,-2.789895050E-3
1.051337898E2,-2.752314089E-3,-1.571780071E-3,-3.300689394E-3
1.051437518E2,-2.497418318E-4,-5.406998098E-3,-6.039724685E-4
1.051537148E2,-2.581871813E-3,-3.312688321E-3,-2.158459742E-3
1.051636768E2,-2.319791820E-4,-1.024844823E-3,4.793855478E-4
1.051736398E2,4.945312394E-4,-1.805683831E-3,-2.132110065E-3
1.051836018E2,-5.392758176E-4,2.190549858E-4,5.070433253E-4
1.051935648E2,4.351749085E-4,8.891063044E-4,-1.304438803E-3
1.052035268E2,3.100838047E-3,1.646822318E-3,-1.391594764E-3
1.052134898E2,1.576444600E-3,1.456672559E-3,-8.371635340E-5
1.052234518E2,5.345108220E-4,1.421205932E-3,1.947280718E-3
1.052334148E2,-3.813502844E-4,6.827113684E-4,8.370089345E-4
1.052433768E2,-3.018816235E-3,2.528032288E-3,1.369484467E-3
1.052533398E2,6.116051227E-4,3.189295297E-3,4.823855706E-4
1.052633018E2,-2.011705190E-3,2.031540032E-3,2.742438228E-4
1.052732648E2,-5.911749322E-4,3.902338212E-4,1.620738069E-3
1.052832268E2,-1.743589295E-3,-3.290129593E-3,-8.999824058E-5
1.052931898E2,-9.366516024E-4,-3.762308275E-3,-3.725596471E-4
1.053031518E2,-1.696112100E-3,-4.230915569E-3,-1.284457278E-3
1.053131138E2,-1.718749059E-3,-4.929728806E-3,1.471914467E-3
1.053230768E2,-3.743614070E-4,-2.159006428E-3,4.616911756E-4
1.053330388E2,-1.006862149E-3,1.280998811E-3,1.454644371E-5
1.053430018E2,1.964878524E-3,1.541048288E-3,6.773526547E-4
1.053529638E2,3.312954213E-4,2.208436374E-3,2.003873233E-3
1.053629268E2,-3.009145148E-4,3.208953887E-3,-1.331822365E-3
1.053728888E2,-8.551182691E-4,1.421706518E-3,1.213094452E-3
1.053828518E2,1.660777838E-3,-1.772253308E-3,-1.301148906E-3
1.053928138E2,-1.648732461E-3,-1.469718060E-3,4.022088833E-4
1.054027768E2,-4.936710466E-4,-8.786586113E-5,1.582615660E-3
1.054127388E2,-3.498601727E-4,9.393153014E-4,-2.460199175E-5
1.054227018E2,-3.781137057E-4,1.621380914E-3,2.094295342E-3
1.054326638E2,1.643721480E-4,-2.738204785E-5,1.411993173E-3
1.054426268E2,-9.459080175E-4,9.808503091E-5,5.600010627E-4
1.054525888E2,-9.230049327E-4,-1.319781877E-3,-4.799861927E-5
1.054625518E2,-7.762243040E-4,-1.880738419E-3,5.509540788E-4
1.054725138E2,-5.937977694E-4,-3.374239430E-3,-2.511899802E-4
1.054824768E2,-1.437003491E-3,-2.079548081E-3,1.166089554E-3
1.054924388E2,-7.866595406E-4,-1.201770268E-3,1.074743108E-3
1.055024008E2,-1.301127486E-5,5.974614760E-4,1.157388324E-4
1.055123638E2,5.049734609E-4,-6.710020825E-4,-3.782775020E-4
1.055223258E2,-1.189319883E-4,2.996544819E-3,1.153541380E-3
1.055322888E2,5.023834528E-4,1.132864738E-3,-6.986871595E-4
1.055422508E2,2.110019559E-3,1.165877329E-3,1.134922844E-3
1.055522138E2,3.379521659E-4,-1.119647641E-3,1.046772231E-3
1.055621758E2,-3.612069413E-4,-8.454890922E-4,5.332597648E-4
1.055721388E2,4.824826028E-4,-1.786916517E-3,7.242084830E-4
1.055821008E2,-1.358746551E-3,1.295504859E-3,-1.471620053E-4
1.055920638E2,1.763809822E-3,-2.595572732E-5,4.644982982E-5
1.056020258E2,-3.559773322E-4,-4.988242872E-4,8.987630135E-4
1.056119888E2,-1.930438215E-3,5.645760102E-4,-4.442691570E-4
1.056219508E2,-7.243892178E-4,8.419989608E-4,2.269649995E-4
1.056319138E2,9.163842769E-4,-2.947146771E-3,2.701081685E-4
1.056418758E2,3.255851334E-4,-1.667873235E-3,6.796388770E-4
1.056518388E2,-1.253136666E-3,1.755886595E-3,6.325009163E-4
1.056618008E2,2.100341953E-4,-1.541874371E-3,9.636281757E-4
1.056717638E2,-4.520276561E-4,-2.079034224E-3,2.935768571E-4
1.056817258E2,6.639339263E-4,-1.702685840E-4,1.967865392E-4
1.056916878E2,1.504960237E-3,-4.749342334E-4,4.652331700E-4
1.057016508E2,6.517630536E-4,6.882130401E-4,-4.622909473E-4
1.057116128E2,2.632356016E-3,-2.426087391E-3,7.833068958E-5
1.057215758E2,-3.702938557E-4,3.007968189E-3,2.076155972E-3
1.057315378E2,-3.114379942E-4,5.558773410E-5,1.309165382E-3
1.057415008E2,-8.716210723E-4,2.523445291E-4,2.503796946E-3
1.057514628E2,-7.429902907E-4,2.832947532E-3,1.037460170E-3
1.057614258E2,-3.412803635E-4,-1.579064643E-3,1.265622792E-3
1.057713878E2,1.297096256E-3,1.932689920E-4,-4.923299421E-4
1.057813508E2,-1.348132151E-3,-8.756390307E-4,-6.243900280E-4
1.057913128E2,5.109270569E-5,1.219810219E-4,-2.603917615E-3
1.058012758E2,-1.373416628E-3,-3.154086182E-3,-4.658728139E-4
1.058112378E2,-9.747414151E-4,1.694198349E-3,-1.282131649E-3
1.058212008E2,-5.221097963E-4,-1.062258612E-3,8.325761301E-4
1.058311628E2,7.812411059E-4,-1.406072639E-3,9.516195278E-4
1.058411258E2,-2.216663212E-3,-1.416991465E-3,-8.075317601E-4
1.058510878E2,-1.247500768E-4,-2.529127523E-3,-1.290629152E-3
1.058610508E2,-8.500578115E-4,4.243019503E-4,1.339399023E-3
1.058710128E2,-3.946573706E-4,-3.735811915E-4,6.677499041E-4
1.058809748E2,1.270559151E-4,9.912889218E-4,-4.331412492E-5
1.058909378E2,-5.110946950E-5,4.341279157E-3,-3.011081135E-4
1.059008998E2,2.262007212E-3,-2.825865988E-3,-5.564347957E-4
1.059108628E2,-3.542822087E-4,4.652822856E-3,-3.223429667E-4
1.059208248E2,2.396116033E-3,-2.601638436E-3,-1.885861158E-3
1.059307878E2,-1.390366466E-3,-2.846383024E-3,-1.301030978E-3
1.059407498E2,-1.938919420E-3,-8.901876863E-4,-1.322767115E-3
1.059507128E2,-2.107942710E-4,-4.223666620E-3,5.089136539E-5
1.059606748E2,-4.382772604E-4,-1.189665403E-3,-8.256098954E-4
1.059706378E2,-2.387710847E-3,-3.331929911E-4,-7.832656265E-4
1.059805998E2,-5.617748247E-4,-2.396235708E-3,-5.151166115E-4
1.059905628E2,6.859160494E-4,-4.119034391E-3,-7.137884386E-4
1.060005248E2,-3.501113504E-3,2.461250406E-3,1.464854926E-3
1.060104878E2,4.392995033E-4,-9.539874736E-4,1.543151913E-3
1.060204501E2,1.667614561E-4,5.506496411E-3,1.613576896E-3
1.060304131E2,3.552704584E-3,3.774376353E-3,-7.060618373E-5
1.060403751E2,2.610703697E-3,3.203515662E-4,2.945053857E-4
1.060503371E2,-3.246323904E-4,1.571238274E-3,-4.106996930E-4
1.060603001E2,6.426275941E-4,-2.073564101E-3,-9.364077123E-4
1.060702621E2,-1.772060408E-3,-1.039724797E-3,4.742686870E-4
1.060802251E2,-1.562235528E-3,3.619593335E-4,7.403478958E-5
1.060901871E2,9.909369983E-4,-3.298821859E-3,3.877551062E-4
1.061001501E2,-7.819534512E-4,-5.000285804E-3,1.510363654E-3
1.061101121E2,-4.209175240E-3,5.136771128E-3,-3.178963671E-4
1.061200751E2,2.511981409E-3,-3.255930264E-3,-1.135596423E-3
1.061300371E2,1.590527594E-3,-4.218130372E-3,-1.488951966E-4
1.061400001E2,-3.521555569E-3,2.174302703E-3,-1.411437290E-3
1.061499621E2,4.548241850E-5,2.818521578E-3,9.878044948E-4
1.061599251E2,4.277721979E-3,-6.492063403E-3,1.020953059E-3
1.061698871E2,-1.697878935E-3,1.246511657E-2,6.035092520E-5
1.061798501E2,1.682696980E-3,4.357123980E-4,1.245982363E-3
1.061898121E2,-3.849811619E-4,-5.278632045E-3,-1.210783841E-3
1.061997751E2,-3.240721300E-3,2.591071185E-3,4.014215665E-5
1.062097371E2,1.209953800E-3,-3.782938235E-3,7.423065836E-5
1.062197001E2,7.489032578E-5,-1.336527290E-3,-8.420768427E-4
1.062296621E2,6.996678421E-4,3.670481732E-3,1.816823147E-3
1.062396251E2,2.189349616E-4,-3.654746572E-3,-2.343043452E-4
1.062495871E2,3.943790216E-5,-2.032881370E-3,6.701051607E-4
1.062595491E2,-1.877586241E-3,-1.157045364E-3,5.174902617E-4
1.062695121E2,-1.016053488E-3,2.158142161E-4,-8.609619690E-4
1.062794741E2,-2.671080874E-4,1.988555770E-3,5.456414074E-4
1.062894371E2,1.038107090E-3,6.612362340E-4,4.114181502E-4
1.062993991E2,1.828444772E-3,2.272071084E-3,7.628536550E-4
1.063093621E2,-7.159394445E-4,-1.902875956E-4,7.215746446E-4
1.063193241E2,-2.006777097E-3,3.429810051E-3,1.028650557E-3
1.063292871E2,1.147737261E-3,-1.335384091E-3,7.828406524E-4
1.063392491E2,-1.431470970E-3,-7.091101259E-3,-1.618007198E-3
1.063492121E2,-3.951353952E-3,1.138351392E-2,-1.295665861E-4
1.063591741E2,6.872180849E-3,-1.712134667E-2,6.847899058E-4
1.063691371E2,-5.022828002E-3,1.392392069E-2,2.746631508E-4
1.063790991E2,2.855892526E-3,-4.999877885E-3,4.494797322E-4
1.063890621E2,-4.429651890E-4,-4.070967436E-3,-3.862201702E-4
1.063990241E2,-3.509450005E-3,3.557611257E-3,-1.357803820E-3
1.064089871E2,3.011299763E-3,-8.270818740E-3,-1.157054212E-4
1.064189491E2,-2.726988867E-3,4.802340642E-3,-7.914357120E-4
1.064289121E2,8.906490402E-4,-1.611882821E-3,-3.861025907E-4
1.064388741E2,8.472718764E-4,-2.270811470E-3,-3.733586636E-4
1.064488361E2,-9.745967109E-4,2.183325356E-3,-9.475362021E-4
1.064587991E2,-2.081845887E-3,-1.700926106E-3,1.079167938E-3
1.064687611E2,-9.494697442E-4,9.302771650E-4,-1.036180882E-3
1.064787241E2,-6.732731126E-4,5.599571159E-4,-4.363645567E-4
1.064886861E2,5.986525211E-4,1.323751756E-3,1.442229375E-3
1.064986491E2,1.167261391E-3,3.060288727E-3,-1.095704501E-4
1.065086111E2,6.950829411E-4,1.798749203E-3,1.033458160E-3
1.065185741E2,1.563059981E-3,-5.453021731E-4,2.302816720E-4
1.065285361E2,3.712953767E-4,-3.247345332E-3,1.368047087E-4
1.065384991E2,-1.528950641E-3,-1.517966157E-3,4.305355833E-4
1.065484611E2,-2.526304452E-3,-2.898548730E-3,-4.259370617E-4
1.065584241E2,-1.610168954E-3,-2.531065140E-3,-6.849382771E-5
1.065683861E2,-1.211955678E-4,-4.691953771E-3,1.522821840E-4
1.065783491E2,-3.313440830E-4,8.524346631E-4,-1.688303892E-4
1.065883111E2,-7.689015474E-4,2.997344593E-3,-9.078575531E-4
1.065982741E2,1.640595263E-3,-1.581819961E-3,-4.307943163E-5
1.066082361E2,1.020611264E-3,2.524508163E-3,-1.118463930E-3
1.066181991E2,-7.950072177E-5,4.218404181E-3,4.948260612E-4
1.066281611E2,1.651820145E-3,-2.107136184E-3,1.266077626E-3
1.066381231E2,-1.109647914E-3,1.828733482E-3,9.578418685E-4
1.066480861E2,4.802818876E-5,1.136311563E-3,5.288065877E-4
1.066580481E2,1.810948481E-3,-1.499573467E-3,-8.239743183E-4
1.066680111E2,-2.552641090E-3,1.521516358E-3,-3.486000933E-4
1.066779731E2,9.033100214E-4,-2.427969128E-3,-4.252722138E-4
1.066879361E2,1.152581885E-3,-5.832820665E-3,-1.193327829E-3
1.066978981E2,-1.624417841E-3,3.275457537E-3,2.784753451E-4
1.067078611E2,2.517063869E-3,-2.052196302E-3,-6.224720273E-4
1.067178231E2,7.916999748E-4,2.754479647E-3,-1.800184255E-4
1.067277861E2,9.006232722E-4,2.859674394E-3,-1.107597374E-3
1.067377481E2,8.146071341E-4,-2.402339596E-3,-5.775399040E-4
1.067477111E2,-3.675702028E-4,1.298921416E-3,7.636280498E-4
1.067576731E2,1.048193895E-3,9.986426448E-4,-3.231185256E-4
1.067676361E2,1.183482469E-3,3.162727226E-3,7.935448666E-4
1.067775981E2,2.004222944E-3,2.708641812E-3,7.336582057E-4
1.067875611E2,1.243624138E-3,-6.679799408E-4,1.765248599E-4
1.067975231E2,-2.171546221E-4,1.587046310E-3,-2.139392309E-4
1.068074851E2,-1.858284697E-2,9.581323713E-3,2.017523395E-3
1.068174481E2,-7.985710353E-2,-1.188455615E-2,1.006191596E-3
1.068274101E2,-6.715195626E-2,-1.034498885E-1,-2.234609099E-3
1.068373731E2,-3.287286265E-3,-7.141170651E-2,-2.269927645E-4
1.068473351E2,4.144263268E-2,7.055714726E-2,-4.919772618E-4
1.068572981E2,6.872219592E-2,9.596288204E-2,-1.585690305E-3
1.068672601E2,6.364594400E-2,4.146554694E-2,1.054833760E-3
1.068772231E2,1.530170627E-2,5.164311267E-3,1.724414993E-3
1.068871851E2,-2.477034554E-2,-2.036981098E-2,-1.452736207E-3
1.068971481E2,-2.940192074E-2,-3.867781907E-2,-1.576808281E-3
1.069071101E2,-1.450872514E-2,-2.413349971E-2,-1.200503670E-3
1.069170731E2,4.326086026E-3,1.360054780E-2,1.032615546E-5
1.069270351E2,1.853990927E-2,2.373547293E-2,-3.673101310E-4
1.069369981E2,1.657905616E-2,1.637896150E-2,1.788650989E-4
1.069469601E2,1.946051139E-3,3.375011496E-3,9.160279878E-4
1.069569231E2,-8.667500690E-3,-1.100516412E-2,7.832617266E-4
1.069668851E2,-1.082359627E-2,-1.384702232E-2,-1.022361452E-3
1.069768471E2,-1.341608632E-2,5.309971049E-3,-1.565763727E-3
1.069868101E2,-2.664347552E-2,1.523424126E-2,-1.285332954E-3
1.069967721E2,-1.651992835E-2,-2.100541070E-2,-1.659804606E-3
1.070067351E2,-3.037942341E-3,-1.754676364E-2,-6.640487118E-4
1.070166968E2,9.788083844E-3,2.452275157E-2,-2.935333643E-3
1.070266598E2,3.335892037E-2,3.581481799E-2,-2.383526880E-3
1.070366218E2,5.087218434E-2,4.161239415E-2,-2.925957786E-3
1.070465848E2,5.882890895E-2,5.922707915E-2,-4.380043596E-3
1.070565468E2,7.029402256E-2,1.030601710E-1,-1.011774596E-2
1.070665098E2,1.017012149E-1,1.888650954E-1,-1.161311008E-2
1.070764718E2,1.463769078E-1,2.771849334E-1,-1.501293387E-2
1.070864348E2,1.860838383E-1,3.704975843E-1,-1.358578652E-1
1.070963968E2,2.200861424E-1,4.062824249E-1,-3.676739931E-1
1.071063598E2,2.055332959E-1,3.957522810E-1,-5.863496065E-1
1.071163218E2,1.461588293E-1,2.639989555E-1,-7.609998584E-1
1.071262848E2,4.560505599E-2,6.875997037E-2,-8.934606910E-1
1.071362468E2,-5.909683555E-2,-1.238622069E-1,-1.001280427E0
1.071462098E2,-1.524696648E-1,-2.628198266E-1,-1.095153689E0
1.071561718E2,-2.074531317E-1,-3.530555069E-1,-1.168136477E0
1.071661338E2,-2.280524075E-1,-4.096149206E-1,-1.226602554E0
1.071760968E2,-2.398997694E-1,-4.288852513E-1,-1.264003038E0
1.071860588E2,-2.368341982E-1,-4.072438776E-1,-1.285390854E0
1.071960218E2,-2.268265039E-1,-3.831469417E-1,-1.294669151E0
1.072059838E2,-1.771907657E-1,-1.483885050E-1,-1.296362638E0
1.072159468E2,-4.016374052E-2,4.485722259E-2,-1.313383341E0
1.072259088E2,6.035008281E-2,1.282642335E-1,-1.320863605E0
1.072358718E2,5.702763051E-2,1.111579984E-1,-1.323291659E0
1.072458338E2,-1.504390035E-3,7.324790210E-2,-1.335680127E0
1.072557968E2,-4.279620945E-2,2.316378802E-2,-1.372828484E0
1.072657588E2,-6.353983283E-2,-5.023292825E-2,-1.430532098E0
1.072757218E2,-9.332270920E-2,-1.061700583E-1,-1.498676181E0
1.072856838E2,-1.157782227E-1,-1.027518958E-1,-1.575226903E0
1.072956468E2,-9.341609478E-2,-4.513938725E-2,-1.662796497E0
1.073056088E2,-4.057870805E-2,1.517597586E-3,-1.754127264E0
1.073155718E2,-1.509025414E-2,2.348493226E-2,-1.830229998E0
1.073255338E2,-2.074627578E-2,2.369771898E-2,-1.887911439E0
1.073354958E2,-3.571519628E-2,7.194002159E-3,-1.929565787E0
1.073454588E2,-5.501219630E-2,-2.021311969E-2,-1.955626130E0
1.073554208E2,-8.087496459E-2,-3.139007837E-2,-1.960830569E0
1.073653838E2,-1.020034179E-1,-4.503452033E-2,-1.937206507E0
1.073753458E2,-1.067111865E-1,-5.563264713E-2,-1.885140777E0
1.073853088E2,-1.186203063E-1,-5.585315824E-2,-1.810106754E0
1.073952708E2,-1.277888715E-1,-4.753112420E-2,-1.726578951E0
1.074052338E2,-1.187413111E-1,-3.779753670E-2,-1.641178012E0
1.074151958E2,-8.892983198E-2,-2.419047616E-2,-1.568274379E0
1.074251588E2,-5.713728070E-2,-4.721436184E-3,-1.510121822E0
1.074351208E2,-2.600484900E-2,1.345764659E-2,-1.460910678E0
1.074450838E2,7.456970401E-3,1.635995880E-2,-1.416733384E0
1.074550458E2,1.202781126E-2,2.785912715E-2,-1.365922451E0
1.074650088E2,1.290478045E-3,2.575869113E-2,-1.312726855E0
1.074749708E2,-3.594058100E-3,9.958487004E-3,-1.255020976E0
1.074849338E2,-8.434087038E-3,1.937045483E-3,-1.195601583E0
1.074948958E2,-1.030692738E-2,3.048868617E-3,-1.132963419E0
1.075048578E2,-9.735679254E-3,4.059475614E-4,-1.053464293E0
1.075148208E2,-2.560977824E-3,2.153200563E-3,-9.743035436E-1
1.075247828E2,3.998920321E-3,1.057038829E-2,-8.865857124E-1
1.075347458E2,9.939512238E-3,1.268436201E-2,-7.943834066E-1
1.075447078E2,1.153341401E-2,9.736508131E-3,-6.899898648E-1
1.075546708E2,7.269339170E-3,9.215543047E-3,-5.727927089E-1
1.075646328E2,-5.355870817E-4,2.421286888E-3,-4.475034773E-1
1.075745958E2,-2.268094802E-3,-3.782326821E-3,-3.196755648E-1
1.075845578E2,-2.748262836E-3,-2.413462382E-3,-1.972037107E-1
1.075945208E2,-2.235614229E-4,2.126662526E-3,-7.743477821E-2
1.076044828E2,4.863874987E-3,9.678056464E-3,1.292653941E-2
1.076144458E2,6.296098232E-3,9.139597416E-3,-7.191449404E-4
1.076244078E2,-9.581134655E-3,6.557395682E-3,-2.127957065E-3
1.076343708E2,-2.866831049E-2,-1.564318500E-2,-1.074371394E-3
1.076443328E2,-4.244910181E-2,-3.791892901E-2,1.880405820E-3
1.076542958E2,-5.480859801E-2,-3.373976797E-2,-1.954734325E-3
1.076642578E2,-5.033448711E-2,-1.142753661E-2,-4.921229556E-3
1.076742198E2,-3.593957424E-2,5.171908997E-3,-8.556264453E-3
1.076841828E2,-2.327677980E-2,2.004939131E-2,-2.310431376E-2
1.076941448E2,-8.388079703E-3,2.363421023E-2,-9.110178053E-2
1.077041078E2,-4.151788540E-3,2.080140635E-2,-2.043881118E-1
1.077140698E2,-1.095751394E-2,8.096001111E-3,-3.271719515E-1
1.077240328E2,-1.720555685E-2,-1.162151061E-2,-4.430559576E-1
1.077339948E2,-2.137245797E-2,-2.481985837E-2,-5.347520709E-1
1.077439578E2,-3.262191638E-2,-1.062680781E-2,-6.040541530E-1
1.077539198E2,-2.560423687E-2,-2.483097836E-2,-6.593068838E-1
1.077638828E2,-1.343039609E-2,-1.490670722E-2,-6.873286963E-1
1.077738448E2,-9.171080776E-3,-3.283175174E-4,-6.954196095E-1
1.077838078E2,-3.160059918E-3,-5.922366399E-4,-6.849882603E-1
1.077937698E2,9.388034232E-4,2.987083280E-3,-6.469905376E-1
1.078037328E2,4.795060493E-3,1.747648115E-3,-5.959188342E-1
1.078136948E2,4.042604007E-3,1.167343929E-2,-5.323585272E-1
1.078236578E2,4.306256771E-3,1.628310420E-2,-4.606641531E-1
1.078336198E2,3.846200183E-3,1.154006273E-2,-3.924428225E-1
1.078435818E2,9.268429130E-4,1.150943525E-2,-3.377761245E-1
1.078535448E2,-6.626382470E-3,1.231518388E-2,-2.981323600E-1
1.078635068E2,-1.188452821E-2,5.475387909E-3,-2.828125358E-1
1.078734698E2,-1.694868132E-2,-2.288717311E-3,-2.743226290E-1
1.078834318E2,-2.174077183E-2,-4.934567958E-3,-2.805096805E-1
1.078933948E2,-2.299642190E-2,-1.722325571E-3,-2.965400815E-1
1.079033568E2,-2.446994744E-2,-7.590334397E-3,-3.221897781E-1
1.079133198E2,-2.765274793E-2,-1.139163598E-2,-3.435213268E-1
1.079232818E2,-2.838005871E-2,-2.111377195E-2,-3.561449647E-1
1.079332448E2,-3.081005439E-2,-1.138046570E-2,-3.568342924E-1
1.079432068E2,-2.630664967E-2,-2.429519966E-2,-3.411184549E-1
1.079531698E2,-1.931432821E-2,-1.604510471E-2,-3.065900207E-1
1.079631318E2,-1.591560058E-2,2.081702463E-3,-2.652904987E-1
1.079730948E2,-9.562355466E-3,-4.748003557E-3,-2.204694450E-1
1.079830568E2,-9.216411039E-3,4.469196312E-3,-1.785185337E-1
1.079930188E2,-5.126926117E-3,3.311113454E-3,-1.398981065E-1
1.080029818E2,-2.779083094E-3,5.712219514E-3,-1.146918163E-1
1.080129438E2,-7.048218045E-3,1.229896769E-2,-1.007734016E-1
1.080229060E2,-1.040566526E-2,-5.907323211E-4,-1.014881954E-1
1.080328680E2,-1.414220966E-2,-4.294406623E-3,-1.007998735E-1
1.080428310E2,-1.587965526E-2,-6.568479817E-3,-1.017647386E-1
1.080527930E2,-1.336952113E-2,-9.434793144E-3,-9.879405797E-2
1.080627560E2,-1.267230697E-2,-4.298354499E-3,-8.891186118E-2
1.080727180E2,-8.470895700E-3,-4.907982424E-3,-7.040631026E-2
1.080826810E2,-7.497776300E-3,-5.792151671E-3,-4.939130694E-2
1.080926430E2,-5.439718254E-3,-2.844054252E-4,-2.656104974E-2
1.081026060E2,5.502639106E-4,6.176689640E-3,-6.514637731E-3
1.081125680E2,4.292044789E-3,8.210187778E-3,-1.534784911E-3
1.081225310E2,-3.224140964E-4,6.364084315E-3,-1.306551974E-3
1.081324930E2,-7.246100344E-3,-1.817679033E-3,-7.994589396E-6
1.081424560E2,-1.096280757E-2,-9.815684520E-3,7.531368756E-4
1.081524180E2,-1.105473470E-2,-1.088295784E-2,6.492184475E-4
1.081623800E2,-8.384915069E-3,-4.122789484E-3,7.509512361E-4
1.081723430E2,-5.068190396E-3,-2.994971583E-3,1.812148257E-4
1.081823050E2,-3.416497959E-3,-4.520163871E-3,1.451808959E-3
1.081922680E2,4.498108756E-3,-4.368861206E-3,1.835790114E-3
1.082022300E2,9.577289224E-3,1.151871635E-3,1.258416916E-3
1.082121930E2,1.210474409E-2,1.017580088E-2,6.704062107E-4
1.082221550E2,1.567897201E-2,1.421661489E-2,1.396117732E-3
1.082321180E2,1.708594337E-2,1.088310592E-2,3.986775409E-4
1.082420800E2,1.497485675E-2,8.903577924E-3,-3.701559035E-5
1.082520430E2,1.409345586E-2,7.754736580E-3,1.218245598E-5
1.082620050E2,1.101137884E-2,4.262533970E-3,1.952029066E-3
1.082719680E2,2.655146178E-3,4.865003284E-4,1.781359548E-3
1.082819300E2,-8.863025345E-3,-7.368759718E-3,5.698875175E-4
1.082918930E2,-2.308499999E-2,-2.162035368E-2,2.995062969E-4
1.083018550E2,-3.392086923E-2,-3.106791899E-2,2.012355835E-4
1.083118170E2,-4.071946070E-2,-3.521883115E-2,1.406081021E-3
1.083217800E2,-4.238899425E-2,-3.619115055E-2,2.882004948E-3
1.083317420E2,-4.457759485E-2,-3.240200132E-2,3.912515007E-3
1.083417050E2,-4.664793983E-2,-3.225286305E-2,1.183861494E-2
1.083516670E2,-4.243981466E-2,-2.917996980E-2,4.521913081E-2
1.083616300E2,-1.734937355E-2,-2.692293935E-2,9.704690427E-2
1.083715920E2,2.494162321E-2,-7.776143495E-3,1.316506863E-1
1.083815550E2,5.390989035E-2,2.092793956E-2,1.600471735E-1
1.083915170E2,6.532536447E-2,3.300917894E-2,1.976159960E-1
1.084014800E2,6.410083920E-2,2.680321783E-2,2.358651161E-1
1.084114420E2,5.585888028E-2,1.675647125E-2,2.698520720E-1
1.084214050E2,4.076168686E-2,1.469305437E-2,3.011343777E-1
1.084313670E2,2.745118551E-2,6.852207705E-3,3.271276951E-1
1.084413300E2,1.562382095E-2,-9.085098282E-4,3.594467342E-1
1.084512920E2,-5.019406788E-3,-8.025275543E-3,3.954223096E-1
1.084612550E2,-2.100210078E-2,-2.685275860E-2,4.516965151E-1
1.084712170E2,-3.038125485E-2,-3.070868552E-2,5.159037709E-1
1.084811790E2,-2.945473790E-2,-2.816057391E-2,5.885303020E-1
1.084911420E2,-1.429017633E-2,-1.931352355E-2,6.665411592E-1
1.085011040E2,-5.065253004E-3,1.395217725E-3,7.398958206E-1
1.085110670E2,9.378263727E-3,7.589213084E-3,7.991230488E-1
1.085210290E2,2.048391290E-2,1.836252748E-3,8.552233577E-1
1.085309920E2,2.894128859E-2,9.353855625E-3,8.984733820E-1
1.085409540E2,3.197303042E-2,1.349373907E-2,9.286618829E-1
1.085509170E2,3.688300401E-2,8.422736079E-3,9.563200474E-1
1.085608790E2,3.358787671E-2,7.297551259E-3,9.740462899E-1
1.085708420E2,2.983501181E-2,9.044725448E-3,9.834282994E-1
1.085808040E2,2.868426032E-2,2.653937787E-3,9.910153747E-1
1.085907670E2,2.796308324E-2,-3.023418132E-3,9.993707538E-1
1.086007290E2,2.839984186E-2,6.318546366E-5,1.009340167E0
1.086106920E2,3.071516939E-2,5.332550965E-3,1.026186347E0
1.086206540E2,3.410404176E-2,2.810271457E-3,1.044401765E0
1.086306170E2,3.907321766E-2,7.889775559E-3,1.063197136E0
1.086405790E2,4.296889156E-2,1.718180999E-2,1.072268128E0
1.086505410E2,4.242480546E-2,2.467195131E-2,1.058771014E0
1.086605040E2,4.382616282E-2,2.638596110E-2,1.021982074E0
1.086704660E2,3.684696928E-2,2.664613724E-2,9.598875642E-1
1.086804290E2,3.602911159E-2,7.773911580E-3,8.882115483E-1
1.086903910E2,2.711243927E-2,5.249488167E-3,8.133216500E-1
1.087003540E2,1.686059870E-2,-2.313889097E-3,7.452581525E-1
1.087103160E2,9.923582897E-3,-1.105432399E-2,6.887505651E-1
1.087202790E2,6.348289084E-3,-8.411137387E-3,6.396381259E-1
1.087302410E2,-2.002117224E-3,-8.432849310E-3,6.034110188E-1
1.087402040E2,-9.744458832E-3,-8.967345580E-3,5.700506568E-1
1.087501660E2,-1.253913995E-2,-1.155177038E-2,5.407550335E-1
1.087601290E2,-7.891657762E-3,-1.180769969E-2,5.219811201E-1
1.087700910E2,-2.309889998E-3,-9.011443704E-3,5.124380589E-1
1.087800540E2,4.345349036E-3,-5.605260842E-3,5.107357502E-1
1.087900160E2,1.104696840E-2,-2.949651564E-3,5.178506374E-1
1.087999780E2,1.361878309E-2,1.457880251E-3,5.315179825E-1
1.088099410E2,9.805118665E-3,7.311062654E-4,5.458890796E-1
1.088199030E2,9.741470218E-3,-3.206910100E-3,5.600855947E-1
1.088298660E2,5.382811651E-3,-1.654507127E-3,5.712060928E-1
1.088398280E2,2.858135151E-3,-3.104598261E-3,5.847575665E-1
1.088497910E2,-1.921197399E-3,-1.723985886E-3,5.902315378E-1
1.088597530E2,-7.995069027E-3,4.054274410E-3,5.884042978E-1
1.088697160E2,-5.734239239E-3,-5.338585004E-3,5.902232528E-1
1.088796780E2,-1.417521387E-3,-1.306015439E-2,5.982923508E-1
1.088896410E2,1.176240668E-2,-5.884704180E-3,5.998935699E-1
1.088996030E2,3.409407660E-2,7.358663250E-3,5.925238132E-1
1.089095660E2,5.999566615E-2,1.625795290E-2,5.771053433E-1
1.089195280E2,6.300316751E-2,2.711379528E-2,5.579596162E-1
1.089294910E2,4.989867657E-2,2.079442143E-2,5.321248770E-1
1.089394530E2,3.037424386E-2,3.125835210E-4,5.152167678E-1
1.089494150E2,1.018006913E-2,-1.392684132E-2,5.005321503E-1
1.089593780E2,-2.827608492E-3,-1.653034613E-2,4.927317202E-1
1.089693400E2,-1.792752882E-3,-1.657209545E-2,4.988382459E-1
1.089793030E2,4.931196570E-3,-9.773044847E-3,5.155847073E-1
1.089892650E2,9.120542556E-3,-4.863351583E-3,5.384543538E-1
1.089992280E2,1.578936353E-2,-2.106713597E-3,5.716006160E-1
1.090091900E2,1.754302345E-2,2.883313922E-3,6.047096252E-1
1.090191538E2,2.066185139E-2,7.265545428E-3,6.275336742E-1
1.090291158E2,2.395877987E-2,3.753227880E-3,6.451678872E-1
1.090390788E2,3.523540497E-2,4.937850172E-4,6.565054655E-1
1.090490408E2,3.971463814E-2,1.215830538E-2,6.588926911E-1
1.090590038E2,4.364599660E-2,1.847399026E-2,6.499085426E-1
1.090689658E2,3.765176237E-2,1.678045653E-2,6.298474669E-1
1.090789288E2,2.914642356E-2,1.037156116E-2,6.034960151E-1
1.090888908E2,2.013426088E-2,-2.778827678E-3,5.704945326E-1
1.090988538E2,1.259964611E-2,-9.935806505E-3,5.396742821E-1
1.091088158E2,3.062988631E-3,-1.625757664E-2,5.208985209E-1
1.091187778E2,-4.137133714E-3,-1.748875529E-2,5.116314888E-1
1.091287408E2,-2.471588086E-4,-1.938683912E-2,5.128513575E-1
1.091387028E2,7.782005239E-3,-1.408874523E-2,5.227345824E-1
1.091486658E2,1.434607618E-2,-1.797032543E-3,5.354401469E-1
1.091586278E2,2.149879374E-2,5.434781313E-3,5.455859900E-1
1.091685908E2,2.826767787E-2,1.066032425E-2,5.505914092E-1
1.091785528E2,2.161962911E-2,1.166300476E-2,5.497498512E-1
1.091885158E2,1.527469605E-2,3.132836893E-3,5.424665213E-1
1.091984778E2,1.283497456E-2,-9.615182877E-3,5.370768309E-1
1.092084408E2,1.271207351E-2,-6.614881568E-3,5.327572823E-1
1.092184028E2,7.832426345E-4,6.912644953E-3,5.260924697E-1
1.092283658E2,-9.302342311E-3,-1.652503852E-3,5.274325609E-1
1.092383278E2,-1.096761599E-2,-1.906584948E-2,5.329479575E-1
1.092482908E2,-5.511713214E-3,-1.796896569E-2,5.407230258E-1
1.092582528E2,5.456515588E-3,-2.399859950E-3,5.490224957E-1
1.092682148E2,2.044261619E-2,3.173694480E-3,5.648382306E-1
1.092781778E2,3.031868301E-2,1.491424628E-4,5.856996179E-1
1.092881398E2,3.104432300E-2,2.726705046E-3,6.072536707E-1
1.092981028E2,2.886372618E-2,3.872396890E-3,6.292582750E-1
1.093080648E2,2.492991276E-2,-3.197399899E-3,6.558758616E-1
1.093180278E2,2.305025421E-2,-5.308487453E-3,6.843309402E-1
1.093279898E2,1.199163217E-2,3.284182400E-3,7.116824389E-1
1.093379528E2,5.507633556E-3,-4.346556962E-4,7.383995652E-1
1.093479148E2,1.985967532E-2,-4.689588211E-3,7.601237893E-1
1.093578778E2,3.980142251E-2,2.455154900E-4,7.709295154E-1
1.093678398E2,4.914104193E-2,1.760202833E-2,7.741798162E-1
1.093778028E2,4.038350284E-2,2.057624608E-2,7.769745588E-1
1.093877648E2,2.667149156E-2,1.190510672E-2,7.681450844E-1
1.093977278E2,2.520089224E-2,7.285587490E-3,7.383623719E-1
1.094076898E2,3.647763282E-2,1.113818865E-2,6.837897301E-1
1.094176518E2,3.452499956E-2,1.127480902E-2,6.291464567E-1
1.094276148E2,1.545650885E-2,2.543605166E-3,5.902568698E-1
1.094375768E2,8.106716909E-3,-2.518416196E-2,5.596595407E-1
1.094475398E2,2.202463150E-2,-2.798254788E-2,5.323837996E-1
1.094575018E2,2.165072411E-2,1.943391631E-3,5.137283206E-1
1.094674648E2,5.764715374E-3,1.071658731E-2,5.101195574E-1
1.094774268E2,-1.611175947E-3,-2.180567011E-2,5.301641226E-1
1.094873898E2,-8.341595531E-3,-2.813022956E-2,5.554558635E-1
1.094973518E2,4.271934740E-3,-1.513640024E-2,5.774756670E-1
1.095073148E2,3.569831699E-2,-3.600120544E-3,6.028379202E-1
1.095172768E2,4.327581078E-2,1.970387064E-2,6.294695139E-1
1.095272398E2,2.248330042E-2,2.480993792E-2,6.598631740E-1
1.095372018E2,9.108638391E-3,-1.100957952E-2,6.987887025E-1
1.095471648E2,7.705749478E-3,-2.860308066E-2,7.365756631E-1
1.095571268E2,1.590695418E-2,-8.542019874E-3,7.615558505E-1
1.095670888E2,3.950259089E-2,1.740030013E-2,7.822073102E-1
1.095770518E2,4.681856185E-2,3.046417236E-2,7.907928228E-1
1.095870138E2,4.869644716E-2,2.254989743E-2,7.940235734E-1
1.095969768E2,4.085556790E-2,1.100855507E-2,7.880290747E-1
1.096069388E2,2.702800930E-2,1.179408398E-3,7.737720609E-1
1.096169018E2,1.318356581E-2,-4.717895295E-3,7.606213689E-1
1.096268638E2,8.553732187E-3,-7.577752694E-3,7.504541874E-1
1.096368268E2,3.797326703E-3,-1.232057624E-2,7.533458471E-1
1.096467888E2,6.571379490E-3,-1.523509063E-2,7.744121552E-1
1.096567518E2,9.649461135E-3,-8.516202681E-3,8.085427284E-1
1.096667138E2,2.170492150E-2,-6.642121356E-3,8.439484239E-1
1.096766768E2,5.320159718E-2,-1.323522534E-3,8.761809468E-1
1.096866388E2,6.867838651E-2,3.042489663E-2,8.918614984E-1
1.096966018E2,6.796439737E-2,4.422460124E-2,8.982565999E-1
1.097065638E2,5.222165585E-2,3.529126197E-2,8.921431303E-1
1.097165258E2,3.958975151E-2,1.219366677E-2,8.637972474E-1
1.097264888E2,3.073637187E-2,8.034544997E-3,8.169186115E-1
1.097364508E2,2.729796432E-2,-4.857061431E-4,7.822232246E-1
1.097464138E2,2.192772366E-2,2.452791436E-3,7.629559636E-1
1.097563758E2,2.129655518E-2,4.048205446E-4,7.605788112E-1
1.097663388E2,1.877181232E-2,7.028227672E-3,7.721761465E-1
1.097763008E2,2.338227816E-2,1.401689555E-2,7.839472890E-1
1.097862638E2,3.368541226E-2,2.089685574E-2,7.811359167E-1
1.097962258E2,4.523367435E-2,2.102868259E-2,7.739392519E-1
1.098061888E2,4.168385267E-2,2.408138849E-2,7.679262161E-1
1.098161508E2,3.370102495E-2,1.959635876E-2,7.663916945E-1
1.098261138E2,2.294711024E-2,4.880418535E-3,7.734720111E-1
1.098360758E2,-1.192847267E-3,-1.547199022E-2,8.049479127E-1
1.098460388E2,1.835778938E-3,-3.828108683E-2,8.455568552E-1
1.098560008E2,1.451402344E-2,-3.314597905E-2,8.988330960E-1
1.098659628E2,2.895554714E-2,-1.590094529E-2,9.619460702E-1
1.098759258E2,4.329826683E-2,6.653100252E-3,1.022676826E0
1.098858878E2,5.507421494E-2,1.939824969E-2,1.068082690E0
1.098958508E2,5.856801569E-2,1.771300100E-2,1.090438366E0
1.099058128E2,5.105751380E-2,1.623463444E-2,1.090483069E0
1.099157758E2,4.169330746E-2,6.761771627E-3,1.078156590E0
1.099257378E2,4.094069451E-2,-7.368665654E-3,1.045256257E0
1.099357008E2,4.635117203E-2,4.132994451E-3,9.859344959E-1
1.099456628E2,5.051399767E-2,2.099497244E-2,9.001134038E-1
1.099556258E2,5.023436621E-2,2.371539176E-2,8.070390821E-1
1.099655878E2,3.997658938E-2,1.465497166E-2,7.108382583E-1
1.099755508E2,2.509004995E-2,-2.210028935E-3,6.243281364E-1
1.099855128E2,1.059288904E-2,-1.494961511E-2,5.523347855E-1
1.099954758E2,-1.014231704E-3,-1.638266072E-2,4.791798592E-1
1.100054378E2,-2.648232738E-3,-8.749969304E-3,4.195277393E-1
1.100153998E2,-2.955441549E-2,3.482728731E-3,3.865410388E-1
1.100253621E2,-2.852319181E-2,-4.029842839E-2,3.779082000E-1
1.100353241E2,-7.440252230E-4,-3.147244826E-2,3.384382725E-1
1.100452871E2,1.584376558E-3,4.735498875E-2,2.647829652E-1
1.100552491E2,-5.950238556E-3,5.573089793E-2,1.896663606E-1
1.100652121E2,-2.189413086E-2,7.298036478E-3,1.175207868E-1
1.100751741E2,-4.214507341E-2,-1.955328695E-2,2.447872981E-2
1.100851371E2,-5.482074246E-2,-1.986231841E-2,-1.517051458E-2
1.100950991E2,-4.434892908E-2,-1.032367535E-2,-1.091078855E-2
1.101050621E2,-1.575927436E-2,8.865838870E-3,-2.382488735E-2
1.101150241E2,8.326089010E-3,2.635215409E-2,-5.921510234E-2
1.101249871E2,2.080214396E-2,3.008094244E-2,-9.424433112E-2
1.101349491E2,1.829744130E-2,2.305046283E-2,-1.261335462E-1
1.101449121E2,1.546749286E-2,3.681448288E-3,-1.438571215E-1
1.101548741E2,1.104771066E-2,4.230326042E-3,-1.620140225E-1
1.101648361E2,1.824248210E-2,1.745721512E-2,-1.959223747E-1
1.101747991E2,2.988289297E-2,2.884489298E-2,-2.430469990E-1
1.101847611E2,3.432585299E-2,4.269383475E-2,-3.084962666E-1
1.101947241E2,3.240970522E-2,5.758090690E-2,-3.951086700E-1
1.102046861E2,3.363820910E-2,7.421080768E-2,-4.920589924E-1
1.102146491E2,2.956277132E-2,8.354943991E-2,-5.876153708E-1
1.102246111E2,2.705905214E-2,7.046333700E-2,-6.839432716E-1
1.102345741E2,1.900565252E-2,4.822327942E-2,-7.690336704E-1
1.102445361E2,-2.813120373E-4,2.606652305E-2,-8.421066403E-1
1.102544991E2,-2.231044695E-2,1.427755575E-3,-9.079729915E-1
1.102644611E2,-4.184519500E-2,-3.455809504E-2,-9.612264037E-1
1.102744241E2,-6.474731117E-2,-7.099866122E-2,-1.004113078E0
1.102843861E2,-8.380167931E-2,-1.075588018E-1,-1.038962841E0
1.102943491E2,-1.052691564E-1,-1.412680447E-1,-1.053120017E0
1.103043111E2,-1.282183826E-1,-1.593286097E-1,-1.050586820E0
1.103142731E2,-1.149829999E-1,-7.608033717E-2,-1.038630009E0
1.103242361E2,-5.403479561E-2,-3.404926276E-3,-1.027473092E0
1.103341981E2,3.890335793E-4,3.037833795E-2,-1.003667593E0
1.103441611E2,1.233880408E-2,3.313444182E-2,-9.571689963E-1
1.103541231E2,-6.983229425E-3,1.501269639E-2,-8.943748474E-1
1.103640861E2,-3.203536570E-2,-1.840519253E-3,-8.353068233E-1
1.103740481E2,-4.789129645E-2,-7.261650171E-3,-7.911425829E-1
1.103840111E2,-4.661000893E-2,-1.531401835E-2,-7.609640956E-1
1.103939731E2,-4.370450228E-2,-1.406845823E-2,-7.222436070E-1
1.104039361E2,-5.108385533E-2,-4.033190664E-3,-6.756042242E-1
1.104138981E2,-5.427565053E-2,1.386512304E-4,-6.332450509E-1
1.104238611E2,-4.182272777E-2,-8.227879182E-3,-6.075813770E-1
1.104338231E2,-2.020797879E-2,-7.508559152E-3,-5.909571052E-1
1.104437861E2,-1.853936352E-2,1.079237461E-2,-5.710210204E-1
1.104537481E2,-2.377620339E-2,1.411466859E-2,-5.513002872E-1
1.104637101E2,-2.734729275E-2,-7.265303284E-3,-5.273628235E-1
1.104736731E2,-2.471342683E-2,-2.401711978E-2,-4.938826561E-1
1.104836351E2,-1.951321773E-2,-1.182011981E-2,-4.511918724E-1
1.104935981E2,-8.102904074E-3,5.051271990E-3,-4.088904858E-1
1.105035601E2,4.136944190E-3,4.760280252E-3,-3.554136753E-1
1.105135231E2,4.110579379E-3,5.769866984E-4,-2.942965329E-1
1.105234851E2,1.149273594E-3,-1.076593436E-2,-2.152237147E-1
1.105334481E2,3.667026060E-3,-1.299366914E-2,-1.237574518E-1
1.105434101E2,5.484810099E-3,-7.392391562E-4,-2.512765117E-2
1.105533731E2,1.699872129E-2,1.131609175E-2,7.674504537E-3
1.105633351E2,1.558310539E-2,1.050680131E-2,5.775999278E-3
1.105732981E2,-7.348308805E-3,-2.440955490E-3,2.706706291E-3
1.105832601E2,-3.496244550E-2,-3.226766735E-2,4.385461565E-3
1.105932221E2,-6.495869905E-2,-4.346359521E-2,2.974434756E-2
1.106031851E2,-9.753888100E-2,-3.865071759E-2,9.633494169E-2
1.106131471E2,-1.423750669E-1,-5.384107120E-3,1.819731444E-1
1.106231101E2,-2.128736824E-1,3.283003345E-2,2.797679007E-1
1.106330721E2,-2.747144103E-1,1.161103044E-2,3.969903886E-1
1.106430351E2,-3.326125443E-1,-2.980870754E-2,5.307302475E-1
1.106529971E2,-3.549349010E-1,-9.300152212E-2,6.948521137E-1
1.106629601E2,-3.342576325E-1,-9.565947205E-2,8.482712507E-1
1.106729221E2,-2.965874970E-1,4.108401015E-3,9.424903989E-1
1.106828851E2,-2.305581570E-1,4.564655572E-2,1.009768963E0
1.106928471E2,-1.626693904E-1,2.416790696E-3,1.073372722E0
1.107028101E2,-9.669356048E-2,-1.465250365E-2,1.120577812E0
1.107127721E2,-3.176382929E-2,5.804035813E-3,1.141089201E0
1.107227341E2,2.978180721E-2,6.625148933E-3,1.144616008E0
1.107326971E2,8.089745790E-2,-1.047926955E-2,1.131668806E0
1.107426591E2,1.201062575E-1,-1.932207495E-2,1.100633025E0
1.107526221E2,1.455146819E-1,-1.311344747E-2,1.044378281E0
1.107625841E2,1.649929136E-1,-1.377025340E-2,9.775385261E-1
1.107725471E2,1.853687614E-1,-3.697112901E-3,8.970497847E-1
1.107825091E2,1.960889101E-1,8.277032524E-3,8.048717380E-1
1.107924721E2,2.010919303E-1,2.050653473E-2,6.965109110E-1
1.108024341E2,2.002843469E-1,2.806882747E-2,5.735317469E-1
1.108123971E2,1.925902069E-1,2.758892626E-2,4.305601716E-1
1.108223591E2,1.772213727E-1,3.156662360E-2,2.608728707E-1
1.108323221E2,1.588245183E-1,2.451830171E-2,8.053480834E-2
1.108422841E2,1.347332746E-1,2.047619084E-3,-9.386163205E-2
1.108522471E2,1.061024368E-1,-2.816328034E-2,-2.333308458E-1
1.108622091E2,8.959642798E-2,-3.773681074E-2,-3.515765071E-1
1.108721711E2,9.197889268E-2,-2.901149727E-2,-4.684363008E-1
1.108821341E2,1.042048931E-1,-1.356773451E-2,-5.755411983E-1
1.108920961E2,1.151880324E-1,5.051755812E-3,-6.825568080E-1
1.109020591E2,1.159491688E-1,1.417491864E-2,-7.946327329E-1
1.109120211E2,1.110564098E-1,6.381976418E-3,-9.151027203E-1
1.109219841E2,9.944477677E-2,-1.494728588E-2,-1.028010845E0
1.109319461E2,4.763617739E-2,1.990523748E-2,-1.116546512E0
1.109419091E2,-3.892752575E-3,6.716637872E-3,-1.170556903E0
1.109518711E2,-2.535330318E-2,-4.970322549E-2,-1.198093772E0
1.109618341E2,-3.510535508E-2,-5.225544050E-2,-1.201002836E0
1.109717961E2,-2.845571004E-2,-2.324456163E-2,-1.186778188E0
1.109817591E2,-1.236150786E-2,-2.840836532E-3,-1.153452039E0
1.109917211E2,-9.840292856E-3,8.515947498E-3,-1.092051864E0
1.110016831E2,-7.634227164E-3,-3.175141057E-3,-1.013997912E0
1.110116461E2,-1.525725890E-2,-1.271804608E-2,-9.187362194E-1
1.110216089E2,-2.841949835E-2,-1.611418650E-2,-8.000965118E-1
1.110315719E2,-3.802871332E-2,-1.948867738E-2,-6.635122895E-1
1.110415339E2,-4.039529711E-2,-1.653158106E-2,-5.125953555E-1
1.110514969E2,-4.162620753E-2,-1.908608526E-2,-3.476998806E-1
1.110614589E2,-4.198758304E-2,-1.403540280E-2,-1.690841913E-1
1.110714219E2,-4.161633924E-2,-1.249582972E-2,1.396844629E-2
1.110813839E2,-4.359475523E-2,-6.156564690E-3,9.605671465E-2
1.110913469E2,-7.161787152E-2,-1.152123604E-2,1.967364550E-1
1.111013089E2,-1.283832937E-1,-8.749669418E-3,3.371514678E-1
1.111112719E2,-2.105774879E-1,1.129407994E-2,5.057990551E-1
1.111212339E2,-2.880953848E-1,1.998063177E-2,6.807635427E-1
1.111311969E2,-3.391159475E-1,5.608085543E-3,8.313338757E-1
1.111411589E2,-3.531626761E-1,-1.455121115E-2,9.344436526E-1
1.111511209E2,-3.416213393E-1,-1.508890279E-2,9.864165783E-1
1.111610839E2,-3.102268577E-1,8.405383676E-3,9.924982190E-1
1.111710459E2,-2.711439133E-1,1.564891636E-2,9.697276354E-1
1.111810089E2,-2.254766226E-1,1.381891686E-2,9.260950685E-1
1.111909709E2,-1.718056798E-1,2.552084811E-2,8.732840419E-1
1.112009339E2,-1.313479245E-1,5.569646135E-2,8.032924533E-1
1.112108959E2,-1.068369821E-1,6.679464877E-2,7.134041190E-1
1.112208589E2,-8.943881840E-2,4.647100717E-2,6.003777385E-1
1.112308209E2,-6.537076831E-2,1.643773913E-2,4.556250572E-1
1.112407839E2,-1.844202355E-2,-5.892875604E-3,2.834522724E-1
1.112507459E2,4.477369785E-2,-1.193691976E-2,9.005802870E-2
1.112607089E2,1.159778312E-1,-1.159787178E-2,-1.100828350E-1
1.112706709E2,1.844841987E-1,-2.368595824E-2,-2.825281024E-1
1.112806329E2,2.440432161E-1,-4.398290068E-2,-4.338642359E-1
1.112905959E2,2.929444611E-1,-5.418840051E-2,-5.732649565E-1
1.113005579E2,3.339715302E-1,-1.716036722E-2,-6.899875402E-1
1.113105209E2,3.611283004E-1,2.923429571E-2,-7.778367400E-1
1.113204829E2,3.754034638E-1,3.691842034E-2,-8.443751335E-1
1.113304459E2,3.669684529E-1,3.250204725E-3,-8.865652084E-1
1.113404079E2,3.411444128E-1,-3.356265649E-2,-9.062360525E-1
1.113503709E2,3.039371371E-1,-4.888302460E-2,-9.035571814E-1
1.113603329E2,2.574131191E-1,-4.625946283E-2,-8.721921444E-1
1.113702959E2,1.512598097E-1,3.266517818E-2,-7.879853845E-1
1.113802579E2,1.475251373E-2,5.689388514E-2,-6.731880903E-1
1.113902209E2,-3.532982618E-2,-6.179095432E-2,-5.590835810E-1
1.114001829E2,-6.454171985E-2,-1.104105189E-1,-4.142578244E-1
1.114101459E2,-8.490424603E-2,-7.044445723E-2,-2.378372550E-1
1.114201079E2,-7.908211648E-2,-1.367875934E-2,-4.314311221E-2
1.114300699E2,-7.308121771E-2,3.452605382E-2,7.904830575E-2
1.114400329E2,-1.171907037E-1,4.148715734E-2,1.884181648E-1
1.114499949E2,-2.181692570E-1,2.498327941E-2,3.375402689E-1
1.114599579E2,-3.331784606E-1,1.016717684E-2,5.023117065E-1
1.114699199E2,-4.145670831E-1,-2.076705918E-3,6.483160257E-1
1.114798829E2,-4.479642510E-1,-1.439917274E-2,7.452309132E-1
1.114898449E2,-4.421548247E-1,-1.830602996E-2,7.929363847E-1
1.114998079E2,-4.106433094E-1,-7.266100030E-3,8.074826002E-1
1.115097699E2,-3.596621454E-1,2.727856115E-2,8.032084703E-1
1.115197329E2,-2.933645546E-1,7.769000530E-2,7.859753966E-1
1.115296949E2,-2.429437488E-1,1.142030135E-1,7.409067750E-1
1.115396579E2,-2.117730975E-1,1.141258478E-1,6.521275043E-1
1.115496199E2,-1.823044121E-1,6.935198605E-2,5.283421874E-1
1.115595819E2,-1.567750722E-1,3.023866564E-2,3.808018565E-1
1.115695449E2,-8.473043889E-2,6.756819040E-2,2.236068994E-1
1.115795069E2,-2.880401909E-2,5.033878237E-2,1.053175628E-1
1.115894699E2,1.058812812E-2,-3.012942895E-2,3.945412114E-2
1.115994319E2,5.852906406E-2,-1.094903871E-1,7.155313622E-3
1.116093949E2,1.146876737E-1,-1.153181791E-1,1.207497157E-2
1.116193569E2,1.608174443E-1,-1.281175315E-1,4.762405902E-2
1.116293199E2,2.154937387E-1,-1.194310933E-1,1.001647711E-1
1.116392819E2,2.850488722E-1,-1.018811315E-1,1.755563319E-1
1.116492449E2,3.540186286E-1,-1.087720692E-1,2.823658586E-1
1.116592069E2,4.163814783E-1,-1.130971089E-1,4.105949104E-1
1.116691699E2,4.493436813E-1,-7.277498394E-2,5.396242738E-1
1.116791319E2,4.689553976E-1,-3.847433720E-3,6.496207118E-1
1.116890949E2,5.092229843E-1,2.786948346E-2,7.387226224E-1
1.116990569E2,5.295212269E-1,1.373802032E-2,8.138801455E-1
1.117090189E2,5.127071142E-1,4.921359010E-3,8.651097417E-1
1.117189819E2,4.572241008E-1,1.717681438E-2,8.918241262E-1
1.117289439E2,2.329174876E-1,2.031906247E-1,8.409281969E-1
1.117389069E2,4.150900990E-2,1.511857659E-1,7.629930377E-1
1.117488689E2,-2.421541139E-2,-1.418507285E-2,6.885023117E-1
1.117588319E2,-8.351351321E-2,-1.670490801E-1,6.271560788E-1
1.117687939E2,-1.413187534E-1,-2.090814859E-1,5.894984603E-1
1.117787569E2,-1.454481632E-1,-1.042564735E-1,5.793152452E-1
1.117887189E2,-1.068786606E-1,2.337499149E-2,6.102792621E-1
1.117986819E2,-7.562581450E-2,7.780336589E-2,6.744611263E-1
1.118086439E2,-3.791599348E-2,1.409336273E-2,7.547407746E-1
1.118186069E2,3.944867104E-2,-9.205269814E-2,8.402747512E-1
1.118285689E2,1.408772767E-1,-1.051578522E-1,9.017338157E-1
1.118385309E2,2.298559248E-1,4.242639057E-3,9.193694592E-1
1.118484939E2,2.096425295E-1,1.735991687E-1,8.929312229E-1
1.118584559E2,1.268340200E-1,1.471381187E-1,8.427669406E-1
1.118684189E2,2.637638897E-2,1.898014732E-2,7.702552080E-1
1.118783809E2,-5.377411097E-2,-7.673257589E-2,6.691591740E-1
1.118883439E2,-8.040358871E-2,-9.351235628E-2,5.541942716E-1
1.118983059E2,-6.942468137E-2,-3.909229860E-2,4.453859329E-1
1.119082689E2,-4.515369609E-2,1.577388123E-2,3.643051684E-1
1.119182309E2,-2.872841060E-2,3.011477180E-2,3.034930527E-1
1.119281939E2,-2.915504761E-2,1.445645187E-2,2.615232468E-1
1.119381559E2,-3.357044607E-2,-7.020304911E-3,2.330751419E-1
1.119481189E2,-3.716944158E-2,-2.024236694E-2,2.213654816E-1
1.119580809E2,-3.144537285E-2,-2.033319324E-2,2.239361107E-1
1.119680429E2,-1.171161700E-2,-4.778735340E-3,2.182510644E-1
1.119780059E2,1.927362569E-2,1.307504624E-2,1.946102530E-1
1.119879679E2,4.946428537E-2,2.545714751E-2,1.495146900E-1
1.119979309E2,6.823688745E-2,1.980406418E-2,8.591534197E-2
1.120078929E2,6.394786388E-2,1.970233396E-2,1.047331467E-2
1.120178559E2,2.488110401E-2,3.628518432E-2,-3.492968902E-2
1.120278173E2,6.756962277E-3,2.249240503E-2,-8.752153069E-2
1.120377803E2,1.181175280E-2,2.800214570E-3,-1.584521830E-1
1.120477423E2,2.201805077E-2,8.015216328E-3,-2.339011282E-1
1.120577053E2,2.835424431E-2,1.970249787E-2,-3.170556724E-1
1.120676673E2,2.470624633E-2,2.205913141E-2,-3.969593048E-1
1.120776303E2,1.296045724E-2,1.144363731E-2,-4.758322239E-1
1.120875923E2,3.365354380E-3,-2.632499672E-3,-5.492635965E-1
1.120975543E2,-5.784824025E-3,-6.676882505E-3,-6.169803739E-1
1.121075173E2,-8.556907997E-3,-6.365559064E-3,-6.721845269E-1
1.121174793E2,-9.479459375E-3,-6.195586640E-3,-7.099207044E-1
1.121274423E2,-4.934509285E-3,-4.559606779E-3,-7.331644893E-1
1.121374043E2,-1.049666200E-3,2.477103844E-3,-7.491660118E-1
1.121473673E2,5.176271778E-3,2.653671429E-3,-7.555218935E-1
1.121573293E2,1.429855358E-3,1.079095248E-2,-7.516421676E-1
1.121672923E2,2.951052971E-3,4.900839180E-3,-7.496032715E-1
1.121772543E2,-1.408901997E-3,8.615658619E-3,-7.472155690E-1
1.121872173E2,-5.342657678E-3,9.874268435E-3,-7.556716204E-1
1.121971793E2,-7.648414932E-3,9.526427835E-3,-7.751923203E-1
1.122071423E2,-1.135100704E-2,7.170596160E-3,-8.025331497E-1
1.122171043E2,-2.331808209E-2,1.398508903E-3,-8.254269958E-1
1.122270663E2,-3.271371499E-2,-7.964099757E-3,-8.418174386E-1
1.122370293E2,-4.595863819E-2,-1.038047858E-2,-8.506879210E-1
1.122469913E2,-4.325686395E-2,-1.242551953E-2,-8.556938767E-1
1.122569543E2,-4.025721923E-2,-1.087394729E-2,-8.586871028E-1
1.122669163E2,-3.049380146E-2,-6.782532670E-3,-8.570261002E-1
1.122768793E2,-2.227665111E-2,-3.908652812E-3,-8.389049172E-1
1.122868413E2,-1.762064546E-2,4.203154240E-4,-8.144032955E-1
1.122968043E2,-8.612782694E-3,7.772221696E-3,-7.856321335E-1
1.123067663E2,-7.429007441E-3,1.179838832E-2,-7.587616444E-1
1.123167293E2,-5.588937551E-3,7.840500213E-3,-7.346593738E-1
1.123266913E2,-7.361537777E-3,6.172828376E-3,-7.138169408E-1
1.123366543E2,-5.325234495E-3,2.109306632E-3,-6.986171603E-1
1.123466163E2,-8.734613657E-3,2.158574993E-3,-6.784788370E-1
1.123565783E2,-1.094806381E-2,-9.675209876E-4,-6.538934708E-1
1.123665413E2,-9.813024662E-3,-4.431444686E-4,-6.288368702E-1
1.123765033E2,-1.011987217E-2,-6.987361703E-4,-6.040692925E-1
1.123864663E2,-1.261738315E-2,6.167425774E-3,-5.817802548E-1
1.123964283E2,-1.669936255E-2,6.370427087E-3,-5.586128831E-1
1.124063913E2,-1.972710900E-2,2.480081748E-3,-5.436126590E-1
1.124163533E2,-1.965289749E-2,-2.957399702E-3,-5.330404639E-1
1.124263163E2,-2.050777152E-2,-1.098247245E-3,-5.256741643E-1
1.124362783E2,-1.734721288E-2,-2.573188860E-3,-5.199415088E-1
1.124462413E2,-1.454796363E-2,-4.581212532E-3,-5.076515675E-1
1.124562033E2,-2.123696357E-2,-2.435408067E-3,-4.835905135E-1
1.124661663E2,-2.025399171E-2,-1.092236955E-2,-4.568702281E-1
1.124761283E2,-1.147323195E-2,-7.190290838E-3,-4.287599623E-1
1.124860903E2,-8.626046591E-3,5.573174916E-3,-4.029667079E-1
1.124960533E2,5.217744503E-3,1.398238260E-2,-3.911795914E-1
1.125060153E2,1.090066321E-2,1.751639694E-2,-3.906011581E-1
1.125159783E2,8.966385387E-3,1.946479827E-2,-4.039685130E-1
1.125259403E2,5.815333687E-3,1.452010684E-2,-4.247241318E-1
1.125359033E2,-4.631876480E-3,1.040477306E-2,-4.466763735E-1
1.125458653E2,-1.053530537E-2,3.301589284E-3,-4.814881384E-1
1.125558283E2,-1.377340313E-2,-2.723903628E-3,-5.183164477E-1
1.125657903E2,-1.805257052E-2,-2.729229862E-3,-5.607666969E-1
1.125757533E2,-2.084240131E-2,-2.296655672E-3,-6.068368554E-1
1.125857153E2,-1.992174610E-2,-2.922232030E-3,-6.552616358E-1
1.125956783E2,-2.661901899E-2,3.888685722E-3,-7.097682357E-1
1.126056403E2,-2.683287114E-2,6.278073881E-3,-7.657558918E-1
1.126156033E2,-2.521038987E-2,-8.771766443E-4,-8.279438615E-1
1.126255653E2,-2.781442739E-2,-1.300885575E-3,-8.900860548E-1
1.126355273E2,-2.725172602E-2,-3.786911024E-3,-9.512097836E-1
1.126454903E2,-3.636986017E-2,-3.893703921E-3,-1.005188823E0
1.126554523E2,-3.660218790E-2,-1.077909023E-2,-1.058487892E0
1.126654153E2,-3.070222214E-2,-1.047229394E-2,-1.115160823E0
1.126753773E2,-3.121471964E-2,4.022443667E-3,-1.163722157E0
1.126853403E2,-3.469014540E-2,4.222447053E-3,-1.213120341E0
1.126953023E2,-3.492315859E-2,-1.411427092E-2,-1.264176965E0
1.127052653E2,-3.878740221E-2,-1.543173660E-2,-1.304557204E0
1.127152273E2,-3.507646546E-2,-1.250987872E-2,-1.342829704E0
1.127251903E2,-2.807527967E-2,6.730351597E-4,-1.388624072E0
1.127351523E2,-2.424102277E-2,1.244532131E-2,-1.451913834E0
1.127451143E2,-2.219518274E-2,1.156514697E-2,-1.525276423E0
1.127550773E2,-3.293528408E-2,1.457500178E-2,-1.598749518E0
1.127650393E2,-4.350110888E-2,-5.322539248E-3,-1.665336609E0
1.127750023E2,-4.811310768E-2,-2.540369704E-2,-1.702607632E0
1.127849643E2,-6.187152863E-2,-3.025544807E-2,-1.696980119E0
1.127949273E2,-5.724258348E-2,-3.736816719E-2,-1.660775065E0
1.128048893E2,-3.961325437E-2,-3.416464850E-2,-1.595322251E0
1.128148523E2,-1.055773441E-2,-1.845980063E-2,-1.517629981E0
1.128248143E2,1.805899665E-2,1.662148908E-2,-1.439995408E0
1.128347773E2,3.507988900E-2,3.590764478E-2,-1.369808197E0
1.128447393E2,4.584678262E-2,3.660166636E-2,-1.330108166E0
1.128547023E2,6.867986917E-2,5.777309835E-2,-1.361193776E0
1.128646643E2,9.452611208E-2,1.347581595E-1,-1.453684807E0
1.128746263E2,1.123329550E-1,2.427304387E-1,-1.580854774E0
1.128845893E2,1.252298504E-1,3.350496888E-1,-1.744800568E0
1.128945513E2,1.425854117E-1,3.672632277E-1,-1.924693823E0
1.129045143E2,1.550127864E-1,2.985262275E-1,-2.084637880E0
1.129144763E2,1.147018746E-1,1.878530085E-1,-2.197004318E0
1.129244393E2,2.229657210E-2,6.313984096E-2,-2.250249386E0
1.129344013E2,-6.471231580E-2,-9.657830000E-2,-2.259837866E0
1.129443643E2,-1.491987109E-1,-2.382483482E-1,-2.223037243E0
1.129543263E2,-2.167845964E-1,-3.465017080E-1,-2.136480808E0
1.129642893E2,-2.619089484E-1,-4.116588831E-1,-2.023131609E0
1.129742513E2,-3.000416160E-1,-4.604068100E-1,-1.880445719E0
1.129842143E2,-3.020016849E-1,-5.115141869E-1,-1.742225528E0
1.129941763E2,-2.736351490E-1,-2.753749490E-1,-1.622616291E0
1.130041383E2,-1.167856380E-1,1.794188470E-2,-1.551123023E0
1.130141013E2,4.980103672E-2,1.559254229E-1,-1.499807477E0
1.130240633E2,1.090007126E-1,1.687900871E-1,-1.442463756E0
1.130340263E2,6.155304238E-2,1.041913554E-1,-1.388744593E0
1.130439883E2,4.939489299E-4,6.857637316E-2,-1.343074560E0
1.130539513E2,-2.854404785E-2,1.740468480E-2,-1.307448268E0
1.130639133E2,-4.209740832E-2,-3.644123673E-2,-1.274097800E0
1.130738763E2,-7.409714162E-2,-6.598819047E-2,-1.231531024E0
1.130838383E2,-9.926933795E-2,-1.000694633E-1,-1.187208056E0
1.130938013E2,-7.803276181E-2,-7.703711092E-2,-1.149073958E0
1.131037633E2,-6.327413954E-3,-1.005754806E-2,-1.123768926E0
1.131137263E2,2.389194258E-2,6.928107888E-2,-1.085589886E0
1.131236883E2,1.875124313E-2,6.639207900E-2,-1.025836468E0
1.131336503E2,-4.892495461E-3,1.568160951E-2,-9.292268157E-1
1.131436133E2,-5.002908036E-2,-3.066538274E-2,-8.029948473E-1
1.131535753E2,-8.349819481E-2,-8.212995529E-2,-6.586698890E-1
1.131635383E2,-9.151137620E-2,-9.893583506E-2,-5.067221522E-1
1.131735003E2,-7.495596260E-2,-5.909391865E-2,-3.554493487E-1
1.131834633E2,-2.715808153E-2,-9.174030274E-3,-2.086414993E-1
1.131934253E2,2.724802494E-2,2.439728752E-2,-6.418013573E-2
1.132033883E2,6.012528390E-2,5.706894398E-2,1.346139610E-2
1.132133503E2,5.503770709E-2,6.720788032E-2,2.383555286E-3
1.132233133E2,2.222916298E-2,3.405578807E-2,7.059983909E-5
1.132332753E2,-1.132325642E-2,-2.109820768E-2,-1.275455114E-3
1.132432383E2,-3.084902093E-2,-4.314305633E-2,-5.945580779E-5
1.132532003E2,-2.784750983E-2,-3.159211203E-2,-2.332507283E-4
1.132631623E2,-5.648995750E-3,-7.183710113E-3,-6.471059751E-4
1.132731253E2,1.449512132E-2,1.801278815E-2,5.175335100E-4
1.132830873E2,1.882994920E-2,2.278357372E-2,2.815774642E-4
1.132930503E2,1.166370790E-2,1.317984890E-2,1.584802871E-3
1.133030123E2,-3.661186667E-3,-4.918727092E-3,3.895761911E-4
1.133129753E2,-9.328346699E-3,-1.432033535E-2,-8.202425088E-4
1.133229373E2,-9.582946077E-3,-1.082839910E-2,1.347304322E-3
1.133329003E2,-9.922180325E-4,-3.807050642E-3,-1.632122672E-3
1.133428623E2,5.906168371E-3,7.073560264E-3,-1.105083153E-3
1.133528253E2,7.969604805E-3,9.120722301E-3,2.282277565E-4
1.133627873E2,1.073614927E-3,2.592782024E-3,1.144621521E-3
1.133727493E2,-3.234171076E-3,-4.261436872E-3,3.850258072E-4
1.133827123E2,-6.149799563E-3,-6.841240451E-3,7.245788001E-4
1.133926743E2,-5.405277479E-3,-4.044199362E-3,-8.863292169E-5
1.134026373E2,1.541045611E-3,1.854969072E-3,-4.481596989E-4
1.134125993E2,3.440542147E-3,3.331704997E-3,1.376481494E-3
1.134225623E2,2.987005748E-3,3.160730004E-3,9.381251875E-4
1.134325243E2,-1.673526131E-3,-1.748651266E-5,-8.603074821E-4
1.134424873E2,-1.917205518E-3,-2.483307151E-3,-1.407213858E-4
1.134524493E2,-2.605614252E-3,-8.657106664E-4,-4.897292238E-4
1.134624123E2,-1.501467777E-3,-3.040500451E-4,-5.272798007E-4
1.134723743E2,1.134392223E-3,2.560275607E-4,-2.504677977E-4
1.134823373E2,1.190584968E-3,3.601572243E-4,-2.528646146E-4
1.134922993E2,-1.817455515E-3,-9.445254691E-4,1.813748386E-3
1.135022623E2,-9.021270089E-4,-4.865763709E-3,-4.030669224E-4
1.135122243E2,-2.845810726E-3,6.170556881E-4,1.620701514E-3
1.135221863E2,-1.272415044E-3,-2.068209462E-3,-1.354582026E-3
1.135321493E2,-9.800782427E-4,-1.811834052E-3,1.374342712E-3
1.135421113E2,-5.750115961E-4,3.807435744E-3,4.448996042E-4
1.135520743E2,2.344104461E-3,-7.274295203E-4,1.571918256E-4
1.135620363E2,-3.478187136E-4,2.762376796E-3,5.039353273E-4
1.135719993E2,5.505443551E-4,2.139281249E-3,1.503435895E-3
1.135819613E2,1.255483134E-3,-3.495168872E-3,-5.147076445E-4
1.135919243E2,-8.842889220E-4,1.964400057E-3,-7.333367830E-4
1.136018863E2,-9.900163859E-4,-4.276512191E-4,-1.333613298E-3
1.136118493E2,2.621347085E-5,-3.647615435E-3,1.589777879E-3
1.136218113E2,-1.151968958E-3,-4.606107250E-4,-1.105074771E-3
1.136317733E2,1.300354139E-3,-2.159047173E-3,1.055601635E-3
1.136417363E2,9.557410376E-4,-1.592858927E-3,8.582613664E-4
1.136516983E2,8.968457114E-4,2.140983706E-3,-5.094974767E-5
1.136616613E2,2.043602755E-3,-2.987380140E-4,-2.560131834E-4
1.136716233E2,8.674536366E-4,1.032232540E-3,-4.204789875E-4
1.136815863E2,8.011409082E-4,1.578446943E-3,6.972497213E-4
1.136915483E2,4.480193602E-4,-8.906230796E-4,3.208668204E-5
1.137015113E2,-2.285449067E-3,-3.153802827E-4,-6.928257644E-4
1.137114733E2,3.788354807E-4,-7.104275282E-4,-8.356969920E-4
1.137214363E2,-1.929858932E-3,-9.178877808E-4,5.220092135E-5
1.137313983E2,-1.903539523E-4,1.671657548E-3,-1.733683748E-3
1.137413613E2,1.259737182E-3,-2.072027419E-4,1.426689560E-3
1.137513233E2,-7.793277036E-4,3.600483760E-4,7.273678784E-4
1.137612853E2,-8.829247672E-4,-1.081353985E-4,9.723787080E-4
1.137712483E2,5.123247392E-4,-1.498583239E-3,3.815555247E-4
1.137812103E2,6.478796713E-4,-1.169149997E-3,1.058797468E-3
1.137911733E2,9.352923371E-4,6.297173677E-4,-1.044160221E-3
1.138011353E2,1.965314150E-4,1.330927713E-3,9.971526451E-4
1.138110983E2,2.704577055E-4,1.266385661E-3,-2.632888500E-4
1.138210603E2,7.431688718E-4,1.033092616E-3,8.973167278E-4
1.138310233E2,3.768445458E-5,5.726834061E-4,-7.917548064E-4
1.138409853E2,1.314277761E-4,-3.793966025E-4,-2.524647280E-4
1.138509483E2,-1.355116256E-4,1.092696213E-3,-1.644153963E-4
1.138609103E2,1.995017286E-3,7.191672921E-6,6.627624971E-4
1.138708723E2,5.496921949E-5,-2.152492292E-3,-1.049728482E-3
1.138808353E2,3.899016883E-5,-2.255896106E-6,5.188733339E-4
1.138907973E2,4.478439223E-5,-1.610944979E-3,4.276052932E-4
1.139007603E2,-1.327251084E-5,1.389372395E-3,9.003164596E-4
1.139107223E2,1.696082763E-4,2.742201323E-4,-9.817557875E-4
1.139206853E2,1.536608906E-3,-8.983397856E-5,4.063179949E-5
1.139306473E2,3.140487242E-4,-1.395582221E-4,1.784659107E-4
1.139406103E2,1.175074140E-4,-7.491558790E-4,-2.127524349E-4
1.139505723E2,-2.121451776E-3,-1.601009397E-3,4.303929163E-4
1.139605353E2,-1.349998638E-4,-7.442706265E-4,2.730000997E-4
1.139704973E2,-4.707130138E-4,-6.089610979E-4,1.923870528E-3
1.139804603E2,7.988159778E-4,-3.090891987E-4,-5.928166793E-4
1.139904223E2,1.119590364E-3,6.880119909E-4,-1.000222983E-4
1.140003843E2,4.620560212E-4,1.350872801E-3,-1.388459699E-3
1.140103473E2,1.329479739E-3,-3.496187273E-4,-5.069925683E-4
1.140203094E2,1.447723946E-3,1.261061174E-3,-4.534630571E-4
1.140302724E2,-7.832515985E-5,2.803181997E-4,6.755766808E-4
1.140402344E2,1.439410495E-3,-9.252948221E-4,-4.040688509E-4
1.140501974E2,-6.396998651E-5,9.799684631E-4,-2.023809357E-4
1.140601594E2,-6.312234327E-4,-7.624132559E-5,7.848528912E-4
1.140701224E2,3.363030264E-4,-1.258418430E-3,1.054804306E-4
1.140800844E2,-4.088494461E-4,-9.168754332E-5,-1.796549186E-3
1.140900474E2,-5.863914266E-4,-2.295372542E-4,-8.265245124E-4
1.141000094E2,6.554404972E-4,-7.903990336E-4,1.301341224E-3
1.141099724E2,4.258827539E-4,-6.298362277E-4,4.198821844E-4
1.141199344E2,9.378662799E-5,-3.107895609E-4,5.538391997E-4
1.141298964E2,-1.456478611E-3,-2.901942935E-4,6.451774389E-4
1.141398594E2,1.532387105E-3,7.662817370E-4,-3.606984974E-4
1.141498214E2,-1.009688713E-4,-1.342052361E-3,-2.887676237E-5
1.141597844E2,2.361873630E-4,-8.216707502E-4,-4.254214582E-4
1.141697464E2,-3.471169621E-4,2.943478758E-4,5.003245315E-4
1.141797094E2,1.003904734E-3,9.247181006E-4,-4.927681875E-4
1.141896714E2,-3.763327841E-4,7.040271303E-4,-9.287115536E-4
1.141996344E2,-3.347874153E-4,-5.223585758E-4,6.832997897E-4
1.142095964E2,3.908845829E-4,-1.444787253E-3,-6.786488811E-4
1.142195594E2,-5.966154858E-4,-8.189443033E-4,8.301518392E-5
1.142295214E2,-1.098913373E-3,-6.380793639E-4,-1.419353648E-4
1.142394834E2,-1.203309279E-3,-7.147784345E-4,-2.681692131E-4
1.142494464E2,5.449482705E-5,-1.854584785E-3,1.554717310E-3
1.142594084E2,-1.881192438E-4,1.045597484E-3,1.120888395E-3
1.142693714E2,3.594916780E-4,-4.703996237E-4,3.610440763E-5
1.142793334E2,1.696398482E-3,1.194904326E-4,4.148058943E-4
1.142892964E2,4.380942555E-4,1.478943741E-3,4.446414532E-4
1.142992584E2,1.207481488E-3,7.564281113E-4,1.637205016E-3
1.143092214E2,8.212443208E-4,1.214673277E-3,1.902934164E-4
1.143191834E2,1.498486148E-3,-8.274386637E-4,4.456905881E-4
1.143291464E2,3.509504022E-4,-1.939655049E-3,7.337201387E-4
1.143391084E2,-9.928806685E-4,-2.580411499E-3,2.825807314E-4
1.143490714E2,4.007057287E-4,-6.052961107E-4,1.121687237E-3
1.143590334E2,-3.987753298E-4,1.344936900E-3,8.473816561E-4
1.143689954E2,-7.961783558E-5,1.018990297E-3,-1.302877208E-4
1.143789584E2,-1.637737732E-4,-9.256182238E-6,-1.317524933E-3
1.143889204E2,-9.941679891E-4,1.395577681E-3,6.088737864E-4
1.143988834E2,-4.395190626E-5,-6.649782881E-5,-9.047234198E-5
1.144088454E2,-9.110630490E-4,-5.235895514E-6,-1.114266342E-4
1.144188084E2,-1.390126999E-4,2.186012920E-3,-2.520415001E-4
1.144287704E2,2.537574619E-5,5.674575223E-4,-1.530030277E-4
1.144387334E2,-1.128305681E-3,4.904922098E-4,1.431311481E-3
1.144486954E2,-1.748321811E-3,-3.882877063E-4,7.021772326E-4
1.144586584E2,-8.175470866E-4,-1.740374602E-3,9.988534730E-4
1.144686204E2,9.059003787E-4,-6.635910831E-4,-4.826481745E-4
1.144785824E2,-1.497766934E-4,-4.893355072E-5,6.459994474E-4
1.144885454E2,8.230573731E-4,-2.361449879E-4,5.920709809E-4
1.144985074E2,8.677985752E-4,1.611556159E-3,1.312189852E-3
1.145084704E2,6.958558224E-4,2.504908480E-4,4.201062256E-5
1.145184324E2,-1.016024034E-3,-1.322904835E-3,-9.497505380E-4
1.145283954E2,7.585372077E-4,-1.587546431E-3,-4.135075142E-4
1.145383574E2,-1.984784845E-3,-4.591650795E-4,-1.881441916E-3
1.145483204E2,-2.750288695E-4,-6.762386765E-4,-5.606398918E-5
1.145582824E2,2.607991919E-4,-2.914092969E-3,1.561899553E-4
1.145682454E2,8.503838908E-4,1.941737952E-3,3.497937578E-4
1.145782074E2,5.830025766E-4,1.649056561E-3,2.259567264E-4
1.145881704E2,1.190501964E-3,3.642843803E-4,-1.016180846E-3
1.145981324E2,-8.390930016E-4,2.606282942E-5,1.613424392E-3
1.146080944E2,-1.912431326E-4,2.630077070E-4,4.963458632E-4
1.146180574E2,2.090299968E-4,5.426396383E-4,-3.880898585E-4
1.146280194E2,-7.544835098E-4,-1.549813664E-3,1.391366823E-5
1.146379824E2,-2.513652295E-2,2.866241708E-2,3.250021860E-2
1.146479444E2,-1.736910045E-1,-1.802933812E-1,4.011583030E-1
1.146579074E2,-1.768556386E-1,-1.358468235E-1,7.322693467E-1
1.146678694E2,-2.843416482E-2,-1.580715775E-1,1.097531080E0
1.146778324E2,8.305827528E-2,1.887949184E-2,1.488067627E0
1.146877944E2,2.006944269E-1,3.837690130E-2,1.780196190E0
1.146977574E2,2.391856164E-1,7.725026459E-2,1.911668658E0
1.147077194E2,1.953865737E-1,1.336454004E-1,1.919294477E0
1.147176814E2,1.277388185E-1,7.464121282E-2,1.870953083E0
1.147276444E2,5.489829555E-2,3.437676933E-3,1.778647184E0
1.147376064E2,4.354960285E-3,-2.893677354E-2,1.666091919E0
1.147475694E2,1.225811429E-4,-1.824404672E-2,1.545315385E0
1.147575314E2,2.837712131E-2,-3.380172420E-4,1.419433355E0
1.147674944E2,5.856035277E-2,3.081187606E-2,1.303620815E0
1.147774564E2,6.179476157E-2,5.367910862E-2,1.194037318E0
1.147874194E2,5.238830671E-2,3.227402642E-2,1.102803707E0
1.147973814E2,2.304027230E-2,6.805951707E-3,1.027407527E0
1.148073444E2,-8.076960221E-3,-2.130201645E-2,9.804683924E-1
1.148173064E2,-2.822111174E-2,-3.208275512E-2,9.619737864E-1
1.148272694E2,-1.854224876E-2,-2.839003131E-2,9.842891097E-1
1.148372314E2,-4.830867983E-4,-3.371763276E-3,1.034624219E0
1.148471934E2,2.265604772E-2,1.527385227E-2,1.105507851E0
1.148571564E2,3.547384590E-2,2.741227299E-2,1.178854227E0
1.148671184E2,3.567744419E-2,3.231007978E-2,1.244201660E0
1.148770814E2,3.656001762E-2,2.354827896E-2,1.302706242E0
1.148870434E2,3.851175681E-2,8.860047907E-3,1.343082905E0
1.148970064E2,4.185375571E-2,1.117699780E-2,1.358362794E0
1.149069684E2,4.882806167E-2,2.365762368E-2,1.356657386E0
1.149169314E2,5.587798357E-2,2.363951132E-2,1.337087989E0
1.149268934E2,5.070965737E-2,2.699366212E-2,1.310960293E0
1.149368564E2,3.719012439E-2,2.078104019E-2,1.292526603E0
1.149468184E2,2.313519455E-2,-2.922576154E-3,1.284895062E0
1.149567804E2,1.228627749E-2,-1.606607623E-2,1.283202529E0
1.149667434E2,1.468527131E-2,-1.718168706E-2,1.285993934E0
1.149767054E2,2.601835504E-2,-8.927218616E-3,1.285263658E0
1.149866684E2,4.329824075E-2,3.315396607E-3,1.282845378E0
1.149966304E2,5.317883566E-2,1.289798226E-2,1.281089544E0
1.150065934E2,4.917176440E-2,1.429632399E-2,1.284104705E0
1.150165554E2,3.379920125E-2,-7.752785459E-3,1.303502083E0
1.150265179E2,2.697397396E-2,-3.806317598E-2,1.337065697E0
1.150364799E2,1.548083592E-2,-2.711572126E-2,1.382530332E0
1.150464429E2,2.839228138E-2,-1.939771324E-2,1.431302428E0
1.150564049E2,5.162277073E-2,-7.274203934E-3,1.460191011E0
1.150663679E2,7.216904312E-2,2.175911888E-2,1.454039216E0
1.150763299E2,7.616484910E-2,4.079353064E-2,1.415891528E0
1.150862919E2,6.755509973E-2,4.095334560E-2,1.357688069E0
1.150962549E2,5.537833273E-2,1.451374963E-2,1.294186115E0
1.151062169E2,3.827501088E-2,-1.301247999E-2,1.211455226E0
1.151161799E2,2.345079370E-2,-9.078457952E-3,1.112187266E0
1.151261419E2,2.751032822E-2,-2.085444285E-3,1.006488204E0
1.151361049E2,2.962061577E-2,2.065022849E-2,8.978904486E-1
1.151460669E2,2.500551566E-2,1.950557902E-2,7.901749015E-1
1.151560299E2,2.013539150E-2,8.248929866E-3,6.964012384E-1
1.151659919E2,1.306038629E-2,4.353770055E-5,6.092926264E-1
1.151759549E2,4.405645654E-3,-8.178439923E-3,5.353382230E-1
1.151859169E2,-1.372355036E-3,-9.498543106E-3,4.707786441E-1
1.151958789E2,-1.925759949E-3,-3.417214612E-3,4.238499999E-1
1.152058419E2,2.230459359E-3,8.411851712E-3,3.811929226E-1
1.152158039E2,1.193342078E-2,2.005279437E-2,3.277206421E-1
1.152257669E2,1.529518142E-2,3.181317449E-2,2.661702931E-1
1.152357289E2,1.267622784E-2,2.965255082E-2,1.986469179E-1
1.152456919E2,1.303454675E-2,1.234044321E-2,1.247535795E-1
1.152556539E2,6.605410017E-3,-1.166023035E-2,2.521207929E-2
1.152656169E2,-1.182322949E-2,-1.880503632E-2,-1.172851119E-2
1.152755789E2,4.582641646E-3,-6.064116582E-2,2.537244000E-3
1.152855419E2,3.071395680E-3,-3.869557381E-2,2.183724660E-3
1.152955039E2,-1.566340961E-2,7.573384792E-3,-3.676028689E-3
1.153054659E2,7.916523144E-3,-5.269030854E-2,-2.086645924E-3
1.153154289E2,-1.506805886E-3,-5.484773591E-2,1.103554852E-3
1.153253909E2,-1.859271154E-2,-9.941261262E-3,-2.072640462E-3
1.153353539E2,1.972217578E-3,1.140051242E-2,2.371190349E-4
1.153453159E2,2.799658850E-2,2.953805774E-2,8.174136747E-4
1.153552789E2,3.313355893E-2,4.638228938E-2,1.058696071E-3
1.153652409E2,2.769930288E-2,4.237733781E-2,3.142603207E-3
1.153752039E2,2.092262357E-2,2.891825512E-2,2.102372702E-3
1.153851659E2,1.427824330E-2,1.561826188E-2,8.809064166E-4
1.153951289E2,-1.054481417E-2,-4.635322839E-2,-1.422461588E-3
1.154050909E2,-4.199253395E-2,-5.791123211E-2,2.760471543E-4
1.154150529E2,-4.118000343E-2,-4.372617230E-2,-9.198148735E-3
1.154250159E2,-2.406903543E-2,-5.846472830E-2,-5.897127558E-3
1.154349779E2,-2.139841765E-2,-3.573970869E-2,-1.196780335E-2
1.154449409E2,-1.792716049E-2,-3.362984955E-2,-7.046723366E-2
1.154549029E2,-1.768880896E-2,-3.982596099E-2,-1.913595647E-1
1.154648659E2,-3.983130679E-2,-5.236268789E-2,-3.321693242E-1
1.154748279E2,-6.143993139E-2,-6.053699926E-2,-5.030187964E-1
1.154847909E2,-6.436239928E-2,-5.367367715E-2,-7.086744905E-1
1.154947529E2,-6.268141419E-2,-4.762110859E-2,-9.327006340E-1
1.155047159E2,-5.165675282E-2,-1.552378200E-2,-1.174063444E0
1.155146779E2,-4.168241471E-2,1.090090163E-2,-1.382746935E0
1.155246409E2,-4.828573763E-2,3.907129867E-4,-1.545485497E0
1.155346029E2,-8.048175275E-2,-2.647712082E-2,-1.671223640E0
1.155445649E2,-1.157006994E-1,-5.425525829E-2,-1.756674170E0
1.155545279E2,-1.266119480E-1,-6.578674167E-2,-1.806380033E0
1.155644899E2,-1.205509827E-1,-4.780003428E-2,-1.817125440E0
1.155744529E2,-1.043808013E-1,-1.849674061E-2,-1.782807708E0
1.155844149E2,-8.396124095E-2,-5.985249300E-4,-1.721224546E0
1.155943779E2,-1.881472766E-2,6.503934413E-2,-1.682923198E0
1.156043399E2,5.604652688E-2,9.889784455E-2,-1.675518274E0
1.156143029E2,2.813446894E-2,5.662495643E-2,-1.636445522E0
1.156242649E2,-2.636099048E-2,3.867096454E-2,-1.587175131E0
1.156342279E2,-6.176851690E-2,1.199621055E-2,-1.524398327E0
1.156441899E2,-3.936476633E-2,-2.364497446E-2,-1.471098423E0
1.156541519E2,-4.287471063E-3,7.696472853E-2,-1.389632344E0
1.156641149E2,3.725105897E-2,8.844856918E-2,-1.281580210E0
1.156740769E2,3.811472282E-2,5.053234473E-2,-1.165032387E0
1.156840399E2,-1.209091675E-2,1.544410456E-2,-1.039454103E0
1.156940019E2,-5.430121720E-2,-2.143854648E-2,-9.107288718E-1
1.157039649E2,-6.402474642E-2,-5.682783574E-2,-7.952032685E-1
1.157139269E2,-5.450848117E-2,-7.452534139E-2,-7.232747674E-1
1.157238899E2,-3.669762611E-2,-2.535118535E-2,-6.997991800E-1
1.157338519E2,-6.590591744E-3,1.559997629E-2,-7.236222029E-1
1.157438149E2,1.575786434E-2,2.935384586E-2,-7.895420790E-1
1.157537769E2,1.341880858E-2,3.358161449E-2,-8.775488734E-1
1.157637389E2,-2.357497811E-3,2.317986637E-2,-9.804832935E-1
1.157737019E2,-2.752783149E-2,-1.247713342E-3,-1.138745666E0
1.157836639E2,-3.561654687E-2,2.794590965E-2,-1.275811672E0
1.157936269E2,-3.434968367E-2,1.230889093E-2,-1.349013925E0
1.158035889E2,-2.346543968E-2,4.990519211E-2,-1.363451600E0
1.158135519E2,-3.014970571E-2,3.171979636E-2,-1.342128515E0
1.158235139E2,-5.309341103E-2,-1.607799530E-2,-1.287447810E0
1.158334769E2,-7.029050589E-2,-2.799803764E-2,-1.207155585E0
1.158434389E2,-5.208097026E-2,-2.379487455E-2,-1.123739362E0
1.158534019E2,-2.657401189E-2,-5.493897013E-3,-1.039821029E0
1.158633639E2,-1.035004109E-2,1.789874514E-3,-9.574571848E-1
1.158733259E2,-1.494718902E-2,-5.592999514E-4,-8.699238300E-1
1.158832889E2,-2.820841968E-2,-1.521785837E-2,-7.764550447E-1
1.158932509E2,-4.284808040E-2,-4.567962885E-2,-6.872985363E-1
1.159032139E2,-5.436224490E-2,-5.835679173E-2,-6.111235619E-1
1.159131759E2,-5.283705145E-2,-5.385604873E-2,-5.514737964E-1
1.159231389E2,-3.824750334E-2,-3.638779372E-2,-5.087420940E-1
1.159331009E2,-3.072514012E-2,-3.892099485E-2,-4.844298065E-1
1.159430639E2,-3.029743955E-2,-3.621759266E-2,-4.886704087E-1
1.159530259E2,-3.430629522E-2,-3.017301857E-2,-5.107264519E-1
1.159629889E2,-2.622910589E-2,-2.469115891E-3,-5.350151658E-1
1.159729509E2,-1.329386607E-2,2.049505711E-2,-5.515155792E-1
1.159829129E2,-1.298543997E-2,1.233266946E-2,-5.390086174E-1
1.159928759E2,-2.764640749E-2,-8.727874607E-3,-4.973226786E-1
1.160028379E2,-3.817294538E-2,-2.569515444E-2,-4.438920617E-1
1.160128009E2,-3.299656510E-2,-2.545546927E-2,-3.838422894E-1
1.160227634E2,-2.192376740E-2,-1.041161362E-2,-3.239258528E-1
1.160327264E2,-9.052444249E-3,4.013930447E-3,-2.678484619E-1
1.160426884E2,8.982626023E-4,1.500570867E-2,-2.254086435E-1
1.160526514E2,8.489941247E-4,1.423072908E-2,-2.055694312E-1
1.160626134E2,-9.048398584E-3,1.803371473E-3,-2.077200562E-1
1.160725764E2,-2.203477174E-2,-1.191563718E-2,-2.312783748E-1
1.160825384E2,-2.752846293E-2,-1.341444161E-2,-2.782565951E-1
1.160925004E2,-2.669595741E-2,-1.170442626E-2,-3.458945155E-1
1.161024634E2,-2.958176099E-2,-9.378421120E-3,-4.245030284E-1
1.161124254E2,-3.742237017E-2,-7.321662270E-3,-4.888623059E-1
1.161223884E2,-4.984913021E-2,-8.542656898E-3,-5.178105831E-1
1.161323504E2,-4.846428335E-2,-9.074755944E-3,-5.164638162E-1
1.161423134E2,-4.136317968E-2,-5.977260880E-4,-5.061588287E-1
1.161522754E2,-3.390552849E-2,2.451327164E-3,-5.039017797E-1
1.161622384E2,-3.274529800E-2,4.241720773E-3,-5.208610296E-1
1.161722004E2,-4.143678769E-2,-7.792572491E-3,-5.505337119E-1
1.161821634E2,-5.785606802E-2,-4.152986407E-2,-5.940503478E-1
1.161921254E2,-7.267415524E-2,-2.636955306E-2,-6.464794874E-1
1.162020884E2,-7.158112526E-2,-2.051314898E-2,-7.183950543E-1
1.162120504E2,-5.329080299E-2,-3.383960575E-2,-7.903739214E-1
1.162220124E2,-3.822624311E-2,-3.166802600E-2,-8.384808302E-1
1.162319754E2,-3.487678617E-2,2.461713506E-3,-8.566795588E-1
1.162419374E2,-2.224897780E-2,1.734101027E-2,-8.517042398E-1
1.162519004E2,-1.517695468E-2,2.225401066E-2,-8.048198223E-1
1.162618624E2,-1.305570826E-2,2.029010467E-2,-7.160275578E-1
1.162718254E2,-9.381877258E-3,4.779589362E-3,-6.006373167E-1
1.162817874E2,-1.052304171E-2,5.444847047E-3,-4.790970683E-1
1.162917504E2,-1.942375675E-4,3.345464543E-2,-3.686483204E-1
1.163017124E2,2.370333299E-2,4.447782412E-2,-2.631485164E-1
1.163116754E2,4.499769956E-2,4.687946290E-2,-1.664459705E-1
1.163216374E2,5.334914103E-2,5.750301480E-2,-9.454011917E-2
1.163315994E2,4.905718938E-2,5.581084266E-2,-4.651959985E-2
1.163415624E2,4.873449355E-2,6.370693445E-2,-3.283876576E-4
1.163515244E2,5.009536818E-2,6.737331301E-2,5.262207123E-4
1.163614874E2,4.361543059E-2,5.713625997E-2,3.498229897E-3
1.163714494E2,1.857958734E-2,4.467000067E-2,4.068945069E-3
1.163814124E2,-1.668078266E-2,1.465884317E-2,4.222319461E-3
1.163913744E2,-3.261847422E-2,-1.702212170E-2,3.399935318E-3
1.164013374E2,-1.728967950E-2,-2.817605063E-2,6.095437799E-3
1.164112994E2,7.774713449E-4,-1.974847540E-2,1.459837798E-2
1.164212624E2,3.489297628E-2,2.847999707E-2,-8.108859882E-3
1.164312244E2,7.564972341E-2,6.237005442E-2,-4.924858222E-4
1.164411864E2,6.493520737E-2,8.614319563E-2,5.676173605E-4
1.164511494E2,3.746842593E-2,5.292345583E-2,-2.196130226E-4
1.164611114E2,4.411004484E-3,-5.284978077E-3,-3.065890050E-4
1.164710744E2,-2.452983335E-2,-3.522796184E-2,-5.955420202E-4
1.164810364E2,-2.619900554E-2,-3.035083786E-2,-5.093731452E-4
1.164909994E2,-5.620493554E-3,-8.933698758E-3,-3.498498118E-4
1.165009614E2,1.535436139E-2,1.552917250E-2,7.030856796E-4
1.165109244E2,2.041357011E-2,2.716745250E-2,2.562071895E-4
1.165208864E2,1.407784969E-2,1.377504971E-2,8.574085659E-4
1.165308494E2,-1.045477111E-4,-2.045457950E-3,-1.556578791E-4
1.165408114E2,-9.963738732E-3,-1.125592552E-2,-4.306138726E-4
1.165507734E2,-8.550132625E-3,-1.032088976E-2,-1.073767198E-3
1.165607364E2,-1.331803622E-3,-1.982721966E-3,5.841991515E-4
1.165706984E2,6.831051316E-3,6.825683173E-3,4.523727694E-4
1.165806614E2,7.189583965E-3,9.607203305E-3,4.616628285E-4
1.165906234E2,3.501905128E-3,5.964531563E-3,-4.872214340E-4
1.166005864E2,3.385890741E-4,-1.319429372E-3,5.310765118E-4
1.166105484E2,-3.885184182E-3,-2.709865570E-3,-7.941124495E-4
1.166205114E2,-1.469989307E-3,-3.236601595E-3,7.231769268E-4
1.166304734E2,1.033914741E-3,1.657755696E-3,1.501885243E-3
1.166404364E2,2.787365578E-3,3.878528252E-3,6.202924415E-4
1.166503984E2,2.957807854E-3,2.044409281E-3,4.993848852E-4
1.166603604E2,2.646153327E-3,1.867148094E-4,-2.864354756E-4
1.166703234E2,-7.339306176E-4,-2.436498646E-3,3.540547914E-4
1.166802854E2,-6.923398469E-4,-1.750049880E-3,2.225501230E-4
1.166902484E2,-5.091144703E-4,-2.645188943E-5,1.604985446E-4
1.167002104E2,2.844051691E-3,1.230371650E-3,-1.088483259E-5
1.167101734E2,2.869884484E-3,3.486601636E-3,4.564999253E-4
1.167201354E2,2.403208520E-3,3.678245470E-3,9.128642851E-4
1.167300984E2,3.147575771E-4,1.447848044E-3,7.554714684E-4
1.167400604E2,-1.463721506E-3,-7.793393452E-4,-1.956755295E-4
1.167500234E2,1.062118681E-4,-2.783988602E-4,1.071190229E-3
1.167599854E2,-1.573171467E-4,-1.872822177E-4,3.868197673E-4
1.167699474E2,1.046201214E-5,-1.787601504E-4,-8.337069885E-4
1.167799104E2,8.804386016E-4,-8.883210830E-5,-7.168104639E-4
1.167898724E2,1.494009048E-4,7.990658050E-4,-1.620739931E-4
1.167998354E2,9.868743364E-4,1.350769307E-3,-7.579245139E-4
1.168097974E2,4.129632143E-4,1.545446343E-3,-2.870776807E-4
1.168197604E2,6.096665747E-4,1.967241056E-3,-1.288156491E-4
1.168297224E2,1.936719753E-3,1.521161525E-3,1.483462052E-3
1.168396854E2,1.414038474E-3,1.777434140E-3,-6.892622914E-4
1.168496474E2,1.159450412E-2,2.154128626E-2,7.769736461E-3
1.168596104E2,1.143437177E-1,1.473350227E-1,-6.550954422E-4
1.168695724E2,2.466759235E-1,3.167773187E-1,-5.081003066E-3
1.168795344E2,2.861396670E-1,5.197161436E-1,2.867859788E-3
1.168894974E2,3.230995536E-1,5.950726867E-1,1.648131991E-3
1.168994594E2,3.297570050E-1,5.880566239E-1,7.662811317E-3
1.169094224E2,2.567150295E-1,4.791141748E-1,1.529010478E-2
1.169193844E2,3.531768918E-1,4.787764251E-1,7.676128298E-2
1.169293474E2,5.303841829E-1,6.650216579E-1,1.751741469E-1
1.169393094E2,6.660488248E-1,8.924714327E-1,3.417221606E-1
1.169492724E2,7.459607124E-1,9.649307728E-1,5.484873056E-1
1.169592344E2,7.398789525E-1,8.850453496E-1,7.290903926E-1
1.169691974E2,7.157176733E-1,7.632145286E-1,7.791839242E-1
1.169791594E2,6.690374613E-1,6.778742075E-1,6.969741583E-1
1.169891214E2,6.319414973E-1,5.843666196E-1,5.807493329E-1
1.169990844E2,5.526475906E-1,5.018715262E-1,4.115232527E-1
1.170090464E2,3.948821723E-1,4.322074652E-1,2.749355733E-1
1.170190094E2,2.560426891E-1,3.021104336E-1,3.160639405E-1
1.170289713E2,1.245951727E-1,2.116580456E-1,3.763155639E-1
1.170389343E2,2.423160076E-1,7.182992995E-2,3.692701757E-1
1.170488963E2,2.404416800E-1,1.335098147E-1,3.621763289E-1
1.170588593E2,1.804928184E-1,2.145920247E-1,3.679246604E-1
1.170688213E2,2.480470985E-1,4.973275959E-2,3.087675869E-1
1.170787843E2,3.372942209E-1,1.106483955E-2,2.254737318E-1
1.170887463E2,3.586772680E-1,1.774801761E-1,1.739431620E-1
1.170987083E2,3.678766787E-1,2.991191149E-1,1.350766867E-1
1.171086713E2,2.812485993E-1,1.530777514E-1,8.418661356E-2
1.171186333E2,2.370627970E-1,6.467645615E-2,7.237545401E-2
1.171285963E2,2.168179750E-1,9.162061848E-3,5.026669055E-2
1.171385583E2,2.481764257E-1,-2.317508124E-2,2.382278629E-2
1.171485213E2,3.110749722E-1,-1.363524469E-3,2.353543043E-2
1.171584833E2,4.262767434E-1,-7.372338325E-3,3.950122744E-2
1.171684463E2,5.736755729E-1,3.669660073E-3,5.954417959E-2
1.171784083E2,7.479791045E-1,2.062189952E-2,8.953886479E-2
1.171883713E2,9.218334556E-1,8.351457119E-2,1.379186511E-1
1.171983333E2,1.086719155E0,1.102476418E-1,2.137088925E-1
1.172082953E2,1.219763279E0,1.318823546E-1,2.478825748E-1
1.172182583E2,1.307736754E0,1.601327211E-1,2.512277067E-1
1.172282203E2,1.371497035E0,1.338917911E-1,2.311083078E-1
1.172381833E2,1.395954728E0,1.360980123E-1,2.211962044E-1
1.172481453E2,1.412733912E0,1.182950363E-1,2.186270505E-1
1.172581083E2,1.429518104E0,9.801447392E-2,2.236246914E-1
1.172680703E2,1.432662725E0,1.083944142E-1,2.534821630E-1
1.172780333E2,1.423665881E0,1.287910789E-1,3.011184931E-1
1.172879953E2,1.414775968E0,1.310888529E-1,3.450207114E-1
1.172979583E2,1.412042022E0,1.290820837E-1,3.665070534E-1
1.173079203E2,1.405459762E0,1.544335037E-1,3.652111590E-1
1.173178823E2,1.395583034E0,1.622871906E-1,3.623878956E-1
1.173278453E2,1.379188061E0,1.591974050E-1,3.727441132E-1
1.173378073E2,1.355717897E0,1.576350033E-1,3.946056664E-1
1.173477703E2,1.338667512E0,1.527707428E-1,4.185506701E-1
1.173577323E2,1.313521028E0,1.624280363E-1,4.253523052E-1
1.173676953E2,1.287595153E0,1.741986722E-1,4.120247662E-1
1.173776573E2,1.267674088E0,1.608525068E-1,3.809481859E-1
1.173876203E2,1.253124714E0,1.435518265E-1,3.478957117E-1
1.173975823E2,1.239259958E0,1.281442493E-1,3.255583942E-1
1.174075453E2,1.239736080E0,1.236530915E-1,3.080494404E-1
1.174175073E2,1.244889379E0,1.403743625E-1,2.944080532E-1
1.174274693E2,1.233055949E0,1.514709443E-1,2.746279836E-1
1.174374323E2,1.217238188E0,1.245256886E-1,2.512515783E-1
1.174473943E2,1.216820359E0,9.130221605E-2,2.348920405E-1
1.174573573E2,1.222255945E0,9.304571897E-2,2.289178669E-1
1.174673193E2,1.240542531E0,1.062922776E-1,2.308073789E-1
1.174772823E2,1.250544548E0,1.303323954E-1,2.429125011E-1
1.174872443E2,1.259004951E0,1.399959475E-1,2.644825280E-1
1.174972073E2,1.261396289E0,1.475645602E-1,2.846427262E-1
1.175071693E2,1.243038774E0,1.703604311E-1,2.869820595E-1
1.175171323E2,1.192149997E0,1.805901527E-1,2.775691152E-1
1.175270943E2,1.112471700E0,1.656437069E-1,2.643670142E-1
1.175370563E2,1.002321243E0,1.526345760E-1,2.459710091E-1
1.175470193E2,8.797965646E-1,1.375898421E-1,2.294466347E-1
1.175569813E2,7.466692328E-1,1.324420720E-1,2.131975889E-1
1.175669443E2,6.090877056E-1,1.218171269E-1,1.869340241E-1
1.175769063E2,4.493120909E-1,8.870661259E-2,1.417703480E-1
1.175868693E2,2.729125619E-1,4.572585598E-2,9.124220908E-2
1.175968313E2,8.667816967E-2,9.425017051E-3,4.564727098E-2
1.176067943E2,-1.131060496E-1,-5.684693344E-3,8.266877383E-3
1.176167563E2,-2.985488772E-1,-2.131581306E-2,-2.776001208E-2
1.176267193E2,-4.639817774E-1,-5.519361794E-2,-5.350345746E-2
1.176366813E2,-6.153011918E-1,-4.330303520E-2,-6.135648862E-2
1.176466433E2,-7.453486323E-1,-3.201655671E-2,-7.215773314E-2
1.176566063E2,-8.469004631E-1,-4.297394305E-2,-8.409684151E-2
1.176665683E2,-9.358121753E-1,-4.012409598E-2,-9.239871055E-2
1.176765313E2,-1.002486348E0,-4.814723507E-2,-1.036834195E-1
1.176864933E2,-1.031776071E0,-8.264502883E-2,-1.285187304E-1
1.176964563E2,-1.050383091E0,-9.199272096E-2,-1.520144641E-1
1.177064183E2,-1.065023780E0,-7.876427472E-2,-1.644519717E-1
1.177163813E2,-1.069629073E0,-7.290734351E-2,-1.694343686E-1
1.177263433E2,-1.067062616E0,-7.354091108E-2,-1.624148190E-1
1.177363063E2,-1.044276953E0,-8.954672515E-2,-1.566480696E-1
1.177462683E2,-9.997625947E-1,-8.620126545E-2,-1.512059122E-1
1.177562303E2,-9.396742582E-1,-9.130002558E-2,-1.533637792E-1
1.177661933E2,-8.883804679E-1,-7.852510363E-2,-1.502108574E-1
1.177761553E2,-8.469282389E-1,-6.564950943E-2,-1.417568177E-1
1.177861183E2,-8.108291030E-1,-6.594432145E-2,-1.295800507E-1
1.177960803E2,-8.044219613E-1,-4.790874571E-2,-1.148957610E-1
1.178060433E2,-8.048350215E-1,-5.482470989E-2,-1.115913093E-1
1.178160053E2,-8.095220327E-1,-8.283743262E-2,-1.201091036E-1
1.178259683E2,-8.101880550E-1,-1.113585532E-1,-1.276042908E-1
1.178359303E2,-7.995082140E-1,-9.824027121E-2,-1.282280087E-1
1.178458933E2,-7.755096555E-1,-1.013625562E-1,-1.322515160E-1
1.178558553E2,-7.456817627E-1,-9.392742068E-2,-1.214608252E-1
1.178658173E2,-7.374190688E-1,-6.675811857E-2,-1.033699811E-1
1.178757803E2,-7.363327742E-1,-4.632987082E-2,-9.369288385E-2
1.178857423E2,-7.275347710E-1,-7.760336995E-2,-1.046070531E-1
1.178957053E2,-7.115507126E-1,-1.017680541E-1,-1.079966351E-1
1.179056673E2,-7.026022077E-1,-7.136674225E-2,-9.798821062E-2
1.179156303E2,-6.874198914E-1,-5.574127659E-2,-8.934076130E-2
1.179255923E2,-6.731719971E-1,-6.415154040E-2,-8.198057860E-2
1.179355553E2,-6.739001870E-1,-5.369732901E-2,-7.107625157E-2
1.179455173E2,-6.787575483E-1,-3.621767089E-2,-5.971121043E-2
1.179554803E2,-6.930693984E-1,-3.579516709E-2,-5.202471465E-2
1.179654423E2,-7.180815339E-1,-4.217503592E-2,-5.376988649E-2
1.179754043E2,-7.664213181E-1,-4.523785785E-2,-6.028009579E-2
1.179853673E2,-8.234611750E-1,-5.918456614E-2,-6.407909840E-2
1.179953293E2,-8.636536002E-1,-7.436542958E-2,-7.182747126E-2
1.180052923E2,-8.731107712E-1,-9.011802822E-2,-8.204682171E-2
1.180152543E2,-8.669206500E-1,-8.659587801E-2,-8.696801960E-2
1.180252173E2,-8.495059609E-1,-7.677493989E-2,-1.103082299E-1
1.180351793E2,-8.326143026E-1,-8.179131150E-2,-1.187433451E-1
1.180451423E2,-8.091457486E-1,-8.667208254E-2,-1.178370714E-1
1.180551043E2,-7.785288095E-1,-7.776766270E-2,-1.202643290E-1
1.180650663E2,-7.375441194E-1,-6.942237914E-2,-1.221373305E-1
1.180750293E2,-7.001301646E-1,-5.405751243E-2,-1.166555285E-1
1.180849913E2,-6.327521801E-1,-8.135358244E-2,-1.242916062E-1
1.180949543E2,-5.465176702E-1,-2.265480608E-1,1.343404800E-1
1.181049163E2,-3.697197437E-1,-4.248646200E-1,-7.001736667E-3
1.181148793E2,-4.312360287E-1,-6.163837388E-2,-1.122589037E-1
1.181248413E2,-4.212220311E-1,1.185261831E-2,-4.746472090E-2
1.181348043E2,-3.986072838E-1,-3.948236257E-2,-3.080111556E-2
1.181447663E2,-3.904276490E-1,-2.329407260E-2,-3.365549073E-2
1.181547293E2,-3.974290192E-1,-9.295064025E-3,-3.258639574E-2
1.181646913E2,-4.140788317E-1,-8.103033528E-3,-2.228502184E-2
1.181746533E2,-4.523305595E-1,-4.193931818E-3,-1.404550020E-2
1.181846163E2,-4.779874384E-1,-4.704365879E-2,-2.000645362E-2
1.181945783E2,-5.093626380E-1,-4.363226518E-2,-2.482059412E-2
1.182045413E2,-5.588303208E-1,-2.484579384E-2,-3.159088269E-2
1.182145033E2,-6.300373673E-1,-4.231241345E-2,-4.012458399E-2
1.182244663E2,-7.177272439E-1,-6.251009554E-2,-4.622961208E-2
1.182344283E2,-8.180239797E-1,-9.267099202E-2,-3.201183677E-2
1.182443913E2,-7.943490148E-1,-4.208973348E-1,1.437328309E-1
1.182543533E2,-8.619043827E-1,-3.539161682E-1,-6.944629550E-2
1.182643163E2,-8.873902559E-1,-8.030034602E-2,-1.528439671E-1
1.182742783E2,-8.224714398E-1,-5.247829482E-2,-1.130134761E-1
1.182842403E2,-7.154192924E-1,-7.023945451E-2,-9.656632692E-2
1.182942033E2,-6.146216393E-1,-4.584166035E-2,-9.400640428E-2
1.183041653E2,-5.270898938E-1,-4.228367656E-2,-1.019506156E-1
1.183141283E2,-4.383156002E-1,-7.323811948E-2,-1.047590524E-1
1.183240903E2,-3.495804071E-1,-6.166508794E-2,-8.959901333E-2
1.183340533E2,-2.812582552E-1,-7.412482798E-2,-5.408996344E-2
1.183440153E2,-1.961910427E-1,-1.222753078E-1,3.356478736E-2
1.183539783E2,-1.542992145E-1,-7.789219916E-2,-2.346382476E-3
1.183639403E2,-1.433901042E-1,-2.375333011E-2,-2.903391980E-2
1.183739033E2,-1.323653907E-1,-3.926073760E-2,-1.320115197E-2
1.183838653E2,-1.353177726E-1,-5.238666013E-2,-6.572011858E-3
1.183938273E2,-1.386885047E-1,-7.238093019E-2,-6.217051297E-3
1.184037903E2,-1.525843441E-1,-8.895352483E-2,-4.188175080E-4
1.184137523E2,-1.912382394E-1,-1.115915403E-1,6.650130963E-4
1.184237153E2,-2.392108291E-1,-1.708814949E-1,1.524681458E-3
1.184336773E2,-2.847341597E-1,-2.272889614E-1,1.556754811E-3
1.184436403E2,-3.137764633E-1,-2.492446005E-1,1.174324891E-3
1.184536023E2,-3.240422308E-1,-2.484308332E-1,-5.572362337E-3
1.184635653E2,-3.086877763E-1,-2.494449764E-1,-1.873849891E-2
1.184735273E2,-2.402378917E-1,-2.412151843E-1,-2.218770050E-2
1.184834893E2,-1.348787099E-1,-1.621424705E-1,-2.924081497E-2
1.184934523E2,4.528917372E-3,-2.520556189E-2,-2.246214636E-2
1.185034143E2,1.398827434E-1,1.135288775E-1,-1.652090065E-2
1.185133773E2,2.534433305E-1,2.084262073E-1,-4.370102193E-3
1.185233393E2,3.596387208E-1,2.547745407E-1,6.621562410E-3
1.185333023E2,4.033406377E-1,2.881341577E-1,9.452761151E-3
1.185432643E2,4.650117457E-1,3.189040720E-1,1.403366402E-2
1.185532273E2,5.324105024E-1,4.304751158E-1,4.739703238E-2
1.185631893E2,4.348966777E-1,2.266769707E-1,6.706128269E-2
1.185731523E2,4.551134408E-1,1.613032222E-1,8.267604560E-2
1.185831143E2,4.179144204E-1,1.085057855E-1,6.512475014E-2
1.185930763E2,4.113728702E-1,7.886993885E-2,5.339844152E-2
1.186030393E2,4.204837978E-1,6.356155127E-2,5.816842988E-2
1.186130013E2,4.461143911E-1,6.360831112E-2,5.698311329E-2
1.186229643E2,4.913167655E-1,6.949523091E-2,4.997793585E-2
1.186329263E2,5.564129353E-1,6.170067564E-2,4.602646828E-2
1.186428893E2,6.469737291E-1,6.408766657E-2,5.093414336E-2
1.186528513E2,7.536126971E-1,8.583816886E-2,6.283978373E-2
1.186628143E2,8.568967581E-1,1.064390540E-1,7.380748540E-2
1.186727763E2,9.510404468E-1,1.150724739E-1,8.210418373E-2
1.186827393E2,1.038289547E0,1.071019024E-1,9.860087186E-2
1.186927013E2,1.117290378E0,1.090660095E-1,1.177079380E-1
1.187026633E2,1.184398293E0,1.154807657E-1,1.292577982E-1
1.187126263E2,1.242473483E0,1.080476046E-1,1.510434300E-1
1.187225883E2,1.287457705E0,1.044664532E-1,1.824495494E-1
1.187325513E2,1.320067406E0,1.047012657E-1,1.994536519E-1
1.187425133E2,1.341189981E0,1.071138233E-1,2.058223337E-1
1.187524763E2,1.353418589E0,1.113682687E-1,2.072294801E-1
1.187624383E2,1.362889290E0,1.218701825E-1,2.117208987E-1
1.187724013E2,1.364942551E0,1.352579445E-1,2.225111872E-1
1.187823633E2,1.372913122E0,1.114642099E-1,2.416103184E-1
1.187923263E2,1.397767663E0,9.948853403E-2,2.578095794E-1
1.188022883E2,1.429325581E0,1.093957648E-1,2.749102712E-1
1.188122503E2,1.453968883E0,1.083243042E-1,2.907914817E-1
1.188222133E2,1.472703695E0,9.656165540E-2,3.046478927E-1
1.188321753E2,1.477659225E0,1.021647379E-1,3.153888583E-1
1.188421383E2,1.469976306E0,1.185274646E-1,3.180719912E-1
1.188521003E2,1.442600965E0,1.251950115E-1,3.073773086E-1
1.188620633E2,1.406126261E0,1.108296514E-1,2.903463840E-1
1.188720253E2,1.358537555E0,1.087482944E-1,2.735188603E-1
1.188819883E2,1.297072172E0,1.097834632E-1,2.582453489E-1
1.188919503E2,1.244449615E0,9.282882512E-2,2.371083200E-1
1.189019133E2,1.195948601E0,8.912170678E-2,2.108261138E-1
1.189118753E2,1.153826952E0,9.341827035E-2,1.861702055E-1
1.189218373E2,1.099342942E0,9.649794549E-2,1.706088185E-1
1.189318003E2,1.040455103E0,7.283017784E-2,1.592454612E-1
1.189417623E2,9.798594713E-1,6.960269064E-2,1.465626955E-1
1.189517253E2,9.152732491E-1,7.038357854E-2,1.272342354E-1
1.189616873E2,8.505083323E-1,5.822545290E-2,1.075177789E-1
1.189716503E2,8.106254935E-1,2.181798592E-2,9.351529181E-2
1.189816123E2,7.874557376E-1,1.729540713E-2,7.717999071E-2
1.189915753E2,7.783752084E-1,2.523814514E-2,6.843875349E-2
1.190015373E2,7.771288753E-1,3.626549616E-2,6.986567378E-2
1.190114993E2,7.818288803E-1,3.736479953E-2,7.756470889E-2
1.190214623E2,7.889288664E-1,2.250755578E-2,7.490926981E-2
1.190314243E2,8.014674187E-1,2.419219539E-2,6.321277469E-2
1.190413873E2,8.131499290E-1,3.233134747E-2,6.372490525E-2
1.190513493E2,8.324495554E-1,2.501466870E-2,6.398722529E-2
1.190613123E2,8.544800282E-1,1.302138809E-2,6.429934502E-2
1.190712743E2,8.832379580E-1,1.005797740E-2,6.502830982E-2
1.190812373E2,9.160201550E-1,1.197705138E-2,7.296799123E-2
1.190911993E2,9.302938581E-1,2.351165563E-2,6.173673272E-2
1.191011623E2,9.307969213E-1,2.995117754E-2,5.328066275E-2
1.191111243E2,9.076271057E-1,3.970975056E-2,4.496634379E-2
1.191210863E2,8.634284735E-1,4.586724564E-2,3.049046546E-2
1.191310493E2,8.096652031E-1,2.305969223E-2,5.581363104E-3
1.191410113E2,7.483488917E-1,-3.846756648E-3,-8.237513714E-3
1.191509743E2,6.727658510E-1,-1.188819669E-2,-3.240335500E-3
1.191609363E2,5.872291327E-1,-1.652902178E-2,-2.460029209E-3
1.191708993E2,4.837730527E-1,-1.983702742E-2,1.248080051E-3
1.191808613E2,3.644948602E-1,-1.424918324E-2,4.152256995E-3
1.191908243E2,2.334117740E-1,-6.824170705E-3,1.402544789E-2
1.192007863E2,1.116302088E-1,-8.249495178E-3,8.873828687E-3
1.192107483E2,-1.662513614E-2,1.177568827E-2,1.392625505E-3
1.192207113E2,-1.360125095E-1,-2.391629387E-4,-1.063261181E-2
1.192306733E2,-2.406180948E-1,-2.714335360E-2,-1.464565098E-2
1.192406363E2,-3.326332271E-1,-2.225538902E-2,-2.078157477E-2
1.192505983E2,-4.094092846E-1,-4.568496719E-3,-2.911105566E-2
1.192605613E2,-4.758998752E-1,-9.204985108E-4,-3.746778890E-2
1.192705233E2,-5.335389972E-1,1.238663448E-3,-4.228395224E-2
1.192804863E2,-5.913903117E-1,2.609658753E-3,-4.190738127E-2
1.192904483E2,-6.331875324E-1,-1.058319770E-2,-4.095502570E-2
1.193004113E2,-6.577067375E-1,-1.175445598E-2,-4.484270886E-2
1.193103733E2,-6.772187948E-1,1.763307839E-3,-4.591674730E-2
1.193203353E2,-6.957035065E-1,4.934600089E-3,-5.300820991E-2
1.193302983E2,-7.027484179E-1,-4.032506142E-3,-6.357248873E-2
1.193402603E2,-7.083045840E-1,-9.197440930E-3,-8.082897216E-2
1.193502233E2,-7.207248211E-1,-2.828654461E-2,-1.043642312E-1
1.193601853E2,-7.370380163E-1,-5.080330744E-2,-1.148520187E-1
1.193701483E2,-7.393942475E-1,-5.980517343E-2,-1.211474314E-1
1.193801103E2,-7.342471480E-1,-5.069609731E-2,-1.173508316E-1
1.193900733E2,-7.198613286E-1,-4.876908287E-2,-1.089644730E-1
1.194000353E2,-7.051508427E-1,-4.144965112E-2,-8.490600437E-2
1.194099973E2,-7.015643120E-1,-2.836298943E-2,-6.185948476E-2
1.194199603E2,-6.919050217E-1,-2.215409465E-2,-4.798521474E-2
1.194299223E2,-6.949788332E-1,-1.003301237E-2,-4.451831430E-2
1.194398853E2,-7.081524134E-1,-1.181759685E-2,-4.553510621E-2
1.194498473E2,-7.227446437E-1,-2.328710817E-2,-4.953210801E-2
1.194598103E2,-7.231611609E-1,-2.909998968E-2,-5.302990228E-2
1.194697723E2,-7.157089114E-1,-2.496790513E-2,-5.887648836E-2
1.194797353E2,-7.092784643E-1,-3.278855234E-3,-5.932709202E-2
1.194896973E2,-7.085888386E-1,1.224675030E-2,-5.916172639E-2
1.194996603E2,-7.281707525E-1,9.773472324E-3,-6.734561920E-2
1.195096223E2,-7.514271736E-1,-4.265214317E-3,-8.099495620E-2
1.195195843E2,-7.827158570E-1,-2.551297843E-2,-1.073437333E-1
1.195295473E2,-8.075272441E-1,-4.649722576E-2,-1.295932978E-1
1.195395093E2,-8.262074590E-1,-5.002245307E-2,-1.403788328E-1
1.195494723E2,-8.469343781E-1,-3.953803703E-2,-1.449568272E-1
1.195594343E2,-8.615343571E-1,-4.524359107E-2,-1.433019340E-1
1.195693973E2,-8.705767989E-1,-5.325384811E-2,-1.408241391E-1
1.195793593E2,-8.810041547E-1,-4.753577337E-2,-1.398201287E-1
1.195893223E2,-8.958107233E-1,-4.383313283E-2,-1.378001869E-1
1.195992843E2,-9.133716226E-1,-5.187987164E-2,-1.313260496E-1
1.196092463E2,-9.419173002E-1,-4.850232601E-2,-1.198786274E-1
1.196192093E2,-9.699321389E-1,-4.764931649E-2,-1.130785123E-1
1.196291713E2,-1.006246328E0,-3.815435618E-2,-1.063533425E-1
1.196391343E2,-1.037004471E0,-5.532135814E-2,-1.051969975E-1
1.196490963E2,-1.044327378E0,-8.276206255E-2,-1.052792445E-1
1.196590593E2,-1.037115574E0,-7.591081411E-2,-1.023992971E-1
1.196690213E2,-1.021077275E0,-5.164066702E-2,-9.843343496E-2
1.196789843E2,-1.014169097E0,-3.641724214E-2,-9.606002271E-2
1.196889463E2,-1.011302352E0,-3.422990069E-2,-9.056563675E-2
1.196989093E2,-1.023257613E0,-2.347392403E-2,-9.443920851E-2
1.197088713E2,-1.039312601E0,-4.222637042E-2,-1.107585579E-1
1.197188333E2,-1.052082181E0,-6.270687282E-2,-1.287223846E-1
1.197287963E2,-1.050834417E0,-7.825791091E-2,-1.397247612E-1
1.197387583E2,-1.041637421E0,-6.511814147E-2,-1.417988390E-1
1.197487213E2,-1.031170487E0,-5.531628430E-2,-1.408374310E-1
1.197586833E2,-1.030639172E0,-4.359678179E-2,-1.383633614E-1
1.197686463E2,-1.052855134E0,-2.829995193E-2,-1.390982568E-1
1.197786083E2,-1.088826180E0,-3.987191990E-2,-1.577265412E-1
1.197885713E2,-1.143825173E0,-5.640570074E-2,-1.810629070E-1
1.197985333E2,-1.172729731E0,-9.711930156E-2,-2.104005516E-1
1.198084953E2,-1.163027763E0,-1.290642023E-1,-2.200839072E-1
1.198184583E2,-1.120644331E0,-1.232015193E-1,-2.055936456E-1
1.198284203E2,-1.064600825E0,-9.809015691E-2,-1.819764376E-1
1.198383833E2,-1.013512611E0,-7.865174860E-2,-1.556500196E-1
1.198483453E2,-9.669093490E-1,-7.394641638E-2,-1.381869465E-1
1.198583083E2,-9.155100584E-1,-6.272386014E-2,-1.271902323E-1
1.198682703E2,-8.706712127E-1,-4.494674876E-2,-1.283606440E-1
1.198782333E2,-8.341739178E-1,-3.748963028E-2,-1.319433898E-1
1.198881953E2,-8.054175973E-1,-3.651628643E-2,-1.339056939E-1
1.198981573E2,-7.998156548E-1,-3.782602772E-2,-1.358245015E-1
1.199081203E2,-8.056895137E-1,-4.784115776E-2,-1.474277973E-1
1.199180823E2,-8.062644601E-1,-1.838579588E-2,-1.451063156E-1
1.199280453E2,-7.890126109E-1,-2.259932086E-2,-1.302924007E-1
1.199380073E2,-7.328584790E-1,-1.020653844E-1,-9.741355479E-2
1.199479703E2,-5.523752570E-1,-1.215631664E-1,-2.295002155E-2
1.199579323E2,-2.461245358E-1,-7.881836593E-2,4.495392740E-2
1.199678953E2,-2.802530304E-2,9.781732410E-2,9.830923378E-2
1.199778573E2,8.490629494E-3,9.786073118E-2,1.801883876E-1
1.199878203E2,-2.930238098E-2,-5.192513391E-2,1.522160470E-1
1.199977823E2,-6.235727295E-2,-6.878747046E-2,9.838476777E-2
1.200077443E2,-7.566591352E-2,-2.872842737E-2,5.667735264E-2
1.200177073E2,-1.086137444E-1,-5.250006914E-2,1.986394264E-2
1.200276698E2,-1.495993882E-1,-1.259167641E-1,1.225967426E-3
1.200376328E2,-1.760869175E-1,-1.854056567E-1,7.218080107E-3
1.200475948E2,-1.952268928E-1,-2.162107676E-1,3.541922662E-3
1.200575578E2,-2.304527909E-1,-2.545264661E-1,8.899403736E-3
1.200675198E2,-2.841255367E-1,-3.500232697E-1,1.003862545E-2
1.200774828E2,-3.477846682E-1,-4.219526052E-1,5.950406659E-3
1.200874448E2,-4.227934480E-1,-4.745574296E-1,-1.440891181E-3
1.200974068E2,-5.221093893E-1,-5.483469367E-1,-5.958677735E-3
1.201073698E2,-6.451570392E-1,-6.402158141E-1,-1.941137947E-2
1.201173318E2,-7.557104230E-1,-7.226096988E-1,-4.274839163E-2
1.201272948E2,-8.569241166E-1,-7.671543956E-1,-1.276085526E-1
1.201372568E2,-9.917048216E-1,-8.094435334E-1,-2.113175690E-1
1.201472198E2,-1.133659601E0,-7.482163310E-1,-2.669350505E-1
1.201571818E2,-1.237325311E0,-6.286590695E-1,-2.814905643E-1
1.201671448E2,-1.273942232E0,-5.507236719E-1,-2.771738172E-1
1.201771068E2,-1.119588375E0,-6.090359688E-1,-2.311597168E-1
1.201870698E2,-7.399224043E-1,-6.671659350E-1,-1.066351309E-1
1.201970318E2,-2.973258197E-1,-2.285529524E-1,5.855914950E-2
1.202069938E2,1.094012521E-2,2.000785619E-1,1.321622580E-1
1.202169568E2,1.611783504E-1,1.523869336E-1,2.171735615E-1
1.202269188E2,1.600023061E-1,-5.014402419E-2,1.989639699E-1
1.202368818E2,3.597437963E-2,-1.276933998E-1,7.682900131E-2
1.202468438E2,-1.442942023E-1,-1.566252261E-1,-1.829808205E-2
1.202568068E2,-2.797715962E-1,-2.113039196E-1,-2.473041415E-2
1.202667688E2,-3.381916285E-1,-2.296126038E-1,-3.539945930E-2
1.202767318E2,-3.336834311E-1,-1.978091449E-1,-3.321087360E-2
1.202866938E2,-1.997953504E-1,-3.903903440E-2,-2.081238665E-2
1.202966558E2,-1.138889641E-1,8.380736690E-4,-8.163171820E-3
1.203066188E2,-3.430005908E-2,-4.022368230E-3,-1.616542228E-2
1.203165808E2,1.694049500E-2,-3.584074974E-2,-2.037960850E-2
1.203265438E2,1.922225207E-2,-1.573111713E-1,-3.522620723E-2
1.203365058E2,4.328843951E-2,9.069463611E-2,-5.353490636E-2
1.203464688E2,4.366762936E-2,-2.259718627E-2,-9.506251663E-3
1.203564308E2,-1.022809278E-2,-2.353621647E-2,1.596912625E-4
1.203663938E2,-4.467163980E-2,-1.555031817E-2,6.534180138E-3
1.203763558E2,-8.130475134E-2,-5.654782057E-2,9.206395596E-3
1.203863178E2,-9.141880274E-2,-6.035206839E-2,-1.253819559E-3
1.203962808E2,-1.140961573E-1,-6.185808405E-2,-2.441323129E-3
1.204062428E2,-1.249256730E-1,-3.349722177E-2,-5.360584473E-4
1.204162058E2,-1.251762807E-1,-1.079377439E-2,7.753563114E-3
1.204261678E2,-1.418396980E-1,-8.941458538E-3,1.987811178E-3
1.204361308E2,-1.256788373E-1,2.239835449E-2,-7.011542562E-3
1.204460928E2,-6.229415163E-2,6.510961056E-2,-6.888927892E-3
1.204560558E2,-3.268273175E-2,5.118154362E-2,-4.638823215E-3
1.204660178E2,-1.978918537E-2,6.929562986E-2,-6.190632470E-3
1.204759808E2,-1.937905885E-2,8.312463015E-2,-6.210339721E-3
1.204859428E2,-1.703916676E-2,8.324917406E-2,-1.844079234E-3
1.204959048E2,-1.016128715E-2,9.481927752E-2,5.238065030E-3
1.205058678E2,-1.155484095E-2,1.194818392E-1,4.848194774E-3
1.205158298E2,-1.970917359E-2,1.321654022E-1,-2.485630102E-4
1.205257928E2,-4.571942613E-2,1.690490097E-1,-8.578076027E-3
1.205357548E2,-5.901392549E-2,2.525652051E-1,-2.121504210E-2
1.205457178E2,-3.573873043E-1,6.286893487E-1,-7.725620270E-2
1.205556798E2,-4.752598703E-1,1.011821508E0,-1.385749578E-1
1.205656428E2,-4.550705850E-1,8.485543132E-1,-1.845645010E-1
1.205756048E2,-3.245573044E-1,4.337105453E-1,-1.026443243E-1
1.205855668E2,-1.306455135E-1,1.414437890E-1,2.530336194E-2
1.205955298E2,3.575145453E-2,4.301948845E-2,6.904283655E-4
1.206054918E2,1.103460267E-1,-2.883333340E-2,1.045468170E-2
1.206154548E2,1.584528387E-1,-6.844731420E-2,2.570660412E-2
1.206254168E2,1.951113790E-1,-1.206849515E-1,2.852886543E-2
1.206353798E2,1.963918358E-1,-1.976678818E-1,-1.336904988E-2
1.206453418E2,1.672606170E-1,-3.007525504E-1,-6.282762438E-2
1.206553048E2,1.544833034E-1,-3.749948144E-1,-7.597032189E-2
1.206652668E2,2.109903842E-1,-3.597700596E-1,-7.530468702E-2
1.206752288E2,2.674938738E-1,-3.402179480E-1,-9.968006611E-2
1.206851918E2,2.815204263E-1,-3.569715321E-1,-1.694919169E-1
1.206951538E2,2.441064864E-1,-3.817082942E-1,-2.482826114E-1
1.207051168E2,8.612526953E-2,-3.044095933E-1,-2.028586268E-1
1.207150788E2,-2.511204183E-1,4.285755381E-2,6.159486249E-2
1.207250418E2,-4.325725138E-1,5.129334927E-1,1.457971632E-1
1.207350038E2,-5.142170787E-1,7.197375894E-1,1.958363652E-1
1.207449668E2,-5.700517297E-1,7.271068692E-1,2.209406793E-1
1.207549288E2,-5.706927180E-1,6.471305490E-1,1.950947046E-1
1.207648908E2,-5.092037916E-1,5.639432669E-1,1.227235645E-1
1.207748538E2,-4.030252099E-1,4.454770982E-1,4.360583425E-2
1.207848158E2,-2.593505681E-1,2.803559899E-1,6.098587997E-3
1.207947788E2,-7.371252030E-2,9.423619509E-2,8.803901728E-4
1.208047408E2,1.115339175E-1,-1.067784056E-1,-8.064393885E-3
1.208147038E2,2.837440372E-1,-2.637909055E-1,-1.203969400E-2
1.208246658E2,5.398897529E-1,-2.988431454E-1,-1.990933344E-2
1.208346288E2,6.193084121E-1,-5.798750520E-1,-2.599252574E-2
1.208445908E2,4.260363281E-1,-7.502769232E-1,-6.689911708E-3
1.208545538E2,1.788424999E-1,-4.611926973E-1,1.426945673E-4
1.208645158E2,-3.750781342E-2,-3.260721918E-3,3.238235367E-3
1.208744778E2,-2.090145946E-1,2.107335925E-1,1.408369280E-2
1.208844408E2,-2.642940879E-1,1.597114503E-1,2.046644315E-2
1.208944028E2,-2.074696869E-1,-9.198746644E-3,4.098130390E-2
1.209043658E2,-1.296935380E-1,-1.560222954E-1,8.821493387E-2
1.209143278E2,-1.471036971E-1,-2.222407311E-1,1.416555196E-1
1.209242908E2,-2.558589578E-1,-1.566739082E-1,1.418508589E-1
1.209342528E2,-4.337303936E-1,5.077409372E-2,8.263573796E-2
1.209442158E2,-5.976669192E-1,2.759705484E-1,5.270770565E-2
1.209541778E2,-6.604768038E-1,2.960353196E-1,8.115798980E-2
1.209641398E2,-6.537917852E-1,-7.690509409E-2,9.755075723E-2
1.209741028E2,-5.034475327E-1,-2.982220352E-1,1.140927151E-1
1.209840648E2,-4.293035567E-1,-1.307619512E-1,1.018440872E-1
1.209940278E2,-4.825947583E-1,-1.602684408E-1,7.665457577E-2
1.210039898E2,-5.213766098E-1,-2.341461182E-1,5.769013613E-2
1.210139528E2,-5.988945961E-1,-2.405110747E-1,4.776400328E-2
1.210239148E2,-6.959436536E-1,-3.599079847E-1,5.130391195E-2
1.210338773E2,-7.763721943E-1,-2.485851794E-1,2.939488553E-2
1.210438393E2,-8.589283824E-1,-1.320115775E-1,4.956116900E-3
1.210538013E2,-9.247422814E-1,-9.838171303E-2,-1.001697313E-2
1.210637643E2,-1.001060367E0,-1.097628549E-1,-4.018230364E-2
1.210737263E2,-1.118649244E0,-1.143722534E-1,-6.736172736E-2
1.210836893E2,-1.227385044E0,-1.488076001E-1,-1.272968799E-1
1.210936513E2,-1.297303200E0,-1.406713724E-1,-1.359377801E-1
1.211036143E2,-1.375627875E0,-1.074854955E-1,-1.567081213E-1
1.211135763E2,-1.409425974E0,-6.583871692E-2,-1.444634497E-1
1.211235393E2,-1.422375083E0,-2.791964635E-2,-1.433963031E-1
1.211335013E2,-1.402986169E0,-1.296946034E-2,-1.353215873E-1
1.211434643E2,-1.380068183E0,-2.658461034E-2,-1.214561388E-1
1.211534263E2,-1.375589013E0,-4.309434444E-2,-8.236173540E-2
1.211633883E2,-1.383088350E0,-3.132897988E-2,-5.965205282E-2
1.211733513E2,-1.370426416E0,-4.485490918E-2,-4.057902470E-2
1.211833133E2,-1.351131678E0,-3.593533486E-2,-3.303370252E-2
1.211932763E2,-1.324288845E0,-1.269605942E-2,-3.196311370E-2
1.212032383E2,-1.282552719E0,-1.592048630E-2,-2.149761096E-2
1.212132013E2,-1.257376313E0,-2.572464757E-2,-3.065607278E-3
1.212231633E2,-1.216696739E0,-3.690758953E-3,5.511548836E-3
1.212331263E2,-1.144497275E0,-2.106444212E-3,1.744224317E-2
1.212430883E2,-1.033854127E0,1.163587673E-3,2.823279984E-2
1.212530503E2,-9.392930269E-1,-2.829550207E-2,4.208363593E-2
1.212630133E2,-8.439945579E-1,-7.990015298E-2,5.382318422E-2
1.212729753E2,-7.685168386E-1,-1.176147759E-1,5.662057176E-2
1.212829383E2,-7.196736932E-1,-1.254639626E-1,4.787777364E-2
1.212929003E2,-7.088194489E-1,-1.138792112E-1,5.135559663E-2
1.213028633E2,-7.197175026E-1,-1.248879954E-1,5.520131811E-2
1.213128253E2,-7.408222556E-1,-8.145503700E-2,6.063203514E-2
1.213227883E2,-7.563332915E-1,-5.460542440E-2,6.581643969E-2
1.213327503E2,-7.608851790E-1,-3.475129232E-2,6.147495657E-2
1.213427123E2,-7.474948168E-1,-4.515094217E-3,5.719206110E-2
1.213526753E2,-7.350898385E-1,3.542966023E-2,5.561254174E-2
1.213626373E2,-7.202929854E-1,4.513033852E-2,5.234348029E-2
1.213726003E2,-6.997829080E-1,3.814113885E-2,4.945634678E-2
1.213825623E2,-6.709311008E-1,2.631922811E-2,3.951324522E-2
1.213925253E2,-6.339278221E-1,8.606277406E-3,2.105833963E-2
1.214024873E2,-6.012180448E-1,-4.523616750E-3,1.561479084E-2
1.214124503E2,-5.743070841E-1,-6.952685770E-3,2.154618315E-2
1.214224123E2,-5.643480420E-1,-2.819027007E-2,2.556544170E-2
1.214323753E2,-5.574360490E-1,-5.480483547E-2,1.855227351E-2
1.214423373E2,-5.475919843E-1,-4.198607057E-2,1.282746438E-2
1.214522993E2,-5.474950075E-1,-1.314723119E-2,1.133316476E-2
1.214622623E2,-5.510573983E-1,5.006592721E-3,3.778896295E-3
1.214722243E2,-5.531530380E-1,1.218327880E-2,-4.107789136E-3
1.214821873E2,-5.633299351E-1,1.092166360E-2,-8.161352947E-3
1.214921493E2,-5.865923762E-1,-6.051194854E-3,-1.038642414E-2
1.215021123E2,-6.062469482E-1,7.343513891E-3,-7.500740699E-3
1.215120743E2,-6.077675819E-1,4.001330957E-2,4.372963216E-3
1.215220373E2,-6.019394398E-1,4.921695963E-2,7.583465893E-3
1.215319993E2,-5.893501639E-1,5.056451634E-2,8.035937324E-3
1.215419613E2,-5.696026087E-1,7.913099974E-2,8.442327380E-3
1.215519243E2,-5.407198071E-1,1.132439598E-1,-3.069719765E-3
1.215618863E2,-5.039181709E-1,1.387596279E-1,-1.377604250E-2
1.215718493E2,-4.613680840E-1,1.551055759E-1,-2.124274708E-2
1.215818113E2,-4.244474173E-1,1.163035259E-1,-2.666429244E-2
1.215917743E2,-3.886785209E-1,6.367919594E-2,-2.125461400E-2
1.216017363E2,-3.535234928E-1,4.511728883E-2,-1.889128610E-2
1.216116993E2,-3.087544143E-1,4.774449766E-2,-2.190305479E-2
1.216216613E2,-2.688305974E-1,3.749934956E-2,-3.205017000E-2
1.216316233E2,-2.348060310E-1,6.886048708E-3,-4.318803921E-2
1.216415863E2,-2.052531987E-1,-2.316590399E-2,-3.655694053E-2
1.216515483E2,-1.797702014E-1,-4.810880497E-2,-3.302585706E-2
1.216615113E2,-1.619478464E-1,-8.500761539E-2,-2.543851733E-2
1.216714733E2,-1.249405518E-1,-1.112338975E-1,-2.180117182E-2
1.216814363E2,-5.198057741E-2,-5.414667726E-2,-1.410134602E-2
1.216913983E2,4.631430283E-2,8.647994138E-3,-1.594505273E-2
1.217013613E2,1.560922563E-1,4.281014204E-2,-2.453684993E-2
1.217113233E2,2.336301953E-1,-2.633723989E-2,-3.349572420E-2
1.217212853E2,3.035842180E-1,-6.014151871E-2,-2.635424025E-2
1.217312483E2,4.000678957E-1,-1.543982700E-2,-6.274803076E-3
1.217412103E2,5.174914002E-1,1.019795612E-2,-6.375963800E-3
1.217511733E2,6.327631474E-1,-6.043120474E-2,-8.111545816E-3
1.217611353E2,7.253876328E-1,-1.480099112E-1,-6.577728316E-3
1.217710983E2,8.094002604E-1,-1.785830110E-1,1.036130823E-2
1.217810603E2,8.760095239E-1,-2.161601633E-1,2.387393638E-2
1.217910233E2,9.495782852E-1,-2.277566344E-1,2.755735442E-2
1.218009853E2,1.012979984E0,-2.478721887E-1,2.646387741E-2
1.218109473E2,1.083010793E0,-2.231998593E-1,2.136791870E-2
1.218209103E2,1.174261093E0,-1.755091250E-1,3.595352918E-2
1.218308723E2,1.250263453E0,-1.864025146E-1,4.438642785E-2
1.218408353E2,1.325385690E0,-2.433508933E-1,5.645446107E-2
1.218507973E2,1.401229620E0,-1.609801203E-1,7.947429270E-2
1.218607603E2,1.405834079E0,-1.613706350E-1,7.369641960E-2
1.218707223E2,1.408561230E0,-1.780332476E-1,7.325139642E-2
1.218806853E2,1.385966063E0,-1.218488365E-1,6.104234233E-2
1.218906473E2,1.344524860E0,-9.724336118E-2,3.768561780E-2
1.219006093E2,1.297219872E0,-3.031046316E-2,5.452544428E-3
1.219105723E2,1.227503419E0,-1.364030642E-3,-1.407428551E-2
1.219205343E2,1.145181298E0,-1.504931413E-2,-1.812638715E-2
1.219304973E2,1.068400979E0,-1.711858995E-2,-1.339847594E-2
1.219404593E2,9.939661622E-1,-2.766484767E-2,-1.024361700E-2
1.219504223E2,9.404594898E-1,-3.820537031E-2,-9.086473845E-3
1.219603843E2,9.006086588E-1,-3.376222774E-2,-1.216150820E-2
1.219703473E2,8.454958797E-1,-4.618161544E-2,-1.278095972E-2
1.219803093E2,7.965028882E-1,-5.001466721E-2,-8.155519143E-3
1.219902713E2,7.559051514E-1,-4.529980570E-2,-3.144515213E-3
1.220002343E2,7.034999728E-1,-5.565284565E-2,-1.119418535E-2
1.220101963E2,6.936764121E-1,-1.832811162E-2,-1.079284772E-2
1.220201593E2,6.948657632E-1,-8.416335098E-3,-1.978639141E-2
1.220301213E2,7.326490879E-1,-6.081275642E-3,-2.028120682E-2
1.220400843E2,8.041152358E-1,-1.639019465E-3,-1.255791262E-2
1.220500463E2,8.907095194E-1,-2.224576101E-2,-1.410707273E-2
1.220600093E2,9.745172858E-1,-4.569456354E-2,-1.065477822E-2
1.220699713E2,1.058402896E0,-6.274119765E-2,-7.648868486E-3
1.220799333E2,1.142858386E0,-5.898379907E-2,-5.311717279E-3
1.220898963E2,1.222109437E0,-7.800542563E-2,4.964089487E-3
1.220998583E2,1.275217295E0,-9.533143789E-2,5.538424011E-3
1.221098213E2,1.320367217E0,-8.450169116E-2,1.350793429E-2
1.221197833E2,1.334569335E0,-5.273692310E-2,1.400488708E-2
1.221297463E2,1.347708106E0,-4.475223273E-2,2.600029856E-2
1.221397083E2,1.340673327E0,-4.490780458E-2,2.569525503E-2
1.221496713E2,1.324563384E0,2.187521756E-2,2.988813631E-2
1.221596333E2,1.276051641E0,5.904272571E-2,3.210077062E-2
1.221695963E2,1.196496367E0,4.878769070E-2,2.683863044E-2
1.221795583E2,1.099989772E0,2.006947063E-3,1.081622113E-2
1.221895203E2,1.012926579E0,3.808425739E-2,1.062127296E-3
1.221994833E2,9.275095463E-1,4.521563649E-2,3.693534527E-3
1.222094453E2,8.069040179E-1,7.703135163E-2,2.475138754E-3
1.222194083E2,6.426530480E-1,9.618853778E-2,-1.177809946E-2
1.222293703E2,5.152626038E-1,2.410928532E-2,-2.490641922E-2
1.222393333E2,4.352161288E-1,-3.605486127E-3,-1.697571948E-2
1.222492953E2,3.605775833E-1,3.882257733E-3,-6.240784656E-3
1.222592583E2,3.108387589E-1,-1.357180998E-2,-2.356611891E-3
1.222692203E2,2.750927508E-1,-1.353931986E-2,4.719314165E-4
1.222791823E2,2.603597939E-1,1.906649675E-3,1.628973871E-3
1.222891453E2,3.053182065E-1,2.485510707E-2,1.305473410E-2
1.222991073E2,4.136041105E-1,5.346912146E-2,3.587916121E-2
1.223090703E2,5.548166037E-1,9.803286940E-2,5.024185404E-2
1.223190323E2,7.284665704E-1,2.762958109E-1,4.968887195E-2
1.223289953E2,8.623309135E-1,3.519799113E-1,5.945734680E-2
1.223389573E2,9.235953093E-1,3.857713938E-1,5.144473910E-2
1.223489203E2,9.894605875E-1,3.875229657E-1,1.620463431E-1
1.223588823E2,1.167301774E0,1.025931388E-1,2.033700645E-1
1.223688443E2,1.372013330E0,-4.394036252E-3,2.289425433E-1
1.223788073E2,1.526915312E0,-6.411482580E-3,2.657475770E-1
1.223887693E2,1.563598752E0,7.347482443E-2,3.352390230E-1
1.223987323E2,1.139130116E0,8.604019284E-1,2.486126423E-1
1.224086943E2,8.648159504E-1,8.563835025E-1,2.061530650E-1
1.224186573E2,5.494509339E-1,4.987184405E-1,1.956700683E-1
1.224286193E2,1.644576937E-1,-1.517016347E-2,1.590950191E-1
1.224385823E2,-9.972936660E-2,-1.559943557E-1,1.408344954E-1
1.224485443E2,-2.203258276E-1,-1.053634137E-1,1.265530288E-1
1.224585063E2,-2.146553844E-1,-1.237041131E-1,9.933196753E-2
1.224684693E2,-1.025789306E-1,-8.076436818E-2,1.073440909E-1
1.224784313E2,7.157380879E-2,4.428758845E-2,1.410229355E-1
1.224883943E2,1.821218878E-1,1.602946222E-1,1.458174288E-1
1.224983563E2,2.062627971E-1,1.475425959E-1,1.272124648E-1
1.225083193E2,1.880651414E-1,9.023030102E-2,1.064949483E-1
1.225182813E2,1.517770290E-1,7.644312829E-2,9.401574731E-2
1.225282443E2,9.981556237E-2,6.700488180E-2,9.231212735E-2
1.225382063E2,4.834314436E-2,4.411937296E-2,8.913214505E-2
1.225481683E2,5.857470911E-3,-3.646284109E-3,6.704708189E-2
1.225581313E2,2.785612363E-3,-2.126381733E-2,5.543132126E-2
1.225680933E2,2.550503984E-2,1.405076310E-2,5.863057822E-2
1.225780563E2,5.658861622E-2,2.450695448E-2,6.536197662E-2
1.225880183E2,9.940718859E-2,2.367764525E-2,8.307092637E-2
1.225979813E2,1.436173171E-1,5.081831664E-2,9.937436879E-2
1.226079433E2,1.741520464E-1,5.203644559E-2,9.837834537E-2
1.226179063E2,2.025689632E-1,4.603332281E-2,1.001818255E-1
1.226278683E2,2.281952202E-1,6.379714608E-2,1.093870401E-1
1.226378303E2,2.446160614E-1,6.070006639E-2,1.295679510E-1
1.226477933E2,2.615473866E-1,6.146598607E-2,1.508082598E-1
1.226577553E2,2.705173194E-1,1.049809456E-1,1.534104496E-1
1.226677183E2,2.837497890E-1,9.962400049E-2,1.564986557E-1
1.226776803E2,3.154241443E-1,6.760463864E-2,1.841824949E-1
1.226876433E2,3.488984704E-1,8.726516366E-2,1.952572465E-1
1.226976053E2,3.868895769E-1,7.555966079E-2,1.983639002E-1
1.227075683E2,4.176789224E-1,3.284015879E-2,2.026233524E-1
1.227175303E2,4.847269356E-1,-1.590847038E-2,1.995135844E-1
1.227274933E2,5.493328571E-1,-5.467424169E-2,2.030577213E-1
1.227374553E2,6.443310380E-1,-1.582972705E-2,2.379595041E-1
1.227474173E2,7.048058510E-1,-4.273590818E-2,2.744389474E-1
1.227573803E2,7.209045291E-1,-3.795030341E-2,2.943503559E-1
1.227673423E2,6.858592033E-1,-4.815873131E-2,3.227193952E-1
1.227773053E2,6.232598424E-1,-1.135419533E-1,4.186375737E-1
1.227872673E2,5.085250139E-1,-1.572167128E-1,5.536226034E-1
1.227972303E2,4.320879579E-1,-1.547419578E-1,7.199578285E-1
1.228071923E2,3.673353195E-1,-1.256368160E-1,8.525065184E-1
1.228171553E2,2.995458245E-1,-1.155475825E-1,9.379354715E-1
1.228271173E2,1.966458112E-1,-1.160011217E-1,1.016404748E0
1.228370793E2,8.446919173E-2,-6.080996990E-2,1.115704775E0
1.228470423E2,-7.177553326E-2,-4.716633260E-2,1.212351680E0
1.228570043E2,-2.511744797E-1,7.209140807E-2,1.361311316E0
1.228669673E2,-4.503730536E-1,1.185044423E-1,1.444681644E0
1.228769293E2,-6.719896793E-1,1.064132899E-1,1.488100529E0
1.228868923E2,-8.713555336E-1,1.362907588E-1,1.506488681E0
1.228968543E2,-1.024240971E0,9.121380001E-2,1.550255656E0
1.229068173E2,-1.132732868E0,7.326968759E-2,1.594454050E0
1.229167793E2,-1.097313881E0,1.211380064E-1,1.665774465E0
1.229267413E2,-1.028577924E0,2.241765112E-1,1.718649507E0
1.229367043E2,-9.973613620E-1,2.753987908E-1,1.697253704E0
1.229466663E2,-9.544639587E-1,1.859503984E-1,1.685570359E0
1.229566293E2,-8.418015838E-1,-2.393097244E-2,1.775345206E0
1.229665913E2,-5.351998210E-1,-2.491196245E-1,1.908887029E0
1.229765543E2,-2.223993987E-1,-4.065484703E-1,2.145922661E0
1.229865163E2,1.585710794E-2,-2.009614855E-1,2.344400883E0
1.229964793E2,1.710263044E-1,1.546027511E-1,2.489829302E0
1.230064413E2,2.280927747E-1,3.337903619E-1,2.550428152E0
1.230164033E2,1.960325837E-1,1.901173592E-1,2.547415018E0
1.230263663E2,1.217844486E-1,-1.586004347E-2,2.407513857E0
1.230363282E2,-2.789382264E-2,-1.017364115E-1,2.167541742E0
1.230462912E2,-1.899003088E-1,-1.755057126E-1,1.851204395E0
1.230562532E2,-3.247917295E-1,-2.971459925E-1,1.510725498E0
1.230662162E2,-3.997794390E-1,-3.864297867E-1,1.223842621E0
1.230761782E2,-3.964753151E-1,-3.345805109E-1,1.008544087E0
1.230861412E2,-3.587497771E-1,-1.452968717E-1,8.849610686E-1
1.230961032E2,-2.429271191E-1,1.059705913E-1,7.611322403E-1
1.231060652E2,-1.520368904E-1,2.427137941E-1,5.974146724E-1
1.231160282E2,-1.394369900E-1,2.228997648E-1,3.573272526E-1
1.231259902E2,-1.752136350E-1,1.578105092E-1,1.069147587E-1
1.231359532E2,-2.677599788E-1,1.481248885E-1,-7.297753543E-2
1.231459152E2,-2.784762681E-1,2.317990214E-1,-2.705665231E-1
1.231558782E2,-3.270584047E-1,2.261298597E-1,-5.758838058E-1
1.231658402E2,-4.070698917E-1,2.262760699E-1,-9.429294467E-1
1.231758032E2,-4.865354598E-1,3.010252118E-1,-1.366924286E0
1.231857652E2,-5.512608886E-1,3.521421850E-1,-1.829713464E0
1.231957272E2,-6.358537078E-1,3.383717835E-1,-2.308432579E0
1.232056902E2,-7.634164691E-1,2.896756232E-1,-2.739799500E0
1.232156522E2,-8.756830096E-1,3.897759914E-1,-3.070441484E0
1.232256152E2,-7.992241979E-1,7.752161026E-1,-3.218693495E0
1.232355772E2,-6.736525893E-1,7.601656318E-1,-3.286700487E0
1.232455402E2,-4.512754977E-1,5.217096806E-1,-3.146681309E0
1.232555022E2,-1.572939008E-1,2.703098953E-1,-2.962969542E0
1.232654652E2,1.074821055E-1,-2.469433239E-3,-2.830100298E0
1.232754272E2,2.980406880E-1,-1.814473420E-1,-2.757281065E0
1.232853892E2,3.971345127E-1,-1.845509857E-1,-2.744900465E0
1.232953522E2,4.357542992E-1,-8.541265130E-2,-2.822633982E0
1.233053142E2,5.193024874E-1,-1.709298044E-2,-2.834612608E0
1.233152772E2,7.205849886E-1,-1.725623198E-2,-2.735458851E0
1.233252392E2,9.551120996E-1,-1.789362133E-1,-2.590513706E0
1.233352022E2,1.182015419E0,-2.346047461E-1,-2.406336546E0
1.233451642E2,1.373669267E0,-2.047728151E-1,-2.214491367E0
1.233551272E2,1.350433230E0,1.536538899E-1,-2.010597944E0
1.233650892E2,1.062930584E0,1.000576615E0,-1.940254331E0
1.233750512E2,9.112520218E-1,1.159738660E0,-1.976380944E0
1.233850142E2,7.878749371E-1,7.880047560E-1,-2.001576424E0
1.233949762E2,5.783458352E-1,5.241075754E-1,-2.132719278E0
1.234049392E2,2.789543569E-1,1.987566501E-1,-2.307403326E0
1.234149012E2,-4.983338714E-2,-2.066520751E-1,-2.306290150E0
1.234248642E2,-2.800468802E-1,-3.919971585E-1,-2.120717049E0
1.234348262E2,-3.274565637E-1,-3.019238412E-1,-1.873849988E0
1.234447892E2,-2.278655320E-1,-1.932058781E-1,-1.612345457E0
1.234547512E2,-7.829032093E-2,-3.780742362E-2,-1.298479438E0
1.234647132E2,6.908688694E-2,1.106619462E-1,-8.860881925E-1
1.234746762E2,1.961086392E-1,1.952359229E-1,-4.465903938E-1
1.234846382E2,2.779302597E-1,2.493031472E-1,1.515209442E-3
1.234946012E2,2.551588416E-1,2.912112772E-1,1.552140862E-1
1.235045632E2,1.123950407E-1,2.472089529E-1,5.015648603E-1
1.235145262E2,-1.257456653E-2,1.043084785E-1,1.026854157E0
1.235244882E2,-1.275395006E-1,-6.407734007E-2,1.559888244E0
1.235344512E2,-2.320358455E-1,-8.824335784E-2,2.030653954E0
1.235444132E2,-3.031499684E-1,-9.895539284E-2,2.467458248E0
1.235543752E2,-3.327206373E-1,-1.329956204E-1,2.847562790E0
1.235643382E2,-3.600883484E-1,-7.357517630E-2,3.105019569E0
1.235743002E2,-3.778203428E-1,-1.260690670E-2,3.259455681E0
1.235842632E2,-3.744874001E-1,-5.964472145E-2,3.290236712E0
1.235942252E2,-3.546382785E-1,-7.194009423E-2,3.146064997E0
1.236041882E2,-3.088628054E-1,-9.555543773E-3,2.902373552E0
1.236141502E2,-2.548198402E-1,8.255474269E-2,2.695991278E0
1.236241132E2,-2.185651660E-1,1.778964400E-1,2.533236504E0
1.236340752E2,-2.025081515E-1,2.151268721E-1,2.380185843E0
1.236440372E2,-1.984484345E-1,2.390010506E-1,2.248393059E0
1.236540002E2,-2.395128757E-1,2.362254262E-1,2.121205568E0
1.236639622E2,-2.996987104E-1,1.595088094E-1,1.949740529E0
1.236739252E2,-3.759728968E-1,1.827162504E-2,1.745694757E0
1.236838872E2,-4.167536199E-1,-1.500348300E-1,1.504236341E0
1.236938502E2,-3.795211315E-1,-3.163173497E-1,1.255732059E0
1.237038122E2,-3.491634727E-1,-4.926705658E-1,1.042340517E0
1.237137752E2,-3.980337977E-1,-7.916229963E-1,9.198586345E-1
1.237237372E2,-3.676572442E-1,-1.018244743E0,7.190549374E-1
1.237336992E2,-2.323536575E-1,-7.274729609E-1,3.611340821E-1
1.237436622E2,-2.014199793E-1,2.647383139E-2,-3.272028267E-2
1.237536242E2,-2.740563452E-1,2.758747935E-1,-1.030109450E-1
1.237635872E2,-2.453788668E-1,-2.580623701E-2,-6.157828495E-2
1.237735492E2,-6.966204196E-2,-2.732969522E-1,2.374625951E-2
1.237835122E2,1.990354657E-1,-2.310094237E-1,8.256250061E-3
1.237934742E2,4.951931536E-1,-3.880335391E-2,1.911989297E-3
1.238034372E2,7.652440667E-1,8.195208758E-2,1.040987018E-2
1.238133992E2,9.713517427E-1,3.717698157E-3,1.346869022E-2
1.238233612E2,7.507959008E-1,2.802648842E-1,1.401011087E-2
1.238333242E2,2.265566736E-1,4.000889659E-1,8.358711377E-3
1.238432862E2,-1.745465398E-1,1.012625843E-1,-8.966749534E-3
1.238532492E2,-3.938575685E-1,-3.971395195E-1,1.294856542E-3
1.238632112E2,-4.624840319E-1,-4.700294435E-1,-6.505826605E-4
1.238731742E2,-3.626394868E-1,-1.152135059E-1,-2.790926024E-3
1.238831362E2,-1.457085162E-1,1.341795325E-1,4.421979655E-3
1.238930992E2,1.041838527E-1,4.417670518E-2,-1.402219292E-3
1.239030612E2,2.651607692E-1,-2.222388983E-2,5.908690393E-3
1.239130232E2,2.578584850E-1,9.526633471E-2,2.094744239E-3
1.239229862E2,1.214846671E-1,1.437853873E-1,8.808753337E-4
1.239329482E2,-1.715273410E-2,1.083270274E-2,7.825819193E-4
1.239429112E2,-1.153991446E-1,-1.068473235E-1,-8.589905337E-4
1.239528732E2,-1.404662430E-1,-8.946918696E-2,-1.888232073E-3
1.239628362E2,-8.727253973E-2,-2.394450456E-2,-2.447762061E-3
1.239727982E2,3.112420905E-3,6.326976232E-3,-3.536401782E-4
1.239827612E2,7.207178324E-2,2.158742212E-2,1.270089182E-3
1.239927232E2,7.446283102E-2,3.856175020E-2,2.113699913E-3
1.240026852E2,3.398358449E-2,2.548483014E-2,-1.044010045E-3
1.240126482E2,-1.525609568E-2,-9.897482581E-3,-1.223498839E-3
1.240226102E2,-4.284777492E-2,-2.446097694E-2,-9.233605815E-4
1.240325735E2,-3.970866650E-2,-1.724258810E-2,-6.053231191E-4
1.240425355E2,-1.222963631E-2,-6.166765932E-3,-3.933354747E-4
1.240524985E2,1.653328538E-2,6.940047257E-3,6.651284057E-4
1.240624605E2,2.322607487E-2,1.139205322E-2,1.202820567E-3
1.240724235E2,1.552550588E-2,8.011791855E-3,-5.921582924E-4
1.240823855E2,-4.138742574E-3,-1.496758545E-3,6.749737659E-4
1.240923475E2,-1.878551953E-2,-1.096899807E-2,1.538096112E-4
1.241023105E2,-1.781399734E-2,-8.134596050E-3,-1.094680279E-3
1.241122725E2,-3.924742341E-3,-3.051304957E-3,3.881369485E-4
1.241222355E2,6.200595759E-3,3.100597300E-3,1.833398128E-4
1.241321975E2,9.519822896E-3,5.012491718E-3,1.145915594E-3
1.241421605E2,6.024424452E-3,1.700850902E-3,1.165623078E-3
1.241521225E2,-2.364961663E-3,1.437532483E-4,7.711386424E-4
1.241620855E2,-7.231889293E-3,-1.366259065E-3,8.145481697E-4
1.241720475E2,-7.677305490E-3,-3.527136752E-3,2.659857273E-6
1.241820105E2,-2.917970065E-3,-2.667796798E-5,6.410195492E-4
1.241919725E2,1.538051176E-3,1.646570396E-3,-9.365030564E-7
1.242019345E2,9.950327221E-4,2.995727817E-3,-1.088038902E-3
1.242118975E2,2.017332008E-4,-5.949006882E-4,9.920408484E-4
1.242218595E2,-2.668888075E-3,-2.251386642E-3,1.568736043E-4
1.242318225E2,-4.115022719E-3,-2.273672726E-3,-2.058573300E-4
1.242417845E2,-2.463862998E-3,-1.014530193E-3,2.703158534E-4
1.242517475E2,-5.928738974E-4,6.441437872E-4,9.731383761E-4
1.242617095E2,8.303637151E-5,1.548553351E-3,4.958999343E-4
1.242716715E2,4.492688458E-5,-8.048422169E-4,6.682932144E-4
1.242816345E2,-1.325269463E-3,-2.461110707E-4,-1.116823638E-3
1.242915965E2,-1.908490667E-3,-7.331534289E-5,6.731296889E-5
1.243015595E2,-1.590509200E-3,-1.341778785E-3,-2.842243412E-4
1.243115215E2,-1.977542881E-3,-1.956531778E-3,3.900713054E-4
1.243214845E2,-7.961646188E-4,9.244758403E-4,1.523246407E-3
1.243314465E2,-1.286491286E-3,-7.412256673E-5,6.084422348E-4
1.243414095E2,-1.645485405E-3,9.099154267E-4,-3.700031666E-4
1.243513715E2,-1.614080742E-3,-3.444147296E-4,1.259453013E-3
1.243613345E2,4.799627932E-4,-1.086371485E-3,-1.007163315E-3
1.243712965E2,4.718967248E-4,4.453847650E-4,-1.248462358E-3
1.243812585E2,-9.488870949E-2,3.852432594E-2,-7.429943653E-4
1.243912215E2,-4.711675048E-1,-6.444019824E-2,-6.004374474E-3
1.244011835E2,-5.374200344E-1,-2.082221359E-1,-2.905786503E-3
1.244111465E2,-4.360410273E-1,1.537488680E-2,-1.650545374E-2
1.244211085E2,-1.870578229E-1,1.303944141E-1,-3.046370577E-3
1.244310715E2,1.114307791E-1,-1.200439408E-2,2.610129770E-3
1.244410335E2,4.014666080E-1,-8.301039040E-2,4.645051435E-3