"Time (s)","w","x","y","z","Direct (°)","Yaw (°)","Pitch (°)","Roll (°)"
2.765729162E-2,9.999990655E-1,1.020215488E-3,9.906923042E-4,-2.067607974E-5,1.566631250E-1,1.169059374E-1,1.135273610E-1,-2.253486483E-3
3.761929157E-2,9.999958803E-1,1.984018540E-3,2.110859800E-3,-1.436209954E-5,3.289274704E-1,2.273499897E-1,2.418897027E-1,-1.165871259E-3
4.758129164E-2,9.999922989E-1,2.680885789E-3,2.904368707E-3,-2.136548569E-6,4.497234363E-1,3.072104601E-1,3.328161031E-1,6.474244318E-4
5.754329159E-2,9.999902215E-1,2.971696438E-3,3.285091935E-3,5.613620603E-6,5.067632704E-1,3.405394659E-1,3.764409220E-1,1.761981994E-3
6.750529166E-2,9.999904726E-1,2.905879485E-3,3.285158634E-3,3.159359734E-6,5.002124964E-1,3.329963394E-1,3.764495193E-1,1.455986479E-3
7.746729162E-2,9.999912714E-1,2.716456147E-3,3.195627208E-3,4.075291733E-6,4.787842233E-1,3.112896093E-1,3.661899319E-1,1.461764060E-3
8.742929169E-2,9.999922883E-1,2.536059533E-3,3.005596373E-3,-7.496478113E-6,4.500308711E-1,2.906126893E-1,3.444175709E-1,1.443318583E-5
9.739129164E-2,9.999934817E-1,2.346259076E-3,2.781071853E-3,-1.252254932E-5,4.137485008E-1,2.688608877E-1,3.186902922E-1,-6.872566178E-4
1.073532916E-1,9.999944003E-1,2.179499185E-3,2.525391840E-3,-2.139169813E-5,3.834868340E-1,2.497485970E-1,2.893935407E-1,-1.820595343E-3
1.173152917E-1,9.999953877E-1,2.006795815E-3,2.292853171E-3,-1.910332984E-5,3.480372088E-1,2.299588166E-1,2.627457216E-1,-1.661818943E-3
1.272782916E-1,9.999961387E-1,1.853163520E-3,2.100160636E-3,-1.238406995E-5,3.184452934E-1,2.123554560E-1,2.406630898E-1,-9.731293919E-4
1.372402916E-1,9.999966769E-1,1.713258412E-3,1.933467809E-3,-5.681446669E-6,2.954204189E-1,1.963248933E-1,2.215600219E-1,-2.714577216E-4
1.472022916E-1,9.999970382E-1,1.622948766E-3,1.831731585E-3,2.328675828E-6,2.788969945E-1,1.859777419E-1,2.099003928E-1,6.075084133E-4
1.571642916E-1,9.999970820E-1,1.614450621E-3,1.833441591E-3,1.230306116E-5,2.768284749E-1,1.850060238E-1,2.100945120E-1,1.749025724E-3
1.671262917E-1,9.999967900E-1,1.656587791E-3,1.919606098E-3,1.919218247E-5,2.903482585E-1,1.898363363E-1,2.199668464E-1,2.563674647E-3
1.770882916E-1,9.999964856E-1,1.712776030E-3,2.048477916E-3,2.462658035E-5,3.038026475E-1,1.962767976E-1,2.347332762E-1,3.224069473E-3
1.870502916E-1,9.999961211E-1,1.787028252E-3,2.164852069E-3,3.098908790E-5,3.191682281E-1,2.047876022E-1,2.480672405E-1,3.994426405E-3
1.970122916E-1,9.999958204E-1,1.844243702E-3,2.262129737E-3,3.613706721E-5,3.313106757E-1,2.113458874E-1,2.592131371E-1,4.619099486E-3
2.069742916E-1,9.999956159E-1,1.864876245E-3,2.336261363E-3,4.133342719E-5,3.393191942E-1,2.137120334E-1,2.677067993E-1,5.235755150E-3
2.169362917E-1,9.999954901E-1,1.871100813E-3,2.374937153E-3,4.573730358E-5,3.441514583E-1,2.144267588E-1,2.721377402E-1,5.750366037E-3
2.268982916E-1,9.999955167E-1,1.873753548E-3,2.375229279E-3,5.190769003E-5,3.431362779E-1,2.147324314E-1,2.721698841E-1,6.458229876E-3
2.368602917E-1,9.999954650E-1,1.876602024E-3,2.386618289E-3,5.662555404E-5,3.451101516E-1,2.150602174E-1,2.734739318E-1,7.002085833E-3
2.468222916E-1,9.999951478E-1,1.936704066E-3,2.480082646E-3,6.325095967E-5,3.569754149E-1,2.219501223E-1,2.841822859E-1,7.798491446E-3
2.567852916E-1,9.999944467E-1,2.060790198E-3,2.646405204E-3,6.654682141E-5,3.818960077E-1,2.361720073E-1,3.032397148E-1,8.250723619E-3
2.667472917E-1,9.999934808E-1,2.212169641E-3,2.846207844E-3,6.734714800E-5,4.137755570E-1,2.535212151E-1,3.261339568E-1,8.439003329E-3
2.767092916E-1,9.999926425E-1,2.345187749E-3,3.018439267E-3,7.003634041E-5,4.395761140E-1,2.687668504E-1,3.458683957E-1,8.836846935E-3
2.866712916E-1,9.999921130E-1,2.417565304E-3,3.156879090E-3,7.084453541E-5,4.551176768E-1,2.770626218E-1,3.617316203E-1,8.992859343E-3
2.966332916E-1,9.999917272E-1,2.436649740E-3,3.255162029E-3,7.076712411E-5,4.661149823E-1,2.792506026E-1,3.729938809E-1,9.018343818E-3
3.065952916E-1,9.999914029E-1,2.461301168E-3,3.327660837E-3,6.804665601E-5,4.751645565E-1,2.820752468E-1,3.813021873E-1,8.736246752E-3
3.165572917E-1,9.999911670E-1,2.508182186E-3,3.396283762E-3,6.195045815E-5,4.816405327E-1,2.874459148E-1,3.891672002E-1,8.075271193E-3
3.265192916E-1,9.999907398E-1,2.545702424E-3,3.481705342E-3,4.758317289E-5,4.931493744E-1,2.917406258E-1,3.989596918E-1,6.468405487E-3
3.364812917E-1,9.999902490E-1,2.602877723E-3,3.586938933E-3,3.335372646E-5,5.060482370E-1,2.982876399E-1,4.110224934E-1,4.892012570E-3
3.464432916E-1,9.999890132E-1,2.760655552E-3,3.814668243E-3,1.231952812E-5,5.371599028E-1,3.163605476E-1,4.371243217E-1,2.618536628E-3
3.564052916E-1,9.999873155E-1,3.000401401E-3,4.053856783E-3,-8.472532118E-6,5.771704276E-1,3.438257415E-1,4.645398789E-1,4.229453244E-4
3.663672917E-1,9.999857256E-1,3.214933941E-3,4.275412432E-3,-2.235802685E-5,6.122749928E-1,3.684040869E-1,4.899333900E-1,-9.869603720E-4
3.763302916E-1,9.999849475E-1,3.329108207E-3,4.367205862E-3,-3.341350432E-5,6.287426813E-1,3.814826063E-1,5.004565058E-1,-2.162895107E-3
3.862922916E-1,9.999851414E-1,3.316523626E-3,4.337351443E-3,-4.156625030E-5,6.246788069E-1,3.800363927E-1,4.970385100E-1,-3.114796467E-3
3.962542916E-1,9.999861479E-1,3.213047487E-3,4.182318905E-3,-4.839727674E-5,6.031497637E-1,3.681752403E-1,4.792752135E-1,-4.006102594E-3
4.062162916E-1,9.999875280E-1,3.054569962E-3,3.960852712E-3,-4.975441934E-5,5.723169995E-1,3.500141459E-1,4.538967895E-1,-4.315091687E-3
4.161782917E-1,9.999885847E-1,2.929621892E-3,3.783452051E-3,-5.405886813E-5,5.475335876E-1,3.356942023E-1,4.335690059E-1,-4.924617806E-3
4.261402916E-1,9.999891328E-1,2.874540567E-3,3.669322058E-3,-5.936055998E-5,5.342290052E-1,3.293802304E-1,4.204920937E-1,-5.593628178E-3
4.361022916E-1,9.999891864E-1,2.887745876E-3,3.649122697E-3,-7.005786572E-5,5.329084868E-1,3.308890808E-1,4.181810328E-1,-6.820598982E-3
4.460642916E-1,9.999887862E-1,2.967870776E-3,3.706469801E-3,-7.513123490E-5,5.426798047E-1,3.400685563E-1,4.247548324E-1,-7.348966547E-3
4.560262916E-1,9.999881201E-1,3.071175602E-3,3.811158387E-3,-7.690630323E-5,5.585649912E-1,3.519054688E-1,4.367526884E-1,-7.471661566E-3
4.659882917E-1,9.999872735E-1,3.161477757E-3,3.958338303E-3,-7.685756095E-5,5.781254185E-1,3.622529590E-1,4.536189674E-1,-7.373325235E-3
4.759502916E-1,9.999863802E-1,3.242554600E-3,4.103318830E-3,-6.830409532E-5,5.980720265E-1,3.715473259E-1,4.702299563E-1,-6.302510773E-3
4.859122917E-1,9.999855057E-1,3.333413063E-3,4.251499984E-3,-6.470291208E-5,6.169738793E-1,3.819605792E-1,4.872095368E-1,-5.790517247E-3
4.958742916E-1,9.999841945E-1,3.461041133E-3,4.443302464E-3,-6.254078226E-5,6.442766114E-1,3.965868147E-1,5.091884156E-1,-5.404505040E-3
5.058372916E-1,9.999826169E-1,3.628385094E-3,4.655547397E-3,-6.493672028E-5,6.756652766E-1,4.157621069E-1,5.335118699E-1,-5.505615126E-3
5.157992917E-1,9.999807771E-1,3.813013105E-3,4.896974657E-3,-7.103854114E-5,7.105219876E-1,4.369160447E-1,5.611811855E-1,-6.000868763E-3
5.257612916E-1,9.999788296E-1,3.999339165E-3,5.134517726E-3,-7.273524205E-5,7.456455649E-1,4.582670634E-1,5.884036114E-1,-5.981883030E-3
5.357232916E-1,9.999770333E-1,4.162584057E-3,5.358014670E-3,-7.362265220E-5,7.766365311E-1,4.769737362E-1,6.140160237E-1,-5.880921537E-3
5.456852916E-1,9.999751579E-1,4.310459497E-3,5.577377364E-3,-7.344509636E-5,8.077236815E-1,4.939199119E-1,6.391540241E-1,-5.661428826E-3
5.556472916E-1,9.999733866E-1,4.460225004E-3,5.778756131E-3,-7.785675028E-5,8.360238719E-1,5.110798926E-1,6.622335885E-1,-5.968341458E-3
5.656092917E-1,9.999716913E-1,4.605098498E-3,5.964175732E-3,-7.793033674E-5,8.622408034E-1,5.276822203E-1,6.834821822E-1,-5.782989612E-3
5.755712916E-1,9.999701818E-1,4.722159053E-3,6.124101091E-3,-7.431761782E-5,8.849314382E-1,5.410999127E-1,7.018071298E-1,-5.202437090E-3
5.855332917E-1,9.999687636E-1,4.822223116E-3,6.260371359E-3,-6.812019829E-5,9.057313952E-1,5.525718173E-1,7.174196943E-1,-4.346702664E-3
5.954952916E-1,9.999672553E-1,4.940419979E-3,6.408752806E-3,-6.849815908E-5,9.273405841E-1,5.661173031E-1,7.344238183E-1,-4.221210629E-3
6.054572916E-1,9.999649678E-1,5.124918135E-3,6.625981232E-3,-6.757122798E-5,9.591860207E-1,5.872623314E-1,7.593168293E-1,-3.851903727E-3
6.154192917E-1,9.999616488E-1,5.398315826E-3,6.907438145E-3,-6.990589753E-5,1.003594790E0,6.185934203E-1,7.915721744E-1,-3.737724181E-3
6.253822916E-1,9.999580372E-1,5.696776166E-3,7.185766831E-3,-7.763356702E-5,1.049786865E0,6.527926851E-1,8.234726996E-1,-4.205326219E-3
6.353442916E-1,9.999554128E-1,5.911349787E-3,7.366701900E-3,-8.512948919E-5,1.082117463E0,6.773780276E-1,8.442124286E-1,-4.765067169E-3
6.453062916E-1,9.999548002E-1,5.976191420E-3,7.403810177E-3,-8.937191928E-5,1.089526013E0,6.848057015E-1,8.484680168E-1,-5.171086280E-3
6.552682916E-1,9.999558396E-1,5.916512530E-3,7.311834138E-3,-9.135720673E-5,1.076925377E0,6.779642279E-1,8.379292799E-1,-5.511597031E-3
6.652302917E-1,9.999576436E-1,5.798945845E-3,7.157957926E-3,-9.598008812E-5,1.054699712E0,6.644863660E-1,8.202986185E-1,-6.242145440E-3
6.751922916E-1,9.999592444E-1,5.688076350E-3,7.008958924E-3,-9.556518452E-5,1.034577210E0,6.517803192E-1,8.032233958E-1,-6.382666129E-3
6.851542917E-1,9.999598421E-1,5.627678551E-3,6.966448282E-3,-9.469339948E-5,1.026962572E0,6.448591806E-1,7.983510113E-1,-6.358691569E-3
6.951162916E-1,9.999593982E-1,5.661432963E-3,7.005406704E-3,-1.018145682E-4,1.032623408E0,6.487218967E-1,8.028202044E-1,-7.122540973E-3
7.050782916E-1,9.999584542E-1,5.729179543E-3,7.090144850E-3,-1.076637426E-4,1.044558340E0,6.564812411E-1,8.125349152E-1,-7.682825305E-3
7.150402917E-1,9.999576359E-1,5.782816644E-3,7.168901881E-3,-1.161326316E-4,1.054795753E0,6.626213871E-1,8.215659509E-1,-8.557576628E-3
7.250022916E-1,9.999572241E-1,5.812495278E-3,7.206055198E-3,-1.221716089E-4,1.059909088E0,6.660176983E-1,8.258277448E-1,-9.200505990E-3
7.349642917E-1,9.999568669E-1,5.827866904E-3,7.235134847E-3,-1.229188156E-4,1.064326020E0,6.677786795E-1,8.291606501E-1,-9.254020954E-3
7.449262916E-1,9.999561699E-1,5.870721140E-3,7.299139504E-3,-1.260377639E-4,1.072890037E0,6.726873240E-1,8.364976211E-1,-9.532859567E-3
7.548892916E-1,9.999548604E-1,5.953772668E-3,7.409494676E-3,-1.291282439E-4,1.088800215E0,6.822026940E-1,8.491464027E-1,-9.742265550E-3
7.648512917E-1,9.999533409E-1,6.048515485E-3,7.537121964E-3,-1.292660533E-4,1.106974334E0,6.930604892E-1,8.637725715E-1,-9.589151437E-3
7.748132916E-1,9.999521020E-1,6.123111297E-3,7.632466493E-3,-1.282051228E-4,1.121573798E0,7.016104214E-1,8.746982744E-1,-9.336236655E-3
7.847752916E-1,9.999514213E-1,6.161436383E-3,7.690233630E-3,-1.292994215E-4,1.129515535E0,7.060017419E-1,8.813190968E-1,-9.387334383E-3
7.947372916E-1,9.999509324E-1,6.185386260E-3,7.733407983E-3,-1.330872098E-4,1.135185372E0,7.087431971E-1,8.862694682E-1,-9.769705491E-3
8.046992916E-1,9.999506354E-1,6.202824054E-3,7.756460107E-3,-1.333506256E-4,1.138616267E0,7.107414262E-1,8.889114235E-1,-9.768053152E-3
8.146612917E-1,9.999506009E-1,6.195446931E-3,7.771625933E-3,-1.370357210E-4,1.139014202E0,7.098927414E-1,8.906518960E-1,-1.018615777E-2
8.246232916E-1,9.999509050E-1,6.171938837E-3,7.755375902E-3,-1.434528725E-4,1.135502362E0,7.071929239E-1,8.887940873E-1,-1.095399341E-2
8.345852917E-1,9.999512463E-1,6.146576082E-3,7.727023249E-3,-1.521075023E-4,1.131548219E0,7.042785633E-1,8.855508644E-1,-1.198832212E-2
8.445472916E-1,9.999510761E-1,6.157641079E-3,7.746369841E-3,-1.556399657E-4,1.133521955E0,7.055435335E-1,8.877705126E-1,-1.236969407E-2
8.545092916E-1,9.999501524E-1,6.228391149E-3,7.812761859E-3,-1.542533510E-4,1.144172367E0,7.136529656E-1,8.953784716E-1,-1.210059587E-2
8.644712917E-1,9.999488717E-1,6.320832230E-3,7.902616187E-3,-1.517167136E-4,1.158777659E0,7.242493596E-1,9.056744144E-1,-1.166204715E-2
8.744342916E-1,9.999476271E-1,6.400902989E-3,7.997524380E-3,-1.557628894E-4,1.172797482E0,7.334221550E-1,9.165541310E-1,-1.198361111E-2
8.843962916E-1,9.999463002E-1,6.478884265E-3,8.098752697E-3,-1.539258686E-4,1.187561030E0,7.423609001E-1,9.281537337E-1,-1.162646351E-2
8.943582916E-1,9.999449534E-1,6.555938421E-3,8.189085984E-3,-1.538232891E-4,1.202361203E0,7.511917923E-1,9.385060017E-1,-1.147532624E-2
9.043202916E-1,9.999442494E-1,6.613576764E-3,8.239019557E-3,-1.508759801E-4,1.210025150E0,7.578003677E-1,9.442265426E-1,-1.104562590E-2
9.142822917E-1,9.999441426E-1,6.616670808E-3,8.248726089E-3,-1.525649671E-4,1.211183215E0,7.581533758E-1,9.453401518E-1,-1.122890459E-2
9.242442916E-1,9.999442079E-1,6.598791876E-3,8.258042510E-3,-1.499650169E-4,1.210475146E0,7.561068373E-1,9.464056038E-1,-1.094080917E-2
9.342062917E-1,9.999439614E-1,6.597043593E-3,8.285593660E-3,-1.469968577E-4,1.213146232E0,7.559093128E-1,9.495604808E-1,-1.058148531E-2
9.441682916E-1,9.999434767E-1,6.622416378E-3,8.318700077E-3,-1.446893903E-4,1.218381409E0,7.588194188E-1,9.533527212E-1,-1.026783002E-2
9.541302916E-1,9.999432107E-1,6.643268319E-3,8.328686005E-3,-1.465839440E-4,1.221245809E0,7.612073580E-1,9.544986525E-1,-1.045746379E-2
9.640922917E-1,9.999432804E-1,6.637248875E-3,8.326872325E-3,-1.489558241E-4,1.220495560E0,7.605152373E-1,9.542925727E-1,-1.073640943E-2
9.740542916E-1,9.999436601E-1,6.613130316E-3,8.310160772E-3,-1.519885697E-4,1.216404127E0,7.577482482E-1,9.523796618E-1,-1.111964819E-2
9.840162917E-1,9.999439923E-1,6.594247365E-3,8.287358296E-3,-1.465792063E-4,1.212812052E0,7.555892692E-1,9.497623762E-1,-1.053494487E-2
9.939782916E-1,9.999442454E-1,6.581365657E-3,8.265111704E-3,-1.391795472E-4,1.210069036E0,7.541199037E-1,9.472073399E-1,-9.715949174E-3
1.003941292E0,9.999447360E-1,6.552578917E-3,8.227601639E-3,-1.358990307E-4,1.204732943E0,7.508237654E-1,9.429061978E-1,-9.395432293E-3
1.013903292E0,9.999455634E-1,6.493543072E-3,8.177298121E-3,-1.325207833E-4,1.195680381E0,7.440609746E-1,9.371387239E-1,-9.101383679E-3
1.023865292E0,9.999465829E-1,6.418183220E-3,8.108860209E-3,-1.232330848E-4,1.184430666E0,7.354327469E-1,9.292886746E-1,-8.157969661E-3
1.033827292E0,9.999476715E-1,6.347945743E-3,8.031725607E-3,-1.167101129E-4,1.172299772E0,7.273889138E-1,9.204442853E-1,-7.531819978E-3
1.043789292E0,9.999485270E-1,6.289072983E-3,7.958248103E-3,-1.115589181E-4,1.162677284E0,7.206461397E-1,9.120200276E-1,-7.048637417E-3
1.053751292E0,9.999491680E-1,6.248225838E-3,7.909198287E-3,-1.088674240E-4,1.155415451E0,7.159670927E-1,9.063970456E-1,-6.812568112E-3
1.063713292E0,9.999499561E-1,6.216677414E-3,7.847301373E-3,-1.048691565E-4,1.146422776E0,7.123548997E-1,8.993011283E-1,-6.427059628E-3
1.073675292E0,9.999501453E-1,6.194612803E-3,7.833407111E-3,-1.018036271E-4,1.144254081E0,7.098288457E-1,8.977065753E-1,-6.105457446E-3
1.083637292E0,9.999499749E-1,6.221984874E-3,7.839498409E-3,-9.714035936E-5,1.146208282E0,7.129700573E-1,8.984014786E-1,-5.542129635E-3
1.093599292E0,9.999495680E-1,6.272300324E-3,7.852316263E-3,-9.768190684E-5,1.150860667E0,7.187360203E-1,8.998709871E-1,-5.549768654E-3
1.103561292E0,9.999495519E-1,6.284689829E-3,7.846640035E-3,-9.011671889E-5,1.151043784E0,7.201626947E-1,8.992151673E-1,-4.675736558E-3
1.113523292E0,9.999497342E-1,6.258907917E-3,7.843970372E-3,-8.365978738E-5,1.148961868E0,7.172137603E-1,8.989044902E-1,-3.960874171E-3
1.123486292E0,9.999497662E-1,6.245193851E-3,7.850261368E-3,-7.419941125E-5,1.148596203E0,7.156506214E-1,8.996185640E-1,-2.884542583E-3
1.133448292E0,9.999490068E-1,6.274623243E-3,7.911561952E-3,-6.383372493E-5,1.157245709E0,7.190332122E-1,9.066357210E-1,-1.626074373E-3
1.143410292E0,9.999475084E-1,6.354647695E-3,8.034347876E-3,-5.290406567E-5,1.174124888E0,7.282156764E-1,9.206982689E-1,-2.115448165E-4
1.153372292E0,9.999451731E-1,6.491923164E-3,8.216096570E-3,-4.187146539E-5,1.199959079E0,7.439607334E-1,9.415172172E-1,1.314439277E-3
1.163334292E0,9.999417535E-1,6.692715071E-3,8.468718351E-3,-3.193686317E-5,1.236814424E0,7.669859095E-1,9.704580082E-1,2.835827760E-3
1.173296292E0,9.999370448E-1,6.965161527E-3,8.807027599E-3,-2.468194977E-5,1.285835978E0,7.982232035E-1,1.009219374E0,4.201804558E-3
1.183258292E0,9.999308336E-1,7.294895510E-3,9.222129947E-3,-1.870901545E-5,1.347775803E0,8.360277218E-1,1.056780711E0,5.566286721E-3
1.193220292E0,9.999243439E-1,7.634984978E-3,9.654448497E-3,-1.486818456E-5,1.409588785E0,8.750193106E-1,1.106316357E0,6.744341319E-3
1.203182292E0,9.999186127E-1,7.907610591E-3,1.001911888E-2,-1.509431977E-5,1.462005269E0,9.062740711E-1,1.148103520E0,7.350713618E-3
1.213144292E0,9.999149698E-1,8.071783858E-3,1.025110590E-2,-1.286641093E-5,1.494367279E0,9.250991383E-1,1.174684516E0,8.009271994E-3
1.223106292E0,9.999142241E-1,8.111754358E-3,1.029262193E-2,-1.298103756E-5,1.500905533E0,9.296812899E-1,1.179441787E0,8.081711686E-3
1.233068292E0,9.999162922E-1,8.006892287E-3,1.016537681E-2,-1.452287643E-5,1.482701240E0,9.176574172E-1,1.164862439E0,7.664483842E-3
1.243031292E0,9.999208299E-1,7.778640016E-3,9.890236387E-3,-1.516138779E-5,1.441952927E0,8.914890963E-1,1.133335299E0,7.079980792E-3
1.252993292E0,9.999268266E-1,7.479338981E-3,9.503566592E-3,-1.754933959E-5,1.386266810E0,8.571740886E-1,1.089029437E0,6.135462634E-3
1.262955292E0,9.999340492E-1,7.132644396E-3,8.999030341E-3,-1.705228941E-5,1.316073154E0,8.174294699E-1,1.031214518E0,5.402230433E-3
1.272917292E0,9.999432625E-1,6.660646677E-3,8.321589132E-3,-1.411698644E-5,1.220688809E0,7.633254136E-1,9.535845656E-1,4.734545263E-3
1.282879292E0,9.999535791E-1,6.045142512E-3,7.515311018E-3,-1.255579843E-5,1.104144769E0,6.927744679E-1,8.611923530E-1,3.767727442E-3
1.292841292E0,9.999623529E-1,5.452199628E-3,6.745788180E-3,-1.477138629E-5,9.943391390E-1,6.248103629E-1,7.730139626E-1,2.522224021E-3
1.302803292E0,9.999682259E-1,5.060662340E-3,6.154251927E-3,-1.898613193E-5,9.134935236E-1,5.799312029E-1,7.052317325E-1,1.393431457E-3
1.312765292E0,9.999710779E-1,4.898092034E-3,5.832993441E-3,-2.474847168E-5,8.715322537E-1,5.612943995E-1,6.684215330E-1,4.380884529E-4
1.322727292E0,9.999723558E-1,4.841127307E-3,5.658688885E-3,-3.125894911E-5,8.520601836E-1,5.547609167E-1,6.484512399E-1,-4.427702277E-4
1.332689292E0,9.999718333E-1,4.847944219E-3,5.735123266E-3,-3.761082064E-5,8.600760227E-1,5.555383714E-1,6.572135112E-1,-1.123782086E-3
1.342651292E0,9.999697196E-1,5.034607684E-3,5.948730758E-3,-3.994168153E-5,8.917633201E-1,5.769294292E-1,6.816928166E-1,-1.144959173E-3
1.352613292E0,9.999659951E-1,5.326724166E-3,6.304005262E-3,-3.994192875E-5,9.450165875E-1,6.104080804E-1,7.224047469E-1,-7.289603359E-4
1.362576292E0,9.999620969E-1,5.592773740E-3,6.685652502E-3,-4.049315438E-5,9.977151165E-1,6.409000078E-1,7.661390873E-1,-3.552974317E-4
1.372538292E0,9.999589297E-1,5.783231860E-3,6.987676590E-3,-4.331706322E-5,1.038563482E0,6.627271496E-1,8.007506418E-1,-3.327984002E-4
1.382500292E0,9.999576483E-1,5.873953078E-3,7.092624281E-3,-4.414130689E-5,1.054641116E0,6.731242663E-1,8.127774234E-1,-2.839515252E-4
1.392462292E0,9.999577453E-1,5.845775531E-3,7.112237043E-3,-4.702192371E-5,1.053432760E0,6.698929385E-1,8.150268783E-1,-6.238302952E-4
1.402424292E0,9.999585964E-1,5.772267926E-3,7.049582248E-3,-4.518980933E-5,1.042769020E0,6.614697294E-1,8.078458306E-1,-5.152389117E-4
1.412386292E0,9.999599723E-1,5.671864979E-3,6.924726744E-3,-4.737720314E-5,1.025296426E0,6.499605152E-1,7.935396326E-1,-9.281880158E-4
1.422348292E0,9.999626309E-1,5.502229783E-3,6.680227793E-3,-4.339804901E-5,9.906617130E-1,6.305213083E-1,7.655192498E-1,-7.609878386E-4
1.432310292E0,9.999671780E-1,5.183521357E-3,6.246127697E-3,-4.199007301E-5,9.284348872E-1,5.939952329E-1,7.157735775E-1,-1.101512344E-3
1.442272292E0,9.999734869E-1,4.657938397E-3,5.612765773E-3,-4.781062945E-5,8.344473247E-1,5.337568722E-1,6.431975566E-1,-2.482833522E-3
1.452234292E0,9.999802242E-1,4.008353956E-3,4.864320688E-3,-5.860341550E-5,7.206680130E-1,4.593084363E-1,5.574347799E-1,-4.481239087E-3
1.462196292E0,9.999857536E-1,3.356940494E-3,4.166208823E-3,-6.743173938E-5,6.116757958E-1,3.846556156E-1,4.774370275E-1,-6.124565806E-3
1.472158292E0,9.999895319E-1,2.781632118E-3,3.656359703E-3,-7.641579900E-5,5.243278980E-1,3.187263738E-1,4.190116653E-1,-7.591246531E-3
1.482120292E0,9.999915201E-1,2.349854644E-3,3.398668305E-3,-8.229145729E-5,4.719157843E-1,2.692463863E-1,3.894805556E-1,-8.514851847E-3
1.492083292E0,9.999923426E-1,2.090726748E-3,3.333033387E-3,-8.946747791E-5,4.484436267E-1,2.395496528E-1,3.819588312E-1,-9.453822453E-3
1.502045292E0,9.999938439E-1,1.780722937E-3,3.027825196E-3,-7.630106832E-5,4.020865411E-1,2.040322603E-1,3.469787643E-1,-8.125708232E-3
1.512007292E0,9.999977490E-1,9.924234515E-4,1.919096821E-3,-4.719804218E-5,2.431373806E-1,1.137136274E-1,2.199177091E-1,-5.190277181E-3
1.521969292E0,9.999996929E-1,-6.519645383E-4,-5.062595225E-4,-2.697461287E-6,8.981285691E-2,-7.470951291E-2,-5.801326157E-2,-2.712838754E-4
1.531931292E0,9.999846377E-1,-3.184324027E-3,-4.548846421E-3,8.121102110E-5,6.351788993E-1,-3.649509500E-1,-5.212289511E-1,1.096626724E-2
1.541893292E0,9.999315837E-1,-6.599878843E-3,-9.654647385E-3,2.770083799E-4,1.340447992E0,-7.567081325E-1,-1.106124613E0,3.904964733E-2
1.551855292E0,9.998518606E-1,-1.036408707E-2,-1.373407155E-2,4.038600529E-4,1.972460247E0,-1.188629872E0,-1.573293593E0,6.260680134E-2
1.561817292E0,9.997980289E-1,-1.309615478E-2,-1.524195263E-2,3.367890695E-4,2.303136058E0,-1.501863123E0,-1.746011154E0,6.148768180E-2
1.571779292E0,9.998041491E-1,-1.419090280E-2,-1.379248952E-2,4.205139943E-4,2.267970981E0,-1.627341005E0,-1.579709645E0,7.063354220E-2
1.581741292E0,9.998313310E-1,-1.377481809E-2,-1.212534171E-2,7.896797307E-4,2.104705940E0,-1.579972709E0,-1.388116749E0,1.096471966E-1
1.591703292E0,9.998565228E-1,-1.203721615E-2,-1.183696216E-2,1.415228777E-3,1.941172986E0,-1.381604940E0,-1.354395352E0,1.785276416E-1
1.601666292E0,9.998816963E-1,-1.038564015E-2,-1.123146383E-2,1.597215362E-3,1.762670477E0,-1.192407532E0,-1.285085577E0,1.964221744E-1
1.611628292E0,9.999031856E-1,-9.870748159E-3,-9.693231330E-3,1.528704784E-3,1.594560589E0,-1.132978985E0,-1.108995072E0,1.861589594E-1
1.621590292E0,9.999139217E-1,-9.850914471E-3,-8.547528599E-3,1.429502866E-3,1.503548855E0,-1.130372567E0,-9.778241140E-1,1.734691088E-1
1.631552292E0,9.999150205E-1,-9.810987265E-3,-8.465361479E-3,1.413046323E-3,1.493921768E0,-1.125764755E0,-9.684340195E-1,1.714514034E-1
1.641514292E0,9.999075794E-1,-9.959494272E-3,-9.147183467E-3,1.447301688E-3,1.557956813E0,-1.142951977E0,-1.046499557E0,1.763023565E-1
1.651476292E0,9.998917415E-1,-1.056565833E-2,-1.013840485E-2,1.464862967E-3,1.686174555E0,-1.212645041E0,-1.159955520E0,1.801548978E-1
1.661438292E0,9.998681581E-1,-1.146099936E-2,-1.140613292E-2,1.477246272E-3,1.860797609E0,-1.315548264E0,-1.305046954E0,1.842858151E-1
1.671400292E0,9.998441512E-1,-1.235559585E-2,-1.252517939E-2,1.476215939E-3,2.023135539E0,-1.418333575E0,-1.433115479E0,1.869280621E-1
1.681362292E0,9.998321423E-1,-1.291176082E-2,-1.292130711E-2,1.447078819E-3,2.099637692E0,-1.482131729E0,-1.478447179E0,1.849751745E-1
1.691324292E0,9.998349309E-1,-1.290343926E-2,-1.272018617E-2,1.427739002E-3,2.082123447E0,-1.481104976E0,-1.455430783E0,1.824473882E-1
1.701286292E0,9.998455652E-1,-1.248381848E-2,-1.229449474E-2,1.430678919E-3,2.013936839E0,-1.432916081E0,-1.406722425E0,1.815612018E-1
1.711248292E0,9.998562427E-1,-1.205613800E-2,-1.183478918E-2,1.431288266E-3,1.943066882E0,-1.383795046E0,-1.354120670E0,1.803907866E-1
1.721210292E0,9.998624062E-1,-1.186404140E-2,-1.150829199E-2,1.425195783E-3,1.900955698E0,-1.361699149E0,-1.316749993E0,1.789862323E-1
1.731173292E0,9.998618010E-1,-1.189567746E-2,-1.152723471E-2,1.424157903E-3,1.905131891E0,-1.365327946E0,-1.318916391E0,1.789349012E-1
1.741135292E0,9.998554039E-1,-1.210653055E-2,-1.185983138E-2,1.424463178E-3,1.948727500E0,-1.389567393E0,-1.356990749E0,1.797117666E-1
1.751097292E0,9.998466090E-1,-1.243203357E-2,-1.225319951E-2,1.422054343E-3,2.007118770E0,-1.426958966E0,-1.402011898E0,1.804407277E-1
1.761059292E0,9.998405330E-1,-1.269460434E-2,-1.248313402E-2,1.416071630E-3,2.046486242E0,-1.457097905E0,-1.428321660E0,1.804594942E-1
1.771021292E0,9.998391697E-1,-1.276116130E-2,-1.252546472E-2,1.413967514E-3,2.055215608E0,-1.464733354E0,-1.433163456E0,1.803756602E-1
1.780983292E0,9.998417474E-1,-1.265564823E-2,-1.242682178E-2,1.419746877E-3,2.038678674E0,-1.452625534E0,-1.421870506E0,1.807429693E-1
1.790945292E0,9.998457415E-1,-1.244492272E-2,-1.231404606E-2,1.434288868E-3,2.012786781E0,-1.428466840E0,-1.408964649E0,1.819482138E-1
1.800907292E0,9.998506566E-1,-1.229238708E-2,-1.206320943E-2,1.448358104E-3,1.980459658E0,-1.410947490E0,-1.380228858E0,1.829905130E-1
1.810869292E0,9.998563501E-1,-1.219652204E-2,-1.167714645E-2,1.477284824E-3,1.942341093E0,-1.399914248E0,-1.335966572E0,1.856310337E-1
1.820831292E0,9.998614903E-1,-1.204675145E-2,-1.138271573E-2,1.516181256E-3,1.907272772E0,-1.382733765E0,-1.302201559E0,1.894801285E-1
1.830793292E0,9.998659890E-1,-1.191934845E-2,-1.109453902E-2,1.681926820E-3,1.876042967E0,-1.368277576E0,-1.268976620E0,2.079137863E-1
1.840755292E0,9.998688376E-1,-1.183825935E-2,-1.086319736E-2,2.074732740E-3,1.855996299E0,-1.359416218E0,-1.241950191E0,2.525124416E-1
1.850718292E0,9.998663399E-1,-1.182674109E-2,-1.100537055E-2,2.551932919E-3,1.873584511E0,-1.358736461E0,-1.257596490E0,3.073813699E-1
1.860680292E0,9.998557989E-1,-1.202493041E-2,-1.164021568E-2,2.894933482E-3,1.946064299E0,-1.382124536E0,-1.329808415E0,3.478226184E-1
1.870642292E0,9.998379222E-1,-1.253335637E-2,-1.259034348E-2,2.927334742E-3,2.063171037E0,-1.440813324E0,-1.438460070E0,3.535896191E-1
1.880604292E0,9.998171512E-1,-1.319977677E-2,-1.352675160E-2,2.921128628E-3,2.191393338E0,-1.517563774E0,-1.545537104E0,3.552673322E-1
1.890566292E0,9.997996957E-1,-1.372427867E-2,-1.427688760E-2,2.914553253E-3,2.293612106E0,-1.577978660E0,-1.631319825E0,3.565161658E-1
1.900528292E0,9.997926201E-1,-1.394393262E-2,-1.455874928E-2,2.898364611E-3,2.333771975E0,-1.603245841E0,-1.663566356E0,3.554741458E-1
1.910490542E0,9.997973848E-1,-1.382991189E-2,-1.434231174E-2,2.884233531E-3,2.306805395E0,-1.590064727E0,-1.638827408E0,3.533181779E-1
1.920452542E0,9.998091840E-1,-1.354331828E-2,-1.378355962E-2,2.882774413E-3,2.238627732E0,-1.556986803E0,-1.574902586E0,3.518050788E-1
1.930414542E0,9.998203762E-1,-1.321152873E-2,-1.328197383E-2,2.880445104E-3,2.171981035E0,-1.518752249E0,-1.517545334E0,3.502484062E-1
1.940376542E0,9.998265817E-1,-1.299380725E-2,-1.303104653E-2,2.873746489E-3,2.134132369E0,-1.493687047E0,-1.488877587E0,3.487728616E-1
1.950338542E0,9.998280657E-1,-1.298138312E-2,-1.293127907E-2,2.864971960E-3,2.124981110E0,-1.492211252E0,-1.477462579E0,3.475988637E-1
1.960300542E0,9.998260233E-1,-1.309399988E-2,-1.297716997E-2,2.855861290E-3,2.137565716E0,-1.505124675E0,-1.482695792E0,3.467906383E-1
1.970263542E0,9.998227771E-1,-1.322737072E-2,-1.309575974E-2,2.844056645E-3,2.157416386E0,-1.520441181E0,-1.496256771E0,3.458169710E-1
1.980225542E0,9.998207408E-1,-1.331714801E-2,-1.315979038E-2,2.834561242E-3,2.169775570E0,-1.530742801E0,-1.503577510E0,3.449616942E-1
1.990187542E0,9.998209181E-1,-1.333080669E-2,-1.313546349E-2,2.821840673E-3,2.168702252E0,-1.532280046E0,-1.500804663E0,3.434868085E-1
2.000149542E0,9.998216625E-1,-1.329277015E-2,-1.311825802E-2,2.809147995E-3,2.164190201E0,-1.527894229E0,-1.498865503E0,3.419485155E-1
2.010111542E0,9.998220509E-1,-1.328457759E-2,-1.309736191E-2,2.808314088E-3,2.161831884E0,-1.526945886E0,-1.496475085E0,3.418085501E-1
2.020073542E0,9.998228565E-1,-1.330209006E-2,-1.301396995E-2,2.818932740E-3,2.156933224E0,-1.528937271E0,-1.486896904E0,3.429234781E-1
2.030035542E0,9.998239468E-1,-1.327828593E-2,-1.295524108E-2,2.817950454E-3,2.150284506E0,-1.526184693E0,-1.480176813E0,3.426853040E-1
2.039997542E0,9.998244733E-1,-1.325727667E-2,-1.294103696E-2,2.816110837E-3,2.147066693E0,-1.523768346E0,-1.478559249E0,3.424215960E-1
2.049959542E0,9.998240743E-1,-1.328019823E-2,-1.295231339E-2,2.812705938E-3,2.149505947E0,-1.526395171E0,-1.479848827E0,3.420825946E-1
2.059921542E0,9.998230436E-1,-1.332481305E-2,-1.298670043E-2,2.809491457E-3,2.155793817E0,-1.531517728E0,-1.483778908E0,3.418332184E-1
2.069883542E0,9.998220274E-1,-1.336182338E-2,-1.301652471E-2,2.811533003E-3,2.161974630E0,-1.535774455E0,-1.487180500E0,3.421681815E-1
2.079845542E0,9.998219509E-1,-1.336809442E-2,-1.301723417E-2,2.816089602E-3,2.162439659E0,-1.536500399E0,-1.487252693E0,3.427008524E-1
2.089808542E0,9.998225240E-1,-1.335243126E-2,-1.299126991E-2,2.822113063E-3,2.158956524E0,-1.534703999E0,-1.484273627E0,3.433278207E-1
2.099770542E0,9.998234283E-1,-1.332007608E-2,-1.295217265E-2,2.826906071E-3,2.153448998E0,-1.530987207E0,-1.479797199E0,3.437688720E-1
2.109732542E0,9.998250601E-1,-1.325864224E-2,-1.289029222E-2,2.827505476E-3,2.143475072E0,-1.523922260E0,-1.472726529E0,3.436517442E-1
2.119694542E0,9.998270773E-1,-1.314865483E-2,-1.284283233E-2,2.832267732E-3,2.131080859E0,-1.511303254E0,-1.467318629E0,3.439633200E-1
2.129656542E0,9.998297070E-1,-1.304479636E-2,-1.274079264E-2,2.834584691E-3,2.114814204E0,-1.499362387E0,-1.455658053E0,3.439224552E-1
2.139618542E0,9.998341654E-1,-1.293056503E-2,-1.250414994E-2,2.834969933E-3,2.086946121E0,-1.486178561E0,-1.428579760E0,3.434463767E-1
2.149580542E0,9.998406021E-1,-1.273517547E-2,-1.219695183E-2,2.829491966E-3,2.046042764E0,-1.463657665E0,-1.393453102E0,3.420869523E-1
2.159542542E0,9.998492629E-1,-1.246170843E-2,-1.176240355E-2,2.818665335E-3,1.989679619E0,-1.432133479E0,-1.343767100E0,3.398388096E-1
2.169504542E0,9.998619171E-1,-1.208291592E-2,-1.106245948E-2,2.807279975E-3,1.904331934E0,-1.388441220E0,-1.263704930E0,3.370471722E-1
2.179466542E0,9.998784307E-1,-1.155970864E-2,-1.009294913E-2,2.791178258E-3,1.786833047E0,-1.328099901E0,-1.152806632E0,3.332454890E-1
2.189428542E0,9.998968163E-1,-1.091327648E-2,-8.927448295E-3,2.767068517E-3,1.646178198E0,-1.253569502E0,-1.019498046E0,3.282681319E-1
2.199391542E0,9.999144066E-1,-1.022400075E-2,-7.697966489E-3,2.738266944E-3,1.499308439E0,-1.174119682E0,-8.788728320E-1,3.228139209E-1
2.209353542E0,9.999292770E-1,-9.558775284E-3,-6.553650684E-3,2.708913218E-3,1.362857647E0,-1.097472494E0,-7.479939620E-1,3.176038998E-1
2.219315542E0,9.999402187E-1,-8.976306604E-3,-5.640235810E-3,2.688219002E-3,1.253003601E0,-1.030405467E0,-6.435331810E-1,3.138517540E-1
2.229277542E0,9.999468294E-1,-8.567911802E-3,-5.082847795E-3,2.678581871E-3,1.181694598E0,-9.834169457E-1,-5.798005199E-1,3.119344572E-1
2.239239542E0,9.999489868E-1,-8.416412876E-3,-4.904497163E-3,2.671236367E-3,1.157472259E0,-9.659937503E-1,-5.594179206E-1,3.108320065E-1
2.249201542E0,9.999479042E-1,-8.473319101E-3,-5.035193783E-3,2.667697772E-3,1.169690751E0,-9.725550684E-1,-5.743800105E-1,3.105858749E-1
2.259163542E0,9.999451550E-1,-8.617253921E-3,-5.320434083E-3,2.677985701E-3,1.200156737E0,-9.891477512E-1,-6.070103376E-1,3.121305265E-1
2.269125542E0,9.999428352E-1,-8.731082411E-3,-5.563154915E-3,2.685528369E-3,1.225275821E0,-1.002275775E0,-6.347802452E-1,3.133080632E-1
2.279087542E0,9.999423025E-1,-8.745375053E-3,-5.634286223E-3,2.690284079E-3,1.230972365E0,-1.003939872E0,-6.429218245E-1,3.139337726E-1
2.289049542E0,9.999436309E-1,-8.657077598E-3,-5.532093631E-3,2.683821412E-3,1.216718357E0,-9.937835947E-1,-6.312458439E-1,3.130344911E-1
2.299011542E0,9.999458141E-1,-8.514669567E-3,-5.350770131E-3,2.689360036E-3,1.192923872E0,-9.774082678E-1,-6.105073860E-1,3.134014102E-1
2.308973542E0,9.999477251E-1,-8.392088765E-3,-5.188037005E-3,2.691574000E-3,1.171699285E0,-9.633092016E-1,-5.918963129E-1,3.134229656E-1
2.318936542E0,9.999488821E-1,-8.316925482E-3,-5.079498164E-3,2.698171632E-3,1.158659745E0,-9.546642528E-1,-5.794762475E-1,3.140305346E-1
2.328898542E0,9.999494344E-1,-8.280788286E-3,-5.028926915E-3,2.705833245E-3,1.152382994E0,-9.505109971E-1,-5.736854335E-1,3.148393287E-1
2.338860542E0,9.999495621E-1,-8.272053983E-3,-5.025917770E-3,2.714677401E-3,1.150927370E0,-9.495142067E-1,-5.733350090E-1,3.158449434E-1
2.348822542E0,9.999492562E-1,-8.284997639E-3,-5.046993988E-3,2.722276871E-3,1.154412229E0,-9.510087071E-1,-5.757387465E-1,3.167432953E-1
2.358784542E0,9.999491043E-1,-8.292493405E-3,-5.060150505E-3,2.730851305E-3,1.156139206E0,-9.518769605E-1,-5.772357974E-1,3.177427420E-1
2.368746542E0,9.999494009E-1,-8.269599473E-3,-5.036459162E-3,2.737511818E-3,1.152764758E0,-9.492494072E-1,-5.745219943E-1,3.184702058E-1
2.378708542E0,9.999499594E-1,-8.234415039E-3,-4.984281066E-3,2.740819235E-3,1.146386006E0,-9.452020809E-1,-5.685510657E-1,3.187795118E-1
2.388670542E0,9.999506726E-1,-8.193610933E-3,-4.912819097E-3,2.739835209E-3,1.138186954E0,-9.405019905E-1,-5.603762813E-1,3.185761168E-1
2.398632542E0,9.999515006E-1,-8.141976563E-3,-4.831363126E-3,2.738461853E-3,1.128593280E0,-9.345573036E-1,-5.510600879E-1,3.183134237E-1
2.408594542E0,9.999522056E-1,-8.091952723E-3,-4.766019384E-3,2.740658212E-3,1.120361037E0,-9.288044360E-1,-5.435863148E-1,3.184766443E-1
2.418556542E0,9.999525333E-1,-8.062708694E-3,-4.744776898E-3,2.739531788E-3,1.116513149E0,-9.254455348E-1,-5.411625162E-1,3.183119394E-1
2.428518542E0,9.999524390E-1,-8.065915488E-3,-4.762231617E-3,2.739615000E-3,1.117622068E0,-9.258187977E-1,-5.431615390E-1,3.183394282E-1
2.438481542E0,9.999520566E-1,-8.095356483E-3,-4.800784387E-3,2.735619032E-3,1.122106176E0,-9.292031533E-1,-5.475736048E-1,3.179334645E-1
2.448443542E0,9.999516816E-1,-8.118180411E-3,-4.839637626E-3,2.734390465E-3,1.126485244E0,-9.318307673E-1,-5.520196294E-1,3.178415018E-1
2.458405542E0,9.999515447E-1,-8.121299510E-3,-4.864337684E-3,2.732394633E-3,1.128080251E0,-9.321951820E-1,-5.548508466E-1,3.176376199E-1
2.468367542E0,9.999515908E-1,-8.108153141E-3,-4.873132092E-3,2.735717241E-3,1.127543992E0,-9.306933338E-1,-5.558596649E-1,3.180192800E-1
2.478329542E0,9.999517583E-1,-8.090884337E-3,-4.848086452E-3,2.737901449E-3,1.125590804E0,-9.287072833E-1,-5.529931323E-1,3.182366076E-1
2.488291542E0,9.999520894E-1,-8.067249128E-3,-4.812052981E-3,2.741188829E-3,1.121721585E0,-9.259887085E-1,-5.488685682E-1,3.185667580E-1
2.498253542E0,9.999524486E-1,-8.046625814E-3,-4.785433972E-3,2.738025195E-3,1.117508655E0,-9.236149126E-1,-5.458278540E-1,3.181682597E-1
2.508215542E0,9.999527432E-1,-8.029634469E-3,-4.762053366E-3,2.738590754E-3,1.114041335E0,-9.216604334E-1,-5.431536120E-1,3.182021877E-1
2.518177542E0,9.999529184E-1,-8.012018503E-3,-4.747032968E-3,2.735362872E-3,1.111974746E0,-9.196349665E-1,-5.414409929E-1,3.178088551E-1
2.528139542E0,9.999532430E-1,-7.992893599E-3,-4.728935422E-3,2.731901933E-3,1.108134330E0,-9.174355737E-1,-5.393765132E-1,3.173852685E-1
2.538101542E0,9.999534643E-1,-7.972429851E-3,-4.699783241E-3,2.728136223E-3,1.105509562E0,-9.150788536E-1,-5.360458946E-1,3.169159165E-1
2.548063542E0,9.999537174E-1,-7.956789969E-3,-4.677499587E-3,2.726464277E-3,1.102498346E0,-9.132784200E-1,-5.334989333E-1,3.166955285E-1
2.558026542E0,9.999537816E-1,-7.947120743E-3,-4.686275009E-3,2.719747824E-3,1.101734023E0,-9.121696147E-1,-5.345136921E-1,3.159287513E-1
2.567988542E0,9.999536848E-1,-7.948126305E-3,-4.709020119E-3,2.717360111E-3,1.102886949E0,-9.122909595E-1,-5.371218923E-1,3.156764975E-1
2.577950542E0,9.999534199E-1,-7.962991243E-3,-4.736524799E-3,2.715329139E-3,1.106036390E0,-9.140022623E-1,-5.402707704E-1,3.154769641E-1
2.587912542E0,9.999531229E-1,-7.977364785E-3,-4.765800030E-3,2.714480297E-3,1.109556911E0,-9.156584374E-1,-5.436215997E-1,3.154143399E-1
2.597874542E0,9.999529773E-1,-7.983298303E-3,-4.782664818E-3,2.715852096E-3,1.111278454E0,-9.163446131E-1,-5.455509783E-1,3.155902640E-1
2.607836542E0,9.999529264E-1,-7.981226444E-3,-4.788620691E-3,2.718767484E-3,1.111880491E0,-9.161106765E-1,-5.462314203E-1,3.159286791E-1
2.617798542E0,9.999531919E-1,-7.969434081E-3,-4.781447755E-3,2.719709057E-3,1.108740332E0,-9.147575997E-1,-5.454124234E-1,3.160235944E-1
2.627760542E0,9.999533680E-1,-7.955593245E-3,-4.769325105E-3,2.718384531E-3,1.106653140E0,-9.131668054E-1,-5.440288899E-1,3.158531589E-1
2.637722542E0,9.999534353E-1,-7.941308372E-3,-4.755756837E-3,2.719276000E-3,1.105853942E0,-9.115257605E-1,-5.424777588E-1,3.159350996E-1
2.647684542E0,9.999536348E-1,-7.925287027E-3,-4.739429514E-3,2.719506269E-3,1.103482860E0,-9.096845585E-1,-5.406116808E-1,3.159378911E-1
2.657646542E0,9.999538855E-1,-7.909040842E-3,-4.718482459E-3,2.715783901E-3,1.100494759E0,-9.078139807E-1,-5.382199025E-1,3.154834782E-1
2.667608542E0,9.999541457E-1,-7.886290783E-3,-4.703496601E-3,2.710118654E-3,1.097386230E0,-9.051989588E-1,-5.365149937E-1,3.148084279E-1
2.677571542E0,9.999543169E-1,-7.869428066E-3,-4.698261253E-3,2.705917243E-3,1.095335012E0,-9.032625759E-1,-5.359241864E-1,3.143131875E-1
2.687533542E0,9.999542479E-1,-7.873587249E-3,-4.715726847E-3,2.697858786E-3,1.096162029E0,-9.037405370E-1,-5.379315365E-1,3.134078244E-1
2.697495542E0,9.999540324E-1,-7.882709192E-3,-4.740509062E-3,2.693224130E-3,1.098740681E0,-9.047913355E-1,-5.407726144E-1,3.129041210E-1
2.707457542E0,9.999538533E-1,-7.889753473E-3,-4.769187588E-3,2.691371161E-3,1.100879652E0,-9.056068195E-1,-5.440583309E-1,3.127216546E-1
2.717419542E0,9.999538330E-1,-7.890834419E-3,-4.781466689E-3,2.690577507E-3,1.101120804E0,-9.057342481E-1,-5.454657842E-1,3.126424687E-1
2.727381542E0,9.999540297E-1,-7.883064968E-3,-4.765884809E-3,2.687423661E-3,1.098772634E0,-9.048372069E-1,-5.436855861E-1,3.122626941E-1
2.737343542E0,9.999541612E-1,-7.870039924E-3,-4.740821084E-3,2.689195810E-3,1.097200825E0,-9.033373958E-1,-5.408159826E-1,3.124359440E-1
2.747305542E0,9.999543789E-1,-7.855293252E-3,-4.720849638E-3,2.691171014E-3,1.094591200E0,-9.016421148E-1,-5.385303112E-1,3.126362484E-1
2.757267542E0,9.999544463E-1,-7.849101170E-3,-4.720104291E-3,2.696700262E-3,1.093782775E0,-9.009352765E-1,-5.384418734E-1,3.132658579E-1
2.767229542E0,9.999543970E-1,-7.853551289E-3,-4.726428654E-3,2.707352007E-3,1.094375019E0,-9.014530708E-1,-5.391556027E-1,3.144945952E-1
2.777191542E0,9.999543252E-1,-7.858956249E-3,-4.728111511E-3,2.714639155E-3,1.095235808E0,-9.020769432E-1,-5.393401649E-1,3.153340828E-1
2.787153542E0,9.999544652E-1,-7.848427101E-3,-4.705809505E-3,2.724143298E-3,1.093555432E0,-9.008681791E-1,-5.367793504E-1,3.163973394E-1
2.797116542E0,9.999548676E-1,-7.826394678E-3,-4.659576106E-3,2.729467766E-3,1.088712761E0,-8.983311377E-1,-5.314837216E-1,3.169539917E-1
2.807078542E0,9.999553083E-1,-7.800374544E-3,-4.606097006E-3,2.731844807E-3,1.083385256E0,-8.953331278E-1,-5.253617306E-1,3.171645099E-1
2.817040542E0,9.999556208E-1,-7.784442579E-3,-4.566425035E-3,2.734567645E-3,1.079589947E0,-8.934958772E-1,-5.208183936E-1,3.174325959E-1
2.827002542E0,9.999559380E-1,-7.767064212E-3,-4.532741338E-3,2.728274010E-3,1.075725596E0,-8.914901412E-1,-5.169697517E-1,3.166722204E-1
2.836964542E0,9.999561472E-1,-7.753462501E-3,-4.511791469E-3,2.725502159E-3,1.073168033E0,-8.899231839E-1,-5.145759057E-1,3.163288523E-1
2.846926542E0,9.999562059E-1,-7.747698511E-3,-4.509375279E-3,2.720538066E-3,1.072450046E0,-8.892592961E-1,-5.143052696E-1,3.157548819E-1
2.856888542E0,9.999560723E-1,-7.747960669E-3,-4.517448005E-3,2.719324714E-3,1.074084848E0,-8.892912401E-1,-5.152312591E-1,3.156231478E-1
2.866850542E0,9.999560648E-1,-7.744647594E-3,-4.522234843E-3,2.712910396E-3,1.074176102E0,-8.889097836E-1,-5.157865098E-1,3.148906710E-1
2.876812542E0,9.999561391E-1,-7.740277460E-3,-4.534740440E-3,2.705647505E-3,1.073266996E0,-8.884093255E-1,-5.172273804E-1,3.140673175E-1
2.886774542E0,9.999560691E-1,-7.738547113E-3,-4.555219345E-3,2.703341144E-3,1.074123814E0,-8.882164328E-1,-5.195766284E-1,3.138203815E-1
2.896736542E0,9.999559209E-1,-7.743065165E-3,-4.575852784E-3,2.697860715E-3,1.075934278E0,-8.887379453E-1,-5.219444256E-1,3.132131022E-1
2.906698542E0,9.999557590E-1,-7.750145140E-3,-4.587538865E-3,2.697178019E-3,1.077908170E0,-8.895526464E-1,-5.232818809E-1,3.131489782E-1
2.916661917E0,9.999558569E-1,-7.754691604E-3,-4.585767165E-3,2.697156936E-3,1.076714770E0,-8.900731935E-1,-5.230775245E-1,3.131473981E-1
2.926623917E0,9.999559809E-1,-7.744493100E-3,-4.568866992E-3,2.697129838E-3,1.075201551E0,-8.888989913E-1,-5.211441536E-1,3.131238764E-1
2.936585917E0,9.999562026E-1,-7.730899923E-3,-4.529637613E-3,2.698624186E-3,1.072490844E0,-8.873293606E-1,-5.166518040E-1,3.132530920E-1
2.946547917E0,9.999565547E-1,-7.724468050E-3,-4.482657211E-3,2.695137814E-3,1.068170520E0,-8.865754796E-1,-5.112735217E-1,3.128084977E-1
2.956509917E0,9.999566998E-1,-7.726427251E-3,-4.456510506E-3,2.692106133E-3,1.066385702E0,-8.867901048E-1,-5.082794950E-1,3.124388436E-1
2.966471917E0,9.999565076E-1,-7.744921110E-3,-4.449089712E-3,2.688495965E-3,1.068748944E0,-8.889051727E-1,-5.074265388E-1,3.120279025E-1
2.976433917E0,9.999560881E-1,-7.801718805E-3,-4.444169825E-3,2.680943958E-3,1.073891648E0,-8.954086532E-1,-5.068518030E-1,3.111869006E-1
2.986395917E0,9.999554879E-1,-7.895293790E-3,-4.427968388E-3,2.676162073E-3,1.081205415E0,-9.061246200E-1,-5.049705376E-1,3.106716556E-1
2.996357917E0,9.999547566E-1,-8.011699530E-3,-4.394985081E-3,2.663326586E-3,1.090051271E0,-9.194475629E-1,-5.011666685E-1,3.092291860E-1
3.006319917E0,9.999538890E-1,-8.152642762E-3,-4.348120507E-3,2.651188003E-3,1.100453396E0,-9.355785386E-1,-4.957643152E-1,3.078648827E-1
3.016281917E0,9.999526159E-1,-8.321288011E-3,-4.315066454E-3,2.630229129E-3,1.115541878E0,-9.548841512E-1,-4.919447533E-1,3.055151127E-1
3.026243917E0,9.999500204E-1,-8.560484293E-3,-4.457303707E-3,2.619128327E-3,1.145686105E0,-9.823347458E-1,-5.081812575E-1,3.045008415E-1
3.036206917E0,9.999455762E-1,-8.872440686E-3,-4.837128693E-3,2.615257864E-3,1.195540310E0,-1.018201876E0,-5.516135221E-1,3.046036588E-1
3.046168917E0,9.999368251E-1,-9.128442057E-3,-6.008447180E-3,2.648852068E-3,1.288077958E0,-1.047933574E0,-6.857193908E-1,3.098257012E-1
3.056130917E0,9.999226734E-1,-9.783553003E-3,-7.204653901E-3,2.676373591E-3,1.425065923E0,-1.123423237E0,-8.225564214E-1,3.147773564E-1
3.066092917E0,9.999048920E-1,-1.063730259E-2,-8.360609394E-3,2.681766677E-3,1.580446088E0,-1.221660592E0,-9.547394025E-1,3.175154265E-1
3.076054917E0,9.998853796E-1,-1.135178132E-2,-9.647455185E-3,2.697245685E-3,1.735012954E0,-1.304004785E0,-1.101949522E0,3.216569245E-1
3.086016917E0,9.998593108E-1,-1.213476333E-2,-1.126334632E-2,2.720305372E-3,1.922220323E0,-1.394346118E0,-1.286828313E0,3.274266865E-1
3.095978917E0,9.998200499E-1,-1.322805330E-2,-1.332251409E-2,2.756423009E-3,2.173953306E0,-1.520473641E0,-1.522373813E0,3.361211160E-1
3.105940917E0,9.997892475E-1,-1.438056400E-2,-1.438706517E-2,2.796416443E-3,2.352673040E0,-1.653063816E0,-1.643906119E0,3.442302505E-1
3.115902917E0,9.997838379E-1,-1.477292069E-2,-1.436817774E-2,2.755124601E-3,2.382677286E0,-1.697967690E0,-1.641676585E0,3.401105747E-1
3.125864917E0,9.997982170E-1,-1.428109733E-2,-1.385022611E-2,2.764086820E-3,2.302063319E0,-1.641400364E0,-1.582476527E0,3.394743643E-1
3.135826917E0,9.998198129E-1,-1.349641353E-2,-1.305791396E-2,2.778148183E-3,2.175384333E0,-1.551168671E0,-1.491929075E0,3.386067698E-1
3.145789917E0,9.998364853E-1,-1.298707249E-2,-1.227089890E-2,2.771921261E-3,2.072296981E0,-1.492478727E0,-1.401926196E0,3.359509862E-1
3.155751917E0,9.998452404E-1,-1.280294459E-2,-1.174817289E-2,2.752049332E-3,2.016053056E0,-1.471152448E0,-1.342118280E0,3.326417975E-1
3.165713917E0,9.998456462E-1,-1.278811634E-2,-1.172974917E-2,2.747783211E-3,2.013408098E0,-1.469440276E0,-1.340018302E0,3.321057378E-1
3.175675917E0,9.998380793E-1,-1.297915281E-2,-1.215626381E-2,2.749060480E-3,2.062170912E0,-1.491496530E0,-1.388826983E0,3.331478895E-1
3.185637917E0,9.998237856E-1,-1.340060552E-2,-1.285305438E-2,2.751662128E-3,2.151269010E0,-1.540069687E0,-1.468527341E0,3.351107682E-1
3.195599917E0,9.998091626E-1,-1.389247787E-2,-1.346325100E-2,2.741804167E-3,2.238753779E0,-1.596668887E0,-1.538300462E0,3.356835207E-1
3.205561917E0,9.998023995E-1,-1.414728230E-2,-1.369611787E-2,2.725679688E-3,2.278079130E0,-1.625941221E0,-1.564925180E0,3.346084563E-1
3.215523917E0,9.998054925E-1,-1.405263942E-2,-1.357118972E-2,2.719727722E-3,2.260178844E0,-1.615035429E0,-1.550650976E0,3.335751361E-1
3.225485917E0,9.998137850E-1,-1.376780486E-2,-1.325056234E-2,2.718410357E-3,2.211473093E0,-1.582261486E0,-1.514007268E0,3.324718768E-1
3.235447917E0,9.998209445E-1,-1.353884434E-2,-1.294812122E-2,2.712231208E-3,2.168542434E0,-1.555893549E0,-1.479436259E0,3.309435080E-1
3.245409917E0,9.998228863E-1,-1.348170707E-2,-1.285246816E-2,2.704825299E-3,2.156751714E0,-1.549297415E0,-1.468505630E0,3.298610590E-1
3.255371917E0,9.998196226E-1,-1.357865676E-2,-1.300203493E-2,2.698710878E-3,2.176532960E0,-1.560457021E0,-1.485621973E0,3.295374506E-1
3.265334917E0,9.998143952E-1,-1.374874087E-2,-1.322629441E-2,2.695507227E-3,2.207847111E0,-1.580032391E0,-1.511268878E0,3.297794671E-1
3.275296917E0,9.998108842E-1,-1.387228659E-2,-1.336625533E-2,2.691213737E-3,2.228632303E0,-1.594240330E0,-1.527273154E0,3.296986271E-1
3.285258917E0,9.998107360E-1,-1.387947619E-2,-1.337199349E-2,2.688864208E-3,2.229505179E0,-1.595063074E0,-1.527932101E0,3.294495430E-1
3.295220917E0,9.998132202E-1,-1.380006903E-2,-1.326736561E-2,2.694531371E-3,2.214824634E0,-1.585930148E0,-1.515959957E0,3.298107677E-1
3.305182917E0,9.998159690E-1,-1.371499352E-2,-1.314697548E-2,2.695340564E-3,2.198466004E0,-1.576134270E0,-1.502191204E0,3.295836065E-1
3.315144917E0,9.998170972E-1,-1.367888304E-2,-1.309740629E-2,2.696238562E-3,2.191716819E0,-1.571977815E0,-1.496521536E0,3.295538746E-1
3.325106917E0,9.998159301E-1,-1.371771712E-2,-1.314305304E-2,2.692588538E-3,2.198698254E0,-1.576440796E0,-1.501745081E0,3.292660493E-1
3.335068917E0,9.998137379E-1,-1.379105676E-2,-1.323088306E-2,2.692402161E-3,2.211752766E0,-1.584880117E0,-1.511785621E0,3.294948772E-1
3.345030917E0,9.998118804E-1,-1.385455694E-2,-1.330285856E-2,2.690812436E-3,2.222754427E0,-1.592183577E0,-1.520014850E0,3.295239769E-1
3.354992917E0,9.998113819E-1,-1.387015729E-2,-1.332908596E-2,2.688865286E-3,2.225697309E0,-1.593978774E0,-1.523018306E0,3.293666058E-1
3.364954917E0,9.998120552E-1,-1.384738702E-2,-1.330026713E-2,2.687574480E-3,2.221721508E0,-1.591355839E0,-1.519725463E0,3.291378299E-1
3.374916917E0,9.998130714E-1,-1.381452331E-2,-1.325831984E-2,2.687673784E-3,2.215706919E0,-1.587573180E0,-1.514929387E0,3.290322608E-1
3.384879917E0,9.998135027E-1,-1.380535100E-2,-1.323537499E-2,2.688174485E-3,2.213149273E0,-1.586513985E0,-1.512302363E0,3.290391294E-1
3.394841917E0,9.998131318E-1,-1.382323460E-2,-1.324223550E-2,2.690582334E-3,2.215348696E0,-1.588570165E0,-1.513078758E0,3.293531057E-1
3.404803917E0,9.998123912E-1,-1.385084971E-2,-1.326605123E-2,2.689701006E-3,2.219734685E0,-1.591743185E0,-1.515800039E0,3.293320138E-1
3.414765917E0,9.998117443E-1,-1.387575151E-2,-1.329348536E-2,2.683826503E-3,2.223557971E0,-1.594599085E0,-1.518944952E0,3.287405105E-1
3.424727917E0,9.998115635E-1,-1.388040539E-2,-1.330317819E-2,2.674106838E-3,2.224625609E0,-1.595121372E0,-1.520069608E0,3.276491489E-1
3.434689917E0,9.998118366E-1,-1.387230674E-2,-1.329798762E-2,2.673465386E-3,2.223013048E0,-1.594190252E0,-1.519478634E0,3.275550201E-1
3.444651917E0,9.998119517E-1,-1.386930909E-2,-1.328871749E-2,2.671330497E-3,2.222333133E0,-1.593839864E0,-1.518420670E0,3.272909028E-1
3.454613917E0,9.998117902E-1,-1.386797062E-2,-1.330101104E-2,2.675131467E-3,2.223287332E0,-1.593696744E0,-1.519823759E0,3.277442079E-1
3.464575917E0,9.998115091E-1,-1.388069261E-2,-1.331407222E-2,2.677932399E-3,2.224946943E0,-1.595164316E0,-1.521311918E0,3.281055495E-1
3.474537917E0,9.998112100E-1,-1.389798693E-2,-1.331808453E-2,2.681773832E-3,2.226711439E0,-1.597154148E0,-1.521759884E0,3.285785887E-1
3.484499917E0,9.998108931E-1,-1.390903108E-2,-1.332853364E-2,2.690780332E-3,2.228579382E0,-1.598437764E0,-1.522939222E0,3.296444480E-1
3.494462917E0,9.998108005E-1,-1.391219498E-2,-1.332966099E-2,2.697504080E-3,2.229125427E0,-1.598811086E0,-1.523056588E0,3.304216935E-1
3.504424917E0,9.998107000E-1,-1.391989727E-2,-1.332443243E-2,2.701095693E-3,2.229717176E0,-1.599697450E0,-1.522449074E0,3.308366382E-1
3.514386917E0,9.998105697E-1,-1.392962955E-2,-1.332189486E-2,2.705846789E-3,2.230484649E0,-1.600819346E0,-1.522147443E0,3.313918985E-1
3.524348917E0,9.998102626E-1,-1.394501373E-2,-1.332953265E-2,2.709958271E-3,2.232291765E0,-1.602592027E0,-1.523011000E0,3.318988655E-1
3.534310917E0,9.998099738E-1,-1.395312911E-2,-1.334290301E-2,2.713760500E-3,2.233990006E0,-1.603533142E0,-1.524534337E0,3.323685791E-1
3.544272917E0,9.998100814E-1,-1.394996802E-2,-1.334352030E-2,2.708200553E-3,2.233357290E0,-1.603162622E0,-1.524615124E0,3.317275388E-1
3.554234917E0,9.998101671E-1,-1.394553917E-2,-1.333904445E-2,2.708885481E-3,2.232853646E0,-1.602654246E0,-1.524102555E0,3.317920579E-1
3.564196917E0,9.998102958E-1,-1.393926498E-2,-1.333784866E-2,2.712746468E-3,2.232096633E0,-1.601940511E0,-1.523961481E0,3.322230880E-1
3.574158917E0,9.998101224E-1,-1.394402660E-2,-1.334295552E-2,2.721020719E-3,2.233116376E0,-1.602500852E0,-1.524531809E0,3.331868965E-1
3.584120917E0,9.998098382E-1,-1.395372096E-2,-1.335317784E-2,2.728755680E-3,2.234787274E0,-1.603627803E0,-1.525687562E0,3.341046882E-1
3.594082917E0,9.998044425E-1,-1.424386997E-2,-1.345281618E-2,2.715865613E-3,2.266271510E0,-1.636906343E0,-1.537029148E0,3.332342437E-1
3.604044917E0,9.997786540E-1,-1.539685750E-2,-1.409162710E-2,2.667218816E-3,2.411079200E0,-1.769245784E0,-1.609930025E0,3.305679922E-1
3.614007917E0,9.997370041E-1,-1.689250712E-2,-1.528460846E-2,2.653095204E-3,2.628159117E0,-1.941149053E0,-1.746161073E0,3.336862053E-1
3.623969917E0,9.997051053E-1,-1.801879634E-2,-1.606093006E-2,2.673386797E-3,2.782990759E0,-2.070625248E0,-1.834697790E0,3.395959400E-1
3.633931917E0,9.997033462E-1,-1.822417322E-2,-1.593407716E-2,2.685465201E-3,2.791279561E0,-2.094142815E0,-1.820067011E0,3.410901624E-1
3.643893917E0,9.997316855E-1,-1.712492555E-2,-1.536766132E-2,2.683249247E-3,2.654601931E0,-1.967880953E0,-1.755540907E0,3.377127465E-1
3.653855917E0,9.999974897E-1,2.046200409E-3,9.261461157E-4,4.931578687E-5,2.567599259E-1,2.344829969E-1,1.061167581E-1,5.868329027E-3
3.663817917E0,9.999900518E-1,3.548211998E-3,2.725537691E-3,7.755968597E-5,5.111394946E-1,4.066247768E-1,3.122905171E-1,9.995935838E-3
3.673779917E0,9.999801660E-1,4.210400905E-3,4.677951036E-3,3.614161348E-5,7.217270648E-1,4.825130275E-1,5.360334522E-1,6.398722725E-3
3.683741917E0,9.999724350E-1,4.654925293E-3,5.782863116E-3,3.813240922E-7,8.508398191E-1,5.334440793E-1,6.626636037E-1,3.128571339E-3
3.693703917E0,9.999700181E-1,4.955418676E-3,5.947990160E-3,1.073461886E-5,8.873563824E-1,5.678889210E-1,6.815790094E-1,4.607947033E-3
3.703665917E0,9.999727947E-1,4.812339059E-3,5.588703753E-3,1.676736809E-5,8.452704213E-1,5.514921346E-1,6.404049409E-1,5.003569011E-3
3.713627917E0,9.999796489E-1,4.252170850E-3,4.756449186E-3,1.438710289E-5,7.310748477E-1,4.872887341E-1,5.450390453E-1,3.966427627E-3
3.723589917E0,9.999883558E-1,3.494243361E-3,3.349285445E-3,1.950508244E-5,5.529974607E-1,4.004258607E-1,3.837904317E-1,3.576262058E-3
3.733552917E0,9.999954953E-1,2.577102267E-3,1.600501418E-3,3.561663416E-5,3.439541825E-1,2.953221889E-1,1.833929216E-1,4.554021325E-3
3.743514917E0,9.999984240E-1,1.675965655E-3,5.198281362E-4,3.144355034E-5,2.034464391E-1,1.920535510E-1,5.956179462E-2,3.702995561E-3
3.753476917E0,9.999989841E-1,1.358597914E-3,4.968624231E-4,7.407184931E-6,1.633425901E-1,1.556843851E-1,5.693503803E-2,9.261539207E-4
3.763438917E0,9.999979157E-1,1.800661741E-3,1.004069561E-3,1.021380614E-5,2.339621538E-1,2.063422433E-1,1.150556263E-1,1.377596659E-3
3.773400917E0,9.999954140E-1,2.515844117E-3,1.726586086E-3,2.214784332E-5,3.470449529E-1,2.883004949E-1,1.978452921E-1,3.035727627E-3
3.783362917E0,9.999927516E-1,2.983763666E-3,2.378708616E-3,1.922395991E-5,4.363052097E-1,3.419227906E-1,2.725724082E-1,3.016235789E-3
3.793324917E0,9.999915653E-1,3.109430809E-3,2.719154878E-3,9.003350845E-6,4.706544852E-1,3.563218899E-1,3.115878963E-1,2.000603268E-3
3.803286917E0,9.999921333E-1,3.025881090E-3,2.569318159E-3,2.978144237E-6,4.545307605E-1,3.467452752E-1,2.944201205E-1,1.232170262E-3
3.813248917E0,9.999941986E-1,2.750343238E-3,2.017152259E-3,-1.798735542E-7,3.903306787E-1,3.151684037E-1,2.311479648E-1,6.151311842E-4
3.823210917E0,9.999960909E-1,2.351451496E-3,1.514566428E-3,-7.013745232E-6,3.204108934E-1,2.694564518E-1,1.735580051E-1,-3.956049159E-4
3.833172917E0,9.999968705E-1,2.112000788E-3,1.312435009E-3,-1.520358526E-5,2.866845574E-1,2.420159725E-1,1.503973553E-1,-1.424569802E-3
3.843135917E0,9.999967349E-1,2.181340025E-3,1.375456906E-3,-2.140847177E-5,2.928299927E-1,2.499607025E-1,1.576207868E-1,-2.109416582E-3
3.853097917E0,9.999957705E-1,2.420102944E-3,1.644249119E-3,-2.196604370E-5,3.332817229E-1,2.773206400E-1,1.884227044E-1,-2.061134987E-3
3.863059917E0,9.999947446E-1,2.623984146E-3,1.924785353E-3,-2.512475570E-5,3.715105063E-1,3.006829205E-1,2.205710948E-1,-2.300329997E-3
3.873021917E0,9.999943739E-1,2.698732703E-3,2.014601570E-3,-2.837287523E-5,3.843894493E-1,3.092477098E-1,2.308644350E-1,-2.628275511E-3
3.882983917E0,9.999947526E-1,2.626392145E-3,1.905361203E-3,-3.510807183E-5,3.712281553E-1,3.009566951E-1,2.183482597E-1,-3.449650602E-3
3.892945917E0,9.999954857E-1,2.476545335E-3,1.724193742E-3,-3.965986485E-5,3.443221328E-1,2.837849217E-1,1.975888038E-1,-4.055378350E-3
3.902907917E0,9.999959166E-1,2.368455569E-3,1.597895972E-3,-4.302005759E-5,3.274737937E-1,2.713984317E-1,1.831166305E-1,-4.496061323E-3
3.912869917E0,9.999959720E-1,2.356414363E-3,1.579130897E-3,-4.866652419E-5,3.252453113E-1,2.700176478E-1,1.809677846E-1,-5.150370984E-3
3.922831917E0,9.999956602E-1,2.417057683E-3,1.667132712E-3,-5.333947162E-5,3.375996417E-1,2.769656346E-1,1.910536353E-1,-5.650505011E-3
3.932793917E0,9.999953461E-1,2.491659198E-3,1.778287059E-3,-5.421951640E-5,3.496036793E-1,2.855137222E-1,2.037916487E-1,-5.705364043E-3
3.942755917E0,9.999951413E-1,2.527233341E-3,1.823713257E-3,-5.473648433E-5,3.572142050E-1,2.895899221E-1,2.089974451E-1,-5.744200179E-3
3.952717917E0,9.999951543E-1,2.511089412E-3,1.805841855E-3,-6.036501881E-5,3.567361312E-1,2.877388511E-1,2.069510508E-1,-6.397699480E-3
3.962680917E0,9.999953990E-1,2.464371141E-3,1.746402245E-3,-6.421843536E-5,3.476105541E-1,2.823848462E-1,2.001405773E-1,-6.865721435E-3
3.972642917E0,9.999955940E-1,2.425024928E-3,1.699006296E-3,-6.903916748E-5,3.401668643E-1,2.778754153E-1,1.947104823E-1,-7.439181535E-3
3.982604917E0,9.999956215E-1,2.418663821E-3,1.695072005E-3,-7.212028439E-5,3.391014900E-1,2.771459094E-1,1.942604541E-1,-7.794580922E-3
3.992566917E0,9.999955229E-1,2.437194821E-3,1.715662725E-3,-7.012168982E-5,3.428974556E-1,2.792696681E-1,1.966195558E-1,-7.556208659E-3
4.002528917E0,9.999954019E-1,2.458433025E-3,1.740021061E-3,-7.115818531E-5,3.474999263E-1,2.817030305E-1,1.994112583E-1,-7.663945135E-3
4.012490917E0,9.999954804E-1,2.461130051E-3,1.749927792E-3,-7.358290986E-5,3.445214030E-1,2.820115657E-1,2.005472093E-1,-7.938467992E-3
4.022452917E0,9.999955608E-1,2.442540773E-3,1.731646493E-3,-7.679091192E-5,3.414434767E-1,2.798808668E-1,1.984530806E-1,-8.314922735E-3
4.032414917E0,9.999956689E-1,2.417061229E-3,1.702540799E-3,-7.648781284E-5,3.372599484E-1,2.769613769E-1,1.951175218E-1,-8.293306955E-3
4.042376917E0,9.999956922E-1,2.401506773E-3,1.688957135E-3,-7.749707506E-5,3.363540960E-1,2.751788491E-1,1.935610923E-1,-8.415732273E-3
4.052338917E0,9.999957363E-1,2.404526875E-3,1.696383241E-3,-7.522858941E-5,3.346273179E-1,2.755253328E-1,1.944114729E-1,-8.153152685E-3
4.062300917E0,9.999956660E-1,2.416568237E-3,1.715852571E-3,-7.579527280E-5,3.373752712E-1,2.769049274E-1,1.966427442E-1,-8.210358202E-3
4.072263917E0,9.999956425E-1,2.418419579E-3,1.738614162E-3,-7.436118879E-5,3.382870955E-1,2.771172034E-1,1.992506486E-1,-8.039353102E-3
4.082225917E0,9.999956586E-1,2.417270790E-3,1.735920440E-3,-7.552316354E-5,3.376634656E-1,2.769853512E-1,1.989422855E-1,-8.173480851E-3
4.092187917E0,9.999956410E-1,2.408678837E-3,1.727892863E-3,-7.634020042E-5,3.383472009E-1,2.760006603E-1,1.980225391E-1,-8.271030801E-3
4.102149917E0,9.999956997E-1,2.394097869E-3,1.714670098E-3,-7.451220091E-5,3.360591367E-1,2.743302485E-1,1.965067020E-1,-8.068071591E-3
4.112111917E0,9.999956602E-1,2.390200683E-3,1.703400900E-3,-7.493845490E-5,3.376006186E-1,2.738836392E-1,1.952154208E-1,-8.120768179E-3
4.122073917E0,9.999956504E-1,2.390963326E-3,1.699550002E-3,-7.554888188E-5,3.379803263E-1,2.739709370E-1,1.947743116E-1,-8.191623989E-3
4.132035917E0,9.999957338E-1,2.392582204E-3,1.696574870E-3,-7.750679431E-5,3.347236179E-1,2.741561115E-1,1.944339531E-1,-8.416485531E-3
4.141997917E0,9.999957300E-1,2.392962642E-3,1.694368345E-3,-7.818856556E-5,3.348735511E-1,2.741995892E-1,1.941812932E-1,-8.495141817E-3
4.151959917E0,9.999957296E-1,2.387080515E-3,1.700546969E-3,-8.065510417E-5,3.348902196E-1,2.735250138E-1,1.948899343E-1,-8.777239082E-3
4.161921917E0,9.999957416E-1,2.378389584E-3,1.695815517E-3,-8.267364150E-5,3.344180092E-1,2.725287396E-1,1.943482213E-1,-9.011529730E-3
4.171883917E0,9.999957906E-1,2.368925438E-3,1.696514776E-3,-8.410350399E-5,3.324888059E-1,2.714439446E-1,1.944286585E-1,-9.177029985E-3
4.181845917E0,9.999958090E-1,2.365113444E-3,1.706612008E-3,-8.289186827E-5,3.317623869E-1,2.710072798E-1,1.955853564E-1,-9.036191830E-3
4.191808917E0,9.999957722E-1,2.368112045E-3,1.715959057E-3,-7.874962843E-5,3.332165247E-1,2.713516318E-1,1.966553483E-1,-8.558402639E-3
4.201770917E0,9.999957856E-1,2.374741208E-3,1.721497588E-3,-7.529025362E-5,3.326850560E-1,2.721119341E-1,1.972891394E-1,-8.159176536E-3
4.211732917E0,9.999957151E-1,2.379336625E-3,1.727678574E-3,-7.637489678E-5,3.354562755E-1,2.726382613E-1,1.979977508E-1,-8.280875631E-3
4.221694917E0,9.999957296E-1,2.384333302E-3,1.735571131E-3,-7.549132860E-5,3.348901255E-1,2.732109713E-1,1.989019780E-1,-8.176480889E-3
4.231656917E0,9.999956207E-1,2.385073219E-3,1.736420169E-3,-7.723975333E-5,3.391319908E-1,2.732953773E-1,1.989997334E-1,-8.376455836E-3
4.241618917E0,9.999956309E-1,2.390612816E-3,1.733411209E-3,-7.366029243E-5,3.387394358E-1,2.739309113E-1,1.986540018E-1,-7.966001088E-3
4.251580917E0,9.999956237E-1,2.396939516E-3,1.732348174E-3,-7.023056430E-5,3.390153372E-1,2.746565930E-1,1.985312967E-1,-7.572017710E-3
4.261542917E0,9.999956835E-1,2.406451020E-3,1.732565964E-3,-6.679654297E-5,3.366911592E-1,2.757472424E-1,1.985553952E-1,-7.176559456E-3
4.271504917E0,9.999956710E-1,2.416732677E-3,1.728779103E-3,-6.909072066E-5,3.371785923E-1,2.769250130E-1,1.981221636E-1,-7.438460429E-3
4.281466917E0,9.999955807E-1,2.421309278E-3,1.728180364E-3,-6.875824970E-5,3.406789293E-1,2.774495042E-1,1.980534792E-1,-7.399620739E-3
4.291428917E0,9.999955787E-1,2.419769503E-3,1.731692052E-3,-6.708642982E-5,3.407571953E-1,2.772733669E-1,1.984554135E-1,-7.207375339E-3
4.301391917E0,9.999956006E-1,2.415665077E-3,1.734888173E-3,-7.023112376E-5,3.399086540E-1,2.768023905E-1,1.988225059E-1,-7.567661374E-3
4.311353917E0,9.999955676E-1,2.410772418E-3,1.740209426E-3,-6.866062843E-5,3.411809788E-1,2.762419972E-1,1.994317978E-1,-7.387198242E-3
4.321315917E0,9.999956611E-1,2.401783476E-3,1.737015131E-3,-6.834894001E-5,3.375633640E-1,2.752120335E-1,1.990656200E-1,-7.354153568E-3
4.331277917E0,9.999956665E-1,2.400326502E-3,1.738135685E-3,-6.659908164E-5,3.373559777E-1,2.750454177E-1,1.991935347E-1,-7.153616115E-3
4.341239917E0,9.999956045E-1,2.396405953E-3,1.740778497E-3,-6.545620877E-5,3.397607648E-1,2.745963457E-1,1.994960229E-1,-7.022707111E-3
4.351201917E0,9.999956017E-1,2.400651589E-3,1.746647389E-3,-6.598785694E-5,3.398675879E-1,2.750827263E-1,2.001687272E-1,-7.081168447E-3
4.361163917E0,9.999955490E-1,2.404209322E-3,1.750651040E-3,-6.291148310E-5,3.418977091E-1,2.754909980E-1,2.006266813E-1,-6.726826068E-3
4.371125917E0,9.999955997E-1,2.412013873E-3,1.757862895E-3,-6.549124556E-5,3.399465693E-1,2.763848018E-1,2.014538800E-1,-7.018887282E-3
4.381087917E0,9.999956010E-1,2.420291444E-3,1.755071818E-3,-6.709997566E-5,3.398937222E-1,2.773330467E-1,2.011345541E-1,-7.202341054E-3
4.391049917E0,9.999955736E-1,2.422709849E-3,1.754672436E-3,-6.981123740E-5,3.409518023E-1,2.776096287E-1,2.010895540E-1,-7.512653568E-3
4.401011917E0,9.999955107E-1,2.424127455E-3,1.755006421E-3,-7.092131350E-5,3.433663581E-1,2.777718339E-1,2.011281330E-1,-7.639480830E-3
4.410974917E0,9.999954848E-1,2.428234814E-3,1.757075008E-3,-6.788021601E-5,3.443546146E-1,2.782431013E-1,2.013643579E-1,-7.289594416E-3
4.420936917E0,9.999955859E-1,2.431075888E-3,1.750281921E-3,-6.709212282E-5,3.404763432E-1,2.785688945E-1,2.005857490E-1,-7.200606265E-3
4.430898917E0,9.999955084E-1,2.437769740E-3,1.742890198E-3,-7.478988485E-5,3.434520314E-1,2.793344472E-1,1.997409050E-1,-8.083427553E-3
4.440860917E0,9.999955359E-1,2.437643148E-3,1.742132550E-3,-7.785012291E-5,3.424024522E-1,2.793193424E-1,1.996549440E-1,-8.434342685E-3
4.450822917E0,9.999955244E-1,2.438007457E-3,1.743665218E-3,-7.982013703E-5,3.428407165E-1,2.793606821E-1,1.998311264E-1,-8.659589106E-3
4.460784917E0,9.999955189E-1,2.440920734E-3,1.754035457E-3,-8.228645469E-5,3.430528941E-1,2.796939518E-1,2.010201856E-1,-8.938726577E-3
4.470746917E0,9.999955154E-1,2.442328832E-3,1.762026393E-3,-8.574833180E-5,3.431877015E-1,2.798545506E-1,2.019368623E-1,-9.332910166E-3
4.480708917E0,9.999954971E-1,2.440246099E-3,1.769454347E-3,-9.267022870E-5,3.438874326E-1,2.796144168E-1,2.027899561E-1,-1.012444627E-2
4.490670917E0,9.999954909E-1,2.443287094E-3,1.773570849E-3,-1.005763403E-4,3.441203865E-1,2.799612498E-1,2.032639180E-1,-1.102865264E-2
4.500632917E0,9.999954479E-1,2.438846084E-3,1.780106886E-3,-1.082918858E-4,3.457573662E-1,2.794506923E-1,2.040149903E-1,-1.191186657E-2
4.510594917E0,9.999954625E-1,2.430302035E-3,1.780037271E-3,-1.151760581E-4,3.452033218E-1,2.784702037E-1,2.040088271E-1,-1.270249848E-2
4.520557917E0,9.999954888E-1,2.423249481E-3,1.774245345E-3,-1.205317692E-4,3.442026277E-1,2.776610130E-1,2.033465196E-1,-1.331926561E-2
4.530519917E0,9.999955970E-1,2.413963885E-3,1.760717298E-3,-1.241744642E-4,3.400496111E-1,2.765964031E-1,2.017972181E-1,-1.374231874E-2
4.540481917E0,9.999955627E-1,2.407276602E-3,1.759449910E-3,-1.249158428E-4,3.413713160E-1,2.758299433E-1,2.016520884E-1,-1.382897288E-2
4.550443917E0,9.999955712E-1,2.401861134E-3,1.759186586E-3,-1.271534392E-4,3.410439704E-1,2.752089225E-1,2.016224536E-1,-1.408654744E-2
4.560405917E0,9.999955839E-1,2.401641641E-3,1.770526155E-3,-1.292622896E-4,3.405560392E-1,2.751832027E-1,2.029224546E-1,-1.432512916E-2
4.570367917E0,9.999955478E-1,2.397468570E-3,1.788853648E-3,-1.268608082E-4,3.419449386E-1,2.747052442E-1,2.050219057E-1,-1.404575197E-2
4.580329917E0,9.999955087E-1,2.396037760E-3,1.807226059E-3,-1.285444538E-4,3.434404410E-1,2.745406931E-1,2.071276665E-1,-1.423393407E-2
4.590291917E0,9.999954433E-1,2.398538454E-3,1.819419105E-3,-1.316278885E-4,3.459344099E-1,2.748264393E-1,2.085257604E-1,-1.458340151E-2
4.600253917E0,9.999954483E-1,2.401018176E-3,1.833129482E-3,-1.326028573E-4,3.457445324E-1,2.751102157E-1,2.100971638E-1,-1.469083724E-2
4.610215917E0,9.999953863E-1,2.402236647E-3,1.836753972E-3,-1.340827324E-4,3.480900742E-1,2.752494678E-1,2.105129136E-1,-1.485916455E-2
4.620177917E0,9.999953919E-1,2.399004551E-3,1.834352876E-3,-1.474423143E-4,3.478798515E-1,2.748763172E-1,2.102413917E-1,-1.639140337E-2
4.630139917E0,9.999955198E-1,2.392305258E-3,1.822673224E-3,-1.586585071E-4,3.430188834E-1,2.741064906E-1,2.089059878E-1,-1.768129806E-2
4.640102917E0,9.999955077E-1,2.388345920E-3,1.799859871E-3,-1.665386943E-4,3.434816069E-1,2.736515187E-1,2.062938469E-1,-1.859137036E-2
4.650064917E0,9.999955266E-1,2.381638833E-3,1.786796705E-3,-1.814274382E-4,3.427567075E-1,2.728801133E-1,2.048008547E-1,-2.030244522E-2
4.660026917E0,9.999955624E-1,2.374406145E-3,1.773156568E-3,-1.913567454E-4,3.413847798E-1,2.720495467E-1,2.032403657E-1,-2.144545322E-2
4.669988917E0,9.999956161E-1,2.370537525E-3,1.750913416E-3,-1.922647241E-4,3.393093896E-1,2.716065073E-1,2.006916564E-1,-2.155632623E-2
4.679950917E0,9.999956261E-1,2.362837287E-3,1.744018399E-3,-2.017257488E-4,3.389225680E-1,2.707223644E-1,1.999039382E-1,-2.264389282E-2
4.689912917E0,9.999956438E-1,2.362463101E-3,1.737635546E-3,-2.116715572E-4,3.382382079E-1,2.706776452E-1,1.991752033E-1,-2.378540268E-2
4.699874917E0,9.999956813E-1,2.361120997E-3,1.737956588E-3,-2.195472096E-4,3.367766786E-1,2.705222840E-1,1.992140980E-1,-2.468806895E-2
4.709836917E0,9.999956245E-1,2.360229970E-3,1.747295469E-3,-2.192073454E-4,3.389860974E-1,2.704200138E-1,2.002841310E-1,-2.464677511E-2
4.719798917E0,9.999956789E-1,2.367824836E-3,1.753857827E-3,-2.250908363E-4,3.368717814E-1,2.712890125E-1,2.010379213E-1,-2.531767603E-2
4.729760917E0,9.999956738E-1,2.375580936E-3,1.765863514E-3,-2.281300547E-4,3.370702453E-1,2.721769047E-1,2.024147007E-1,-2.566112047E-2
4.739722917E0,9.999956561E-1,2.381664792E-3,1.776515104E-3,-2.248484446E-4,3.377581901E-1,2.728744778E-1,2.036345452E-1,-2.528093822E-2
4.749685917E0,9.999955352E-1,2.384442023E-3,1.779432578E-3,-2.210951629E-4,3.424273610E-1,2.731933921E-1,2.039678851E-1,-2.484947784E-2
4.759647917E0,9.999955508E-1,2.376162462E-3,1.784848307E-3,-2.143726384E-4,3.418286236E-1,2.722458642E-1,2.045864460E-1,-2.407934670E-2
4.769609917E0,9.999956103E-1,2.369469458E-3,1.798257191E-3,-2.102485642E-4,3.395352889E-1,2.714794550E-1,2.061217220E-1,-2.360449346E-2
4.779571917E0,9.999956051E-1,2.371194925E-3,1.810407708E-3,-2.094911368E-4,3.397365000E-1,2.716770685E-1,2.075139063E-1,-2.351404331E-2
4.789533917E0,9.999955900E-1,2.367400248E-3,1.817188646E-3,-2.074534775E-4,3.403211530E-1,2.712424954E-1,2.082902992E-1,-2.327949269E-2
4.799495917E0,9.999956108E-1,2.363474221E-3,1.807484790E-3,-2.048850045E-4,3.395151570E-1,2.707933490E-1,2.071775323E-1,-2.298861125E-2
4.809457917E0,9.999956250E-1,2.356082223E-3,1.794303409E-3,-2.073650171E-4,3.389659319E-1,2.699460550E-1,2.056675530E-1,-2.327788840E-2
4.819419917E0,9.999955867E-1,2.349790646E-3,1.774337746E-3,-2.107388168E-4,3.404458006E-1,2.692248237E-1,2.033804031E-1,-2.367116365E-2
4.829381917E0,9.999956720E-1,2.346245751E-3,1.749908946E-3,-2.142320971E-4,3.371424124E-1,2.688184695E-1,2.005819346E-1,-2.407875157E-2
4.839343917E0,9.999957136E-1,2.339733423E-3,1.732636719E-3,-2.117536142E-4,3.355157936E-1,2.680730971E-1,1.986018635E-1,-2.380067279E-2
4.849305917E0,9.999957646E-1,2.341151354E-3,1.724765569E-3,-2.136893751E-4,3.335141729E-1,2.682353896E-1,1.977004585E-1,-2.402432512E-2
4.859268917E0,9.999957486E-1,2.342874751E-3,1.733837669E-3,-2.122099278E-4,3.341432492E-1,2.684329632E-1,1.987396882E-1,-2.385201751E-2
4.869230917E0,9.999957077E-1,2.345199668E-3,1.743716052E-3,-2.065762078E-4,3.357475823E-1,2.687002755E-1,1.998702039E-1,-2.320332351E-2
4.879192917E0,9.999956686E-1,2.347414299E-3,1.757776656E-3,-2.049164354E-4,3.372733244E-1,2.689540741E-1,2.014810315E-1,-2.300890384E-2
4.889154917E0,9.999956904E-1,2.345785030E-3,1.775171110E-3,-2.061051790E-4,3.364250623E-1,2.687667599E-1,2.034745786E-1,-2.314077984E-2
4.899116917E0,9.999956320E-1,2.344997358E-3,1.776958185E-3,-2.074411778E-4,3.386954144E-1,2.686761717E-1,2.036796912E-1,-2.329355326E-2
4.909078917E0,9.999956126E-1,2.343230382E-3,1.774420738E-3,-2.063104357E-4,3.394472368E-1,2.684739687E-1,2.033885711E-1,-2.316501977E-2
4.919040292E0,9.999956828E-1,2.339258518E-3,1.771434588E-3,-1.999640970E-4,3.367183082E-1,2.680201927E-1,2.030446020E-1,-2.243939070E-2
4.929002292E0,9.999956917E-1,2.336795967E-3,1.772382517E-3,-1.919833763E-4,3.363720478E-1,2.677396049E-1,2.031510352E-1,-2.152511198E-2
4.938964292E0,9.999956145E-1,2.336144868E-3,1.779608391E-3,-1.876188553E-4,3.393712484E-1,2.676657176E-1,2.039778626E-1,-2.102317097E-2
4.948926292E0,9.999956911E-1,2.338224765E-3,1.783237641E-3,-1.808679417E-4,3.363943612E-1,2.679053882E-1,2.043919963E-1,-2.024817721E-2
4.958888292E0,9.999956202E-1,2.338301834E-3,1.781218324E-3,-1.769812931E-4,3.391536179E-1,2.679150321E-1,2.041595449E-1,-1.980332276E-2
4.968851292E0,9.999956615E-1,2.337950424E-3,1.777679836E-3,-1.739336720E-4,3.375487154E-1,2.678754599E-1,2.037532479E-1,-1.945511045E-2
4.978813292E0,9.999956762E-1,2.338930582E-3,1.767794699E-3,-1.678543046E-4,3.369756004E-1,2.679891928E-1,2.026188856E-1,-1.876091358E-2
4.988775292E0,9.999957181E-1,2.334780339E-3,1.756039878E-3,-1.667865382E-4,3.353405969E-1,2.675140340E-1,2.012715227E-1,-1.864254130E-2
4.998737292E0,9.999957586E-1,2.332777387E-3,1.745048453E-3,-1.631768204E-4,3.337497748E-1,2.672854317E-1,2.000110008E-1,-1.823223793E-2
5.008699292E0,9.999958047E-1,2.329524200E-3,1.732483814E-3,-1.597864264E-4,3.319326933E-1,2.669135363E-1,1.985702399E-1,-1.784773054E-2
5.018661292E0,9.999958564E-1,2.325664365E-3,1.734673986E-3,-1.550536176E-4,3.298816691E-1,2.664721446E-1,1.988198938E-1,-1.730557338E-2
5.028623292E0,9.999958699E-1,2.325219669E-3,1.738285219E-3,-1.562774082E-4,3.293420664E-1,2.664208879E-1,1.992340323E-1,-1.744493658E-2
5.038585292E0,9.999957122E-1,2.326400836E-3,1.749492227E-3,-1.554500532E-4,3.355705369E-1,2.665561854E-1,2.005180324E-1,-1.734690410E-2
5.048547292E0,9.999957803E-1,2.329245069E-3,1.765855376E-3,-1.522800386E-4,3.328964191E-1,2.668825135E-1,2.023923329E-1,-1.697871190E-2
5.058509292E0,9.999957417E-1,2.335938790E-3,1.774180019E-3,-1.532095387E-4,3.344160059E-1,2.676492385E-1,2.033466264E-1,-1.708164247E-2
5.068471292E0,9.999956446E-1,2.341440059E-3,1.781444733E-3,-1.515976717E-4,3.382069875E-1,2.682798350E-1,2.041787473E-1,-1.689386726E-2
5.078434292E0,9.999956511E-1,2.342076302E-3,1.773417544E-3,-1.465332271E-4,3.379553270E-1,2.683538991E-1,2.032575507E-1,-1.631554715E-2
5.088396292E0,9.999957602E-1,2.341860379E-3,1.761710305E-3,-1.459064200E-4,3.336890203E-1,2.683294860E-1,2.019158475E-1,-1.624690630E-2
5.098358292E0,9.999956826E-1,2.338296671E-3,1.757148912E-3,-1.437297116E-4,3.367268881E-1,2.679215951E-1,2.013924908E-1,-1.599941326E-2
5.108320292E0,9.999957293E-1,2.343410794E-3,1.757196544E-3,-1.427970664E-4,3.349026459E-1,2.685078374E-1,2.013977923E-1,-1.589149801E-2
5.118282292E0,9.999956542E-1,2.350339935E-3,1.752304838E-3,-1.417841044E-4,3.378320029E-1,2.693021228E-1,2.008370685E-1,-1.577534136E-2
5.128244292E0,9.999956549E-1,2.350593227E-3,1.750494862E-3,-1.387785222E-4,3.378054684E-1,2.693317773E-1,2.006288549E-1,-1.543136286E-2
5.138206292E0,9.999956948E-1,2.346557166E-3,1.753905110E-3,-1.382110099E-4,3.362507359E-1,2.688693499E-1,2.010194324E-1,-1.536622422E-2
5.148168292E0,9.999956715E-1,2.350351767E-3,1.750916880E-3,-1.365126405E-4,3.371607174E-1,2.693045609E-1,2.006766038E-1,-1.517164655E-2
5.158130292E0,9.999957002E-1,2.354130144E-3,1.743582263E-3,-1.330629449E-4,3.360389496E-1,2.697383345E-1,1.998352513E-1,-1.477756003E-2
5.168092292E0,9.999957589E-1,2.353095403E-3,1.748934444E-3,-1.305842480E-4,3.337409895E-1,2.696202014E-1,2.004478948E-1,-1.449228674E-2
5.178054292E0,9.999957606E-1,2.356959610E-3,1.747007740E-3,-1.291249773E-4,3.336723241E-1,2.700633305E-1,2.002267744E-1,-1.432481209E-2
5.188017292E0,9.999956983E-1,2.359910652E-3,1.742926758E-3,-1.266640075E-4,3.361164987E-1,2.704020267E-1,1.997584932E-1,-1.404331671E-2
5.197979292E0,9.999957222E-1,2.360751608E-3,1.737448604E-3,-1.278106759E-4,3.351805806E-1,2.704982418E-1,1.991310691E-1,-1.417602929E-2
5.207941292E0,9.999956947E-1,2.367129307E-3,1.737381151E-3,-1.245719576E-4,3.362548894E-1,2.712297199E-1,1.991225489E-1,-1.380364696E-2
5.217903292E0,9.999957044E-1,2.370946791E-3,1.739693982E-3,-1.281625957E-4,3.358753913E-1,2.716664352E-1,1.993886122E-1,-1.421371646E-2
5.227865292E0,9.999957003E-1,2.375066634E-3,1.740269398E-3,-1.282394941E-4,3.360376795E-1,2.721385168E-1,1.994546308E-1,-1.422155046E-2
5.237827292E0,9.999956011E-1,2.379246961E-3,1.745527069E-3,-1.205007622E-4,3.398897729E-1,2.726190069E-1,2.000550483E-1,-1.333248752E-2
5.247789292E0,9.999956143E-1,2.375935071E-3,1.763905736E-3,-1.145054316E-4,3.393790629E-1,2.722404840E-1,2.021594167E-1,-1.264113248E-2
5.257751292E0,9.999955825E-1,2.376520740E-3,1.758955020E-3,-1.077483126E-4,3.406072070E-1,2.723090064E-1,2.015902665E-1,-1.186805129E-2
5.267713292E0,9.999956678E-1,2.372762318E-3,1.775318450E-3,-9.762259303E-5,3.373028989E-1,2.718802299E-1,2.034625986E-1,-1.070403774E-2
5.277675292E0,9.999956083E-1,2.374680719E-3,1.768919273E-3,-9.433726651E-5,3.396136579E-1,2.721007743E-1,2.027284210E-1,-1.032891626E-2
5.287637292E0,9.999956034E-1,2.379263870E-3,1.768404234E-3,-9.466585438E-5,3.398007748E-1,2.726259084E-1,2.026695399E-1,-1.036578103E-2
5.297600292E0,9.999956065E-1,2.382159521E-3,1.757095980E-3,-9.494432311E-5,3.396809713E-1,2.729577755E-1,2.013738152E-1,-1.040019057E-2
5.307562292E0,9.999956308E-1,2.383980553E-3,1.752581507E-3,-1.006260572E-4,3.387404167E-1,2.731653592E-1,2.008580705E-1,-1.105213706E-2
5.317524292E0,9.999956289E-1,2.383772017E-3,1.737302000E-3,-1.032439909E-4,3.388148884E-1,2.731410878E-1,1.991078774E-1,-1.135634513E-2
5.327486292E0,9.999956425E-1,2.384853725E-3,1.725676598E-3,-1.071177857E-4,3.382891763E-1,2.732643972E-1,1.977767763E-1,-1.180321099E-2
5.337448292E0,9.999956743E-1,2.385708267E-3,1.734402403E-3,-1.086010106E-4,3.370498642E-1,2.733619451E-1,1.987771039E-1,-1.197062296E-2
5.347410292E0,9.999956919E-1,2.387440783E-3,1.717906707E-3,-1.083494146E-4,3.363635583E-1,2.735607079E-1,1.968867895E-1,-1.194595959E-2
5.357372292E0,9.999957397E-1,2.387964079E-3,1.715620513E-3,-1.130876372E-4,3.344919204E-1,2.736197797E-1,1.966261231E-1,-1.248944379E-2
5.367334292E0,9.999957813E-1,2.384805173E-3,1.708012548E-3,-1.138365135E-4,3.328552303E-1,2.732577401E-1,1.957544849E-1,-1.257795886E-2
5.377296292E0,9.999957464E-1,2.380241567E-3,1.707406613E-3,-1.138640737E-4,3.342299666E-1,2.727347744E-1,1.956849909E-1,-1.258217500E-2
5.387258292E0,9.999956925E-1,2.379601471E-3,1.708732297E-3,-1.095555510E-4,3.363396139E-1,2.726622380E-1,1.958357097E-1,-1.208821706E-2
5.397220292E0,9.999956315E-1,2.381523888E-3,1.711465393E-3,-1.065315379E-4,3.387140583E-1,2.728830808E-1,1.961480867E-1,-1.174056732E-2
5.407183292E0,9.999957043E-1,2.381577849E-3,1.726246762E-3,-1.042782824E-4,3.358788796E-1,2.728895773E-1,1.978413096E-1,-1.147832034E-2
5.417145292E0,9.999956728E-1,2.386918718E-3,1.728714759E-3,-1.047295147E-4,3.371095186E-1,2.735014809E-1,1.981243027E-1,-1.152829610E-2
5.427107292E0,9.999956134E-1,2.388219931E-3,1.738477982E-3,-1.077111969E-4,3.394155032E-1,2.736498820E-1,1.992439073E-1,-1.186704268E-2
5.437069292E0,9.999955551E-1,2.391335884E-3,1.742470333E-3,-1.128559346E-4,3.416646088E-1,2.740058637E-1,1.997028344E-1,-1.245487201E-2
5.447031292E0,9.999957125E-1,2.397415025E-3,1.721461335E-3,-1.202003291E-4,3.355613209E-1,2.747013172E-1,1.972975041E-1,-1.330103711E-2
5.456993292E0,9.999957103E-1,2.389084031E-3,1.720826425E-3,-1.244289712E-4,3.356454924E-1,2.737458162E-1,1.972257913E-1,-1.378742175E-2
5.466955292E0,9.999957397E-1,2.385772870E-3,1.704711673E-3,-1.311268232E-4,3.344951145E-1,2.733652794E-1,1.953809634E-1,-1.455999774E-2
5.476917292E0,9.999957761E-1,2.385936084E-3,1.690340394E-3,-1.304920659E-4,3.330624163E-1,2.733843048E-1,1.937339697E-1,-1.449115629E-2
5.486879292E0,9.999958126E-1,2.378603703E-3,1.689480537E-3,-1.317226563E-4,3.316185389E-1,2.725438480E-1,1.936356699E-1,-1.463382690E-2
5.496841292E0,9.999957302E-1,2.371234483E-3,1.688894982E-3,-1.347427878E-4,3.348658319E-1,2.716987877E-1,1.935692637E-1,-1.498149348E-2
5.506804292E0,9.999958148E-1,2.371158563E-3,1.670117898E-3,-1.336438785E-4,3.315334293E-1,2.716905767E-1,1.914172818E-1,-1.486068371E-2
5.516766292E0,9.999957976E-1,2.359236887E-3,1.671503923E-3,-1.335301301E-4,3.322109957E-1,2.703244345E-1,1.915758922E-1,-1.484955585E-2
5.526728292E0,9.999957619E-1,2.352312009E-3,1.675869016E-3,-1.283195371E-4,3.336203152E-1,2.695318241E-1,1.920745783E-1,-1.425261468E-2
5.536690292E0,9.999957897E-1,2.353295457E-3,1.681889494E-3,-1.201004352E-4,3.325247063E-1,2.696460343E-1,1.927622786E-1,-1.330896217E-2
5.546652292E0,9.999958204E-1,2.356941053E-3,1.705499110E-3,-1.203322958E-4,3.313096843E-1,2.700634753E-1,1.954678642E-1,-1.332845476E-2
5.556614292E0,9.999957533E-1,2.370693058E-3,1.709202638E-3,-1.190079036E-4,3.339598644E-1,2.716395562E-1,1.958920747E-1,-1.317299599E-2
5.566576292E0,9.999957046E-1,2.380286903E-3,1.719882504E-3,-1.173554900E-4,3.358673842E-1,2.727391307E-1,1.971155698E-1,-1.297885121E-2
5.576538292E0,9.999957392E-1,2.382685987E-3,1.713815794E-3,-1.196328487E-4,3.345122508E-1,2.730136815E-1,1.964210357E-1,-1.324100126E-2
5.586500292E0,9.999957366E-1,2.380107202E-3,1.714298754E-3,-1.186434999E-4,3.346161812E-1,2.727183586E-1,1.964760733E-1,-1.312800478E-2
5.596462292E0,9.999957965E-1,2.373712170E-3,1.707022419E-3,-1.218032680E-4,3.322553736E-1,2.719850160E-1,1.956430496E-1,-1.349332380E-2
5.606424292E0,9.999958223E-1,2.371152143E-3,1.701908116E-3,-1.224825836E-4,3.312367814E-1,2.716915911E-1,1.950571466E-1,-1.357305806E-2
5.616386292E0,9.999958694E-1,2.371903506E-3,1.676450240E-3,-1.224047467E-4,3.293620880E-1,2.717780305E-1,1.921398829E-1,-1.357090988E-2
5.626349292E0,9.999957807E-1,2.357266812E-3,1.680302607E-3,-1.199350532E-4,3.328818517E-1,2.701011721E-1,1.925804428E-1,-1.328967375E-2
5.636311292E0,9.999957884E-1,2.351111822E-3,1.685487475E-3,-1.224231728E-4,3.325762530E-1,2.693953130E-1,1.931751730E-1,-1.357458049E-2
5.646273292E0,9.999958605E-1,2.360807921E-3,1.664351448E-3,-1.237152682E-4,3.297190228E-1,2.705064494E-1,1.907536586E-1,-1.372648821E-2
5.656235292E0,9.999958232E-1,2.353986987E-3,1.660483476E-3,-1.247794750E-4,3.311998402E-1,2.697246535E-1,1.903106043E-1,-1.385078089E-2
5.666197292E0,9.999958468E-1,2.339984090E-3,1.683968762E-3,-1.264579737E-4,3.302608793E-1,2.681194086E-1,1.930020781E-1,-1.403949251E-2
5.676159292E0,9.999958513E-1,2.353283723E-3,1.662787039E-3,-1.251102536E-4,3.300839625E-1,2.696439801E-1,1.905746581E-1,-1.388819861E-2
5.686121292E0,9.999957824E-1,2.356101799E-3,1.680877494E-3,-1.220638621E-4,3.328119336E-1,2.699672534E-1,1.926468792E-1,-1.353368682E-2
5.696083292E0,9.999957282E-1,2.354213410E-3,1.717544674E-3,-1.200949597E-4,3.349460758E-1,2.697507844E-1,1.968480668E-1,-1.329854133E-2
5.706045292E0,9.999957201E-1,2.359986186E-3,1.696480215E-3,-1.193344377E-4,3.352607813E-1,2.704127009E-1,1.944341260E-1,-1.321595017E-2
5.716007292E0,9.999957467E-1,2.351700011E-3,1.696783106E-3,-1.185038489E-4,3.342197800E-1,2.694633284E-1,1.944685028E-1,-1.312230119E-2
5.725970292E0,9.999957370E-1,2.345522307E-3,1.697450083E-3,-1.172598946E-4,3.345977794E-1,2.687556382E-1,1.945445127E-1,-1.298077615E-2
5.735932292E0,9.999958167E-1,2.348924505E-3,1.682004030E-3,-1.184555811E-4,3.314571884E-1,2.691454767E-1,1.927749058E-1,-1.312128746E-2
5.745894292E0,9.999957803E-1,2.347736967E-3,1.689580415E-3,-1.148552136E-4,3.328951707E-1,2.690099914E-1,1.936421051E-1,-1.270690589E-2
5.755856292E0,9.999957561E-1,2.350955977E-3,1.686623959E-3,-1.122319123E-4,3.338503971E-1,2.693794014E-1,1.933026507E-1,-1.240646992E-2
5.765818292E0,9.999958003E-1,2.350878870E-3,1.669214978E-3,-1.073455086E-4,3.321074519E-1,2.693717045E-1,1.913064167E-1,-1.185123238E-2
5.775780292E0,9.999958939E-1,2.345437598E-3,1.663879314E-3,-1.043051676E-4,3.283832049E-1,2.687488338E-1,1.906941276E-1,-1.150531006E-2
5.785742292E0,9.999959131E-1,2.344163764E-3,1.663339775E-3,-1.049785076E-4,3.276153925E-1,2.686027437E-1,1.906324702E-1,-1.158285725E-2
5.795704292E0,9.999959344E-1,2.342211932E-3,1.666433756E-3,-1.052593215E-4,3.267608123E-1,2.683789978E-1,1.909870708E-1,-1.161457830E-2
5.805666292E0,9.999958631E-1,2.346619081E-3,1.673314585E-3,-1.052105447E-4,3.296152271E-1,2.688839457E-1,1.917755832E-1,-1.160629669E-2
5.815628292E0,9.999957942E-1,2.352357364E-3,1.682125777E-3,-1.036249445E-4,3.323488091E-1,2.695417095E-1,1.927849015E-1,-1.142112441E-2
5.825590292E0,9.999958225E-1,2.355759513E-3,1.681004938E-3,-1.000284864E-4,3.312288973E-1,2.699322837E-1,1.926555376E-1,-1.100864707E-2
5.835553292E0,9.999958436E-1,2.348611599E-3,1.684573584E-3,-9.523718699E-5,3.303913301E-1,2.691140790E-1,1.930631075E-1,-1.046002073E-2
5.845515292E0,9.999958876E-1,2.350029711E-3,1.691704630E-3,-9.148697412E-5,3.286352135E-1,2.692772586E-1,1.938792806E-1,-1.002808417E-2
5.855477292E0,9.999958450E-1,2.355637467E-3,1.662816186E-3,-9.670443640E-5,3.303336300E-1,2.699191132E-1,1.905703629E-1,-1.063267073E-2
5.865439292E0,9.999958908E-1,2.339331811E-3,1.687802499E-3,-1.029341027E-4,3.285064306E-1,2.680491748E-1,1.934350857E-1,-1.134295025E-2
5.875401292E0,9.999958518E-1,2.350253316E-3,1.675872015E-3,-9.734481167E-5,3.300631694E-1,2.693018849E-1,1.920665668E-1,-1.070356317E-2
5.885363292E0,9.999958588E-1,2.359630361E-3,1.662440808E-3,-9.586313741E-5,3.297862468E-1,2.703768383E-1,1.905271670E-1,-1.053560563E-2
5.895325292E0,9.999958043E-1,2.344298036E-3,1.706004974E-3,-9.304595921E-5,3.319490239E-1,2.686199978E-1,1.955183244E-1,-1.020400060E-2
5.905287292E0,9.999958767E-1,2.356960381E-3,1.658471937E-3,-9.358244817E-5,3.290710787E-1,2.700713520E-1,1.900717253E-1,-1.027583804E-2
5.915249417E0,9.999958700E-1,2.337973779E-3,1.668994953E-3,-9.408062803E-5,3.293404204E-1,2.678954296E-1,1.912775045E-1,-1.033371508E-2
5.925211417E0,9.999959079E-1,2.335277922E-3,1.651037796E-3,-9.629963799E-5,3.278235033E-1,2.675862554E-1,1.892203349E-1,-1.059331543E-2
5.935173417E0,9.999960029E-1,2.335241885E-3,1.643253955E-3,-1.024511641E-4,3.239967824E-1,2.675810649E-1,1.883300349E-1,-1.130031968E-2
5.945136417E0,9.999959475E-1,2.324973308E-3,1.658369436E-3,-1.045127302E-4,3.262320567E-1,2.664038009E-1,1.900625621E-1,-1.153446507E-2
5.955098417E0,9.999958768E-1,2.330539772E-3,1.640228179E-3,-1.079759672E-4,3.290673354E-1,2.670411941E-1,1.879847026E-1,-1.193510809E-2
5.965060417E0,9.999959833E-1,2.328917543E-3,1.642892497E-3,-1.098655311E-4,3.247909281E-1,2.668549424E-1,1.882905155E-1,-1.215123186E-2
5.975022417E0,9.999960117E-1,2.322950957E-3,1.649462083E-3,-1.072977696E-4,3.236401554E-1,2.661716354E-1,1.890425824E-1,-1.185636302E-2
5.984984417E0,9.999959946E-1,2.321109226E-3,1.644618173E-3,-1.081034515E-4,3.243318320E-1,2.659604806E-1,1.884876989E-1,-1.195032342E-2
5.994946417E0,9.999960309E-1,2.317551936E-3,1.647947471E-3,-1.106647515E-4,3.228583199E-1,2.655523308E-1,1.888698519E-1,-1.224361416E-2
6.004908417E0,9.999959919E-1,2.319367828E-3,1.644809776E-3,-1.086089790E-4,3.244417275E-1,2.657608307E-1,1.885097672E-1,-1.200852993E-2
6.014870417E0,9.999959373E-1,2.323237425E-3,1.660701514E-3,-1.098578610E-4,3.266435894E-1,2.662038373E-1,1.903311992E-1,-1.214668193E-2
6.024832417E0,9.999958537E-1,2.328603568E-3,1.673651095E-3,-1.051712489E-4,3.299888776E-1,2.668194960E-1,1.918139151E-1,-1.160515828E-2
6.034794417E0,9.999958370E-1,2.329087034E-3,1.674159617E-3,-1.024660449E-4,3.306504766E-1,2.668754071E-1,1.918714681E-1,-1.129493568E-2
6.044757417E0,9.999959336E-1,2.333342964E-3,1.665309382E-3,-1.049336238E-4,3.267947428E-1,2.673627499E-1,1.908580326E-1,-1.157925021E-2
6.054719417E0,9.999959296E-1,2.332575256E-3,1.651017961E-3,-1.051203688E-4,3.269539976E-1,2.672748860E-1,1.892203939E-1,-1.160461501E-2
6.064681417E0,9.999958989E-1,2.325315345E-3,1.646867750E-3,-1.059875279E-4,3.281841550E-1,2.664428221E-1,1.887449520E-1,-1.170646298E-2
6.074643417E0,9.999959997E-1,2.315813688E-3,1.628447035E-3,-1.099002935E-4,3.241270318E-1,2.653534876E-1,1.866350327E-1,-1.216151482E-2
6.084605417E0,9.999960764E-1,2.308784749E-3,1.617448971E-3,-1.073483684E-4,3.210027324E-1,2.645486338E-1,1.853739963E-1,-1.187330684E-2
6.094567417E0,9.999960578E-1,2.310775634E-3,1.602204737E-3,-1.100632748E-4,3.217623396E-1,2.647764333E-1,1.836278735E-1,-1.218807880E-2
6.104529417E0,9.999959622E-1,2.308369349E-3,1.618457430E-3,-1.099900962E-4,3.256404324E-1,2.645005011E-1,1.854902298E-1,-1.217583582E-2
6.114491417E0,9.999959502E-1,2.311575385E-3,1.625539010E-3,-1.117395028E-4,3.261235306E-1,2.648674839E-1,1.863022217E-1,-1.237383329E-2
6.124453417E0,9.999960534E-1,2.319893283E-3,1.623547195E-3,-1.104575684E-4,3.219432361E-1,2.658209443E-1,1.860737611E-1,-1.222591549E-2
6.134415417E0,9.999959121E-1,2.318672944E-3,1.639330599E-3,-1.164095959E-4,3.276560485E-1,2.656797739E-1,1.878839480E-1,-1.290400132E-2
6.144377417E0,9.999959419E-1,2.322102325E-3,1.644799604E-3,-1.119203775E-4,3.264604127E-1,2.660735475E-1,1.885095074E-1,-1.238747544E-2
6.154340417E0,9.999959897E-1,2.322374617E-3,1.640964825E-3,-1.088837966E-4,3.245321711E-1,2.661053764E-1,1.880692778E-1,-1.204047793E-2
6.164302417E0,9.999959773E-1,2.319968637E-3,1.658382357E-3,-1.061364692E-4,3.250341086E-1,2.658300000E-1,1.900644201E-1,-1.172148012E-2
6.174264417E0,9.999959903E-1,2.327486660E-3,1.653117929E-3,-1.072744786E-4,3.245066242E-1,2.666913552E-1,1.894615577E-1,-1.185186172E-2
6.184226417E0,9.999959210E-1,2.325168350E-3,1.645219332E-3,-1.127597956E-4,3.273004919E-1,2.664247239E-1,1.885578637E-1,-1.248297584E-2
6.194188417E0,9.999959474E-1,2.321162603E-3,1.650194110E-3,-1.125159653E-4,3.262380599E-1,2.659656911E-1,1.891278205E-1,-1.245446764E-2
6.204150417E0,9.999960135E-1,2.325730970E-3,1.621881504E-3,-1.170000663E-4,3.235678447E-1,2.664886936E-1,1.858846968E-1,-1.297498871E-2
6.214112417E0,9.999960084E-1,2.320223926E-3,1.616976931E-3,-1.222535169E-4,3.237740718E-1,2.658567078E-1,1.853239955E-1,-1.357931762E-2
6.224074417E0,9.999959913E-1,2.319118544E-3,1.618496517E-3,-1.236590508E-4,3.244648399E-1,2.657297549E-1,1.854984824E-1,-1.374018102E-2
6.234036417E0,9.999959726E-1,2.327524815E-3,1.614997624E-3,-1.257305788E-4,3.252207367E-1,2.666927094E-1,1.850982064E-1,-1.397693448E-2
6.243998417E0,9.999960175E-1,2.328103759E-3,1.627280573E-3,-1.251601865E-4,3.234052147E-1,2.667590149E-1,1.865055949E-1,-1.390818999E-2
6.253961417E0,9.999959515E-1,2.333213445E-3,1.623924724E-3,-1.281981856E-4,3.260747517E-1,2.673440082E-1,1.861219158E-1,-1.425626266E-2
6.263923417E0,9.999959349E-1,2.334772356E-3,1.616337325E-3,-1.306830454E-4,3.267406261E-1,2.675222821E-1,1.852531475E-1,-1.454274591E-2
6.273885417E0,9.999959420E-1,2.335573054E-3,1.623490735E-3,-1.310404698E-4,3.264561437E-1,2.676138771E-1,1.860729778E-1,-1.458164173E-2
6.283847417E0,9.999959553E-1,2.339607384E-3,1.627778758E-3,-1.301421999E-4,3.259186747E-1,2.680762971E-1,1.865641719E-1,-1.447680789E-2
6.293809417E0,9.999958786E-1,2.350048015E-3,1.643413268E-3,-1.288814891E-4,3.289967834E-1,2.692727310E-1,1.883555589E-1,-1.432618339E-2
6.303771417E0,9.999958288E-1,2.359769598E-3,1.645242394E-3,-1.293367120E-4,3.309767552E-1,2.703866331E-1,1.885654188E-1,-1.437602219E-2
6.313733417E0,9.999958058E-1,2.363152024E-3,1.643611208E-3,-1.295655850E-4,3.318884983E-1,2.707742074E-1,1.883786062E-1,-1.440205266E-2
6.323695417E0,9.999959460E-1,2.334075302E-3,1.661600078E-3,-1.248211788E-4,3.262939749E-1,2.674429252E-1,1.904383075E-1,-1.385905178E-2
6.333657417E0,9.999964753E-1,2.087538957E-3,1.680360354E-3,-1.221266115E-4,3.042483773E-1,2.391920303E-1,1.925840111E-1,-1.359274009E-2
6.343619417E0,9.999976193E-1,1.685690077E-3,1.388075195E-3,-1.338513700E-4,2.500444467E-1,1.931452138E-1,1.590873819E-1,-1.507013019E-2
6.353581417E0,9.999984518E-1,1.515797343E-3,8.938274409E-4,-1.356235671E-4,2.016423827E-1,1.736839641E-1,1.024485335E-1,-1.538606105E-2
6.363544417E0,9.999982938E-1,1.617584733E-3,8.959663815E-4,-1.379445261E-4,2.116801033E-1,1.853476984E-1,1.026956339E-1,-1.564119893E-2
6.373506417E0,9.999971956E-1,1.896717694E-3,1.357860242E-3,-1.413115091E-4,2.713865374E-1,2.173265630E-1,1.556297908E-1,-1.589799159E-2
6.383468417E0,9.999960922E-1,2.246799745E-3,1.703126162E-3,-1.394071906E-4,3.203575982E-1,2.574384325E-1,1.951993895E-1,-1.553642108E-2
6.393430417E0,9.999953461E-1,2.449101981E-3,1.812245178E-3,-1.323480116E-4,3.496056089E-1,2.806205894E-1,2.077046317E-1,-1.465739077E-2
6.403392417E0,9.999954987E-1,2.415726236E-3,1.774329127E-3,-1.329211978E-4,3.438239479E-1,2.767963837E-1,2.033594481E-1,-1.474049869E-2
6.413354417E0,9.999960930E-1,2.269360324E-3,1.618314644E-3,-1.359210867E-4,3.203228343E-1,2.600255707E-1,1.854801437E-1,-1.515458599E-2
6.423316417E0,9.999965884E-1,2.158503328E-3,1.447798357E-3,-1.402273288E-4,2.993272244E-1,2.473239585E-1,1.659398216E-1,-1.571077198E-2
6.433278417E0,9.999967199E-1,2.133950438E-3,1.420332747E-3,-1.403403796E-4,2.934999919E-1,2.445107930E-1,1.627921469E-1,-1.573451604E-2
6.443240417E0,9.999964354E-1,2.198540217E-3,1.516750880E-3,-1.427634825E-4,3.059643038E-1,2.519104108E-1,1.738424621E-1,-1.597738412E-2
6.453202417E0,9.999961194E-1,2.297049535E-3,1.616973040E-3,-1.411142592E-4,3.192393688E-1,2.631976212E-1,1.853282101E-1,-1.574489911E-2
6.463165417E0,9.999959226E-1,2.342085188E-3,1.671562128E-3,-1.373348885E-4,3.272360887E-1,2.683582740E-1,1.915833446E-1,-1.528882128E-2
6.473127417E0,9.999960177E-1,2.319041703E-3,1.649090528E-3,-1.360513712E-4,3.233953126E-1,2.657182344E-1,1.890075995E-1,-1.515212566E-2
6.483089417E0,9.999962213E-1,2.266577019E-3,1.581166081E-3,-1.337598826E-4,3.150192894E-1,2.597075655E-1,1.812226453E-1,-1.491709314E-2
6.493051417E0,9.999964046E-1,2.209793087E-3,1.549290983E-3,-1.339409843E-4,3.072844884E-1,2.532009854E-1,1.775692321E-1,-1.495620593E-2
6.503013417E0,9.999965268E-1,2.106078043E-3,1.618437751E-3,-1.385727956E-4,3.020164094E-1,2.413142065E-1,1.854924279E-1,-1.548870713E-2
6.512975417E0,9.999966995E-1,1.991198416E-3,1.608168531E-3,-1.516631695E-4,2.944127308E-1,2.281476123E-1,1.843168545E-1,-1.701240685E-2
6.522937417E0,9.999969220E-1,1.945233909E-3,1.493339744E-3,-1.579207770E-4,2.843156292E-1,2.228812327E-1,1.711590589E-1,-1.776353542E-2
6.532899417E0,9.999970141E-1,1.955845812E-3,1.511359514E-3,-1.648137873E-4,2.800306174E-1,2.240958032E-1,1.732257283E-1,-1.854756648E-2
6.542861417E0,9.999964490E-1,2.062271317E-3,1.675689630E-3,-1.791823248E-4,3.053832680E-1,2.362856369E-1,1.920619091E-1,-2.013682548E-2
6.552823417E0,9.999956704E-1,2.276702404E-3,1.863241997E-3,-1.974559612E-4,3.372051317E-1,2.608503023E-1,2.135628898E-1,-2.214073998E-2
6.562786417E0,9.999945150E-1,2.550710783E-3,2.115241543E-3,-2.175879535E-4,3.795381710E-1,2.922394648E-1,2.424518189E-1,-2.431556069E-2
6.572748417E0,9.999927902E-1,2.865129330E-3,2.493722621E-3,-2.607592123E-4,4.351399122E-1,3.282486358E-1,2.858443008E-1,-2.906221404E-2
6.582710417E0,9.999893792E-1,3.286996282E-3,3.228175058E-3,-3.083511172E-4,5.281382117E-1,3.765545260E-1,3.700364003E-1,-3.411884257E-2
6.592672417E0,9.999826745E-1,3.903763777E-3,4.386954727E-3,-3.709679584E-4,6.745461953E-1,4.471659005E-1,5.028716763E-1,-4.054817210E-2
6.602634417E0,9.999706091E-1,4.731351623E-3,6.000748233E-3,-6.393784291E-4,8.785681746E-1,5.417644924E-1,6.879780707E-1,-7.001683904E-2
6.612596417E0,9.999500783E-1,5.745592153E-3,7.957829074E-3,-1.892288445E-3,1.145023285E0,6.567356974E-1,9.131390475E-1,-2.116174078E-1
6.622558417E0,9.999180376E-1,6.804582066E-3,9.967881858E-3,-4.277887515E-3,1.467161086E0,7.749759215E-1,1.145553495E0,-4.824993257E-1
6.632520417E0,9.998734519E-1,7.662365899E-3,1.166369631E-2,-7.644060083E-3,1.823056274E0,8.679862921E-1,1.343226852E0,-8.658635725E-1
6.642482417E0,9.998193170E-1,8.107285596E-3,1.253302527E-2,-1.177344499E-2,2.178375754E0,9.122793169E-1,1.447011071E0,-1.337798266E0
6.652444417E0,9.997547521E-1,8.010955357E-3,1.241770523E-2,-1.649841339E-2,2.537927044E0,8.946041215E-1,1.437911500E0,-1.879644872E0
6.662406417E0,9.996707303E-1,7.392958813E-3,1.149270265E-2,-2.172001224E-2,2.940731930E0,8.185372294E-1,1.335054440E0,-2.479821360E0
6.672369417E0,9.995551565E-1,6.387091645E-3,1.000809609E-2,-2.736004410E-2,3.418120218E0,7.003660892E-1,1.166438741E0,-3.128713103E0
6.682331417E0,9.993975862E-1,5.182805002E-3,8.172315527E-3,-3.332893281E-2,3.977744376E0,5.624233816E-1,9.557527965E-1,-3.815409698E0
6.692293417E0,9.991918087E-1,3.895460645E-3,6.134775462E-3,-3.953478311E-2,4.607379212E0,4.182701957E-1,7.200920977E-1,-4.529024871E0
6.702255417E0,9.989350287E-1,2.583070105E-3,4.121646281E-3,-4.588384513E-2,5.289018987E0,2.740224691E-1,4.853902146E-1,-5.258650048E0
6.712217417E0,9.986280159E-1,1.313401092E-3,2.219717850E-3,-5.230231577E-2,6.003324603E0,1.369960846E-1,2.618846050E-1,-5.995846967E0
6.722179417E0,9.982725811E-1,1.829069657E-4,8.925946604E-4,-5.874507729E-2,6.736417583E0,1.491474225E-2,1.033384557E-1,-6.735557059E0
6.732141417E0,9.978699305E-1,-3.843876721E-4,7.033077450E-4,-6.523101207E-2,7.480689492E0,-4.921098083E-2,7.754821729E-2,-7.480270794E0
6.742103417E0,9.974199875E-1,-2.787737495E-4,1.151610552E-3,-7.177801588E-2,8.233262280E0,-4.133498365E-2,1.293315302E-1,-8.232286875E0
6.752065417E0,9.969245060E-1,8.244220470E-5,1.749153695E-3,-7.834926385E-2,8.989518589E0,-6.286101753E-3,2.005623915E-1,-8.987400782E0
6.762027417E0,9.963830241E-1,2.468597953E-4,2.185258167E-3,-8.494686433E-2,9.749254809E0,6.914072352E-3,2.519101983E-1,-9.745946859E0
6.771990417E0,9.957869326E-1,1.296561880E-4,2.447815075E-3,-9.166395971E-2,1.052251183E1,-1.091686606E-2,2.806802050E-1,-1.051873936E1
6.781952417E0,9.951232821E-1,-1.543082760E-4,2.407559139E-3,-9.860961232E-2,1.132160748E1,-4.480171318E-2,2.727979108E-1,-1.131836262E1
6.791914417E0,9.943786532E-1,-6.007110837E-4,2.046497633E-3,-1.058614777E-1,1.215602172E1,-9.327595096E-2,2.259065449E-1,-1.215381675E1
6.801876417E0,9.935397390E-1,-1.212544599E-3,1.542573267E-3,-1.134675805E-1,1.303247018E1,-1.581077519E-1,1.598581067E-1,-1.303073612E1
6.811838417E0,9.925925724E-1,-1.801137383E-3,1.221191009E-3,-1.214709693E-1,1.395628350E1,-2.218657025E-1,1.138306568E-1,-1.395426122E1
6.821800417E0,9.915221346E-1,-2.158139008E-3,1.146588764E-3,-1.299145626E-1,1.493200703E1,-2.622785956E-1,9.814708267E-2,-1.492957931E1
6.831762417E0,9.903219464E-1,-2.289933388E-3,1.206577537E-3,-1.387647310E-1,1.595557724E1,-2.790550917E-1,1.005126882E-1,-1.595304357E1
6.841724417E0,9.889937421E-1,-2.366642889E-3,1.324843602E-3,-1.479328942E-1,1.701714125E1,-2.906727783E-1,1.100260353E-1,-1.701465052E1
6.851686417E0,9.875413105E-1,-2.508395141E-3,1.409118255E-3,-1.573336221E-1,1.810738496E1,-3.092670303E-1,1.142372712E-1,-1.810471145E1
6.861648417E0,9.859714883E-1,-2.748558987E-3,1.378231100E-3,-1.668855822E-1,1.921686080E1,-3.369025527E-1,1.031555722E-1,-1.921397386E1
6.871611417E0,9.842959648E-1,-3.115826324E-3,1.283094972E-3,-1.764939630E-1,2.033495646E1,-3.773936584E-1,8.170617763E-2,-2.033160445E1
6.881573417E0,9.825339517E-1,-3.614452671E-3,1.144351601E-3,-1.860452257E-1,2.144860769E1,-4.313525038E-1,5.178538071E-2,-2.144450741E1
6.891535417E0,9.807146309E-1,-4.189015452E-3,9.584096914E-4,-1.953981426E-1,2.254146018E1,-4.922341362E-1,1.391148049E-2,-2.253623731E1
6.901497417E0,9.788714173E-1,-4.802121412E-3,7.546321286E-4,-2.044193842E-1,2.359774247E1,-5.563417546E-1,-2.784103799E-2,-2.359117432E1
6.911459417E0,9.770299299E-1,-5.464181899E-3,5.825493175E-4,-2.130310867E-1,2.460841395E1,-6.260002710E-1,-6.816738198E-2,-2.460008613E1
6.921421167E0,9.752053111E-1,-6.121169059E-3,4.657388800E-4,-2.212168279E-1,2.557104134E1,-6.958669800E-1,-1.031226696E-1,-2.556088962E1
6.931383167E0,9.734033208E-1,-6.666813503E-3,3.756905681E-4,-2.290010964E-1,2.648796703E1,-7.535242112E-1,-1.330419687E-1,-2.647626606E1
6.941345167E0,9.716174491E-1,-7.042454139E-3,3.366252114E-4,-2.364526602E-1,2.736692011E1,-7.932501194E-1,-1.533392834E-1,-2.735416730E1
6.951307167E0,9.698410464E-1,-7.243305027E-3,3.620101575E-4,-2.436303353E-1,2.821456343E1,-8.151263784E-1,-1.619864451E-1,-2.820141515E1
6.961269167E0,9.680708580E-1,-7.264803777E-3,3.867470909E-4,-2.505711151E-1,2.903512021E1,-8.170405585E-1,-1.656940556E-1,-2.902222425E1
6.971232167E0,9.663116492E-1,-7.183874327E-3,4.343811648E-4,-2.572739185E-1,2.982869986E1,-8.083150107E-1,-1.636915052E-1,-2.981636851E1
6.981194167E0,9.645737394E-1,-7.119116646E-3,5.184432191E-4,-2.637165876E-1,3.059291154E1,-8.025867501E-1,-1.578331623E-1,-3.058110349E1
6.991156167E0,9.628681288E-1,-7.104157400E-3,5.500451378E-4,-2.698782386E-1,3.132522030E1,-8.008880223E-1,-1.590116401E-1,-3.131374787E1
7.001118167E0,9.612028223E-1,-7.127436757E-3,5.420551254E-4,-2.757500888E-1,3.202446660E1,-8.022144822E-1,-1.655124281E-1,-3.201312121E1
7.011080167E0,9.595854771E-1,-7.167020592E-3,5.228634583E-4,-2.813256221E-1,3.268962689E1,-8.049744283E-1,-1.735531172E-1,-3.267832454E1
7.021042167E0,9.580373885E-1,-7.218138699E-3,5.129150475E-4,-2.865521146E-1,3.331419918E1,-8.093021534E-1,-1.807090241E-1,-3.330291938E1
7.031004167E0,9.565773772E-1,-7.245614212E-3,4.867779311E-4,-2.913881753E-1,3.389298594E1,-8.105182648E-1,-1.885774293E-1,-3.388175245E1
7.040966167E0,9.552160362E-1,-7.237771713E-3,4.849597815E-4,-2.958206658E-1,3.442414407E1,-8.087151224E-1,-1.922667868E-1,-3.441308837E1
7.050928167E0,9.539687247E-1,-7.186399682E-3,4.979715521E-4,-2.998198704E-1,3.490392740E1,-8.027334661E-1,-1.924656098E-1,-3.489315765E1
7.060890167E0,9.528532075E-1,-7.114563309E-3,5.088836346E-4,-3.033480486E-1,3.532766588E1,-7.945508712E-1,-1.917461264E-1,-3.531721295E1
7.070853167E0,9.518929842E-1,-7.051335177E-3,5.155347517E-4,-3.063492283E-1,3.568851257E1,-7.872789197E-1,-1.913037642E-1,-3.567831904E1
7.080815167E0,9.511108150E-1,-7.027288871E-3,5.232905522E-4,-3.087693357E-1,3.597985917E1,-7.844432394E-1,-1.916093628E-1,-3.596977226E1
7.090777167E0,9.505184482E-1,-7.040590744E-3,5.015031705E-4,-3.105878653E-1,3.619899801E1,-7.847489338E-1,-1.959558480E-1,-3.618891332E1
7.100739167E0,9.501178724E-1,-7.064247839E-3,4.756785956E-4,-3.118105905E-1,3.634646221E1,-7.861493248E-1,-2.006223331E-1,-3.633632344E1
7.110701167E0,9.499051457E-1,-7.072472714E-3,4.761705403E-4,-3.124577974E-1,3.642453888E1,-7.869254164E-1,-2.013987924E-1,-3.641438525E1
7.120663167E0,9.498647137E-1,-7.055171958E-3,4.957348509E-4,-3.125811335E-1,3.643936029E1,-7.857167812E-1,-1.987517349E-1,-3.642928101E1
7.130625167E0,9.498719766E-1,-7.007721430E-3,5.328296137E-4,-3.125600122E-1,3.643669829E1,-7.818845541E-1,-1.929970245E-1,-3.642676647E1
7.140587167E0,9.498738266E-1,-6.999155176E-3,5.832554125E-4,-3.125546151E-1,3.643602021E1,-7.827591748E-1,-1.871970124E-1,-3.642615349E1
7.150549167E0,9.498714544E-1,-7.097588440E-3,5.992664363E-4,-3.125596660E-1,3.643688968E1,-7.940464721E-1,-1.889840303E-1,-3.642675938E1
7.160511167E0,9.498717758E-1,-7.309491289E-3,5.242350403E-4,-3.125539197E-1,3.643677189E1,-8.144269496E-1,-2.047359127E-1,-3.642597636E1
7.170473167E0,9.498681859E-1,-7.599004866E-3,4.180622387E-4,-3.125580451E-1,3.643808768E1,-8.421383855E-1,-2.266656841E-1,-3.642634248E1
7.180436167E0,9.498596752E-1,-7.885817832E-3,3.906556706E-4,-3.125769559E-1,3.644120684E1,-8.723730730E-1,-2.399390237E-1,-3.642854744E1
7.190398167E0,9.498473657E-1,-8.093928866E-3,4.458570693E-4,-3.126087706E-1,3.644571784E1,-8.969958041E-1,-2.414149904E-1,-3.643238423E1
7.200360167E0,9.498238448E-1,-8.217434188E-3,5.543889282E-4,-3.126769600E-1,3.645433592E1,-9.143105569E-1,-2.340917851E-1,-3.644067403E1
7.210322167E0,9.497387223E-1,-8.256111502E-3,6.869861873E-4,-3.129343576E-1,3.648550837E1,-9.232113732E-1,-2.212955939E-1,-3.647183129E1
7.220284167E0,9.495091315E-1,-8.247543778E-3,7.945317271E-4,-3.136301389E-1,3.656945822E1,-9.259815288E-1,-2.099623632E-1,-3.655587690E1
7.230246167E0,9.490930125E-1,-8.255900090E-3,8.684721296E-4,-3.148866413E-1,3.672113957E1,-9.292795624E-1,-2.034476359E-1,-3.670760215E1
7.240208167E0,9.484850400E-1,-8.326881685E-3,8.698472221E-4,-3.167113012E-1,3.694167304E1,-9.366520264E-1,-2.076610383E-1,-3.692795269E1
7.250170167E0,9.477063594E-1,-8.452302461E-3,7.805758035E-4,-3.190309031E-1,3.722228631E1,-9.464996370E-1,-2.242320785E-1,-3.720819556E1
7.260132167E0,9.467931889E-1,-8.609809703E-3,7.156288521E-4,-3.217267855E-1,3.754878802E1,-9.605536833E-1,-2.397782518E-1,-3.753421642E1
7.270094167E0,9.457726136E-1,-8.785629591E-3,6.541458669E-4,-3.247100938E-1,3.791048366E1,-9.765622502E-1,-2.560109267E-1,-3.789537058E1
7.280057167E0,9.446748498E-1,-8.907331097E-3,5.490972720E-4,-3.278868916E-1,3.829586074E1,-9.849254433E-1,-2.752360860E-1,-3.828035553E1
7.290019167E0,9.435383806E-1,-8.976698482E-3,5.070016366E-4,-3.311411564E-1,3.869093211E1,-9.898746426E-1,-2.858130240E-1,-3.867526357E1
7.299981167E0,9.423922457E-1,-9.012441315E-3,4.858414093E-4,-3.343880349E-1,3.908547269E1,-9.919343121E-1,-2.928743091E-1,-3.906977821E1
7.309943167E0,9.412768616E-1,-9.013654972E-3,4.678833856E-4,-3.375149648E-1,3.946578760E1,-9.903930623E-1,-2.981497474E-1,-3.945018477E1
7.319905167E0,9.402267509E-1,-8.998245891E-3,4.457277228E-4,-3.404298536E-1,3.982065763E1,-9.869400688E-1,-3.030028547E-1,-3.980520452E1
7.329867167E0,9.392657102E-1,-8.962661446E-3,4.388496544E-4,-3.430733088E-1,4.014278914E1,-9.819831061E-1,-3.051190563E-1,-4.012752400E1
7.339829167E0,9.384142165E-1,-8.920538612E-3,4.842281316E-4,-3.453967980E-1,4.042614473E1,-9.784909042E-1,-3.010011996E-1,-4.041115216E1
7.349791167E0,9.376785916E-1,-8.880939865E-3,5.186669496E-4,-3.473900201E-1,4.066941866E1,-9.749647421E-1,-2.978026848E-1,-4.065466770E1
7.359753167E0,9.370466502E-1,-8.853890270E-3,5.507232113E-4,-3.490917658E-1,4.087729669E1,-9.728000106E-1,-2.950478513E-1,-4.086272492E1
7.369715167E0,9.364930814E-1,-8.845659327E-3,5.993435322E-4,-3.505741618E-1,4.105856596E1,-9.734015872E-1,-2.910384332E-1,-4.104409080E1
7.379678167E0,9.359853441E-1,-8.875558619E-3,6.479059995E-4,-3.519265102E-1,4.122415675E1,-9.781456262E-1,-2.884412188E-1,-4.120963330E1
7.389640167E0,9.354971577E-1,-8.943432444E-3,6.670980690E-4,-3.532201868E-1,4.138277360E1,-9.857994548E-1,-2.904831152E-1,-4.136804498E1
7.399602167E0,9.350074842E-1,-9.042062468E-3,6.667246601E-4,-3.545119024E-1,4.154129177E1,-9.959509326E-1,-2.958911844E-1,-4.152627819E1
7.409564167E0,9.344974406E-1,-9.160962184E-3,6.780296474E-4,-3.558514610E-1,4.170579180E1,-1.008720814E0,-3.009560381E-1,-4.169046855E1
7.419526167E0,9.339468938E-1,-9.276647319E-3,6.811864377E-4,-3.572906656E-1,4.188266207E1,-1.020767457E0,-3.069083203E-1,-4.186696044E1
7.429488167E0,9.333529832E-1,-9.416362465E-3,6.676131469E-4,-3.588356056E-1,4.207266713E1,-1.034645032E0,-3.157938658E-1,-4.205651753E1
7.439450167E0,9.327246848E-1,-9.577353748E-3,6.266805007E-4,-3.604614651E-1,4.227278596E1,-1.049611857E0,-3.286213545E-1,-4.225610615E1
7.449412167E0,9.320799399E-1,-9.745671848E-3,5.878341849E-4,-3.621209559E-1,4.247720771E1,-1.065393629E0,-3.416227872E-1,-4.245996132E1
7.459374167E0,9.314471797E-1,-9.913427957E-3,5.481181824E-4,-3.637412557E-1,4.267692137E1,-1.081050833E0,-3.547066397E-1,-4.265913723E1
7.469336167E0,9.308562291E-1,-1.005569501E-2,4.636865710E-4,-3.652471065E-1,4.286263763E1,-1.092119879E0,-3.714153844E-1,-4.284432159E1
7.479299167E0,9.303321823E-1,-1.014706047E-2,4.596226207E-4,-3.665773271E-1,4.302668908E1,-1.101158875E0,-3.772473731E-1,-4.300807818E1
7.489261167E0,9.298889226E-1,-1.021520810E-2,4.624110967E-4,-3.676983785E-1,4.316498664E1,-1.108083576E0,-3.811486030E-1,-4.314616480E1
7.499223167E0,9.295234429E-1,-1.025738467E-2,4.664495248E-4,-3.686200474E-1,4.327870016E1,-1.112368855E0,-3.835983222E-1,-4.325974622E1
7.509185167E0,9.292315810E-1,-1.028172860E-2,4.907464190E-4,-3.693544854E-1,4.336930474E1,-1.115686224E0,-3.829203434E-1,-4.335030961E1
7.519147167E0,9.289991310E-1,-1.029516423E-2,5.040998552E-4,-3.699384228E-1,4.344133703E1,-1.117441915E0,-3.827694212E-1,-4.342233192E1
7.529109167E0,9.288005152E-1,-1.030024441E-2,5.593960514E-4,-3.704365139E-1,4.350279473E1,-1.120124245E0,-3.776987244E-1,-4.348382126E1
7.539071167E0,9.286145448E-1,-1.032524593E-2,5.956721664E-4,-3.709018210E-1,4.356026477E1,-1.124137398E0,-3.754622375E-1,-4.354125752E1
7.549033167E0,9.284260726E-1,-1.038659665E-2,6.003336092E-4,-3.713713379E-1,4.361843444E1,-1.130673666E0,-3.781455988E-1,-4.359917983E1
7.558995167E0,9.282352686E-1,-1.046916161E-2,5.973341094E-4,-3.718456872E-1,4.367724871E1,-1.139136080E0,-3.825605749E-1,-4.365770036E1
7.568957167E0,9.280468926E-1,-1.055201341E-2,5.801987183E-4,-3.723133705E-1,4.373524078E1,-1.147024569E0,-3.884917456E-1,-4.371539723E1
7.578920167E0,9.278696993E-1,-1.062543902E-2,5.689389858E-4,-3.727528002E-1,4.378972357E1,-1.154167905E0,-3.933685140E-1,-4.376962509E1
7.588882167E0,9.277186943E-1,-1.068387896E-2,5.634665549E-4,-3.731268868E-1,4.383610321E1,-1.159988942E0,-3.969144205E-1,-4.381580205E1
7.598844167E0,9.276065128E-1,-1.073300639E-2,5.493174595E-4,-3.734042455E-1,4.387052846E1,-1.164487719E0,-4.008674280E-1,-4.385003088E1
7.608806167E0,9.275370077E-1,-1.077012775E-2,5.430408968E-4,-3.735758503E-1,4.389184468E1,-1.168091085E0,-4.033391603E-1,-4.387121184E1
7.618768167E0,9.275053014E-1,-1.077679474E-2,5.632008336E-4,-3.736541842E-1,4.390156528E1,-1.169628731E0,-4.015805473E-1,-4.388090411E1
7.628730167E0,9.274997424E-1,-1.075488112E-2,5.880793149E-4,-3.736685744E-1,4.390326935E1,-1.168358211E0,-3.980160896E-1,-4.388271254E1
7.638692167E0,9.274971707E-1,-1.072843297E-2,6.175300319E-4,-3.736756467E-1,4.390405766E1,-1.166804644E0,-3.937622447E-1,-4.388362244E1
7.648654167E0,9.274957876E-1,-1.074379899E-2,6.362777589E-4,-3.736785076E-1,4.390448164E1,-1.169239457E0,-3.924312393E-1,-4.388398805E1
7.658616167E0,9.274950214E-1,-1.079854908E-2,6.301820825E-4,-3.736788699E-1,4.390471652E1,-1.174798245E0,-3.954241025E-1,-4.388401048E1
7.668578167E0,9.274956961E-1,-1.087054919E-2,6.009086163E-4,-3.736753186E-1,4.390450969E1,-1.181200127E0,-4.016141336E-1,-4.388352304E1
7.678541167E0,9.274962191E-1,-1.093139306E-2,5.844790613E-4,-3.736721626E-1,4.390434938E1,-1.186965743E0,-4.059617752E-1,-4.388309668E1
7.688503167E0,9.274975223E-1,-1.096665459E-2,5.884651767E-4,-3.736679214E-1,4.390394989E1,-1.190886591E0,-4.070426146E-1,-4.388256590E1
7.698465167E0,9.274986548E-1,-1.099336574E-2,5.824539645E-4,-3.736643413E-1,4.390360274E1,-1.193470223E0,-4.088207161E-1,-4.388210935E1
7.708427167E0,9.275007880E-1,-1.100018096E-2,5.617304976E-4,-3.736589023E-1,4.390294884E1,-1.193309886E0,-4.113081686E-1,-4.388141525E1
7.718389167E0,9.275021247E-1,-1.097296298E-2,5.408807854E-4,-3.736563745E-1,4.390253908E1,-1.189525075E0,-4.123554967E-1,-4.388109083E1
7.728351167E0,9.275037117E-1,-1.091349397E-2,5.440204289E-4,-3.736542637E-1,4.390205260E1,-1.183338849E0,-4.094726541E-1,-4.388085323E1
7.738313167E0,9.275048496E-1,-1.082983671E-2,5.773965065E-4,-3.736537194E-1,4.390170377E1,-1.175875064E0,-4.023423730E-1,-4.388084342E1
7.748275167E0,9.275072547E-1,-1.072889728E-2,6.015489693E-4,-3.736505655E-1,4.390096647E1,-1.166180443E0,-3.954491562E-1,-4.388050766E1
7.758237167E0,9.275082493E-1,-1.063579447E-2,6.170108061E-4,-3.736506687E-1,4.390066157E1,-1.156945412E0,-3.898193241E-1,-4.388056284E1
7.768199167E0,9.275096818E-1,-1.055970339E-2,6.317807492E-4,-3.736493320E-1,4.390022243E1,-1.149489808E0,-3.849896669E-1,-4.388043577E1
7.778162167E0,9.275117519E-1,-1.049676239E-2,6.387508721E-4,-3.736460694E-1,4.389958782E1,-1.143098946E0,-3.815497473E-1,-4.388005950E1
7.788124167E0,9.275151076E-1,-1.045710123E-2,6.360792458E-4,-3.736386854E-1,4.389855908E1,-1.138771511E0,-3.801264179E-1,-4.387915441E1
7.798086167E0,9.275182024E-1,-1.047654775E-2,6.314046583E-4,-3.736304367E-1,4.389761030E1,-1.140641950E0,-3.814457798E-1,-4.387812486E1
7.808048167E0,9.275197495E-1,-1.057511938E-2,5.981813038E-4,-3.736241371E-1,4.389713599E1,-1.149700753E0,-3.891897180E-1,-4.387728895E1
7.818010167E0,9.275198624E-1,-1.076114162E-2,5.311868293E-4,-3.736188076E-1,4.389710139E1,-1.166609773E0,-4.042684594E-1,-4.387651142E1
7.827972167E0,9.275192543E-1,-1.099963666E-2,4.528992573E-4,-3.736131182E-1,4.389728782E1,-1.188613581E0,-4.227934928E-1,-4.387565231E1
7.837934167E0,9.275202532E-1,-1.126046866E-2,3.685515047E-4,-3.736029436E-1,4.389698156E1,-1.212735196E0,-4.429128479E-1,-4.387422553E1
7.847896167E0,9.275238544E-1,-1.153398278E-2,2.920679027E-4,-3.735858164E-1,4.389587749E1,-1.238545767E0,-4.627294613E-1,-4.387193942E1
7.857858167E0,9.275335026E-1,-1.180776102E-2,2.287148570E-4,-3.735534227E-1,4.389291937E1,-1.264955259E0,-4.811399562E-1,-4.386777504E1
7.867821167E0,9.275793210E-1,-1.207273023E-2,1.709184799E-4,-3.734312307E-1,4.387886897E1,-1.290715783E0,-4.984559704E-1,-4.385252197E1
7.877783167E0,9.277111070E-1,-1.227133846E-2,9.910343465E-5,-3.730973543E-1,4.383843234E1,-1.308943352E0,-5.141178672E-1,-4.381113236E1
7.887745167E0,9.279261457E-1,-1.228952048E-2,1.652417853E-5,-3.725615568E-1,4.377237460E1,-1.307648913E0,-5.229194445E-1,-4.374487249E1
7.897707167E0,9.282004107E-1,-1.208832015E-2,-2.169908832E-5,-3.718842939E-1,4.368798535E1,-1.284996683E0,-5.174563925E-1,-4.366129982E1
7.907669167E0,9.285348930E-1,-1.175869705E-2,7.030730445E-6,-3.710590702E-1,4.358485737E1,-1.251597947E0,-4.992408212E-1,-4.355961072E1
7.917631292E0,9.289400329E-1,-1.139724888E-2,4.592472957E-5,-3.700549324E-1,4.345963241E1,-1.215303110E0,-4.784192270E-1,-4.343590343E1
7.927593292E0,9.294098588E-1,-1.107537171E-2,4.374444248E-5,-3.688828752E-1,4.331398227E1,-1.181526562E0,-4.635116907E-1,-4.329148460E1
7.937555292E0,9.299364631E-1,-1.082181575E-2,4.683018434E-5,-3.675608969E-1,4.315017417E1,-1.155290236E0,-4.508224217E-1,-4.312864601E1
7.947517292E0,9.305119250E-1,-1.063782381E-2,5.497448867E-5,-3.661071572E-1,4.297048835E1,-1.136712999E0,-4.404288605E-1,-4.294965293E1
7.957479292E0,9.311377053E-1,-1.053379534E-2,4.418207031E-5,-3.645155124E-1,4.277427481E1,-1.125911909E0,-4.352907913E-1,-4.275375010E1
7.967442292E0,9.318215058E-1,-1.051321942E-2,4.017410229E-5,-3.627646320E-1,4.255888340E1,-1.124364044E0,-4.327464267E-1,-4.253837754E1
7.977404292E0,9.325837097E-1,-1.060342067E-2,1.008635549E-5,-3.607978775E-1,4.231756378E1,-1.133671503E0,-4.373183284E-1,-4.229657330E1
7.987366292E0,9.334486656E-1,-1.077810643E-2,-5.711806797E-5,-3.585488774E-1,4.204211165E1,-1.150649669E0,-4.489508021E-1,-4.202025522E1
7.997328292E0,9.344296683E-1,-1.097104306E-2,-1.119367181E-4,-3.559786600E-1,4.172760319E1,-1.170307506E0,-4.595232885E-1,-4.170480634E1
8.007290292E0,9.355371299E-1,-1.112528031E-2,-1.573962964E-4,-3.530528983E-1,4.136980808E1,-1.186438299E0,-4.669729390E-1,-4.134615584E1
8.017252292E0,9.367670177E-1,-1.118373545E-2,-1.361390687E-4,-3.497746666E-1,4.096895987E1,-1.195193771E0,-4.628767737E-1,-4.094491261E1
8.027214292E0,9.381021841E-1,-1.116210459E-2,-6.699266302E-5,-3.461786916E-1,4.052950587E1,-1.197377064E0,-4.499975113E-1,-4.050546026E1
8.037176292E0,9.395236097E-1,-1.108416884E-2,-3.225075034E-5,-3.423045682E-1,4.005658765E1,-1.192193826E0,-4.382553331E-1,-4.003268962E1
8.047138292E0,9.410131891E-1,-1.095910070E-2,-4.953022199E-6,-3.381923181E-1,3.955517927E1,-1.181667956E0,-4.252468233E-1,-3.953164440E1
8.057100292E0,9.425455166E-1,-1.079569225E-2,4.921309829E-5,-3.339032665E-1,3.903293345E1,-1.168012030E0,-4.077581756E-1,-3.900992910E1
8.067063292E0,9.441058064E-1,-1.061572236E-2,9.828566993E-5,-3.294715032E-1,3.849416522E1,-1.152293576E0,-3.901627434E-1,-3.847173132E1
8.077025292E0,9.456811101E-1,-1.043335075E-2,1.287839272E-4,-3.249283046E-1,3.794275054E1,-1.135525417E0,-3.745225393E-1,-3.792089531E1
8.086987292E0,9.472557604E-1,-1.027388862E-2,1.733823255E-4,-3.203140005E-1,3.738374045E1,-1.121662694E0,-3.582880804E-1,-3.736237103E1
8.096949292E0,9.488206415E-1,-1.012668833E-2,2.009291664E-4,-3.156529992E-1,3.682009598E1,-1.108399791E0,-3.444498400E-1,-3.679910243E1
8.106911292E0,9.503746679E-1,-9.993611619E-3,2.075988866E-4,-3.109471371E-1,3.625199460E1,-1.095835938E0,-3.334848857E-1,-3.623132184E1
8.116873292E0,9.519196606E-1,-9.858725793E-3,2.026539629E-4,-3.061890227E-1,3.567853544E1,-1.082601272E0,-3.238057647E-1,-3.565815801E1
8.126835292E0,9.534618269E-1,-9.710967560E-3,2.199282386E-4,-3.013571836E-1,3.509709096E1,-1.068679988E0,-3.113212042E-1,-3.507707851E1
8.136797292E0,9.550048119E-1,-9.551311642E-3,2.365568882E-4,-2.964365749E-1,3.450584716E1,-1.053361742E0,-2.985633720E-1,-3.448628203E1
8.146759292E0,9.565508239E-1,-9.367276955E-3,2.553192420E-4,-2.914152888E-1,3.390342352E1,-1.035367255E0,-2.848232930E-1,-3.388437420E1
8.156722292E0,9.580910204E-1,-9.152485020E-3,3.017917752E-4,-2.863177385E-1,3.329275203E1,-1.014809248E0,-2.671568437E-1,-3.327433600E1
8.166684292E0,9.596001373E-1,-8.921220042E-3,3.899855412E-4,-2.812258440E-1,3.268365681E1,-9.936224490E-1,-2.446133232E-1,-3.266598091E1
8.176646292E0,9.610491960E-1,-8.674384930E-3,4.931868194E-4,-2.762409011E-1,3.208822482E1,-9.709591691E-1,-2.202733779E-1,-3.207133273E1
8.186608292E0,9.624041595E-1,-8.441577096E-3,6.156674770E-4,-2.714897218E-1,3.152155550E1,-9.501684833E-1,-1.947235739E-1,-3.150541074E1
8.196570292E0,9.636455927E-1,-8.241669145E-3,6.922448600E-4,-2.670559586E-1,3.099350753E1,-9.313213976E-1,-1.757732016E-1,-3.097796730E1
8.206532292E0,9.647687407E-1,-8.082983701E-3,7.094704034E-4,-2.629743230E-1,3.050809482E1,-9.150313725E-1,-1.651429714E-1,-3.049295310E1
8.216494292E0,9.657813609E-1,-7.972900544E-3,7.208556156E-4,-2.592342075E-1,3.006389524E1,-9.038186812E-1,-1.570662214E-1,-3.004900325E1
8.226456292E0,9.667008005E-1,-7.910918451E-3,7.020045933E-4,-2.557859525E-1,2.965494248E1,-8.969542139E-1,-1.541113264E-1,-2.964007252E1
8.236418292E0,9.675417501E-1,-7.880210997E-3,6.663763083E-4,-2.525874613E-1,2.927601308E1,-8.930229272E-1,-1.542055419E-1,-2.926108940E1
8.246380292E0,9.683171979E-1,-7.877149357E-3,6.461969389E-4,-2.495982795E-1,2.892229664E1,-8.925779328E-1,-1.535986316E-1,-2.890720912E1
8.256343292E0,9.690417199E-1,-7.916684081E-3,6.375520614E-4,-2.467693278E-1,2.858794052E1,-8.971686368E-1,-1.530693249E-1,-2.857256169E1
8.266305292E0,9.697191614E-1,-7.988122441E-3,6.224093446E-4,-2.440912052E-1,2.827180980E1,-9.051033971E-1,-1.542711544E-1,-2.825597320E1
8.276267292E0,9.703609978E-1,-8.049699797E-3,5.929478921E-4,-2.415251286E-1,2.796906596E1,-9.115405480E-1,-1.568567053E-1,-2.795282574E1
8.286229292E0,9.709793590E-1,-8.087221265E-3,5.680105346E-4,-2.390256683E-1,2.767432593E1,-9.154335071E-1,-1.583115299E-1,-2.765774453E1
8.296191292E0,9.715854293E-1,-8.088370309E-3,5.532411544E-4,-2.365504058E-1,2.738242662E1,-9.155616244E-1,-1.576536884E-1,-2.736572116E1
8.306153292E0,9.721888636E-1,-8.054481037E-3,5.432887624E-4,-2.340592324E-1,2.708873244E1,-9.119200631E-1,-1.555062495E-1,-2.707201091E1
8.316115292E0,9.727961581E-1,-7.989103922E-3,5.444924722E-4,-2.315241751E-1,2.678997041E1,-9.050657632E-1,-1.512599462E-1,-2.677332471E1
8.326077292E0,9.734138241E-1,-7.924718778E-3,5.546489023E-4,-2.289159001E-1,2.648271296E1,-8.985520224E-1,-1.460117168E-1,-2.646621558E1
8.336039292E0,9.740412863E-1,-7.876623722E-3,5.598432067E-4,-2.262329727E-1,2.616695517E1,-8.937169649E-1,-1.417088336E-1,-2.615051021E1
8.346001292E0,9.746761238E-1,-7.841862772E-3,5.568102023E-4,-2.234831849E-1,2.584362935E1,-8.901528865E-1,-1.386347060E-1,-2.582713603E1
8.355964292E0,9.753147791E-1,-7.821274851E-3,5.644819421E-4,-2.206798473E-1,2.551429622E1,-8.884406023E-1,-1.346967904E-1,-2.549768655E1
8.365926292E0,9.759576665E-1,-7.819631680E-3,5.694301825E-4,-2.178192448E-1,2.517850367E1,-8.887714219E-1,-1.314969678E-1,-2.516172480E1
8.375888292E0,9.765947291E-1,-7.841165768E-3,6.093576181E-4,-2.149441302E-1,2.484134952E1,-8.925482150E-1,-1.249412374E-1,-2.482430713E1
8.385850292E0,9.772213500E-1,-7.875078749E-3,6.400118248E-4,-2.120757008E-1,2.450526865E1,-8.974539757E-1,-1.197115541E-1,-2.448788259E1
8.395812292E0,9.778444894E-1,-7.903979359E-3,6.218704243E-4,-2.091822050E-1,2.416649237E1,-9.006080296E-1,-1.197802676E-1,-2.414869131E1
8.405774292E0,9.784651850E-1,-7.895693633E-3,5.921011757E-4,-2.062600000E-1,2.382432826E1,-8.993291834E-1,-1.202313147E-1,-2.380634998E1
8.415736292E0,9.790751678E-1,-7.785458201E-3,5.961840720E-4,-2.033489443E-1,2.348328423E1,-8.874093264E-1,-1.145292615E-1,-2.346556774E1
8.425698292E0,9.796655309E-1,-7.542059331E-3,6.268306498E-4,-2.004947121E-1,2.314849354E1,-8.611173853E-1,-1.029099942E-1,-2.313167768E1
8.435660292E0,9.802313119E-1,-7.210091193E-3,6.959668211E-4,-1.977220698E-1,2.282309880E1,-8.256805983E-1,-8.518575588E-2,-2.280755843E1
8.445623292E0,9.807668135E-1,-6.904290762E-3,7.798733751E-4,-1.950592414E-1,2.251084447E1,-7.934143912E-1,-6.667761105E-2,-2.249645637E1
8.455585292E0,9.812738808E-1,-6.697157503E-3,8.110796572E-4,-1.924997956E-1,2.221117723E1,-7.709817167E-1,-5.652919037E-2,-2.219754331E1
8.465547292E0,9.817572731E-1,-6.608026087E-3,7.676903076E-4,-1.900224342E-1,2.192173633E1,-7.601492943E-1,-5.752355815E-2,-2.190829734E1
8.475509292E0,9.822230372E-1,-6.604527543E-3,7.084038555E-4,-1.875998751E-1,2.163923406E1,-7.586205187E-1,-6.224591284E-2,-2.162556739E1
8.485471292E0,9.826833116E-1,-6.628541874E-3,6.439243929E-4,-1.851733086E-1,2.135643497E1,-7.601080819E-1,-6.814249108E-2,-2.134250048E1
8.495433292E0,9.831472034E-1,-6.630528170E-3,5.918545995E-4,-1.826946992E-1,2.106761783E1,-7.594112347E-1,-7.213336056E-2,-2.105351051E1
8.505395292E0,9.836230260E-1,-6.601184907E-3,5.658464693E-4,-1.801163101E-1,2.076724782E1,-7.557533529E-1,-7.246788756E-2,-2.075305220E1
8.515357292E0,9.841173293E-1,-6.541475212E-3,5.607689845E-4,-1.773980717E-1,2.045059208E1,-7.491136167E-1,-6.973844767E-2,-2.043647301E1
8.525319292E0,9.846336405E-1,-6.456225294E-3,5.625500137E-4,-1.745123220E-1,2.011457316E1,-7.397311526E-1,-6.563636335E-2,-2.010056141E1
8.535281292E0,9.851647791E-1,-6.358017175E-3,5.898953541E-4,-1.714920923E-1,1.976300616E1,-7.293789615E-1,-5.835066699E-2,-1.974920238E1
8.545244292E0,9.857044977E-1,-6.244289975E-3,6.179759671E-4,-1.683664831E-1,1.939930041E1,-7.172557357E-1,-5.067095613E-2,-1.938578118E1
8.555206292E0,9.862467728E-1,-6.093507528E-3,6.204777263E-4,-1.651661039E-1,1.902693964E1,-7.004223596E-1,-4.520600139E-2,-1.901385198E1
8.565168292E0,9.867839854E-1,-5.900405847E-3,6.382043840E-4,-1.619327340E-1,1.865079498E1,-6.790595136E-1,-3.732235709E-2,-1.863830429E1
8.575130292E0,9.873081287E-1,-5.679735738E-3,7.006984502E-4,-1.587132319E-1,1.827640872E1,-6.553473591E-1,-2.402342657E-2,-1.826459508E1
8.585092292E0,9.878114364E-1,-5.459122583E-3,7.741680049E-4,-1.555578420E-1,1.790960460E1,-6.317574072E-1,-9.680387789E-3,-1.789852297E1
8.595054292E0,9.882861426E-1,-5.276966369E-3,8.359489041E-4,-1.525190858E-1,1.755668208E1,-6.122343472E-1,2.442935242E-3,-1.754614563E1
8.605016292E0,9.887285129E-1,-5.151368267E-3,8.485990202E-4,-1.496288270E-1,1.722134273E1,-5.982108475E-1,7.819826123E-3,-1.721111243E1
8.614978292E0,9.891386030E-1,-5.074482095E-3,8.169936835E-4,-1.468961417E-1,1.690457830E1,-5.889398677E-1,7.184678783E-3,-1.689445431E1
8.624940292E0,9.895231228E-1,-5.044063057E-3,7.567055085E-4,-1.442849744E-1,1.660211634E1,-5.844727258E-1,2.405859947E-3,-1.659198274E1
8.634902292E0,9.898910025E-1,-5.056693259E-3,6.869026157E-4,-1.417382632E-1,1.630753075E1,-5.847634929E-1,-4.213325490E-3,-1.629708104E1
8.644865292E0,9.902487208E-1,-5.080589181E-3,6.088693414E-4,-1.392169294E-1,1.601592269E1,-5.862390981E-1,-1.196014331E-2,-1.600522198E1
8.654827292E0,9.906038136E-1,-5.073104378E-3,5.349388745E-4,-1.366679249E-1,1.572114181E1,-5.842604378E-1,-1.872634197E-2,-1.571026864E1
8.664789292E0,9.909607641E-1,-5.024494552E-3,4.970115645E-4,-1.340574956E-1,1.541917617E1,-5.782050641E-1,-2.074705394E-2,-1.540833990E1
8.674751292E0,9.913189957E-1,-4.937336089E-3,5.108614134E-4,-1.313855214E-1,1.511009825E1,-5.685662431E-1,-1.630269530E-2,-1.509943453E1
8.684713292E0,9.916746761E-1,-4.807790829E-3,5.454930759E-4,-1.286777482E-1,1.479687346E1,-5.543977196E-1,-8.904225797E-3,-1.478651352E1
8.694675292E0,9.920246024E-1,-4.674311361E-3,5.980144268E-4,-1.259567674E-1,1.448214395E1,-5.400041962E-1,5.138142531E-4,-1.447218733E1
8.704637292E0,9.923642461E-1,-4.578705708E-3,6.391069346E-4,-1.232552276E-1,1.417001542E1,-5.297089932E-1,8.007366805E-3,-1.416020630E1
8.714599292E0,9.926932533E-1,-4.509407799E-3,6.301544188E-4,-1.205793404E-1,1.386099626E1,-5.216786758E-1,9.374577594E-3,-1.385126525E1
8.724561292E0,9.930114943E-1,-4.448465523E-3,5.884542564E-4,-1.179328312E-1,1.355542174E1,-5.141535006E-1,6.843603531E-3,-1.354579921E1
8.734524292E0,9.933189567E-1,-4.409553722E-3,5.997554472E-4,-1.153153591E-1,1.325353899E1,-5.098537253E-1,9.999165981E-3,-1.324380574E1
8.744486292E0,9.936179234E-1,-4.432582079E-3,6.350883206E-4,-1.127092184E-1,1.295328370E1,-5.129041686E-1,1.506217559E-2,-1.294322539E1
8.754448292E0,9.939119619E-1,-4.487595459E-3,5.979855671E-4,-1.100840327E-1,1.265105915E1,-5.186603469E-1,1.149724652E-2,-1.264050139E1
8.764410292E0,9.942029929E-1,-4.536986581E-3,5.179368617E-4,-1.074222623E-1,1.234467231E1,-5.232694137E-1,3.158259734E-3,-1.233362642E1
8.774372292E0,9.944905176E-1,-4.541155971E-3,4.810617974E-4,-1.047269095E-1,1.203434955E1,-5.232915392E-1,3.243130856E-4,-1.202299288E1
8.784334292E0,9.947775203E-1,-4.475962545E-3,4.940823313E-4,-1.019676391E-1,1.171642715E1,-5.160090234E-1,4.022010516E-3,-1.170511152E1
8.794296292E0,9.950660231E-1,-4.347859430E-3,5.009682497E-4,-9.911798811E-2,1.138793318E1,-5.014661917E-1,7.740133246E-3,-1.137690792E1
8.804258292E0,9.953570619E-1,-4.187849947E-3,5.059227812E-4,-9.615906005E-2,1.104669215E1,-4.832446550E-1,1.155932029E-2,-1.103621645E1
8.814220292E0,9.956493541E-1,-4.034558733E-3,5.170792416E-4,-9.309033667E-2,1.069306183E1,-4.658359811E-1,1.595701025E-2,-1.068298756E1
8.824183292E0,9.959424721E-1,-3.904520052E-3,5.161620894E-4,-8.990577321E-2,1.032631436E1,-4.509320099E-1,1.868173077E-2,-1.031652622E1
8.834145292E0,9.962374079E-1,-3.785510697E-3,4.927949693E-4,-8.658195989E-2,9.943687440E0,-4.370489641E-1,1.869949182E-2,-9.934143625E0
8.844107292E0,9.965328140E-1,-3.698435997E-3,4.940671477E-4,-8.311713780E-2,9.545128040E0,-4.270498571E-1,2.119379075E-2,-9.535668925E0
8.854069292E0,9.968268812E-1,-3.655872740E-3,5.176477582E-4,-7.951400176E-2,9.131154648E0,-4.223233190E-1,2.581886899E-2,-9.121419392E0
8.864031292E0,9.971173370E-1,-3.593403063E-3,5.047104642E-4,-7.578822102E-2,8.702999171E0,-4.149735809E-1,2.646124637E-2,-8.693179090E0
8.873993292E0,9.973996233E-1,-3.443473691E-3,4.892272800E-4,-7.198490763E-2,8.265705312E0,-3.976057340E-1,2.751079525E-2,-8.256148686E0
8.883955292E0,9.976701502E-1,-3.212088028E-3,5.312669639E-4,-6.814478763E-2,7.823767611E0,-3.713718470E-1,3.565426465E-2,-7.815030958E0
8.893917292E0,9.979265183E-1,-2.979005742E-3,6.326036305E-4,-6.429296021E-2,7.380619217E0,-3.453239777E-1,5.039311602E-2,-7.372702471E0
8.903879292E0,9.981672280E-1,-2.802759901E-3,7.136098084E-4,-6.044731564E-2,6.938861118E0,-3.255289320E-1,6.220977709E-2,-6.931183287E0
8.913841292E0,9.983877978E-1,-2.676099260E-3,7.587450783E-4,-5.669335285E-2,6.507823222E0,-3.110949958E-1,6.942013213E-2,-6.500278739E0
8.923804167E0,9.985829571E-1,-2.517185367E-3,8.009266124E-4,-5.315274030E-2,6.101132070E0,-2.929193161E-1,7.631758432E-2,-6.093943733E0
8.933766167E0,9.987515810E-1,-2.325005799E-3,8.546947699E-4,-4.989280586E-2,5.726549238E0,-2.709812747E-1,8.452582302E-2,-5.719886942E0
8.943728167E0,9.988984629E-1,-2.195691672E-3,8.971205003E-4,-4.686379001E-2,5.379068341E0,-2.561494640E-1,9.089794229E-2,-5.372380644E0
8.953690167E0,9.990287657E-1,-2.146811065E-3,8.472618128E-4,-4.400123850E-2,5.050853630E0,-2.500406120E-1,8.617020083E-2,-5.044000212E0
8.963652167E0,9.991452082E-1,-2.073438486E-3,7.053121938E-4,-4.128179551E-2,4.738367443E0,-2.407328555E-1,7.094526064E-2,-4.732050664E0
8.973614167E0,9.992493534E-1,-1.960800168E-3,6.386624059E-4,-3.868365879E-2,4.440302497E0,-2.273543010E-1,6.443852234E-2,-4.434064246E0
8.983576167E0,9.993445776E-1,-1.890415486E-3,6.928313639E-4,-3.614262529E-2,4.149081834E0,-2.193538411E-1,7.151118901E-2,-4.142687146E0
8.993538167E0,9.994349836E-1,-1.875238724E-3,6.708813319E-4,-3.355121831E-2,3.852286598E0,-2.173451246E-1,6.962421309E-2,-3.845547661E0
9.003500167E0,9.995222242E-1,-1.904767212E-3,5.390417053E-4,-3.084622474E-2,3.542394880E0,-2.200719626E-1,5.500731280E-2,-3.535390484E0
9.013463167E0,9.996052694E-1,-1.923921999E-3,4.354920919E-4,-2.802546175E-2,3.219825468E0,-2.217773900E-1,4.370538383E-2,-3.211992756E0
9.023425167E0,9.996835351E-1,-1.822055526E-3,3.862050057E-4,-2.508542758E-2,2.882981319E0,-2.098368022E-1,3.900419011E-2,-2.874956120E0
9.033387167E0,9.997561241E-1,-1.608738266E-3,4.235486497E-4,-2.201933825E-2,2.530817969E0,-1.853719580E-1,4.446405088E-2,-2.523509569E0
9.043349167E0,9.998218034E-1,-1.440202480E-3,5.531737045E-4,-1.881373450E-2,2.163334729E0,-1.661985484E-1,6.027282705E-2,-2.156112327E0
9.053311167E0,9.998798276E-1,-1.358129036E-3,5.913142697E-4,-1.543114730E-2,1.776537163E0,-1.566573270E-1,6.534994402E-2,-1.768440677E0
9.063273167E0,9.999286520E-1,-1.317339063E-3,4.853582741E-4,-1.185881933E-2,1.368866630E0,-1.516049738E-1,5.382384181E-2,-1.359024937E0
9.073235167E0,9.999661796E-1,-1.261068259E-3,3.915190919E-4,-8.123228503E-3,9.424501673E-1,-1.448675339E-1,4.368940032E-2,-9.309197424E-1
9.083197167E0,9.999901653E-1,-1.121868643E-3,4.153394332E-4,-4.278248015E-3,5.082155213E-1,-1.287591850E-1,4.704393304E-2,-4.903058326E-1
9.093159167E0,9.999994115E-1,-8.989479639E-4,5.439212740E-4,-3.561423013E-4,1.243170138E-1,-1.030341024E-1,6.229207549E-2,-4.086693548E-2
9.103122167E0,9.999930924E-1,-6.563963298E-4,6.835004065E-4,3.594050710E-3,4.259242841E-1,-7.493555287E-2,7.859319623E-2,4.117975507E-1
9.113084167E0,9.999711523E-1,-4.293941618E-4,7.723373454E-4,7.541303108E-3,8.704109018E-1,-4.853616066E-2,8.887189244E-2,8.641405482E-1
9.123046167E0,9.999343119E-1,-2.546357554E-4,8.040684595E-4,1.143034824E-2,1.313449446E0,-2.812404313E-2,9.246697338E-2,1.309827716E0
9.133008167E0,9.998834251E-1,-1.506335674E-4,8.038966507E-4,1.524768236E-2,1.749743376E0,-1.585473090E-2,9.237226702E-2,1.747311230E0
9.142970167E0,9.998190686E-1,-9.450899927E-5,7.739112020E-4,1.900879519E-2,2.179872624E0,-9.142215008E-3,8.887354515E-2,2.178372370E0
9.152932167E0,9.997409911E-1,-6.477686350E-5,7.311576081E-4,2.274784917E-2,2.608160653E0,-5.515048164E-3,8.393167389E-2,2.606933099E0
9.162894167E0,9.996473838E-1,-3.543011151E-5,6.595297761E-4,2.654652755E-2,3.043207216E0,-2.052267044E-3,7.565769643E-2,3.042364764E0
9.172856167E0,9.995351774E-1,5.682361124E-6,5.968078798E-4,3.048068264E-2,3.494041396E0,2.735397734E-3,6.833752526E-2,3.493372271E0
9.182818167E0,9.994013864E-1,7.825464613E-5,5.660480234E-4,3.459224945E-2,3.965177132E0,1.120576404E-2,6.451531061E-2,3.964777904E0
9.192781167E0,9.992439225E-1,2.676819121E-4,5.426767542E-4,3.887468681E-2,4.456338228E0,3.306838427E-2,6.094672369E-2,4.455852214E0
9.202743167E0,9.990627985E-1,5.810170464E-4,6.260915823E-4,4.327570150E-2,4.961557522E0,6.962212495E-2,6.879630667E-2,4.960622863E0
9.212705167E0,9.988593509E-1,9.217355072E-4,8.306823309E-4,4.773239477E-2,5.473749807E0,1.100464411E-1,9.003899903E-2,5.471899163E0
9.222667167E0,9.986358748E-1,1.211560468E-3,1.050222525E-3,5.219002053E-2,5.986102141E0,1.449265446E-1,1.129367609E-1,5.983404585E0
9.232629167E0,9.983974015E-1,1.433938574E-3,1.172857360E-3,5.656079482E-2,6.488405777E0,1.716563324E-1,1.248903491E-1,6.485048423E0
9.242591167E0,9.981511879E-1,1.610698795E-3,1.221857943E-3,6.074576327E-2,6.969168225E0,1.927373889E-1,1.285438572E-1,6.965470093E0
9.252553167E0,9.979014890E-1,1.763759188E-3,1.240362415E-3,6.471443223E-2,7.425047292E0,2.108869796E-1,1.287573415E-1,7.421167777E0
9.262515167E0,9.976453112E-1,1.894590613E-3,1.245890148E-3,6.854644909E-2,7.865378702E0,2.263803028E-1,1.275507099E-1,7.861280587E0
9.272477167E0,9.973782906E-1,2.003411088E-3,1.255026794E-3,7.232496048E-2,8.299555469E0,2.393748552E-1,1.268346077E-1,8.295360444E0
9.282440167E0,9.970944119E-1,2.104640402E-3,1.262988294E-3,7.613602739E-2,8.737553810E0,2.514936872E-1,1.259453476E-1,8.733299769E0
9.292402167E0,9.967918170E-1,2.206746276E-3,1.317443981E-3,7.999644451E-2,9.181494321E0,2.641417468E-1,1.302546785E-1,9.177053184E0
9.302364167E0,9.964713919E-1,2.348186427E-3,1.402981516E-3,8.388865671E-2,9.629353473E0,2.816215697E-1,1.376297215E-1,9.624617116E0
9.312326167E0,9.961383380E-1,2.539266822E-3,1.515942673E-3,8.774861566E-2,1.007382985E1,3.051005198E-1,1.475106072E-1,1.006863718E1
9.322288167E0,9.957932823E-1,2.754776653E-3,1.637623612E-3,9.157172193E-2,1.051457381E1,3.315334612E-1,1.579617938E-1,1.050857778E1
9.332250167E0,9.954356425E-1,2.945520392E-3,1.757467893E-3,9.537421584E-2,1.095274006E1,3.552024728E-1,1.682801790E-1,1.094630408E1
9.342212167E0,9.950623650E-1,3.095467731E-3,1.818184734E-3,9.918719203E-2,1.139215744E1,3.736328719E-1,1.721370002E-1,1.138537004E1
9.352174167E0,9.946652492E-1,3.152624289E-3,1.794751583E-3,1.030915946E-1,1.184180635E1,3.805434647E-1,1.673231615E-1,1.183508631E1
9.362136167E0,9.942337878E-1,3.167037256E-3,1.646554098E-3,1.071749670E-1,1.231180825E1,3.810490812E-1,1.486979101E-1,1.230555389E1
9.372099167E0,9.937596561E-1,3.231840711E-3,1.452319206E-3,1.114867118E-1,1.280849174E1,3.865884575E-1,1.240969045E-1,1.280255012E1
9.382061167E0,9.932324006E-1,3.357250112E-3,1.327097646E-3,1.160880969E-1,1.333921214E1,3.997668799E-1,1.063845274E-1,1.333323649E1
9.392023167E0,9.926456333E-1,3.548680124E-3,1.309280344E-3,1.209975474E-1,1.390614613E1,4.218161545E-1,9.972562632E-2,1.389982219E1
9.401985167E0,9.920007427E-1,3.788250022E-3,1.394831100E-3,1.261674417E-1,1.450381953E1,4.508004601E-1,1.037878862E-1,1.449688511E1
9.411947167E0,9.913063570E-1,4.067620625E-3,1.511567136E-3,1.315027403E-1,1.512110969E1,4.848474007E-1,1.104116541E-1,1.511348810E1
9.421909167E0,9.905754792E-1,4.338026279E-3,1.613974878E-3,1.368901538E-1,1.574486499E1,5.177418917E-1,1.151566708E-1,1.573655594E1
9.431871167E0,9.898199448E-1,4.564926362E-3,1.683478779E-3,1.422423766E-1,1.636484174E1,5.452265042E-1,1.165414031E-1,1.635599765E1
9.441833167E0,9.890517109E-1,4.769286786E-3,1.680665170E-3,1.474830591E-1,1.697218609E1,5.689507142E-1,1.098791353E-1,1.696295334E1
9.451795167E0,9.882897809E-1,4.997362760E-3,1.672036999E-3,1.524978112E-1,1.755394996E1,5.951800979E-1,1.020289629E-1,1.754418827E1
9.461758167E0,9.875603688E-1,5.232213664E-3,1.751625112E-3,1.571434166E-1,1.809350122E1,6.236645200E-1,1.040065200E-1,1.808310066E1
9.471720167E0,9.868815401E-1,5.470940237E-3,1.884443270E-3,1.613428163E-1,1.858167972E1,6.535552959E-1,1.119589317E-1,1.857064695E1
9.481682167E0,9.862634744E-1,5.690458568E-3,1.991565384E-3,1.650700699E-1,1.901535657E1,6.808104036E-1,1.174431149E-1,1.900365736E1
9.491644167E0,9.857086745E-1,5.853587016E-3,2.035629871E-3,1.683453954E-1,1.939645942E1,7.004736129E-1,1.170110808E-1,1.938435422E1
9.501606167E0,9.852107533E-1,5.953543969E-3,1.985503861E-3,1.712324548E-1,1.973228367E1,7.111149303E-1,1.073379539E-1,1.972002853E1
9.511568167E0,9.847681203E-1,5.996311642E-3,1.899807258E-3,1.737594818E-1,2.002613696E1,7.145077344E-1,9.499113104E-2,2.001394534E1
9.521530167E0,9.843774497E-1,6.010198183E-3,1.814153864E-3,1.759596655E-1,2.028199245E1,7.145574071E-1,8.345244300E-2,2.026994487E1
9.531492167E0,9.840242817E-1,5.942453004E-3,1.791918673E-3,1.779259889E-1,2.051056878E1,7.066299283E-1,8.089876358E-2,2.049885320E1
9.541454167E0,9.836846682E-1,5.801737964E-3,1.666464239E-3,1.797999073E-1,2.072802038E1,6.883354021E-1,6.831072293E-2,2.071700203E1
9.551417167E0,9.833606520E-1,5.775493361E-3,1.431722994E-3,1.815664639E-1,2.093340243E1,6.806150771E-1,4.116864257E-2,2.092264909E1
9.561379167E0,9.830853711E-1,5.783055121E-3,1.465574528E-3,1.830509318E-1,2.110634007E1,6.822385051E-1,4.379589547E-2,2.109567856E1
9.571341167E0,9.828779840E-1,5.724125960E-3,1.741202828E-3,1.841609023E-1,2.123570563E1,6.814673173E-1,7.531300037E-2,2.122526408E1
9.581303167E0,9.827362925E-1,5.626575280E-3,1.882300175E-3,1.849169695E-1,2.132364489E1,6.735293110E-1,9.274534291E-2,2.131350888E1
9.591265167E0,9.826701710E-1,5.474671599E-3,1.809803101E-3,1.852733316E-1,2.136456009E1,6.549177867E-1,8.756275326E-2,2.135499809E1
9.601227167E0,9.826781257E-1,5.255426177E-3,1.661920458E-3,1.852387852E-1,2.135964189E1,6.270860905E-1,7.558737824E-2,2.135085148E1
9.611189167E0,9.826898050E-1,5.018135906E-3,1.539673977E-3,1.851840862E-1,2.135241887E1,5.977659855E-1,6.689203652E-2,2.134437637E1
9.621151167E0,9.827055272E-1,4.871686660E-3,1.503261414E-3,1.851049311E-1,2.134269173E1,5.804961469E-1,6.594631961E-2,2.133511476E1
9.631113167E0,9.827432414E-1,4.843158163E-3,1.594614359E-3,1.849047676E-1,2.131934052E1,5.792057163E-1,7.695667169E-2,2.131183016E1
9.641076167E0,9.828136456E-1,4.890857450E-3,1.754657899E-3,1.845277550E-1,2.127568107E1,5.879327915E-1,9.419462265E-2,2.126797675E1
9.651038167E0,9.829150278E-1,4.963537049E-3,1.908205706E-3,1.839833791E-1,2.121265536E1,5.993044965E-1,1.102824970E-1,2.120461511E1
9.661000167E0,9.830399677E-1,5.030722536E-3,1.997972701E-3,1.833117868E-1,2.113472907E1,6.086833993E-1,1.193926058E-1,2.112639170E1
9.670962167E0,9.831771695E-1,5.088024653E-3,2.020696857E-3,1.825725848E-1,2.104882634E1,6.155249916E-1,1.212115126E-1,2.104025382E1
9.680924167E0,9.833385816E-1,5.144026427E-3,2.092197628E-3,1.816988223E-1,2.094731958E1,6.232165583E-1,1.286491985E-1,2.093848094E1
9.690886167E0,9.835347079E-1,5.237183384E-3,2.238783975E-3,1.806297427E-1,2.082332374E1,6.366104766E-1,1.439192032E-1,2.081402691E1
9.700848167E0,9.837796258E-1,5.359551011E-3,2.449384078E-3,1.792844881E-1,2.066744781E1,6.545357405E-1,1.660170215E-1,2.065748299E1
9.710810167E0,9.840901782E-1,5.475653910E-3,2.734690102E-3,1.775642198E-1,2.046811111E1,6.731440715E-1,1.969719856E-1,2.045737335E1
9.720772167E0,9.844778653E-1,5.573713688E-3,3.101598400E-3,1.753927755E-1,2.021653493E1,6.911468365E-1,2.378773884E-1,2.020488190E1
9.730735167E0,9.849438258E-1,5.649569668E-3,3.540496776E-3,1.727458499E-1,1.991000422E1,7.077575596E-1,2.877693457E-1,1.989723758E1
9.740697167E0,9.854838309E-1,5.709614536E-3,3.970816374E-3,1.696265968E-1,1.954881317E1,7.219915523E-1,3.374366033E-1,1.953482107E1
9.750659167E0,9.860902174E-1,5.765109771E-3,4.303944369E-3,1.660554480E-1,1.913517764E1,7.333773586E-1,3.766364678E-1,1.912001685E1
9.760621167E0,9.867472555E-1,5.763302115E-3,4.515072233E-3,1.620994359E-1,1.867675152E1,7.355802573E-1,4.034810293E-1,1.866064644E1
9.770583167E0,9.874445743E-1,5.683033562E-3,4.597960916E-3,1.577969786E-1,1.817769420E1,7.262312189E-1,4.175141481E-1,1.816123242E1
9.780545167E0,9.881699444E-1,5.512895965E-3,4.519670948E-3,1.531975813E-1,1.764371744E1,7.036375711E-1,4.150130786E-1,1.762755477E1
9.790507167E0,9.889114589E-1,5.265025722E-3,4.248830500E-3,1.483523163E-1,1.708075081E1,6.688981236E-1,3.919793455E-1,1.706558789E1
9.800469167E0,9.896578394E-1,4.946600741E-3,3.771746124E-3,1.433132805E-1,1.649484625E1,6.229414899E-1,3.465068805E-1,1.648143935E1
9.810432167E0,9.903952707E-1,4.548534798E-3,3.116163996E-3,1.381549485E-1,1.589492237E1,5.655667092E-1,2.816478769E-1,1.588382313E1
9.820394167E0,9.911106435E-1,4.064753441E-3,2.292590329E-3,1.329583517E-1,1.529061770E1,4.965847758E-1,1.984463641E-1,1.528218301E1
9.830356167E0,9.917925937E-1,3.509674593E-3,1.636939594E-3,1.277980339E-1,1.469156556E1,4.228555285E-1,1.346423470E-1,1.468534190E1
9.840318167E0,9.924391682E-1,3.097840595E-3,1.410477103E-3,1.226906400E-1,1.410023760E1,3.721361187E-1,1.168532966E-1,1.409528738E1
9.850280167E0,9.930479162E-1,2.954077291E-3,1.490224171E-3,1.176647410E-1,1.352001117E1,3.562554331E-1,1.297490700E-1,1.351517284E1
9.860242167E0,9.936113418E-1,2.973276293E-3,1.676213280E-3,1.128053330E-1,1.295996826E1,3.602069546E-1,1.524187681E-1,1.295466840E1
9.870204167E0,9.941207574E-1,2.968334350E-3,1.809377251E-3,1.082215160E-1,1.243200924E1,3.605887942E-1,1.693094857E-1,1.242621631E1
9.880166167E0,9.945774523E-1,2.860985217E-3,1.838862829E-3,1.039426541E-1,1.193893969E1,3.479733787E-1,1.754987494E-1,1.193310543E1
9.890128167E0,9.949904580E-1,2.653941204E-3,1.800476007E-3,9.991836731E-2,1.147487879E1,3.232140749E-1,1.748989588E-1,1.146949181E1
9.900091167E0,9.953703694E-1,2.412821336E-3,1.730294123E-3,9.606778248E-2,1.103083754E1,2.942595592E-1,1.707977232E-1,1.102604809E1
9.910053167E0,9.957195180E-1,2.192498851E-3,1.642161120E-3,9.238578490E-2,1.060642439E1,2.675534498E-1,1.641613592E-1,1.060217214E1
9.920015292E0,9.960358304E-1,1.957842455E-3,1.581768313E-3,8.891719292E-2,1.020674606E1,2.395813783E-1,1.605902030E-1,1.020300217E1
9.929977292E0,9.963204821E-1,1.688750528E-3,1.557957347E-3,8.567472551E-2,9.833233269E0,2.081011929E-1,1.612925967E-1,9.829969302E0
9.939939292E0,9.965807295E-1,1.448259490E-3,1.528704937E-3,8.259872456E-2,9.478905212E0,1.798612314E-1,1.608699719E-1,9.476186689E0
9.949901292E0,9.968229460E-1,1.294323700E-3,1.478115350E-3,7.962552622E-2,9.136817923E0,1.613351089E-1,1.570316668E-1,9.134321678E0
9.959863292E0,9.970495486E-1,1.196996313E-3,1.483244457E-3,7.673759978E-2,8.804783828E0,1.498046023E-1,1.589402538E-1,8.802358659E0
9.969825292E0,9.972602610E-1,1.085583973E-3,1.548321334E-3,7.394895050E-2,8.484405709E0,1.371790184E-1,1.677395405E-1,8.481884007E0
9.979787292E0,9.974557224E-1,9.484665784E-4,1.560138371E-3,7.126532136E-2,8.176021001E0,1.211510837E-1,1.705785161E-1,8.173526622E0
9.989750292E0,9.976342333E-1,8.196358701E-4,1.464507675E-3,6.872584829E-2,7.883866036E0,1.052352127E-1,1.609684440E-1,7.881774308E0
9.999712292E0,9.977937086E-1,7.106099642E-4,1.361666711E-3,6.637414841E-2,7.613405116E0,9.160732391E-2,1.502865833E-1,7.611642708E0
1.000967429E1,9.979336473E-1,6.373965087E-4,1.349399818E-3,6.423610616E-2,7.367915973E0,8.282246204E-2,1.496186572E-1,7.366103775E0
1.001963629E1,9.980542813E-1,6.263882376E-4,1.374267025E-3,6.233256513E-2,7.149539850E0,8.145555507E-2,1.526990140E-1,7.147535919E0
1.002959829E1,9.981544085E-1,6.484757525E-4,1.391927919E-3,6.070770383E-2,6.963093528E0,8.385610988E-2,1.546978203E-1,6.960991973E0
1.003956029E1,9.982309260E-1,6.609190635E-4,1.372137907E-3,5.943629174E-2,6.817178609E0,8.494758599E-2,1.524559888E-1,6.815034676E0
1.004952229E1,9.982811409E-1,6.734187022E-4,1.308575762E-3,5.858829560E-2,6.719701691E0,8.582118212E-2,1.451729987E-1,6.717686963E0
1.005948429E1,9.983028354E-1,6.957651696E-4,1.274093065E-3,5.821743468E-2,6.677148769E0,8.809356801E-2,1.411110596E-1,6.675116076E0
1.006944729E1,9.983022560E-1,7.482425798E-4,1.307554263E-3,5.822614281E-2,6.678288702E0,9.432135380E-2,1.445880116E-1,6.676126789E0
1.007940929E1,9.983012764E-1,8.431676124E-4,1.362906372E-3,5.824206568E-2,6.680215651E0,1.055522876E-1,1.502850937E-1,6.677975592E0
1.008937129E1,9.983001027E-1,8.632698037E-4,1.399180424E-3,5.826071364E-2,6.682523704E0,1.080969179E-1,1.542985510E-1,6.680123581E0
1.009933329E1,9.982992980E-1,7.582570848E-4,1.301969104E-3,5.827821387E-2,6.684105741E0,9.543723161E-2,1.438772990E-1,6.682105201E0
1.010929529E1,9.982954101E-1,5.247180580E-4,1.091230239E-3,5.835012546E-2,6.691743654E0,6.732236933E-2,1.213242217E-1,6.690307880E0
1.011925729E1,9.982783339E-1,1.339145220E-4,8.584820943E-4,5.864829086E-2,6.725187853E0,2.108859893E-2,9.730549398E-2,6.724478257E0
1.012921929E1,9.982375735E-1,-4.409679674E-4,6.984156999E-4,5.933970820E-2,6.804354661E0,-4.569309418E-2,8.289002840E-2,6.803796338E0
1.013918129E1,9.981682752E-1,-1.324640293E-3,7.274708743E-4,6.048056486E-2,6.936877984E0,-1.464731219E-1,9.238986735E-2,6.934684542E0
1.014914429E1,9.980629897E-1,-2.549326574E-3,7.862274521E-4,6.215459248E-2,7.133517330E0,-2.859673214E-1,1.080778809E-1,7.126741337E0
1.015910629E1,9.979121165E-1,-4.055563112E-3,6.541341736E-4,6.445592692E-2,7.406215579E0,-4.589371616E-1,1.047566246E-1,7.390872111E0
1.016906829E1,9.977027624E-1,-5.760751419E-3,2.538905432E-4,6.749888324E-2,7.768796755E0,-6.566681272E-1,7.358517133E-2,7.740395549E0
1.017903029E1,9.974234192E-1,-7.434434620E-3,-3.537737961E-4,7.135296673E-2,8.227782462E0,-8.526525420E-1,2.035222870E-2,8.183477797E0
1.018899229E1,9.970810098E-1,-8.995436644E-3,-6.652283533E-4,7.581710721E-2,8.757691465E0,-1.033627780E0,2.145317413E-3,8.696681262E0
1.019895429E1,9.966876933E-1,-1.032709145E-2,-5.628927432E-4,8.066357672E-2,9.329381367E0,-1.184765361E0,3.116797323E-2,9.253591777E0
1.020891629E1,9.962449181E-1,-1.131750042E-2,-4.635344861E-4,8.583534326E-2,9.933752327E0,-1.296690779E0,5.840132970E-2,9.848096382E0
1.021887829E1,9.957532005E-1,-1.195469327E-2,-5.082739108E-4,9.128122565E-2,1.056458202E1,-1.369537142E0,6.705025008E-2,1.047458865E1
1.022884029E1,9.952190995E-1,-1.227196742E-2,-4.885280772E-4,9.689158726E-2,1.120974302E1,-1.405107003E0,8.054161233E-2,1.112025735E1
1.023880329E1,9.946511640E-1,-1.228020592E-2,-3.784807284E-4,1.025573118E-1,1.185744275E1,-1.404271775E0,1.011808022E-1,1.177255312E1
1.024876529E1,9.940561670E-1,-1.200217222E-2,-2.917354588E-4,1.082048346E-1,1.250018022E1,-1.370923719E0,1.155876246E-1,1.242320154E1
1.025872729E1,9.934436454E-1,-1.149323876E-2,-2.516453444E-4,1.137431671E-1,1.312914402E1,-1.311790724E0,1.211556725E-1,1.306175596E1
1.026868929E1,9.928281414E-1,-1.082993825E-2,-1.946461781E-4,1.190588127E-1,1.373230320E1,-1.234873244E0,1.256095677E-1,1.367502701E1
1.027865129E1,9.922234777E-1,-1.005473813E-2,-1.216610540E-4,1.240625510E-1,1.430020226E1,-1.145036823E0,1.291105916E-1,1.425267967E1
1.028861329E1,9.916413954E-1,-9.182088366E-3,-1.590300950E-5,1.286975635E-1,1.482646061E1,-1.043690070E0,1.336072691E-1,1.478808222E1
1.029857529E1,9.910950055E-1,-8.242002025E-3,1.561292856E-4,1.329009019E-1,1.530408128E1,-9.337199196E-1,1.432520264E-1,1.527386756E1
1.030853729E1,9.905981105E-1,-7.271093520E-3,3.899848283E-4,1.366099873E-1,1.572591957E1,-8.192983119E-1,1.580932626E-1,1.570274398E1
1.031850029E1,9.901670814E-1,-6.295384084E-3,6.732085258E-4,1.397465632E-1,1.608293680E1,-7.035448636E-1,1.771986202E-1,1.606559893E1
1.032846229E1,9.898198286E-1,-5.341388297E-3,9.639932196E-4,1.422229056E-1,1.636493532E1,-5.901501326E-1,1.963928263E-1,1.635222534E1
1.033842429E1,9.895774441E-1,-4.443782904E-3,1.253459894E-3,1.439275274E-1,1.655894527E1,-4.832486189E-1,2.154301546E-1,1.654962812E1
1.034838629E1,9.894576922E-1,-3.633647531E-3,1.519729948E-3,1.447686734E-1,1.665396898E1,-3.867905907E-1,2.325924913E-1,1.664711262E1
1.035834829E1,9.894658768E-1,-2.917020041E-3,1.696175624E-3,1.447269831E-1,1.664749153E1,-3.026185449E-1,2.406979184E-1,1.664239925E1
1.036831029E1,9.895873161E-1,-2.315053623E-3,1.715317522E-3,1.439046311E-1,1.655108762E1,-2.342398278E-1,2.326906491E-1,1.654730063E1
1.037827229E1,9.897975620E-1,-1.814405760E-3,1.609152536E-3,1.424598435E-1,1.638285314E1,-1.795269378E-1,2.121341225E-1,1.638013917E1
1.038823429E1,9.900876062E-1,-1.351004651E-3,1.505873338E-3,1.404365206E-1,1.614790909E1,-1.290462142E-1,1.925917513E-1,1.614602938E1
1.039819729E1,9.904506246E-1,-8.530948246E-4,1.469021108E-3,1.378578111E-1,1.584898007E1,-7.361769949E-2,1.802068291E-1,1.584771984E1
1.040815929E1,9.908786240E-1,-3.083832036E-4,1.522846718E-3,1.347488336E-1,1.548918163E1,-1.150143891E-2,1.776757045E-1,1.548819461E1
1.041812129E1,9.913674210E-1,2.540728254E-4,1.652153227E-3,1.311026550E-1,1.506783399E1,5.368427495E-2,1.838717840E-1,1.506673811E1
1.042808329E1,9.919167064E-1,7.949343984E-4,1.785112600E-3,1.268763166E-1,1.457990790E1,1.163108425E-1,1.913481670E-1,1.457847068E1
1.043804529E1,9.925188462E-1,1.307695321E-3,1.830623569E-3,1.220708993E-1,1.402565143E1,1.743383169E-1,1.899125775E-1,1.402359512E1
1.044800729E1,9.931573060E-1,1.680799209E-3,1.891819082E-3,1.167567145E-1,1.341309935E1,2.166004836E-1,1.928154844E-1,1.341032748E1
1.045796929E1,9.938073271E-1,1.764634093E-3,2.007578625E-3,1.110851511E-1,1.275942405E1,2.265173073E-1,2.061646057E-1,1.275620075E1
1.046793129E1,9.944464962E-1,1.682997212E-3,1.897365066E-3,1.052136378E-1,1.208237620E1,2.146637597E-1,1.959237334E-1,1.207935762E1
1.047789429E1,9.950584313E-1,1.546711025E-3,1.616776539E-3,9.926632053E-2,1.139669826E1,1.947563502E-1,1.667596950E-1,1.139415960E1
1.048785629E1,9.956321409E-1,1.392332827E-3,1.426082728E-3,9.334232282E-2,1.071420965E1,1.741072729E-1,1.478106951E-1,1.071208242E1
1.049781829E1,9.961600870E-1,1.286844759E-3,1.366509606E-3,8.753159279E-2,1.004540356E1,1.606026317E-1,1.430817770E-1,1.004345384E1
1.050778029E1,9.966343118E-1,1.220496629E-3,1.392182585E-3,8.195479817E-2,9.404299447E0,1.524630198E-1,1.475335154E-1,9.402085237E0
1.051774229E1,9.970504340E-1,1.166015746E-3,1.417571603E-3,7.672670156E-2,8.803461871E0,1.456857409E-1,1.517109033E-1,8.801089311E0
1.052770429E1,9.974087616E-1,1.106848372E-3,1.374406797E-3,7.192170468E-2,8.251162404E0,1.378347511E-1,1.479652499E-1,8.248933325E0
1.053766629E1,9.977082129E-1,9.954995596E-4,1.299256591E-3,6.764298287E-2,7.759571436E0,1.238858267E-1,1.408263395E-1,7.757400574E0
1.054762829E1,9.979488280E-1,8.270732660E-4,1.207549287E-3,6.399944639E-2,7.340792077E0,1.034374652E-1,1.320256545E-1,7.338938849E0
1.055759129E1,9.981326449E-1,6.352702055E-4,1.102808966E-3,6.107106108E-2,7.004041098E0,8.037858250E-2,1.216909419E-1,7.002676887E0
1.056755329E1,9.982617357E-1,4.353518641E-4,1.001173824E-3,5.892637389E-2,6.757537435E0,5.656143862E-2,1.115870174E-1,6.756438072E0
1.057751529E1,9.983370491E-1,2.363739428E-4,9.053974139E-4,5.763980401E-2,6.609483765E0,3.302165095E-2,1.020171643E-1,6.608730430E0
1.058747729E1,9.983592442E-1,3.425318303E-5,8.330436930E-4,5.725533473E-2,6.565215782E0,9.384279836E-3,9.507845858E-2,6.564578269E0
1.059743929E1,9.983431556E-1,-1.610869999E-4,7.748458323E-4,5.753480679E-2,6.597333946E0,-1.332008181E-2,8.970576316E-2,6.596637489E0
1.060740129E1,9.983014210E-1,-4.367742858E-4,7.209173224E-4,5.825378967E-2,6.679931191E0,-4.515328005E-2,8.538638996E-2,6.679142386E0
1.061736329E1,9.982235937E-1,-9.183357082E-4,6.317403913E-4,5.956926240E-2,6.831295751E0,-1.007343846E-1,7.853222632E-2,6.830113688E0
1.062732529E1,9.980954188E-1,-1.757216972E-3,5.942235659E-4,6.166152845E-2,7.073532068E0,-1.967805834E-1,8.037964555E-2,7.070250269E0
1.063728729E1,9.979054802E-1,-3.008269704E-3,6.132192960E-4,6.461570502E-2,7.417980533E0,-3.394621853E-1,9.239708925E-2,7.409337669E0
1.064725029E1,9.976482285E-1,-4.583560432E-3,5.915171201E-4,6.838585470E-2,7.860503027E0,-5.193746691E-1,1.035423196E-1,7.842177091E0
1.065721229E1,9.973271220E-1,-6.307098885E-3,4.646618325E-4,7.279078156E-2,8.380192178E0,-7.169525862E-1,1.057128937E-1,8.348098092E0
1.066717429E1,9.969536570E-1,-8.032947804E-3,2.904980474E-4,7.758155518E-2,8.946791893E0,-9.151616839E-1,1.046017169E-1,8.898586948E0
1.067713629E1,9.965436601E-1,-9.652081664E-3,1.848710234E-4,8.250810691E-2,9.530178079E0,-1.100546095E0,1.123693606E-1,9.464856035E0
1.068709829E1,9.961134048E-1,-1.109781909E-2,1.846409749E-4,8.737896413E-2,1.010631998E1,-1.265031098E0,1.321974417E-1,1.002483796E1
1.069706029E1,9.956751984E-1,-1.233614373E-2,1.960453284E-4,9.208026254E-2,1.066123127E1,-1.405581690E0,1.525344740E-1,1.056552483E1
1.070702229E1,9.952395250E-1,-1.332998072E-2,2.533640648E-4,9.654323506E-2,1.118575254E1,-1.517613292E0,1.763655565E-1,1.107895045E1
1.071698429E1,9.948167962E-1,-1.409440024E-2,4.368564303E-4,1.007008434E-1,1.167224877E1,-1.601906517E0,2.124429361E-1,1.155724223E1
1.072694729E1,9.944198802E-1,-1.470709707E-2,7.475528156E-4,1.044614692E-1,1.211132187E1,-1.667209038E0,2.612360098E-1,1.198978477E1
1.073690929E1,9.940644739E-1,-1.521998050E-2,1.035643134E-3,1.077173904E-1,1.249143355E1,-1.721229188E0,3.058408951E-1,1.236434986E1
1.074687129E1,9.937706896E-1,-1.562457029E-2,1.192767702E-3,1.103368192E-1,1.279715166E1,-1.764518453E0,3.333834441E-1,1.266589201E1
1.075683329E1,9.935612881E-1,-1.583894715E-2,1.219827939E-3,1.121766074E-1,1.301069279E1,-1.787965166E0,3.424856336E-1,1.287789369E1
1.076679529E1,9.934563122E-1,-1.577447703E-2,1.187696498E-3,1.131118459E-1,1.311644133E1,-1.780716828E0,3.396748387E-1,1.298581589E1
1.077675729E1,9.934687840E-1,-1.537228187E-2,1.178020595E-3,1.130580587E-1,1.310392221E1,-1.735061462E0,3.332670246E-1,1.297976272E1
1.078671929E1,9.935908248E-1,-1.461746323E-2,1.164218156E-3,1.120819949E-1,1.298078413E1,-1.649603139E0,3.202977859E-1,1.286747428E1
1.079668129E1,9.938041916E-1,-1.354270502E-2,1.094619229E-3,1.103111080E-1,1.276265720E1,-1.528629471E0,2.958478400E-1,1.266372653E1
1.080664429E1,9.940950793E-1,-1.218620672E-2,9.575507271E-4,1.078219966E-1,1.245915524E1,-1.376506115E0,2.596467524E-1,1.237736644E1
1.081660629E1,9.944485002E-1,-1.061339392E-2,8.995031051E-4,1.046842451E-1,1.208019410E1,-1.198760314E0,2.298213955E-1,1.201623015E1
1.082656829E1,9.948422218E-1,-8.889827211E-3,1.079048560E-3,1.010391019E-1,1.164356043E1,-1.001010170E0,2.259411319E-1,1.159651313E1
1.083653029E1,9.952570333E-1,-7.085009518E-3,1.407597409E-3,9.701234287E-2,1.116514754E1,-7.924157554E-1,2.392970453E-1,1.113294467E1
1.084649229E1,9.956776460E-1,-5.255774028E-3,1.661239509E-3,9.271261696E-2,1.065821186E1,-5.820303278E-1,2.453797358E-1,1.063827830E1
1.085645429E1,9.960900900E-1,-3.491299520E-3,1.723732018E-3,8.825761758E-2,1.013660711E1,-3.810820411E-1,2.320629982E-1,1.012605942E1
1.086641629E1,9.964833376E-1,-1.877842775E-3,1.635817355E-3,8.375423910E-2,9.613030476E0,-1.987300624E-1,2.048147459E-1,9.608459897E0
1.087637929E1,9.968466998E-1,-4.736384382E-4,1.508640408E-3,7.933636025E-2,9.102579339E0,-4.038854891E-2,1.766385800E-1,9.100791065E0
1.088634129E1,9.971678166E-1,5.846527700E-4,1.524916103E-3,7.519165511E-2,8.626425231E0,7.994608007E-2,1.692102962E-1,8.624598887E0
1.089630329E1,9.974340512E-1,9.475232905E-4,1.845013621E-3,7.156202501E-2,8.210782079E0,1.234302932E-1,2.031108383E-1,8.207656322E0
1.090626529E1,9.976491514E-1,8.647193022E-4,1.843505542E-3,6.849829617E-2,7.858959889E0,1.133276574E-1,2.039665236E-1,7.855695738E0
1.091622729E1,9.978141945E-1,6.421047376E-4,1.359306826E-3,6.606505923E-2,7.577963657E0,8.370990045E-2,1.505637368E-1,7.576134633E0
1.092618958E1,9.979210618E-1,2.924955900E-4,8.739833190E-4,6.444145468E-2,7.390327568E0,3.990178942E-2,9.778303247E-2,7.389604409E0
1.093615158E1,9.979661877E-1,-1.089874913E-4,6.352155075E-4,6.374290775E-2,7.309651946E0,-7.823784987E-3,7.343840169E-2,7.309351546E0
1.094611358E1,9.979574979E-1,-4.832844987E-4,6.738097274E-4,6.387731640E-2,7.325256308E0,-5.033511271E-2,8.059277270E-2,7.324756008E0
1.095607658E1,9.979148566E-1,-9.530293278E-4,8.398539379E-4,6.453104086E-2,7.401352382E0,-1.027711428E-1,1.030869311E-1,7.399767732E0
1.096603858E1,9.978290340E-1,-1.786804745E-3,9.584897804E-4,6.582690495E-2,7.552187047E0,-1.970789860E-1,1.230747244E-1,7.548470144E0
1.097600058E1,9.976855790E-1,-3.161334882E-3,9.582548991E-4,6.791529609E-2,7.797809254E0,-3.539694496E-1,1.341570545E-1,7.788142730E0
1.098596258E1,9.974786871E-1,-5.032344598E-3,8.557324324E-4,7.078272551E-2,8.139023285E0,-5.682803090E-1,1.386304743E-1,8.117309589E0
1.099592458E1,9.972129634E-1,-7.185442370E-3,6.775747602E-4,7.425880461E-2,8.557361527E0,-8.153603505E-1,1.385721202E-1,8.516509247E0
1.100588658E1,9.969016258E-1,-9.396472837E-3,4.544852743E-4,7.809364317E-2,9.022912714E0,-1.069418252E0,1.360067757E-1,8.957121111E0
1.101584858E1,9.965596404E-1,-1.151080889E-2,2.606873136E-4,8.207492249E-2,9.508108657E0,-1.312170277E0,1.380301586E-1,9.414729539E0
1.102581058E1,9.961979571E-1,-1.343731081E-2,1.901552838E-4,8.607610565E-2,9.995714216E0,-1.532260573E0,1.542477231E-1,9.874647756E0
1.103577358E1,9.958254586E-1,-1.507826340E-2,3.635078080E-4,9.002285535E-2,1.047425666E1,-1.717146062E0,1.970266689E-1,1.032806929E1
1.104573558E1,9.954533565E-1,-1.644186324E-2,7.827325965E-4,9.381757569E-2,1.093144979E1,-1.867468249E0,2.660492718E-1,1.076366330E1
1.105569758E1,9.951010241E-1,-1.761683908E-2,1.312290392E-3,9.727222167E-2,1.134743582E1,-1.994663002E0,3.460102372E-1,1.115995324E1
1.106565958E1,9.947915851E-1,-1.863192912E-2,1.731794776E-3,1.001976199E-1,1.170062581E1,-2.104584851E0,4.113471032E-1,1.149556609E1
1.107562158E1,9.945449969E-1,-1.950170516E-2,1.926162307E-3,1.024505815E-1,1.197464779E1,-2.200535585E0,4.484719518E-1,1.175425981E1
1.108558358E1,9.943775792E-1,-2.012918199E-2,2.126571760E-3,1.039405934E-1,1.215718409E1,-2.269009813E0,4.820756922E-1,1.192517402E1
1.109554558E1,9.942880178E-1,-2.043056339E-2,2.425855632E-3,1.047291663E-1,1.225372099E1,-2.299396936E0,5.215907455E-1,1.201521382E1
1.110550758E1,9.942507335E-1,-2.048041170E-2,2.490503987E-3,1.050709765E-1,1.229368668E1,-2.304122842E0,5.303467361E-1,1.205442436E1
1.111547058E1,9.942435264E-1,-2.027676729E-2,2.148629746E-3,1.051863515E-1,1.230139711E1,-2.284961397E0,4.892088130E-1,1.206857133E1
1.112543258E1,9.942487705E-1,-1.978740979E-2,1.627357765E-3,1.052392068E-1,1.229578723E1,-2.235432534E0,4.240395953E-1,1.207601517E1
1.113539458E1,9.942484254E-1,-1.903862070E-2,1.108557782E-3,1.053870607E-1,1.229615645E1,-2.156280386E0,3.562223149E-1,1.209443995E1
1.114535658E1,9.942279269E-1,-1.804141735E-2,5.886329849E-4,1.057592364E-1,1.231806965E1,-2.048789331E0,2.857102412E-1,1.213869977E1
1.115531858E1,9.941780505E-1,-1.674653775E-2,1.873735684E-4,1.064405336E-1,1.237122689E1,-1.905920295E0,2.256076540E-1,1.221830477E1
1.116528058E1,9.940823474E-1,-1.511152728E-2,-1.360778452E-4,1.075733844E-1,1.247259323E1,-1.723351072E0,1.707789811E-1,1.234974949E1
1.117524258E1,9.939227222E-1,-1.313635701E-2,-4.697330859E-4,1.092925262E-1,1.263986284E1,-1.502225271E0,1.110194952E-1,1.254870212E1
1.118520558E1,9.936870657E-1,-1.093465272E-2,-6.696995446E-4,1.116514748E-1,1.288285142E1,-1.253777856E0,6.364397330E-2,1.282112585E1
1.119516758E1,9.933729365E-1,-8.641062655E-3,-5.864247113E-4,1.146085555E-1,1.319982961E1,-9.913821850E-1,4.673058866E-2,1.316218639E1
1.120512958E1,9.929880104E-1,-6.233633356E-3,-1.928513859E-4,1.180508869E-1,1.357820481E1,-7.119405133E-1,6.238214812E-2,1.355913208E1
1.121509158E1,9.925360855E-1,-3.665291104E-3,2.447241763E-4,1.218960866E-1,1.400946183E1,-4.134621028E-1,7.903178564E-2,1.400289758E1
1.122505358E1,9.920230191E-1,-1.081612891E-3,6.228962378E-4,1.260506651E-1,1.448358332E1,-1.139578892E-1,8.643248440E-2,1.448279418E1
1.123501558E1,9.914601660E-1,1.333779562E-3,9.596657196E-4,1.303993024E-1,1.498655776E1,1.658750424E-1,8.910029117E-2,1.498548303E1
1.124497758E1,9.908808581E-1,3.012123325E-3,1.748878004E-3,1.346965283E-1,1.548728170E1,3.690142412E-1,1.520869188E-1,1.548272938E1
1.125493958E1,9.903308368E-1,3.520812523E-3,2.749763310E-3,1.386543530E-1,1.594823519E1,4.432531098E-1,2.561129206E-1,1.594112584E1
1.126490158E1,9.898224262E-1,3.511372865E-3,3.084969704E-3,1.422312124E-1,1.636284377E1,4.485693055E-1,2.926847737E-1,1.635528065E1
1.127486458E1,9.893542528E-1,3.328830400E-3,2.581367479E-3,1.454659207E-1,1.673561734E1,4.204316021E-1,2.371657293E-1,1.672954006E1
1.128482658E1,9.889133558E-1,2.915256601E-3,1.481379294E-3,1.484575293E-1,1.707928706E1,3.555643868E-1,1.182773632E-1,1.707555601E1
1.129478858E1,9.884819888E-1,2.308837367E-3,5.707158249E-4,1.513201024E-1,1.740901136E1,2.714231718E-1,2.461069316E-2,1.740698084E1
1.130475058E1,9.880323656E-1,1.720035604E-3,2.770174924E-4,1.542371594E-1,1.774621993E1,1.996392098E-1,9.635823819E-4,1.774514299E1
1.131471258E1,9.875350631E-1,1.226283794E-3,4.869776200E-4,1.573937240E-1,1.811193386E1,1.475534889E-1,3.299069413E-2,1.811136037E1
1.132467458E1,9.869690887E-1,8.976797289E-4,6.965925189E-4,1.609057605E-1,1.851943595E1,1.143702993E-1,6.223164487E-2,1.851902100E1
1.133463658E1,9.863221173E-1,9.256583383E-4,4.922832662E-4,1.648258565E-1,1.897463053E1,1.139199584E-1,3.815640736E-2,1.897428483E1
1.134459958E1,9.855945285E-1,1.452719895E-3,3.318470005E-5,1.691191913E-1,1.947395218E1,1.647147159E-1,-2.440527038E-2,1.947320744E1
1.135456158E1,9.848129140E-1,2.427847215E-3,-1.125751888E-4,1.736023650E-1,1.999659393E1,2.717472596E-1,-6.100231437E-2,1.999458584E1
1.136452358E1,9.840134519E-1,3.448680948E-3,5.685059410E-4,1.780601631E-1,2.051753822E1,4.004751743E-1,-6.263024425E-3,2.051368613E1
1.137448558E1,9.832295488E-1,4.134955230E-3,1.543107368E-3,1.823190140E-1,2.101593988E1,4.981304017E-1,8.747324849E-2,2.101031776E1
1.138444758E1,9.824851437E-1,4.438585465E-3,2.010393440E-3,1.862771081E-1,2.147864324E1,5.426389124E-1,1.315941770E-1,2.147208007E1
1.139440958E1,9.818108988E-1,4.400973170E-3,1.824572732E-3,1.898016531E-1,2.188939393E1,5.348339463E-1,1.095580095E-1,2.188318108E1
1.140437158E1,9.812308775E-1,4.145718776E-3,1.301161379E-3,1.927877809E-1,2.223674609E1,4.948992810E-1,5.471699636E-2,2.223149090E1
1.141433358E1,9.807509461E-1,3.842777833E-3,8.812537279E-4,1.952232285E-1,2.252015824E1,4.515927404E-1,1.307385793E-2,2.251575809E1
1.142429658E1,9.803578552E-1,3.578208151E-3,7.642934541E-4,1.971926428E-1,2.274969231E1,4.192527196E-1,5.005905861E-3,2.274585148E1
1.143425858E1,9.800302948E-1,3.375717512E-3,8.490945672E-4,1.988176762E-1,2.293923027E1,3.984518842E-1,1.844764709E-2,2.293586154E1
1.144422058E1,9.797496752E-1,3.217137733E-3,9.326510877E-4,2.001987135E-1,2.310038627E1,3.825903325E-1,3.090508883E-2,2.309739538E1
1.145418258E1,9.795035169E-1,3.067681988E-3,9.135455680E-4,2.014016039E-1,2.324084402E1,3.654115052E-1,3.174014737E-2,2.323808778E1
1.146414458E1,9.792771677E-1,2.907819563E-3,8.063053486E-4,2.025019708E-1,2.336926385E1,3.450189314E-1,2.300508412E-2,2.336678781E1
1.147410658E1,9.790526086E-1,2.761675076E-3,6.652882757E-4,2.035879288E-1,2.349598410E1,3.253581123E-1,1.021108347E-2,2.349382694E1
1.148406858E1,9.788269366E-1,2.660400628E-3,5.711928338E-4,2.046715185E-1,2.362265707E1,3.118027307E-1,1.671970521E-3,2.362063479E1
1.149403058E1,9.786139506E-1,2.672642677E-3,5.901218903E-4,2.056873706E-1,2.374159804E1,3.136233117E-1,3.182513528E-3,2.373957952E1
1.150399358E1,9.784352159E-1,2.818619413E-3,7.229074913E-4,2.065333707E-1,2.384096020E1,3.331357086E-1,1.434447748E-2,2.383869550E1
1.151395558E1,9.783129425E-1,3.084034214E-3,8.952724302E-4,2.071074498E-1,2.390869994E1,3.669898309E-1,2.717311394E-2,2.390600246E1
1.152391758E1,9.782602099E-1,3.395870387E-3,1.052158022E-3,2.073506352E-1,2.393785560E1,4.056817173E-1,3.725926998E-2,2.393456043E1
1.153387958E1,9.782762464E-1,3.587343223E-3,1.237293121E-3,2.072706258E-1,2.392899282E1,4.315408597E-1,5.349863494E-2,2.392527890E1
1.154384158E1,9.783373694E-1,3.620465825E-3,1.414906810E-3,2.069802613E-1,2.389518249E1,4.394512358E-1,7.275319704E-2,2.389135413E1
1.155380358E1,9.784636185E-1,3.647101951E-3,1.479271013E-3,2.063818048E-1,2.382519792E1,4.439155174E-1,7.960877389E-2,2.382129661E1
1.156376558E1,9.786640301E-1,3.723971831E-3,1.517720220E-3,2.054275982E-1,2.371368427E1,4.533636603E-1,8.254394943E-2,2.370958331E1
1.157372758E1,9.789444406E-1,3.828035775E-3,1.614279771E-3,2.040846533E-1,2.355678418E1,4.671822746E-1,9.156406363E-2,2.355242128E1
1.158369058E1,9.793063329E-1,3.935797710E-3,1.753755867E-3,2.023374832E-1,2.335275600E1,4.823455549E-1,1.055508975E-1,2.334802732E1
1.159365258E1,9.797440327E-1,4.006018544E-3,1.864653431E-3,2.002050597E-1,2.310361536E1,4.925429145E-1,1.174401457E-1,2.309863421E1
1.160361458E1,9.802519526E-1,4.039895055E-3,1.902179969E-3,1.977024518E-1,2.281114127E1,4.968970598E-1,1.221453519E-1,2.280603447E1
1.161357658E1,9.808230707E-1,4.036980934E-3,1.884585960E-3,1.948493570E-1,2.247779204E1,4.958191303E-1,1.216782502E-1,2.247259976E1
1.162353858E1,9.814449641E-1,3.998581650E-3,1.861791004E-3,1.916936098E-1,2.210916548E1,4.906057937E-1,1.215522686E-1,2.210401500E1
1.163350058E1,9.821013668E-1,3.954889711E-3,1.834445503E-3,1.883024750E-1,2.171338184E1,4.846756687E-1,1.211114407E-1,2.170819053E1
1.164346258E1,9.827729818E-1,3.916867890E-3,1.814287031E-3,1.847663129E-1,2.130090852E1,4.795277798E-1,1.213900276E-1,2.129572475E1
1.165342458E1,9.834491429E-1,3.896294716E-3,1.821829439E-3,1.811337215E-1,2.087750957E1,4.769140624E-1,1.244380785E-1,2.087232019E1
1.166338758E1,9.841209293E-1,3.900894385E-3,1.851410987E-3,1.774470476E-1,2.044826808E1,4.775646899E-1,1.294668120E-1,2.044291863E1
1.167334958E1,9.847795684E-1,3.902649277E-3,1.906769225E-3,1.737536618E-1,2.001859065E1,4.783759762E-1,1.374696404E-1,2.001303879E1
1.168331158E1,9.854216135E-1,3.899821014E-3,1.963437214E-3,1.700741232E-1,1.959076438E1,4.786443434E-1,1.457096072E-1,1.958505493E1
1.169327358E1,9.860486819E-1,3.893648057E-3,2.012982554E-3,1.663996867E-1,1.916379244E1,4.783452305E-1,1.532087506E-1,1.915793550E1
1.170323558E1,9.866642750E-1,3.857897325E-3,2.075775610E-3,1.627098345E-1,1.873526158E1,4.748975292E-1,1.627632965E-1,1.872929625E1
1.171319758E1,9.872767582E-1,3.808977546E-3,2.136106756E-3,1.589516479E-1,1.829902977E1,4.698388198E-1,1.722869836E-1,1.829298589E1
1.172315958E1,9.878932629E-1,3.743759716E-3,2.181282408E-3,1.550745370E-1,1.784926406E1,4.625786475E-1,1.804032093E-1,1.784313532E1
1.173312258E1,9.885138358E-1,3.643331936E-3,2.204029280E-3,1.510701148E-1,1.738488062E1,4.508614576E-1,1.865914687E-1,1.737878493E1
1.174308458E1,9.891340859E-1,3.499171875E-3,2.176640841E-3,1.469587518E-1,1.690809956E1,4.332801890E-1,1.877879087E-1,1.690230073E1
1.175304658E1,9.897456289E-1,3.297076477E-3,2.116890248E-3,1.427869785E-1,1.642456815E1,4.085854204E-1,1.861432320E-1,1.641908756E1
1.176300858E1,9.903445459E-1,3.077482899E-3,2.032170722E-3,1.385790502E-1,1.593690706E1,3.815241215E-1,1.817510584E-1,1.593197544E1
1.177297058E1,9.909284892E-1,2.870541313E-3,1.960502750E-3,1.343449651E-1,1.544672069E1,3.561413893E-1,1.784279695E-1,1.544213606E1
1.178293258E1,9.914948753E-1,2.694571678E-3,1.904156433E-3,1.301045072E-1,1.495602770E1,3.345413169E-1,1.761716702E-1,1.495186016E1
1.179289458E1,9.920363165E-1,2.556524479E-3,1.869336894E-3,1.259129421E-1,1.447149033E1,3.175980744E-1,1.756176339E-1,1.446752092E1
1.180285658E1,9.925465095E-1,2.455602113E-3,1.848713439E-3,1.218281510E-1,1.399966349E1,3.051057313E-1,1.759868540E-1,1.399578010E1
1.181281958E1,9.930244106E-1,2.378571081E-3,1.869765224E-3,1.178703813E-1,1.354287463E1,2.959204858E-1,1.806377838E-1,1.353895336E1
1.182278158E1,9.934706451E-1,2.327113966E-3,1.930646160E-3,1.140486100E-1,1.310205297E1,2.901609053E-1,1.893785004E-1,1.309804741E1
1.183274358E1,9.938878521E-1,2.283350999E-3,1.983119425E-3,1.103525054E-1,1.267611020E1,2.851338212E-1,1.969861202E-1,1.267182033E1
1.184270558E1,9.942793041E-1,2.240136873E-3,2.025491638E-3,1.067684319E-1,1.226307305E1,2.800165544E-1,2.033693345E-1,1.225867894E1
1.185266758E1,9.946488082E-1,2.196040052E-3,2.049562894E-3,1.032697778E-1,1.186005605E1,2.745581010E-1,2.076186696E-1,1.185553106E1
1.186262958E1,9.949973208E-1,2.157566343E-3,2.062948446E-3,9.985663485E-2,1.146700953E1,2.696106059E-1,2.105258929E-1,1.146237603E1
1.187259158E1,9.953234693E-1,2.099767173E-3,2.069312858E-3,9.655335816E-2,1.108661367E1,2.623883653E-1,2.127851060E-1,1.108199927E1
1.188255358E1,9.956273219E-1,2.044064194E-3,2.070484862E-3,9.336923940E-2,1.072012271E1,2.553637059E-1,2.143530157E-1,1.071545720E1
1.189251658E1,9.959092374E-1,1.990275316E-3,2.067250089E-3,9.031430641E-2,1.036854755E1,2.485328135E-1,2.153229880E-1,1.036388871E1
1.190247858E1,9.961718455E-1,1.927873957E-3,2.082653429E-3,8.737132001E-2,1.003000149E1,2.409263937E-1,2.184395217E-1,1.002529840E1
1.191244058E1,9.964160269E-1,1.847010581E-3,2.118630081E-3,8.454206061E-2,9.704648045E0,2.314205439E-1,2.240141068E-1,9.699875746E0
1.192240258E1,9.966441951E-1,1.749332360E-3,2.140089851E-3,8.180938676E-2,9.390473738E0,2.198509282E-1,2.280144642E-1,9.385627588E0
1.193236458E1,9.968600485E-1,1.644701305E-3,2.133310654E-3,7.913852419E-2,9.083282006E0,2.072253628E-1,2.287772615E-1,9.078546870E0
1.194232658E1,9.970652526E-1,1.534125758E-3,2.125306391E-3,7.651248654E-2,8.781309013E0,1.939178814E-1,2.293773191E-1,8.776681326E0
1.195228858E1,9.972609550E-1,1.433762115E-3,2.112335045E-3,7.391869686E-2,8.483330488E0,1.817412254E-1,2.292487532E-1,8.478582333E0
1.196225158E1,9.974472740E-1,1.357814411E-3,2.090476348E-3,7.136335616E-2,8.189589999E0,1.722936624E-1,2.278363213E-1,8.184963340E0
1.197221358E1,9.976207952E-1,1.260773148E-3,2.073755351E-3,6.889713472E-2,7.906234429E0,1.605040592E-1,2.271162295E-1,7.901630749E0
1.198217558E1,9.977795958E-1,1.154315823E-3,2.038503090E-3,6.656189415E-2,7.637725290E0,1.475309814E-1,2.242726795E-1,7.633384764E0
1.199213758E1,9.979238430E-1,1.073318833E-3,1.984717462E-3,6.436553030E-2,7.385380771E0,1.373778334E-1,2.190436899E-1,7.381130288E0
1.200209958E1,9.980550184E-1,1.021748903E-3,1.980328869E-3,6.229878418E-2,7.148185107E0,1.309945457E-1,2.191939562E-1,7.143808801E0
1.201206158E1,9.981759086E-1,1.004257574E-3,2.030573816E-3,6.032972531E-2,6.922404365E0,1.289085511E-1,2.253200473E-1,6.917748921E0
1.202202358E1,9.982910355E-1,1.035954277E-3,2.114268550E-3,5.839150277E-2,6.700327296E0,1.326569127E-1,2.349321946E-1,6.695272405E0
1.203198558E1,9.984040473E-1,1.078465685E-3,2.219047940E-3,5.642208182E-2,6.474934987E0,1.377344849E-1,2.469062879E-1,6.469246736E0
1.204194858E1,9.985177796E-1,1.108777692E-3,2.307283526E-3,5.436764441E-2,6.239900593E0,1.412443486E-1,2.570964210E-1,6.233484210E0
1.205191058E1,9.986329896E-1,1.105694659E-3,2.372013759E-3,5.220549970E-2,5.992430743E0,1.407218355E-1,2.648275190E-1,5.985376380E0
1.206187258E1,9.987510691E-1,1.057515939E-3,2.407754320E-3,4.989439065E-2,5.727723394E0,1.347989450E-1,2.695184028E-1,5.720187924E0
1.207183458E1,9.988723137E-1,9.922530643E-4,2.399911643E-3,4.740547813E-2,5.442552160E0,1.266140674E-1,2.693102996E-1,5.434620038E0
1.208179658E1,9.989964162E-1,9.063381940E-4,2.383659630E-3,4.471623023E-2,5.134294380E0,1.159699421E-1,2.682299569E-1,5.126099556E0
1.209175858E1,9.991223213E-1,8.023601303E-4,2.366045953E-3,4.181312784E-2,4.801392245E0,1.032009251E-1,2.670474437E-1,4.793084232E0
1.210172058E1,9.992489511E-1,6.920861299E-4,2.355258829E-3,3.867330893E-2,4.441492298E0,8.968631960E-2,2.666239678E-1,4.432962483E0
1.211168258E1,9.993744230E-1,5.647073041E-4,2.355103608E-3,3.528446815E-2,4.053504586E0,7.419343336E-2,2.674238552E-1,4.044326873E0
1.212164558E1,9.994971996E-1,4.215166223E-4,2.382157976E-3,3.161651747E-2,3.633989083E0,5.690913297E-2,2.713118094E-1,3.623735435E0
1.213160758E1,9.996148292E-1,2.820330103E-4,2.387911571E-3,2.765081874E-2,3.180594230E0,3.987282702E-2,2.726365067E-1,3.169058604E0
1.214156958E1,9.997240110E-1,1.382921121E-4,2.376967642E-3,2.337130481E-2,2.692300163E0,2.220887180E-2,2.719359072E-1,2.678458402E0
1.215153158E1,9.998206445E-1,-8.892015740E-6,2.359998595E-3,1.878891196E-2,2.170358687E0,4.062474714E-3,2.704075629E-1,2.153192904E0
1.216149358E1,9.999004618E-1,-1.765414391E-4,2.343340242E-3,1.391300106E-2,1.616836259E0,-1.649231017E-2,2.687827311E-1,1.594329663E0
1.217145558E1,9.999588330E-1,-3.763593160E-4,2.305179053E-3,8.771477816E-3,1.039785132E0,-4.080924221E-2,2.645224196E-1,1.005058777E0
1.218141758E1,9.999917563E-1,-5.537982012E-4,2.237139288E-3,3.358192132E-3,4.652948495E-1,-6.259981921E-2,2.565691358E-1,3.846820763E-1
1.219138058E1,9.999946792E-1,-7.202871966E-4,2.214687006E-3,-2.317604333E-3,3.738149655E-1,-8.312740892E-2,2.535926220E-1,-2.657628344E-1
1.220134258E1,9.999631290E-1,-9.017814985E-4,2.239792734E-3,-8.239315646E-3,9.840375990E-1,-1.054485619E-1,2.558013053E-1,-9.444048407E-1
1.221130458E1,9.998931221E-1,-1.088040383E-3,2.213057468E-3,-1.440852295E-2,1.675387823E0,-1.283222328E-1,2.517749537E-1,-1.651439160E0
1.222126658E1,9.997805199E-1,-1.278710133E-3,2.130595450E-3,-2.079999302E-2,2.400894887E0,-1.515770276E-1,2.410475694E-1,-2.384001620E0
1.223122858E1,9.996216766E-1,-1.483327357E-3,2.055775886E-3,-2.738791636E-2,3.152193977E0,-1.763660944E-1,2.308307546E-1,-3.139181910E0
1.224119058E1,9.994118455E-1,-1.657413359E-3,2.014125279E-3,-3.419211920E-2,3.930380863E0,-1.977073820E-1,2.241726226E-1,-3.919292089E0
1.225115258E1,9.991449572E-1,-1.804017868E-3,2.045909463E-3,-4.125447935E-2,4.739063360E0,-2.162225155E-1,2.257157379E-1,-4.729200636E0
1.226111458E1,9.988116016E-1,-1.926007508E-3,2.095063948E-3,-4.865545151E-2,5.587167307E0,-2.321254459E-1,2.290534848E-1,-5.578193035E0
1.227107758E1,9.984020486E-1,-2.067019379E-3,2.150086912E-3,-5.643082097E-2,6.478989263E0,-2.503908662E-1,2.326223722E-1,-6.470469757E0
1.228103958E1,9.979093415E-1,-2.278902973E-3,2.178462993E-3,-6.455284041E-2,7.411137374E0,-2.767149824E-1,2.322546831E-1,-7.402955643E0
1.229100158E1,9.973316743E-1,-2.534153290E-3,2.093711281E-3,-7.292999206E-2,8.373049613E0,-3.071188934E-1,2.181036492E-1,-8.365217659E0
1.230096358E1,9.966768988E-1,-2.835319559E-3,1.954628201E-3,-8.138347564E-2,9.344579245E0,-3.420566380E-1,1.967981673E-1,-9.336827566E0
1.231092558E1,9.959601531E-1,-3.165663380E-3,1.782397073E-3,-8.972218546E-2,1.030377572E1,-3.796228262E-1,1.708753158E-1,-1.029588334E1
1.232088758E1,9.951988423E-1,-3.437980442E-3,1.602957681E-3,-9.780020917E-2,1.123348536E1,-4.100413303E-1,1.442739530E-1,-1.122561882E1
1.233084958E1,9.944102389E-1,-3.593113245E-3,1.447692054E-3,-1.055149024E-1,1.212179003E1,-4.269480435E-1,1.215213234E-1,-1.211421092E1
1.234081258E1,9.936059982E-1,-3.578099155E-3,1.410408704E-3,-1.128374689E-1,1.296539288E1,-4.256399513E-1,1.143219891E-1,-1.295833912E1
1.235077458E1,9.927923445E-1,-3.437400560E-3,1.500752417E-3,-1.197881671E-1,1.376657280E1,-4.116629110E-1,1.235499184E-1,-1.376029504E1
1.236073658E1,9.919671092E-1,-3.223446778E-3,1.629222217E-3,-1.264438814E-1,1.453431963E1,-3.900232104E-1,1.384897326E-1,-1.452885706E1
1.237069858E1,9.911011166E-1,-2.924228498E-3,1.792717774E-3,-1.330674654E-1,1.529882131E1,-3.594497935E-1,1.590125980E-1,-1.529436150E1
1.238066058E1,9.901463626E-1,-2.477638982E-3,2.173007965E-3,-1.399979562E-1,1.609989989E1,-3.159832263E-1,2.068074497E-1,-1.609611505E1
1.239062258E1,9.890597073E-1,-1.855513413E-3,3.015855765E-3,-1.474735254E-1,1.696597553E1,-2.612703368E-1,3.104555281E-1,-1.696189949E1
1.240058458E1,9.878026931E-1,-1.076177908E-3,4.338323780E-3,-1.556467010E-1,1.791604016E1,-1.992013456E-1,4.718824165E-1,-1.790961039E1
1.241054658E1,9.863305461E-1,-1.764499585E-4,5.977382846E-3,-1.646701826E-1,1.896876985E1,-1.327446366E-1,6.722804708E-1,-1.895727113E1
1.242050958E1,9.846238377E-1,7.763094377E-4,7.522948644E-3,-1.745242477E-1,2.012100460E1,-6.286799056E-2,8.643693439E-1,-2.010300215E1
1.243047158E1,9.826929205E-1,1.588214388E-3,8.607610370E-3,-1.850348874E-1,2.135049171E1,-3.665334904E-3,1.003015322E0,-2.132719045E1
1.244043358E1,9.805726087E-1,1.950819706E-3,9.183527580E-3,-1.959317155E-1,2.262457805E1,1.301715175E-2,1.075773481E0,-2.259920104E1
1.245039558E1,9.783086111E-1,1.720492991E-3,9.152038661E-3,-2.069433331E-1,2.391109606E1,-2.415782904E-2,1.066858961E0,-2.388784325E1
1.246035758E1,9.759421058E-1,9.191783825E-4,8.455382201E-3,-2.178638872E-1,2.518668330E1,-1.083111588E-1,9.685991201E-1,-2.516904029E1
1.247031958E1,9.735293453E-1,-3.886135856E-4,7.227944722E-3,-2.284471492E-1,2.642485761E1,-2.325901130E-1,7.961892842E-1,-2.641365139E1
1.248028158E1,9.711198450E-1,-2.065908901E-3,5.638695552E-3,-2.385164613E-1,2.760693367E1,-3.840373811E-1,5.710301778E-1,-2.760041472E1
1.249024458E1,9.687609475E-1,-4.020990690E-3,3.869714313E-3,-2.479338708E-1,2.871796508E1,-5.563376439E-1,3.153447647E-1,-2.871255507E1
1.250020658E1,9.664858701E-1,-6.107488018E-3,1.834689776E-3,-2.566406503E-1,2.975103226E1,-7.303871184E-1,2.357974042E-2,-2.974241572E1
1.251016858E1,9.642936193E-1,-8.089705976E-3,1.179248011E-4,-2.647121115E-1,3.071435094E1,-8.975329675E-1,-2.323612663E-1,-3.069890575E1
1.252013058E1,9.621657406E-1,-9.211872061E-3,-2.553320246E-4,-2.723090230E-1,3.162198365E1,-1.007764619E0,-3.156036642E-1,-3.160202903E1
1.253009258E1,9.600681066E-1,-9.215571055E-3,1.756432875E-4,-2.796142374E-1,3.249252480E1,-1.019551003E0,-2.759576352E-1,-3.247332535E1
1.254005458E1,9.579958299E-1,-8.557157963E-3,7.875189722E-4,-2.866533037E-1,3.333080905E1,-9.653094013E-1,-1.946338748E-1,-3.331502574E1
1.255001658E1,9.559543059E-1,-7.944828826E-3,1.264788708E-3,-2.934052014E-1,3.413708651E1,-9.128760086E-1,-1.285688453E-1,-3.412397519E1
1.255997858E1,9.539374524E-1,-7.691179956E-3,1.572336160E-3,-2.999029768E-1,3.491587431E1,-8.948203321E-1,-9.244075428E-2,-3.490394104E1
1.256994158E1,9.519356920E-1,-7.712883860E-3,1.753611729E-3,-3.061959175E-1,3.567253827E1,-9.029186741E-1,-7.933496516E-2,-3.566078416E1
1.257990358E1,9.499441297E-1,-7.907258900E-3,1.716420463E-3,-3.123151851E-1,3.641024276E1,-9.222187921E-1,-9.614849198E-2,-3.639808058E1
1.258986558E1,9.479750228E-1,-8.264032972E-3,1.508244464E-3,-3.182340331E-1,3.712569926E1,-9.527690764E-1,-1.375235777E-1,-3.711253615E1
1.259982758E1,9.460363472E-1,-8.819974827E-3,1.210618460E-3,-3.239383644E-1,3.781733490E1,-1.001149588E0,-1.961627006E-1,-3.780237960E1
1.260978958E1,9.441346784E-1,-9.420036148E-3,8.809112600E-4,-3.294239778E-1,3.848412735E1,-1.052476187E0,-2.602941217E-1,-3.846703222E1
1.261975158E1,9.422527219E-1,-9.697190833E-3,6.786547270E-4,-3.347613585E-1,3.913324071E1,-1.073157590E0,-2.987163963E-1,-3.911517759E1
1.262971358E1,9.403941689E-1,-9.588843662E-3,7.546535797E-4,-3.399504237E-1,3.976428474E1,-1.062778258E0,-2.922165765E-1,-3.974691327E1
1.263967658E1,9.385916635E-1,-9.362487074E-3,1.006062321E-3,-3.449015373E-1,4.036725210E1,-1.046810891E0,-2.618259479E-1,-4.035104650E1
1.264963858E1,9.368954818E-1,-9.266813730E-3,1.133050004E-3,-3.494848548E-1,4.092687391E1,-1.040331457E0,-2.494736736E-1,-4.091121688E1
1.265960058E1,9.353756093E-1,-9.396721606E-3,1.103710633E-3,-3.535292458E-1,4.142217563E1,-1.051981476E0,-2.623734055E-1,-4.140619369E1
1.266956258E1,9.340777378E-1,-9.820802544E-3,9.185590814E-4,-3.569333612E-1,4.184069146E1,-1.088844698E0,-3.033672689E-1,-4.182321092E1
1.267952458E1,9.330328352E-1,-1.040403285E-2,6.105483911E-4,-3.596401869E-1,4.217475047E1,-1.137634526E0,-3.634922062E-1,-4.215498990E1
1.268948658E1,9.322547253E-1,-1.094639067E-2,3.558550068E-4,-3.616367635E-1,4.242188339E1,-1.184249030E0,-4.156123076E-1,-4.239986898E1
1.269944858E1,9.317431345E-1,-1.124589598E-2,2.844866408E-4,-3.629436937E-1,4.258362239E1,-1.212680915E0,-4.373496415E-1,-4.256037264E1
1.270941158E1,9.314969545E-1,-1.122162136E-2,3.211965383E-4,-3.635759684E-1,4.266124358E1,-1.211321597E0,-4.332425277E-1,-4.263818328E1
1.271937358E1,9.314804514E-1,-1.093974457E-2,4.221007249E-4,-3.636266242E-1,4.266644225E1,-1.185409469E0,-4.107917771E-1,-4.264460581E1
1.272933558E1,9.314863806E-1,-1.054354542E-2,6.065572440E-4,-3.636228864E-1,4.266457454E1,-1.150799125E0,-3.745881058E-1,-4.264444760E1
1.273929758E1,9.314914776E-1,-1.026489247E-2,7.840024959E-4,-3.636175758E-1,4.266296895E1,-1.128446230E0,-3.440292667E-1,-4.264404549E1
1.274925958E1,9.314919936E-1,-1.022906218E-2,8.026209330E-4,-3.636172190E-1,4.266280639E1,-1.125396970E0,-3.405484283E-1,-4.264402912E1
1.275922158E1,9.314889535E-1,-1.039861716E-2,6.809589640E-4,-3.636205750E-1,4.266376407E1,-1.138427963E0,-3.606043010E-1,-4.264427972E1
1.276918358E1,9.314862019E-1,-1.061551438E-2,5.544368466E-4,-3.636213468E-1,4.266463084E1,-1.156311429E0,-3.831485984E-1,-4.264418667E1
1.277914558E1,9.314847300E-1,-1.073144015E-2,4.936740420E-4,-3.636217097E-1,4.266509450E1,-1.166155554E0,-3.944656257E-1,-4.264413604E1
1.278910858E1,9.314860526E-1,-1.069945712E-2,5.126731475E-4,-3.636192753E-1,4.266467786E1,-1.163533737E0,-3.911018462E-1,-4.264386529E1
1.279907058E1,9.314869038E-1,-1.057665497E-2,5.856152199E-4,-3.636206011E-1,4.266440974E1,-1.153462193E0,-3.782003530E-1,-4.264413627E1
1.280903258E1,9.314889260E-1,-1.046653748E-2,6.456724124E-4,-3.636185488E-1,4.266377273E1,-1.144209431E0,-3.671986131E-1,-4.264397453E1
1.281899458E1,9.314889457E-1,-1.044687001E-2,6.544320980E-4,-3.636188551E-1,4.266376653E1,-1.142474547E0,-3.654444304E-1,-4.264402401E1
1.282895658E1,9.314879475E-1,-1.050006266E-2,6.191922988E-4,-3.636199743E-1,4.266408098E1,-1.146684585E0,-3.714239076E-1,-4.264411274E1
1.283891858E1,9.314877835E-1,-1.057800825E-2,5.774529651E-4,-3.636184468E-1,4.266413261E1,-1.153267543E0,-3.791253357E-1,-4.264386452E1
1.284888058E1,9.314870317E-1,-1.061407806E-2,5.494170942E-4,-3.636192384E-1,4.266436944E1,-1.155949812E0,-3.836219545E-1,-4.264392253E1
1.285884358E1,9.314862582E-1,-1.059988698E-2,5.531955097E-4,-3.636217900E-1,4.266461310E1,-1.154591268E0,-3.826304607E-1,-4.264424626E1
1.286880558E1,9.314862403E-1,-1.055437718E-2,5.803830515E-4,-3.636231220E-1,4.266461875E1,-1.150864972E0,-3.778336550E-1,-4.264444996E1
1.287876758E1,9.314873795E-1,-1.052512582E-2,5.963662541E-4,-3.636207643E-1,4.266425988E1,-1.148408938E0,-3.749057660E-1,-4.264418086E1
1.288872958E1,9.314892469E-1,-1.052624427E-2,5.935222616E-4,-3.636160293E-1,4.266367165E1,-1.148411796E0,-3.752501082E-1,-4.264359627E1
1.289869158E1,9.314895196E-1,-1.056054234E-2,5.741168258E-4,-3.636143619E-1,4.266358574E1,-1.151265544E0,-3.787486086E-1,-4.264336226E1
1.290865358E1,9.314895492E-1,-1.059693156E-2,5.584993117E-4,-3.636133364E-1,4.266357642E1,-1.154500145E0,-3.819306928E-1,-4.264321118E1
1.291861558E1,9.314895409E-1,-1.060383646E-2,5.512633760E-4,-3.636132116E-1,4.266357904E1,-1.154935903E0,-3.829906418E-1,-4.264318731E1
1.292857733E1,9.314909738E-1,-1.058891222E-2,5.607054172E-4,-3.636098309E-1,4.266312763E1,-1.153737330E0,-3.813567114E-1,-4.264278348E1
1.293854033E1,9.314927834E-1,-1.056875787E-2,5.693488750E-4,-3.636058871E-1,4.266255760E1,-1.151947474E0,-3.795894029E-1,-4.264231414E1
1.294850233E1,9.314933119E-1,-1.056624747E-2,5.759298218E-4,-3.636046216E-1,4.266239109E1,-1.151954165E0,-3.787807612E-1,-4.264216587E1
1.295846433E1,9.314934541E-1,-1.057461020E-2,5.727047860E-4,-3.636040026E-1,4.266234632E1,-1.152712832E0,-3.794727031E-1,-4.264208392E1
1.296842633E1,9.314954353E-1,-1.059138536E-2,5.670645802E-4,-3.635983580E-1,4.266172219E1,-1.154270990E0,-3.807667476E-1,-4.264137805E1
1.297838833E1,9.314941684E-1,-1.060690086E-2,5.642901777E-4,-3.636010815E-1,4.266212130E1,-1.155810653E0,-3.817127630E-1,-4.264170484E1
1.298835033E1,9.314940494E-1,-1.061185552E-2,5.616746238E-4,-3.636014474E-1,4.266215876E1,-1.156230580E0,-3.821988531E-1,-4.264174824E1
1.299831233E1,9.314946672E-1,-1.061175228E-2,5.584717637E-4,-3.635998278E-1,4.266196415E1,-1.156086771E0,-3.825344276E-1,-4.264154544E1
1.300827533E1,9.314953090E-1,-1.062006268E-2,5.595349447E-4,-3.635979067E-1,4.266176196E1,-1.157019033E0,-3.827648250E-1,-4.264130724E1
1.301823733E1,9.314962138E-1,-1.063234389E-2,5.433520425E-4,-3.635952967E-1,4.266147692E1,-1.157657070E0,-3.850007258E-1,-4.264096739E1
1.302819933E1,9.314972465E-1,-1.065192642E-2,5.418417882E-4,-3.635919362E-1,4.266115161E1,-1.159686061E0,-3.859736940E-1,-4.264054489E1
1.303816133E1,9.314973056E-1,-1.066697530E-2,5.452293908E-4,-3.635914263E-1,4.266113299E1,-1.161434022E0,-3.862384796E-1,-4.264048190E1
1.304812333E1,9.314985686E-1,-1.067916712E-2,5.355304891E-4,-3.635878106E-1,4.266073509E1,-1.162333038E0,-3.877772563E-1,-4.264002361E1
1.305808533E1,9.315009079E-1,-1.068234120E-2,5.475299076E-4,-3.635818061E-1,4.265999813E1,-1.163174311E0,-3.866211378E-1,-4.263929683E1
1.306804733E1,9.315019674E-1,-1.067797451E-2,5.524184058E-4,-3.635793168E-1,4.265966434E1,-1.162912854E0,-3.859142686E-1,-4.263899795E1
1.307800933E1,9.315029373E-1,-1.067101372E-2,5.545450468E-4,-3.635767423E-1,4.265935879E1,-1.162259249E0,-3.853940365E-1,-4.263868196E1
1.308797233E1,9.315026093E-1,-1.066633794E-2,5.738167419E-4,-3.635777133E-1,4.265946214E1,-1.162562484E0,-3.831432815E-1,-4.263882176E1
1.309793433E1,9.315036359E-1,-1.066403311E-2,5.656533703E-4,-3.635752180E-1,4.265913870E1,-1.161977415E0,-3.839155342E-1,-4.263850826E1
1.310789633E1,9.315028563E-1,-1.066866706E-2,5.574416778E-4,-3.635770632E-1,4.265938432E1,-1.162129278E0,-3.849874629E-1,-4.263872553E1
1.311785833E1,9.315012882E-1,-1.068011366E-2,5.659282728E-4,-3.635807161E-1,4.265987834E1,-1.163703311E0,-3.845630446E-1,-4.263917943E1
1.312782033E1,9.315017304E-1,-1.068958880E-2,5.543013293E-4,-3.635794559E-1,4.265973902E1,-1.164231098E0,-3.861973607E-1,-4.263901185E1
1.313778233E1,9.315021968E-1,-1.069951997E-2,5.428429505E-4,-3.635781064E-1,4.265959209E1,-1.164814627E0,-3.878325711E-1,-4.263883316E1
1.314774433E1,9.315028142E-1,-1.070425691E-2,5.406988418E-4,-3.635763218E-1,4.265939758E1,-1.165231729E0,-3.882565753E-1,-4.263860931E1
1.315770633E1,9.315040473E-1,-1.070675472E-2,5.336685749E-4,-3.635730600E-1,4.265900911E1,-1.165206877E0,-3.891070108E-1,-4.263820005E1
1.316766933E1,9.315051755E-1,-1.070911899E-2,5.362869508E-4,-3.635701524E-1,4.265865367E1,-1.165569596E0,-3.889223782E-1,-4.263784488E1
1.317763133E1,9.315058799E-1,-1.070591146E-2,5.412906355E-4,-3.635682933E-1,4.265843175E1,-1.165436305E0,-3.882522995E-1,-4.263762034E1
1.318759333E1,9.315062378E-1,-1.070296790E-2,5.419460896E-4,-3.635674736E-1,4.265831898E1,-1.165149705E0,-3.880586684E-1,-4.263752119E1
1.319755533E1,9.315061486E-1,-1.069911586E-2,5.509082478E-4,-3.635677209E-1,4.265834707E1,-1.165111651E0,-3.869418233E-1,-4.263756050E1
1.320751733E1,9.315073673E-1,-1.070176015E-2,5.589733785E-4,-3.635644453E-1,4.265796312E1,-1.165731241E0,-3.861869828E-1,-4.263716384E1
1.321747933E1,9.315060703E-1,-1.070477917E-2,5.623222636E-4,-3.635677738E-1,4.265837177E1,-1.166191717E0,-3.859594514E-1,-4.263757678E1
1.322744133E1,9.315071239E-1,-1.071281953E-2,5.592232235E-4,-3.635648826E-1,4.265803981E1,-1.166922223E0,-3.866216256E-1,-4.263721617E1
1.323740433E1,9.315070795E-1,-1.072139235E-2,5.556057474E-4,-3.635648191E-1,4.265805381E1,-1.167686820E0,-3.873648633E-1,-4.263720306E1
1.324736633E1,9.315065563E-1,-1.073490949E-2,5.579299940E-4,-3.635657196E-1,4.265821864E1,-1.169226323E0,-3.876810587E-1,-4.263731150E1
1.325732833E1,9.315069617E-1,-1.073500590E-2,5.564128246E-4,-3.635648052E-1,4.265809091E1,-1.169173857E0,-3.878458754E-1,-4.263719901E1
1.326729033E1,9.315077276E-1,-1.073967858E-2,5.524286041E-4,-3.635626878E-1,4.265784963E1,-1.169507615E0,-3.884631929E-1,-4.263693297E1
1.327725233E1,9.315097961E-1,-1.074561872E-2,5.571750480E-4,-3.635572315E-1,4.265719794E1,-1.170341780E0,-3.881971602E-1,-4.263626493E1
1.328721433E1,9.315099985E-1,-1.075636871E-2,5.584147277E-4,-3.635563344E-1,4.265713417E1,-1.171541427E0,-3.885115721E-1,-4.263615179E1
1.329717633E1,9.315098890E-1,-1.077381202E-2,5.651115045E-4,-3.635559034E-1,4.265716867E1,-1.173682709E0,-3.885229091E-1,-4.263609775E1
1.330713933E1,9.315099887E-1,-1.078657098E-2,5.769499288E-4,-3.635552555E-1,4.265713723E1,-1.175538246E0,-3.877899577E-1,-4.263602578E1
1.331710133E1,9.315107257E-1,-1.079218870E-2,5.926930333E-4,-3.635530905E-1,4.265690505E1,-1.176794620E0,-3.863407642E-1,-4.263577219E1
1.332706333E1,9.315122457E-1,-1.080708446E-2,6.071881408E-4,-3.635488755E-1,4.265642614E1,-1.178990483E0,-3.854087215E-1,-4.263526520E1
1.333702533E1,9.315137191E-1,-1.083126674E-2,6.275807268E-4,-3.635442767E-1,4.265596194E1,-1.182423472E0,-3.842335311E-1,-4.263471149E1
1.334698733E1,9.315144153E-1,-1.085836872E-2,6.398614860E-4,-3.635417328E-1,4.265574260E1,-1.185829499E0,-3.840484622E-1,-4.263440336E1
1.335694933E1,9.315139448E-1,-1.088380993E-2,6.536112337E-4,-3.635421621E-1,4.265589082E1,-1.189118155E0,-3.836411760E-1,-4.263446226E1
1.336691133E1,9.315139421E-1,-1.090799081E-2,6.558372011E-4,-3.635413162E-1,4.265589168E1,-1.191792718E0,-3.844098758E-1,-4.263435162E1
1.337687333E1,9.315149453E-1,-1.092384761E-2,6.568734834E-4,-3.635383597E-1,4.265557559E1,-1.193530026E0,-3.849560699E-1,-4.263398527E1
1.338683633E1,9.315135471E-1,-1.094539015E-2,6.479998669E-4,-3.635412757E-1,4.265601613E1,-1.195459082E0,-3.868045047E-1,-4.263432809E1
1.339679833E1,9.315131373E-1,-1.096083863E-2,6.473093521E-4,-3.635419598E-1,4.265614523E1,-1.197079370E0,-3.875226831E-1,-4.263440799E1
1.340676033E1,9.315139567E-1,-1.098235994E-2,6.507521711E-4,-3.635390979E-1,4.265588708E1,-1.199521537E0,-3.880480867E-1,-4.263405155E1
1.341672233E1,9.315125403E-1,-1.099756039E-2,6.476655046E-4,-3.635422775E-1,4.265633334E1,-1.201014452E0,-3.890149311E-1,-4.263443494E1
1.342668433E1,9.315137120E-1,-1.101438876E-2,6.670936725E-4,-3.635387707E-1,4.265596417E1,-1.203621775E0,-3.876376046E-1,-4.263401850E1
1.343664633E1,9.315139769E-1,-1.103049390E-2,6.804673645E-4,-3.635376709E-1,4.265588070E1,-1.205898721E0,-3.868795360E-1,-4.263389293E1
1.344660833E1,9.315139606E-1,-1.105001402E-2,6.894982617E-4,-3.635371668E-1,4.265588586E1,-1.208359101E0,-3.867280805E-1,-4.263383487E1
1.345657133E1,9.315124941E-1,-1.107342798E-2,7.063837225E-4,-3.635399977E-1,4.265634789E1,-1.211560850E0,-3.859047430E-1,-4.263419096E1
1.346653333E1,9.315140731E-1,-1.109643286E-2,7.168227118E-4,-3.635352710E-1,4.265585041E1,-1.214453654E0,-3.857426566E-1,-4.263361370E1
1.347649533E1,9.315147379E-1,-1.111621642E-2,7.274682906E-4,-3.635330707E-1,4.265564095E1,-1.217010150E0,-3.854275884E-1,-4.263334949E1
1.348645733E1,9.315158688E-1,-1.113725272E-2,7.316079516E-4,-3.635292821E-1,4.265528462E1,-1.219429881E0,-3.858571118E-1,-4.263287846E1
1.349641933E1,9.315166543E-1,-1.115290825E-2,7.315851826E-4,-3.635268329E-1,4.265503716E1,-1.221101373E0,-3.865085293E-1,-4.263257292E1
1.350638133E1,9.315136744E-1,-1.116355320E-2,7.273864464E-4,-3.635343347E-1,4.265597603E1,-1.222059933E0,-3.874100225E-1,-4.263349029E1
1.351634333E1,9.315139954E-1,-1.116656308E-2,7.342590737E-4,-3.635335278E-1,4.265587487E1,-1.222667926E0,-3.868007257E-1,-4.263339867E1
1.352630633E1,9.315133528E-1,-1.117150943E-2,7.338517651E-4,-3.635347474E-1,4.265607734E1,-1.223178394E0,-3.870518789E-1,-4.263354345E1
1.353626833E1,9.315126355E-1,-1.117768688E-2,7.421549746E-4,-3.635364338E-1,4.265630335E1,-1.224183078E0,-3.864251117E-1,-4.263375823E1
1.354623033E1,9.315124999E-1,-1.119667451E-2,7.438005107E-4,-3.635363045E-1,4.265634607E1,-1.226278864E0,-3.870403116E-1,-4.263373955E1
1.355619233E1,9.315126449E-1,-1.120980279E-2,7.518144372E-4,-3.635355328E-1,4.265630037E1,-1.228014581E0,-3.867307669E-1,-4.263364917E1
1.356615433E1,9.315116942E-1,-1.123152878E-2,7.575985991E-4,-3.635371200E-1,4.265659990E1,-1.230574250E0,-3.870205408E-1,-4.263384179E1
1.357611633E1,9.315119058E-1,-1.125391777E-2,7.725197609E-4,-3.635357676E-1,4.265653325E1,-1.233586538E0,-3.863587145E-1,-4.263368310E1
1.358607833E1,9.315126281E-1,-1.127146966E-2,7.773809299E-4,-3.635335694E-1,4.265630568E1,-1.235663891E0,-3.865680969E-1,-4.263341491E1
1.359604033E1,9.315124197E-1,-1.129490343E-2,7.858462750E-4,-3.635333777E-1,4.265637132E1,-1.238518396E0,-3.866404501E-1,-4.263339327E1
1.360600333E1,9.315114401E-1,-1.131060969E-2,7.934861468E-4,-3.635354559E-1,4.265667996E1,-1.240512605E0,-3.864820118E-1,-4.263365299E1
1.361596533E1,9.315129825E-1,-1.132279554E-2,7.946763424E-4,-3.635308328E-1,4.265619402E1,-1.241864928E0,-3.868564752E-1,-4.263307841E1
1.362592733E1,9.315136527E-1,-1.132998724E-2,8.019250217E-4,-3.635288999E-1,4.265598287E1,-1.242935456E0,-3.863797323E-1,-4.263284639E1
1.363588933E1,9.315145812E-1,-1.133545777E-2,8.123962360E-4,-3.635266397E-1,4.265569033E1,-1.243956732E0,-3.854868426E-1,-4.263258148E1
1.364585133E1,9.315150157E-1,-1.133917717E-2,8.081426541E-4,-3.635251520E-1,4.265555343E1,-1.244177135E0,-3.860938654E-1,-4.263238967E1
1.365581333E1,9.315155413E-1,-1.135008317E-2,8.133942544E-4,-3.635234732E-1,4.265538783E1,-1.245560918E0,-3.859853653E-1,-4.263218562E1
1.366577533E1,9.315143137E-1,-1.135587222E-2,8.154871224E-4,-3.635264192E-1,4.265577459E1,-1.246264908E0,-3.860070662E-1,-4.263254827E1
1.367573833E1,9.315144961E-1,-1.136879489E-2,8.177633230E-4,-3.635254765E-1,4.265571715E1,-1.247739716E0,-3.863011780E-1,-4.263242999E1
1.368570033E1,9.315139166E-1,-1.138262151E-2,8.271086261E-4,-3.635265340E-1,4.265589971E1,-1.249604686E0,-3.858810255E-1,-4.263256606E1
1.369566233E1,9.315141982E-1,-1.139428257E-2,8.410997852E-4,-3.635256387E-1,4.265581099E1,-1.251432870E0,-3.848721050E-1,-4.263246994E1
1.370562433E1,9.315142982E-1,-1.140680480E-2,8.524673688E-4,-3.635248377E-1,4.265577950E1,-1.253243503E0,-3.841792533E-1,-4.263237820E1
1.371558633E1,9.315147200E-1,-1.142669072E-2,8.686240929E-4,-3.635230527E-1,4.265564660E1,-1.256040213E0,-3.832806109E-1,-4.263216938E1
1.372554833E1,9.315159432E-1,-1.144908490E-2,8.757345589E-4,-3.635191770E-1,4.265526120E1,-1.258728798E0,-3.834492767E-1,-4.263169325E1
1.373551033E1,9.315152248E-1,-1.146572968E-2,8.745691374E-4,-3.635205689E-1,4.265548755E1,-1.260456751E0,-3.842689560E-1,-4.263185903E1
1.374547333E1,9.315136148E-1,-1.148412364E-2,8.764502946E-4,-3.635241606E-1,4.265599482E1,-1.262497421E0,-3.848392813E-1,-4.263229787E1
1.375543533E1,9.315132548E-1,-1.151126515E-2,8.807720799E-4,-3.635241720E-1,4.265610822E1,-1.265575080E0,-3.855086533E-1,-4.263229516E1
1.376539733E1,9.315153022E-1,-1.152722319E-2,8.748682758E-4,-3.635185509E-1,4.265546317E1,-1.267035286E0,-3.867960063E-1,-4.263159391E1
1.377535933E1,9.315170369E-1,-1.154096811E-2,8.784029447E-4,-3.635135789E-1,4.265491661E1,-1.268651966E0,-3.869845172E-1,-4.263098098E1
1.378532133E1,9.315171813E-1,-1.155059482E-2,8.893413130E-4,-3.635129205E-1,4.265487111E1,-1.270135612E0,-3.862170149E-1,-4.263090941E1
1.379528333E1,9.315181043E-1,-1.155445397E-2,8.951717065E-4,-3.635104059E-1,4.265458028E1,-1.270791491E0,-3.857519752E-1,-4.263060511E1
1.380524533E1,9.315195418E-1,-1.155583763E-2,9.058193616E-4,-3.635065749E-1,4.265412737E1,-1.271384223E0,-3.846677910E-1,-4.263014408E1
1.381520833E1,9.315196105E-1,-1.155494344E-2,9.146342825E-4,-3.635064875E-1,4.265410573E1,-1.271655966E0,-3.836894565E-1,-4.263014416E1
1.382517033E1,9.315202466E-1,-1.155731662E-2,9.206246963E-4,-3.635046468E-1,4.265390531E1,-1.272159522E0,-3.831463510E-1,-4.262992210E1
1.383513233E1,9.315197167E-1,-1.156694339E-2,9.261014925E-4,-3.635056751E-1,4.265407226E1,-1.273414976E0,-3.829641482E-1,-4.263005152E1
1.384509433E1,9.315203418E-1,-1.157842016E-2,9.271898177E-4,-3.635035458E-1,4.265387530E1,-1.274686389E0,-3.833231534E-1,-4.262978542E1
1.385505633E1,9.315206654E-1,-1.159668960E-2,9.243859932E-4,-3.635023346E-1,4.265377334E1,-1.276520713E0,-3.843818290E-1,-4.262963015E1
1.386501833E1,9.315210710E-1,-1.161822070E-2,9.251724691E-4,-3.635006251E-1,4.265364554E1,-1.278852910E0,-3.851924392E-1,-4.262941443E1
1.387498033E1,9.315218843E-1,-1.162753927E-2,9.338019881E-4,-3.634983401E-1,4.265338928E1,-1.280208198E0,-3.846562990E-1,-4.262914140E1
1.388494333E1,9.315220082E-1,-1.163758598E-2,9.447910491E-4,-3.634973639E-1,4.265335026E1,-1.281738729E0,-3.839004284E-1,-4.262902662E1
1.389490533E1,9.315197858E-1,-1.164473437E-2,9.485649572E-4,-3.635028881E-1,4.265405048E1,-1.282656849E0,-3.838029523E-1,-4.262970889E1
1.390486733E1,9.315194727E-1,-1.165065072E-2,9.541047981E-4,-3.635035537E-1,4.265414913E1,-1.283518982E0,-3.834589626E-1,-4.262979586E1
1.391482933E1,9.315193402E-1,-1.164856311E-2,9.648235544E-4,-3.635039773E-1,4.265419087E1,-1.283742373E0,-3.822283912E-1,-4.262986093E1
1.392479117E1,9.315190594E-1,-1.165192384E-2,9.696045549E-4,-3.635044652E-1,4.265427936E1,-1.284300038E0,-3.818587107E-1,-4.262992385E1
1.393475317E1,9.315192961E-1,-1.165533408E-2,9.775660481E-4,-3.635036543E-1,4.265420478E1,-1.284996003E0,-3.811497939E-1,-4.262983097E1
1.394471517E1,9.315194586E-1,-1.166024416E-2,9.884085220E-4,-3.635032395E-1,4.265415359E1,-1.285972059E0,-3.801963556E-1,-4.262979269E1
1.395467717E1,9.315205183E-1,-1.166183580E-2,9.921484842E-4,-3.635003073E-1,4.265381970E1,-1.286298865E0,-3.798593885E-1,-4.262943383E1
1.396464017E1,9.315213518E-1,-1.167536280E-2,9.934560563E-4,-3.634976987E-1,4.265355706E1,-1.287798554E0,-3.802796913E-1,-4.262910993E1
1.397460217E1,9.315224200E-1,-1.169250046E-2,9.923134500E-4,-3.634946376E-1,4.265322049E1,-1.289582009E0,-3.811113017E-1,-4.262872968E1
1.398456417E1,9.315228735E-1,-1.170317612E-2,9.937999519E-4,-3.634930027E-1,4.265307760E1,-1.290784292E0,-3.813950655E-1,-4.262852552E1
1.399452617E1,9.315229129E-1,-1.171194614E-2,9.933380802E-4,-3.634925284E-1,4.265306518E1,-1.291701521E0,-3.818090358E-1,-4.262846292E1
1.400448817E1,9.315245165E-1,-1.171771080E-2,9.981053790E-4,-3.634884207E-1,4.265255991E1,-1.292517308E0,-3.815345632E-1,-4.262796362E1
1.401445017E1,9.315249177E-1,-1.172112117E-2,1.004007151E-3,-3.634872403E-1,4.265243349E1,-1.293127671E0,-3.810449882E-1,-4.262782365E1
1.402441217E1,9.315253239E-1,-1.171755934E-2,1.005598365E-3,-3.634862469E-1,4.265230551E1,-1.292814038E0,-3.807253872E-1,-4.262770354E1
1.403437517E1,9.315249216E-1,-1.172301314E-2,1.005067330E-3,-3.634869482E-1,4.265243227E1,-1.293373823E0,-3.810102312E-1,-4.262778571E1
1.404433717E1,9.315243591E-1,-1.173412072E-2,1.000690366E-3,-3.634883651E-1,4.265260950E1,-1.294377012E0,-3.819420989E-1,-4.262795562E1
1.405429917E1,9.315242445E-1,-1.174657078E-2,1.001339167E-3,-3.634881944E-1,4.265264562E1,-1.295733287E0,-3.823912150E-1,-4.262793088E1
1.406426117E1,9.315233343E-1,-1.175916990E-2,9.995918673E-4,-3.634898993E-1,4.265293240E1,-1.297004829E0,-3.831049348E-1,-4.262813213E1
1.407422317E1,9.315231730E-1,-1.177006700E-2,9.852123939E-4,-3.634899482E-1,4.265298323E1,-1.297569337E0,-3.850938916E-1,-4.262811821E1
1.408418517E1,9.315231377E-1,-1.177027161E-2,9.765991405E-4,-3.634903093E-1,4.265299435E1,-1.297232451E0,-3.860223454E-1,-4.262815604E1
1.409414717E1,9.315211743E-1,-1.177246137E-2,9.842594032E-4,-3.634951794E-1,4.265361299E1,-1.297783213E0,-3.853026378E-1,-4.262876207E1
1.410411017E1,9.315214511E-1,-1.177172310E-2,9.907325570E-4,-3.634944250E-1,4.265352579E1,-1.297974268E0,-3.845798480E-1,-4.262867611E1
1.411407217E1,9.315202640E-1,-1.177597896E-2,9.922790768E-4,-3.634973175E-1,4.265389982E1,-1.298491849E0,-3.845960749E-1,-4.262903222E1
1.412403417E1,9.315202168E-1,-1.178379951E-2,1.000082143E-3,-3.634972350E-1,4.265391468E1,-1.299651849E0,-3.840887791E-1,-4.262902925E1
1.413399617E1,9.315208533E-1,-1.178881443E-2,1.004816670E-3,-3.634952149E-1,4.265371413E1,-1.300385161E0,-3.837894763E-1,-4.262878199E1
1.414395817E1,9.315209268E-1,-1.180222408E-2,1.004658466E-3,-3.634948846E-1,4.265369097E1,-1.301810525E0,-3.843644799E-1,-4.262874062E1
1.415392017E1,9.315379906E-1,-1.183107284E-2,1.059013583E-3,-3.634500519E-1,4.264831415E1,-1.307172542E0,-3.797010680E-1,-4.262327842E1
1.416388217E1,9.318696219E-1,-1.235291194E-2,1.044022069E-3,-3.625816381E-1,4.254368809E1,-1.362638006E0,-4.017666378E-1,-4.251630678E1
1.417384517E1,9.328885563E-1,-1.354609013E-2,5.979031213E-4,-3.599098785E-1,4.222067865E1,-1.472968924E0,-4.947660536E-1,-4.218702752E1
1.418380717E1,9.344945490E-1,-1.429707257E-2,1.473711649E-4,-3.556902280E-1,4.170672263E1,-1.537271097E0,-5.669637626E-1,-4.166835795E1
1.419376917E1,9.367757478E-1,-1.430030868E-2,-1.696351995E-4,-3.496378793E-1,4.096610113E1,-1.528555561E0,-5.911699777E-1,-4.092682294E1
1.420373117E1,9.396155071E-1,-1.357029055E-2,-1.103997791E-4,-3.419626911E-1,4.002582844E1,-1.457036895E0,-5.436610435E-1,-3.998992049E1
1.421369317E1,9.427532342E-1,-1.242161498E-2,-1.411008573E-4,-3.332596241E-1,3.896162189E1,-1.336708073E0,-4.896151286E-1,-3.893089581E1
1.422365517E1,9.459099960E-1,-1.120124539E-2,1.520724868E-4,-3.242357036E-1,3.786198877E1,-1.219912018E0,-3.996982326E-1,-3.783676298E1
1.423361717E1,9.489408547E-1,-1.025905632E-2,5.040202803E-4,-3.152867035E-1,3.677645244E1,-1.133877147E0,-3.158455713E-1,-3.675512773E1
1.424358017E1,9.517738195E-1,-9.766487579E-3,6.362954668E-4,-3.066444231E-1,3.573304802E1,-1.087620801E0,-2.737865847E-1,-3.571341699E1
1.425354217E1,9.543723713E-1,-9.654499633E-3,5.965331535E-4,-2.984622286E-1,3.474936591E1,-1.076322208E0,-2.649582542E-1,-3.472971500E1
1.426350417E1,9.567296289E-1,-9.690997522E-3,5.562562438E-4,-2.908163552E-1,3.383307846E1,-1.081067223E0,-2.619702513E-1,-3.381284163E1
1.427346617E1,9.588511028E-1,-9.639270673E-3,5.619049663E-4,-2.837450021E-1,3.298734165E1,-1.077470962E0,-2.516795890E-1,-3.296690459E1
1.428342817E1,9.607549644E-1,-9.400256977E-3,6.270097411E-4,-2.772384085E-1,3.220999416E1,-1.054903393E0,-2.296088172E-1,-3.219026008E1
1.429339017E1,9.624621425E-1,-9.040182750E-3,8.249540771E-4,-2.712642672E-1,3.149708441E1,-1.022745394E0,-1.900265544E-1,-3.147865977E1
1.430335217E1,9.639980961E-1,-8.694654752E-3,1.014163716E-3,-2.657651631E-1,3.084196209E1,-9.914029074E-1,-1.527604060E-1,-3.082473750E1
1.431331517E1,9.653945874E-1,-8.479961967E-3,1.103495472E-3,-2.606535948E-1,3.023431097E1,-9.711138919E-1,-1.312102016E-1,-3.021771643E1
1.432327717E1,9.666837364E-1,-8.449201289E-3,1.099746351E-3,-2.558321097E-1,2.966258251E1,-9.682389079E-1,-1.258755003E-1,-2.964583303E1
1.433323917E1,9.679065070E-1,-8.569579905E-3,1.032824122E-3,-2.511621902E-1,2.911015492E1,-9.802618691E-1,-1.320872024E-1,-2.909256774E1
1.434320117E1,9.691094178E-1,-8.723634034E-3,9.532486819E-4,-2.464747868E-1,2.855650317E1,-9.957515134E-1,-1.405299077E-1,-2.853791131E1
1.435316317E1,9.703350538E-1,-8.784396535E-3,9.319891876E-4,-2.416024492E-1,2.798136560E1,-1.002613258E0,-1.395715041E-1,-2.796216577E1
1.436312517E1,9.716091522E-1,-8.717943822E-3,9.985630873E-4,-2.364288682E-1,2.737093894E1,-9.977468624E-1,-1.250149701E-1,-2.735171373E1
1.437308717E1,9.729403641E-1,-8.543030520E-3,1.109298676E-3,-2.308959733E-1,2.671854572E1,-9.818691646E-1,-1.023612437E-1,-2.669978778E1
1.438305017E1,9.743172970E-1,-8.325996919E-3,1.268644201E-3,-2.250222021E-1,2.602686659E1,-9.623442218E-1,-7.304894986E-2,-2.600869402E1
1.439301217E1,9.757270631E-1,-8.114448541E-3,1.422456588E-3,-2.188352479E-1,2.529945655E1,-9.429905166E-1,-4.443837834E-2,-2.528176828E1
1.440297417E1,9.771507319E-1,-7.907225569E-3,1.515100683E-3,-2.123951798E-1,2.454337037E1,-9.223130321E-1,-2.280083949E-2,-2.452613060E1
1.441293617E1,9.785605684E-1,-7.697250507E-3,1.575346790E-3,-2.058094157E-1,2.377131717E1,-9.003195672E-1,-4.880956350E-3,-2.375447701E1
1.442289817E1,9.799321746E-1,-7.448010315E-3,1.662726485E-3,-1.991850196E-1,2.299570606E1,-8.743372172E-1,1.671055495E-2,-2.297941601E1
1.443286017E1,9.812484458E-1,-7.159894563E-3,1.778975907E-3,-1.926058965E-1,2.222630385E1,-8.443731003E-1,4.200691246E-2,-2.221072249E1
1.444282217E1,9.824996458E-1,-6.857758096E-3,1.890227675E-3,-1.861284240E-1,2.146972322E1,-8.124326515E-1,6.654611948E-2,-2.145487869E1
1.445278517E1,9.836864000E-1,-6.604094055E-3,2.016755886E-3,-1.797588930E-1,2.072691726E1,-7.859962405E-1,9.129635993E-2,-2.071255688E1
1.446274717E1,9.848202398E-1,-6.434860835E-3,2.078125706E-3,-1.734457307E-1,1.999175819E1,-7.675153699E-1,1.066253433E-1,-1.997761993E1
1.447270917E1,9.859106243E-1,-6.344337653E-3,2.044627827E-3,-1.671404151E-1,1.925860094E1,-7.559482852E-1,1.094837148E-1,-1.924435117E1
1.448267117E1,9.869604631E-1,-6.282261367E-3,1.993278140E-3,-1.608280390E-1,1.852557766E1,-7.472647822E-1,1.096553584E-1,-1.851104479E1
1.449263317E1,9.879701747E-1,-6.176992032E-3,1.945857720E-3,-1.545090044E-1,1.779236273E1,-7.337897396E-1,1.109302564E-1,-1.777772900E1
1.450259517E1,9.889398115E-1,-5.995290605E-3,1.938286805E-3,-1.481837052E-1,1.705885925E1,-7.123443752E-1,1.178511546E-1,-1.704444249E1
1.451255717E1,9.898668223E-1,-5.737983839E-3,1.979281682E-3,-1.418689117E-1,1.632705555E1,-6.830568146E-1,1.312285055E-1,-1.631309758E1
1.452252017E1,9.907539711E-1,-5.455891419E-3,2.052940831E-3,-1.355455105E-1,1.559482277E1,-6.513217443E-1,1.483317990E-1,-1.558144004E1
1.453248217E1,9.916071522E-1,-5.233503703E-3,2.082019090E-3,-1.291650978E-1,1.485684241E1,-6.255133095E-1,1.591173455E-1,-1.484380437E1
1.454244417E1,9.924356492E-1,-5.087001400E-3,1.981221344E-3,-1.226447969E-1,1.410352263E1,-6.063756590E-1,1.538210682E-1,-1.409055751E1
1.455240617E1,9.932438650E-1,-4.988780832E-3,1.831877595E-3,-1.159239281E-1,1.332789616E1,-5.921567305E-1,1.422291394E-1,-1.331476103E1
1.456236817E1,9.940322328E-1,-4.888271916E-3,1.746600913E-3,-1.089631594E-1,1.252534734E1,-5.786318492E-1,1.379152059E-1,-1.251196505E1
1.457233017E1,9.947929094E-1,-4.684021890E-3,1.684044135E-3,-1.017960537E-1,1.169913694E1,-5.536089945E-1,1.373335566E-1,-1.168601886E1
1.458229217E1,9.955080568E-1,-4.355491385E-3,1.718659197E-3,-9.456193893E-2,1.086544348E1,-5.154926934E-1,1.488632391E-1,-1.085300445E1
1.459225417E1,9.961606023E-1,-3.953311110E-3,1.872403316E-3,-8.743643385E-2,1.004472901E1,-4.700447202E-1,1.741279850E-1,-1.003309963E1
1.460221717E1,9.967421325E-1,-3.559959264E-3,2.080490182E-3,-8.054903343E-2,9.252355470E0,-4.258223253E-1,2.047710762E-1,-9.241089545E0
1.461217917E1,9.972535803E-1,-3.227283490E-3,2.225517687E-3,-7.395906494E-2,8.494748454E0,-3.876712175E-1,2.269742274E-1,-8.483663248E0
1.462214117E1,9.976968604E-1,-2.981277395E-3,2.224753240E-3,-6.772838382E-2,7.778773839E0,-3.581141872E-1,2.312134168E-1,-7.767823294E0
1.463210317E1,9.980732740E-1,-2.819341204E-3,2.175424605E-3,-6.194481064E-2,7.114548771E0,-3.378968146E-1,2.287929231E-1,-7.103619963E0
1.464206517E1,9.983868716E-1,-2.687029921E-3,2.144932103E-3,-5.667451754E-2,6.509692710E0,-3.213485685E-1,2.279445180E-1,-6.498581251E0
1.465202717E1,9.986447692E-1,-2.533421283E-3,2.192988592E-3,-5.193642370E-2,5.966550485E0,-3.029707571E-1,2.358804859E-1,-5.954811683E0
1.466198917E1,9.988542283E-1,-2.385887110E-3,2.303567808E-3,-4.774074653E-2,5.486029722E0,-2.856952811E-1,2.506153363E-1,-5.473421623E0
1.467195217E1,9.990242258E-1,-2.254601826E-3,2.372858616E-3,-4.404328541E-2,5.062646538E0,-2.700858163E-1,2.602661908E-1,-5.049262183E0
1.468191417E1,9.991624072E-1,-2.164689945E-3,2.395649231E-3,-4.079440763E-2,4.690448983E0,-2.590499913E-1,2.641729146E-1,-4.676614213E0
1.469187617E1,9.992746094E-1,-2.116869341E-3,2.373950155E-3,-3.794990052E-2,4.364955762E0,-2.527265586E-1,2.626325270E-1,-4.350384144E0
1.470183817E1,9.993664902E-1,-2.108866437E-3,2.332428085E-3,-3.545200451E-2,4.079126858E0,-2.509840480E-1,2.585408547E-1,-4.063938537E0
1.471180017E1,9.994431489E-1,-2.112809269E-3,2.297674136E-3,-3.322425560E-2,3.824347266E0,-2.507263233E-1,2.551043606E-1,-3.808497141E0
1.472176217E1,9.995076609E-1,-2.110169503E-3,2.311668399E-3,-3.122022519E-2,3.595982884E0,-2.499620390E-1,2.572188422E-1,-3.578734438E0
1.473172417E1,9.995611689E-1,-2.071150595E-3,2.386453998E-3,-2.945528642E-2,3.394940978E0,-2.452906880E-1,2.663576266E-1,-3.376402696E0
1.474168717E1,9.996035727E-1,-1.993971857E-3,2.518594303E-3,-2.797485351E-2,3.226738469E0,-2.364791135E-1,2.821043350E-1,-3.206699410E0
1.475164917E1,9.996348600E-1,-1.912690260E-3,2.682636406E-3,-2.682002245E-2,3.096781212E0,-2.273465463E-1,3.014182685E-1,-3.074331483E0
1.476161117E1,9.996559498E-1,-1.843953925E-3,2.786167761E-3,-2.601499262E-2,3.006013917E0,-2.195385244E-1,3.136660204E-1,-2.982052443E0
1.477157317E1,9.996662815E-1,-1.795056422E-3,2.805406162E-3,-2.561630062E-2,2.960532552E0,-2.138684424E-1,3.161009571E-1,-2.936339141E0
1.478153517E1,9.996657891E-1,-1.803927510E-3,2.715253064E-3,-2.564373319E-2,2.962715900E0,-2.146282586E-1,3.057416038E-1,-2.939465677E0
1.479149717E1,9.996659431E-1,-1.846469851E-3,2.542320700E-3,-2.565473892E-2,2.962033329E0,-2.189963901E-1,2.858040749E-1,-2.940699880E0
1.480145917E1,9.996670659E-1,-1.812610410E-3,2.246281837E-3,-2.564095647E-2,2.957050974E0,-2.142433792E-1,2.519941720E-1,-2.939042662E0
1.481142217E1,9.996667961E-1,-1.859225939E-3,2.216222386E-3,-2.565098539E-2,2.958248884E0,-2.194975432E-1,2.484115525E-1,-2.940197039E0
1.482138417E1,9.996667253E-1,-1.878512565E-3,2.114213436E-3,-2.566333463E-2,2.958563357E0,-2.214098641E-1,2.366666113E-1,-2.941593717E0
1.483134617E1,9.996671768E-1,-1.855182411E-3,1.813870736E-3,-2.566735722E-2,2.956558565E0,-2.178544437E-1,2.023289389E-1,-2.941980106E0
1.484130817E1,9.996671290E-1,-1.913165820E-3,1.657372190E-3,-2.567609742E-2,2.956770716E0,-2.240378335E-1,1.842289224E-1,-2.942957087E0
1.485127017E1,9.996669374E-1,-1.956505806E-3,1.669805277E-3,-2.568030524E-2,2.957621652E0,-2.290400021E-1,1.855246841E-1,-2.943450429E0
1.486123217E1,9.996669454E-1,-1.871608662E-3,1.764052301E-3,-2.567844525E-2,2.957586303E0,-2.195917362E-1,1.965712931E-1,-2.943242970E0
1.487119417E1,9.996669466E-1,-1.706902388E-3,1.955488837E-3,-2.567632390E-2,2.957581005E0,-2.012869610E-1,2.189862144E-1,-2.943007978E0
1.488115717E1,9.996670318E-1,-1.542844744E-3,2.175806922E-3,-2.566514607E-2,2.957202375E0,-1.831391670E-1,2.447093122E-1,-2.941733612E0
1.489111917E1,9.996671246E-1,-1.418449626E-3,2.351323915E-3,-2.565426097E-2,2.956790213E0,-1.694026410E-1,2.651832255E-1,-2.940487494E0
1.490108117E1,9.996670987E-1,-1.326187672E-3,2.464678902E-3,-2.564948770E-2,2.956905345E0,-1.591656268E-1,2.784405217E-1,-2.939935484E0
1.491104317E1,9.996674931E-1,-1.318219900E-3,2.373857052E-3,-2.564191802E-2,2.955153275E0,-1.579837919E-1,2.680611206E-1,-2.939049827E0
1.492100517E1,9.996679908E-1,-1.463985321E-3,2.097726792E-3,-2.564249063E-2,2.952940329E0,-1.738703917E-1,2.360008484E-1,-2.939103051E0
1.493096746E1,9.996677430E-1,-1.687600232E-3,1.858706350E-3,-2.565592952E-2,2.954042220E0,-1.987867056E-1,2.079602817E-1,-2.940645795E0
1.494092946E1,9.996667157E-1,-1.855751849E-3,1.594696272E-3,-2.569865500E-2,2.958606059E0,-2.172803232E-1,1.772132016E-1,-2.945517943E0
1.495089246E1,9.996658512E-1,-1.966440795E-3,1.360831323E-3,-2.573756456E-2,2.962440744E0,-2.292771290E-1,1.500882086E-1,-2.949942030E0
1.496085446E1,9.996616561E-1,-2.077039605E-3,1.207459224E-3,-2.590059688E-2,2.980979750E0,-2.415157612E-1,1.321533050E-1,-2.968608876E0
1.497081646E1,9.996446335E-1,-2.163662562E-3,1.028430170E-3,-2.654767223E-2,3.055052778E0,-2.509792607E-1,1.112254441E-1,-3.042748807E0
1.498077846E1,9.996093535E-1,-2.316689694E-3,8.049674402E-4,-2.783979974E-2,3.203123980E0,-2.679386598E-1,8.481575322E-2,-3.190826099E0
1.499074046E1,9.995492359E-1,-2.583215534E-3,5.143445197E-4,-2.990856419E-2,3.440793490E0,-2.976455119E-1,5.005960441E-2,-3.427922318E0
1.500070246E1,9.994538353E-1,-2.912550404E-3,2.321059402E-4,-3.291598046E-2,3.787470199E0,-3.344487977E-1,1.559702519E-2,-3.772636536E0
1.501066446E1,9.993102754E-1,-3.238349099E-3,-2.859743072E-5,-3.699197626E-2,4.256282605E0,-3.707129029E-1,-1.700202313E-2,-4.239902672E0
1.502062746E1,9.991017489E-1,-3.533168864E-3,-1.937735484E-4,-4.222835678E-2,4.857345832E0,-4.035734115E-1,-3.928192150E-2,-4.840344696E0
1.503058946E1,9.988111077E-1,-3.765178163E-3,-2.111151941E-4,-4.860085032E-2,5.588328387E0,-4.297730899E-1,-4.513247017E-2,-5.571312089E0
1.504055146E1,9.984290117E-1,-3.982913965E-3,-1.939638752E-4,-5.588988531E-2,6.424080426E0,-4.544539877E-1,-4.770031930E-2,-6.407710115E0
1.505051346E1,9.979469842E-1,-4.298378829E-3,-2.783781746E-4,-6.389994339E-2,7.344091859E0,-4.895145614E-1,-6.330873506E-2,-7.327183853E0
1.506047546E1,9.973622213E-1,-4.804237743E-3,-4.901950455E-4,-7.242459110E-2,8.324963041E0,-5.450136623E-1,-9.589564413E-2,-8.306160465E0
1.507043746E1,9.966757117E-1,-5.433718919E-3,-7.947862722E-4,-8.128619729E-2,9.346249048E0,-6.131987940E-1,-1.413867065E-1,-9.324385123E0
1.508039946E1,9.958968003E-1,-6.071768163E-3,-1.091019432E-3,-9.028608682E-2,1.038430815E1,-6.816504932E-1,-1.873276185E-1,-1.035921503E1
1.509036246E1,9.950420970E-1,-6.636851912E-3,-1.253936135E-3,-9.922464069E-2,1.141553406E1,-7.425251301E-1,-2.184416611E-1,-1.138789196E1
1.510032446E1,9.941343358E-1,-7.096487919E-3,-1.316894090E-3,-1.079105774E-1,1.241763071E1,-7.921754898E-1,-2.377730957E-1,-1.238844636E1
1.511028646E1,9.931844585E-1,-7.339988249E-3,-1.191338199E-3,-1.163162086E-1,1.338643025E1,-8.195237094E-1,-2.334211520E-1,-1.335779799E1
1.512024846E1,9.921776137E-1,-7.171742024E-3,-8.409500102E-4,-1.246249508E-1,1.434236475E1,-8.034140443E-1,-1.980317708E-1,-1.431718173E1
1.513021046E1,9.911161078E-1,-6.872821633E-3,-5.384687366E-4,-1.328206416E-1,1.528591042E1,-7.724017490E-1,-1.657612320E-1,-1.526448144E1
1.514017246E1,9.900177824E-1,-6.842418129E-3,-3.610109191E-4,-1.407761862E-1,1.620477754E1,-7.704586345E-1,-1.513362928E-1,-1.618489225E1
1.515013446E1,9.888957163E-1,-7.046344440E-3,-2.424845321E-4,-1.484439753E-1,1.709289399E1,-7.943887350E-1,-1.473396163E-1,-1.707293344E1
1.516009746E1,9.877589151E-1,-7.319153367E-3,-3.181119140E-4,-1.558158739E-1,1.794822881E1,-8.227982509E-1,-1.666917812E-1,-1.792752224E1
1.517005946E1,9.866208795E-1,-7.400280050E-3,-2.197550737E-4,-1.628634536E-1,1.876578804E1,-8.325954348E-1,-1.629551589E-1,-1.874561624E1
1.518002146E1,9.855142241E-1,-7.244709996E-3,1.398847567E-4,-1.694379052E-1,1.952828761E1,-8.209028321E-1,-1.248670908E-1,-1.950990125E1
1.518998346E1,9.844652195E-1,-6.979643769E-3,4.283366617E-4,-1.754402632E-1,2.022478981E1,-7.960213180E-1,-9.199735106E-2,-2.020841920E1
1.519994546E1,9.834859204E-1,-6.881688208E-3,5.099275494E-4,-1.808532887E-1,2.085423653E1,-7.861540585E-1,-8.514950992E-2,-2.083884916E1
1.520990746E1,9.825951127E-1,-7.062104644E-3,5.028205430E-4,-1.856254324E-1,2.141091157E1,-8.058957422E-1,-9.360269217E-2,-2.139508240E1
1.521986946E1,9.817976903E-1,-7.395752585E-3,3.542119712E-4,-1.897851993E-1,2.189736457E1,-8.397997950E-1,-1.209904282E-1,-2.188021785E1
1.522983246E1,9.810742778E-1,-7.753269754E-3,3.780563259E-5,-1.934762398E-1,2.232961271E1,-8.725201720E-1,-1.676457815E-1,-2.231084878E1
1.523979446E1,9.803836550E-1,-8.035738483E-3,-2.020235473E-4,-1.969348760E-1,2.273469740E1,-8.982479347E-1,-2.040396111E-1,-2.271469674E1
1.524975646E1,9.796830256E-1,-8.147212153E-3,-2.200456479E-4,-2.003866152E-1,2.313849950E1,-9.096253808E-1,-2.117848491E-1,-2.311823414E1
1.525971846E1,9.789223791E-1,-8.097497215E-3,-1.563516072E-4,-2.040723094E-1,2.356916570E1,-9.047340233E-1,-2.068990669E-1,-2.354954794E1
1.526968046E1,9.780681648E-1,-7.984322856E-3,-4.463425408E-5,-2.081320029E-1,2.404374222E1,-8.938466997E-1,-1.954303758E-1,-2.402506358E1
1.527964246E1,9.770967317E-1,-7.920427765E-3,5.631216448E-5,-2.126484731E-1,2.457246671E1,-8.882393280E-1,-1.866979907E-1,-2.455454632E1
1.528960446E1,9.759567253E-1,-7.983090064E-3,8.009040047E-5,-2.178180118E-1,2.517899846E1,-8.948404533E-1,-1.903020983E-1,-2.516114155E1
1.529956746E1,9.746252698E-1,-8.122271566E-3,1.478893099E-4,-2.236951234E-1,2.586967586E1,-9.109607983E-1,-1.916863537E-1,-2.585166019E1
1.530952946E1,9.731331767E-1,-8.271955084E-3,2.274030784E-4,-2.300939760E-1,2.662275243E1,-9.284710552E-1,-1.927472109E-1,-2.660457380E1
1.531949146E1,9.715521290E-1,-8.380630346E-3,3.591429172E-4,-2.366773199E-1,2.739854411E1,-9.428175796E-1,-1.873092969E-1,-2.738047307E1
1.532945346E1,9.699317936E-1,-8.450383532E-3,5.511951275E-4,-2.432295715E-1,2.817186775E1,-9.546378228E-1,-1.742666984E-1,-2.815404088E1
1.533941546E1,9.683123345E-1,-8.635743242E-3,5.737829284E-4,-2.495922813E-1,2.892452825E1,-9.746885592E-1,-1.833254668E-1,-2.890632039E1
1.534937746E1,9.667386279E-1,-8.969027948E-3,4.863489447E-4,-2.556083831E-1,2.963799933E1,-1.007893802E0,-2.088305634E-1,-2.961865949E1
1.535933946E1,9.652355657E-1,-9.307953143E-3,3.816388425E-4,-2.612156190E-1,3.030410576E1,-1.041022442E0,-2.364043586E-1,-3.028360883E1
1.536930246E1,9.638117475E-1,-9.512812477E-3,3.121395275E-4,-2.664140526E-1,3.092216586E1,-1.060239963E0,-2.559414626E-1,-3.090105426E1
1.537926446E1,9.624737618E-1,-9.595938229E-3,2.892726851E-4,-2.712049154E-1,3.149217836E1,-1.067412394E0,-2.663172708E-1,-3.147096525E1
1.538922646E1,9.612285280E-1,-9.648608258E-3,2.607081838E-4,-2.755841294E-1,3.201378613E1,-1.071089294E0,-2.759837405E-1,-3.199260648E1
1.539918846E1,9.600893929E-1,-9.763083918E-3,2.103644643E-4,-2.795230966E-1,3.248380482E1,-1.080932443E0,-2.895785439E-1,-3.246234887E1
1.540915046E1,9.590639953E-1,-9.974108299E-3,8.647442830E-5,-2.830138242E-1,3.290130485E1,-1.099049220E0,-3.139682362E-1,-3.287899532E1
1.541911246E1,9.581433843E-1,-1.028223593E-2,-1.325083546E-4,-2.861043129E-1,3.327179896E1,-1.124688679E0,-3.516555186E-1,-3.324809993E1
1.542907446E1,9.573107292E-1,-1.062215292E-2,-3.554328549E-4,-2.888656071E-1,3.360347619E1,-1.153586656E0,-3.906037484E-1,-3.357812996E1
1.543903746E1,9.565418877E-1,-1.090366321E-2,-5.325648674E-4,-2.913904392E-1,3.390693546E1,-1.177500335E0,-4.224620904E-1,-3.388017394E1
1.544899946E1,9.558196367E-1,-1.111908365E-2,-6.872607653E-4,-2.937424550E-1,3.418962354E1,-1.194850485E0,-4.495523708E-1,-3.416178597E1
1.545896146E1,9.551039832E-1,-1.131188193E-2,-8.457395844E-4,-2.960536403E-1,3.446751037E1,-1.209489589E0,-4.763274261E-1,-3.443871632E1
1.546892346E1,9.543636804E-1,-1.151604370E-2,-9.972188298E-4,-2.984231268E-1,3.475270075E1,-1.225456787E0,-5.028758371E-1,-3.472285012E1
1.547888546E1,9.535815606E-1,-1.168836287E-2,-1.061258553E-3,-3.009060051E-1,3.505155705E1,-1.240769751E0,-5.190031735E-1,-3.502092601E1
1.548884746E1,9.527618083E-1,-1.176280309E-2,-1.012500744E-3,-3.034887254E-1,3.536216667E1,-1.249183082E0,-5.196282953E-1,-3.533140729E1
1.549880946E1,9.519295518E-1,-1.178746296E-2,-9.378680241E-4,-3.060886361E-1,3.567483535E1,-1.253067668E0,-5.157598232E-1,-3.564427688E1
1.550877246E1,9.511322853E-1,-1.187950722E-2,-9.329995223E-4,-3.085535693E-1,3.597189228E1,-1.261933741E0,-5.217277181E-1,-3.594105932E1
1.551873446E1,9.504025022E-1,-1.206463892E-2,-9.904162260E-4,-3.107868630E-1,3.624174090E1,-1.278827168E0,-5.375368746E-1,-3.621005915E1
1.552869646E1,9.497571751E-1,-1.227836146E-2,-1.084421618E-3,-3.127450237E-1,3.647875302E1,-1.297614133E0,-5.580621140E-1,-3.644602102E1
1.553865846E1,9.492033740E-1,-1.243901038E-2,-1.149071810E-3,-3.144153598E-1,3.668097023E1,-1.311779719E0,-5.731643107E-1,-3.664744827E1
1.554862046E1,9.487397785E-1,-1.251705034E-2,-1.160635902E-3,-3.158084438E-1,3.684942533E1,-1.319004952E0,-5.791706870E-1,-3.681560097E1
1.555858246E1,9.483539350E-1,-1.251725252E-2,-1.121785029E-3,-3.169650925E-1,3.698906319E1,-1.319730403E0,-5.765635636E-1,-3.695535497E1
1.556854446E1,9.480155574E-1,-1.248591923E-2,-1.065003131E-3,-3.179772278E-1,3.711110564E1,-1.317778074E0,-5.706613638E-1,-3.707773625E1
1.557850746E1,9.476891703E-1,-1.248760440E-2,-1.030333524E-3,-3.189488414E-1,3.722845772E1,-1.318642381E0,-5.683081506E-1,-3.719522388E1
1.558846946E1,9.473422602E-1,-1.256752538E-2,-1.045447894E-3,-3.199746087E-1,3.735279892E1,-1.326150432E0,-5.743065273E-1,-3.731921197E1
1.559843146E1,9.469350404E-1,-1.270791397E-2,-1.086846419E-3,-3.211719715E-1,3.749824925E1,-1.339137443E0,-5.856416750E-1,-3.746394938E1
1.560839346E1,9.464362835E-1,-1.285472794E-2,-1.119879047E-3,-3.226327610E-1,3.767565709E1,-1.352937694E0,-5.967177435E-1,-3.764064317E1
1.561835546E1,9.458140709E-1,-1.300117834E-2,-1.153303150E-3,-3.244463125E-1,3.789585586E1,-1.366425835E0,-6.083774133E-1,-3.786016075E1
1.562831746E1,9.450692531E-1,-1.317043663E-2,-1.165068857E-3,-3.266026481E-1,3.815783427E1,-1.382929477E0,-6.191009933E-1,-3.812138818E1
1.563827946E1,9.442410633E-1,-1.338631129E-2,-1.152966234E-3,-3.289806233E-1,3.844711905E1,-1.405187051E0,-6.294085266E-1,-3.840971482E1
1.564824246E1,9.433852444E-1,-1.363401540E-2,-1.158264132E-3,-3.314166432E-1,3.874387060E1,-1.430141928E0,-6.430129666E-1,-3.870530733E1
1.565820446E1,9.425360875E-1,-1.385108327E-2,-1.143431695E-3,-3.338151544E-1,3.903616755E1,-1.452520515E0,-6.533495833E-1,-3.899664596E1
1.566816646E1,9.416910484E-1,-1.402366967E-2,-1.111236143E-3,-3.361845294E-1,3.932497379E1,-1.470741992E0,-6.601745072E-1,-3.928474325E1
1.567812846E1,9.408288654E-1,-1.416889953E-2,-1.072047772E-3,-3.385838905E-1,3.961755469E1,-1.486236519E0,-6.653306353E-1,-3.957677317E1
1.568809046E1,9.399211196E-1,-1.433712504E-2,-1.049401231E-3,-3.410891588E-1,3.992337259E1,-1.503468641E0,-6.734233782E-1,-3.988195456E1
1.569805246E1,9.389426754E-1,-1.460966898E-2,-1.126398106E-3,-3.437616437E-1,4.025051204E1,-1.527848673E0,-6.967186167E-1,-4.020765663E1
1.570801446E1,9.378718090E-1,-1.497802760E-2,-1.236323882E-3,-3.466565744E-1,4.060565616E1,-1.560928861E0,-7.278759465E-1,-4.056077504E1
1.571797746E1,9.366827822E-1,-1.535588043E-2,-1.267419974E-3,-3.498398870E-1,4.099653372E1,-1.597773200E0,-7.516585295E-1,-4.094964355E1
1.572793946E1,9.353557954E-1,-1.569065973E-2,-1.337906316E-3,-3.533575998E-1,4.142859524E1,-1.627980942E0,-7.787689954E-1,-4.137994196E1
1.573790146E1,9.339083270E-1,-1.595861247E-2,-1.490661779E-3,-3.571529507E-1,4.189502541E1,-1.647243671E0,-8.126884686E-1,-4.184484746E1
1.574786346E1,9.323862365E-1,-1.614684865E-2,-1.565538842E-3,-3.610992705E-1,4.238021111E1,-1.660816090E0,-8.354366910E-1,-4.232917255E1
1.575782546E1,9.308349460E-1,-1.625575401E-2,-1.524656004E-3,-3.650749947E-1,4.286931192E1,-1.670567569E0,-8.427106270E-1,-4.281810067E1
1.576778746E1,9.293124064E-1,-1.629488939E-2,-1.463147459E-3,-3.689320840E-1,4.334423165E1,-1.673828099E0,-8.447340966E-1,-4.329329261E1
1.577774946E1,9.279031111E-1,-1.631329045E-2,-1.394832305E-3,-3.724617360E-1,4.377945516E1,-1.675477957E0,-8.446099955E-1,-4.372885361E1
1.578771246E1,9.266735128E-1,-1.633852428E-2,-1.374316415E-3,-3.755094191E-1,4.415585046E1,-1.676256939E0,-8.490184320E-1,-4.410542383E1
1.579767446E1,9.256606192E-1,-1.637702553E-2,-1.388048235E-3,-3.779976629E-1,4.446363508E1,-1.677461791E0,-8.566426612E-1,-4.441319526E1
1.580763646E1,9.248607367E-1,-1.636815967E-2,-1.326513496E-3,-3.799511302E-1,4.470527071E1,-1.677388008E0,-8.532735297E-1,-4.465516657E1
1.581759846E1,9.242645752E-1,-1.623550718E-2,-1.175649352E-3,-3.814054027E-1,4.488456158E1,-1.668579850E0,-8.341323936E-1,-4.483564679E1
1.582756046E1,9.238620937E-1,-1.598200076E-2,-1.048474456E-3,-3.823904003E-1,4.500522161E1,-1.646412053E0,-8.113364381E-1,-4.495808436E1
1.583752246E1,9.236201554E-1,-1.565021131E-2,-9.070052207E-4,-3.829884914E-1,4.507760501E1,-1.616963447E0,-7.828656614E-1,-4.503263340E1
1.584748546E1,9.234917143E-1,-1.530591880E-2,-7.500438281E-4,-3.833121712E-1,4.511598743E1,-1.587133349E0,-7.516968390E-1,-4.507316832E1
1.585744746E1,9.234509450E-1,-1.496949719E-2,-5.702306972E-4,-3.834240150E-1,4.512816417E1,-1.559328072E0,-7.180775581E-1,-4.508743932E1
1.586740946E1,9.234598787E-1,-1.461276494E-2,-3.571938231E-4,-3.834164954E-1,4.512549617E1,-1.530929264E0,-6.798451915E-1,-4.508693894E1
1.587737146E1,9.234679341E-1,-1.427361672E-2,-1.625108947E-4,-3.834100566E-1,4.512309035E1,-1.503585022E0,-6.443300375E-1,-4.508653347E1
1.588733346E1,9.234762148E-1,-1.402613466E-2,1.412116391E-5,-3.833992384E-1,4.512061710E1,-1.485153927E0,-6.147460954E-1,-4.508551039E1
1.589729546E1,9.234834130E-1,-1.396493991E-2,1.458549837E-4,-3.833841216E-1,4.511846708E1,-1.484472209E0,-5.980918897E-1,-4.508381396E1
1.590725746E1,9.234901204E-1,-1.409362006E-2,1.887983887E-4,-3.833631773E-1,4.511646356E1,-1.499992977E0,-5.991668118E-1,-4.508120544E1
1.591722046E1,9.234949520E-1,-1.425866282E-2,1.267489020E-4,-3.833455124E-1,4.511502029E1,-1.514750052E0,-6.129553445E-1,-4.507886556E1
1.592718229E1,9.235144817E-1,-1.433950422E-2,2.848978172E-5,-3.832955098E-1,4.510918604E1,-1.519026377E0,-6.268233876E-1,-4.507250954E1
1.593714429E1,9.235286659E-1,-1.427218081E-2,5.886236604E-6,-3.832639317E-1,4.510494826E1,-1.510928626E0,-6.262067528E-1,-4.506859900E1
1.594710629E1,9.235235555E-1,-1.392996462E-2,9.361902957E-5,-3.832886136E-1,4.510647513E1,-1.478537927E0,-6.019304454E-1,-4.507191978E1
1.595706829E1,9.235309249E-1,-1.344793642E-2,3.080490685E-4,-3.832878814E-1,4.510427330E1,-1.436928396E0,-5.580626363E-1,-4.507228482E1
1.596703029E1,9.235354273E-1,-1.306920692E-2,5.462461496E-4,-3.832901980E-1,4.510292804E1,-1.407296597E0,-5.162214726E-1,-4.507300072E1
1.597699229E1,9.235369805E-1,-1.292936554E-2,6.130006282E-4,-3.832909343E-1,4.510246393E1,-1.395424711E0,-5.030152598E-1,-4.507321967E1
1.598695529E1,9.235360772E-1,-1.302117713E-2,5.299844156E-4,-3.832900811E-1,4.510273384E1,-1.401498291E0,-5.158326564E-1,-4.507298419E1
1.599691729E1,9.235337784E-1,-1.321053792E-2,4.270814684E-4,-3.832893169E-1,4.510342072E1,-1.417024717E0,-5.350396488E-1,-4.507269835E1
1.600687929E1,9.235324565E-1,-1.332676528E-2,3.678610760E-4,-3.832886110E-1,4.510381568E1,-1.426727935E0,-5.464112838E-1,-4.507249701E1
1.601684129E1,9.235341054E-1,-1.329632680E-2,3.762963424E-4,-3.832857442E-1,4.510332300E1,-1.423878001E0,-5.441771398E-1,-4.507216427E1
1.602680329E1,9.235357528E-1,-1.316929110E-2,4.405322492E-4,-3.832858616E-1,4.510283077E1,-1.413251128E0,-5.317990785E-1,-4.507230030E1
1.603676529E1,9.235375089E-1,-1.304716219E-2,5.052081560E-4,-3.832857115E-1,4.510230606E1,-1.403163341E0,-5.195895620E-1,-4.507240312E1
1.604672729E1,9.235382389E-1,-1.300425762E-2,5.180587625E-4,-3.832853794E-1,4.510208793E1,-1.399186182E0,-5.163444917E-1,-4.507239312E1
1.605669029E1,9.235377736E-1,-1.304553778E-2,4.927160687E-4,-3.832850824E-1,4.510222696E1,-1.402443155E0,-5.208393449E-1,-4.507231092E1
1.606665229E1,9.235363453E-1,-1.311408608E-2,4.578338005E-4,-3.832863446E-1,4.510265373E1,-1.408166909E0,-5.275439009E-1,-4.507240248E1
1.607661429E1,9.235362648E-1,-1.314855544E-2,4.352062108E-4,-3.832853150E-1,4.510267778E1,-1.410822581E0,-5.314511278E-1,-4.507223454E1
1.608657629E1,9.235362811E-1,-1.313136621E-2,4.389433285E-4,-3.832860168E-1,4.510267290E1,-1.409166818E0,-5.303016639E-1,-4.507233479E1
1.609653829E1,9.235369225E-1,-1.307902234E-2,4.649843315E-4,-3.832860224E-1,4.510248127E1,-1.404769357E0,-5.252465054E-1,-4.507238306E1
1.610650029E1,9.235375297E-1,-1.303983715E-2,4.924401676E-4,-3.832859337E-1,4.510229985E1,-1.401827166E0,-5.206194415E-1,-4.507241938E1
1.611646229E1,9.235371690E-1,-1.302552377E-2,4.998573933E-4,-3.832872872E-1,4.510240761E1,-1.400636982E0,-5.192077993E-1,-4.507260138E1
1.612642529E1,9.235374433E-1,-1.303718096E-2,4.955884027E-4,-3.832862642E-1,4.510232566E1,-1.401684078E0,-5.201700814E-1,-4.507246543E1
1.613638729E1,9.235356691E-1,-1.305748622E-2,4.857222727E-4,-3.832899831E-1,4.510285579E1,-1.403398210E0,-5.221117883E-1,-4.507290925E1
1.614634929E1,9.235371583E-1,-1.306436072E-2,4.869220212E-4,-3.832860005E-1,4.510241081E1,-1.404180742E0,-5.222807218E-1,-4.507241172E1
1.615631129E1,9.235387110E-1,-1.304871276E-2,4.952072601E-4,-3.832828976E-1,4.510194687E1,-1.402889979E0,-5.207118264E-1,-4.507204377E1
1.616627329E1,9.235389597E-1,-1.302669294E-2,5.063212491E-4,-3.832830206E-1,4.510187254E1,-1.401047041E0,-5.185685850E-1,-4.507208006E1
1.617623529E1,9.235402199E-1,-1.301490261E-2,5.085740957E-4,-3.832804406E-1,4.510149602E1,-1.399899392E0,-5.178083715E-1,-4.507176794E1
1.618619729E1,9.235408181E-1,-1.301335633E-2,5.045045975E-4,-3.832789555E-1,4.510131725E1,-1.399557784E0,-5.181688979E-1,-4.507157845E1
1.619616029E1,9.235402998E-1,-1.301880467E-2,4.981528714E-4,-3.832799293E-1,4.510147212E1,-1.399854995E0,-5.190819145E-1,-4.507168873E1
1.620612229E1,9.235408209E-1,-1.302454778E-2,4.941541960E-4,-3.832784965E-1,4.510131643E1,-1.400288156E0,-5.197551946E-1,-4.507150439E1
1.621608429E1,9.235401671E-1,-1.301664037E-2,4.950223171E-4,-3.832803428E-1,4.510151177E1,-1.399488205E0,-5.193187975E-1,-4.507173760E1
1.622604629E1,9.235408422E-1,-1.300629393E-2,5.050075321E-4,-3.832792047E-1,4.510131005E1,-1.398832183E0,-5.178058430E-1,-4.507161359E1
1.623600829E1,9.235423190E-1,-1.299576800E-2,5.158315982E-4,-3.832758896E-1,4.510086879E1,-1.398195056E0,-5.161929376E-1,-4.507121730E1
1.624597029E1,9.235443365E-1,-1.300127937E-2,5.358126727E-4,-3.832707139E-1,4.510026592E1,-1.399658667E0,-5.143124869E-1,-4.507059411E1
1.625593229E1,9.235443183E-1,-1.301052708E-2,5.458161593E-4,-3.832704007E-1,4.510027136E1,-1.401076996E0,-5.136594775E-1,-4.507056247E1
1.626589529E1,9.235446816E-1,-1.302468721E-2,5.541555169E-4,-3.832693219E-1,4.510016281E1,-1.402942879E0,-5.133971833E-1,-4.507043617E1
1.627585729E1,9.235456808E-1,-1.303104200E-2,5.591608233E-4,-3.832667548E-1,4.509986424E1,-1.403836814E0,-5.131426606E-1,-4.507012166E1
1.628581929E1,9.235466908E-1,-1.303941728E-2,5.588166587E-4,-3.832640222E-1,4.509956243E1,-1.404709779E0,-5.135427871E-1,-4.506977878E1
1.629578129E1,9.235457555E-1,-1.303986291E-2,5.558163619E-4,-3.832659615E-1,4.509984191E1,-1.404623942E0,-5.138828529E-1,-4.507001191E1
1.630574329E1,9.235461682E-1,-1.304374248E-2,5.568571257E-4,-3.832651717E-1,4.509971860E1,-1.405080964E0,-5.139418911E-1,-4.506991793E1
1.631570529E1,9.235454255E-1,-1.304209691E-2,5.575757421E-4,-3.832669567E-1,4.509994053E1,-1.404937296E0,-5.137962769E-1,-4.507014007E1
1.632566729E1,9.235437223E-1,-1.304100990E-2,5.599438412E-4,-3.832710582E-1,4.510044947E1,-1.404923911E0,-5.135041460E-1,-4.507065153E1
1.633563029E1,9.235427238E-1,-1.304195588E-2,5.703871638E-4,-3.832733849E-1,4.510074781E1,-1.405481308E0,-5.124439730E-1,-4.507095120E1
1.634559229E1,9.235423416E-1,-1.304072376E-2,5.797110382E-4,-3.832744015E-1,4.510086204E1,-1.405759780E0,-5.114046140E-1,-4.507108920E1
1.635555429E1,9.235407865E-1,-1.303400825E-2,5.916734825E-4,-3.832782540E-1,4.510132670E1,-1.405572002E0,-5.098494793E-1,-4.507158195E1
1.636551629E1,9.235450862E-1,-1.301535613E-2,6.164985588E-4,-3.832684209E-1,4.510004193E1,-1.404693043E0,-5.063879267E-1,-4.507039652E1
1.637547829E1,9.235576022E-1,-1.262172464E-2,8.796175831E-4,-3.832509771E-1,4.509630184E1,-1.374588013E0,-4.612257841E-1,-4.506867719E1
1.638544029E1,9.235620482E-1,-1.132785859E-2,1.566768371E-3,-3.832786098E-1,4.509497319E1,-1.267792568E0,-3.317121116E-1,-4.507327314E1
1.639540229E1,9.235731643E-1,-9.278080272E-3,3.011634101E-3,-3.832982734E-1,4.509165108E1,-1.114284279E0,-8.878645932E-2,-4.507767221E1
1.640536529E1,9.235759489E-1,-6.804675680E-3,5.023526167E-3,-3.833222229E-1,4.509081887E1,-9.408770030E-1,2.327618269E-1,-4.508285488E1
1.641532729E1,9.235757886E-1,-4.143722677E-3,7.119670502E-3,-3.833274413E-1,4.509086676E1,-7.513448912E-1,5.714950779E-1,-4.508525131E1
1.642528929E1,9.235822856E-1,-1.787394048E-3,9.054031078E-3,-3.832892181E-1,4.508892496E1,-5.869163419E-1,8.797601387E-1,-4.508167950E1
1.643525129E1,9.236390128E-1,4.469304664E-4,1.063452546E-2,-3.831156778E-1,4.507196718E1,-4.196589657E-1,1.145268628E0,-4.506050385E1
1.644521329E1,9.238339993E-1,3.569743974E-3,1.238334577E-2,-3.825763329E-1,4.501363260E1,-1.650346013E-1,1.467603414E0,-4.499277119E1
1.645517529E1,9.242497662E-1,7.842659733E-3,1.484127939E-2,-3.814192918E-1,4.488900661E1,1.820534567E-1,1.914997062E0,-4.484687063E1
1.646513829E1,9.249764424E-1,1.293967803E-2,1.780358784E-2,-3.793866431E-1,4.467039405E1,5.980901344E-1,2.450375280E0,-4.458998441E1
1.647510029E1,9.260420825E-1,1.820350970E-2,2.064166711E-2,-3.764157523E-1,4.434795921E1,1.042800342E0,2.976954328E0,-4.421423321E1
1.648506229E1,9.273063129E-1,2.317638382E-2,2.299095460E-2,-3.728772551E-1,4.396252502E1,1.483216485E0,3.435404946E0,-4.376642956E1
1.649502429E1,9.284942591E-1,2.780849381E-2,2.498714827E-2,-3.694602902E-1,4.359739804E1,1.905501122E0,3.838773110E0,-4.333268563E1
1.650498629E1,9.294986772E-1,3.205714487E-2,2.660307513E-2,-3.664652570E-1,4.328639535E1,2.304086688E0,4.183483789E0,-4.295061930E1
1.651494829E1,9.302262294E-1,3.593170817E-2,2.798430960E-2,-3.641496663E-1,4.305978501E1,2.671589429E0,4.486977950E0,-4.265238404E1
1.652491029E1,9.306780469E-1,3.896736985E-2,2.919557427E-2,-3.625845562E-1,4.291848413E1,2.954134910E0,4.738103921E0,-4.244872039E1
1.653487329E1,9.310784118E-1,4.122780837E-2,3.025497432E-2,-3.612171855E-1,4.279290306E1,3.159757029E0,4.940656193E0,-4.227174031E1
1.654483529E1,9.316279031E-1,4.255401398E-2,3.104774709E-2,-3.595755831E-1,4.261997193E1,3.278255214E0,5.074596218E0,-4.206435544E1
1.655479729E1,9.322417190E-1,4.366997914E-2,3.128288583E-2,-3.578264597E-1,4.242600260E1,3.398059001E0,5.139386047E0,-4.184449695E1
1.656475929E1,9.328165620E-1,4.506184756E-2,3.114584621E-2,-3.561637318E-1,4.224357873E1,3.562434156E0,5.175430263E0,-4.163419661E1
1.657472129E1,9.333892141E-1,4.640262614E-2,3.158706377E-2,-3.544484598E-1,4.206109955E1,3.698385100E0,5.270662470E0,-4.141760905E1
1.658468329E1,9.339225695E-1,4.766810982E-2,3.178663325E-2,-3.528542403E-1,4.189046011E1,3.835639179E0,5.336926265E0,-4.121626375E1
1.659464529E1,9.343135456E-1,4.911004901E-2,3.128235177E-2,-3.516646045E-1,4.176495004E1,4.018020663E0,5.335964349E0,-4.106418722E1
1.660460829E1,9.345590443E-1,5.094641492E-2,3.102614121E-2,-3.507724634E-1,4.168595623E1,4.231326763E0,5.378384580E0,-4.094688341E1
1.661457029E1,9.347031076E-1,5.305150375E-2,3.148033792E-2,-3.500351901E-1,4.163953451E1,4.444546628E0,5.508264245E0,-4.084673937E1
1.662453229E1,9.347691819E-1,5.498835172E-2,3.196729029E-2,-3.495153246E-1,4.161822673E1,4.637281629E0,5.635678651E0,-4.077371961E1
1.663449429E1,9.348151701E-1,5.639245485E-2,3.198634318E-2,-3.491667190E-1,4.160339021E1,4.790215738E0,5.692147505E0,-4.072446698E1
1.664445629E1,9.348549146E-1,5.750911411E-2,3.176217241E-2,-3.488984024E-1,4.159056392E1,4.921320167E0,5.711284289E0,-4.068664693E1
1.665441829E1,9.348529797E-1,5.856444564E-2,3.129490817E-2,-3.487702954E-1,4.159118843E1,5.054589044E0,5.702510778E0,-4.066667023E1
1.666438129E1,9.348111226E-1,5.983464006E-2,3.075082456E-2,-3.487155361E-1,4.160469619E1,5.213660462E0,5.694426989E0,-4.065489547E1
1.667434329E1,9.347551432E-1,6.153600948E-2,3.009096202E-2,-3.486270178E-1,4.162275481E1,5.424099233E0,5.690893387E0,-4.063729456E1
1.668430529E1,9.346870098E-1,6.386362824E-2,2.919537539E-2,-3.484672114E-1,4.164472417E1,5.711964278E0,5.686531357E0,-4.060870632E1
1.669426729E1,9.345984355E-1,6.696417941E-2,2.807777861E-2,-3.482145694E-1,4.167326803E1,6.092719084E0,5.688423675E0,-4.056600331E1
1.670422929E1,9.344993358E-1,7.095747659E-2,2.682575096E-2,-3.477880477E-1,4.170518172E1,6.576421462E0,5.710011472E0,-4.049869662E1
1.671419129E1,9.344246632E-1,7.583454538E-2,2.549067189E-2,-3.470589762E-1,4.172921354E1,7.161013643E0,5.755083831E0,-4.039105102E1
1.672415329E1,9.343598722E-1,8.145251407E-2,2.395532154E-2,-3.460682266E-1,4.175005450E1,7.835573373E0,5.804937802E0,-4.024935401E1
1.673411629E1,9.342439658E-1,8.762512848E-2,2.237917045E-2,-3.449770490E-1,4.178731269E1,8.572893177E0,5.870047740E0,-4.009377998E1
1.674407829E1,9.340355162E-1,9.414304995E-2,2.065089116E-2,-3.439305759E-1,4.185423919E1,9.353837804E0,5.931228724E0,-3.994377124E1
1.675404029E1,9.337363196E-1,1.008431275E-1,1.879676242E-2,-3.429487990E-1,4.195012341E1,1.015959474E1,5.985138494E0,-3.980269934E1
1.676400229E1,9.333710900E-1,1.076091651E-1,1.688843442E-2,-3.419846591E-1,4.206688649E1,1.097509893E1,6.034525114E0,-3.966513186E1
1.677396429E1,9.329517406E-1,1.144174699E-1,1.484014925E-2,-3.410125052E-1,4.220057114E1,1.180121765E1,6.068988192E0,-3.952892377E1
1.678392629E1,9.325061666E-1,1.212597867E-1,1.273473520E-2,-3.399504090E-1,4.234217447E1,1.263442056E1,6.096023808E0,-3.938374217E1
1.679388829E1,9.320802373E-1,1.281106798E-1,1.070023590E-2,-3.386735503E-1,4.247711363E1,1.346793920E1,6.126407854E0,-3.921342289E1
1.680385129E1,9.316913274E-1,1.349296101E-1,8.712968757E-3,-3.371490988E-1,4.259996852E1,1.429852330E1,6.154992486E0,-3.901437349E1
1.681381329E1,9.313103636E-1,1.417158724E-1,6.692311833E-3,-3.354591514E-1,4.271998661E1,1.512861110E1,6.173815476E0,-3.879753821E1
1.682377529E1,9.308972398E-1,1.484990020E-1,4.738596743E-3,-3.337002917E-1,4.284977410E1,1.595712955E1,6.196038222E0,-3.857337246E1
1.683373729E1,9.304372972E-1,1.552668980E-1,2.883223269E-3,-3.319190631E-1,4.299383096E1,1.678138401E1,6.225246564E0,-3.834702206E1
1.684369929E1,9.299462830E-1,1.619631058E-1,1.052186037E-3,-3.301010874E-1,4.314711391E1,1.759801825E1,6.251064745E0,-3.811791463E1
1.685366129E1,9.294499817E-1,1.685561942E-1,-7.700447666E-4,-3.281935458E-1,4.330152222E1,1.840445815E1,6.269585828E0,-3.788008662E1
1.686362329E1,9.289630971E-1,1.750429964E-1,-2.598933463E-3,-3.261608180E-1,4.345249315E1,1.920109731E1,6.278176260E0,-3.762958969E1
1.687358629E1,9.284737252E-1,1.814279947E-1,-4.404322858E-3,-3.240386346E-1,4.360373403E1,1.998707903E1,6.280773362E0,-3.737030383E1
1.688354829E1,9.279601898E-1,1.876965597E-1,-6.094859964E-3,-3.219049215E-1,4.376190792E1,2.075704763E1,6.288183525E0,-3.711004940E1
1.689351029E1,9.273875863E-1,1.938546243E-1,-7.736916786E-3,-3.198635427E-1,4.393763678E1,2.151335186E1,6.295936210E0,-3.686221726E1
1.690347229E1,9.267360403E-1,1.999009423E-1,-9.391724237E-3,-3.179808204E-1,4.413678366E1,2.225754461E1,6.299292220E0,-3.663578987E1
1.691343429E1,9.260155357E-1,2.058432971E-1,-1.107712953E-2,-3.162296933E-1,4.435601860E1,2.299122405E1,6.296427605E0,-3.642780944E1
1.692339629E1,9.252325516E-1,2.117359867E-1,-1.277151763E-2,-3.145625145E-1,4.459310411E1,2.371998752E1,6.290826054E0,-3.623186391E1
1.693335967E1,9.243823586E-1,2.176505638E-1,-1.442964488E-2,-3.129493742E-1,4.484919306E1,2.445052764E1,6.289387062E0,-3.604300910E1
1.694332167E1,9.234757903E-1,2.235588318E-1,-1.598579029E-2,-3.113813332E-1,4.512074389E1,2.517758024E1,6.297971079E0,-3.585875653E1
1.695328367E1,9.225130679E-1,2.293805622E-1,-1.752795503E-2,-3.099143173E-1,4.540742935E1,2.589477759E1,6.305925506E0,-3.568797735E1
1.696324567E1,9.214884621E-1,2.351089337E-1,-1.919723876E-2,-3.085682295E-1,4.571067166E1,2.660590587E1,6.298842265E0,-3.553637741E1
1.697320767E1,9.204066589E-1,2.408186916E-1,-2.092851393E-2,-3.072783819E-1,4.602878947E1,2.731757773E1,6.284837428E0,-3.539451375E1
1.698316967E1,9.192730927E-1,2.465846915E-1,-2.263517666E-2,-3.059749853E-1,4.635991332E1,2.803585396E1,6.273909064E0,-3.525166191E1
1.699313167E1,9.180952597E-1,2.524480480E-1,-2.428176120E-2,-3.046007690E-1,4.670161713E1,2.876467115E1,6.269535419E0,-3.509989822E1
1.700309467E1,9.169020924E-1,2.583482939E-1,-2.587997186E-2,-3.031122874E-1,4.704537983E1,2.949789570E1,6.266796611E0,-3.493470552E1
1.701305667E1,9.156944783E-1,2.642836934E-1,-2.748815697E-2,-3.014999154E-1,4.739090908E1,3.023735053E1,6.258913298E0,-3.475657479E1
1.702301867E1,9.144758685E-1,2.701997809E-1,-2.901649146E-2,-2.998065373E-1,4.773719448E1,3.097368503E1,6.254535239E0,-3.456838429E1
1.703298067E1,9.132645025E-1,2.759701016E-1,-3.040750788E-2,-2.981005308E-1,4.807909334E1,3.169019362E1,6.257296926E0,-3.437703376E1
1.704294267E1,9.120899709E-1,2.814315005E-1,-3.170555417E-2,-2.964508775E-1,4.840842625E1,3.236909437E1,6.259090786E0,-3.419252832E1
1.705290467E1,9.109942598E-1,2.864311379E-1,-3.289888228E-2,-2.948973258E-1,4.871377103E1,3.299199591E1,6.257336982E0,-3.401978994E1
1.706286767E1,9.100119251E-1,2.908740957E-1,-3.396699236E-2,-2.934569175E-1,4.898600093E1,3.354693544E1,6.251753359E0,-3.386046880E1
1.707282967E1,9.091704879E-1,2.947224903E-1,-3.486503059E-2,-2.921169042E-1,4.921806074E1,3.402790843E1,6.245588053E0,-3.371163064E1
1.708279167E1,9.084813941E-1,2.979464073E-1,-3.557139428E-2,-2.909025917E-1,4.940734429E1,3.443037185E1,6.241238440E0,-3.357539112E1
1.709275367E1,9.079475212E-1,3.004726075E-1,-3.610368364E-2,-2.899034536E-1,4.955352505E1,3.474563795E1,6.237822207E0,-3.346277830E1
1.710271567E1,9.075862545E-1,3.021821557E-1,-3.649463968E-2,-2.892079648E-1,4.965221540E1,3.496020043E1,6.231327288E0,-3.338550576E1
1.711267767E1,9.074185555E-1,3.030199825E-1,-3.673585531E-2,-2.888267751E-1,4.969796481E1,3.506716040E1,6.221417933E0,-3.334466754E1
1.712263967E1,9.074749943E-1,3.029609885E-1,-3.675724951E-2,-2.887088218E-1,4.968257232E1,3.506163362E1,6.212857752E0,-3.333212889E1
1.713260267E1,9.077727369E-1,3.020054280E-1,-3.649569548E-2,-2.888070007E-1,4.960129536E1,3.494196749E1,6.210582265E0,-3.334037849E1
1.714256467E1,9.082783513E-1,3.002295730E-1,-3.606015245E-2,-2.891232436E-1,4.946298754E1,3.472048838E1,6.205880236E0,-3.337284360E1
1.715252667E1,9.089890145E-1,2.977204081E-1,-3.543253508E-2,-2.895618215E-1,4.926797484E1,3.440744708E1,6.200115343E0,-3.341754815E1
1.716248867E1,9.098949135E-1,2.945863876E-1,-3.451221651E-2,-2.900328637E-1,4.901833322E1,3.401300526E1,6.204330034E0,-3.346049843E1
1.717245067E1,9.109386731E-1,2.909310507E-1,-3.341426400E-2,-2.905744050E-1,4.872921361E1,3.355271947E1,6.211422243E0,-3.350944266E1
1.718241267E1,9.120854110E-1,2.868374573E-1,-3.218613393E-2,-2.911847983E-1,4.840970072E1,3.303787767E1,6.219195107E0,-3.356544318E1
1.719237467E1,9.133146697E-1,2.823723775E-1,-3.082767056E-2,-2.918422675E-1,4.806497944E1,3.247649427E1,6.229180717E0,-3.362582644E1
1.720233767E1,9.145567662E-1,2.776628883E-1,-2.947644735E-2,-2.926097623E-1,4.771427959E1,3.188730264E1,6.233348536E0,-3.370147888E1
1.721229967E1,9.157656529E-1,2.727992742E-1,-2.817492698E-2,-2.935304520E-1,4.737061010E1,3.128187921E1,6.231536042E0,-3.379817785E1
1.722226167E1,9.169487064E-1,2.678649071E-1,-2.679914114E-2,-2.945087491E-1,4.703199441E1,3.066650856E1,6.236361039E0,-3.390079299E1
1.723222367E1,9.181015942E-1,2.628992405E-1,-2.535873381E-2,-2.955171617E-1,4.669978573E1,3.004616629E1,6.247222529E0,-3.400632256E1
1.724218567E1,9.192360625E-1,2.579164621E-1,-2.389722685E-2,-2.965016411E-1,4.637069242E1,2.942415863E1,6.258302775E0,-3.410968082E1
1.725214767E1,9.203342819E-1,2.529667435E-1,-2.250904414E-2,-2.974658018E-1,4.604999863E1,2.880917696E1,6.261490078E0,-3.421350538E1
1.726210967E1,9.213745475E-1,2.481562403E-1,-2.119756732E-2,-2.983925662E-1,4.574426825E1,2.821351688E1,6.259641943E0,-3.431513767E1
1.727207267E1,9.223259567E-1,2.435885921E-1,-1.997816364E-2,-2.992997075E-1,4.546294972E1,2.764927304E1,6.255323281E0,-3.441630372E1
1.728203467E1,9.231884192E-1,2.392783034E-1,-1.883222543E-2,-3.001906887E-1,4.520649938E1,2.711736165E1,6.251151483E0,-3.451671312E1
1.729199667E1,9.239885493E-1,2.351935732E-1,-1.768727756E-2,-3.010254361E-1,4.496734455E1,2.661195641E1,6.252647747E0,-3.460995527E1
1.730195867E1,9.247403076E-1,2.312975213E-1,-1.658938889E-2,-3.017972119E-1,4.474154374E1,2.613031018E1,6.253531288E0,-3.469650662E1
1.731192067E1,9.254734448E-1,2.275037710E-1,-1.549625505E-2,-3.024909441E-1,4.452028993E1,2.566129869E1,6.254959287E0,-3.477399965E1
1.732188267E1,9.262027863E-1,2.237384499E-1,-1.437927636E-2,-3.031216976E-1,4.429914114E1,2.519550736E1,6.257886772E0,-3.484394097E1
1.733184567E1,9.269165927E-1,2.199174128E-1,-1.334571215E-2,-3.037827468E-1,4.408168293E1,2.472636193E1,6.250382287E0,-3.492021568E1
1.734180767E1,9.276007871E-1,2.160335439E-1,-1.244516452E-2,-3.045185165E-1,4.387228483E1,2.425445465E1,6.227940243E0,-3.500908212E1
1.735176967E1,9.282586715E-1,2.121571526E-1,-1.157449054E-2,-3.052722765E-1,4.367003895E1,2.378470396E1,6.202524084E0,-3.510107171E1
1.736173167E1,9.288815267E-1,2.083647533E-1,-1.069160924E-2,-3.060211967E-1,4.347773731E1,2.332446112E1,6.180764222E0,-3.519215537E1
1.737169367E1,9.294633391E-1,2.047024825E-1,-9.862492360E-3,-3.067533896E-1,4.329737335E1,2.288112145E1,6.156970444E0,-3.528202297E1
1.738165567E1,9.300349865E-1,2.011592102E-1,-8.988157388E-3,-3.073907169E-1,4.311946120E1,2.245057483E1,6.139546008E0,-3.535941119E1
1.739161767E1,9.306136093E-1,1.976628958E-1,-8.011688380E-3,-3.079342777E-1,4.293866335E1,2.202278553E1,6.132195457E0,-3.542377933E1
1.740158067E1,9.311755849E-1,1.941696745E-1,-7.060911713E-3,-3.084806893E-1,4.276237010E1,2.159648248E1,6.121967213E0,-3.548939180E1
1.741154267E1,9.316974127E-1,1.906882479E-1,-6.285496280E-3,-3.090927779E-1,4.259804878E1,2.117728073E1,6.094484905E0,-3.556642508E1
1.742150467E1,9.322006445E-1,1.872758684E-1,-5.507939252E-3,-3.096761926E-1,4.243900877E1,2.076621714E1,6.068693443E0,-3.563990811E1
1.743146667E1,9.326989632E-1,1.839514096E-1,-4.627766108E-3,-3.101823621E-1,4.228095926E1,2.036226837E1,6.055072179E0,-3.570216331E1
1.744142867E1,9.331824295E-1,1.807020584E-1,-3.777473096E-3,-3.106493615E-1,4.212707978E1,1.996820162E1,6.039831191E0,-3.576020652E1
1.745139067E1,9.336635762E-1,1.774840250E-1,-2.949194096E-3,-3.110676165E-1,4.197340405E1,1.957891136E1,6.022093939E0,-3.581294930E1
1.746135367E1,9.341533204E-1,1.742765975E-1,-2.054303542E-3,-3.114178044E-1,4.181642860E1,1.918918608E1,6.010320512E0,-3.585668987E1
1.747131567E1,9.346568421E-1,1.710367063E-1,-1.109577597E-3,-3.117079962E-1,4.165444808E1,1.879473701E1,6.001406073E0,-3.589295415E1
1.748127767E1,9.351703001E-1,1.676939186E-1,-1.555979311E-4,-3.119861183E-1,4.148864890E1,1.838882182E1,5.989449446E0,-3.592852810E1
1.749123967E1,9.356938752E-1,1.641716800E-1,8.377981416E-4,-3.122881190E-1,4.131892808E1,1.796170531E1,5.975637395E0,-3.596765714E1
1.750120167E1,9.362400022E-1,1.603873141E-1,1.892483296E-3,-3.126133106E-1,4.114118359E1,1.750350669E1,5.959304397E0,-3.601041863E1
1.751116367E1,9.368009728E-1,1.563407217E-1,2.947534743E-3,-3.129741959E-1,4.095783991E1,1.701627849E1,5.934054319E0,-3.605924815E1
1.752112567E1,9.373493481E-1,1.521516302E-1,3.977594443E-3,-3.133850695E-1,4.077785040E1,1.651414186E1,5.901633147E0,-3.611558846E1
1.753108867E1,9.378692215E-1,1.479418544E-1,4.979429673E-3,-3.138308619E-1,4.060651067E1,1.601082593E1,5.865729109E0,-3.617701627E1
1.754105067E1,9.383410383E-1,1.437995243E-1,6.013863842E-3,-3.143270647E-1,4.045040783E1,1.551387864E1,5.836281986E0,-3.624412947E1
1.755101267E1,9.387568831E-1,1.397372374E-1,7.051466240E-3,-3.148958448E-1,4.031234348E1,1.502555075E1,5.810843184E0,-3.631996915E1
1.756097467E1,9.391375182E-1,1.357562080E-1,8.023674303E-3,-3.154783213E-1,4.018557065E1,1.454868105E1,5.781032921E0,-3.639826203E1
1.757093667E1,9.394850242E-1,1.319011447E-1,8.970656336E-3,-3.160531806E-1,4.006949596E1,1.408691897E1,5.752481110E0,-3.647569040E1
1.758089867E1,9.397885295E-1,1.282302601E-1,9.891098544E-3,-3.166335779E-1,3.996785405E1,1.364660980E1,5.727371206E0,-3.655353457E1
1.759086167E1,9.400552679E-1,1.247589479E-1,1.081917827E-2,-3.171975256E-1,3.987832000E1,1.322833199E1,5.709671326E0,-3.662869139E1
1.760082367E1,9.402789633E-1,1.215159924E-1,1.164022602E-2,-3.177639499E-1,3.980308494E1,1.283912893E1,5.688321244E0,-3.670446983E1
1.761078567E1,9.405552865E-1,1.185550819E-1,1.203858758E-2,-3.180498267E-1,3.970996084E1,1.249769807E1,5.627396225E0,-3.674937833E1
1.762074767E1,9.409996635E-1,1.158762834E-1,1.094747586E-2,-3.177617746E-1,3.955975958E1,1.224342979E1,5.407880867E0,-3.673770897E1
1.763070967E1,9.411183076E-1,1.135378362E-1,1.043688943E-2,-3.182711448E-1,3.951956471E1,1.200176510E1,5.273861747E0,-3.681465129E1
1.764067167E1,9.412301620E-1,1.115278050E-1,1.115927242E-2,-3.186264502E-1,3.948163411E1,1.175345317E1,5.283181762E0,-3.685993300E1
1.765063367E1,9.414015278E-1,1.095834746E-1,1.174221114E-2,-3.187737173E-1,3.942345482E1,1.151849514E1,5.277118740E0,-3.688124299E1
1.766059667E1,9.415656652E-1,1.076849887E-1,1.222394125E-2,-3.189179006E-1,3.936765220E1,1.129223332E1,5.261680678E0,-3.690297977E1
1.767055867E1,9.417223572E-1,1.058156019E-1,1.279551733E-2,-3.190586527E-1,3.931430986E1,1.106602963E1,5.256950388E0,-3.692350566E1
1.768052067E1,9.418921032E-1,1.039029227E-1,1.341775911E-2,-3.191603773E-1,3.925644501E1,1.083352456E1,5.255634988E0,-3.693922197E1
1.769048267E1,9.420850981E-1,1.018639241E-1,1.408854272E-2,-3.192193348E-1,3.919055515E1,1.058571437E1,5.254456949E0,-3.695010662E1
1.770044467E1,9.422933128E-1,9.964232894E-2,1.472589764E-2,-3.192772323E-1,3.911934960E1,1.031913353E1,5.242961237E0,-3.696210159E1
1.771040667E1,9.425009051E-1,9.724869937E-2,1.528819919E-2,-3.193759298E-1,3.904823270E1,1.003621776E1,5.217460829E0,-3.698049038E1
1.772036867E1,9.427140158E-1,9.469781082E-2,1.599668397E-2,-3.194786811E-1,3.897509556E1,9.730896011E0,5.202064247E0,-3.699914583E1
1.773033167E1,9.429357766E-1,9.185967693E-2,1.680935637E-2,-3.196112073E-1,3.889884952E1,9.390301656E0,5.187715266E0,-3.702216270E1
1.774029367E1,9.431731977E-1,8.861065056E-2,1.764409226E-2,-3.197831094E-1,3.881705957E1,9.003818983E0,5.161032579E0,-3.705185685E1
1.775025567E1,9.434394527E-1,8.488573993E-2,1.854803732E-2,-3.199570707E-1,3.872513900E1,8.562899293E0,5.124343772E0,-3.708371677E1
1.776021767E1,9.439621109E-1,8.066801111E-2,1.859564518E-2,-3.195034265E-1,3.854408601E1,8.102389147E0,4.971176488E0,-3.704659662E1
1.777017967E1,9.443580241E-1,7.614900944E-2,1.792132621E-2,-3.194810354E-1,3.840639209E1,7.632906690E0,4.732546289E0,-3.706599263E1
1.778014167E1,9.445048442E-1,7.166874566E-2,1.838975691E-2,-3.200562435E-1,3.835520891E1,7.123880699E0,4.623887389E0,-3.715109007E1
1.779010367E1,9.445985953E-1,6.753073910E-2,1.954328333E-2,-3.206104609E-1,3.832249178E1,6.627811715E0,4.601397615E0,-3.722933352E1
1.780006667E1,9.446905652E-1,6.379698713E-2,2.050747869E-2,-3.210439975E-1,3.829037009E1,6.183435918E0,4.571880794E0,-3.729260180E1
1.781002867E1,9.447512826E-1,6.056255959E-2,2.132854352E-2,-3.214379228E-1,3.826914955E1,5.799013823E0,4.544568691E0,-3.734995720E1
1.781999067E1,9.447675208E-1,5.779998189E-2,2.207233663E-2,-3.218485596E-1,3.826347239E1,5.468839632E0,4.526037990E0,-3.740801395E1
1.782995267E1,9.447421974E-1,5.542314626E-2,2.260770448E-2,-3.223031308E-1,3.827232549E1,5.188157779E0,4.499075618E0,-3.747067864E1
1.783991467E1,9.446984227E-1,5.345790010E-2,2.294400210E-2,-3.227392424E-1,3.828762454E1,4.959741769E0,4.465353475E0,-3.753013017E1
1.784987667E1,9.446684427E-1,5.185408452E-2,2.317443378E-2,-3.230720086E-1,3.829809902E1,4.775102944E0,4.432784065E0,-3.757595660E1
1.785983967E1,9.447229917E-1,5.056572159E-2,2.311036591E-2,-3.231213137E-1,3.827903853E1,4.636978656E0,4.378421272E0,-3.758684422E1
1.786980167E1,9.448194055E-1,4.959815339E-2,2.286300655E-2,-3.230070018E-1,3.824532727E1,4.541274364E0,4.315237847E0,-3.757702500E1
1.787976367E1,9.448199074E-1,4.881070552E-2,2.291252777E-2,-3.231219722E-1,3.824515171E1,4.453231554E0,4.292031877E0,-3.759371681E1
1.788972567E1,9.448236259E-1,4.811284508E-2,2.299425257E-2,-3.232101347E-1,3.824385096E1,4.373886103E0,4.275490031E0,-3.760676604E1
1.789968767E1,9.448458155E-1,4.740825583E-2,2.299439983E-2,-3.232492770E-1,3.823608800E1,4.297035722E0,4.249609519E0,-3.761403460E1
1.790964967E1,9.448734851E-1,4.666281370E-2,2.292706562E-2,-3.232816884E-1,3.822640572E1,4.218260637E0,4.214857995E0,-3.762073496E1
1.791961167E1,9.449105244E-1,4.585182996E-2,2.278232612E-2,-3.232997098E-1,3.821344110E1,4.135276390E0,4.169212482E0,-3.762602365E1
1.792957446E1,9.449628102E-1,4.489487478E-2,2.259159893E-2,-3.232947208E-1,3.819513260E1,4.038217813E0,4.113071174E0,-3.762906248E1
1.793953646E1,9.450282145E-1,4.365485269E-2,2.228286934E-2,-3.232948184E-1,3.817221862E1,3.914706934E0,4.033668465E0,-3.763380225E1
1.794949846E1,9.451098448E-1,4.209387264E-2,2.176020958E-2,-3.232985770E-1,3.814360139E1,3.764181057E0,3.919185114E0,-3.764024700E1
1.795946046E1,9.451988175E-1,4.029536712E-2,2.111377535E-2,-3.233105160E-1,3.811238652E1,3.592400622E0,3.782507273E0,-3.764841445E1
1.796942246E1,9.452838614E-1,3.838514998E-2,2.044737610E-2,-3.233370386E-1,3.808252703E1,3.409212312E0,3.639573573E0,-3.765844620E1
1.797938446E1,9.453470603E-1,3.648572720E-2,1.979037516E-2,-3.234132190E-1,3.806032285E1,3.226729672E0,3.498217034E0,-3.767415905E1
1.798934746E1,9.453861542E-1,3.477661424E-2,1.906913083E-2,-3.235303572E-1,3.804658141E1,3.067224007E0,3.357044710E0,-3.769407132E1
1.799930946E1,9.453953920E-1,3.354508255E-2,1.840576207E-2,-3.236717853E-1,3.804333364E1,2.957451411E0,3.239891212E0,-3.771531873E1
1.800927146E1,9.453711031E-1,3.308382935E-2,1.806385556E-2,-3.238094340E-1,3.805187242E1,2.919522287E0,3.186130148E0,-3.773359892E1
1.801923346E1,9.453262268E-1,3.349329558E-2,1.817272652E-2,-3.238925182E-1,3.806764382E1,2.959688805E0,3.213385812E0,-3.774246368E1
1.802919546E1,9.452576643E-1,3.468809168E-2,1.863316363E-2,-3.239404863E-1,3.809172742E1,3.072273093E0,3.307805721E0,-3.774451714E1
1.803915746E1,9.451850364E-1,3.652032948E-2,1.923328629E-2,-3.239161805E-1,3.811722304E1,3.249218244E0,3.440793151E0,-3.773569765E1
1.804911946E1,9.451004376E-1,3.875629981E-2,1.989479001E-2,-3.238632538E-1,3.814690033E1,3.467930776E0,3.595298938E0,-3.772184406E1
1.805908246E1,9.450013865E-1,4.128657984E-2,2.061239337E-2,-3.237948603E-1,3.818161925E1,3.716713771E0,3.766715673E0,-3.770472525E1
1.806904446E1,9.449000543E-1,4.421364017E-2,2.151551062E-2,-3.236453208E-1,3.821710631E1,4.002261637E0,3.972581583E0,-3.767566125E1
1.807900646E1,9.448488616E-1,4.702069523E-2,2.237846609E-2,-3.233403190E-1,3.823502219E1,4.277119716E0,4.168846169E0,-3.762756854E1
1.808896846E1,9.448447880E-1,4.948013576E-2,2.251010877E-2,-3.229759488E-1,3.823644748E1,4.541530675E0,4.272431156E0,-3.757440781E1
1.809893046E1,9.448410775E-1,5.173292509E-2,2.241293425E-2,-3.226404522E-1,3.823774570E1,4.791848317E0,4.343488755E0,-3.752578036E1
1.810889246E1,9.448163198E-1,5.382963422E-2,2.216410737E-2,-3.223869332E-1,3.824640663E1,5.030438205E0,4.392583239E0,-3.748793297E1
1.811885546E1,9.447842713E-1,5.590560799E-2,2.181810376E-2,-3.221510420E-1,3.825761534E1,5.270303554E0,4.430334982E0,-3.745253388E1
1.812881746E1,9.447476072E-1,5.804918963E-2,2.139481320E-2,-3.219075991E-1,3.827043441E1,5.520444876E0,4.462025849E0,-3.741620738E1
1.813877946E1,9.446884789E-1,6.036061329E-2,2.094396905E-2,-3.216855347E-1,3.829109903E1,5.789833212E0,4.496909635E0,-3.738197270E1
1.814874146E1,9.445980090E-1,6.293208563E-2,2.040694076E-2,-3.214928814E-1,3.832269644E1,6.090628076E0,4.532073521E0,-3.735066245E1
1.815870346E1,9.444769238E-1,6.585627704E-2,1.972001994E-2,-3.213059522E-1,3.836494733E1,6.435378411E0,4.563863274E0,-3.731934969E1
1.816866546E1,9.443253850E-1,6.927258356E-2,1.893132220E-2,-3.210802671E-1,3.841776153E1,6.837777981E0,4.602290687E0,-3.728202011E1
1.817862746E1,9.441389204E-1,7.322447962E-2,1.807706576E-2,-3.208006931E-1,3.848265235E1,7.301390786E0,4.652684726E0,-3.723657623E1
1.818859046E1,9.439130719E-1,7.766228091E-2,1.713500978E-2,-3.204732061E-1,3.856110828E1,7.821652361E0,4.710737385E0,-3.718408129E1
1.819855246E1,9.436501875E-1,8.251984175E-2,1.603056131E-2,-3.200904351E-1,3.865223693E1,8.394147151E0,4.765747633E0,-3.712441159E1
1.820851446E1,9.433576080E-1,8.776922618E-2,1.477202932E-2,-3.196167362E-1,3.875341697E1,9.015768058E0,4.817122742E0,-3.705354048E1
1.821847646E1,9.430265625E-1,9.336516788E-2,1.341351793E-2,-3.190672612E-1,3.886759396E1,9.679622188E0,4.869017724E0,-3.697335089E1
1.822843846E1,9.426584368E-1,9.925344232E-2,1.194263956E-2,-3.184355687E-1,3.899418234E1,1.038033655E1,4.917849477E0,-3.688356196E1
1.823840046E1,9.422709281E-1,1.053762453E-1,1.035097535E-2,-3.176700965E-1,3.912701073E1,1.111221777E1,4.959790882E0,-3.677848937E1
1.824836346E1,9.418630357E-1,1.116781152E-1,8.679103177E-3,-3.167756565E-1,3.926635967E1,1.186778296E1,4.996959018E0,-3.665885376E1
1.825832546E1,9.414169602E-1,1.180941977E-1,6.955645440E-3,-3.158157574E-1,3.941821140E1,1.263863070E1,5.030632981E0,-3.653250997E1
1.826828746E1,9.409237940E-1,1.245883750E-1,5.224065727E-3,-3.148220414E-1,3.958544251E1,1.341915203E1,5.064505044E0,-3.640308944E1
1.827824946E1,9.403830495E-1,1.311367654E-1,3.510486786E-3,-3.138004055E-1,3.976803124E1,1.420583751E1,5.100554987E0,-3.627113477E1
1.828821146E1,9.398060166E-1,1.377360504E-1,1.846519592E-3,-3.127142708E-1,3.996199017E1,1.499748572E1,5.141447072E0,-3.613183862E1
1.829817346E1,9.392042776E-1,1.443321446E-1,1.388815846E-4,-3.115505010E-1,4.016329650E1,1.579149301E1,5.174789740E0,-3.598503037E1
1.830813546E1,9.385729944E-1,1.509703181E-1,-1.709151588E-3,-3.102993962E-1,4.037345204E1,1.659625206E1,5.191432877E0,-3.583087586E1
1.831809846E1,9.378999584E-1,1.577310142E-1,-3.607827376E-3,-3.089524162E-1,4.059635872E1,1.741765201E1,5.203602318E0,-3.566704819E1
1.832806046E1,9.371775732E-1,1.646294081E-1,-5.532347037E-3,-3.075138157E-1,4.083431259E1,1.825658502E1,5.214352905E0,-3.549377176E1
1.833802246E1,9.364074047E-1,1.716113388E-1,-7.543888609E-3,-3.059963219E-1,4.108655290E1,1.910911696E1,5.215188228E0,-3.531397299E1
1.834798446E1,9.355941787E-1,1.786292708E-1,-9.602687227E-3,-3.044057391E-1,4.135129678E1,1.996861906E1,5.208660646E0,-3.512815073E1
1.835794646E1,9.347408839E-1,1.856559571E-1,-1.160391362E-2,-3.027487172E-1,4.162735359E1,2.082855528E1,5.205081330E0,-3.493545552E1
1.836790846E1,9.338472354E-1,1.925996905E-1,-1.351363470E-2,-3.010848265E-1,4.191460241E1,2.167730218E1,5.206085122E0,-3.474261424E1
1.837787146E1,9.329104314E-1,1.993809321E-1,-1.538318934E-2,-2.994806910E-1,4.221371824E1,2.250732346E1,5.204983655E0,-3.455872385E1
1.838783346E1,9.319414028E-1,2.059487702E-1,-1.721944490E-2,-2.979493137E-1,4.252100967E1,2.331301198E1,5.199826364E0,-3.438558678E1
1.839779546E1,9.309634368E-1,2.122510551E-1,-1.895099715E-2,-2.964749879E-1,4.282900280E1,2.408617513E1,5.196335584E0,-3.421990802E1
1.840775746E1,9.299766211E-1,2.182600533E-1,-2.062317708E-2,-2.950942190E-1,4.313765812E1,2.482488128E1,5.189864838E0,-3.406688548E1
1.841771946E1,9.289701269E-1,2.240145334E-1,-2.223794572E-2,-2.938324035E-1,4.345031692E1,2.553333472E1,5.182516262E0,-3.392920279E1
1.842768146E1,9.279416395E-1,2.295603066E-1,-2.376068131E-2,-2.926803484E-1,4.376761140E1,2.621556359E1,5.179630910E0,-3.380453979E1
1.843764346E1,9.269073109E-1,2.348885416E-1,-2.516233607E-2,-2.916111397E-1,4.408451715E1,2.686972217E1,5.183508159E0,-3.368882055E1
1.844760646E1,9.258927629E-1,2.399240822E-1,-2.651234158E-2,-2.906132806E-1,4.439327333E1,2.748947633E1,5.184034839E0,-3.358255464E1
1.845756846E1,9.249041677E-1,2.446586812E-1,-2.783793646E-2,-2.896885672E-1,4.469218252E1,2.807461932E1,5.178265637E0,-3.348658522E1
1.846753046E1,9.239466394E-1,2.491031877E-1,-2.904795635E-2,-2.888361606E-1,4.497990110E1,2.862337791E1,5.176407098E0,-3.339825021E1
1.847749246E1,9.230216608E-1,2.532356047E-1,-3.016301100E-2,-2.880848245E-1,4.525619179E1,2.913365521E1,5.176519345E0,-3.332135189E1
1.848745446E1,9.221186232E-1,2.570831185E-1,-3.129162221E-2,-2.874479618E-1,4.552439559E1,2.961179348E1,5.168604199E0,-3.326014835E1
1.849741646E1,9.212146077E-1,2.607555164E-1,-3.246504580E-2,-2.869080609E-1,4.579139962E1,3.007131223E1,5.152743955E0,-3.321294367E1
1.850737946E1,9.202979911E-1,2.643627149E-1,-3.358190985E-2,-2.864197316E-1,4.606062971E1,3.052178481E1,5.142129908E0,-3.317106768E1
1.851734146E1,9.193714598E-1,2.679540008E-1,-3.464091681E-2,-2.859313599E-1,4.633126813E1,3.096906325E1,5.136980996E0,-3.312816496E1
1.852730346E1,9.184373782E-1,2.715568125E-1,-3.567850755E-2,-2.854061287E-1,4.660260818E1,3.141762614E1,5.133175268E0,-3.308084465E1
1.853726546E1,9.174833389E-1,2.751739190E-1,-3.676150598E-2,-2.848725211E-1,4.687821439E1,3.186975895E1,5.124651641E0,-3.303438644E1
1.854722746E1,9.164882784E-1,2.788192243E-1,-3.788346669E-2,-2.843834511E-1,4.716405137E1,3.232661268E1,5.114343262E0,-3.299470268E1
1.855718946E1,9.154549780E-1,2.825308221E-1,-3.897687590E-2,-2.839003173E-1,4.745915442E1,3.279068537E1,5.109418573E0,-3.295511041E1
1.856715146E1,9.143859195E-1,2.863100001E-1,-4.009575014E-2,-2.834032499E-1,4.776266108E1,3.326394073E1,5.103571842E0,-3.291496804E1
1.857711446E1,9.132673266E-1,2.901656342E-1,-4.129674045E-2,-2.829157265E-1,4.807829890E1,3.374909407E1,5.091982313E0,-3.287878866E1
1.858707646E1,9.120966019E-1,2.941165349E-1,-4.255953615E-2,-2.824249303E-1,4.840657286E1,3.424779438E1,5.077023810E0,-3.284447012E1
1.859703846E1,9.108703303E-1,2.981969445E-1,-4.388350127E-2,-2.819009742E-1,4.874819370E1,3.476419151E1,5.058892874E0,-3.280850469E1
1.860700046E1,9.095886041E-1,3.023991565E-1,-4.519680566E-2,-2.813550254E-1,4.910287712E1,3.529517762E1,5.045225512E0,-3.276990907E1
1.861696246E1,9.082627941E-1,3.066370091E-1,-4.647119666E-2,-2.808430978E-1,4.946724853E1,3.582968249E1,5.038070885E0,-3.273453174E1
1.862692446E1,9.069265593E-1,3.108290829E-1,-4.767375086E-2,-2.803510899E-1,4.983195764E1,3.635730623E1,5.037593793E0,-3.269992756E1
1.863688746E1,9.056074859E-1,3.148826359E-1,-4.877193737E-2,-2.799023160E-1,5.018954827E1,3.686610443E1,5.044894723E0,-3.266792521E1
1.864684946E1,9.043242029E-1,3.186953098E-1,-4.980173212E-2,-2.795546360E-1,5.053516440E1,3.734491030E1,5.054982660E0,-3.264670733E1
1.865681146E1,9.030787227E-1,3.222136164E-1,-5.084593045E-2,-2.793598670E-1,5.086850053E1,3.778968186E1,5.059565309E0,-3.264527278E1
1.866677346E1,9.019209784E-1,3.254013918E-1,-5.186235275E-2,-2.792181223E-1,5.117653703E1,3.819518631E1,5.058017633E0,-3.265086367E1
1.867673546E1,9.008867705E-1,3.282172430E-1,-5.280140107E-2,-2.790852464E-1,5.145024965E1,3.855509350E1,5.052298442E0,-3.265679292E1
1.868669746E1,8.999999842E-1,3.305986862E-1,-5.363031483E-2,-2.789775111E-1,5.168386968E1,3.886083001E1,5.044223904E0,-3.266389607E1
1.869666046E1,8.992975351E-1,3.324760941E-1,-5.430449581E-2,-2.788810968E-1,5.186823113E1,3.910274330E1,5.035375591E0,-3.266915771E1
1.870662246E1,8.988102279E-1,3.338024457E-1,-5.478034747E-2,-2.787747019E-1,5.199576991E1,3.927390999E1,5.027684605E0,-3.266863261E1
1.871658446E1,8.985373277E-1,3.345578578E-1,-5.507819973E-2,-2.786898917E-1,5.206706679E1,3.937236856E1,5.019578664E0,-3.266663911E1
1.872654646E1,8.984653179E-1,3.347714608E-1,-5.515250044E-2,-2.786509508E-1,5.208586466E1,3.939997303E1,5.017703894E0,-3.266401667E1
1.873650846E1,8.985879743E-1,3.344445665E-1,-5.499577318E-2,-2.786788213E-1,5.205384191E1,3.935653283E1,5.023720134E0,-3.266282239E1
1.874647046E1,8.988804455E-1,3.335794697E-1,-5.477664435E-2,-2.788157010E-1,5.197741042E1,3.924739121E1,5.022047782E0,-3.267418872E1
1.875643246E1,8.993249617E-1,3.322643509E-1,-5.446790586E-2,-2.790130540E-1,5.186104432E1,3.908234577E1,5.016549766E0,-3.269120895E1
1.876639546E1,8.999010236E-1,3.305853021E-1,-5.396960550E-2,-2.792468718E-1,5.170987944E1,3.886859753E1,5.019525000E0,-3.270709076E1
1.877635746E1,9.005817154E-1,3.286041805E-1,-5.331099212E-2,-2.795169406E-1,5.153072641E1,3.861439692E1,5.030099150E0,-3.272272212E1
1.878631946E1,9.013490522E-1,3.263488365E-1,-5.254656856E-2,-2.798307673E-1,5.132807071E1,3.832475606E1,5.043916686E0,-3.274095983E1
1.879628146E1,9.022039265E-1,3.238333719E-1,-5.168386794E-2,-2.801585542E-1,5.110141408E1,3.800176717E1,5.059522234E0,-3.275872637E1
1.880624346E1,9.031308732E-1,3.210804591E-1,-5.077439199E-2,-2.805068122E-1,5.085458408E1,3.764974753E1,5.072640864E0,-3.277861684E1
1.881620546E1,9.040973771E-1,3.181599442E-1,-4.985415370E-2,-2.808858607E-1,5.059602402E1,3.727801118E1,5.082337272E0,-3.280281101E1
1.882616846E1,9.050856123E-1,3.151540171E-1,-4.886818861E-2,-2.812649180E-1,5.033036788E1,3.689464542E1,5.095941836E0,-3.282550441E1
1.883613046E1,9.060915633E-1,3.120734425E-1,-4.780766548E-2,-2.816429818E-1,5.005859625E1,3.650066497E1,5.114728961E0,-3.284630410E1
1.884609246E1,9.070916386E-1,3.089308091E-1,-4.673828015E-2,-2.820675621E-1,4.978703671E1,3.609938098E1,5.134090333E0,-3.287292735E1
1.885605446E1,9.080730134E-1,3.057417415E-1,-4.566344889E-2,-2.825604309E-1,4.951920015E1,3.569263345E1,5.154951595E0,-3.290794391E1
1.886601646E1,9.090168178E-1,3.025098027E-1,-4.459347288E-2,-2.831742599E-1,4.926033063E1,3.528091043E1,5.178193534E0,-3.295775343E1
1.887597846E1,9.099447864E-1,2.991727158E-1,-4.358116948E-2,-2.838960081E-1,4.900455492E1,3.485870348E1,5.195534532E0,-3.302295677E1
1.888594146E1,9.108579691E-1,2.957702196E-1,-4.261132181E-2,-2.846787692E-1,4.875162590E1,3.443039405E1,5.208094876E0,-3.309744158E1
1.889590346E1,9.117558498E-1,2.923707107E-1,-4.164025236E-2,-2.854589082E-1,4.850172804E1,3.400286003E1,5.220457770E0,-3.317212410E1
1.890586546E1,9.126343592E-1,2.890232913E-1,-4.065931099E-2,-2.862008742E-1,4.825604517E1,3.358165952E1,5.233984745E0,-3.324238921E1
1.891582746E1,9.135052939E-1,2.857358845E-1,-3.971992305E-2,-2.868542062E-1,4.801131425E1,3.316953674E1,5.241872474E0,-3.330397524E1
1.892578946E1,9.143898195E-1,2.825016130E-1,-3.876271199E-2,-2.873701117E-1,4.776155715E1,3.276405263E1,5.248559445E0,-3.334935666E1
1.893575092E1,9.152806153E-1,2.793046842E-1,-3.781448474E-2,-2.877854077E-1,4.750878077E1,3.236403007E1,5.252087249E0,-3.338364894E1
1.894571392E1,9.161713673E-1,2.761284533E-1,-3.682710362E-2,-2.881437844E-1,4.725474353E1,3.196580869E1,5.258509838E0,-3.341049363E1
1.895567592E1,9.170636890E-1,2.729194313E-1,-3.580399129E-2,-2.884913623E-1,4.699896124E1,3.156311945E1,5.267209468E0,-3.343562817E1
1.896563792E1,9.179593567E-1,2.696294666E-1,-3.479273058E-2,-2.888599545E-1,4.674089245E1,3.115178654E1,5.272558832E0,-3.346440543E1
1.897559992E1,9.188480879E-1,2.662844597E-1,-3.380735851E-2,-2.892539922E-1,4.648348600E1,3.073522379E1,5.274074812E0,-3.349761260E1
1.898556192E1,9.197120003E-1,2.629520735E-1,-3.282725917E-2,-2.896696751E-1,4.623197080E1,3.032055886E1,5.276100339E0,-3.353387460E1
1.899552392E1,9.205492029E-1,2.596765778E-1,-3.179392350E-2,-2.900801604E-1,4.598699170E1,2.991111807E1,5.285483379E0,-3.356821524E1
1.900548592E1,9.213759127E-1,2.564449412E-1,-3.067091961E-2,-2.904507467E-1,4.574386575E1,2.950439772E1,5.304590054E0,-3.359571124E1
1.901544892E1,9.221971853E-1,2.531747266E-1,-2.949470008E-2,-2.908348854E-1,4.550112198E1,2.909186032E1,5.328405525E0,-3.362408943E1
1.902541092E1,9.230177044E-1,2.497898184E-1,-2.831396924E-2,-2.912762005E-1,4.525737014E1,2.866615564E1,5.350436363E0,-3.366018639E1
1.903537292E1,9.238242562E-1,2.462600886E-1,-2.715397954E-2,-2.918345429E-1,4.501654918E1,2.822437140E1,5.368639874E0,-3.371183166E1
1.904533492E1,9.246158332E-1,2.425579921E-1,-2.601313936E-2,-2.925312798E-1,4.477900593E1,2.776325990E1,5.382675343E0,-3.378164465E1
1.905529692E1,9.253912333E-1,2.387386404E-1,-2.488524154E-2,-2.933184456E-1,4.454515251E1,2.728918215E1,5.393520450E0,-3.386360717E1
1.906525892E1,9.261646332E-1,2.348291144E-1,-2.369706174E-2,-2.941308471E-1,4.431073579E1,2.680324063E1,5.407936268E0,-3.394814442E1
1.907522192E1,9.269389529E-1,2.308395277E-1,-2.247119016E-2,-2.949448250E-1,4.407485452E1,2.630744051E1,5.423175845E0,-3.403307264E1
1.908518392E1,9.277114941E-1,2.267782677E-1,-2.126110513E-2,-2.957547240E-1,4.383831354E1,2.580449851E1,5.433658683E0,-3.411900968E1
1.909514592E1,9.284782974E-1,2.226677586E-1,-2.005073809E-2,-2.965552565E-1,4.360232328E1,2.529648811E1,5.441721733E0,-3.420482865E1
1.910510792E1,9.292445566E-1,2.185064976E-1,-1.878837013E-2,-2.973323280E-1,4.336528049E1,2.478164700E1,5.452477261E0,-3.428769389E1
1.911506992E1,9.300153756E-1,2.142583594E-1,-1.752212978E-2,-2.980901715E-1,4.312557622E1,2.425744211E1,5.459661015E0,-3.436941167E1
1.912503192E1,9.308029617E-1,2.098951926E-1,-1.624357936E-2,-2.988077074E-1,4.287934017E1,2.372057215E1,5.462684889E0,-3.444744365E1
1.913499492E1,9.316141992E-1,2.053966221E-1,-1.491922975E-2,-2.994739425E-1,4.262429285E1,2.316774591E1,5.464209052E0,-3.451988278E1
1.914495692E1,9.324469191E-1,2.007570525E-1,-1.353541732E-2,-3.000935876E-1,4.236096929E1,2.259789795E1,5.465691276E0,-3.458708927E1
1.915491892E1,9.332972039E-1,1.959479816E-1,-1.210444726E-2,-3.006894630E-1,4.209047009E1,2.200814382E1,5.465415070E0,-3.465222941E1
1.916488092E1,9.341403191E-1,1.910018435E-1,-1.077212976E-2,-3.013042161E-1,4.182060312E1,2.140673625E1,5.449821053E0,-3.472307570E1
1.917484292E1,9.349568969E-1,1.860382827E-1,-9.487976405E-3,-3.019197391E-1,4.155763506E1,2.080555181E1,5.428042371E0,-3.479577740E1
1.918480492E1,9.357454621E-1,1.811448237E-1,-8.150565302E-3,-3.024906924E-1,4.130216972E1,2.021125370E1,5.413077155E0,-3.486261183E1
1.919476792E1,9.365039167E-1,1.763406281E-1,-6.730289157E-3,-3.030167599E-1,4.105502522E1,1.962494116E1,5.408870654E0,-3.492302533E1
1.920472992E1,9.372386886E-1,1.715614018E-1,-5.288206850E-3,-3.035166206E-1,4.081423260E1,1.904130935E1,5.407052156E0,-3.498070314E1
1.921469192E1,9.379570067E-1,1.667711770E-1,-3.801106657E-3,-3.039894112E-1,4.057751008E1,1.845555597E1,5.408890645E0,-3.503537045E1
1.922465392E1,9.386453109E-1,1.619034642E-1,-2.307147408E-3,-3.045111511E-1,4.034943095E1,1.786112482E1,5.409399390E0,-3.509708166E1
1.923461592E1,9.392928167E-1,1.569298054E-1,-8.720466658E-4,-3.051251128E-1,4.013373730E1,1.725682716E1,5.401146508E0,-3.517213883E1
1.924457792E1,9.398972231E-1,1.518975513E-1,4.980961095E-4,-3.058107011E-1,3.993139293E1,1.664827758E1,5.384564867E0,-3.525785922E1
1.925453992E1,9.404613919E-1,1.468924355E-1,1.852964892E-3,-3.065152198E-1,3.974162787E1,1.604361446E1,5.366995569E0,-3.534674808E1
1.926450292E1,9.409896106E-1,1.419453249E-1,3.262511509E-3,-3.072123926E-1,3.956316354E1,1.544400669E1,5.356630470E0,-3.543458244E1
1.927446492E1,9.414919425E-1,1.370371813E-1,4.704301552E-3,-3.078825817E-1,3.939272547E1,1.484816564E1,5.350078289E0,-3.551947143E1
1.928442692E1,9.419795559E-1,1.320967116E-1,6.227284666E-3,-3.085225121E-1,3.922660121E1,1.424651830E1,5.350119834E0,-3.560082353E1
1.929438892E1,9.424430062E-1,1.270187305E-1,7.818109023E-3,-3.092025145E-1,3.906808017E1,1.362749213E1,5.352634494E0,-3.568786769E1
1.930435092E1,9.428754657E-1,1.216981675E-1,9.415457480E-3,-3.099787075E-1,3.891959991E1,1.298130093E1,5.347893986E0,-3.578861378E1
1.931431292E1,9.432634723E-1,1.161208203E-1,1.098368086E-2,-3.108848183E-1,3.878591709E1,1.230748222E1,5.331696137E0,-3.590755391E1
1.932427592E1,9.435929443E-1,1.104266678E-1,1.237211708E-2,-3.119058157E-1,3.867205285E1,1.162684461E1,5.292136221E0,-3.604354681E1
1.933423792E1,9.438820787E-1,1.048404206E-1,1.366596952E-2,-3.129030774E-1,3.857186281E1,1.096199510E1,5.244608173E0,-3.617780066E1
1.934419992E1,9.441431453E-1,9.951167761E-2,1.494617455E-2,-3.137956154E-1,3.848118322E1,1.032694694E1,5.202458516E0,-3.629906793E1
1.935416192E1,9.443891300E-1,9.447668900E-2,1.624474601E-2,-3.145464810E-1,3.839555368E1,9.724644542E0,5.170357795E0,-3.640247968E1
1.936412392E1,9.446211561E-1,8.968677705E-2,1.750287682E-2,-3.151837415E-1,3.831461453E1,9.151559609E0,5.140757080E0,-3.649203890E1
1.937408592E1,9.448305633E-1,8.513801288E-2,1.871782832E-2,-3.157474802E-1,3.824142408E1,8.607077363E0,5.113821999E0,-3.657255245E1
1.938404892E1,9.450049011E-1,8.083555480E-2,1.992303082E-2,-3.162823398E-1,3.818038785E1,8.090276157E0,5.093910790E0,-3.664914294E1
1.939401092E1,9.451375399E-1,7.675013205E-2,2.112148526E-2,-3.168256628E-1,3.813388756E1,7.597588772E0,5.080669129E0,-3.672643487E1
1.940397292E1,9.452379993E-1,7.282410545E-2,2.228968001E-2,-3.173720624E-1,3.809863233E1,7.123533789E0,5.069425904E0,-3.680412139E1
1.941393492E1,9.453127270E-1,6.897903366E-2,2.342990764E-2,-3.179255988E-1,3.807238698E1,6.659408754E0,5.057622908E0,-3.688298247E1
1.942389692E1,9.453620863E-1,6.510498191E-2,2.453662438E-2,-3.185120054E-1,3.805504178E1,6.193259261E0,5.040818426E0,-3.696659046E1
1.943385892E1,9.453867278E-1,6.123961715E-2,2.570893080E-2,-3.191125347E-1,3.804637976E1,5.725725621E0,5.030982726E0,-3.705217455E1
1.944382192E1,9.454039139E-1,5.742455746E-2,2.690628193E-2,-3.196717047E-1,3.804033732E1,5.263082311E0,5.024897302E0,-3.713302745E1
1.945378392E1,9.454392554E-1,5.368805339E-2,2.789047310E-2,-3.201318557E-1,3.802790879E1,4.817349014E0,4.997484649E0,-3.720252157E1
1.946374592E1,9.455236480E-1,5.042014413E-2,2.836014220E-2,-3.203726594E-1,3.799821459E1,4.442685413E0,4.929899070E0,-3.724459893E1
1.947370792E1,9.456644042E-1,4.835401587E-2,2.852597540E-2,-3.202609665E-1,3.794863869E1,4.212005134E0,4.871643478E0,-3.723936387E1
1.948366992E1,9.457995079E-1,4.779987578E-2,2.874937361E-2,-3.199248686E-1,3.790099488E1,4.145201385E0,4.874128668E0,-3.720060597E1
1.949363192E1,9.460178056E-1,4.799840334E-2,2.931373215E-2,-3.191977623E-1,3.782389089E1,4.150106753E0,4.939546165E0,-3.711094394E1
1.950359392E1,9.462863138E-1,4.801678196E-2,2.935629478E-2,-3.183942381E-1,3.772884407E1,4.154763275E0,4.941321042E0,-3.701344405E1
1.951355692E1,9.465074982E-1,4.770182719E-2,2.908381863E-2,-3.178086243E-1,3.765037531E1,4.133307323E0,4.897658697E0,-3.694415250E1
1.952351892E1,9.466514752E-1,4.730999792E-2,2.894634799E-2,-3.174506567E-1,3.759921233E1,4.097372641E0,4.866904002E0,-3.690258597E1
1.953348092E1,9.467379592E-1,4.683765952E-2,2.891813945E-2,-3.172652599E-1,3.756844753E1,4.047809821E0,4.845877699E0,-3.688210952E1
1.954344292E1,9.467925890E-1,4.608461746E-2,2.869862518E-2,-3.172324673E-1,3.754900164E1,3.973746036E0,4.794510267E0,-3.688147256E1
1.955340492E1,9.468594813E-1,4.506113526E-2,2.821481988E-2,-3.172233234E-1,3.752517760E1,3.879613362E0,4.704674855E0,-3.688503388E1
1.956336692E1,9.469366780E-1,4.387259717E-2,2.755534226E-2,-3.172174124E-1,3.749766543E1,3.773829665E0,4.589751666E0,-3.688971826E1
1.957332992E1,9.470215714E-1,4.250916421E-2,2.679834667E-2,-3.172141724E-1,3.746738776E1,3.652517372E0,4.457882032E0,-3.689534295E1
1.958329192E1,9.471297457E-1,4.082019720E-2,2.577956524E-2,-3.171976451E-1,3.742877261E1,3.505282776E0,4.285670240E0,-3.690062048E1
1.959325392E1,9.472539103E-1,3.871849033E-2,2.443924191E-2,-3.171964117E-1,3.738440198E1,3.324688196E0,4.063560445E0,-3.690917946E1
1.960321592E1,9.473799465E-1,3.619877232E-2,2.293434896E-2,-3.172299353E-1,3.733931052E1,3.104466591E0,3.808490037E0,-3.692297414E1
1.961317792E1,9.475127821E-1,3.316972209E-2,2.127598119E-2,-3.172800027E-1,3.729172958E1,2.834419836E0,3.518263914E0,-3.693975510E1
1.962313992E1,9.476455209E-1,2.948269445E-2,1.939691204E-2,-3.173679166E-1,3.724412475E1,2.500813242E0,3.180202923E0,-3.696211516E1
1.963310292E1,9.477553344E-1,2.508616937E-2,1.728319409E-2,-3.175402999E-1,3.720469734E1,2.098544124E0,2.790962208E0,-3.699516723E1
1.964306492E1,9.477831057E-1,2.009926404E-2,1.505550249E-2,-3.179253006E-1,3.719471995E1,1.636063670E0,2.368068766E0,-3.705330923E1
1.965302692E1,9.476441954E-1,1.448466014E-2,1.279736670E-2,-3.187427932E-1,3.724460042E1,1.106180911E0,1.919106388E0,-3.716249591E1
1.966298892E1,9.473659547E-1,8.196938727E-3,1.078316214E-2,-3.198662305E-1,3.734431892E1,4.947843852E-1,1.471233629E0,-3.730686889E1
1.967295092E1,9.469880568E-1,1.477817781E-3,9.443831533E-3,-3.211267803E-1,3.747934372E1,-1.871834917E-1,1.079259914E0,-3.746570367E1
1.968291292E1,9.465529629E-1,-5.423404191E-3,8.718531286E-3,-3.223852467E-1,3.763422645E1,-9.104610785E-1,7.453389738E-1,-3.762245433E1
1.969287592E1,9.461099095E-1,-1.206250082E-2,7.952434991E-3,-3.235233781E-1,3.779131379E1,-1.602842713E0,4.149828113E-1,-3.776217277E1
1.970283792E1,9.457834403E-1,-1.754783929E-2,6.402789434E-3,-3.242605210E-1,3.790666407E1,-2.140223766E0,4.189246718E-2,-3.784919892E1
1.971279992E1,9.457140927E-1,-2.074782640E-2,4.992834388E-3,-3.242984477E-1,3.793112292E1,-2.434754975E0,-2.299508170E-1,-3.785021644E1
1.972276192E1,9.458529510E-1,-2.133753143E-2,5.284598842E-3,-3.238503760E-1,3.788213243E1,-2.509640945E0,-2.190668404E-1,-3.779656321E1
1.973272392E1,9.461405646E-1,-2.056512426E-2,6.084597324E-3,-3.230450320E-1,3.778046511E1,-2.455661710E0,-1.015942795E-1,-3.770117305E1
1.974268592E1,9.465053993E-1,-1.968158398E-2,6.065047068E-3,-3.220300063E-1,3.765112066E1,-2.359174839E0,-6.846398264E-2,-3.757832964E1
1.975264792E1,9.467442851E-1,-1.933505208E-2,5.449167912E-3,-3.213593513E-1,3.756619628E1,-2.298926497E0,-1.208404654E-1,-3.749573115E1
1.976261092E1,9.467812907E-1,-1.981649608E-2,4.876440041E-3,-3.212301562E-1,3.755302416E1,-2.330113502E0,-2.003905565E-1,-3.747869473E1
1.977257292E1,9.467281066E-1,-2.114063569E-2,4.345288699E-3,-3.213099727E-1,3.757195360E1,-2.454261838E0,-3.069796656E-1,-3.748681331E1
1.978253492E1,9.466489283E-1,-2.297520513E-2,3.793668542E-3,-3.214244111E-1,3.760011799E1,-2.633036586E0,-4.347094866E-1,-3.749873969E1
1.979249692E1,9.465563178E-1,-2.493306643E-2,3.314977063E-3,-3.215565075E-1,3.763303453E1,-2.827855709E0,-5.591672441E-1,-3.751267925E1
1.980245892E1,9.464775842E-1,-2.638869925E-2,3.179211831E-3,-3.216734320E-1,3.766099702E1,-2.980787033E0,-6.279159535E-1,-3.752573740E1
1.981242092E1,9.464359578E-1,-2.713050451E-2,3.374552732E-3,-3.217320479E-1,3.767577266E1,-3.068466884E0,-6.342720464E-1,-3.753298038E1
1.982238392E1,9.464082464E-1,-2.749367615E-2,3.482533934E-3,-3.217816940E-1,3.768560598E1,-3.111834502E0,-6.361180146E-1,-3.753910338E1
1.983234592E1,9.463762389E-1,-2.752845441E-2,3.428132456E-3,-3.218736093E-1,3.769696067E1,-3.113542551E0,-6.436032610E-1,-3.755005156E1
1.984230792E1,9.463354095E-1,-2.764365679E-2,2.738397877E-3,-3.219900016E-1,3.771144016E1,-3.100534190E0,-7.230390114E-1,-3.756210577E1
1.985226992E1,9.462638130E-1,-2.756027024E-2,2.575039993E-3,-3.222088705E-1,3.773681777E1,-3.085289700E0,-7.383907351E-1,-3.758818590E1
1.986223192E1,9.462179033E-1,-2.726690303E-2,2.665342293E-3,-3.223680814E-1,3.775308197E1,-3.056661002E0,-7.182769435E-1,-3.760788505E1
1.987219392E1,9.462132832E-1,-2.724307308E-2,2.505703009E-3,-3.223849787E-1,3.775471834E1,-3.048168803E0,-7.347615133E-1,-3.760950496E1
1.988215692E1,9.462157244E-1,-2.739744454E-2,2.468912561E-3,-3.223649541E-1,3.775385372E1,-3.063579686E0,-7.443907565E-1,-3.760688407E1
1.989211892E1,9.462195017E-1,-2.775346773E-2,2.401354773E-3,-3.223237832E-1,3.775251582E1,-3.099757621E0,-7.647373280E-1,-3.760148810E1
1.990208092E1,9.462154395E-1,-2.826833228E-2,2.251440548E-3,-3.222918616E-1,3.775395461E1,-3.150130963E0,-7.999100893E-1,-3.759686654E1
1.991204292E1,9.461966779E-1,-2.884573542E-2,2.125736719E-3,-3.222970520E-1,3.776059911E1,-3.208157444E0,-8.348898396E-1,-3.759674767E1
1.992200492E1,9.461757759E-1,-2.949536203E-2,2.085651068E-3,-3.222996019E-1,3.776800028E1,-3.277185319E0,-8.632452493E-1,-3.759647619E1
1.993196746E1,9.461644873E-1,-3.011356410E-2,2.187430755E-3,-3.222750026E-1,3.777199690E1,-3.348063843E0,-8.749611462E-1,-3.759334949E1
1.994193046E1,9.461515472E-1,-3.075043399E-2,2.361586729E-3,-3.222515509E-1,3.777657768E1,-3.423639373E0,-8.795197267E-1,-3.759056727E1
1.995189246E1,9.461262417E-1,-3.140984124E-2,2.582659189E-3,-3.222607548E-1,3.778553429E1,-3.503363601E0,-8.799416348E-1,-3.759188065E1
1.996185446E1,9.460987638E-1,-3.177418293E-2,2.963784644E-3,-3.223022986E-1,3.779525748E1,-3.556935200E0,-8.522327156E-1,-3.759785078E1
1.997181646E1,9.460833243E-1,-3.189479425E-2,3.304090387E-3,-3.223326001E-1,3.780071973E1,-3.582557934E0,-8.199061959E-1,-3.760253497E1
1.998177846E1,9.460690614E-1,-3.192796491E-2,3.614188182E-3,-3.223676355E-1,3.780576510E1,-3.597572956E0,-7.876436398E-1,-3.760776544E1
1.999174046E1,9.460544404E-1,-3.189125447E-2,4.012087514E-3,-3.224095257E-1,3.781093642E1,-3.608242408E0,-7.433065093E-1,-3.761417666E1
2.000170346E1,9.460414120E-1,-3.184693825E-2,4.428978416E-3,-3.224469101E-1,3.781554389E1,-3.618796563E0,-6.966135020E-1,-3.762012741E1
2.001166546E1,9.460405049E-1,-3.177162678E-2,4.862365644E-3,-3.224503494E-1,3.781586466E1,-3.626623631E0,-6.468575734E-1,-3.762205263E1
2.002162746E1,9.460441858E-1,-3.164772877E-2,5.383758261E-3,-3.224436388E-1,3.781456300E1,-3.632437146E0,-5.857261200E-1,-3.762309816E1
2.003158946E1,9.460424353E-1,-3.150984817E-2,6.002682265E-3,-3.224513829E-1,3.781518202E1,-3.640329867E0,-5.135606331E-1,-3.762625702E1
2.004155146E1,9.460248547E-1,-3.143111395E-2,6.743329921E-3,-3.224959968E-1,3.782139857E1,-3.659127870E0,-4.305303501E-1,-3.763431656E1
2.005151346E1,9.459884556E-1,-3.134625674E-2,7.825277833E-3,-3.225862913E-1,3.783426627E1,-3.689876866E0,-3.104587254E-1,-3.764920739E1
2.006147546E1,9.458723080E-1,-3.152979380E-2,1.000849654E-2,-3.228489004E-1,3.787529828E1,-3.790522466E0,-8.165791999E-2,-3.768930987E1
2.007143846E1,9.455773158E-1,-3.231503378E-2,1.479348372E-2,-3.234508895E-1,3.797931953E1,-4.053299226E0,4.052055719E-1,-3.778260012E1
2.008140046E1,9.451510629E-1,-3.291042109E-2,2.004818077E-2,-3.243521852E-1,3.812914362E1,-4.314224037E0,9.481729617E-1,-3.791758635E1
2.009136246E1,9.447685956E-1,-3.380269393E-2,2.368513028E-2,-3.251285559E-1,3.826309663E1,-4.547953610E0,1.304937814E0,-3.803214945E1
2.010132446E1,9.446470812E-1,-3.443476349E-2,2.534845463E-2,-3.252900708E-1,3.830556067E1,-4.679108310E0,1.460519529E0,-3.806206033E1
2.011128646E1,9.446501268E-1,-3.447740399E-2,2.583469004E-2,-3.252384695E-1,3.830449691E1,-4.701900742E0,1.511794509E0,-3.805874735E1
2.012124846E1,9.446732916E-1,-3.410299453E-2,2.572661347E-2,-3.252192217E-1,3.829640509E1,-4.657217826E0,1.514193767E0,-3.805530196E1
2.013121146E1,9.447313725E-1,-3.354918496E-2,2.528073843E-2,-3.251430023E-1,3.827610930E1,-4.580319629E0,1.487018077E0,-3.804276155E1
2.014117346E1,9.448209718E-1,-3.285100081E-2,2.455073759E-2,-3.250096695E-1,3.824477939E1,-4.477037609E0,1.434739866E0,-3.802156762E1
2.015113546E1,9.448880445E-1,-3.217697874E-2,2.349660812E-2,-3.249603275E-1,3.822131012E1,-4.364383220E0,1.346050097E0,-3.800892891E1
2.016109746E1,9.448804425E-1,-3.172012023E-2,2.202826714E-2,-3.251300671E-1,3.822397079E1,-4.260079783E0,1.203404581E0,-3.802108436E1
2.017105946E1,9.448250261E-1,-3.154751228E-2,2.014593556E-2,-3.254299235E-1,3.824336116E1,-4.171213793E0,1.004776491E0,-3.804749915E1
2.018102146E1,9.447655963E-1,-3.130996862E-2,1.809578929E-2,-3.257457420E-1,3.826414529E1,-4.068965525E0,7.903848459E-1,-3.807544481E1
2.019098446E1,9.446946044E-1,-3.074520491E-2,1.605265752E-2,-3.261122205E-1,3.828895874E1,-3.931467195E0,5.888358717E-1,-3.810995421E1
2.020094646E1,9.445483449E-1,-3.001888842E-2,1.395278382E-2,-3.266995364E-1,3.834003144E1,-3.774327871E0,3.863967203E-1,-3.817159801E1
2.021090846E1,9.442699611E-1,-2.938348633E-2,1.175274544E-2,-3.276473293E-1,3.843706040E1,-3.623144874E0,1.684892151E-1,-3.827732513E1
2.022087046E1,9.439116831E-1,-2.909421500E-2,9.768561381E-3,-3.287685067E-1,3.856159027E1,-3.517186836E0,-3.948853009E-2,-3.840567850E1
2.023083246E1,9.438079971E-1,-2.977620225E-2,9.198952751E-3,-3.290216406E-1,3.859755721E1,-3.569515144E0,-1.277662272E-1,-3.843423042E1
2.024079446E1,9.439171788E-1,-3.092003302E-2,1.117296579E-2,-3.285414784E-1,3.855968299E1,-3.767820460E0,4.444330818E-2,-3.838356899E1
2.025075746E1,9.440833919E-1,-3.212848256E-2,1.491566938E-2,-3.277985618E-1,3.850195625E1,-4.039511271E0,4.067994833E-1,-3.830973833E1
2.026071946E1,9.442753161E-1,-3.346893340E-2,1.929630855E-2,-3.268816192E-1,3.843519619E1,-4.348972929E0,8.343303719E-1,-3.822051528E1
2.027068146E1,9.444488275E-1,-3.503613757E-2,2.350239895E-2,-3.259394715E-1,3.837474473E1,-4.675902546E0,1.235066406E0,-3.813064001E1
2.028064346E1,9.445360541E-1,-3.659499424E-2,2.726436132E-2,-3.252216925E-1,3.834432029E1,-4.985167789E0,1.587374797E0,-3.806822219E1
2.029060546E1,9.445092782E-1,-3.791457024E-2,3.041169673E-2,-3.248688272E-1,3.835366214E1,-5.245890089E0,1.880426114E0,-3.804798718E1
2.030056746E1,9.444220564E-1,-3.889728253E-2,3.266690980E-2,-3.247872206E-1,3.838407776E1,-5.437127240E0,2.088092344E0,-3.805539567E1
2.031053046E1,9.443630237E-1,-3.938736940E-2,3.382549330E-2,-3.247812597E-1,3.840465024E1,-5.533889035E0,2.195110350E0,-3.806389424E1
2.032049246E1,9.443631344E-1,-3.929968103E-2,3.376872899E-2,-3.247975791E-1,3.840461168E1,-5.522277416E0,2.192155827E0,-3.806529793E1
2.033045446E1,9.444183097E-1,-3.869892792E-2,3.253422254E-2,-3.248352375E-1,3.838538378E1,-5.410724412E0,2.080883221E0,-3.805992492E1
2.034041646E1,9.445143062E-1,-3.722618232E-2,3.055550128E-2,-3.249205132E-1,3.835190810E1,-5.176739628E0,1.921436946E0,-3.805412843E1
2.035037846E1,9.446448752E-1,-3.508998064E-2,2.757301516E-2,-3.250454631E-1,3.830633114E1,-4.833256959E0,1.677959787E0,-3.804676144E1
2.036034046E1,9.447956481E-1,-3.368771433E-2,2.347908037E-2,-3.250770903E-1,3.825363676E1,-4.527694343E0,1.287181043E0,-3.802463166E1
2.037030346E1,9.449084147E-1,-3.330213877E-2,2.001532224E-2,-3.250206713E-1,3.821417967E1,-4.356134755E0,9.269443878E-1,-3.799867175E1
2.038026546E1,9.449420841E-1,-3.334440592E-2,1.884180821E-2,-3.249885407E-1,3.820239111E1,-4.316800239E0,7.984846688E-1,-3.798876988E1
2.039022746E1,9.449236401E-1,-3.374783462E-2,1.962794385E-2,-3.249539426E-1,3.820884927E1,-4.389907932E0,8.686849953E-1,-3.798890554E1
2.040018946E1,9.448919993E-1,-3.457717750E-2,2.094438936E-2,-3.248768234E-1,3.821992586E1,-4.528999052E0,9.805920665E-1,-3.798720930E1
2.041015146E1,9.448872703E-1,-3.558005236E-2,2.170516711E-2,-3.247322015E-1,3.822158108E1,-4.666056371E0,1.026216247E0,-3.797473096E1
2.042011346E1,9.449720690E-1,-3.647899629E-2,2.158358750E-2,-3.243937441E-1,3.819188965E1,-4.758646120E0,9.812186077E-1,-3.793382141E1
2.043007646E1,9.451543585E-1,-3.740803572E-2,2.089929090E-2,-3.238010548E-1,3.812798745E1,-4.833300738E0,8.755473285E-1,-3.785891470E1
2.044003846E1,9.453739827E-1,-3.863431247E-2,2.030163342E-2,-3.230530312E-1,3.805086017E1,-4.943452736E0,7.691277575E-1,-3.776583057E1
2.045000046E1,9.454935351E-1,-4.033534055E-2,2.059414510E-2,-3.224764382E-1,3.800881261E1,-5.138487231E0,7.407902205E-1,-3.769885384E1
2.045996246E1,9.454720716E-1,-4.251192371E-2,2.223894286E-2,-3.221502930E-1,3.801636480E1,-5.435573803E0,8.401089227E-1,-3.767087295E1
2.046992446E1,9.454001282E-1,-4.501482505E-2,2.471417911E-2,-3.218410357E-1,3.804166841E1,-5.798948694E0,1.017302221E0,-3.765159553E1
2.047988646E1,9.453806744E-1,-4.790635671E-2,2.639457100E-2,-3.213469526E-1,3.804850782E1,-6.174839115E0,1.095373593E0,-3.760619498E1
2.048984946E1,9.454431289E-1,-5.105565299E-2,2.630019263E-2,-3.206852443E-1,3.802654637E1,-6.512787615E0,9.732204105E-1,-3.752826489E1
2.049981146E1,9.455210122E-1,-5.348471175E-2,2.605444246E-2,-3.200792191E-1,3.799914237E1,-6.767119989E0,8.612656980E-1,-3.745505979E1
2.050977346E1,9.455587709E-1,-5.584715293E-2,2.616951719E-2,-3.195540826E-1,3.798584977E1,-7.027766223E0,7.905499408E-1,-3.739417918E1
2.051973546E1,9.455477604E-1,-5.851867804E-2,2.602471786E-2,-3.191204115E-1,3.798972637E1,-7.312638942E0,6.799001746E-1,-3.734231608E1
2.052969746E1,9.454908363E-1,-6.152308171E-2,2.580110315E-2,-3.187419406E-1,3.800976229E1,-7.631012569E0,5.482969091E-1,-3.729634274E1
2.053965946E1,9.453901818E-1,-6.507076722E-2,2.535603278E-2,-3.183712791E-1,3.804516544E1,-8.000557868E0,3.729616094E-1,-3.724919897E1
2.054962246E1,9.452632267E-1,-6.896003337E-2,2.520144274E-2,-3.179415680E-1,3.808977407E1,-8.418184340E0,2.173504494E-1,-3.719697633E1
2.055958446E1,9.450163649E-1,-7.314516085E-2,2.553324781E-2,-3.177137022E-1,3.817637104E1,-8.886147328E0,1.019999693E-1,-3.717313070E1
2.056954646E1,9.446922985E-1,-7.751671164E-2,2.645334949E-2,-3.175655298E-1,3.828976446E1,-9.396184927E0,4.281598656E-2,-3.716444709E1
2.057950846E1,9.442836099E-1,-8.218640153E-2,2.750162009E-2,-3.175178879E-1,3.843230868E1,-9.943622050E0,-1.447561058E-2,-3.716945582E1
2.058947046E1,9.437711383E-1,-8.735956215E-2,2.858471651E-2,-3.175646485E-1,3.861033513E1,-1.054746852E1,-8.764862088E-2,-3.718651997E1
2.059943346E1,9.431053951E-1,-9.310922583E-2,2.980577627E-2,-3.177965618E-1,3.884043399E1,-1.121953662E1,-1.695732294E-1,-3.722771357E1
2.060939546E1,9.423141214E-1,-9.929126312E-2,3.103153069E-2,-3.181548779E-1,3.911222661E1,-1.193928569E1,-2.691250090E-1,-3.728446194E1
2.061935746E1,9.414155256E-1,-1.057906909E-1,3.250652804E-2,-3.185726715E-1,3.941869888E1,-1.270325393E1,-3.552215366E-1,-3.735184463E1
2.062931946E1,9.404327320E-1,-1.124937268E-1,3.422234938E-2,-3.189988477E-1,3.975128894E1,-1.349884382E1,-4.241704529E-1,-3.742411678E1
2.063928146E1,9.393931850E-1,-1.192305664E-1,3.618318206E-2,-3.193983719E-1,4.010020360E1,-1.430778872E1,-4.688925984E-1,-3.749772816E1
2.064924346E1,9.383096845E-1,-1.259057941E-1,3.825583805E-2,-3.197799850E-1,4.046079927E1,-1.511481226E1,-5.003508793E-1,-3.757228280E1
2.065920646E1,9.372144344E-1,-1.324467323E-1,4.030857487E-2,-3.200973159E-1,4.082220266E1,-1.590713618E1,-5.291988262E-1,-3.764036363E1
2.066916846E1,9.361264895E-1,-1.389547681E-1,4.225824199E-2,-3.202703617E-1,4.117818826E1,-1.669282936E1,-5.665538080E-1,-3.769087241E1
2.067913046E1,9.350458851E-1,-1.454519598E-1,4.424184161E-2,-3.202744380E-1,4.152888146E1,-1.747946228E1,-5.977654180E-1,-3.772310058E1
2.068909246E1,9.339516756E-1,-1.519495587E-1,4.622463721E-2,-3.201702447E-1,4.188112893E1,-1.826699003E1,-6.277623127E-1,-3.774377913E1
2.069905446E1,9.328528349E-1,-1.583492790E-1,4.817746752E-2,-3.199845020E-1,4.223204246E1,-1.904354364E1,-6.562605028E-1,-3.775561687E1
2.070901646E1,9.317303939E-1,-1.646099430E-1,5.017629590E-2,-3.197882862E-1,4.258764285E1,-1.980738943E1,-6.749085078E-1,-3.776863661E1
2.071897946E1,9.306022579E-1,-1.706832291E-1,5.216979066E-2,-3.195698734E-1,4.294221723E1,-2.055127143E1,-6.870951868E-1,-3.778049075E1
2.072894146E1,9.294912967E-1,-1.766004066E-1,5.406994286E-2,-3.192720280E-1,4.328868836E1,-2.127534984E1,-7.020087360E-1,-3.778242719E1
2.073890346E1,9.283915158E-1,-1.823546499E-1,5.596874451E-2,-3.189096799E-1,4.362909197E1,-2.198227189E1,-7.097702493E-1,-3.777813112E1
2.074886546E1,9.273170912E-1,-1.878249838E-1,5.784453935E-2,-3.185262057E-1,4.395922516E1,-2.265777922E1,-7.089902767E-1,-3.777235709E1
2.075882746E1,9.263218151E-1,-1.928441738E-1,5.959484015E-2,-3.180999373E-1,4.426295002E1,-2.327941830E1,-7.035776653E-1,-3.776012628E1
2.076878946E1,9.254230600E-1,-1.973968068E-1,6.114245158E-2,-3.176293083E-1,4.453552897E1,-2.384242195E1,-7.009026089E-1,-3.773914033E1
2.077875246E1,9.246296066E-1,-2.015754949E-1,6.235221312E-2,-3.170800905E-1,4.477486209E1,-2.435185040E1,-7.176912491E-1,-3.770156048E1
2.078871446E1,9.239356865E-1,-2.054194945E-1,6.321245858E-2,-3.164644823E-1,4.498318214E1,-2.481150807E1,-7.567534490E-1,-3.764802832E1
2.079867646E1,9.232912764E-1,-2.090067110E-1,6.386790136E-2,-3.158643006E-1,4.517582310E1,-2.523536482E1,-8.077921072E-1,-3.759151165E1
2.080863846E1,9.226608649E-1,-2.124535491E-1,6.448509307E-2,-3.152810213E-1,4.536352899E1,-2.564255803E1,-8.577155018E-1,-3.753625785E1
2.081860046E1,9.220180830E-1,-2.158919347E-1,6.513779700E-2,-3.146910079E-1,4.555416369E1,-2.605053081E1,-9.031362037E-1,-3.748131257E1
2.082856346E1,9.213515352E-1,-2.194003269E-1,6.584132914E-2,-3.140696987E-1,4.575105239E1,-2.646863097E1,-9.447338898E-1,-3.742417854E1
2.083852546E1,9.206469600E-1,-2.229117929E-1,6.678711513E-2,-3.134629480E-1,4.595830586E1,-2.689650760E1,-9.611512088E-1,-3.737564496E1
2.084848746E1,9.199105606E-1,-2.264452850E-1,6.784045172E-2,-3.128655538E-1,4.617397999E1,-2.733124715E1,-9.671736575E-1,-3.733162239E1
2.085844946E1,9.191499915E-1,-2.299213587E-1,6.897960750E-2,-3.123159983E-1,4.639573771E1,-2.776311789E1,-9.632462162E-1,-3.729621805E1
2.086841146E1,9.183763847E-1,-2.332691123E-1,7.027240357E-2,-3.118205214E-1,4.662027423E1,-2.818668841E1,-9.398740242E-1,-3.727227878E1
2.087837346E1,9.175937620E-1,-2.365134119E-1,7.165897192E-2,-3.113650853E-1,4.684639330E1,-2.860250474E1,-9.039578410E-1,-3.725657019E1
2.088833646E1,9.168168601E-1,-2.396755458E-1,7.300697433E-2,-3.109221704E-1,4.706984539E1,-2.900801410E1,-8.693725879E-1,-3.724201135E1
2.089829846E1,9.160513518E-1,-2.427386810E-1,7.427143184E-2,-3.105023546E-1,4.728904621E1,-2.939961598E1,-8.405003852E-1,-3.722843774E1
2.090826046E1,9.152984941E-1,-2.456789767E-1,7.540099422E-2,-3.101375184E-1,4.750369442E1,-2.977265419E1,-8.227786796E-1,-3.721790764E1
2.091822246E1,9.145651468E-1,-2.484856285E-1,7.637577611E-2,-3.098264297E-1,4.771190516E1,-3.012513194E1,-8.178439201E-1,-3.720949135E1
2.092818446E1,9.138633743E-1,-2.511609814E-1,7.728169085E-2,-3.095146976E-1,4.791035330E1,-3.046052387E1,-8.151296825E-1,-3.719932826E1
2.093814617E1,9.131945650E-1,-2.537603459E-1,7.811157025E-2,-3.091599831E-1,4.809876283E1,-3.078480190E1,-8.160894144E-1,-3.718215342E1
2.094810917E1,9.125318416E-1,-2.563731742E-1,7.880411329E-2,-3.087853348E-1,4.828477566E1,-3.110572157E1,-8.311633099E-1,-3.715856836E1
2.095807117E1,9.118662911E-1,-2.589570768E-1,7.944301446E-2,-3.084314403E-1,4.847090648E1,-3.142160503E1,-8.513431593E-1,-3.713591091E1
2.096803317E1,9.111860239E-1,-2.614739250E-1,8.017651245E-2,-3.081284601E-1,4.866046153E1,-3.173366482E1,-8.608258723E-1,-3.712248490E1
2.097799517E1,9.104796042E-1,-2.639696227E-1,8.101560028E-2,-3.078691674E-1,4.885657275E1,-3.204749746E1,-8.600483975E-1,-3.711785380E1
2.098795717E1,9.097463048E-1,-2.664577062E-1,8.189885619E-2,-3.076596332E-1,4.905936752E1,-3.236232819E1,-8.561566702E-1,-3.712076282E1
2.099791917E1,9.089886079E-1,-2.689639373E-1,8.280620652E-2,-3.074757803E-1,4.926808662E1,-3.268035265E1,-8.514464068E-1,-3.712776096E1
2.100788217E1,9.081987663E-1,-2.715675905E-1,8.368074037E-2,-3.072843866E-1,4.948478156E1,-3.300845103E1,-8.537083706E-1,-3.713302066E1
2.101784417E1,9.073749773E-1,-2.742739597E-1,8.457103178E-2,-3.070705065E-1,4.970984678E1,-3.334909316E1,-8.576129843E-1,-3.713643562E1
2.102780617E1,9.065283073E-1,-2.769851176E-1,8.560049928E-2,-3.068521827E-1,4.994017315E1,-3.369582233E1,-8.473451930E-1,-3.714444745E1
2.103776817E1,9.056805457E-1,-2.796420220E-1,8.674529813E-2,-3.066242576E-1,5.016980470E1,-3.404105747E1,-8.229674000E-1,-3.715582437E1
2.104773017E1,9.048381670E-1,-2.822496963E-1,8.788830186E-2,-3.063962164E-1,5.039700862E1,-3.438094238E1,-7.970729220E-1,-3.716765350E1
2.105769317E1,9.040035327E-1,-2.847624995E-1,8.907321281E-2,-3.061926845E-1,5.062118344E1,-3.471190955E1,-7.643134290E-1,-3.718436434E1
2.106765517E1,9.031740079E-1,-2.871131285E-1,9.036382431E-2,-3.060673549E-1,5.084307082E1,-3.502865674E1,-7.175565440E-1,-3.721451317E1
2.107761717E1,9.023529214E-1,-2.892766218E-1,9.171964834E-2,-3.060484961E-1,5.106181440E1,-3.532678049E1,-6.611142767E-1,-3.725997213E1
2.108757917E1,9.015611066E-1,-2.912259813E-1,9.309820472E-2,-3.061171518E-1,5.127193493E1,-3.560159631E1,-5.976685531E-1,-3.731703288E1
2.109754117E1,9.008145067E-1,-2.930163310E-1,9.436217903E-2,-3.062195203E-1,5.146932419E1,-3.585415083E1,-5.413959395E-1,-3.737436855E1
2.110750417E1,9.001401935E-1,-2.947226887E-1,9.533538729E-2,-3.062632998E-1,5.164699767E1,-3.608623695E1,-5.096560264E-1,-3.741464447E1
2.111746617E1,8.995385301E-1,-2.963153598E-1,9.611009922E-2,-3.062524678E-1,5.180504955E1,-3.629791732E1,-4.918986534E-1,-3.744156472E1
2.112742817E1,8.989946734E-1,-2.977416982E-1,9.678896843E-2,-3.062523423E-1,5.194753084E1,-3.648702800E1,-4.780042253E-1,-3.746638165E1
2.113739017E1,8.985042046E-1,-2.989767855E-1,9.738923152E-2,-3.062978433E-1,5.207571422E1,-3.665132672E1,-4.665429836E-1,-3.749370228E1
2.114735217E1,8.980607536E-1,-3.000888787E-1,9.781498202E-2,-3.063752125E-1,5.219135747E1,-3.679490271E1,-4.693719935E-1,-3.751823715E1
2.115731417E1,8.976736586E-1,-3.011068450E-1,9.805189561E-2,-3.064352317E-1,5.229210972E1,-3.692049104E1,-4.871508512E-1,-3.753369448E1
2.116727717E1,8.973491683E-1,-3.020365509E-1,9.813343715E-2,-3.064446224E-1,5.237642855E1,-3.703004824E1,-5.153846166E-1,-3.753746496E1
2.117723917E1,8.970807357E-1,-3.029039216E-1,9.806114693E-2,-3.063973786E-1,5.244608555E1,-3.712659855E1,-5.546549249E-1,-3.752887187E1
2.118720117E1,8.968742673E-1,-3.037276983E-1,9.778990948E-2,-3.062732017E-1,5.249960470E1,-3.721057866E1,-6.094553775E-1,-3.750383603E1
2.119716317E1,8.967507285E-1,-3.042711408E-1,9.751432756E-2,-3.061831088E-1,5.253160324E1,-3.726229571E1,-6.550929088E-1,-3.748265456E1
2.120712517E1,8.967333817E-1,-3.043241897E-1,9.740259163E-2,-3.062170734E-1,5.253609489E1,-3.726406344E1,-6.698152177E-1,-3.748225115E1
2.121708817E1,8.968412371E-1,-3.038291135E-1,9.734883447E-2,-3.064097645E-1,5.250816183E1,-3.720515330E1,-6.634722230E-1,-3.750260162E1
2.122705017E1,8.970892640E-1,-3.029426394E-1,9.706856819E-2,-3.066501393E-1,5.244387381E1,-3.709268769E1,-6.667353425E-1,-3.752003052E1
2.123701217E1,8.974675338E-1,-3.018376720E-1,9.638759657E-2,-3.068476740E-1,5.234568591E1,-3.693987091E1,-7.005671088E-1,-3.751751958E1
2.124697417E1,8.979887456E-1,-3.003446236E-1,9.564712168E-2,-3.070193736E-1,5.221011324E1,-3.674045004E1,-7.244189390E-1,-3.751020735E1
2.125693617E1,8.986621469E-1,-2.982934590E-1,9.494855577E-2,-3.072658204E-1,5.203446827E1,-3.647889048E1,-7.252362747E-1,-3.751363080E1
2.126689817E1,8.995148991E-1,-2.957417068E-1,9.396439269E-2,-3.075395705E-1,5.181124806E1,-3.614937634E1,-7.368332939E-1,-3.751012152E1
2.127686117E1,9.005490225E-1,-2.928627070E-1,9.242527203E-2,-3.077344942E-1,5.153934421E1,-3.576166108E1,-7.896145385E-1,-3.747777192E1
2.128682317E1,9.017407235E-1,-2.896664600E-1,9.050950284E-2,-3.078395227E-1,5.122434126E1,-3.532396089E1,-8.657355245E-1,-3.742247088E1
2.129678517E1,9.030656145E-1,-2.861706833E-1,8.835598786E-2,-3.078508215E-1,5.087199791E1,-3.484383114E1,-9.519129538E-1,-3.734928905E1
2.130674717E1,9.044933969E-1,-2.823917613E-1,8.599156947E-2,-3.078181683E-1,5.048972333E1,-3.432433456E1,-1.048171069E0,-3.726533007E1
2.131670917E1,9.060096123E-1,-2.783175333E-1,8.344378851E-2,-3.077711245E-1,5.008078804E1,-3.376530683E1,-1.152550900E0,-3.717540834E1
2.132667217E1,9.075807270E-1,-2.739536829E-1,8.079454164E-2,-3.077642155E-1,4.965372397E1,-3.317058602E1,-1.258955065E0,-3.708902818E1
2.133663417E1,9.092296739E-1,-2.691353738E-1,7.820788283E-2,-3.078165348E-1,4.920177141E1,-3.252769577E1,-1.344900178E0,-3.701432794E1
2.134659617E1,9.109672389E-1,-2.638918520E-1,7.560504979E-2,-3.078694253E-1,4.872127829E1,-3.183724191E1,-1.417700612E0,-3.694191042E1
2.135655817E1,9.127981763E-1,-2.583628736E-1,7.271164968E-2,-3.078330612E-1,4.821010210E1,-3.110522599E1,-1.508379404E0,-3.685261866E1
2.136652017E1,9.147159180E-1,-2.524292189E-1,6.976946718E-2,-3.077442269E-1,4.766916838E1,-3.032727045E1,-1.588946026E0,-3.675903216E1
2.137648317E1,9.166334168E-1,-2.462251857E-1,6.700648607E-2,-3.076791283E-1,4.712246138E1,-2.952690013E1,-1.643235165E0,-3.667683575E1
2.138644517E1,9.185073952E-1,-2.400327698E-1,6.413663394E-2,-3.075953870E-1,4.658232081E1,-2.872551905E1,-1.710303833E0,-3.659198943E1
2.139640717E1,9.203082693E-1,-2.338309505E-1,6.139022975E-2,-3.075500124E-1,4.605761904E1,-2.792899198E1,-1.766912401E0,-3.651793964E1
2.140636917E1,9.219872286E-1,-2.277159790E-1,5.885450245E-2,-3.076056144E-1,4.556329541E1,-2.715104501E1,-1.808969460E0,-3.646397903E1
2.141633117E1,9.235199814E-1,-2.217342922E-1,5.654954222E-2,-3.078101261E-1,4.510754294E1,-2.639734072E1,-1.836922661E0,-3.643573214E1
2.142629417E1,9.248941493E-1,-2.159263364E-1,5.455259937E-2,-3.081732645E-1,4.469520195E1,-2.567498443E1,-1.843792041E0,-3.643578408E1
2.143625617E1,9.261291478E-1,-2.104797908E-1,5.267716680E-2,-3.085582115E-1,4.432151714E1,-2.499831708E1,-1.852054288E0,-3.644242930E1
2.144621817E1,9.272560063E-1,-2.053945599E-1,5.088529011E-2,-3.089012285E-1,4.397792363E1,-2.436587936E1,-1.863924511E0,-3.644696858E1
2.145618017E1,9.282865270E-1,-2.006736930E-1,4.918392206E-2,-3.091845220E-1,4.366145601E1,-2.377811772E1,-1.878311895E0,-3.644726762E1
2.146614217E1,9.292360636E-1,-1.962553298E-1,4.753861491E-2,-3.094260066E-1,4.336791454E1,-2.322672384E1,-1.897055487E0,-3.644455263E1
2.147610417E1,9.301186767E-1,-1.920545621E-1,4.593524052E-2,-3.096517457E-1,4.309335588E1,-2.270157542E1,-1.919172202E0,-3.644159727E1
2.148606717E1,9.309348752E-1,-1.880706707E-1,4.439378837E-2,-3.098689214E-1,4.283796604E1,-2.220321855E1,-1.942645259E0,-3.643961836E1
2.149602917E1,9.316910325E-1,-1.843393803E-1,4.288517506E-2,-3.100511948E-1,4.260006155E1,-2.173455406E1,-1.971239012E0,-3.643469272E1
2.150599117E1,9.324039250E-1,-1.808061573E-1,4.146919102E-2,-3.101812084E-1,4.237460314E1,-2.129162434E1,-1.996203282E0,-3.642602783E1
2.151595317E1,9.330539856E-1,-1.775014631E-1,4.009679819E-2,-3.103154247E-1,4.216801368E1,-2.087588491E1,-2.025135829E0,-3.641911500E1
2.152591617E1,9.336535679E-1,-1.743279303E-1,3.883259025E-2,-3.104717443E-1,4.197660611E1,-2.047875816E1,-2.047924794E0,-3.641748641E1
2.153587817E1,9.342296271E-1,-1.711197521E-1,3.770124708E-2,-3.106634035E-1,4.179191966E1,-2.008270151E1,-2.056101843E0,-3.642336177E1
2.154584017E1,9.347984650E-1,-1.678250761E-1,3.654370808E-2,-3.108877046E-1,4.160878011E1,-1.967630112E1,-2.064670565E0,-3.643326871E1
2.155580217E1,9.354070759E-1,-1.642559705E-1,3.533567854E-2,-3.111029343E-1,4.141197861E1,-1.923801549E1,-2.068514195E0,-3.644216247E1
2.156576417E1,9.360736548E-1,-1.603290595E-1,3.395811870E-2,-3.113001142E-1,4.119540131E1,-1.875446253E1,-2.077215509E0,-3.644700181E1
2.157572617E1,9.367951021E-1,-1.560320835E-1,3.234404896E-2,-3.114848481E-1,4.095976271E1,-1.822196620E1,-2.097709938E0,-3.644753804E1
2.158568917E1,9.375678392E-1,-1.513748016E-1,3.050091920E-2,-3.116438829E-1,4.070592429E1,-1.764199338E1,-2.129412273E0,-3.644272355E1
2.159565117E1,9.383801697E-1,-1.463338138E-1,2.849913277E-2,-3.117962762E-1,4.043743510E1,-1.701452333E1,-2.164383483E0,-3.643648949E1
2.160561317E1,9.392377372E-1,-1.409025218E-1,2.634575018E-2,-3.119054007E-1,4.015212830E1,-1.633925640E1,-2.201081417E0,-3.642493255E1
2.161557517E1,9.401152263E-1,-1.351900187E-1,2.398712051E-2,-3.119801753E-1,3.985816765E1,-1.562636442E1,-2.249545938E0,-3.640845648E1
2.162553717E1,9.409988630E-1,-1.292296981E-1,2.155883978E-2,-3.120192645E-1,3.956003062E1,-1.488441084E1,-2.296492438E0,-3.638926829E1
2.163550017E1,9.418626783E-1,-1.231082638E-1,1.917528062E-2,-3.120437236E-1,3.926648156E1,-1.412697119E1,-2.333119233E0,-3.637143623E1
2.164546217E1,9.426986733E-1,-1.168813197E-1,1.688645966E-2,-3.120463638E-1,3.898036533E1,-1.336194714E1,-2.355926897E0,-3.635452363E1
2.165542417E1,9.435060322E-1,-1.106177951E-1,1.463179271E-2,-3.120031723E-1,3.870212061E1,-1.259479225E1,-2.373631544E0,-3.633455962E1
2.166538617E1,9.442655224E-1,-1.043623903E-1,1.250646209E-2,-3.119530810E-1,3.843860558E1,-1.183366034E1,-2.378084953E0,-3.631709043E1
2.167534817E1,9.449675981E-1,-9.816198016E-2,1.071235046E-2,-3.119065193E-1,3.819345564E1,-1.109077380E1,-2.349159118E0,-3.630502039E1
2.168531117E1,9.455992302E-1,-9.223339322E-2,9.077714478E-3,-3.118534512E-1,3.797160144E1,-1.038375898E1,-2.313019659E0,-3.629434237E1
2.169527317E1,9.461387715E-1,-8.678122860E-2,7.410448505E-3,-3.118261824E-1,3.778109975E1,-9.728031884E0,-2.298102017E0,-3.628654074E1
2.170523517E1,9.465932134E-1,-8.178177227E-2,5.845385886E-3,-3.118314425E-1,3.761992407E1,-9.125657797E0,-2.288879042E0,-3.628365845E1
2.171519717E1,9.469776348E-1,-7.712597875E-2,4.561800867E-3,-3.118719275E-1,3.748306091E1,-8.570988192E0,-2.261880479E0,-3.628742378E1
2.172515917E1,9.473078790E-1,-7.293108492E-2,3.456954556E-3,-3.118925488E-1,3.736510025E1,-8.073268351E0,-2.231875378E0,-3.628980442E1
2.173512217E1,9.475569647E-1,-6.936174930E-2,2.785147803E-3,-3.119566222E-1,3.727589066E1,-7.659308808E0,-2.177622996E0,-3.629957781E1
2.174508417E1,9.477221655E-1,-6.654997589E-2,2.160555030E-3,-3.120723853E-1,3.721661056E1,-7.329756476E0,-2.145747641E0,-3.631460904E1
2.175504617E1,9.478411555E-1,-6.429956378E-2,1.430855715E-3,-3.121870168E-1,3.717385608E1,-7.057828587E0,-2.145341844E0,-3.632797678E1
2.176500817E1,9.479508767E-1,-6.242154426E-2,8.302126538E-4,-3.122372890E-1,3.713438993E1,-6.831323878E0,-2.143744221E0,-3.633387207E1
2.177497117E1,9.480487621E-1,-6.085423673E-2,2.746717220E-4,-3.122504544E-1,3.709914685E1,-6.640446156E0,-2.148104960E0,-3.633512213E1
2.178493317E1,9.481359689E-1,-5.948643497E-2,-2.362479078E-4,-3.122492934E-1,3.706772132E1,-6.472978971E0,-2.154667838E0,-3.633464301E1
2.179489517E1,9.482147575E-1,-5.825332329E-2,-6.940354534E-4,-3.122418209E-1,3.703930723E1,-6.322127445E0,-2.160243917E0,-3.633353641E1
2.180485717E1,9.483033275E-1,-5.691008664E-2,-1.044945991E-3,-3.122194616E-1,3.700734044E1,-6.163103411E0,-2.150169231E0,-3.633146654E1
2.181481917E1,9.484404152E-1,-5.517491706E-2,-1.437675640E-3,-3.121129496E-1,3.695781002E1,-5.960024580E0,-2.130100956E0,-3.631980258E1
2.182478217E1,9.486377697E-1,-5.277887540E-2,-1.820810523E-3,-3.119253870E-1,3.688639221E1,-5.685373983E0,-2.084921891E0,-3.629964002E1
2.183474417E1,9.488802992E-1,-4.945190591E-2,-1.940000453E-3,-3.117321776E-1,3.679844342E1,-5.318585862E0,-1.977851025E0,-3.628155568E1
2.184470617E1,9.491535462E-1,-4.519303387E-2,-1.627987376E-3,-3.115484479E-1,3.669911180E1,-4.865518291E0,-1.790788047E0,-3.626753332E1
2.185466817E1,9.494358365E-1,-4.037629445E-2,-1.262951398E-3,-3.113515416E-1,3.659621934E1,-4.353611232E0,-1.578161162E0,-3.625208087E1
2.186463017E1,9.497853625E-1,-3.525794669E-2,-8.069350176E-4,-3.109085974E-1,3.646843158E1,-3.812494660E0,-1.344100503E0,-3.620659010E1
2.187459317E1,9.502406927E-1,-2.981866332E-2,-1.259209123E-3,-3.100839144E-1,3.630130983E1,-3.204566859E0,-1.196748286E0,-3.611175763E1
2.188455517E1,9.507465563E-1,-2.373976425E-2,-3.019803471E-3,-3.090441493E-1,3.611476439E1,-2.480737681E0,-1.169797870E0,-3.598860998E1
2.189451717E1,9.512665763E-1,-1.688513235E-2,-5.263018970E-3,-3.078620447E-1,3.592202262E1,-1.655503938E0,-1.169468054E0,-3.584977188E1
2.190447917E1,9.518324351E-1,-9.473550892E-3,-7.617219805E-3,-3.063774461E-1,3.571114833E1,-7.660521488E-1,-1.163505054E0,-3.567705239E1
2.191444117E1,9.523479246E-1,-2.294974565E-3,-7.249184672E-3,-3.049188588E-1,3.551799074E1,2.842067873E-3,-8.713335988E-1,-3.550764539E1
2.192440417E1,9.527037118E-1,3.756398583E-3,-4.565711085E-3,-3.038433915E-1,3.538407965E1,5.690822982E-1,-3.676595723E-1,-3.537965272E1
2.193436608E1,9.529996481E-1,8.248123259E-3,-2.313941219E-3,-3.028502625E-1,3.527232036E1,9.810935228E-1,3.354795592E-2,-3.525880333E1
2.194432808E1,9.532517005E-1,1.025604818E-2,-1.767918376E-3,-3.019982751E-1,3.517686257E1,1.181585152E0,1.618078120E-1,-3.515562624E1
2.195429008E1,9.534726668E-1,1.019497677E-2,-2.338236691E-3,-3.012980204E-1,3.509297099E1,1.194721061E0,9.651840101E-2,-3.507213882E1
2.196425208E1,9.536798530E-1,9.196080459E-3,-2.700299177E-3,-3.006708313E-1,3.501413426E1,1.098085665E0,2.174629675E-2,-3.499725053E1
2.197421508E1,9.538591265E-1,7.961342433E-3,-2.897570785E-3,-3.001349260E-1,3.494577963E1,9.699107416E-1,-4.290278762E-2,-3.493307154E1
2.198417708E1,9.540103649E-1,7.012210820E-3,-3.181444952E-3,-2.996749643E-1,3.488801354E1,8.758728151E-1,-1.069996362E-1,-3.487805084E1
2.199413908E1,9.541980569E-1,6.911095438E-3,-3.262258313E-3,-2.990781294E-1,3.481619469E1,8.675188090E-1,-1.198494565E-1,-3.480644090E1
2.200410108E1,9.544115346E-1,7.701639275E-3,-2.946318965E-3,-2.983801358E-1,3.473433430E1,9.430922421E-1,-5.889831068E-2,-3.472237646E1
2.201406408E1,9.546096311E-1,8.879881789E-3,-2.483412088E-3,-2.977173660E-1,3.465820435E1,1.056155897E0,3.128417540E-2,-3.464234240E1
2.202402608E1,9.547734428E-1,9.998236575E-3,-2.221954591E-3,-2.971581368E-1,3.459512767E1,1.169641349E0,9.735636128E-2,-3.457486753E1
2.203398808E1,9.549116214E-1,1.092289952E-2,-2.100756356E-3,-2.966817501E-1,3.454183432E1,1.266763166E0,1.414735405E-1,-3.451745813E1
2.204395008E1,9.550417949E-1,1.163349182E-2,-1.941637591E-3,-2.962366141E-1,3.449155539E1,1.339206154E0,1.824210377E-1,-3.446375130E1
2.205391208E1,9.551723073E-1,1.206533892E-2,-1.791222880E-3,-2.957993274E-1,3.444107416E1,1.381466723E0,2.129107639E-1,-3.441102486E1
2.206387508E1,9.552860294E-1,1.222213457E-2,-1.723856483E-3,-2.954254085E-1,3.439702869E1,1.396436326E0,2.250530245E-1,-3.436605274E1
2.207383708E1,9.553741077E-1,1.220524996E-2,-1.809514065E-3,-2.951407784E-1,3.436287763E1,1.397551332E0,2.146882566E-1,-3.433203496E1
2.208379908E1,9.554564785E-1,1.226209114E-2,-1.853304950E-3,-2.948716442E-1,3.433090978E1,1.405315880E0,2.114208467E-1,-3.429981051E1
2.209376108E1,9.555456030E-1,1.248305267E-2,-1.810992396E-3,-2.945733302E-1,3.429628829E1,1.428152436E0,2.230746424E-1,-3.426393769E1
2.210372308E1,9.556475640E-1,1.288294007E-2,-1.819848126E-3,-2.942249152E-1,3.425663867E1,1.472331605E0,2.350678846E-1,-3.422209510E1
2.211368608E1,9.557738637E-1,1.351725978E-2,-1.836957604E-3,-2.937859564E-1,3.420746266E1,1.542502543E0,2.538744221E-1,-3.416936385E1
2.212364808E1,9.559105900E-1,1.435868889E-2,-1.819985227E-3,-2.933010141E-1,3.415414951E1,1.634251440E0,2.832342292E-1,-3.411101698E1
2.213361008E1,9.560412936E-1,1.532277419E-2,-1.874355485E-3,-2.928255977E-1,3.410310917E1,1.741863462E0,3.088187873E-1,-3.405388162E1
2.214357208E1,9.561780007E-1,1.643129147E-2,-1.940632262E-3,-2.923183065E-1,3.404964502E1,1.865743314E0,3.377694482E-1,-3.399289861E1
2.215353508E1,9.563294696E-1,1.764987915E-2,-1.977038386E-3,-2.917510208E-1,3.399031245E1,2.000748156E0,3.734187406E-1,-3.392462780E1
2.216349708E1,9.565118743E-1,1.894844840E-2,-2.094620068E-3,-2.910697629E-1,3.391872818E1,2.147324924E0,4.024249619E-1,-3.384281921E1
2.217345908E1,9.567088002E-1,2.031827625E-2,-2.116558608E-3,-2.903292876E-1,3.384128015E1,2.298609840E0,4.439390657E-1,-3.375369436E1
2.218342108E1,9.568979399E-1,2.180597717E-2,-1.992493030E-3,-2.895979109E-1,3.376673196E1,2.458049592E0,5.051665832E-1,-3.366524858E1
2.219338408E1,9.571122729E-1,2.335015121E-2,-2.071387310E-3,-2.887676503E-1,3.368206040E1,2.630560384E0,5.454890520E-1,-3.356536140E1
2.220334608E1,9.573459931E-1,2.503999855E-2,-2.204314087E-3,-2.878485475E-1,3.358949380E1,2.820977706E0,5.841332516E-1,-3.345489466E1
2.221330808E1,9.575811841E-1,2.691211358E-2,-2.358010519E-3,-2.868946751E-1,3.349609386E1,3.032202991E0,6.260210523E-1,-3.334023405E1
2.222327008E1,9.578127295E-1,2.891065773E-2,-2.691712886E-3,-2.859225155E-1,3.340389394E1,3.263321621E0,6.518167051E-1,-3.322385391E1
2.223323208E1,9.580309588E-1,3.106502189E-2,-3.374201450E-3,-2.849565168E-1,3.331676949E1,3.523010129E0,6.439712497E-1,-3.310933734E1
2.224319508E1,9.582236576E-1,3.347001657E-2,-4.332416399E-3,-2.840216605E-1,3.323965323E1,3.819204616E0,6.136249831E-1,-3.299964266E1
2.225315708E1,9.584279863E-1,3.626494619E-2,-5.372839943E-3,-2.829696212E-1,3.315769240E1,4.160990973E0,5.858478562E-1,-3.287650285E1
2.226311908E1,9.586615444E-1,3.946133216E-2,-6.499000136E-3,-2.817243555E-1,3.306376517E1,4.549811775E0,5.600037546E-1,-3.273098727E1
2.227308108E1,9.589134731E-1,4.281337707E-2,-7.769742529E-3,-2.803420707E-1,3.296215838E1,4.960480586E0,5.216142297E-1,-3.257037890E1
2.228304408E1,9.591809547E-1,4.612238991E-2,-8.989868842E-3,-2.788618756E-1,3.285394452E1,5.364799598E0,4.857439883E-1,-3.239862360E1
2.229300608E1,9.595308840E-1,4.913054821E-2,-1.038667870E-2,-2.770899953E-1,3.271184956E1,5.741664340E0,4.179471265E-1,-3.219399535E1
2.230296808E1,9.600424053E-1,5.162997184E-2,-1.192903261E-2,-2.747920799E-1,3.250305032E1,6.067009057E0,3.134243954E-1,-3.192871832E1
2.231293008E1,9.607770633E-1,5.361217358E-2,-1.350723985E-2,-2.717551071E-1,3.220086398E1,6.336101576E0,1.824227060E-1,-3.157694210E1
2.232289208E1,9.617205902E-1,5.527337989E-2,-1.492946800E-2,-2.679842731E-1,3.180866533E1,6.564224590E0,5.207267499E-2,-3.113809934E1
2.233285508E1,9.628064454E-1,5.664832688E-2,-1.618585486E-2,-2.636906969E-1,3.135139159E1,6.754706140E0,-7.405007059E-2,-3.063721828E1
2.234281708E1,9.639898743E-1,5.761377438E-2,-1.734908779E-2,-2.590429891E-1,3.084550501E1,6.895985931E0,-2.062538648E-1,-3.009478388E1
2.235277908E1,9.653102259E-1,5.809876764E-2,-1.828596423E-2,-2.539023062E-1,3.027135687E1,6.976048094E0,-3.323422699E-1,-2.949331763E1
2.236274108E1,9.667558982E-1,5.795768284E-2,-1.889465500E-2,-2.483284685E-1,2.963026072E1,6.975774551E0,-4.439294538E-1,-2.883904128E1
2.237270408E1,9.683677727E-1,5.705875936E-2,-1.905878235E-2,-2.421674487E-1,2.889908009E1,6.877311748E0,-5.314989075E-1,-2.811283726E1
2.238266608E1,9.701471599E-1,5.537914785E-2,-1.851784067E-2,-2.353820805E-1,2.807028524E1,6.671403531E0,-5.649193539E-1,-2.730865733E1
2.239262808E1,9.720044612E-1,5.264980494E-2,-1.773963516E-2,-2.282995647E-1,2.717881227E1,6.341695983E0,-5.985314185E-1,-2.646868906E1
2.240259008E1,9.738857746E-1,4.891430691E-2,-1.665521168E-2,-2.210802661E-1,2.624556117E1,5.891454175E0,-6.195267832E-1,-2.561160985E1
2.241255308E1,9.757698727E-1,4.430792471E-2,-1.542085503E-2,-2.137106669E-1,2.527704568E1,5.339997605E0,-6.392198287E-1,-2.473723691E1
2.242251508E1,9.776430762E-1,3.899878680E-2,-1.424484938E-2,-2.061316555E-1,2.427650206E1,4.711130088E0,-6.746726936E-1,-2.384009358E1
2.243247708E1,9.794915685E-1,3.351269267E-2,-1.296029622E-2,-1.982552265E-1,2.324764049E1,4.059643544E0,-6.933456322E-1,-2.290944621E1
2.244243908E1,9.813062785E-1,2.839475548E-2,-1.136248048E-2,-1.900069658E-1,2.219189498E1,3.442670229E0,-6.594743270E-1,-2.193657976E1
2.245240108E1,9.830338694E-1,2.359995349E-2,-9.378550879E-3,-1.816576362E-1,2.113853925E1,2.855021186E0,-5.652115654E-1,-2.095356913E1
2.246236408E1,9.846397005E-1,1.893400429E-2,-7.538665063E-3,-1.734053394E-1,2.011059626E1,2.286834872E0,-4.743699516E-1,-1.998540414E1
2.247232608E1,9.861790886E-1,1.457415557E-2,-6.336221360E-3,-1.649191914E-1,1.907380924E1,1.767069721E0,-4.406193215E-1,-1.899429634E1
2.248228808E1,9.876798451E-1,1.098111264E-2,-6.540197947E-3,-1.559656041E-1,1.800622210E1,1.359917457E0,-5.439680949E-1,-1.795353970E1
2.249225008E1,9.892112306E-1,8.783518502E-3,-8.090729284E-3,-1.460088280E-1,1.684786269E1,1.131202740E0,-7.701895142E-1,-1.680021491E1
2.250221308E1,9.907745476E-1,7.988698697E-3,-9.723994085E-3,-1.349354166E-1,1.557743363E1,1.057563884E0,-9.805307633E-1,-1.552005749E1
2.251217508E1,9.923252967E-1,8.332744807E-3,-9.971750674E-3,-1.229696234E-1,1.420615571E1,1.088285381E0,-1.016543021E0,-1.413789138E1
2.252213708E1,9.937952138E-1,9.394746131E-3,-8.885766240E-3,-1.104708731E-1,1.277191002E1,1.182591563E0,-8.930236709E-1,-1.269520147E1
2.253209908E1,9.951231209E-1,1.049891454E-2,-7.772666919E-3,-9.777244424E-2,1.132179479E1,1.284527041E0,-7.687325798E-1,-1.123140355E1
2.254206208E1,9.962511398E-1,1.125248441E-2,-7.582219330E-3,-8.543816992E-2,9.925514286E0,1.359085041E0,-7.554556236E-1,-9.812309363E0
2.255202408E1,9.971565364E-1,1.138726849E-2,-8.064231667E-3,-7.405577169E-2,8.643595257E0,1.369881321E0,-8.248594933E-1,-8.504632680E0
2.256198608E1,9.978496144E-1,1.071245482E-2,-8.807672748E-3,-6.406151363E-2,7.516292092E0,1.289851801E0,-9.285160880E-1,-7.357098897E0
2.257194808E1,9.983524143E-1,9.272086586E-3,-9.984607595E-3,-5.573905665E-2,6.578869675E0,1.124799436E0,-1.083108263E0,-6.401763637E0
2.258191108E1,9.987043524E-1,7.275570902E-3,-1.168451571E-2,-4.899253620E-2,5.833886462E0,8.985040411E-1,-1.296476693E0,-5.627078522E0
2.259187308E1,9.989505093E-1,5.128511554E-3,-1.346975765E-2,-4.347733308E-2,5.250430476E0,6.544189668E-1,-1.516526747E0,-4.992886015E0
2.260183508E1,9.991352349E-1,3.082072878E-3,-1.462879689E-2,-3.879796886E-2,4.765933808E0,4.180920459E-1,-1.661417176E0,-4.453595383E0
2.261179708E1,9.992875268E-1,1.525530786E-3,-1.469078008E-2,-3.473148898E-2,4.325911929E0,2.332572385E-1,-1.676407652E0,-3.984583125E0
2.262176008E1,9.994147161E-1,5.389450828E-4,-1.372232223E-2,-3.133096947E-2,3.920776516E0,1.110309195E-1,-1.569803397E0,-3.592712161E0
2.263172208E1,9.995025070E-1,-1.595858645E-4,-1.251272099E-2,-2.895222360E-2,3.614757117E0,2.324239235E-2,-1.433817977E0,-3.318694992E0
2.264168408E1,9.995459161E-1,-9.174120992E-4,-1.153670389E-2,-2.782416437E-2,3.453441421E0,-6.831442073E-2,-1.324451622E0,-3.188250189E0
2.265164608E1,9.995542231E-1,-2.004419997E-3,-1.077537206E-2,-2.777347310E-2,3.421704898E0,-1.953396370E-1,-1.240692490E0,-3.181091306E0
2.266160908E1,9.995374491E-1,-3.351063639E-3,-9.819779390E-3,-2.859018756E-2,3.485492309E0,-3.517257962E-1,-1.135796460E0,-3.273331049E0
2.267157108E1,9.994803177E-1,-4.774306650E-3,-8.592571568E-3,-3.070169255E-2,3.694497727E0,-5.166667746E-1,-1.000972141E0,-3.514364737E0
2.268153308E1,9.993559790E-1,-6.535372102E-3,-7.475003350E-3,-3.448183889E-2,4.112831820E0,-7.189840147E-1,-8.818788534E-1,-3.946772563E0
2.269149508E1,9.991332893E-1,-8.671676566E-3,-6.130595147E-3,-4.024615901E-2,4.771292973E0,-9.646926286E-1,-7.419189581E-1,-4.607129917E0
2.270145808E1,9.987650434E-1,-1.113072479E-2,-4.448109313E-3,-4.821542876E-2,5.695582898E0,-1.249496763E0,-5.705938933E-1,-5.521399578E0
2.271142008E1,9.981838666E-1,-1.393875597E-2,-2.687318123E-3,-5.854510778E-2,6.907283054E0,-1.576571851E0,-4.008999572E-1,-6.707774940E0
2.272138208E1,9.973152192E-1,-1.728962336E-2,-1.101979657E-3,-7.114911227E-2,8.398839020E0,-1.967349057E0,-2.669033202E-1,-8.156626313E0
2.273134408E1,9.960994314E-1,-2.124215762E-2,5.412177888E-4,-8.564107437E-2,1.012448302E1,-2.430725715E0,-1.466881811E-1,-9.824892729E0
2.274130708E1,9.945261409E-1,-2.519501356E-2,3.508440717E-3,-1.013440527E-1,1.199534488E1,-2.913336557E0,1.072430052E-1,-1.163965010E1
2.275126908E1,9.926272020E-1,-2.849785263E-2,7.448372111E-3,-1.175741680E-1,1.392358227E1,-3.343895836E0,4.632810120E-1,-1.352365557E1
2.276123108E1,9.904937689E-1,-3.106143600E-2,1.047118486E-2,-1.335951331E-1,1.581307949E1,-3.688677139E0,7.130055569E-1,-1.538604758E1
2.277119308E1,9.882775429E-1,-3.245177614E-2,1.217254666E-2,-1.486813904E-1,1.756313811E1,-3.885880168E0,8.256469273E-1,-1.713940491E1
2.278115608E1,9.860209269E-1,-3.264192032E-2,1.236138272E-2,-1.629246408E-1,1.918288993E1,-3.922417517E0,7.873156441E-1,-1.879188540E1
2.279111808E1,9.837011433E-1,-3.186426509E-2,1.124955196E-2,-1.766072270E-1,2.071752361E1,-3.822588748E0,6.232457149E-1,-2.037695176E1
2.280108008E1,9.812587770E-1,-3.046082576E-2,9.535656971E-3,-1.900330135E-1,2.222016093E1,-3.635317579E0,4.089102242E-1,-2.193370699E1
2.281104208E1,9.785974707E-1,-2.867039779E-2,8.071532603E-3,-2.036168873E-1,2.375077669E1,-3.405434878E0,2.361743572E-1,-2.351468876E1
2.282100508E1,9.756895942E-1,-2.654780461E-2,6.941646858E-3,-2.174320818E-1,2.531905548E1,-3.142737512E0,1.146544524E-1,-2.512926251E1
2.283096708E1,9.726517137E-1,-2.365453986E-2,5.868823495E-3,-2.309860597E-1,2.686132630E1,-2.792928518E0,2.801216830E-2,-2.671902911E1
2.284092908E1,9.695929856E-1,-1.978118272E-2,4.147847709E-3,-2.438872544E-1,2.833095206E1,-2.314385219E0,-9.197744705E-2,-2.823619750E1
2.285089108E1,9.665764452E-1,-1.493904112E-2,1.532036474E-3,-2.559385572E-1,2.971057556E1,-1.699870824E0,-2.684484696E-1,-2.965785270E1
2.286085408E1,9.636456120E-1,-9.071320921E-3,-1.316419144E-3,-2.670264625E-1,3.099349927E1,-9.614967775E-1,-4.229434398E-1,-3.097258615E1
2.287081608E1,9.608161635E-1,-2.453968665E-3,-3.796324474E-3,-2.771495159E-1,3.218470351E1,-1.496237642E-1,-4.959224943E-1,-3.217999466E1
2.288077808E1,9.580683136E-1,4.136056614E-3,-2.581866262E-3,-2.864982519E-1,3.330183401E1,5.388564810E-1,-1.476664293E-1,-3.329795476E1
2.289074008E1,9.551964693E-1,1.048076440E-2,1.496045839E-3,-2.957829437E-1,3.443172060E1,1.096602387E0,5.189978890E-1,-3.440600487E1
2.290070308E1,9.521511959E-1,1.594554057E-2,4.974031427E-3,-3.051707980E-1,3.559182607E1,1.566335906E0,1.100392217E0,-3.552696268E1
2.291066508E1,9.488886120E-1,2.016462803E-2,7.194660500E-3,-3.148843862E-1,3.679542537E1,1.934026483E0,1.510085678E0,-3.669089683E1
2.292062708E1,9.452812430E-1,2.269861301E-2,8.482974771E-3,-3.253555038E-1,3.808344669E1,2.143989235E0,1.765438049E0,-3.795277290E1
2.293058946E1,9.414405170E-1,2.313102244E-2,8.536803184E-3,-3.362766929E-1,3.941020633E1,2.168041711E0,1.812604069E0,-3.927852852E1
2.294055246E1,9.376929108E-1,2.167754451E-2,7.572334141E-3,-3.467056043E-1,4.066469658E1,2.029735293E0,1.675137535E0,-4.055338895E1
2.295051446E1,9.342388254E-1,1.951306244E-2,6.690452897E-3,-3.560510134E-1,4.178896435E1,1.816952226E0,1.512569578E0,-4.170105117E1
2.296047646E1,9.311441633E-1,1.769985827E-2,6.206366872E-3,-3.641684253E-1,4.277224541E1,1.630308894E0,1.400992972E0,-4.270077806E1
2.297043846E1,9.284857278E-1,1.671987188E-2,6.064314895E-3,-3.709418952E-1,4.360003057E1,1.521768347E0,1.356057667E0,-4.353666684E1
2.298040146E1,9.264446987E-1,1.674314216E-2,6.339939016E-3,-3.760047699E-1,4.422555730E1,1.504947892E0,1.394614329E0,-4.416198937E1
2.299036346E1,9.251712861E-1,1.763812791E-2,6.863001591E-3,-3.790776217E-1,4.461160470E1,1.572547539E0,1.493947206E0,-4.454102544E1
2.300032546E1,9.247209788E-1,1.914963748E-2,7.443792402E-3,-3.800907128E-1,4.474736295E1,1.705916107E0,1.623066205E0,-4.466437883E1
2.301028846E1,9.248572169E-1,2.099406996E-2,8.240205370E-3,-3.796451601E-1,4.470633127E1,1.867724866E0,1.786922239E0,-4.460624360E1
2.302025046E1,9.254199986E-1,2.235974179E-2,9.084074362E-3,-3.781738243E-1,4.453645474E1,1.979001820E0,1.932661271E0,-4.442147957E1
2.303021246E1,9.268300916E-1,2.297922504E-2,9.794148890E-3,-3.746491164E-1,4.410808938E1,2.021758182E0,2.027164651E0,-4.398393494E1
2.304017446E1,9.292365312E-1,2.273780090E-2,9.823501704E-3,-3.686542767E-1,4.336776952E1,2.007833372E0,2.006993884E0,-4.324406851E1
2.305013746E1,9.325267189E-1,2.184012520E-2,9.584349083E-3,-3.603123320E-1,4.233565289E1,1.939569482E0,1.926294954E0,-4.221874004E1
2.306009946E1,9.365410838E-1,2.052547755E-2,9.398672069E-3,-3.498300400E-1,4.104287762E1,1.827261574E0,1.831791245E0,-4.093553191E1
2.307006146E1,9.411361198E-1,1.894836153E-2,9.144544582E-3,-3.373724737E-1,3.951352680E1,1.690987765E0,1.719007140E0,-3.941746610E1
2.308002346E1,9.460848181E-1,1.726375712E-2,8.912380388E-3,-3.233359283E-1,3.780019130E1,1.542195798E0,1.606080471E0,-3.771535179E1
2.308998646E1,9.511290859E-1,1.560566079E-2,9.059846856E-3,-3.082658944E-1,3.597307955E1,1.381478241E0,1.538894901E0,-3.589700549E1
2.309994846E1,9.560753908E-1,1.390703706E-2,9.231436504E-3,-2.926449870E-1,3.408978188E1,1.214551533E0,1.477910724E0,-3.402196717E1
2.310991046E1,9.606838255E-1,1.220770148E-2,9.181651815E-3,-2.772242449E-1,3.223936814E1,1.052594333E0,1.398721480E0,-3.218022647E1
2.311987346E1,9.647737691E-1,1.068631207E-2,9.253549926E-3,-2.627009404E-1,3.050590468E1,9.031481657E-1,1.344842418E0,-3.045329201E1
2.312983546E1,9.683487481E-1,9.505165445E-3,9.650091334E-3,-2.492333211E-1,2.890781551E1,7.793677984E-1,1.342409124E0,-2.885787280E1
2.313979746E1,9.715148680E-1,8.657791504E-3,1.046719593E-2,-2.365893212E-1,2.741656752E1,6.802909372E-1,1.400147685E0,-2.736491676E1
2.314975946E1,9.743346883E-1,8.001087948E-3,1.156639786E-2,-2.246644224E-1,2.601801486E1,5.957671146E-1,1.497550145E0,-2.596111838E1
2.315972246E1,9.768537309E-1,7.424780236E-3,1.278782626E-2,-2.133965177E-1,2.470298268E1,5.186302067E-1,1.613233500E0,-2.463837741E1
2.316968446E1,9.791127285E-1,6.756291826E-3,1.412258747E-2,-2.027145965E-1,2.346212416E1,4.301866144E-1,1.741739559E0,-2.338786147E1
2.317964646E1,9.811103793E-1,5.801898709E-3,1.531018974E-2,-1.927548703E-1,2.230823765E1,3.142825127E-1,1.849752329E0,-2.222514313E1
2.318960846E1,9.828483091E-1,4.377831677E-3,1.603274884E-2,-1.836656218E-1,2.125415280E1,1.557101031E-1,1.898191676E0,-2.116706915E1
2.319957146E1,9.843159960E-1,2.490253475E-3,1.603852027E-2,-1.756662770E-1,2.032194916E1,-4.198907528E-2,1.859508643E0,-2.023824312E1
2.320953346E1,9.855222703E-1,4.261091033E-4,1.522432641E-2,-1.688605967E-1,1.952285017E1,-2.465819942E-1,1.727828831E0,-1.944915240E1
2.321949546E1,9.864956514E-1,-1.569095309E-3,1.353817217E-2,-1.632191023E-1,1.885360482E1,-4.307404584E-1,1.501234287E0,-1.879499147E1
2.322945846E1,9.873158979E-1,-3.887774096E-3,1.074111271E-2,-1.583571544E-1,1.827080214E1,-6.349074162E-1,1.144755824E0,-1.823064835E1
2.323942046E1,9.879876550E-1,-6.466851719E-3,6.598812174E-3,-1.542568304E-1,1.777940514E1,-8.488718411E-1,6.327861828E-1,-1.775284737E1
2.324938246E1,9.884169311E-1,-8.680923337E-3,2.192943383E-3,-1.514989611E-1,1.745820320E1,-1.021364334E0,9.767691833E-2,-1.742918286E1
2.325934446E1,9.885286006E-1,-9.955713464E-3,6.721552434E-4,-1.507044832E-1,1.737368191E1,-1.139438144E0,-9.579010474E-2,-1.733542809E1
2.326930746E1,9.884518080E-1,-1.100004599E-2,1.811980794E-3,-1.511251433E-1,1.743184897E1,-1.277440932E0,1.474474412E-2,-1.738552548E1
2.327926946E1,9.883687595E-1,-1.220156080E-2,2.705747133E-3,-1.515619109E-1,1.749453858E1,-1.429075883E0,9.453625329E-2,-1.743745646E1
2.328923146E1,9.883469312E-1,-1.314808780E-2,1.996444262E-3,-1.516357013E-1,1.751097886E1,-1.523972915E0,-2.353705377E-3,-1.744498211E1
2.329919446E1,9.883701147E-1,-1.305100801E-2,6.602316901E-4,-1.515048120E-1,1.749351740E1,-1.489777938E0,-1.518038838E-1,-1.742781118E1
2.330915646E1,9.883919803E-1,-1.144343773E-2,-2.937372998E-4,-1.514930484E-1,1.747703274E1,-1.291120143E0,-2.319257965E-1,-1.742545824E1
2.331911846E1,9.884287872E-1,-8.304732906E-3,-5.960732337E-4,-1.514571777E-1,1.744924876E1,-9.303424718E-1,-2.116496414E-1,-1.742165399E1
2.332908046E1,9.884644846E-1,-3.965364618E-3,-1.026072082E-3,-1.513973974E-1,1.742226029E1,-4.313607456E-1,-1.850177551E-1,-1.741528357E1
2.333904346E1,9.884807747E-1,5.721115549E-4,-1.102519728E-3,-1.513413188E-1,1.740993057E1,8.392454294E-2,-1.149623900E-1,-1.740942945E1
2.334900546E1,9.884876723E-1,3.251332745E-3,3.236049033E-4,-1.512661453E-1,1.740470733E1,3.626796690E-1,9.301355427E-2,-1.740041653E1
2.335896746E1,9.884838083E-1,3.531057393E-3,1.666711707E-3,-1.512765910E-1,1.740763357E1,3.710832276E-1,2.500033481E-1,-1.740115310E1
2.336893046E1,9.884875633E-1,1.964413171E-3,1.129449246E-3,-1.512854812E-1,1.740478987E1,2.029347179E-1,1.619907082E-1,-1.740261778E1
2.337889246E1,9.884899345E-1,-5.527465169E-4,-8.799240376E-4,-1.512834429E-1,1.740299389E1,-4.735693604E-2,-1.092536583E-1,-1.740258778E1
2.338885446E1,9.884820423E-1,-2.869073444E-3,-2.048761213E-3,-1.512975434E-1,1.740897079E1,-2.894693179E-1,-2.818101335E-1,-1.740365531E1
2.339881646E1,9.884800251E-1,-4.109777999E-3,-1.693599880E-3,-1.512860312E-1,1.741049816E1,-4.361689737E-1,-2.630849990E-1,-1.740209432E1
2.340877946E1,9.884801199E-1,-4.129808270E-3,-1.178065884E-3,-1.512901625E-1,1.741042637E1,-4.473732688E-1,-2.050384347E-1,-1.740276363E1
2.341874146E1,9.884861947E-1,-3.175308826E-3,-1.335001761E-3,-1.512721687E-1,1.740582639E1,-3.365366437E-1,-2.062614316E-1,-1.740081462E1
2.342870346E1,9.884932750E-1,-1.809353476E-3,-1.391832976E-3,-1.512480513E-1,1.740046351E1,-1.808292530E-1,-1.890166814E-1,-1.739826833E1
2.343866646E1,9.884964249E-1,-7.579405659E-4,-8.825653734E-4,-1.512399996E-1,1.739807712E1,-7.055903150E-2,-1.131069438E-1,-1.739752919E1
2.344862846E1,9.884970048E-1,-4.466649148E-4,-5.023838204E-4,-1.512392844E-1,1.739763775E1,-4.188860363E-2,-6.464777953E-2,-1.739748463E1
2.345859046E1,9.884969755E-1,-8.306630763E-4,-7.267478746E-4,-1.512372398E-1,1.739765990E1,-8.149727030E-2,-9.671707120E-2,-1.739720992E1
2.346855246E1,9.884951447E-1,-1.562088542E-3,-1.144755870E-3,-1.512399019E-1,1.739904706E1,-1.571039986E-1,-1.567426252E-1,-1.739739227E1
2.347851546E1,9.884922309E-1,-2.183230320E-3,-1.331814516E-3,-1.512499566E-1,1.740125444E1,-2.242195764E-1,-1.886984669E-1,-1.739842858E1
2.348847746E1,9.884903020E-1,-2.399257664E-3,-1.329986679E-3,-1.512594233E-1,1.740271555E1,-2.487197124E-1,-1.922379300E-1,-1.739948692E1
2.349843946E1,9.884915887E-1,-2.185032192E-3,-1.291241093E-3,-1.512542348E-1,1.740174089E1,-2.251260566E-1,-1.841347809E-1,-1.739893052E1
2.350840246E1,9.884936427E-1,-1.783318022E-3,-1.194845803E-3,-1.512474181E-1,1.740018495E1,-1.812942152E-1,-1.662519276E-1,-1.739822431E1
2.351836446E1,9.884937616E-1,-1.483075407E-3,-1.069060922E-3,-1.512507432E-1,1.740009488E1,-1.494640955E-1,-1.468006921E-1,-1.739867003E1
2.352832646E1,9.884935462E-1,-1.433864012E-3,-1.034638287E-3,-1.512527221E-1,1.740025806E1,-1.444860532E-1,-1.420488853E-1,-1.739890955E1
2.353828946E1,9.884923057E-1,-1.604127986E-3,-1.106809795E-3,-1.512585112E-1,1.740119776E1,-1.625207093E-1,-1.531759773E-1,-1.739954816E1
2.354825146E1,9.884912371E-1,-1.831194151E-3,-1.181516390E-3,-1.512626288E-1,1.740200725E1,-1.869457928E-1,-1.655747016E-1,-1.739998166E1
2.355821346E1,9.884904928E-1,-1.969650530E-3,-1.212669594E-3,-1.512659526E-1,1.740257099E1,-2.020887185E-1,-1.715041058E-1,-1.740034103E1
2.356817546E1,9.884905512E-1,-1.955956537E-3,-1.214442624E-3,-1.512658254E-1,1.740252683E1,-2.005068435E-1,-1.714675522E-1,-1.740032851E1
2.357813846E1,9.884915716E-1,-1.842428967E-3,-1.180898397E-3,-1.512606402E-1,1.740175385E1,-1.882294564E-1,-1.656990635E-1,-1.739975025E1
2.358810046E1,9.884918124E-1,-1.733735969E-3,-1.139964578E-3,-1.512605032E-1,1.740157145E1,-1.766269123E-1,-1.591783570E-1,-1.739975654E1
2.359806246E1,9.884922267E-1,-1.706131639E-3,-1.129364252E-3,-1.512579292E-1,1.740125764E1,-1.736842044E-1,-1.574987014E-1,-1.739946308E1
2.360802546E1,9.884923237E-1,-1.774323063E-3,-1.151320088E-3,-1.512564885E-1,1.740118417E1,-1.810281894E-1,-1.611673898E-1,-1.739928307E1
2.361798746E1,9.884919374E-1,-1.875662386E-3,-1.185397823E-3,-1.512574079E-1,1.740147676E1,-1.919164730E-1,-1.667841268E-1,-1.739936857E1
2.362794946E1,9.884918533E-1,-1.937074783E-3,-1.207998914E-3,-1.512570459E-1,1.740154050E1,-1.984812227E-1,-1.704085902E-1,-1.739931340E1
2.363791246E1,9.884916611E-1,-1.930148139E-3,-1.208563558E-3,-1.512581555E-1,1.740168604E1,-1.976866303E-1,-1.703527097E-1,-1.739944250E1
2.364787446E1,9.884918475E-1,-1.885556538E-3,-1.194972631E-3,-1.512577544E-1,1.740154488E1,-1.928712081E-1,-1.680402539E-1,-1.739940564E1
2.365783646E1,9.884922220E-1,-1.840731577E-3,-1.180407256E-3,-1.512562160E-1,1.740126121E1,-1.880464344E-1,-1.656131638E-1,-1.739923721E1
2.366779846E1,9.884921917E-1,-1.829821671E-3,-1.177838264E-3,-1.512564213E-1,1.740128414E1,-1.868551157E-1,-1.651331057E-1,-1.739926274E1
2.367776146E1,9.884924711E-1,-1.849297291E-3,-1.178363452E-3,-1.512544620E-1,1.740107247E1,-1.890524204E-1,-1.655297848E-1,-1.739903270E1
2.368772346E1,9.884927757E-1,-1.886034186E-3,-1.187870419E-3,-1.512517683E-1,1.740084174E1,-1.930494236E-1,-1.672428746E-1,-1.739871273E1
2.369768546E1,9.884929077E-1,-1.911096608E-3,-1.190823164E-3,-1.512509633E-1,1.740074177E1,-1.958373144E-1,-1.680115720E-1,-1.739861593E1
2.370764846E1,9.884929108E-1,-1.912812829E-3,-1.188654490E-3,-1.512506198E-1,1.740073936E1,-1.960693511E-1,-1.677955898E-1,-1.739857534E1
2.371761046E1,9.884927629E-1,-1.903578485E-3,-1.178977963E-3,-1.512514889E-1,1.740085142E1,-1.951908928E-1,-1.665396153E-1,-1.739867827E1
2.372757246E1,9.884926285E-1,-1.895173311E-3,-1.171801786E-3,-1.512526118E-1,1.740095320E1,-1.943629949E-1,-1.655812907E-1,-1.739881106E1
2.373753546E1,9.884929856E-1,-1.902399301E-3,-1.178631430E-3,-1.512501232E-1,1.740068269E1,-1.950635604E-1,-1.664796567E-1,-1.739852038E1
2.374749746E1,9.884930188E-1,-1.923221165E-3,-1.187894260E-3,-1.512498460E-1,1.740065755E1,-1.972616526E-1,-1.678897186E-1,-1.739848421E1
2.375745946E1,9.884930369E-1,-1.936597642E-3,-1.192387047E-3,-1.512497190E-1,1.740064385E1,-1.986990205E-1,-1.686304479E-1,-1.739846715E1
2.376742246E1,9.884937118E-1,-1.942893112E-3,-1.192544760E-3,-1.512454389E-1,1.740013261E1,-1.994101374E-1,-1.687565650E-1,-1.739797046E1
2.377738446E1,9.884941830E-1,-1.938890048E-3,-1.187495344E-3,-1.512418975E-1,1.739977563E1,-1.990447881E-1,-1.681144980E-1,-1.739755994E1
2.378734646E1,9.884946826E-1,-1.935222017E-3,-1.184614675E-3,-1.512389262E-1,1.739939711E1,-1.986797303E-1,-1.677240321E-1,-1.739721708E1
2.379730946E1,9.884950494E-1,-1.932245719E-3,-1.182660172E-3,-1.512361889E-1,1.739911921E1,-1.983769149E-1,-1.674505005E-1,-1.739689954E1
2.380727146E1,9.884946845E-1,-1.940492704E-3,-1.182153362E-3,-1.512384894E-1,1.739939565E1,-1.993194782E-1,-1.675364785E-1,-1.739716501E1
2.381723346E1,9.884943065E-1,-1.947793011E-3,-1.185488860E-3,-1.512408664E-1,1.739968207E1,-2.000882064E-1,-1.680413013E-1,-1.739743895E1
2.382719546E1,9.884943412E-1,-1.957914008E-3,-1.195967601E-3,-1.512403459E-1,1.739965572E1,-2.010531401E-1,-1.694035609E-1,-1.739737517E1
2.383715846E1,9.884949135E-1,-1.976129272E-3,-1.200811338E-3,-1.512363316E-1,1.739922220E1,-2.030332055E-1,-1.702670859E-1,-1.739690608E1
2.384712046E1,9.884953858E-1,-1.968800903E-3,-1.212052321E-3,-1.512335250E-1,1.739886434E1,-2.020087846E-1,-1.714128216E-1,-1.739658090E1
2.385708246E1,9.884958963E-1,-1.963551496E-3,-1.217621417E-3,-1.512302663E-1,1.739847758E1,-2.013182223E-1,-1.719520189E-1,-1.739620331E1
2.386704546E1,9.884957663E-1,-1.956374255E-3,-1.218740941E-3,-1.512314132E-1,1.739857610E1,-2.004856334E-1,-1.719546905E-1,-1.739633782E1
2.387700746E1,9.884957139E-1,-1.944513594E-3,-1.234957891E-3,-1.512313999E-1,1.739861575E1,-1.988610904E-1,-1.735860911E-1,-1.739633487E1
2.388696946E1,9.884951792E-1,-1.929381024E-3,-1.233658213E-3,-1.512348708E-1,1.739902087E1,-1.971688670E-1,-1.731773171E-1,-1.739673938E1
2.389693246E1,9.884949388E-1,-2.042999622E-3,-1.163442852E-3,-1.512360706E-1,1.739920300E1,-2.112555307E-1,-1.671930583E-1,-1.739687212E1
2.390689446E1,9.884938086E-1,-3.488478132E-3,-8.509792056E-4,-1.512193141E-1,1.740005923E1,-3.804086096E-1,-1.568431463E-1,-1.739478228E1
2.391685646E1,9.884790268E-1,-6.159399296E-3,-1.285694160E-3,-1.512274253E-1,1.741125397E1,-6.754253949E-1,-2.523717434E-1,-1.739498912E1
2.392681946E1,9.884507147E-1,-8.690670234E-3,-1.442127376E-3,-1.512868505E-1,1.743267571E1,-9.594340212E-1,-3.140117750E-1,-1.740107010E1
2.393678079E1,9.884285139E-1,-1.018644445E-2,-7.386032470E-4,-1.513436082E-1,1.744945522E1,-1.141051206E0,-2.603196595E-1,-1.740792120E1
2.394674279E1,9.884275019E-1,-1.031890549E-2,-3.906121237E-4,-1.513424366E-1,1.745021968E1,-1.162089732E0,-2.231997189E-1,-1.740813415E1
2.395670579E1,NaN,NaN,NaN,NaN,NaN,NaN,NaN,NaN
2.396666779E1,NaN,NaN,NaN,NaN,NaN,NaN,NaN,NaN
2.397662979E1,NaN,NaN,NaN,NaN,NaN,NaN,NaN,NaN
2.398659279E1,NaN,NaN,NaN,NaN,NaN,NaN,NaN,NaN
2.399655479E1,NaN,NaN,NaN,NaN,NaN,NaN,NaN,NaN
2.400651679E1,NaN,NaN,NaN,NaN,NaN,NaN,NaN,NaN
2.401647979E1,NaN,NaN,NaN,NaN,NaN,NaN,NaN,NaN
2.402644179E1,NaN,NaN,NaN,NaN,NaN,NaN,NaN,NaN
2.403640379E1,NaN,NaN,NaN,NaN,NaN,NaN,NaN,NaN
2.404636679E1,NaN,NaN,NaN,NaN,NaN,NaN,NaN,NaN
2.405632879E1,NaN,NaN,NaN,NaN,NaN,NaN,NaN,NaN
2.406629079E1,NaN,NaN,NaN,NaN,NaN,NaN,NaN,NaN
2.407625379E1,NaN,NaN,NaN,NaN,NaN,NaN,NaN,NaN
2.408621579E1,NaN,NaN,NaN,NaN,NaN,NaN,NaN,NaN
2.409617779E1,NaN,NaN,NaN,NaN,NaN,NaN,NaN,NaN
2.410614079E1,NaN,NaN,NaN,NaN,NaN,NaN,NaN,NaN
2.411610279E1,NaN,NaN,NaN,NaN,NaN,NaN,NaN,NaN
2.412606479E1,NaN,NaN,NaN,NaN,NaN,NaN,NaN,NaN
2.413602779E1,NaN,NaN,NaN,NaN,NaN,NaN,NaN,NaN
2.414598979E1,NaN,NaN,NaN,NaN,NaN,NaN,NaN,NaN
2.415595179E1,NaN,NaN,NaN,NaN,NaN,NaN,NaN,NaN
2.416591479E1,NaN,NaN,NaN,NaN,NaN,NaN,NaN,NaN
2.417587679E1,NaN,NaN,NaN,NaN,NaN,NaN,NaN,NaN
2.418583879E1,NaN,NaN,NaN,NaN,NaN,NaN,NaN,NaN
2.419580179E1,NaN,NaN,NaN,NaN,NaN,NaN,NaN,NaN
2.420576379E1,NaN,NaN,NaN,NaN,NaN,NaN,NaN,NaN
2.421572579E1,NaN,NaN,NaN,NaN,NaN,NaN,NaN,NaN
2.422568879E1,NaN,NaN,NaN,NaN,NaN,NaN,NaN,NaN
2.423565079E1,NaN,NaN,NaN,NaN,NaN,NaN,NaN,NaN
2.424561279E1,NaN,NaN,NaN,NaN,NaN,NaN,NaN,NaN
2.425557579E1,NaN,NaN,NaN,NaN,NaN,NaN,NaN,NaN
2.426553779E1,NaN,NaN,NaN,NaN,NaN,NaN,NaN,NaN
2.427550079E1,NaN,NaN,NaN,NaN,NaN,NaN,NaN,NaN
2.428546279E1,NaN,NaN,NaN,NaN,NaN,NaN,NaN,NaN
2.429542479E1,NaN,NaN,NaN,NaN,NaN,NaN,NaN,NaN
2.430538779E1,NaN,NaN,NaN,NaN,NaN,NaN,NaN,NaN
2.431534979E1,NaN,NaN,NaN,NaN,NaN,NaN,NaN,NaN
2.432531179E1,NaN,NaN,NaN,NaN,NaN,NaN,NaN,NaN
2.433527479E1,NaN,NaN,NaN,NaN,NaN,NaN,NaN,NaN
2.434523679E1,NaN,NaN,NaN,NaN,NaN,NaN,NaN,NaN
2.435519879E1,NaN,NaN,NaN,NaN,NaN,NaN,NaN,NaN
2.436516179E1,NaN,NaN,NaN,NaN,NaN,NaN,NaN,NaN
2.437512379E1,NaN,NaN,NaN,NaN,NaN,NaN,NaN,NaN
2.438508579E1,NaN,NaN,NaN,NaN,NaN,NaN,NaN,NaN
2.439504879E1,NaN,NaN,NaN,NaN,NaN,NaN,NaN,NaN
2.440501079E1,NaN,NaN,NaN,NaN,NaN,NaN,NaN,NaN
2.441497279E1,NaN,NaN,NaN,NaN,NaN,NaN,NaN,NaN
2.442493579E1,NaN,NaN,NaN,NaN,NaN,NaN,NaN,NaN
2.443489779E1,NaN,NaN,NaN,NaN,NaN,NaN,NaN,NaN
2.444486079E1,NaN,NaN,NaN,NaN,NaN,NaN,NaN,NaN
2.445482279E1,NaN,NaN,NaN,NaN,NaN,NaN,NaN,NaN
2.446478479E1,NaN,NaN,NaN,NaN,NaN,NaN,NaN,NaN
2.447474779E1,NaN,NaN,NaN,NaN,NaN,NaN,NaN,NaN
2.448470979E1,NaN,NaN,NaN,NaN,NaN,NaN,NaN,NaN
2.449467179E1,NaN,NaN,NaN,NaN,NaN,NaN,NaN,NaN
2.450463479E1,NaN,NaN,NaN,NaN,NaN,NaN,NaN,NaN
2.451459679E1,NaN,NaN,NaN,NaN,NaN,NaN,NaN,NaN
2.452455879E1,NaN,NaN,NaN,NaN,NaN,NaN,NaN,NaN
2.453452179E1,NaN,NaN,NaN,NaN,NaN,NaN,NaN,NaN
2.454448379E1,NaN,NaN,NaN,NaN,NaN,NaN,NaN,NaN
2.455444679E1,NaN,NaN,NaN,NaN,NaN,NaN,NaN,NaN
2.456440879E1,NaN,NaN,NaN,NaN,NaN,NaN,NaN,NaN
2.457437079E1,NaN,NaN,NaN,NaN,NaN,NaN,NaN,NaN
2.458433379E1,NaN,NaN,NaN,NaN,NaN,NaN,NaN,NaN
2.459429579E1,NaN,NaN,NaN,NaN,NaN,NaN,NaN,NaN
2.460425779E1,NaN,NaN,NaN,NaN,NaN,NaN,NaN,NaN
2.461422079E1,NaN,NaN,NaN,NaN,NaN,NaN,NaN,NaN
2.462418279E1,NaN,NaN,NaN,NaN,NaN,NaN,NaN,NaN
2.463414579E1,NaN,NaN,NaN,NaN,NaN,NaN,NaN,NaN
2.464410779E1,NaN,NaN,NaN,NaN,NaN,NaN,NaN,NaN
2.465406979E1,NaN,NaN,NaN,NaN,NaN,NaN,NaN,NaN
2.466403279E1,NaN,NaN,NaN,NaN,NaN,NaN,NaN,NaN
2.467399479E1,NaN,NaN,NaN,NaN,NaN,NaN,NaN,NaN
2.468395679E1,NaN,NaN,NaN,NaN,NaN,NaN,NaN,NaN
2.469391979E1,NaN,NaN,NaN,NaN,NaN,NaN,NaN,NaN
2.470388179E1,NaN,NaN,NaN,NaN,NaN,NaN,NaN,NaN
2.471384479E1,NaN,NaN,NaN,NaN,NaN,NaN,NaN,NaN
2.472380679E1,NaN,NaN,NaN,NaN,NaN,NaN,NaN,NaN
2.473376879E1,NaN,NaN,NaN,NaN,NaN,NaN,NaN,NaN
2.474373179E1,NaN,NaN,NaN,NaN,NaN,NaN,NaN,NaN
2.475369379E1,NaN,NaN,NaN,NaN,NaN,NaN,NaN,NaN
2.476365679E1,NaN,NaN,NaN,NaN,NaN,NaN,NaN,NaN
2.477361879E1,NaN,NaN,NaN,NaN,NaN,NaN,NaN,NaN
2.478358079E1,NaN,NaN,NaN,NaN,NaN,NaN,NaN,NaN
2.479354379E1,NaN,NaN,NaN,NaN,NaN,NaN,NaN,NaN
2.480350579E1,NaN,NaN,NaN,NaN,NaN,NaN,NaN,NaN
2.481346779E1,NaN,NaN,NaN,NaN,NaN,NaN,NaN,NaN
2.482343079E1,NaN,NaN,NaN,NaN,NaN,NaN,NaN,NaN
2.483339279E1,NaN,NaN,NaN,NaN,NaN,NaN,NaN,NaN
2.484335579E1,NaN,NaN,NaN,NaN,NaN,NaN,NaN,NaN
2.485331779E1,NaN,NaN,NaN,NaN,NaN,NaN,NaN,NaN
2.486327979E1,NaN,NaN,NaN,NaN,NaN,NaN,NaN,NaN
2.487324279E1,NaN,NaN,NaN,NaN,NaN,NaN,NaN,NaN
2.488320479E1,NaN,NaN,NaN,NaN,NaN,NaN,NaN,NaN
2.489316779E1,NaN,NaN,NaN,NaN,NaN,NaN,NaN,NaN
2.490312979E1,NaN,NaN,NaN,NaN,NaN,NaN,NaN,NaN
2.491309179E1,NaN,NaN,NaN,NaN,NaN,NaN,NaN,NaN
2.492305479E1,NaN,NaN,NaN,NaN,NaN,NaN,NaN,NaN
2.493301804E1,NaN,NaN,NaN,NaN,NaN,NaN,NaN,NaN
2.494298104E1,NaN,NaN,NaN,NaN,NaN,NaN,NaN,NaN
2.495294304E1,NaN,NaN,NaN,NaN,NaN,NaN,NaN,NaN
2.496290504E1,NaN,NaN,NaN,NaN,NaN,NaN,NaN,NaN
2.497286804E1,NaN,NaN,NaN,NaN,NaN,NaN,NaN,NaN
2.498283004E1,NaN,NaN,NaN,NaN,NaN,NaN,NaN,NaN
2.499279304E1,NaN,NaN,NaN,NaN,NaN,NaN,NaN,NaN
2.500275504E1,NaN,NaN,NaN,NaN,NaN,NaN,NaN,NaN
2.501271704E1,NaN,NaN,NaN,NaN,NaN,NaN,NaN,NaN
2.502268004E1,NaN,NaN,NaN,NaN,NaN,NaN,NaN,NaN
2.503264204E1,NaN,NaN,NaN,NaN,NaN,NaN,NaN,NaN
2.504260504E1,NaN,NaN,NaN,NaN,NaN,NaN,NaN,NaN
2.505256704E1,NaN,NaN,NaN,NaN,NaN,NaN,NaN,NaN
2.506252904E1,NaN,NaN,NaN,NaN,NaN,NaN,NaN,NaN
2.507249204E1,NaN,NaN,NaN,NaN,NaN,NaN,NaN,NaN
2.508245404E1,NaN,NaN,NaN,NaN,NaN,NaN,NaN,NaN
2.509241704E1,NaN,NaN,NaN,NaN,NaN,NaN,NaN,NaN
2.510237904E1,NaN,NaN,NaN,NaN,NaN,NaN,NaN,NaN
2.511234204E1,NaN,NaN,NaN,NaN,NaN,NaN,NaN,NaN
2.512230404E1,NaN,NaN,NaN,NaN,NaN,NaN,NaN,NaN
2.513226604E1,NaN,NaN,NaN,NaN,NaN,NaN,NaN,NaN
2.514222904E1,NaN,NaN,NaN,NaN,NaN,NaN,NaN,NaN
2.515219104E1,NaN,NaN,NaN,NaN,NaN,NaN,NaN,NaN
2.516215404E1,NaN,NaN,NaN,NaN,NaN,NaN,NaN,NaN
2.517211604E1,NaN,NaN,NaN,NaN,NaN,NaN,NaN,NaN
2.518207804E1,NaN,NaN,NaN,NaN,NaN,NaN,NaN,NaN
2.519204104E1,NaN,NaN,NaN,NaN,NaN,NaN,NaN,NaN
2.520200304E1,NaN,NaN,NaN,NaN,NaN,NaN,NaN,NaN
2.521196604E1,NaN,NaN,NaN,NaN,NaN,NaN,NaN,NaN
2.522192804E1,NaN,NaN,NaN,NaN,NaN,NaN,NaN,NaN
2.523189004E1,NaN,NaN,NaN,NaN,NaN,NaN,NaN,NaN
2.524185304E1,NaN,NaN,NaN,NaN,NaN,NaN,NaN,NaN
2.525181504E1,NaN,NaN,NaN,NaN,NaN,NaN,NaN,NaN
2.526177804E1,NaN,NaN,NaN,NaN,NaN,NaN,NaN,NaN
2.527174004E1,NaN,NaN,NaN,NaN,NaN,NaN,NaN,NaN
2.528170304E1,NaN,NaN,NaN,NaN,NaN,NaN,NaN,NaN
2.529166504E1,NaN,NaN,NaN,NaN,NaN,NaN,NaN,NaN
2.530162704E1,NaN,NaN,NaN,NaN,NaN,NaN,NaN,NaN
2.531159004E1,NaN,NaN,NaN,NaN,NaN,NaN,NaN,NaN
2.532155204E1,NaN,NaN,NaN,NaN,NaN,NaN,NaN,NaN
2.533151504E1,NaN,NaN,NaN,NaN,NaN,NaN,NaN,NaN
2.534147704E1,NaN,NaN,NaN,NaN,NaN,NaN,NaN,NaN
2.535144004E1,NaN,NaN,NaN,NaN,NaN,NaN,NaN,NaN
2.536140204E1,NaN,NaN,NaN,NaN,NaN,NaN,NaN,NaN
2.537136404E1,NaN,NaN,NaN,NaN,NaN,NaN,NaN,NaN
2.538132704E1,NaN,NaN,NaN,NaN,NaN,NaN,NaN,NaN
2.539128904E1,NaN,NaN,NaN,NaN,NaN,NaN,NaN,NaN
2.540125204E1,NaN,NaN,NaN,NaN,NaN,NaN,NaN,NaN
2.541121404E1,NaN,NaN,NaN,NaN,NaN,NaN,NaN,NaN
2.542117704E1,NaN,NaN,NaN,NaN,NaN,NaN,NaN,NaN
2.543113904E1,NaN,NaN,NaN,NaN,NaN,NaN,NaN,NaN
2.544110204E1,NaN,NaN,NaN,NaN,NaN,NaN,NaN,NaN
2.545106404E1,NaN,NaN,NaN,NaN,NaN,NaN,NaN,NaN
2.546102604E1,NaN,NaN,NaN,NaN,NaN,NaN,NaN,NaN
2.547098904E1,NaN,NaN,NaN,NaN,NaN,NaN,NaN,NaN
2.548095104E1,NaN,NaN,NaN,NaN,NaN,NaN,NaN,NaN
2.549091404E1,NaN,NaN,NaN,NaN,NaN,NaN,NaN,NaN
2.550087604E1,NaN,NaN,NaN,NaN,NaN,NaN,NaN,NaN
2.551083904E1,NaN,NaN,NaN,NaN,NaN,NaN,NaN,NaN
2.552080104E1,NaN,NaN,NaN,NaN,NaN,NaN,NaN,NaN
2.553076304E1,NaN,NaN,NaN,NaN,NaN,NaN,NaN,NaN
2.554072604E1,NaN,NaN,NaN,NaN,NaN,NaN,NaN,NaN
2.555068804E1,NaN,NaN,NaN,NaN,NaN,NaN,NaN,NaN
2.556065104E1,NaN,NaN,NaN,NaN,NaN,NaN,NaN,NaN
2.557061304E1,NaN,NaN,NaN,NaN,NaN,NaN,NaN,NaN
2.558057604E1,NaN,NaN,NaN,NaN,NaN,NaN,NaN,NaN
2.559053804E1,NaN,NaN,NaN,NaN,NaN,NaN,NaN,NaN
2.560050104E1,NaN,NaN,NaN,NaN,NaN,NaN,NaN,NaN
2.561046304E1,NaN,NaN,NaN,NaN,NaN,NaN,NaN,NaN
2.562042604E1,NaN,NaN,NaN,NaN,NaN,NaN,NaN,NaN
2.563038804E1,NaN,NaN,NaN,NaN,NaN,NaN,NaN,NaN
2.564035004E1,NaN,NaN,NaN,NaN,NaN,NaN,NaN,NaN
2.565031304E1,NaN,NaN,NaN,NaN,NaN,NaN,NaN,NaN
2.566027504E1,NaN,NaN,NaN,NaN,NaN,NaN,NaN,NaN
2.567023804E1,NaN,NaN,NaN,NaN,NaN,NaN,NaN,NaN
2.568020004E1,NaN,NaN,NaN,NaN,NaN,NaN,NaN,NaN
2.569016304E1,NaN,NaN,NaN,NaN,NaN,NaN,NaN,NaN
2.570012504E1,NaN,NaN,NaN,NaN,NaN,NaN,NaN,NaN
2.571008804E1,NaN,NaN,NaN,NaN,NaN,NaN,NaN,NaN
2.572005004E1,NaN,NaN,NaN,NaN,NaN,NaN,NaN,NaN
2.573001304E1,NaN,NaN,NaN,NaN,NaN,NaN,NaN,NaN
2.573997504E1,NaN,NaN,NaN,NaN,NaN,NaN,NaN,NaN
2.574993804E1,NaN,NaN,NaN,NaN,NaN,NaN,NaN,NaN
2.575990004E1,NaN,NaN,NaN,NaN,NaN,NaN,NaN,NaN
2.576986204E1,NaN,NaN,NaN,NaN,NaN,NaN,NaN,NaN
2.577982504E1,NaN,NaN,NaN,NaN,NaN,NaN,NaN,NaN
2.578978704E1,NaN,NaN,NaN,NaN,NaN,NaN,NaN,NaN
2.579975004E1,NaN,NaN,NaN,NaN,NaN,NaN,NaN,NaN
2.580971204E1,NaN,NaN,NaN,NaN,NaN,NaN,NaN,NaN
2.581967504E1,NaN,NaN,NaN,NaN,NaN,NaN,NaN,NaN
2.582963704E1,NaN,NaN,NaN,NaN,NaN,NaN,NaN,NaN
2.583960004E1,NaN,NaN,NaN,NaN,NaN,NaN,NaN,NaN
2.584956204E1,NaN,NaN,NaN,NaN,NaN,NaN,NaN,NaN
2.585952504E1,NaN,NaN,NaN,NaN,NaN,NaN,NaN,NaN
2.586948704E1,NaN,NaN,NaN,NaN,NaN,NaN,NaN,NaN
2.587945004E1,NaN,NaN,NaN,NaN,NaN,NaN,NaN,NaN
2.588941204E1,NaN,NaN,NaN,NaN,NaN,NaN,NaN,NaN
2.589937504E1,NaN,NaN,NaN,NaN,NaN,NaN,NaN,NaN
2.590933704E1,NaN,NaN,NaN,NaN,NaN,NaN,NaN,NaN
2.591930004E1,NaN,NaN,NaN,NaN,NaN,NaN,NaN,NaN
2.592926204E1,NaN,NaN,NaN,NaN,NaN,NaN,NaN,NaN
2.593922342E1,NaN,NaN,NaN,NaN,NaN,NaN,NaN,NaN
2.594918642E1,NaN,NaN,NaN,NaN,NaN,NaN,NaN,NaN
2.595914842E1,NaN,NaN,NaN,NaN,NaN,NaN,NaN,NaN
2.596911142E1,NaN,NaN,NaN,NaN,NaN,NaN,NaN,NaN
2.597907342E1,NaN,NaN,NaN,NaN,NaN,NaN,NaN,NaN
2.598903642E1,NaN,NaN,NaN,NaN,NaN,NaN,NaN,NaN
2.599899842E1,NaN,NaN,NaN,NaN,NaN,NaN,NaN,NaN
2.600896142E1,NaN,NaN,NaN,NaN,NaN,NaN,NaN,NaN
2.601892342E1,NaN,NaN,NaN,NaN,NaN,NaN,NaN,NaN
2.602888642E1,NaN,NaN,NaN,NaN,NaN,NaN,NaN,NaN
2.603884842E1,NaN,NaN,NaN,NaN,NaN,NaN,NaN,NaN
2.604881142E1,NaN,NaN,NaN,NaN,NaN,NaN,NaN,NaN
2.605877342E1,NaN,NaN,NaN,NaN,NaN,NaN,NaN,NaN
2.606873642E1,NaN,NaN,NaN,NaN,NaN,NaN,NaN,NaN
2.607869842E1,NaN,NaN,NaN,NaN,NaN,NaN,NaN,NaN
2.608866142E1,NaN,NaN,NaN,NaN,NaN,NaN,NaN,NaN
2.609862342E1,NaN,NaN,NaN,NaN,NaN,NaN,NaN,NaN
2.610858642E1,NaN,NaN,NaN,NaN,NaN,NaN,NaN,NaN
2.611854842E1,NaN,NaN,NaN,NaN,NaN,NaN,NaN,NaN
2.612851142E1,NaN,NaN,NaN,NaN,NaN,NaN,NaN,NaN
2.613847342E1,NaN,NaN,NaN,NaN,NaN,NaN,NaN,NaN
2.614843642E1,NaN,NaN,NaN,NaN,NaN,NaN,NaN,NaN
2.615839842E1,NaN,NaN,NaN,NaN,NaN,NaN,NaN,NaN
2.616836142E1,NaN,NaN,NaN,NaN,NaN,NaN,NaN,NaN
2.617832342E1,NaN,NaN,NaN,NaN,NaN,NaN,NaN,NaN
2.618828642E1,NaN,NaN,NaN,NaN,NaN,NaN,NaN,NaN
2.619824842E1,NaN,NaN,NaN,NaN,NaN,NaN,NaN,NaN
2.620821142E1,NaN,NaN,NaN,NaN,NaN,NaN,NaN,NaN
2.621817342E1,NaN,NaN,NaN,NaN,NaN,NaN,NaN,NaN
2.622813642E1,NaN,NaN,NaN,NaN,NaN,NaN,NaN,NaN
2.623809842E1,NaN,NaN,NaN,NaN,NaN,NaN,NaN,NaN
2.624806142E1,NaN,NaN,NaN,NaN,NaN,NaN,NaN,NaN
2.625802342E1,NaN,NaN,NaN,NaN,NaN,NaN,NaN,NaN
2.626798642E1,NaN,NaN,NaN,NaN,NaN,NaN,NaN,NaN
2.627794842E1,NaN,NaN,NaN,NaN,NaN,NaN,NaN,NaN
2.628791142E1,NaN,NaN,NaN,NaN,NaN,NaN,NaN,NaN
2.629787342E1,NaN,NaN,NaN,NaN,NaN,NaN,NaN,NaN
2.630783642E1,NaN,NaN,NaN,NaN,NaN,NaN,NaN,NaN
2.631779842E1,NaN,NaN,NaN,NaN,NaN,NaN,NaN,NaN
2.632776142E1,NaN,NaN,NaN,NaN,NaN,NaN,NaN,NaN
2.633772342E1,NaN,NaN,NaN,NaN,NaN,NaN,NaN,NaN
2.634768642E1,NaN,NaN,NaN,NaN,NaN,NaN,NaN,NaN
2.635764842E1,NaN,NaN,NaN,NaN,NaN,NaN,NaN,NaN
2.636761142E1,NaN,NaN,NaN,NaN,NaN,NaN,NaN,NaN
2.637757342E1,NaN,NaN,NaN,NaN,NaN,NaN,NaN,NaN
2.638753642E1,NaN,NaN,NaN,NaN,NaN,NaN,NaN,NaN
2.639749842E1,NaN,NaN,NaN,NaN,NaN,NaN,NaN,NaN
2.640746142E1,NaN,NaN,NaN,NaN,NaN,NaN,NaN,NaN
2.641742342E1,NaN,NaN,NaN,NaN,NaN,NaN,NaN,NaN
2.642738642E1,NaN,NaN,NaN,NaN,NaN,NaN,NaN,NaN
2.643734842E1,NaN,NaN,NaN,NaN,NaN,NaN,NaN,NaN
2.644731142E1,NaN,NaN,NaN,NaN,NaN,NaN,NaN,NaN
2.645727442E1,NaN,NaN,NaN,NaN,NaN,NaN,NaN,NaN
2.646723642E1,NaN,NaN,NaN,NaN,NaN,NaN,NaN,NaN
2.647719942E1,NaN,NaN,NaN,NaN,NaN,NaN,NaN,NaN
2.648716142E1,NaN,NaN,NaN,NaN,NaN,NaN,NaN,NaN
2.649712442E1,NaN,NaN,NaN,NaN,NaN,NaN,NaN,NaN
2.650708642E1,NaN,NaN,NaN,NaN,NaN,NaN,NaN,NaN
2.651704942E1,NaN,NaN,NaN,NaN,NaN,NaN,NaN,NaN
2.652701142E1,NaN,NaN,NaN,NaN,NaN,NaN,NaN,NaN
2.653697442E1,NaN,NaN,NaN,NaN,NaN,NaN,NaN,NaN
2.654693642E1,NaN,NaN,NaN,NaN,NaN,NaN,NaN,NaN
2.655689942E1,NaN,NaN,NaN,NaN,NaN,NaN,NaN,NaN
2.656686142E1,NaN,NaN,NaN,NaN,NaN,NaN,NaN,NaN
2.657682442E1,NaN,NaN,NaN,NaN,NaN,NaN,NaN,NaN
2.658678642E1,NaN,NaN,NaN,NaN,NaN,NaN,NaN,NaN
2.659674942E1,NaN,NaN,NaN,NaN,NaN,NaN,NaN,NaN
2.660671142E1,NaN,NaN,NaN,NaN,NaN,NaN,NaN,NaN
2.661667442E1,NaN,NaN,NaN,NaN,NaN,NaN,NaN,NaN
2.662663742E1,NaN,NaN,NaN,NaN,NaN,NaN,NaN,NaN
2.663659942E1,NaN,NaN,NaN,NaN,NaN,NaN,NaN,NaN
2.664656242E1,NaN,NaN,NaN,NaN,NaN,NaN,NaN,NaN
2.665652442E1,NaN,NaN,NaN,NaN,NaN,NaN,NaN,NaN
2.666648742E1,NaN,NaN,NaN,NaN,NaN,NaN,NaN,NaN
2.667644942E1,NaN,NaN,NaN,NaN,NaN,NaN,NaN,NaN
2.668641242E1,NaN,NaN,NaN,NaN,NaN,NaN,NaN,NaN
2.669637442E1,NaN,NaN,NaN,NaN,NaN,NaN,NaN,NaN
2.670633742E1,NaN,NaN,NaN,NaN,NaN,NaN,NaN,NaN
2.671629942E1,NaN,NaN,NaN,NaN,NaN,NaN,NaN,NaN
2.672626242E1,NaN,NaN,NaN,NaN,NaN,NaN,NaN,NaN
2.673622542E1,NaN,NaN,NaN,NaN,NaN,NaN,NaN,NaN
2.674618742E1,NaN,NaN,NaN,NaN,NaN,NaN,NaN,NaN
2.675615042E1,NaN,NaN,NaN,NaN,NaN,NaN,NaN,NaN
2.676611242E1,NaN,NaN,NaN,NaN,NaN,NaN,NaN,NaN
2.677607542E1,NaN,NaN,NaN,NaN,NaN,NaN,NaN,NaN
2.678603742E1,NaN,NaN,NaN,NaN,NaN,NaN,NaN,NaN
2.679600042E1,NaN,NaN,NaN,NaN,NaN,NaN,NaN,NaN
2.680596242E1,NaN,NaN,NaN,NaN,NaN,NaN,NaN,NaN
2.681592542E1,NaN,NaN,NaN,NaN,NaN,NaN,NaN,NaN
2.682588742E1,NaN,NaN,NaN,NaN,NaN,NaN,NaN,NaN
2.683585042E1,NaN,NaN,NaN,NaN,NaN,NaN,NaN,NaN
2.684581342E1,NaN,NaN,NaN,NaN,NaN,NaN,NaN,NaN
2.685577542E1,NaN,NaN,NaN,NaN,NaN,NaN,NaN,NaN
2.686573842E1,NaN,NaN,NaN,NaN,NaN,NaN,NaN,NaN
2.687570042E1,NaN,NaN,NaN,NaN,NaN,NaN,NaN,NaN
2.688566342E1,NaN,NaN,NaN,NaN,NaN,NaN,NaN,NaN
2.689562542E1,NaN,NaN,NaN,NaN,NaN,NaN,NaN,NaN
2.690558842E1,NaN,NaN,NaN,NaN,NaN,NaN,NaN,NaN
2.691555142E1,NaN,NaN,NaN,NaN,NaN,NaN,NaN,NaN
2.692551342E1,NaN,NaN,NaN,NaN,NaN,NaN,NaN,NaN
2.693547633E1,NaN,NaN,NaN,NaN,NaN,NaN,NaN,NaN
2.694543833E1,NaN,NaN,NaN,NaN,NaN,NaN,NaN,NaN
2.695540133E1,NaN,NaN,NaN,NaN,NaN,NaN,NaN,NaN
2.696536333E1,NaN,NaN,NaN,NaN,NaN,NaN,NaN,NaN
2.697532633E1,NaN,NaN,NaN,NaN,NaN,NaN,NaN,NaN
2.698528933E1,NaN,NaN,NaN,NaN,NaN,NaN,NaN,NaN
2.699525133E1,NaN,NaN,NaN,NaN,NaN,NaN,NaN,NaN
2.700521433E1,NaN,NaN,NaN,NaN,NaN,NaN,NaN,NaN
2.701517633E1,NaN,NaN,NaN,NaN,NaN,NaN,NaN,NaN
2.702513933E1,NaN,NaN,NaN,NaN,NaN,NaN,NaN,NaN
2.703510133E1,NaN,NaN,NaN,NaN,NaN,NaN,NaN,NaN
2.704506433E1,NaN,NaN,NaN,NaN,NaN,NaN,NaN,NaN
2.705502733E1,NaN,NaN,NaN,NaN,NaN,NaN,NaN,NaN
2.706498933E1,NaN,NaN,NaN,NaN,NaN,NaN,NaN,NaN
2.707495233E1,NaN,NaN,NaN,NaN,NaN,NaN,NaN,NaN
2.708491433E1,NaN,NaN,NaN,NaN,NaN,NaN,NaN,NaN
2.709487733E1,NaN,NaN,NaN,NaN,NaN,NaN,NaN,NaN
2.710483933E1,NaN,NaN,NaN,NaN,NaN,NaN,NaN,NaN
2.711480233E1,NaN,NaN,NaN,NaN,NaN,NaN,NaN,NaN
2.712476533E1,NaN,NaN,NaN,NaN,NaN,NaN,NaN,NaN
2.713472733E1,NaN,NaN,NaN,NaN,NaN,NaN,NaN,NaN
2.714469033E1,NaN,NaN,NaN,NaN,NaN,NaN,NaN,NaN
2.715465233E1,NaN,NaN,NaN,NaN,NaN,NaN,NaN,NaN
2.716461533E1,NaN,NaN,NaN,NaN,NaN,NaN,NaN,NaN
2.717457833E1,NaN,NaN,NaN,NaN,NaN,NaN,NaN,NaN
2.718454033E1,NaN,NaN,NaN,NaN,NaN,NaN,NaN,NaN
2.719450333E1,NaN,NaN,NaN,NaN,NaN,NaN,NaN,NaN
2.720446533E1,NaN,NaN,NaN,NaN,NaN,NaN,NaN,NaN
2.721442833E1,NaN,NaN,NaN,NaN,NaN,NaN,NaN,NaN
2.722439033E1,NaN,NaN,NaN,NaN,NaN,NaN,NaN,NaN
2.723435333E1,NaN,NaN,NaN,NaN,NaN,NaN,NaN,NaN
2.724431633E1,NaN,NaN,NaN,NaN,NaN,NaN,NaN,NaN
2.725427833E1,NaN,NaN,NaN,NaN,NaN,NaN,NaN,NaN
2.726424133E1,NaN,NaN,NaN,NaN,NaN,NaN,NaN,NaN
2.727420333E1,NaN,NaN,NaN,NaN,NaN,NaN,NaN,NaN
2.728416633E1,NaN,NaN,NaN,NaN,NaN,NaN,NaN,NaN
2.729412933E1,NaN,NaN,NaN,NaN,NaN,NaN,NaN,NaN
2.730409133E1,NaN,NaN,NaN,NaN,NaN,NaN,NaN,NaN
2.731405433E1,NaN,NaN,NaN,NaN,NaN,NaN,NaN,NaN
2.732401633E1,NaN,NaN,NaN,NaN,NaN,NaN,NaN,NaN
2.733397933E1,NaN,NaN,NaN,NaN,NaN,NaN,NaN,NaN
2.734394233E1,NaN,NaN,NaN,NaN,NaN,NaN,NaN,NaN
2.735390433E1,NaN,NaN,NaN,NaN,NaN,NaN,NaN,NaN
2.736386733E1,NaN,NaN,NaN,NaN,NaN,NaN,NaN,NaN
2.737382933E1,NaN,NaN,NaN,NaN,NaN,NaN,NaN,NaN
2.738379233E1,NaN,NaN,NaN,NaN,NaN,NaN,NaN,NaN
2.739375533E1,NaN,NaN,NaN,NaN,NaN,NaN,NaN,NaN
2.740371733E1,NaN,NaN,NaN,NaN,NaN,NaN,NaN,NaN
2.741368033E1,NaN,NaN,NaN,NaN,NaN,NaN,NaN,NaN
2.742364233E1,NaN,NaN,NaN,NaN,NaN,NaN,NaN,NaN
2.743360533E1,NaN,NaN,NaN,NaN,NaN,NaN,NaN,NaN
2.744356833E1,NaN,NaN,NaN,NaN,NaN,NaN,NaN,NaN
2.745353033E1,NaN,NaN,NaN,NaN,NaN,NaN,NaN,NaN
2.746349333E1,NaN,NaN,NaN,NaN,NaN,NaN,NaN,NaN
2.747345633E1,NaN,NaN,NaN,NaN,NaN,NaN,NaN,NaN
2.748341833E1,NaN,NaN,NaN,NaN,NaN,NaN,NaN,NaN
2.749338133E1,NaN,NaN,NaN,NaN,NaN,NaN,NaN,NaN
2.750334333E1,NaN,NaN,NaN,NaN,NaN,NaN,NaN,NaN
2.751330633E1,NaN,NaN,NaN,NaN,NaN,NaN,NaN,NaN
2.752326933E1,NaN,NaN,NaN,NaN,NaN,NaN,NaN,NaN
2.753323133E1,NaN,NaN,NaN,NaN,NaN,NaN,NaN,NaN
2.754319433E1,NaN,NaN,NaN,NaN,NaN,NaN,NaN,NaN
2.755315633E1,NaN,NaN,NaN,NaN,NaN,NaN,NaN,NaN
2.756311933E1,NaN,NaN,NaN,NaN,NaN,NaN,NaN,NaN
2.757308233E1,NaN,NaN,NaN,NaN,NaN,NaN,NaN,NaN
2.758304433E1,NaN,NaN,NaN,NaN,NaN,NaN,NaN,NaN
2.759300733E1,NaN,NaN,NaN,NaN,NaN,NaN,NaN,NaN
2.760297033E1,NaN,NaN,NaN,NaN,NaN,NaN,NaN,NaN
2.761293233E1,NaN,NaN,NaN,NaN,NaN,NaN,NaN,NaN
2.762289533E1,NaN,NaN,NaN,NaN,NaN,NaN,NaN,NaN
2.763285733E1,NaN,NaN,NaN,NaN,NaN,NaN,NaN,NaN
2.764282033E1,NaN,NaN,NaN,NaN,NaN,NaN,NaN,NaN
2.765278333E1,NaN,NaN,NaN,NaN,NaN,NaN,NaN,NaN
2.766274533E1,NaN,NaN,NaN,NaN,NaN,NaN,NaN,NaN
2.767270833E1,NaN,NaN,NaN,NaN,NaN,NaN,NaN,NaN
2.768267133E1,NaN,NaN,NaN,NaN,NaN,NaN,NaN,NaN
2.769263333E1,NaN,NaN,NaN,NaN,NaN,NaN,NaN,NaN
2.770259633E1,NaN,NaN,NaN,NaN,NaN,NaN,NaN,NaN
2.771255933E1,NaN,NaN,NaN,NaN,NaN,NaN,NaN,NaN
2.772252133E1,NaN,NaN,NaN,NaN,NaN,NaN,NaN,NaN
2.773248433E1,NaN,NaN,NaN,NaN,NaN,NaN,NaN,NaN
2.774244633E1,NaN,NaN,NaN,NaN,NaN,NaN,NaN,NaN
2.775240933E1,NaN,NaN,NaN,NaN,NaN,NaN,NaN,NaN
2.776237233E1,NaN,NaN,NaN,NaN,NaN,NaN,NaN,NaN
2.777233433E1,NaN,NaN,NaN,NaN,NaN,NaN,NaN,NaN
2.778229733E1,NaN,NaN,NaN,NaN,NaN,NaN,NaN,NaN
2.779226033E1,NaN,NaN,NaN,NaN,NaN,NaN,NaN,NaN
2.780222233E1,NaN,NaN,NaN,NaN,NaN,NaN,NaN,NaN
2.781218533E1,NaN,NaN,NaN,NaN,NaN,NaN,NaN,NaN
2.782214833E1,NaN,NaN,NaN,NaN,NaN,NaN,NaN,NaN
2.783211033E1,NaN,NaN,NaN,NaN,NaN,NaN,NaN,NaN
2.784207333E1,NaN,NaN,NaN,NaN,NaN,NaN,NaN,NaN
2.785203633E1,NaN,NaN,NaN,NaN,NaN,NaN,NaN,NaN
2.786199833E1,NaN,NaN,NaN,NaN,NaN,NaN,NaN,NaN
2.787196133E1,NaN,NaN,NaN,NaN,NaN,NaN,NaN,NaN
2.788192333E1,NaN,NaN,NaN,NaN,NaN,NaN,NaN,NaN
2.789188633E1,NaN,NaN,NaN,NaN,NaN,NaN,NaN,NaN
2.790184933E1,NaN,NaN,NaN,NaN,NaN,NaN,NaN,NaN
2.791181133E1,NaN,NaN,NaN,NaN,NaN,NaN,NaN,NaN
2.792177433E1,NaN,NaN,NaN,NaN,NaN,NaN,NaN,NaN
2.793173733E1,NaN,NaN,NaN,NaN,NaN,NaN,NaN,NaN
2.794169979E1,NaN,NaN,NaN,NaN,NaN,NaN,NaN,NaN
2.795166279E1,NaN,NaN,NaN,NaN,NaN,NaN,NaN,NaN
2.796162579E1,NaN,NaN,NaN,NaN,NaN,NaN,NaN,NaN
2.797158779E1,NaN,NaN,NaN,NaN,NaN,NaN,NaN,NaN
2.798155079E1,NaN,NaN,NaN,NaN,NaN,NaN,NaN,NaN
2.799151379E1,NaN,NaN,NaN,NaN,NaN,NaN,NaN,NaN
2.800147579E1,NaN,NaN,NaN,NaN,NaN,NaN,NaN,NaN
2.801143879E1,NaN,NaN,NaN,NaN,NaN,NaN,NaN,NaN
2.802140179E1,NaN,NaN,NaN,NaN,NaN,NaN,NaN,NaN
2.803136379E1,NaN,NaN,NaN,NaN,NaN,NaN,NaN,NaN
2.804132679E1,NaN,NaN,NaN,NaN,NaN,NaN,NaN,NaN
2.805128979E1,NaN,NaN,NaN,NaN,NaN,NaN,NaN,NaN
2.806125179E1,NaN,NaN,NaN,NaN,NaN,NaN,NaN,NaN
2.807121479E1,NaN,NaN,NaN,NaN,NaN,NaN,NaN,NaN
2.808117779E1,NaN,NaN,NaN,NaN,NaN,NaN,NaN,NaN
2.809113979E1,NaN,NaN,NaN,NaN,NaN,NaN,NaN,NaN
2.810110279E1,NaN,NaN,NaN,NaN,NaN,NaN,NaN,NaN
2.811106579E1,NaN,NaN,NaN,NaN,NaN,NaN,NaN,NaN
2.812102779E1,NaN,NaN,NaN,NaN,NaN,NaN,NaN,NaN
2.813099079E1,NaN,NaN,NaN,NaN,NaN,NaN,NaN,NaN
2.814095379E1,NaN,NaN,NaN,NaN,NaN,NaN,NaN,NaN
2.815091579E1,NaN,NaN,NaN,NaN,NaN,NaN,NaN,NaN
2.816087879E1,NaN,NaN,NaN,NaN,NaN,NaN,NaN,NaN
2.817084179E1,NaN,NaN,NaN,NaN,NaN,NaN,NaN,NaN
2.818080479E1,NaN,NaN,NaN,NaN,NaN,NaN,NaN,NaN
2.819076679E1,NaN,NaN,NaN,NaN,NaN,NaN,NaN,NaN
2.820072979E1,NaN,NaN,NaN,NaN,NaN,NaN,NaN,NaN
2.821069279E1,NaN,NaN,NaN,NaN,NaN,NaN,NaN,NaN
2.822065479E1,NaN,NaN,NaN,NaN,NaN,NaN,NaN,NaN
2.823061779E1,NaN,NaN,NaN,NaN,NaN,NaN,NaN,NaN
2.824058079E1,NaN,NaN,NaN,NaN,NaN,NaN,NaN,NaN
2.825054279E1,NaN,NaN,NaN,NaN,NaN,NaN,NaN,NaN
2.826050579E1,NaN,NaN,NaN,NaN,NaN,NaN,NaN,NaN
2.827046879E1,NaN,NaN,NaN,NaN,NaN,NaN,NaN,NaN
2.828043079E1,NaN,NaN,NaN,NaN,NaN,NaN,NaN,NaN
2.829039379E1,NaN,NaN,NaN,NaN,NaN,NaN,NaN,NaN
2.830035679E1,NaN,NaN,NaN,NaN,NaN,NaN,NaN,NaN
2.831031879E1,NaN,NaN,NaN,NaN,NaN,NaN,NaN,NaN
2.832028179E1,NaN,NaN,NaN,NaN,NaN,NaN,NaN,NaN
2.833024479E1,NaN,NaN,NaN,NaN,NaN,NaN,NaN,NaN
2.834020779E1,NaN,NaN,NaN,NaN,NaN,NaN,NaN,NaN
2.835016979E1,NaN,NaN,NaN,NaN,NaN,NaN,NaN,NaN
2.836013279E1,NaN,NaN,NaN,NaN,NaN,NaN,NaN,NaN
2.837009579E1,NaN,NaN,NaN,NaN,NaN,NaN,NaN,NaN
2.838005779E1,NaN,NaN,NaN,NaN,NaN,NaN,NaN,NaN
2.839002079E1,NaN,NaN,NaN,NaN,NaN,NaN,NaN,NaN
2.839998379E1,NaN,NaN,NaN,NaN,NaN,NaN,NaN,NaN
2.840994579E1,NaN,NaN,NaN,NaN,NaN,NaN,NaN,NaN
2.841990879E1,NaN,NaN,NaN,NaN,NaN,NaN,NaN,NaN
2.842987179E1,NaN,NaN,NaN,NaN,NaN,NaN,NaN,NaN
2.843983479E1,NaN,NaN,NaN,NaN,NaN,NaN,NaN,NaN
2.844979679E1,NaN,NaN,NaN,NaN,NaN,NaN,NaN,NaN
2.845975979E1,NaN,NaN,NaN,NaN,NaN,NaN,NaN,NaN
2.846972279E1,NaN,NaN,NaN,NaN,NaN,NaN,NaN,NaN
2.847968479E1,NaN,NaN,NaN,NaN,NaN,NaN,NaN,NaN
2.848964779E1,NaN,NaN,NaN,NaN,NaN,NaN,NaN,NaN
2.849961079E1,NaN,NaN,NaN,NaN,NaN,NaN,NaN,NaN
2.850957279E1,NaN,NaN,NaN,NaN,NaN,NaN,NaN,NaN
2.851953579E1,NaN,NaN,NaN,NaN,NaN,NaN,NaN,NaN
2.852949879E1,NaN,NaN,NaN,NaN,NaN,NaN,NaN,NaN
2.853946179E1,NaN,NaN,NaN,NaN,NaN,NaN,NaN,NaN
2.854942379E1,NaN,NaN,NaN,NaN,NaN,NaN,NaN,NaN
2.855938679E1,NaN,NaN,NaN,NaN,NaN,NaN,NaN,NaN
2.856934979E1,NaN,NaN,NaN,NaN,NaN,NaN,NaN,NaN
2.857931279E1,NaN,NaN,NaN,NaN,NaN,NaN,NaN,NaN
2.858927479E1,NaN,NaN,NaN,NaN,NaN,NaN,NaN,NaN
2.859923779E1,NaN,NaN,NaN,NaN,NaN,NaN,NaN,NaN
2.860920079E1,NaN,NaN,NaN,NaN,NaN,NaN,NaN,NaN
2.861916279E1,NaN,NaN,NaN,NaN,NaN,NaN,NaN,NaN
2.862912579E1,NaN,NaN,NaN,NaN,NaN,NaN,NaN,NaN
2.863908879E1,NaN,NaN,NaN,NaN,NaN,NaN,NaN,NaN
2.864905179E1,NaN,NaN,NaN,NaN,NaN,NaN,NaN,NaN
2.865901379E1,NaN,NaN,NaN,NaN,NaN,NaN,NaN,NaN
2.866897679E1,NaN,NaN,NaN,NaN,NaN,NaN,NaN,NaN
2.867893979E1,NaN,NaN,NaN,NaN,NaN,NaN,NaN,NaN
2.868890179E1,NaN,NaN,NaN,NaN,NaN,NaN,NaN,NaN
2.869886479E1,NaN,NaN,NaN,NaN,NaN,NaN,NaN,NaN
2.870882779E1,NaN,NaN,NaN,NaN,NaN,NaN,NaN,NaN
2.871879079E1,NaN,NaN,NaN,NaN,NaN,NaN,NaN,NaN
2.872875279E1,NaN,NaN,NaN,NaN,NaN,NaN,NaN,NaN
2.873871579E1,NaN,NaN,NaN,NaN,NaN,NaN,NaN,NaN
2.874867879E1,NaN,NaN,NaN,NaN,NaN,NaN,NaN,NaN
2.875864179E1,NaN,NaN,NaN,NaN,NaN,NaN,NaN,NaN
2.876860379E1,NaN,NaN,NaN,NaN,NaN,NaN,NaN,NaN
2.877856679E1,NaN,NaN,NaN,NaN,NaN,NaN,NaN,NaN
2.878852979E1,NaN,NaN,NaN,NaN,NaN,NaN,NaN,NaN
2.879849279E1,NaN,NaN,NaN,NaN,NaN,NaN,NaN,NaN
2.880845479E1,NaN,NaN,NaN,NaN,NaN,NaN,NaN,NaN
2.881841779E1,NaN,NaN,NaN,NaN,NaN,NaN,NaN,NaN
2.882838079E1,NaN,NaN,NaN,NaN,NaN,NaN,NaN,NaN
2.883834379E1,NaN,NaN,NaN,NaN,NaN,NaN,NaN,NaN
2.884830579E1,NaN,NaN,NaN,NaN,NaN,NaN,NaN,NaN
2.885826879E1,NaN,NaN,NaN,NaN,NaN,NaN,NaN,NaN
2.886823179E1,NaN,NaN,NaN,NaN,NaN,NaN,NaN,NaN
2.887819379E1,NaN,NaN,NaN,NaN,NaN,NaN,NaN,NaN
2.888815679E1,NaN,NaN,NaN,NaN,NaN,NaN,NaN,NaN
2.889811979E1,NaN,NaN,NaN,NaN,NaN,NaN,NaN,NaN
2.890808279E1,NaN,NaN,NaN,NaN,NaN,NaN,NaN,NaN
2.891804479E1,NaN,NaN,NaN,NaN,NaN,NaN,NaN,NaN
2.892800779E1,NaN,NaN,NaN,NaN,NaN,NaN,NaN,NaN
2.893797021E1,NaN,NaN,NaN,NaN,NaN,NaN,NaN,NaN
2.894793321E1,NaN,NaN,NaN,NaN,NaN,NaN,NaN,NaN
2.895789621E1,NaN,NaN,NaN,NaN,NaN,NaN,NaN,NaN
2.896785821E1,NaN,NaN,NaN,NaN,NaN,NaN,NaN,NaN
2.897782121E1,NaN,NaN,NaN,NaN,NaN,NaN,NaN,NaN
2.898778421E1,NaN,NaN,NaN,NaN,NaN,NaN,NaN,NaN
2.899774721E1,NaN,NaN,NaN,NaN,NaN,NaN,NaN,NaN
2.900770921E1,NaN,NaN,NaN,NaN,NaN,NaN,NaN,NaN
2.901767221E1,NaN,NaN,NaN,NaN,NaN,NaN,NaN,NaN
2.902763521E1,NaN,NaN,NaN,NaN,NaN,NaN,NaN,NaN
2.903759821E1,NaN,NaN,NaN,NaN,NaN,NaN,NaN,NaN
2.904756021E1,NaN,NaN,NaN,NaN,NaN,NaN,NaN,NaN
2.905752321E1,NaN,NaN,NaN,NaN,NaN,NaN,NaN,NaN
2.906748621E1,NaN,NaN,NaN,NaN,NaN,NaN,NaN,NaN
2.907744921E1,NaN,NaN,NaN,NaN,NaN,NaN,NaN,NaN
2.908741121E1,NaN,NaN,NaN,NaN,NaN,NaN,NaN,NaN
2.909737421E1,NaN,NaN,NaN,NaN,NaN,NaN,NaN,NaN
2.910733721E1,NaN,NaN,NaN,NaN,NaN,NaN,NaN,NaN
2.911730021E1,NaN,NaN,NaN,NaN,NaN,NaN,NaN,NaN
2.912726321E1,NaN,NaN,NaN,NaN,NaN,NaN,NaN,NaN
2.913722521E1,NaN,NaN,NaN,NaN,NaN,NaN,NaN,NaN
2.914718821E1,NaN,NaN,NaN,NaN,NaN,NaN,NaN,NaN
2.915715121E1,NaN,NaN,NaN,NaN,NaN,NaN,NaN,NaN
2.916711421E1,NaN,NaN,NaN,NaN,NaN,NaN,NaN,NaN
2.917707621E1,NaN,NaN,NaN,NaN,NaN,NaN,NaN,NaN
2.918703921E1,NaN,NaN,NaN,NaN,NaN,NaN,NaN,NaN
2.919700221E1,NaN,NaN,NaN,NaN,NaN,NaN,NaN,NaN
2.920696521E1,NaN,NaN,NaN,NaN,NaN,NaN,NaN,NaN
2.921692821E1,NaN,NaN,NaN,NaN,NaN,NaN,NaN,NaN
2.922689021E1,NaN,NaN,NaN,NaN,NaN,NaN,NaN,NaN
2.923685321E1,NaN,NaN,NaN,NaN,NaN,NaN,NaN,NaN
2.924681621E1,NaN,NaN,NaN,NaN,NaN,NaN,NaN,NaN
2.925677921E1,NaN,NaN,NaN,NaN,NaN,NaN,NaN,NaN
2.926674121E1,NaN,NaN,NaN,NaN,NaN,NaN,NaN,NaN
2.927670421E1,NaN,NaN,NaN,NaN,NaN,NaN,NaN,NaN
2.928666721E1,NaN,NaN,NaN,NaN,NaN,NaN,NaN,NaN
2.929663021E1,NaN,NaN,NaN,NaN,NaN,NaN,NaN,NaN
2.930659321E1,NaN,NaN,NaN,NaN,NaN,NaN,NaN,NaN
2.931655521E1,NaN,NaN,NaN,NaN,NaN,NaN,NaN,NaN
2.932651821E1,NaN,NaN,NaN,NaN,NaN,NaN,NaN,NaN
2.933648121E1,NaN,NaN,NaN,NaN,NaN,NaN,NaN,NaN
2.934644421E1,NaN,NaN,NaN,NaN,NaN,NaN,NaN,NaN
2.935640721E1,NaN,NaN,NaN,NaN,NaN,NaN,NaN,NaN
2.936636921E1,NaN,NaN,NaN,NaN,NaN,NaN,NaN,NaN
2.937633221E1,NaN,NaN,NaN,NaN,NaN,NaN,NaN,NaN
2.938629521E1,NaN,NaN,NaN,NaN,NaN,NaN,NaN,NaN
2.939625821E1,NaN,NaN,NaN,NaN,NaN,NaN,NaN,NaN
2.940622121E1,NaN,NaN,NaN,NaN,NaN,NaN,NaN,NaN
2.941618321E1,NaN,NaN,NaN,NaN,NaN,NaN,NaN,NaN
2.942614621E1,NaN,NaN,NaN,NaN,NaN,NaN,NaN,NaN
2.943610921E1,NaN,NaN,NaN,NaN,NaN,NaN,NaN,NaN
2.944607221E1,NaN,NaN,NaN,NaN,NaN,NaN,NaN,NaN
2.945603521E1,NaN,NaN,NaN,NaN,NaN,NaN,NaN,NaN
2.946599721E1,NaN,NaN,NaN,NaN,NaN,NaN,NaN,NaN
2.947596021E1,NaN,NaN,NaN,NaN,NaN,NaN,NaN,NaN
2.948592321E1,NaN,NaN,NaN,NaN,NaN,NaN,NaN,NaN
2.949588621E1,NaN,NaN,NaN,NaN,NaN,NaN,NaN,NaN
2.950584921E1,NaN,NaN,NaN,NaN,NaN,NaN,NaN,NaN
2.951581121E1,NaN,NaN,NaN,NaN,NaN,NaN,NaN,NaN
2.952577421E1,NaN,NaN,NaN,NaN,NaN,NaN,NaN,NaN
2.953573721E1,NaN,NaN,NaN,NaN,NaN,NaN,NaN,NaN
2.954570021E1,NaN,NaN,NaN,NaN,NaN,NaN,NaN,NaN
2.955566321E1,NaN,NaN,NaN,NaN,NaN,NaN,NaN,NaN
2.956562521E1,NaN,NaN,NaN,NaN,NaN,NaN,NaN,NaN
2.957558821E1,NaN,NaN,NaN,NaN,NaN,NaN,NaN,NaN
2.958555121E1,NaN,NaN,NaN,NaN,NaN,NaN,NaN,NaN
2.959551421E1,NaN,NaN,NaN,NaN,NaN,NaN,NaN,NaN
2.960547721E1,NaN,NaN,NaN,NaN,NaN,NaN,NaN,NaN
2.961544021E1,NaN,NaN,NaN,NaN,NaN,NaN,NaN,NaN
2.962540221E1,NaN,NaN,NaN,NaN,NaN,NaN,NaN,NaN
2.963536521E1,NaN,NaN,NaN,NaN,NaN,NaN,NaN,NaN
2.964532821E1,NaN,NaN,NaN,NaN,NaN,NaN,NaN,NaN
2.965529121E1,NaN,NaN,NaN,NaN,NaN,NaN,NaN,NaN
2.966525421E1,NaN,NaN,NaN,NaN,NaN,NaN,NaN,NaN
2.967521721E1,NaN,NaN,NaN,NaN,NaN,NaN,NaN,NaN
2.968517921E1,NaN,NaN,NaN,NaN,NaN,NaN,NaN,NaN
2.969514221E1,NaN,NaN,NaN,NaN,NaN,NaN,NaN,NaN
2.970510521E1,NaN,NaN,NaN,NaN,NaN,NaN,NaN,NaN
2.971506821E1,NaN,NaN,NaN,NaN,NaN,NaN,NaN,NaN
2.972503121E1,NaN,NaN,NaN,NaN,NaN,NaN,NaN,NaN
2.973499321E1,NaN,NaN,NaN,NaN,NaN,NaN,NaN,NaN
2.974495621E1,NaN,NaN,NaN,NaN,NaN,NaN,NaN,NaN
2.975491921E1,NaN,NaN,NaN,NaN,NaN,NaN,NaN,NaN
2.976488221E1,NaN,NaN,NaN,NaN,NaN,NaN,NaN,NaN
2.977484521E1,NaN,NaN,NaN,NaN,NaN,NaN,NaN,NaN
2.978480821E1,NaN,NaN,NaN,NaN,NaN,NaN,NaN,NaN
2.979477021E1,NaN,NaN,NaN,NaN,NaN,NaN,NaN,NaN
2.980473321E1,NaN,NaN,NaN,NaN,NaN,NaN,NaN,NaN
2.981469621E1,NaN,NaN,NaN,NaN,NaN,NaN,NaN,NaN
2.982465921E1,NaN,NaN,NaN,NaN,NaN,NaN,NaN,NaN
2.983462221E1,NaN,NaN,NaN,NaN,NaN,NaN,NaN,NaN
2.984458521E1,NaN,NaN,NaN,NaN,NaN,NaN,NaN,NaN
2.985454821E1,NaN,NaN,NaN,NaN,NaN,NaN,NaN,NaN
2.986451021E1,NaN,NaN,NaN,NaN,NaN,NaN,NaN,NaN
2.987447321E1,NaN,NaN,NaN,NaN,NaN,NaN,NaN,NaN
2.988443621E1,NaN,NaN,NaN,NaN,NaN,NaN,NaN,NaN
2.989439921E1,NaN,NaN,NaN,NaN,NaN,NaN,NaN,NaN
2.990436221E1,NaN,NaN,NaN,NaN,NaN,NaN,NaN,NaN
2.991432521E1,NaN,NaN,NaN,NaN,NaN,NaN,NaN,NaN
2.992428721E1,NaN,NaN,NaN,NaN,NaN,NaN,NaN,NaN
2.993425021E1,NaN,NaN,NaN,NaN,NaN,NaN,NaN,NaN
2.994421304E1,NaN,NaN,NaN,NaN,NaN,NaN,NaN,NaN
2.995417604E1,NaN,NaN,NaN,NaN,NaN,NaN,NaN,NaN
2.996413904E1,NaN,NaN,NaN,NaN,NaN,NaN,NaN,NaN
2.997410204E1,NaN,NaN,NaN,NaN,NaN,NaN,NaN,NaN
2.998406504E1,NaN,NaN,NaN,NaN,NaN,NaN,NaN,NaN
2.999402704E1,NaN,NaN,NaN,NaN,NaN,NaN,NaN,NaN
3.000399004E1,NaN,NaN,NaN,NaN,NaN,NaN,NaN,NaN
3.001395304E1,NaN,NaN,NaN,NaN,NaN,NaN,NaN,NaN
3.002391604E1,NaN,NaN,NaN,NaN,NaN,NaN,NaN,NaN
3.003387904E1,NaN,NaN,NaN,NaN,NaN,NaN,NaN,NaN
3.004384204E1,NaN,NaN,NaN,NaN,NaN,NaN,NaN,NaN
3.005380504E1,NaN,NaN,NaN,NaN,NaN,NaN,NaN,NaN
3.006376704E1,NaN,NaN,NaN,NaN,NaN,NaN,NaN,NaN
3.007373004E1,NaN,NaN,NaN,NaN,NaN,NaN,NaN,NaN
3.008369304E1,NaN,NaN,NaN,NaN,NaN,NaN,NaN,NaN
3.009365604E1,NaN,NaN,NaN,NaN,NaN,NaN,NaN,NaN
3.010361904E1,NaN,NaN,NaN,NaN,NaN,NaN,NaN,NaN
3.011358204E1,NaN,NaN,NaN,NaN,NaN,NaN,NaN,NaN
3.012354504E1,NaN,NaN,NaN,NaN,NaN,NaN,NaN,NaN
3.013350804E1,NaN,NaN,NaN,NaN,NaN,NaN,NaN,NaN
3.014347004E1,NaN,NaN,NaN,NaN,NaN,NaN,NaN,NaN
3.015343304E1,NaN,NaN,NaN,NaN,NaN,NaN,NaN,NaN
3.016339604E1,NaN,NaN,NaN,NaN,NaN,NaN,NaN,NaN
3.017335904E1,NaN,NaN,NaN,NaN,NaN,NaN,NaN,NaN
3.018332204E1,NaN,NaN,NaN,NaN,NaN,NaN,NaN,NaN
3.019328504E1,NaN,NaN,NaN,NaN,NaN,NaN,NaN,NaN
3.020324804E1,NaN,NaN,NaN,NaN,NaN,NaN,NaN,NaN
3.021321104E1,NaN,NaN,NaN,NaN,NaN,NaN,NaN,NaN
3.022317304E1,NaN,NaN,NaN,NaN,NaN,NaN,NaN,NaN
3.023313604E1,NaN,NaN,NaN,NaN,NaN,NaN,NaN,NaN
3.024309904E1,NaN,NaN,NaN,NaN,NaN,NaN,NaN,NaN
3.025306204E1,NaN,NaN,NaN,NaN,NaN,NaN,NaN,NaN
3.026302504E1,NaN,NaN,NaN,NaN,NaN,NaN,NaN,NaN
3.027298804E1,NaN,NaN,NaN,NaN,NaN,NaN,NaN,NaN
3.028295104E1,NaN,NaN,NaN,NaN,NaN,NaN,NaN,NaN
3.029291404E1,NaN,NaN,NaN,NaN,NaN,NaN,NaN,NaN
3.030287704E1,NaN,NaN,NaN,NaN,NaN,NaN,NaN,NaN
3.031283904E1,NaN,NaN,NaN,NaN,NaN,NaN,NaN,NaN
3.032280204E1,NaN,NaN,NaN,NaN,NaN,NaN,NaN,NaN
3.033276504E1,NaN,NaN,NaN,NaN,NaN,NaN,NaN,NaN
3.034272804E1,NaN,NaN,NaN,NaN,NaN,NaN,NaN,NaN
3.035269104E1,NaN,NaN,NaN,NaN,NaN,NaN,NaN,NaN
3.036265404E1,NaN,NaN,NaN,NaN,NaN,NaN,NaN,NaN
3.037261704E1,NaN,NaN,NaN,NaN,NaN,NaN,NaN,NaN
3.038258004E1,NaN,NaN,NaN,NaN,NaN,NaN,NaN,NaN
3.039254304E1,NaN,NaN,NaN,NaN,NaN,NaN,NaN,NaN
3.040250604E1,NaN,NaN,NaN,NaN,NaN,NaN,NaN,NaN
3.041246804E1,NaN,NaN,NaN,NaN,NaN,NaN,NaN,NaN
3.042243104E1,NaN,NaN,NaN,NaN,NaN,NaN,NaN,NaN
3.043239404E1,NaN,NaN,NaN,NaN,NaN,NaN,NaN,NaN
3.044235704E1,NaN,NaN,NaN,NaN,NaN,NaN,NaN,NaN
3.045232004E1,NaN,NaN,NaN,NaN,NaN,NaN,NaN,NaN
3.046228304E1,NaN,NaN,NaN,NaN,NaN,NaN,NaN,NaN
3.047224604E1,NaN,NaN,NaN,NaN,NaN,NaN,NaN,NaN
3.048220904E1,NaN,NaN,NaN,NaN,NaN,NaN,NaN,NaN
3.049217204E1,NaN,NaN,NaN,NaN,NaN,NaN,NaN,NaN
3.050213504E1,NaN,NaN,NaN,NaN,NaN,NaN,NaN,NaN
3.051209704E1,NaN,NaN,NaN,NaN,NaN,NaN,NaN,NaN
3.052206004E1,NaN,NaN,NaN,NaN,NaN,NaN,NaN,NaN
3.053202304E1,NaN,NaN,NaN,NaN,NaN,NaN,NaN,NaN
3.054198604E1,NaN,NaN,NaN,NaN,NaN,NaN,NaN,NaN
3.055194904E1,NaN,NaN,NaN,NaN,NaN,NaN,NaN,NaN
3.056191204E1,NaN,NaN,NaN,NaN,NaN,NaN,NaN,NaN
3.057187504E1,NaN,NaN,NaN,NaN,NaN,NaN,NaN,NaN
3.058183804E1,NaN,NaN,NaN,NaN,NaN,NaN,NaN,NaN
3.059180104E1,NaN,NaN,NaN,NaN,NaN,NaN,NaN,NaN
3.060176404E1,NaN,NaN,NaN,NaN,NaN,NaN,NaN,NaN
3.061172704E1,NaN,NaN,NaN,NaN,NaN,NaN,NaN,NaN
3.062169004E1,NaN,NaN,NaN,NaN,NaN,NaN,NaN,NaN
3.063165204E1,NaN,NaN,NaN,NaN,NaN,NaN,NaN,NaN
3.064161504E1,NaN,NaN,NaN,NaN,NaN,NaN,NaN,NaN
3.065157804E1,NaN,NaN,NaN,NaN,NaN,NaN,NaN,NaN
3.066154104E1,NaN,NaN,NaN,NaN,NaN,NaN,NaN,NaN
3.067150404E1,NaN,NaN,NaN,NaN,NaN,NaN,NaN,NaN
3.068146704E1,NaN,NaN,NaN,NaN,NaN,NaN,NaN,NaN
3.069143004E1,NaN,NaN,NaN,NaN,NaN,NaN,NaN,NaN
3.070139304E1,NaN,NaN,NaN,NaN,NaN,NaN,NaN,NaN
3.071135604E1,NaN,NaN,NaN,NaN,NaN,NaN,NaN,NaN
3.072131904E1,NaN,NaN,NaN,NaN,NaN,NaN,NaN,NaN
3.073128204E1,NaN,NaN,NaN,NaN,NaN,NaN,NaN,NaN
3.074124504E1,NaN,NaN,NaN,NaN,NaN,NaN,NaN,NaN
3.075120804E1,NaN,NaN,NaN,NaN,NaN,NaN,NaN,NaN
3.076117104E1,NaN,NaN,NaN,NaN,NaN,NaN,NaN,NaN
3.077113304E1,NaN,NaN,NaN,NaN,NaN,NaN,NaN,NaN
3.078109604E1,NaN,NaN,NaN,NaN,NaN,NaN,NaN,NaN
3.079105904E1,NaN,NaN,NaN,NaN,NaN,NaN,NaN,NaN
3.080102204E1,NaN,NaN,NaN,NaN,NaN,NaN,NaN,NaN
3.081098504E1,NaN,NaN,NaN,NaN,NaN,NaN,NaN,NaN
3.082094804E1,NaN,NaN,NaN,NaN,NaN,NaN,NaN,NaN
3.083091104E1,NaN,NaN,NaN,NaN,NaN,NaN,NaN,NaN
3.084087404E1,NaN,NaN,NaN,NaN,NaN,NaN,NaN,NaN
3.085083704E1,NaN,NaN,NaN,NaN,NaN,NaN,NaN,NaN
3.086080004E1,NaN,NaN,NaN,NaN,NaN,NaN,NaN,NaN
3.087076304E1,NaN,NaN,NaN,NaN,NaN,NaN,NaN,NaN
3.088072604E1,NaN,NaN,NaN,NaN,NaN,NaN,NaN,NaN
3.089068904E1,NaN,NaN,NaN,NaN,NaN,NaN,NaN,NaN
3.090065204E1,NaN,NaN,NaN,NaN,NaN,NaN,NaN,NaN
3.091061504E1,NaN,NaN,NaN,NaN,NaN,NaN,NaN,NaN
3.092057804E1,NaN,NaN,NaN,NaN,NaN,NaN,NaN,NaN
3.093054104E1,NaN,NaN,NaN,NaN,NaN,NaN,NaN,NaN
3.094050429E1,NaN,NaN,NaN,NaN,NaN,NaN,NaN,NaN
3.095046729E1,NaN,NaN,NaN,NaN,NaN,NaN,NaN,NaN
3.096042929E1,NaN,NaN,NaN,NaN,NaN,NaN,NaN,NaN
3.097039229E1,NaN,NaN,NaN,NaN,NaN,NaN,NaN,NaN
3.098035529E1,NaN,NaN,NaN,NaN,NaN,NaN,NaN,NaN
3.099031829E1,NaN,NaN,NaN,NaN,NaN,NaN,NaN,NaN
3.100028129E1,NaN,NaN,NaN,NaN,NaN,NaN,NaN,NaN
3.101024429E1,NaN,NaN,NaN,NaN,NaN,NaN,NaN,NaN
3.102020729E1,NaN,NaN,NaN,NaN,NaN,NaN,NaN,NaN
3.103017029E1,NaN,NaN,NaN,NaN,NaN,NaN,NaN,NaN
3.104013329E1,NaN,NaN,NaN,NaN,NaN,NaN,NaN,NaN
3.105009629E1,NaN,NaN,NaN,NaN,NaN,NaN,NaN,NaN
3.106005929E1,NaN,NaN,NaN,NaN,NaN,NaN,NaN,NaN
3.107002229E1,NaN,NaN,NaN,NaN,NaN,NaN,NaN,NaN
3.107998529E1,NaN,NaN,NaN,NaN,NaN,NaN,NaN,NaN
3.108994829E1,NaN,NaN,NaN,NaN,NaN,NaN,NaN,NaN
3.109991129E1,NaN,NaN,NaN,NaN,NaN,NaN,NaN,NaN
3.110987429E1,NaN,NaN,NaN,NaN,NaN,NaN,NaN,NaN
3.111983729E1,NaN,NaN,NaN,NaN,NaN,NaN,NaN,NaN
3.112980029E1,NaN,NaN,NaN,NaN,NaN,NaN,NaN,NaN
3.113976329E1,NaN,NaN,NaN,NaN,NaN,NaN,NaN,NaN
3.114972629E1,NaN,NaN,NaN,NaN,NaN,NaN,NaN,NaN
3.115968929E1,NaN,NaN,NaN,NaN,NaN,NaN,NaN,NaN
3.116965229E1,NaN,NaN,NaN,NaN,NaN,NaN,NaN,NaN
3.117961529E1,NaN,NaN,NaN,NaN,NaN,NaN,NaN,NaN
3.118957829E1,NaN,NaN,NaN,NaN,NaN,NaN,NaN,NaN
3.119954129E1,NaN,NaN,NaN,NaN,NaN,NaN,NaN,NaN
3.120950429E1,NaN,NaN,NaN,NaN,NaN,NaN,NaN,NaN
3.121946729E1,NaN,NaN,NaN,NaN,NaN,NaN,NaN,NaN
3.122943029E1,NaN,NaN,NaN,NaN,NaN,NaN,NaN,NaN
3.123939329E1,NaN,NaN,NaN,NaN,NaN,NaN,NaN,NaN
3.124935629E1,NaN,NaN,NaN,NaN,NaN,NaN,NaN,NaN
3.125931929E1,NaN,NaN,NaN,NaN,NaN,NaN,NaN,NaN
3.126928229E1,NaN,NaN,NaN,NaN,NaN,NaN,NaN,NaN
3.127924529E1,NaN,NaN,NaN,NaN,NaN,NaN,NaN,NaN
3.128920829E1,NaN,NaN,NaN,NaN,NaN,NaN,NaN,NaN
3.129917129E1,NaN,NaN,NaN,NaN,NaN,NaN,NaN,NaN
3.130913429E1,NaN,NaN,NaN,NaN,NaN,NaN,NaN,NaN
3.131909729E1,NaN,NaN,NaN,NaN,NaN,NaN,NaN,NaN
3.132906029E1,NaN,NaN,NaN,NaN,NaN,NaN,NaN,NaN
3.133902329E1,NaN,NaN,NaN,NaN,NaN,NaN,NaN,NaN
3.134898629E1,NaN,NaN,NaN,NaN,NaN,NaN,NaN,NaN
3.135894929E1,NaN,NaN,NaN,NaN,NaN,NaN,NaN,NaN
3.136891229E1,NaN,NaN,NaN,NaN,NaN,NaN,NaN,NaN
3.137887529E1,NaN,NaN,NaN,NaN,NaN,NaN,NaN,NaN
3.138883829E1,NaN,NaN,NaN,NaN,NaN,NaN,NaN,NaN
3.139880129E1,NaN,NaN,NaN,NaN,NaN,NaN,NaN,NaN
3.140876429E1,NaN,NaN,NaN,NaN,NaN,NaN,NaN,NaN
3.141872729E1,NaN,NaN,NaN,NaN,NaN,NaN,NaN,NaN
3.142869029E1,NaN,NaN,NaN,NaN,NaN,NaN,NaN,NaN
3.143865329E1,NaN,NaN,NaN,NaN,NaN,NaN,NaN,NaN
3.144861629E1,NaN,NaN,NaN,NaN,NaN,NaN,NaN,NaN
3.145857929E1,NaN,NaN,NaN,NaN,NaN,NaN,NaN,NaN
3.146854229E1,NaN,NaN,NaN,NaN,NaN,NaN,NaN,NaN
3.147850529E1,NaN,NaN,NaN,NaN,NaN,NaN,NaN,NaN
3.148846829E1,NaN,NaN,NaN,NaN,NaN,NaN,NaN,NaN
3.149843129E1,NaN,NaN,NaN,NaN,NaN,NaN,NaN,NaN
3.150839429E1,NaN,NaN,NaN,NaN,NaN,NaN,NaN,NaN
3.151835729E1,NaN,NaN,NaN,NaN,NaN,NaN,NaN,NaN
3.152832029E1,NaN,NaN,NaN,NaN,NaN,NaN,NaN,NaN
3.153828329E1,NaN,NaN,NaN,NaN,NaN,NaN,NaN,NaN
3.154824629E1,NaN,NaN,NaN,NaN,NaN,NaN,NaN,NaN
3.155820929E1,NaN,NaN,NaN,NaN,NaN,NaN,NaN,NaN
3.156817229E1,NaN,NaN,NaN,NaN,NaN,NaN,NaN,NaN
3.157813529E1,NaN,NaN,NaN,NaN,NaN,NaN,NaN,NaN
3.158809829E1,NaN,NaN,NaN,NaN,NaN,NaN,NaN,NaN
3.159806129E1,NaN,NaN,NaN,NaN,NaN,NaN,NaN,NaN
3.160802429E1,NaN,NaN,NaN,NaN,NaN,NaN,NaN,NaN
3.161798729E1,NaN,NaN,NaN,NaN,NaN,NaN,NaN,NaN
3.162795029E1,NaN,NaN,NaN,NaN,NaN,NaN,NaN,NaN
3.163791329E1,NaN,NaN,NaN,NaN,NaN,NaN,NaN,NaN
3.164787629E1,NaN,NaN,NaN,NaN,NaN,NaN,NaN,NaN
3.165783929E1,NaN,NaN,NaN,NaN,NaN,NaN,NaN,NaN
3.166780229E1,NaN,NaN,NaN,NaN,NaN,NaN,NaN,NaN
3.167776529E1,NaN,NaN,NaN,NaN,NaN,NaN,NaN,NaN
3.168772829E1,NaN,NaN,NaN,NaN,NaN,NaN,NaN,NaN
3.169769129E1,NaN,NaN,NaN,NaN,NaN,NaN,NaN,NaN
3.170765429E1,NaN,NaN,NaN,NaN,NaN,NaN,NaN,NaN
3.171761729E1,NaN,NaN,NaN,NaN,NaN,NaN,NaN,NaN
3.172758029E1,NaN,NaN,NaN,NaN,NaN,NaN,NaN,NaN
3.173754329E1,NaN,NaN,NaN,NaN,NaN,NaN,NaN,NaN
3.174750629E1,NaN,NaN,NaN,NaN,NaN,NaN,NaN,NaN
3.175746929E1,NaN,NaN,NaN,NaN,NaN,NaN,NaN,NaN
3.176743229E1,NaN,NaN,NaN,NaN,NaN,NaN,NaN,NaN
3.177739529E1,NaN,NaN,NaN,NaN,NaN,NaN,NaN,NaN
3.178735829E1,NaN,NaN,NaN,NaN,NaN,NaN,NaN,NaN
3.179732129E1,NaN,NaN,NaN,NaN,NaN,NaN,NaN,NaN
3.180728429E1,NaN,NaN,NaN,NaN,NaN,NaN,NaN,NaN
3.181724829E1,NaN,NaN,NaN,NaN,NaN,NaN,NaN,NaN
3.182721129E1,NaN,NaN,NaN,NaN,NaN,NaN,NaN,NaN
3.183717429E1,NaN,NaN,NaN,NaN,NaN,NaN,NaN,NaN
3.184713729E1,NaN,NaN,NaN,NaN,NaN,NaN,NaN,NaN
3.185710029E1,NaN,NaN,NaN,NaN,NaN,NaN,NaN,NaN
3.186706329E1,NaN,NaN,NaN,NaN,NaN,NaN,NaN,NaN
3.187702629E1,NaN,NaN,NaN,NaN,NaN,NaN,NaN,NaN
3.188698929E1,NaN,NaN,NaN,NaN,NaN,NaN,NaN,NaN
3.189695229E1,NaN,NaN,NaN,NaN,NaN,NaN,NaN,NaN
3.190691529E1,NaN,NaN,NaN,NaN,NaN,NaN,NaN,NaN
3.191687829E1,NaN,NaN,NaN,NaN,NaN,NaN,NaN,NaN
3.192684129E1,NaN,NaN,NaN,NaN,NaN,NaN,NaN,NaN
3.193680429E1,NaN,NaN,NaN,NaN,NaN,NaN,NaN,NaN
3.194676717E1,NaN,NaN,NaN,NaN,NaN,NaN,NaN,NaN
3.195673017E1,NaN,NaN,NaN,NaN,NaN,NaN,NaN,NaN
3.196669317E1,NaN,NaN,NaN,NaN,NaN,NaN,NaN,NaN
3.197665617E1,NaN,NaN,NaN,NaN,NaN,NaN,NaN,NaN
3.198661917E1,NaN,NaN,NaN,NaN,NaN,NaN,NaN,NaN
3.199658217E1,NaN,NaN,NaN,NaN,NaN,NaN,NaN,NaN
3.200654617E1,NaN,NaN,NaN,NaN,NaN,NaN,NaN,NaN
3.201650917E1,NaN,NaN,NaN,NaN,NaN,NaN,NaN,NaN
3.202647217E1,NaN,NaN,NaN,NaN,NaN,NaN,NaN,NaN
3.203643517E1,NaN,NaN,NaN,NaN,NaN,NaN,NaN,NaN
3.204639817E1,NaN,NaN,NaN,NaN,NaN,NaN,NaN,NaN
3.205636117E1,NaN,NaN,NaN,NaN,NaN,NaN,NaN,NaN
3.206632417E1,NaN,NaN,NaN,NaN,NaN,NaN,NaN,NaN
3.207628717E1,NaN,NaN,NaN,NaN,NaN,NaN,NaN,NaN
3.208625017E1,NaN,NaN,NaN,NaN,NaN,NaN,NaN,NaN
3.209621317E1,NaN,NaN,NaN,NaN,NaN,NaN,NaN,NaN
3.210617617E1,NaN,NaN,NaN,NaN,NaN,NaN,NaN,NaN
3.211613917E1,NaN,NaN,NaN,NaN,NaN,NaN,NaN,NaN
3.212610217E1,NaN,NaN,NaN,NaN,NaN,NaN,NaN,NaN
3.213606517E1,NaN,NaN,NaN,NaN,NaN,NaN,NaN,NaN
3.214602817E1,NaN,NaN,NaN,NaN,NaN,NaN,NaN,NaN
3.215599217E1,NaN,NaN,NaN,NaN,NaN,NaN,NaN,NaN
3.216595517E1,NaN,NaN,NaN,NaN,NaN,NaN,NaN,NaN
3.217591817E1,NaN,NaN,NaN,NaN,NaN,NaN,NaN,NaN
3.218588117E1,NaN,NaN,NaN,NaN,NaN,NaN,NaN,NaN
3.219584417E1,NaN,NaN,NaN,NaN,NaN,NaN,NaN,NaN
3.220580717E1,NaN,NaN,NaN,NaN,NaN,NaN,NaN,NaN
3.221577017E1,NaN,NaN,NaN,NaN,NaN,NaN,NaN,NaN
3.222573317E1,NaN,NaN,NaN,NaN,NaN,NaN,NaN,NaN
3.223569617E1,NaN,NaN,NaN,NaN,NaN,NaN,NaN,NaN
3.224565917E1,NaN,NaN,NaN,NaN,NaN,NaN,NaN,NaN
3.225562217E1,NaN,NaN,NaN,NaN,NaN,NaN,NaN,NaN
3.226558517E1,NaN,NaN,NaN,NaN,NaN,NaN,NaN,NaN
3.227554917E1,NaN,NaN,NaN,NaN,NaN,NaN,NaN,NaN
3.228551217E1,NaN,NaN,NaN,NaN,NaN,NaN,NaN,NaN
3.229547517E1,NaN,NaN,NaN,NaN,NaN,NaN,NaN,NaN
3.230543817E1,NaN,NaN,NaN,NaN,NaN,NaN,NaN,NaN
3.231540117E1,NaN,NaN,NaN,NaN,NaN,NaN,NaN,NaN
3.232536417E1,NaN,NaN,NaN,NaN,NaN,NaN,NaN,NaN
3.233532717E1,NaN,NaN,NaN,NaN,NaN,NaN,NaN,NaN
3.234529017E1,NaN,NaN,NaN,NaN,NaN,NaN,NaN,NaN
3.235525317E1,NaN,NaN,NaN,NaN,NaN,NaN,NaN,NaN
3.236521617E1,NaN,NaN,NaN,NaN,NaN,NaN,NaN,NaN
3.237518017E1,NaN,NaN,NaN,NaN,NaN,NaN,NaN,NaN
3.238514317E1,NaN,NaN,NaN,NaN,NaN,NaN,NaN,NaN
3.239510617E1,NaN,NaN,NaN,NaN,NaN,NaN,NaN,NaN
3.240506917E1,NaN,NaN,NaN,NaN,NaN,NaN,NaN,NaN
3.241503217E1,NaN,NaN,NaN,NaN,NaN,NaN,NaN,NaN
3.242499517E1,NaN,NaN,NaN,NaN,NaN,NaN,NaN,NaN
3.243495817E1,NaN,NaN,NaN,NaN,NaN,NaN,NaN,NaN
3.244492117E1,NaN,NaN,NaN,NaN,NaN,NaN,NaN,NaN
3.245488417E1,NaN,NaN,NaN,NaN,NaN,NaN,NaN,NaN
3.246484717E1,NaN,NaN,NaN,NaN,NaN,NaN,NaN,NaN
3.247481017E1,NaN,NaN,NaN,NaN,NaN,NaN,NaN,NaN
3.248477417E1,NaN,NaN,NaN,NaN,NaN,NaN,NaN,NaN
3.249473717E1,NaN,NaN,NaN,NaN,NaN,NaN,NaN,NaN
3.250470017E1,NaN,NaN,NaN,NaN,NaN,NaN,NaN,NaN
3.251466317E1,NaN,NaN,NaN,NaN,NaN,NaN,NaN,NaN
3.252462617E1,NaN,NaN,NaN,NaN,NaN,NaN,NaN,NaN
3.253458917E1,NaN,NaN,NaN,NaN,NaN,NaN,NaN,NaN
3.254455217E1,NaN,NaN,NaN,NaN,NaN,NaN,NaN,NaN
3.255451517E1,NaN,NaN,NaN,NaN,NaN,NaN,NaN,NaN
3.256447917E1,NaN,NaN,NaN,NaN,NaN,NaN,NaN,NaN
3.257444217E1,NaN,NaN,NaN,NaN,NaN,NaN,NaN,NaN
3.258440517E1,NaN,NaN,NaN,NaN,NaN,NaN,NaN,NaN
3.259436817E1,NaN,NaN,NaN,NaN,NaN,NaN,NaN,NaN
3.260433117E1,NaN,NaN,NaN,NaN,NaN,NaN,NaN,NaN
3.261429417E1,NaN,NaN,NaN,NaN,NaN,NaN,NaN,NaN
3.262425717E1,NaN,NaN,NaN,NaN,NaN,NaN,NaN,NaN
3.263422017E1,NaN,NaN,NaN,NaN,NaN,NaN,NaN,NaN
3.264418317E1,NaN,NaN,NaN,NaN,NaN,NaN,NaN,NaN
3.265414717E1,NaN,NaN,NaN,NaN,NaN,NaN,NaN,NaN
3.266411017E1,NaN,NaN,NaN,NaN,NaN,NaN,NaN,NaN
3.267407317E1,NaN,NaN,NaN,NaN,NaN,NaN,NaN,NaN
3.268403617E1,NaN,NaN,NaN,NaN,NaN,NaN,NaN,NaN
3.269399917E1,NaN,NaN,NaN,NaN,NaN,NaN,NaN,NaN
3.270396217E1,NaN,NaN,NaN,NaN,NaN,NaN,NaN,NaN
3.271392517E1,NaN,NaN,NaN,NaN,NaN,NaN,NaN,NaN
3.272388817E1,NaN,NaN,NaN,NaN,NaN,NaN,NaN,NaN
3.273385217E1,NaN,NaN,NaN,NaN,NaN,NaN,NaN,NaN
3.274381517E1,NaN,NaN,NaN,NaN,NaN,NaN,NaN,NaN
3.275377817E1,NaN,NaN,NaN,NaN,NaN,NaN,NaN,NaN
3.276374117E1,NaN,NaN,NaN,NaN,NaN,NaN,NaN,NaN
3.277370417E1,NaN,NaN,NaN,NaN,NaN,NaN,NaN,NaN
3.278366717E1,NaN,NaN,NaN,NaN,NaN,NaN,NaN,NaN
3.279363017E1,NaN,NaN,NaN,NaN,NaN,NaN,NaN,NaN
3.280359417E1,NaN,NaN,NaN,NaN,NaN,NaN,NaN,NaN
3.281355717E1,NaN,NaN,NaN,NaN,NaN,NaN,NaN,NaN
3.282352017E1,NaN,NaN,NaN,NaN,NaN,NaN,NaN,NaN
3.283348317E1,NaN,NaN,NaN,NaN,NaN,NaN,NaN,NaN
3.284344617E1,NaN,NaN,NaN,NaN,NaN,NaN,NaN,NaN
3.285340917E1,NaN,NaN,NaN,NaN,NaN,NaN,NaN,NaN
3.286337217E1,NaN,NaN,NaN,NaN,NaN,NaN,NaN,NaN
3.287333517E1,NaN,NaN,NaN,NaN,NaN,NaN,NaN,NaN
3.288329917E1,NaN,NaN,NaN,NaN,NaN,NaN,NaN,NaN
3.289326217E1,NaN,NaN,NaN,NaN,NaN,NaN,NaN,NaN
3.290322517E1,NaN,NaN,NaN,NaN,NaN,NaN,NaN,NaN
3.291318817E1,NaN,NaN,NaN,NaN,NaN,NaN,NaN,NaN
3.292315117E1,NaN,NaN,NaN,NaN,NaN,NaN,NaN,NaN
3.293311417E1,NaN,NaN,NaN,NaN,NaN,NaN,NaN,NaN
3.294307858E1,NaN,NaN,NaN,NaN,NaN,NaN,NaN,NaN
3.295304158E1,NaN,NaN,NaN,NaN,NaN,NaN,NaN,NaN
3.296300458E1,NaN,NaN,NaN,NaN,NaN,NaN,NaN,NaN
3.297296758E1,NaN,NaN,NaN,NaN,NaN,NaN,NaN,NaN
3.298293058E1,NaN,NaN,NaN,NaN,NaN,NaN,NaN,NaN
3.299289358E1,NaN,NaN,NaN,NaN,NaN,NaN,NaN,NaN
3.300285658E1,NaN,NaN,NaN,NaN,NaN,NaN,NaN,NaN
3.301282058E1,NaN,NaN,NaN,NaN,NaN,NaN,NaN,NaN
3.302278358E1,NaN,NaN,NaN,NaN,NaN,NaN,NaN,NaN
3.303274658E1,NaN,NaN,NaN,NaN,NaN,NaN,NaN,NaN
3.304270958E1,NaN,NaN,NaN,NaN,NaN,NaN,NaN,NaN
3.305267258E1,NaN,NaN,NaN,NaN,NaN,NaN,NaN,NaN
3.306263558E1,NaN,NaN,NaN,NaN,NaN,NaN,NaN,NaN
3.307259958E1,NaN,NaN,NaN,NaN,NaN,NaN,NaN,NaN
3.308256258E1,NaN,NaN,NaN,NaN,NaN,NaN,NaN,NaN
3.309252558E1,NaN,NaN,NaN,NaN,NaN,NaN,NaN,NaN
3.310248858E1,NaN,NaN,NaN,NaN,NaN,NaN,NaN,NaN
3.311245158E1,NaN,NaN,NaN,NaN,NaN,NaN,NaN,NaN
3.312241458E1,NaN,NaN,NaN,NaN,NaN,NaN,NaN,NaN
3.313237758E1,NaN,NaN,NaN,NaN,NaN,NaN,NaN,NaN
3.314234158E1,NaN,NaN,NaN,NaN,NaN,NaN,NaN,NaN
3.315230458E1,NaN,NaN,NaN,NaN,NaN,NaN,NaN,NaN
3.316226758E1,NaN,NaN,NaN,NaN,NaN,NaN,NaN,NaN
3.317223058E1,NaN,NaN,NaN,NaN,NaN,NaN,NaN,NaN
3.318219358E1,NaN,NaN,NaN,NaN,NaN,NaN,NaN,NaN
3.319215758E1,NaN,NaN,NaN,NaN,NaN,NaN,NaN,NaN
3.320212058E1,NaN,NaN,NaN,NaN,NaN,NaN,NaN,NaN
3.321208358E1,NaN,NaN,NaN,NaN,NaN,NaN,NaN,NaN
3.322204658E1,NaN,NaN,NaN,NaN,NaN,NaN,NaN,NaN
3.323200958E1,NaN,NaN,NaN,NaN,NaN,NaN,NaN,NaN
3.324197258E1,NaN,NaN,NaN,NaN,NaN,NaN,NaN,NaN
3.325193558E1,NaN,NaN,NaN,NaN,NaN,NaN,NaN,NaN
3.326189958E1,NaN,NaN,NaN,NaN,NaN,NaN,NaN,NaN
3.327186258E1,NaN,NaN,NaN,NaN,NaN,NaN,NaN,NaN
3.328182558E1,NaN,NaN,NaN,NaN,NaN,NaN,NaN,NaN
3.329178858E1,NaN,NaN,NaN,NaN,NaN,NaN,NaN,NaN
3.330175158E1,NaN,NaN,NaN,NaN,NaN,NaN,NaN,NaN
3.331171558E1,NaN,NaN,NaN,NaN,NaN,NaN,NaN,NaN
3.332167858E1,NaN,NaN,NaN,NaN,NaN,NaN,NaN,NaN
3.333164158E1,NaN,NaN,NaN,NaN,NaN,NaN,NaN,NaN
3.334160458E1,NaN,NaN,NaN,NaN,NaN,NaN,NaN,NaN
3.335156758E1,NaN,NaN,NaN,NaN,NaN,NaN,NaN,NaN
3.336153058E1,NaN,NaN,NaN,NaN,NaN,NaN,NaN,NaN
3.337149458E1,NaN,NaN,NaN,NaN,NaN,NaN,NaN,NaN
3.338145758E1,NaN,NaN,NaN,NaN,NaN,NaN,NaN,NaN
3.339142058E1,NaN,NaN,NaN,NaN,NaN,NaN,NaN,NaN
3.340138358E1,NaN,NaN,NaN,NaN,NaN,NaN,NaN,NaN
3.341134658E1,NaN,NaN,NaN,NaN,NaN,NaN,NaN,NaN
3.342131058E1,NaN,NaN,NaN,NaN,NaN,NaN,NaN,NaN
3.343127358E1,NaN,NaN,NaN,NaN,NaN,NaN,NaN,NaN
3.344123658E1,NaN,NaN,NaN,NaN,NaN,NaN,NaN,NaN
3.345119958E1,NaN,NaN,NaN,NaN,NaN,NaN,NaN,NaN
3.346116258E1,NaN,NaN,NaN,NaN,NaN,NaN,NaN,NaN
3.347112658E1,NaN,NaN,NaN,NaN,NaN,NaN,NaN,NaN
3.348108958E1,NaN,NaN,NaN,NaN,NaN,NaN,NaN,NaN
3.349105258E1,NaN,NaN,NaN,NaN,NaN,NaN,NaN,NaN
3.350101558E1,NaN,NaN,NaN,NaN,NaN,NaN,NaN,NaN
3.351097858E1,NaN,NaN,NaN,NaN,NaN,NaN,NaN,NaN
3.352094258E1,NaN,NaN,NaN,NaN,NaN,NaN,NaN,NaN
3.353090558E1,NaN,NaN,NaN,NaN,NaN,NaN,NaN,NaN
3.354086858E1,NaN,NaN,NaN,NaN,NaN,NaN,NaN,NaN
3.355083158E1,NaN,NaN,NaN,NaN,NaN,NaN,NaN,NaN
3.356079458E1,NaN,NaN,NaN,NaN,NaN,NaN,NaN,NaN
3.357075858E1,NaN,NaN,NaN,NaN,NaN,NaN,NaN,NaN
3.358072158E1,NaN,NaN,NaN,NaN,NaN,NaN,NaN,NaN
3.359068458E1,NaN,NaN,NaN,NaN,NaN,NaN,NaN,NaN
3.360064758E1,NaN,NaN,NaN,NaN,NaN,NaN,NaN,NaN
3.361061058E1,NaN,NaN,NaN,NaN,NaN,NaN,NaN,NaN
3.362057358E1,NaN,NaN,NaN,NaN,NaN,NaN,NaN,NaN
3.363053758E1,NaN,NaN,NaN,NaN,NaN,NaN,NaN,NaN
3.364050058E1,NaN,NaN,NaN,NaN,NaN,NaN,NaN,NaN
3.365046358E1,NaN,NaN,NaN,NaN,NaN,NaN,NaN,NaN
3.366042658E1,NaN,NaN,NaN,NaN,NaN,NaN,NaN,NaN
3.367039058E1,NaN,NaN,NaN,NaN,NaN,NaN,NaN,NaN
3.368035358E1,NaN,NaN,NaN,NaN,NaN,NaN,NaN,NaN
3.369031658E1,NaN,NaN,NaN,NaN,NaN,NaN,NaN,NaN
3.370027958E1,NaN,NaN,NaN,NaN,NaN,NaN,NaN,NaN
3.371024258E1,NaN,NaN,NaN,NaN,NaN,NaN,NaN,NaN
3.372020658E1,NaN,NaN,NaN,NaN,NaN,NaN,NaN,NaN
3.373016958E1,NaN,NaN,NaN,NaN,NaN,NaN,NaN,NaN
3.374013258E1,NaN,NaN,NaN,NaN,NaN,NaN,NaN,NaN
3.375009558E1,NaN,NaN,NaN,NaN,NaN,NaN,NaN,NaN
3.376005858E1,NaN,NaN,NaN,NaN,NaN,NaN,NaN,NaN
3.377002258E1,NaN,NaN,NaN,NaN,NaN,NaN,NaN,NaN
3.377998558E1,NaN,NaN,NaN,NaN,NaN,NaN,NaN,NaN
3.378994858E1,NaN,NaN,NaN,NaN,NaN,NaN,NaN,NaN
3.379991158E1,NaN,NaN,NaN,NaN,NaN,NaN,NaN,NaN
3.380987458E1,NaN,NaN,NaN,NaN,NaN,NaN,NaN,NaN
3.381983858E1,NaN,NaN,NaN,NaN,NaN,NaN,NaN,NaN
3.382980158E1,NaN,NaN,NaN,NaN,NaN,NaN,NaN,NaN
3.383976458E1,NaN,NaN,NaN,NaN,NaN,NaN,NaN,NaN
3.384972758E1,NaN,NaN,NaN,NaN,NaN,NaN,NaN,NaN
3.385969158E1,NaN,NaN,NaN,NaN,NaN,NaN,NaN,NaN
3.386965458E1,NaN,NaN,NaN,NaN,NaN,NaN,NaN,NaN
3.387961758E1,NaN,NaN,NaN,NaN,NaN,NaN,NaN,NaN
3.388958058E1,NaN,NaN,NaN,NaN,NaN,NaN,NaN,NaN
3.389954358E1,NaN,NaN,NaN,NaN,NaN,NaN,NaN,NaN
3.390950758E1,NaN,NaN,NaN,NaN,NaN,NaN,NaN,NaN
3.391947058E1,NaN,NaN,NaN,NaN,NaN,NaN,NaN,NaN
3.392943358E1,NaN,NaN,NaN,NaN,NaN,NaN,NaN,NaN
3.393939658E1,NaN,NaN,NaN,NaN,NaN,NaN,NaN,NaN
3.394935992E1,NaN,NaN,NaN,NaN,NaN,NaN,NaN,NaN
3.395932292E1,NaN,NaN,NaN,NaN,NaN,NaN,NaN,NaN
3.396928592E1,NaN,NaN,NaN,NaN,NaN,NaN,NaN,NaN
3.397924892E1,NaN,NaN,NaN,NaN,NaN,NaN,NaN,NaN
3.398921292E1,NaN,NaN,NaN,NaN,NaN,NaN,NaN,NaN
3.399917592E1,NaN,NaN,NaN,NaN,NaN,NaN,NaN,NaN
3.400913892E1,NaN,NaN,NaN,NaN,NaN,NaN,NaN,NaN
3.401910192E1,NaN,NaN,NaN,NaN,NaN,NaN,NaN,NaN
3.402906492E1,NaN,NaN,NaN,NaN,NaN,NaN,NaN,NaN
3.403902892E1,NaN,NaN,NaN,NaN,NaN,NaN,NaN,NaN
3.404899192E1,NaN,NaN,NaN,NaN,NaN,NaN,NaN,NaN
3.405895492E1,NaN,NaN,NaN,NaN,NaN,NaN,NaN,NaN
3.406891792E1,NaN,NaN,NaN,NaN,NaN,NaN,NaN,NaN
3.407888192E1,NaN,NaN,NaN,NaN,NaN,NaN,NaN,NaN
3.408884492E1,NaN,NaN,NaN,NaN,NaN,NaN,NaN,NaN
3.409880792E1,NaN,NaN,NaN,NaN,NaN,NaN,NaN,NaN
3.410877092E1,NaN,NaN,NaN,NaN,NaN,NaN,NaN,NaN
3.411873492E1,NaN,NaN,NaN,NaN,NaN,NaN,NaN,NaN
3.412869792E1,NaN,NaN,NaN,NaN,NaN,NaN,NaN,NaN
3.413866092E1,NaN,NaN,NaN,NaN,NaN,NaN,NaN,NaN
3.414862392E1,NaN,NaN,NaN,NaN,NaN,NaN,NaN,NaN
3.415858792E1,NaN,NaN,NaN,NaN,NaN,NaN,NaN,NaN
3.416855092E1,NaN,NaN,NaN,NaN,NaN,NaN,NaN,NaN
3.417851392E1,NaN,NaN,NaN,NaN,NaN,NaN,NaN,NaN
3.418847692E1,NaN,NaN,NaN,NaN,NaN,NaN,NaN,NaN
3.419843992E1,NaN,NaN,NaN,NaN,NaN,NaN,NaN,NaN
3.420840392E1,NaN,NaN,NaN,NaN,NaN,NaN,NaN,NaN
3.421836692E1,NaN,NaN,NaN,NaN,NaN,NaN,NaN,NaN
3.422832992E1,NaN,NaN,NaN,NaN,NaN,NaN,NaN,NaN
3.423829292E1,NaN,NaN,NaN,NaN,NaN,NaN,NaN,NaN
3.424825692E1,NaN,NaN,NaN,NaN,NaN,NaN,NaN,NaN
3.425821992E1,NaN,NaN,NaN,NaN,NaN,NaN,NaN,NaN
3.426818292E1,NaN,NaN,NaN,NaN,NaN,NaN,NaN,NaN
3.427814592E1,NaN,NaN,NaN,NaN,NaN,NaN,NaN,NaN
3.428810992E1,NaN,NaN,NaN,NaN,NaN,NaN,NaN,NaN
3.429807292E1,NaN,NaN,NaN,NaN,NaN,NaN,NaN,NaN
3.430803592E1,NaN,NaN,NaN,NaN,NaN,NaN,NaN,NaN
3.431799892E1,NaN,NaN,NaN,NaN,NaN,NaN,NaN,NaN
3.432796292E1,NaN,NaN,NaN,NaN,NaN,NaN,NaN,NaN
3.433792592E1,NaN,NaN,NaN,NaN,NaN,NaN,NaN,NaN
3.434788892E1,NaN,NaN,NaN,NaN,NaN,NaN,NaN,NaN
3.435785192E1,NaN,NaN,NaN,NaN,NaN,NaN,NaN,NaN
3.436781592E1,NaN,NaN,NaN,NaN,NaN,NaN,NaN,NaN
3.437777892E1,NaN,NaN,NaN,NaN,NaN,NaN,NaN,NaN
3.438774192E1,NaN,NaN,NaN,NaN,NaN,NaN,NaN,NaN
3.439770492E1,NaN,NaN,NaN,NaN,NaN,NaN,NaN,NaN
3.440766892E1,NaN,NaN,NaN,NaN,NaN,NaN,NaN,NaN
3.441763192E1,NaN,NaN,NaN,NaN,NaN,NaN,NaN,NaN
3.442759492E1,NaN,NaN,NaN,NaN,NaN,NaN,NaN,NaN
3.443755792E1,NaN,NaN,NaN,NaN,NaN,NaN,NaN,NaN
3.444752192E1,NaN,NaN,NaN,NaN,NaN,NaN,NaN,NaN
3.445748492E1,NaN,NaN,NaN,NaN,NaN,NaN,NaN,NaN
3.446744792E1,NaN,NaN,NaN,NaN,NaN,NaN,NaN,NaN
3.447741192E1,NaN,NaN,NaN,NaN,NaN,NaN,NaN,NaN
3.448737492E1,NaN,NaN,NaN,NaN,NaN,NaN,NaN,NaN
3.449733792E1,NaN,NaN,NaN,NaN,NaN,NaN,NaN,NaN
3.450730092E1,NaN,NaN,NaN,NaN,NaN,NaN,NaN,NaN
3.451726492E1,NaN,NaN,NaN,NaN,NaN,NaN,NaN,NaN
3.452722792E1,NaN,NaN,NaN,NaN,NaN,NaN,NaN,NaN
3.453719092E1,NaN,NaN,NaN,NaN,NaN,NaN,NaN,NaN
3.454715392E1,NaN,NaN,NaN,NaN,NaN,NaN,NaN,NaN
3.455711792E1,NaN,NaN,NaN,NaN,NaN,NaN,NaN,NaN
3.456708092E1,NaN,NaN,NaN,NaN,NaN,NaN,NaN,NaN
3.457704392E1,NaN,NaN,NaN,NaN,NaN,NaN,NaN,NaN
3.458700692E1,NaN,NaN,NaN,NaN,NaN,NaN,NaN,NaN
3.459697092E1,NaN,NaN,NaN,NaN,NaN,NaN,NaN,NaN
3.460693392E1,NaN,NaN,NaN,NaN,NaN,NaN,NaN,NaN
3.461689692E1,NaN,NaN,NaN,NaN,NaN,NaN,NaN,NaN
3.462686092E1,NaN,NaN,NaN,NaN,NaN,NaN,NaN,NaN
3.463682392E1,NaN,NaN,NaN,NaN,NaN,NaN,NaN,NaN
3.464678692E1,NaN,NaN,NaN,NaN,NaN,NaN,NaN,NaN
3.465674992E1,NaN,NaN,NaN,NaN,NaN,NaN,NaN,NaN
3.466671392E1,NaN,NaN,NaN,NaN,NaN,NaN,NaN,NaN
3.467667692E1,NaN,NaN,NaN,NaN,NaN,NaN,NaN,NaN
3.468663992E1,NaN,NaN,NaN,NaN,NaN,NaN,NaN,NaN
3.469660292E1,NaN,NaN,NaN,NaN,NaN,NaN,NaN,NaN
3.470656692E1,NaN,NaN,NaN,NaN,NaN,NaN,NaN,NaN
3.471652992E1,NaN,NaN,NaN,NaN,NaN,NaN,NaN,NaN
3.472649292E1,NaN,NaN,NaN,NaN,NaN,NaN,NaN,NaN
3.473645692E1,NaN,NaN,NaN,NaN,NaN,NaN,NaN,NaN
3.474641992E1,NaN,NaN,NaN,NaN,NaN,NaN,NaN,NaN
3.475638292E1,NaN,NaN,NaN,NaN,NaN,NaN,NaN,NaN
3.476634592E1,NaN,NaN,NaN,NaN,NaN,NaN,NaN,NaN
3.477630992E1,NaN,NaN,NaN,NaN,NaN,NaN,NaN,NaN
3.478627292E1,NaN,NaN,NaN,NaN,NaN,NaN,NaN,NaN
3.479623592E1,NaN,NaN,NaN,NaN,NaN,NaN,NaN,NaN
3.480619992E1,NaN,NaN,NaN,NaN,NaN,NaN,NaN,NaN
3.481616292E1,NaN,NaN,NaN,NaN,NaN,NaN,NaN,NaN
3.482612592E1,NaN,NaN,NaN,NaN,NaN,NaN,NaN,NaN
3.483608892E1,NaN,NaN,NaN,NaN,NaN,NaN,NaN,NaN
3.484605292E1,NaN,NaN,NaN,NaN,NaN,NaN,NaN,NaN
3.485601592E1,NaN,NaN,NaN,NaN,NaN,NaN,NaN,NaN
3.486597892E1,NaN,NaN,NaN,NaN,NaN,NaN,NaN,NaN
3.487594292E1,NaN,NaN,NaN,NaN,NaN,NaN,NaN,NaN
3.488590592E1,NaN,NaN,NaN,NaN,NaN,NaN,NaN,NaN
3.489586892E1,NaN,NaN,NaN,NaN,NaN,NaN,NaN,NaN
3.490583192E1,NaN,NaN,NaN,NaN,NaN,NaN,NaN,NaN
3.491579592E1,NaN,NaN,NaN,NaN,NaN,NaN,NaN,NaN
3.492575892E1,NaN,NaN,NaN,NaN,NaN,NaN,NaN,NaN
3.493572192E1,NaN,NaN,NaN,NaN,NaN,NaN,NaN,NaN
3.494568608E1,NaN,NaN,NaN,NaN,NaN,NaN,NaN,NaN
3.495564908E1,NaN,NaN,NaN,NaN,NaN,NaN,NaN,NaN
3.496561208E1,NaN,NaN,NaN,NaN,NaN,NaN,NaN,NaN
3.497557508E1,NaN,NaN,NaN,NaN,NaN,NaN,NaN,NaN
3.498553908E1,NaN,NaN,NaN,NaN,NaN,NaN,NaN,NaN
3.499550208E1,NaN,NaN,NaN,NaN,NaN,NaN,NaN,NaN
3.500546508E1,NaN,NaN,NaN,NaN,NaN,NaN,NaN,NaN
3.501542908E1,NaN,NaN,NaN,NaN,NaN,NaN,NaN,NaN
3.502539208E1,NaN,NaN,NaN,NaN,NaN,NaN,NaN,NaN
3.503535508E1,NaN,NaN,NaN,NaN,NaN,NaN,NaN,NaN
3.504531908E1,NaN,NaN,NaN,NaN,NaN,NaN,NaN,NaN
3.505528208E1,NaN,NaN,NaN,NaN,NaN,NaN,NaN,NaN
3.506524508E1,NaN,NaN,NaN,NaN,NaN,NaN,NaN,NaN
3.507520808E1,NaN,NaN,NaN,NaN,NaN,NaN,NaN,NaN
3.508517208E1,NaN,NaN,NaN,NaN,NaN,NaN,NaN,NaN
3.509513508E1,NaN,NaN,NaN,NaN,NaN,NaN,NaN,NaN
3.510509808E1,NaN,NaN,NaN,NaN,NaN,NaN,NaN,NaN
3.511506208E1,NaN,NaN,NaN,NaN,NaN,NaN,NaN,NaN
3.512502508E1,NaN,NaN,NaN,NaN,NaN,NaN,NaN,NaN
3.513498808E1,NaN,NaN,NaN,NaN,NaN,NaN,NaN,NaN
3.514495208E1,NaN,NaN,NaN,NaN,NaN,NaN,NaN,NaN
3.515491508E1,NaN,NaN,NaN,NaN,NaN,NaN,NaN,NaN
3.516487808E1,NaN,NaN,NaN,NaN,NaN,NaN,NaN,NaN
3.517484108E1,NaN,NaN,NaN,NaN,NaN,NaN,NaN,NaN
3.518480508E1,NaN,NaN,NaN,NaN,NaN,NaN,NaN,NaN
3.519476808E1,NaN,NaN,NaN,NaN,NaN,NaN,NaN,NaN
3.520473108E1,NaN,NaN,NaN,NaN,NaN,NaN,NaN,NaN
3.521469508E1,NaN,NaN,NaN,NaN,NaN,NaN,NaN,NaN
3.522465808E1,NaN,NaN,NaN,NaN,NaN,NaN,NaN,NaN
3.523462108E1,NaN,NaN,NaN,NaN,NaN,NaN,NaN,NaN
3.524458508E1,NaN,NaN,NaN,NaN,NaN,NaN,NaN,NaN
3.525454808E1,NaN,NaN,NaN,NaN,NaN,NaN,NaN,NaN
3.526451108E1,NaN,NaN,NaN,NaN,NaN,NaN,NaN,NaN
3.527447508E1,NaN,NaN,NaN,NaN,NaN,NaN,NaN,NaN
3.528443808E1,NaN,NaN,NaN,NaN,NaN,NaN,NaN,NaN
3.529440108E1,NaN,NaN,NaN,NaN,NaN,NaN,NaN,NaN
3.530436508E1,NaN,NaN,NaN,NaN,NaN,NaN,NaN,NaN
3.531432808E1,NaN,NaN,NaN,NaN,NaN,NaN,NaN,NaN
3.532429108E1,NaN,NaN,NaN,NaN,NaN,NaN,NaN,NaN
3.533425408E1,NaN,NaN,NaN,NaN,NaN,NaN,NaN,NaN
3.534421808E1,NaN,NaN,NaN,NaN,NaN,NaN,NaN,NaN
3.535418108E1,NaN,NaN,NaN,NaN,NaN,NaN,NaN,NaN
3.536414408E1,NaN,NaN,NaN,NaN,NaN,NaN,NaN,NaN
3.537410808E1,NaN,NaN,NaN,NaN,NaN,NaN,NaN,NaN
3.538407108E1,NaN,NaN,NaN,NaN,NaN,NaN,NaN,NaN
3.539403408E1,NaN,NaN,NaN,NaN,NaN,NaN,NaN,NaN
3.540399808E1,NaN,NaN,NaN,NaN,NaN,NaN,NaN,NaN
3.541396108E1,NaN,NaN,NaN,NaN,NaN,NaN,NaN,NaN
3.542392408E1,NaN,NaN,NaN,NaN,NaN,NaN,NaN,NaN
3.543388808E1,NaN,NaN,NaN,NaN,NaN,NaN,NaN,NaN
3.544385108E1,NaN,NaN,NaN,NaN,NaN,NaN,NaN,NaN
3.545381408E1,NaN,NaN,NaN,NaN,NaN,NaN,NaN,NaN
3.546377808E1,NaN,NaN,NaN,NaN,NaN,NaN,NaN,NaN
3.547374108E1,NaN,NaN,NaN,NaN,NaN,NaN,NaN,NaN
3.548370408E1,NaN,NaN,NaN,NaN,NaN,NaN,NaN,NaN
3.549366808E1,NaN,NaN,NaN,NaN,NaN,NaN,NaN,NaN
3.550363108E1,NaN,NaN,NaN,NaN,NaN,NaN,NaN,NaN
3.551359408E1,NaN,NaN,NaN,NaN,NaN,NaN,NaN,NaN
3.552355808E1,NaN,NaN,NaN,NaN,NaN,NaN,NaN,NaN
3.553352108E1,NaN,NaN,NaN,NaN,NaN,NaN,NaN,NaN
3.554348408E1,NaN,NaN,NaN,NaN,NaN,NaN,NaN,NaN
3.555344808E1,NaN,NaN,NaN,NaN,NaN,NaN,NaN,NaN
3.556341108E1,NaN,NaN,NaN,NaN,NaN,NaN,NaN,NaN
3.557337408E1,NaN,NaN,NaN,NaN,NaN,NaN,NaN,NaN
3.558333808E1,NaN,NaN,NaN,NaN,NaN,NaN,NaN,NaN
3.559330108E1,NaN,NaN,NaN,NaN,NaN,NaN,NaN,NaN
3.560326408E1,NaN,NaN,NaN,NaN,NaN,NaN,NaN,NaN
3.561322808E1,NaN,NaN,NaN,NaN,NaN,NaN,NaN,NaN
3.562319108E1,NaN,NaN,NaN,NaN,NaN,NaN,NaN,NaN
3.563315408E1,NaN,NaN,NaN,NaN,NaN,NaN,NaN,NaN
3.564311808E1,NaN,NaN,NaN,NaN,NaN,NaN,NaN,NaN
3.565308108E1,NaN,NaN,NaN,NaN,NaN,NaN,NaN,NaN
3.566304408E1,NaN,NaN,NaN,NaN,NaN,NaN,NaN,NaN
3.567300808E1,NaN,NaN,NaN,NaN,NaN,NaN,NaN,NaN
3.568297108E1,NaN,NaN,NaN,NaN,NaN,NaN,NaN,NaN
3.569293408E1,NaN,NaN,NaN,NaN,NaN,NaN,NaN,NaN
3.570289808E1,NaN,NaN,NaN,NaN,NaN,NaN,NaN,NaN
3.571286108E1,NaN,NaN,NaN,NaN,NaN,NaN,NaN,NaN
3.572282408E1,NaN,NaN,NaN,NaN,NaN,NaN,NaN,NaN
3.573278808E1,NaN,NaN,NaN,NaN,NaN,NaN,NaN,NaN
3.574275108E1,NaN,NaN,NaN,NaN,NaN,NaN,NaN,NaN
3.575271408E1,NaN,NaN,NaN,NaN,NaN,NaN,NaN,NaN
3.576267808E1,NaN,NaN,NaN,NaN,NaN,NaN,NaN,NaN
3.577264108E1,NaN,NaN,NaN,NaN,NaN,NaN,NaN,NaN
3.578260408E1,NaN,NaN,NaN,NaN,NaN,NaN,NaN,NaN
3.579256808E1,NaN,NaN,NaN,NaN,NaN,NaN,NaN,NaN
3.580253108E1,NaN,NaN,NaN,NaN,NaN,NaN,NaN,NaN
3.581249408E1,NaN,NaN,NaN,NaN,NaN,NaN,NaN,NaN
3.582245808E1,NaN,NaN,NaN,NaN,NaN,NaN,NaN,NaN
3.583242108E1,NaN,NaN,NaN,NaN,NaN,NaN,NaN,NaN
3.584238408E1,NaN,NaN,NaN,NaN,NaN,NaN,NaN,NaN
3.585234808E1,NaN,NaN,NaN,NaN,NaN,NaN,NaN,NaN
3.586231108E1,NaN,NaN,NaN,NaN,NaN,NaN,NaN,NaN
3.587227408E1,NaN,NaN,NaN,NaN,NaN,NaN,NaN,NaN
3.588223808E1,NaN,NaN,NaN,NaN,NaN,NaN,NaN,NaN
3.589220108E1,NaN,NaN,NaN,NaN,NaN,NaN,NaN,NaN
3.590216508E1,NaN,NaN,NaN,NaN,NaN,NaN,NaN,NaN
3.591212808E1,NaN,NaN,NaN,NaN,NaN,NaN,NaN,NaN
3.592209108E1,NaN,NaN,NaN,NaN,NaN,NaN,NaN,NaN
3.593205508E1,NaN,NaN,NaN,NaN,NaN,NaN,NaN,NaN
3.594201879E1,NaN,NaN,NaN,NaN,NaN,NaN,NaN,NaN
3.595198179E1,NaN,NaN,NaN,NaN,NaN,NaN,NaN,NaN
3.596194579E1,NaN,NaN,NaN,NaN,NaN,NaN,NaN,NaN
3.597190879E1,NaN,NaN,NaN,NaN,NaN,NaN,NaN,NaN
3.598187179E1,NaN,NaN,NaN,NaN,NaN,NaN,NaN,NaN
3.599183579E1,NaN,NaN,NaN,NaN,NaN,NaN,NaN,NaN
3.600179879E1,NaN,NaN,NaN,NaN,NaN,NaN,NaN,NaN
3.601176179E1,NaN,NaN,NaN,NaN,NaN,NaN,NaN,NaN
3.602172579E1,NaN,NaN,NaN,NaN,NaN,NaN,NaN,NaN
3.603168879E1,NaN,NaN,NaN,NaN,NaN,NaN,NaN,NaN
3.604165179E1,NaN,NaN,NaN,NaN,NaN,NaN,NaN,NaN
3.605161579E1,NaN,NaN,NaN,NaN,NaN,NaN,NaN,NaN
3.606157879E1,NaN,NaN,NaN,NaN,NaN,NaN,NaN,NaN
3.607154179E1,NaN,NaN,NaN,NaN,NaN,NaN,NaN,NaN
3.608150579E1,NaN,NaN,NaN,NaN,NaN,NaN,NaN,NaN
3.609146879E1,NaN,NaN,NaN,NaN,NaN,NaN,NaN,NaN
3.610143279E1,NaN,NaN,NaN,NaN,NaN,NaN,NaN,NaN
3.611139579E1,NaN,NaN,NaN,NaN,NaN,NaN,NaN,NaN
3.612135879E1,NaN,NaN,NaN,NaN,NaN,NaN,NaN,NaN
3.613132279E1,NaN,NaN,NaN,NaN,NaN,NaN,NaN,NaN
3.614128579E1,NaN,NaN,NaN,NaN,NaN,NaN,NaN,NaN
3.615124879E1,NaN,NaN,NaN,NaN,NaN,NaN,NaN,NaN
3.616121279E1,NaN,NaN,NaN,NaN,NaN,NaN,NaN,NaN
3.617117579E1,NaN,NaN,NaN,NaN,NaN,NaN,NaN,NaN
3.618113879E1,NaN,NaN,NaN,NaN,NaN,NaN,NaN,NaN
3.619110279E1,NaN,NaN,NaN,NaN,NaN,NaN,NaN,NaN
3.620106579E1,NaN,NaN,NaN,NaN,NaN,NaN,NaN,NaN
3.621102979E1,NaN,NaN,NaN,NaN,NaN,NaN,NaN,NaN
3.622099279E1,NaN,NaN,NaN,NaN,NaN,NaN,NaN,NaN
3.623095579E1,NaN,NaN,NaN,NaN,NaN,NaN,NaN,NaN
3.624091979E1,NaN,NaN,NaN,NaN,NaN,NaN,NaN,NaN
3.625088279E1,NaN,NaN,NaN,NaN,NaN,NaN,NaN,NaN
3.626084579E1,NaN,NaN,NaN,NaN,NaN,NaN,NaN,NaN
3.627080979E1,NaN,NaN,NaN,NaN,NaN,NaN,NaN,NaN
3.628077279E1,NaN,NaN,NaN,NaN,NaN,NaN,NaN,NaN
3.629073579E1,NaN,NaN,NaN,NaN,NaN,NaN,NaN,NaN
3.630069979E1,NaN,NaN,NaN,NaN,NaN,NaN,NaN,NaN
3.631066279E1,NaN,NaN,NaN,NaN,NaN,NaN,NaN,NaN
3.632062679E1,NaN,NaN,NaN,NaN,NaN,NaN,NaN,NaN
3.633058979E1,NaN,NaN,NaN,NaN,NaN,NaN,NaN,NaN
3.634055279E1,NaN,NaN,NaN,NaN,NaN,NaN,NaN,NaN
3.635051679E1,NaN,NaN,NaN,NaN,NaN,NaN,NaN,NaN
3.636047979E1,NaN,NaN,NaN,NaN,NaN,NaN,NaN,NaN
3.637044279E1,NaN,NaN,NaN,NaN,NaN,NaN,NaN,NaN
3.638040679E1,NaN,NaN,NaN,NaN,NaN,NaN,NaN,NaN
3.639036979E1,NaN,NaN,NaN,NaN,NaN,NaN,NaN,NaN
3.640033379E1,NaN,NaN,NaN,NaN,NaN,NaN,NaN,NaN
3.641029679E1,NaN,NaN,NaN,NaN,NaN,NaN,NaN,NaN
3.642025979E1,NaN,NaN,NaN,NaN,NaN,NaN,NaN,NaN
3.643022379E1,NaN,NaN,NaN,NaN,NaN,NaN,NaN,NaN
3.644018679E1,NaN,NaN,NaN,NaN,NaN,NaN,NaN,NaN
3.645014979E1,NaN,NaN,NaN,NaN,NaN,NaN,NaN,NaN
3.646011379E1,NaN,NaN,NaN,NaN,NaN,NaN,NaN,NaN
3.647007679E1,NaN,NaN,NaN,NaN,NaN,NaN,NaN,NaN
3.648004079E1,NaN,NaN,NaN,NaN,NaN,NaN,NaN,NaN
3.649000379E1,NaN,NaN,NaN,NaN,NaN,NaN,NaN,NaN
3.649996679E1,NaN,NaN,NaN,NaN,NaN,NaN,NaN,NaN
3.650993079E1,NaN,NaN,NaN,NaN,NaN,NaN,NaN,NaN
3.651989379E1,NaN,NaN,NaN,NaN,NaN,NaN,NaN,NaN
3.652985679E1,NaN,NaN,NaN,NaN,NaN,NaN,NaN,NaN
3.653982079E1,NaN,NaN,NaN,NaN,NaN,NaN,NaN,NaN
3.654978379E1,NaN,NaN,NaN,NaN,NaN,NaN,NaN,NaN
3.655974779E1,NaN,NaN,NaN,NaN,NaN,NaN,NaN,NaN
3.656971079E1,NaN,NaN,NaN,NaN,NaN,NaN,NaN,NaN
3.657967379E1,NaN,NaN,NaN,NaN,NaN,NaN,NaN,NaN
3.658963779E1,NaN,NaN,NaN,NaN,NaN,NaN,NaN,NaN
3.659960079E1,NaN,NaN,NaN,NaN,NaN,NaN,NaN,NaN
3.660956379E1,NaN,NaN,NaN,NaN,NaN,NaN,NaN,NaN
3.661952779E1,NaN,NaN,NaN,NaN,NaN,NaN,NaN,NaN
3.662949079E1,NaN,NaN,NaN,NaN,NaN,NaN,NaN,NaN
3.663945479E1,NaN,NaN,NaN,NaN,NaN,NaN,NaN,NaN
3.664941779E1,NaN,NaN,NaN,NaN,NaN,NaN,NaN,NaN
3.665938079E1,NaN,NaN,NaN,NaN,NaN,NaN,NaN,NaN
3.666934479E1,NaN,NaN,NaN,NaN,NaN,NaN,NaN,NaN
3.667930779E1,NaN,NaN,NaN,NaN,NaN,NaN,NaN,NaN
3.668927079E1,NaN,NaN,NaN,NaN,NaN,NaN,NaN,NaN
3.669923479E1,NaN,NaN,NaN,NaN,NaN,NaN,NaN,NaN
3.670919779E1,NaN,NaN,NaN,NaN,NaN,NaN,NaN,NaN
3.671916179E1,NaN,NaN,NaN,NaN,NaN,NaN,NaN,NaN
3.672912479E1,NaN,NaN,NaN,NaN,NaN,NaN,NaN,NaN
3.673908779E1,NaN,NaN,NaN,NaN,NaN,NaN,NaN,NaN
3.674905179E1,NaN,NaN,NaN,NaN,NaN,NaN,NaN,NaN
3.675901479E1,NaN,NaN,NaN,NaN,NaN,NaN,NaN,NaN
3.676897879E1,NaN,NaN,NaN,NaN,NaN,NaN,NaN,NaN
3.677894179E1,NaN,NaN,NaN,NaN,NaN,NaN,NaN,NaN
3.678890479E1,NaN,NaN,NaN,NaN,NaN,NaN,NaN,NaN
3.679886879E1,NaN,NaN,NaN,NaN,NaN,NaN,NaN,NaN
3.680883179E1,NaN,NaN,NaN,NaN,NaN,NaN,NaN,NaN
3.681879479E1,NaN,NaN,NaN,NaN,NaN,NaN,NaN,NaN
3.682875879E1,NaN,NaN,NaN,NaN,NaN,NaN,NaN,NaN
3.683872179E1,NaN,NaN,NaN,NaN,NaN,NaN,NaN,NaN
3.684868579E1,NaN,NaN,NaN,NaN,NaN,NaN,NaN,NaN
3.685864879E1,NaN,NaN,NaN,NaN,NaN,NaN,NaN,NaN
3.686861179E1,NaN,NaN,NaN,NaN,NaN,NaN,NaN,NaN
3.687857579E1,NaN,NaN,NaN,NaN,NaN,NaN,NaN,NaN
3.688853879E1,NaN,NaN,NaN,NaN,NaN,NaN,NaN,NaN
3.689850279E1,NaN,NaN,NaN,NaN,NaN,NaN,NaN,NaN
3.690846579E1,NaN,NaN,NaN,NaN,NaN,NaN,NaN,NaN
3.691842879E1,NaN,NaN,NaN,NaN,NaN,NaN,NaN,NaN
3.692839279E1,NaN,NaN,NaN,NaN,NaN,NaN,NaN,NaN
3.693835579E1,NaN,NaN,NaN,NaN,NaN,NaN,NaN,NaN
3.694831804E1,NaN,NaN,NaN,NaN,NaN,NaN,NaN,NaN
3.695828204E1,NaN,NaN,NaN,NaN,NaN,NaN,NaN,NaN
3.696824504E1,NaN,NaN,NaN,NaN,NaN,NaN,NaN,NaN
3.697820904E1,NaN,NaN,NaN,NaN,NaN,NaN,NaN,NaN
3.698817204E1,NaN,NaN,NaN,NaN,NaN,NaN,NaN,NaN
3.699813504E1,NaN,NaN,NaN,NaN,NaN,NaN,NaN,NaN
3.700809904E1,NaN,NaN,NaN,NaN,NaN,NaN,NaN,NaN
3.701806204E1,NaN,NaN,NaN,NaN,NaN,NaN,NaN,NaN
3.702802604E1,NaN,NaN,NaN,NaN,NaN,NaN,NaN,NaN
3.703798904E1,NaN,NaN,NaN,NaN,NaN,NaN,NaN,NaN
3.704795204E1,NaN,NaN,NaN,NaN,NaN,NaN,NaN,NaN
3.705791604E1,NaN,NaN,NaN,NaN,NaN,NaN,NaN,NaN
3.706787904E1,NaN,NaN,NaN,NaN,NaN,NaN,NaN,NaN
3.707784304E1,NaN,NaN,NaN,NaN,NaN,NaN,NaN,NaN
3.708780604E1,NaN,NaN,NaN,NaN,NaN,NaN,NaN,NaN
3.709776904E1,NaN,NaN,NaN,NaN,NaN,NaN,NaN,NaN
3.710773304E1,NaN,NaN,NaN,NaN,NaN,NaN,NaN,NaN
3.711769604E1,NaN,NaN,NaN,NaN,NaN,NaN,NaN,NaN
3.712766004E1,NaN,NaN,NaN,NaN,NaN,NaN,NaN,NaN
3.713762304E1,NaN,NaN,NaN,NaN,NaN,NaN,NaN,NaN
3.714758604E1,NaN,NaN,NaN,NaN,NaN,NaN,NaN,NaN
3.715755004E1,NaN,NaN,NaN,NaN,NaN,NaN,NaN,NaN
3.716751304E1,NaN,NaN,NaN,NaN,NaN,NaN,NaN,NaN
3.717747704E1,NaN,NaN,NaN,NaN,NaN,NaN,NaN,NaN
3.718744004E1,NaN,NaN,NaN,NaN,NaN,NaN,NaN,NaN
3.719740304E1,NaN,NaN,NaN,NaN,NaN,NaN,NaN,NaN
3.720736704E1,NaN,NaN,NaN,NaN,NaN,NaN,NaN,NaN
3.721733004E1,NaN,NaN,NaN,NaN,NaN,NaN,NaN,NaN
3.722729404E1,NaN,NaN,NaN,NaN,NaN,NaN,NaN,NaN
3.723725704E1,NaN,NaN,NaN,NaN,NaN,NaN,NaN,NaN
3.724722004E1,NaN,NaN,NaN,NaN,NaN,NaN,NaN,NaN
3.725718404E1,NaN,NaN,NaN,NaN,NaN,NaN,NaN,NaN
3.726714704E1,NaN,NaN,NaN,NaN,NaN,NaN,NaN,NaN
3.727711004E1,NaN,NaN,NaN,NaN,NaN,NaN,NaN,NaN
3.728707404E1,NaN,NaN,NaN,NaN,NaN,NaN,NaN,NaN
3.729703704E1,NaN,NaN,NaN,NaN,NaN,NaN,NaN,NaN
3.730700104E1,NaN,NaN,NaN,NaN,NaN,NaN,NaN,NaN
3.731696404E1,NaN,NaN,NaN,NaN,NaN,NaN,NaN,NaN
3.732692704E1,NaN,NaN,NaN,NaN,NaN,NaN,NaN,NaN
3.733689104E1,NaN,NaN,NaN,NaN,NaN,NaN,NaN,NaN
3.734685404E1,NaN,NaN,NaN,NaN,NaN,NaN,NaN,NaN
3.735681804E1,NaN,NaN,NaN,NaN,NaN,NaN,NaN,NaN
3.736678104E1,NaN,NaN,NaN,NaN,NaN,NaN,NaN,NaN
3.737674404E1,NaN,NaN,NaN,NaN,NaN,NaN,NaN,NaN
3.738670804E1,NaN,NaN,NaN,NaN,NaN,NaN,NaN,NaN
3.739667104E1,NaN,NaN,NaN,NaN,NaN,NaN,NaN,NaN
3.740663504E1,NaN,NaN,NaN,NaN,NaN,NaN,NaN,NaN
3.741659804E1,NaN,NaN,NaN,NaN,NaN,NaN,NaN,NaN
3.742656104E1,NaN,NaN,NaN,NaN,NaN,NaN,NaN,NaN
3.743652504E1,NaN,NaN,NaN,NaN,NaN,NaN,NaN,NaN
3.744648804E1,NaN,NaN,NaN,NaN,NaN,NaN,NaN,NaN
3.745645204E1,NaN,NaN,NaN,NaN,NaN,NaN,NaN,NaN
3.746641504E1,NaN,NaN,NaN,NaN,NaN,NaN,NaN,NaN
3.747637804E1,NaN,NaN,NaN,NaN,NaN,NaN,NaN,NaN
3.748634204E1,NaN,NaN,NaN,NaN,NaN,NaN,NaN,NaN
3.749630504E1,NaN,NaN,NaN,NaN,NaN,NaN,NaN,NaN
3.750626904E1,NaN,NaN,NaN,NaN,NaN,NaN,NaN,NaN
3.751623204E1,NaN,NaN,NaN,NaN,NaN,NaN,NaN,NaN
3.752619504E1,NaN,NaN,NaN,NaN,NaN,NaN,NaN,NaN
3.753615904E1,NaN,NaN,NaN,NaN,NaN,NaN,NaN,NaN
3.754612204E1,NaN,NaN,NaN,NaN,NaN,NaN,NaN,NaN
3.755608604E1,NaN,NaN,NaN,NaN,NaN,NaN,NaN,NaN
3.756604904E1,NaN,NaN,NaN,NaN,NaN,NaN,NaN,NaN
3.757601204E1,NaN,NaN,NaN,NaN,NaN,NaN,NaN,NaN
3.758597604E1,NaN,NaN,NaN,NaN,NaN,NaN,NaN,NaN
3.759593904E1,NaN,NaN,NaN,NaN,NaN,NaN,NaN,NaN
3.760590304E1,NaN,NaN,NaN,NaN,NaN,NaN,NaN,NaN
3.761586604E1,NaN,NaN,NaN,NaN,NaN,NaN,NaN,NaN
3.762582904E1,NaN,NaN,NaN,NaN,NaN,NaN,NaN,NaN
3.763579304E1,NaN,NaN,NaN,NaN,NaN,NaN,NaN,NaN
3.764575604E1,NaN,NaN,NaN,NaN,NaN,NaN,NaN,NaN
3.765572004E1,NaN,NaN,NaN,NaN,NaN,NaN,NaN,NaN
3.766568304E1,NaN,NaN,NaN,NaN,NaN,NaN,NaN,NaN
3.767564604E1,NaN,NaN,NaN,NaN,NaN,NaN,NaN,NaN
3.768561004E1,NaN,NaN,NaN,NaN,NaN,NaN,NaN,NaN
3.769557304E1,NaN,NaN,NaN,NaN,NaN,NaN,NaN,NaN
3.770553704E1,NaN,NaN,NaN,NaN,NaN,NaN,NaN,NaN
3.771550004E1,NaN,NaN,NaN,NaN,NaN,NaN,NaN,NaN
3.772546304E1,NaN,NaN,NaN,NaN,NaN,NaN,NaN,NaN
3.773542704E1,NaN,NaN,NaN,NaN,NaN,NaN,NaN,NaN
3.774539004E1,NaN,NaN,NaN,NaN,NaN,NaN,NaN,NaN
3.775535404E1,NaN,NaN,NaN,NaN,NaN,NaN,NaN,NaN
3.776531704E1,NaN,NaN,NaN,NaN,NaN,NaN,NaN,NaN
3.777528004E1,NaN,NaN,NaN,NaN,NaN,NaN,NaN,NaN
3.778524404E1,NaN,NaN,NaN,NaN,NaN,NaN,NaN,NaN
3.779520704E1,NaN,NaN,NaN,NaN,NaN,NaN,NaN,NaN
3.780517104E1,NaN,NaN,NaN,NaN,NaN,NaN,NaN,NaN
3.781513404E1,NaN,NaN,NaN,NaN,NaN,NaN,NaN,NaN
3.782509704E1,NaN,NaN,NaN,NaN,NaN,NaN,NaN,NaN
3.783506104E1,NaN,NaN,NaN,NaN,NaN,NaN,NaN,NaN
3.784502404E1,NaN,NaN,NaN,NaN,NaN,NaN,NaN,NaN
3.785498804E1,NaN,NaN,NaN,NaN,NaN,NaN,NaN,NaN
3.786495104E1,NaN,NaN,NaN,NaN,NaN,NaN,NaN,NaN
3.787491504E1,NaN,NaN,NaN,NaN,NaN,NaN,NaN,NaN
3.788487804E1,NaN,NaN,NaN,NaN,NaN,NaN,NaN,NaN
3.789484104E1,NaN,NaN,NaN,NaN,NaN,NaN,NaN,NaN
3.790480504E1,NaN,NaN,NaN,NaN,NaN,NaN,NaN,NaN
3.791476804E1,NaN,NaN,NaN,NaN,NaN,NaN,NaN,NaN
3.792473204E1,NaN,NaN,NaN,NaN,NaN,NaN,NaN,NaN
3.793469504E1,NaN,NaN,NaN,NaN,NaN,NaN,NaN,NaN
3.794465854E1,NaN,NaN,NaN,NaN,NaN,NaN,NaN,NaN
3.795462254E1,NaN,NaN,NaN,NaN,NaN,NaN,NaN,NaN
3.796458554E1,NaN,NaN,NaN,NaN,NaN,NaN,NaN,NaN
3.797454954E1,NaN,NaN,NaN,NaN,NaN,NaN,NaN,NaN
3.798451254E1,NaN,NaN,NaN,NaN,NaN,NaN,NaN,NaN
3.799447554E1,NaN,NaN,NaN,NaN,NaN,NaN,NaN,NaN
3.800443954E1,NaN,NaN,NaN,NaN,NaN,NaN,NaN,NaN
3.801440254E1,NaN,NaN,NaN,NaN,NaN,NaN,NaN,NaN
3.802436654E1,NaN,NaN,NaN,NaN,NaN,NaN,NaN,NaN
3.803432954E1,NaN,NaN,NaN,NaN,NaN,NaN,NaN,NaN
3.804429254E1,NaN,NaN,NaN,NaN,NaN,NaN,NaN,NaN
3.805425654E1,NaN,NaN,NaN,NaN,NaN,NaN,NaN,NaN
3.806421954E1,NaN,NaN,NaN,NaN,NaN,NaN,NaN,NaN
3.807418354E1,NaN,NaN,NaN,NaN,NaN,NaN,NaN,NaN
3.808414654E1,NaN,NaN,NaN,NaN,NaN,NaN,NaN,NaN
3.809410954E1,NaN,NaN,NaN,NaN,NaN,NaN,NaN,NaN
3.810407354E1,NaN,NaN,NaN,NaN,NaN,NaN,NaN,NaN
3.811403654E1,NaN,NaN,NaN,NaN,NaN,NaN,NaN,NaN
3.812400054E1,NaN,NaN,NaN,NaN,NaN,NaN,NaN,NaN
3.813396354E1,NaN,NaN,NaN,NaN,NaN,NaN,NaN,NaN
3.814392654E1,NaN,NaN,NaN,NaN,NaN,NaN,NaN,NaN
3.815389054E1,NaN,NaN,NaN,NaN,NaN,NaN,NaN,NaN
3.816385354E1,NaN,NaN,NaN,NaN,NaN,NaN,NaN,NaN
3.817381754E1,NaN,NaN,NaN,NaN,NaN,NaN,NaN,NaN
3.818378054E1,NaN,NaN,NaN,NaN,NaN,NaN,NaN,NaN
3.819374454E1,NaN,NaN,NaN,NaN,NaN,NaN,NaN,NaN
3.820370754E1,NaN,NaN,NaN,NaN,NaN,NaN,NaN,NaN
3.821367054E1,NaN,NaN,NaN,NaN,NaN,NaN,NaN,NaN
3.822363454E1,NaN,NaN,NaN,NaN,NaN,NaN,NaN,NaN
3.823359754E1,NaN,NaN,NaN,NaN,NaN,NaN,NaN,NaN
3.824356154E1,NaN,NaN,NaN,NaN,NaN,NaN,NaN,NaN
3.825352454E1,NaN,NaN,NaN,NaN,NaN,NaN,NaN,NaN
3.826348754E1,NaN,NaN,NaN,NaN,NaN,NaN,NaN,NaN
3.827345154E1,NaN,NaN,NaN,NaN,NaN,NaN,NaN,NaN
3.828341454E1,NaN,NaN,NaN,NaN,NaN,NaN,NaN,NaN
3.829337854E1,NaN,NaN,NaN,NaN,NaN,NaN,NaN,NaN
3.830334154E1,NaN,NaN,NaN,NaN,NaN,NaN,NaN,NaN
3.831330454E1,NaN,NaN,NaN,NaN,NaN,NaN,NaN,NaN
3.832326854E1,NaN,NaN,NaN,NaN,NaN,NaN,NaN,NaN
3.833323154E1,NaN,NaN,NaN,NaN,NaN,NaN,NaN,NaN
3.834319554E1,NaN,NaN,NaN,NaN,NaN,NaN,NaN,NaN
3.835315854E1,NaN,NaN,NaN,NaN,NaN,NaN,NaN,NaN
3.836312154E1,NaN,NaN,NaN,NaN,NaN,NaN,NaN,NaN
3.837308554E1,NaN,NaN,NaN,NaN,NaN,NaN,NaN,NaN
3.838304854E1,NaN,NaN,NaN,NaN,NaN,NaN,NaN,NaN
3.839301254E1,NaN,NaN,NaN,NaN,NaN,NaN,NaN,NaN
3.840297554E1,NaN,NaN,NaN,NaN,NaN,NaN,NaN,NaN
3.841293854E1,NaN,NaN,NaN,NaN,NaN,NaN,NaN,NaN
3.842290254E1,NaN,NaN,NaN,NaN,NaN,NaN,NaN,NaN
3.843286554E1,NaN,NaN,NaN,NaN,NaN,NaN,NaN,NaN
3.844282954E1,NaN,NaN,NaN,NaN,NaN,NaN,NaN,NaN
3.845279254E1,NaN,NaN,NaN,NaN,NaN,NaN,NaN,NaN
3.846275554E1,NaN,NaN,NaN,NaN,NaN,NaN,NaN,NaN
3.847271954E1,NaN,NaN,NaN,NaN,NaN,NaN,NaN,NaN
3.848268254E1,NaN,NaN,NaN,NaN,NaN,NaN,NaN,NaN
3.849264654E1,NaN,NaN,NaN,NaN,NaN,NaN,NaN,NaN
3.850260954E1,NaN,NaN,NaN,NaN,NaN,NaN,NaN,NaN
3.851257354E1,NaN,NaN,NaN,NaN,NaN,NaN,NaN,NaN
3.852253654E1,NaN,NaN,NaN,NaN,NaN,NaN,NaN,NaN
3.853249954E1,NaN,NaN,NaN,NaN,NaN,NaN,NaN,NaN
3.854246354E1,NaN,NaN,NaN,NaN,NaN,NaN,NaN,NaN
3.855242654E1,NaN,NaN,NaN,NaN,NaN,NaN,NaN,NaN
3.856239054E1,NaN,NaN,NaN,NaN,NaN,NaN,NaN,NaN
3.857235354E1,NaN,NaN,NaN,NaN,NaN,NaN,NaN,NaN
3.858231654E1,NaN,NaN,NaN,NaN,NaN,NaN,NaN,NaN
3.859228054E1,NaN,NaN,NaN,NaN,NaN,NaN,NaN,NaN
3.860224354E1,NaN,NaN,NaN,NaN,NaN,NaN,NaN,NaN
3.861220754E1,NaN,NaN,NaN,NaN,NaN,NaN,NaN,NaN
3.862217054E1,NaN,NaN,NaN,NaN,NaN,NaN,NaN,NaN
3.863213354E1,NaN,NaN,NaN,NaN,NaN,NaN,NaN,NaN
3.864209754E1,NaN,NaN,NaN,NaN,NaN,NaN,NaN,NaN
3.865206054E1,NaN,NaN,NaN,NaN,NaN,NaN,NaN,NaN
3.866202454E1,NaN,NaN,NaN,NaN,NaN,NaN,NaN,NaN
3.867198754E1,NaN,NaN,NaN,NaN,NaN,NaN,NaN,NaN
3.868195054E1,NaN,NaN,NaN,NaN,NaN,NaN,NaN,NaN
3.869191454E1,NaN,NaN,NaN,NaN,NaN,NaN,NaN,NaN
3.870187754E1,NaN,NaN,NaN,NaN,NaN,NaN,NaN,NaN
3.871184154E1,NaN,NaN,NaN,NaN,NaN,NaN,NaN,NaN
3.872180454E1,NaN,NaN,NaN,NaN,NaN,NaN,NaN,NaN
3.873176754E1,NaN,NaN,NaN,NaN,NaN,NaN,NaN,NaN
3.874173154E1,NaN,NaN,NaN,NaN,NaN,NaN,NaN,NaN
3.875169454E1,NaN,NaN,NaN,NaN,NaN,NaN,NaN,NaN
3.876165854E1,NaN,NaN,NaN,NaN,NaN,NaN,NaN,NaN
3.877162154E1,NaN,NaN,NaN,NaN,NaN,NaN,NaN,NaN
3.878158454E1,NaN,NaN,NaN,NaN,NaN,NaN,NaN,NaN
3.879154854E1,NaN,NaN,NaN,NaN,NaN,NaN,NaN,NaN
3.880151154E1,NaN,NaN,NaN,NaN,NaN,NaN,NaN,NaN
3.881147554E1,NaN,NaN,NaN,NaN,NaN,NaN,NaN,NaN
3.882143854E1,NaN,NaN,NaN,NaN,NaN,NaN,NaN,NaN
3.883140254E1,NaN,NaN,NaN,NaN,NaN,NaN,NaN,NaN
3.884136554E1,NaN,NaN,NaN,NaN,NaN,NaN,NaN,NaN
3.885132854E1,NaN,NaN,NaN,NaN,NaN,NaN,NaN,NaN
3.886129254E1,NaN,NaN,NaN,NaN,NaN,NaN,NaN,NaN
3.887125554E1,NaN,NaN,NaN,NaN,NaN,NaN,NaN,NaN
3.888121954E1,NaN,NaN,NaN,NaN,NaN,NaN,NaN,NaN
3.889118254E1,NaN,NaN,NaN,NaN,NaN,NaN,NaN,NaN
3.890114554E1,NaN,NaN,NaN,NaN,NaN,NaN,NaN,NaN
3.891110954E1,NaN,NaN,NaN,NaN,NaN,NaN,NaN,NaN
3.892107254E1,NaN,NaN,NaN,NaN,NaN,NaN,NaN,NaN
3.893103654E1,NaN,NaN,NaN,NaN,NaN,NaN,NaN,NaN
3.894099954E1,NaN,NaN,NaN,NaN,NaN,NaN,NaN,NaN
3.895096283E1,NaN,NaN,NaN,NaN,NaN,NaN,NaN,NaN
3.896092683E1,NaN,NaN,NaN,NaN,NaN,NaN,NaN,NaN
3.897088983E1,NaN,NaN,NaN,NaN,NaN,NaN,NaN,NaN
3.898085383E1,NaN,NaN,NaN,NaN,NaN,NaN,NaN,NaN
3.899081683E1,NaN,NaN,NaN,NaN,NaN,NaN,NaN,NaN
3.900077983E1,NaN,NaN,NaN,NaN,NaN,NaN,NaN,NaN
3.901074383E1,NaN,NaN,NaN,NaN,NaN,NaN,NaN,NaN
3.902070683E1,NaN,NaN,NaN,NaN,NaN,NaN,NaN,NaN
3.903067083E1,NaN,NaN,NaN,NaN,NaN,NaN,NaN,NaN
3.904063383E1,NaN,NaN,NaN,NaN,NaN,NaN,NaN,NaN
3.905059683E1,NaN,NaN,NaN,NaN,NaN,NaN,NaN,NaN
3.906056083E1,NaN,NaN,NaN,NaN,NaN,NaN,NaN,NaN
3.907052383E1,NaN,NaN,NaN,NaN,NaN,NaN,NaN,NaN
3.908048783E1,NaN,NaN,NaN,NaN,NaN,NaN,NaN,NaN
3.909045083E1,NaN,NaN,NaN,NaN,NaN,NaN,NaN,NaN
3.910041383E1,NaN,NaN,NaN,NaN,NaN,NaN,NaN,NaN
3.911037783E1,NaN,NaN,NaN,NaN,NaN,NaN,NaN,NaN
3.912034083E1,NaN,NaN,NaN,NaN,NaN,NaN,NaN,NaN
3.913030483E1,NaN,NaN,NaN,NaN,NaN,NaN,NaN,NaN
3.914026783E1,NaN,NaN,NaN,NaN,NaN,NaN,NaN,NaN
3.915023083E1,NaN,NaN,NaN,NaN,NaN,NaN,NaN,NaN
3.916019483E1,NaN,NaN,NaN,NaN,NaN,NaN,NaN,NaN
3.917015783E1,NaN,NaN,NaN,NaN,NaN,NaN,NaN,NaN
3.918012183E1,NaN,NaN,NaN,NaN,NaN,NaN,NaN,NaN
3.919008483E1,NaN,NaN,NaN,NaN,NaN,NaN,NaN,NaN
3.920004883E1,NaN,NaN,NaN,NaN,NaN,NaN,NaN,NaN
3.921001183E1,NaN,NaN,NaN,NaN,NaN,NaN,NaN,NaN
3.921997483E1,NaN,NaN,NaN,NaN,NaN,NaN,NaN,NaN
3.922993883E1,NaN,NaN,NaN,NaN,NaN,NaN,NaN,NaN
3.923990183E1,NaN,NaN,NaN,NaN,NaN,NaN,NaN,NaN
3.924986483E1,NaN,NaN,NaN,NaN,NaN,NaN,NaN,NaN
3.925982883E1,NaN,NaN,NaN,NaN,NaN,NaN,NaN,NaN
3.926979183E1,NaN,NaN,NaN,NaN,NaN,NaN,NaN,NaN
3.927975583E1,NaN,NaN,NaN,NaN,NaN,NaN,NaN,NaN
3.928971883E1,NaN,NaN,NaN,NaN,NaN,NaN,NaN,NaN
3.929968283E1,NaN,NaN,NaN,NaN,NaN,NaN,NaN,NaN
3.930964583E1,NaN,NaN,NaN,NaN,NaN,NaN,NaN,NaN
3.931960883E1,NaN,NaN,NaN,NaN,NaN,NaN,NaN,NaN
3.932957283E1,NaN,NaN,NaN,NaN,NaN,NaN,NaN,NaN
3.933953583E1,NaN,NaN,NaN,NaN,NaN,NaN,NaN,NaN
3.934949983E1,NaN,NaN,NaN,NaN,NaN,NaN,NaN,NaN
3.935946283E1,NaN,NaN,NaN,NaN,NaN,NaN,NaN,NaN
3.936942583E1,NaN,NaN,NaN,NaN,NaN,NaN,NaN,NaN
3.937938983E1,NaN,NaN,NaN,NaN,NaN,NaN,NaN,NaN
3.938935283E1,NaN,NaN,NaN,NaN,NaN,NaN,NaN,NaN
3.939931683E1,NaN,NaN,NaN,NaN,NaN,NaN,NaN,NaN
3.940927983E1,NaN,NaN,NaN,NaN,NaN,NaN,NaN,NaN
3.941924283E1,NaN,NaN,NaN,NaN,NaN,NaN,NaN,NaN
3.942920683E1,NaN,NaN,NaN,NaN,NaN,NaN,NaN,NaN
3.943916983E1,NaN,NaN,NaN,NaN,NaN,NaN,NaN,NaN
3.944913383E1,NaN,NaN,NaN,NaN,NaN,NaN,NaN,NaN
3.945909683E1,NaN,NaN,NaN,NaN,NaN,NaN,NaN,NaN
3.946905983E1,NaN,NaN,NaN,NaN,NaN,NaN,NaN,NaN
3.947902383E1,NaN,NaN,NaN,NaN,NaN,NaN,NaN,NaN
3.948898683E1,NaN,NaN,NaN,NaN,NaN,NaN,NaN,NaN
3.949895083E1,NaN,NaN,NaN,NaN,NaN,NaN,NaN,NaN
3.950891383E1,NaN,NaN,NaN,NaN,NaN,NaN,NaN,NaN
3.951887683E1,NaN,NaN,NaN,NaN,NaN,NaN,NaN,NaN
3.952884083E1,NaN,NaN,NaN,NaN,NaN,NaN,NaN,NaN
3.953880383E1,NaN,NaN,NaN,NaN,NaN,NaN,NaN,NaN
3.954876783E1,NaN,NaN,NaN,NaN,NaN,NaN,NaN,NaN
3.955873083E1,NaN,NaN,NaN,NaN,NaN,NaN,NaN,NaN
3.956869383E1,NaN,NaN,NaN,NaN,NaN,NaN,NaN,NaN
3.957865783E1,NaN,NaN,NaN,NaN,NaN,NaN,NaN,NaN
3.958862083E1,NaN,NaN,NaN,NaN,NaN,NaN,NaN,NaN
3.959858483E1,NaN,NaN,NaN,NaN,NaN,NaN,NaN,NaN
3.960854783E1,NaN,NaN,NaN,NaN,NaN,NaN,NaN,NaN
3.961851083E1,NaN,NaN,NaN,NaN,NaN,NaN,NaN,NaN
3.962847483E1,NaN,NaN,NaN,NaN,NaN,NaN,NaN,NaN
3.963843783E1,NaN,NaN,NaN,NaN,NaN,NaN,NaN,NaN
3.964840183E1,NaN,NaN,NaN,NaN,NaN,NaN,NaN,NaN
3.965836483E1,NaN,NaN,NaN,NaN,NaN,NaN,NaN,NaN
3.966832783E1,NaN,NaN,NaN,NaN,NaN,NaN,NaN,NaN
3.967829183E1,NaN,NaN,NaN,NaN,NaN,NaN,NaN,NaN
3.968825483E1,NaN,NaN,NaN,NaN,NaN,NaN,NaN,NaN
3.969821883E1,NaN,NaN,NaN,NaN,NaN,NaN,NaN,NaN
3.970818183E1,NaN,NaN,NaN,NaN,NaN,NaN,NaN,NaN
3.971814483E1,NaN,NaN,NaN,NaN,NaN,NaN,NaN,NaN
3.972810883E1,NaN,NaN,NaN,NaN,NaN,NaN,NaN,NaN
3.973807183E1,NaN,NaN,NaN,NaN,NaN,NaN,NaN,NaN
3.974803583E1,NaN,NaN,NaN,NaN,NaN,NaN,NaN,NaN
3.975799883E1,NaN,NaN,NaN,NaN,NaN,NaN,NaN,NaN
3.976796183E1,NaN,NaN,NaN,NaN,NaN,NaN,NaN,NaN
3.977792583E1,NaN,NaN,NaN,NaN,NaN,NaN,NaN,NaN
3.978788883E1,NaN,NaN,NaN,NaN,NaN,NaN,NaN,NaN
3.979785283E1,NaN,NaN,NaN,NaN,NaN,NaN,NaN,NaN
3.980781583E1,NaN,NaN,NaN,NaN,NaN,NaN,NaN,NaN
3.981777883E1,NaN,NaN,NaN,NaN,NaN,NaN,NaN,NaN
3.982774283E1,NaN,NaN,NaN,NaN,NaN,NaN,NaN,NaN
3.983770583E1,NaN,NaN,NaN,NaN,NaN,NaN,NaN,NaN
3.984766983E1,NaN,NaN,NaN,NaN,NaN,NaN,NaN,NaN
3.985763283E1,NaN,NaN,NaN,NaN,NaN,NaN,NaN,NaN
3.986759583E1,NaN,NaN,NaN,NaN,NaN,NaN,NaN,NaN
3.987755983E1,NaN,NaN,NaN,NaN,NaN,NaN,NaN,NaN
3.988752283E1,NaN,NaN,NaN,NaN,NaN,NaN,NaN,NaN
3.989748683E1,NaN,NaN,NaN,NaN,NaN,NaN,NaN,NaN
3.990744983E1,NaN,NaN,NaN,NaN,NaN,NaN,NaN,NaN
3.991741283E1,NaN,NaN,NaN,NaN,NaN,NaN,NaN,NaN
3.992737683E1,NaN,NaN,NaN,NaN,NaN,NaN,NaN,NaN
3.993733983E1,NaN,NaN,NaN,NaN,NaN,NaN,NaN,NaN
3.994730342E1,NaN,NaN,NaN,NaN,NaN,NaN,NaN,NaN
3.995726642E1,NaN,NaN,NaN,NaN,NaN,NaN,NaN,NaN
3.996722942E1,NaN,NaN,NaN,NaN,NaN,NaN,NaN,NaN
3.997719342E1,NaN,NaN,NaN,NaN,NaN,NaN,NaN,NaN
3.998715642E1,NaN,NaN,NaN,NaN,NaN,NaN,NaN,NaN
3.999711942E1,NaN,NaN,NaN,NaN,NaN,NaN,NaN,NaN
4.000708342E1,NaN,NaN,NaN,NaN,NaN,NaN,NaN,NaN
4.001704642E1,NaN,NaN,NaN,NaN,NaN,NaN,NaN,NaN
4.002701042E1,NaN,NaN,NaN,NaN,NaN,NaN,NaN,NaN
4.003697342E1,NaN,NaN,NaN,NaN,NaN,NaN,NaN,NaN
4.004693642E1,NaN,NaN,NaN,NaN,NaN,NaN,NaN,NaN
4.005690042E1,NaN,NaN,NaN,NaN,NaN,NaN,NaN,NaN
4.006686342E1,NaN,NaN,NaN,NaN,NaN,NaN,NaN,NaN
4.007682742E1,NaN,NaN,NaN,NaN,NaN,NaN,NaN,NaN
4.008679042E1,NaN,NaN,NaN,NaN,NaN,NaN,NaN,NaN
4.009675342E1,NaN,NaN,NaN,NaN,NaN,NaN,NaN,NaN
4.010671742E1,NaN,NaN,NaN,NaN,NaN,NaN,NaN,NaN
4.011668042E1,NaN,NaN,NaN,NaN,NaN,NaN,NaN,NaN
4.012664442E1,NaN,NaN,NaN,NaN,NaN,NaN,NaN,NaN
4.013660742E1,NaN,NaN,NaN,NaN,NaN,NaN,NaN,NaN
4.014657042E1,NaN,NaN,NaN,NaN,NaN,NaN,NaN,NaN
4.015653442E1,NaN,NaN,NaN,NaN,NaN,NaN,NaN,NaN
4.016649742E1,NaN,NaN,NaN,NaN,NaN,NaN,NaN,NaN
4.017646142E1,NaN,NaN,NaN,NaN,NaN,NaN,NaN,NaN
4.018642442E1,NaN,NaN,NaN,NaN,NaN,NaN,NaN,NaN
4.019638742E1,NaN,NaN,NaN,NaN,NaN,NaN,NaN,NaN
4.020635142E1,NaN,NaN,NaN,NaN,NaN,NaN,NaN,NaN
4.021631442E1,NaN,NaN,NaN,NaN,NaN,NaN,NaN,NaN
4.022627742E1,NaN,NaN,NaN,NaN,NaN,NaN,NaN,NaN
4.023624142E1,NaN,NaN,NaN,NaN,NaN,NaN,NaN,NaN
4.024620442E1,NaN,NaN,NaN,NaN,NaN,NaN,NaN,NaN
4.025616842E1,NaN,NaN,NaN,NaN,NaN,NaN,NaN,NaN
4.026613142E1,NaN,NaN,NaN,NaN,NaN,NaN,NaN,NaN
4.027609442E1,NaN,NaN,NaN,NaN,NaN,NaN,NaN,NaN
4.028605842E1,NaN,NaN,NaN,NaN,NaN,NaN,NaN,NaN
4.029602142E1,NaN,NaN,NaN,NaN,NaN,NaN,NaN,NaN
4.030598542E1,NaN,NaN,NaN,NaN,NaN,NaN,NaN,NaN
4.031594842E1,NaN,NaN,NaN,NaN,NaN,NaN,NaN,NaN
4.032591142E1,NaN,NaN,NaN,NaN,NaN,NaN,NaN,NaN
4.033587542E1,NaN,NaN,NaN,NaN,NaN,NaN,NaN,NaN
4.034583842E1,NaN,NaN,NaN,NaN,NaN,NaN,NaN,NaN
4.035580242E1,NaN,NaN,NaN,NaN,NaN,NaN,NaN,NaN
4.036576542E1,NaN,NaN,NaN,NaN,NaN,NaN,NaN,NaN
4.037572842E1,NaN,NaN,NaN,NaN,NaN,NaN,NaN,NaN
4.038569242E1,NaN,NaN,NaN,NaN,NaN,NaN,NaN,NaN
4.039565542E1,NaN,NaN,NaN,NaN,NaN,NaN,NaN,NaN
4.040561842E1,NaN,NaN,NaN,NaN,NaN,NaN,NaN,NaN
4.041558242E1,NaN,NaN,NaN,NaN,NaN,NaN,NaN,NaN
4.042554542E1,NaN,NaN,NaN,NaN,NaN,NaN,NaN,NaN
4.043550942E1,NaN,NaN,NaN,NaN,NaN,NaN,NaN,NaN
4.044547242E1,NaN,NaN,NaN,NaN,NaN,NaN,NaN,NaN
4.045543542E1,NaN,NaN,NaN,NaN,NaN,NaN,NaN,NaN
4.046539942E1,NaN,NaN,NaN,NaN,NaN,NaN,NaN,NaN
4.047536242E1,NaN,NaN,NaN,NaN,NaN,NaN,NaN,NaN
4.048532642E1,NaN,NaN,NaN,NaN,NaN,NaN,NaN,NaN
4.049528942E1,NaN,NaN,NaN,NaN,NaN,NaN,NaN,NaN
4.050525242E1,NaN,NaN,NaN,NaN,NaN,NaN,NaN,NaN
4.051521642E1,NaN,NaN,NaN,NaN,NaN,NaN,NaN,NaN
4.052517942E1,NaN,NaN,NaN,NaN,NaN,NaN,NaN,NaN
4.053514242E1,NaN,NaN,NaN,NaN,NaN,NaN,NaN,NaN
4.054510642E1,NaN,NaN,NaN,NaN,NaN,NaN,NaN,NaN
4.055506942E1,NaN,NaN,NaN,NaN,NaN,NaN,NaN,NaN
4.056503342E1,NaN,NaN,NaN,NaN,NaN,NaN,NaN,NaN
4.057499642E1,NaN,NaN,NaN,NaN,NaN,NaN,NaN,NaN
4.058495942E1,NaN,NaN,NaN,NaN,NaN,NaN,NaN,NaN
4.059492342E1,NaN,NaN,NaN,NaN,NaN,NaN,NaN,NaN
4.060488642E1,NaN,NaN,NaN,NaN,NaN,NaN,NaN,NaN
4.061485042E1,NaN,NaN,NaN,NaN,NaN,NaN,NaN,NaN
4.062481342E1,NaN,NaN,NaN,NaN,NaN,NaN,NaN,NaN
4.063477642E1,NaN,NaN,NaN,NaN,NaN,NaN,NaN,NaN
4.064474042E1,NaN,NaN,NaN,NaN,NaN,NaN,NaN,NaN
4.065470342E1,NaN,NaN,NaN,NaN,NaN,NaN,NaN,NaN
4.066466642E1,NaN,NaN,NaN,NaN,NaN,NaN,NaN,NaN
4.067463042E1,NaN,NaN,NaN,NaN,NaN,NaN,NaN,NaN
4.068459342E1,NaN,NaN,NaN,NaN,NaN,NaN,NaN,NaN
4.069455742E1,NaN,NaN,NaN,NaN,NaN,NaN,NaN,NaN
4.070452042E1,NaN,NaN,NaN,NaN,NaN,NaN,NaN,NaN
4.071448342E1,NaN,NaN,NaN,NaN,NaN,NaN,NaN,NaN
4.072444742E1,NaN,NaN,NaN,NaN,NaN,NaN,NaN,NaN
4.073441042E1,NaN,NaN,NaN,NaN,NaN,NaN,NaN,NaN
4.074437442E1,NaN,NaN,NaN,NaN,NaN,NaN,NaN,NaN
4.075433742E1,NaN,NaN,NaN,NaN,NaN,NaN,NaN,NaN
4.076430042E1,NaN,NaN,NaN,NaN,NaN,NaN,NaN,NaN
4.077426442E1,NaN,NaN,NaN,NaN,NaN,NaN,NaN,NaN
4.078422742E1,NaN,NaN,NaN,NaN,NaN,NaN,NaN,NaN
4.079419042E1,NaN,NaN,NaN,NaN,NaN,NaN,NaN,NaN
4.080415442E1,NaN,NaN,NaN,NaN,NaN,NaN,NaN,NaN
4.081411742E1,NaN,NaN,NaN,NaN,NaN,NaN,NaN,NaN
4.082408142E1,NaN,NaN,NaN,NaN,NaN,NaN,NaN,NaN
4.083404442E1,NaN,NaN,NaN,NaN,NaN,NaN,NaN,NaN
4.084400742E1,NaN,NaN,NaN,NaN,NaN,NaN,NaN,NaN
4.085397142E1,NaN,NaN,NaN,NaN,NaN,NaN,NaN,NaN
4.086393442E1,NaN,NaN,NaN,NaN,NaN,NaN,NaN,NaN
4.087389742E1,NaN,NaN,NaN,NaN,NaN,NaN,NaN,NaN
4.088386142E1,NaN,NaN,NaN,NaN,NaN,NaN,NaN,NaN
4.089382442E1,NaN,NaN,NaN,NaN,NaN,NaN,NaN,NaN
4.090378842E1,NaN,NaN,NaN,NaN,NaN,NaN,NaN,NaN
4.091375142E1,NaN,NaN,NaN,NaN,NaN,NaN,NaN,NaN
4.092371442E1,NaN,NaN,NaN,NaN,NaN,NaN,NaN,NaN
4.093367842E1,NaN,NaN,NaN,NaN,NaN,NaN,NaN,NaN
4.094364142E1,NaN,NaN,NaN,NaN,NaN,NaN,NaN,NaN
4.095360479E1,NaN,NaN,NaN,NaN,NaN,NaN,NaN,NaN
4.096356879E1,NaN,NaN,NaN,NaN,NaN,NaN,NaN,NaN
4.097353179E1,NaN,NaN,NaN,NaN,NaN,NaN,NaN,NaN
4.098349579E1,NaN,NaN,NaN,NaN,NaN,NaN,NaN,NaN
4.099345879E1,NaN,NaN,NaN,NaN,NaN,NaN,NaN,NaN
4.100342179E1,NaN,NaN,NaN,NaN,NaN,NaN,NaN,NaN
4.101338579E1,NaN,NaN,NaN,NaN,NaN,NaN,NaN,NaN
4.102334879E1,NaN,NaN,NaN,NaN,NaN,NaN,NaN,NaN
4.103331179E1,NaN,NaN,NaN,NaN,NaN,NaN,NaN,NaN
4.104327579E1,NaN,NaN,NaN,NaN,NaN,NaN,NaN,NaN
4.105323879E1,NaN,NaN,NaN,NaN,NaN,NaN,NaN,NaN
4.106320279E1,NaN,NaN,NaN,NaN,NaN,NaN,NaN,NaN
4.107316579E1,NaN,NaN,NaN,NaN,NaN,NaN,NaN,NaN
4.108312879E1,NaN,NaN,NaN,NaN,NaN,NaN,NaN,NaN
4.109309279E1,NaN,NaN,NaN,NaN,NaN,NaN,NaN,NaN
4.110305579E1,NaN,NaN,NaN,NaN,NaN,NaN,NaN,NaN
4.111301879E1,NaN,NaN,NaN,NaN,NaN,NaN,NaN,NaN
4.112298279E1,NaN,NaN,NaN,NaN,NaN,NaN,NaN,NaN
4.113294579E1,NaN,NaN,NaN,NaN,NaN,NaN,NaN,NaN
4.114290979E1,NaN,NaN,NaN,NaN,NaN,NaN,NaN,NaN
4.115287279E1,NaN,NaN,NaN,NaN,NaN,NaN,NaN,NaN
4.116283579E1,NaN,NaN,NaN,NaN,NaN,NaN,NaN,NaN
4.117279979E1,NaN,NaN,NaN,NaN,NaN,NaN,NaN,NaN
4.118276279E1,NaN,NaN,NaN,NaN,NaN,NaN,NaN,NaN
4.119272579E1,NaN,NaN,NaN,NaN,NaN,NaN,NaN,NaN
4.120268979E1,NaN,NaN,NaN,NaN,NaN,NaN,NaN,NaN
4.121265279E1,NaN,NaN,NaN,NaN,NaN,NaN,NaN,NaN
4.122261679E1,NaN,NaN,NaN,NaN,NaN,NaN,NaN,NaN
4.123257979E1,NaN,NaN,NaN,NaN,NaN,NaN,NaN,NaN
4.124254279E1,NaN,NaN,NaN,NaN,NaN,NaN,NaN,NaN
4.125250679E1,NaN,NaN,NaN,NaN,NaN,NaN,NaN,NaN
4.126246979E1,NaN,NaN,NaN,NaN,NaN,NaN,NaN,NaN
4.127243279E1,NaN,NaN,NaN,NaN,NaN,NaN,NaN,NaN
4.128239679E1,NaN,NaN,NaN,NaN,NaN,NaN,NaN,NaN
4.129235979E1,NaN,NaN,NaN,NaN,NaN,NaN,NaN,NaN
4.130232279E1,NaN,NaN,NaN,NaN,NaN,NaN,NaN,NaN
4.131228679E1,NaN,NaN,NaN,NaN,NaN,NaN,NaN,NaN
4.132224979E1,NaN,NaN,NaN,NaN,NaN,NaN,NaN,NaN
4.133221379E1,NaN,NaN,NaN,NaN,NaN,NaN,NaN,NaN
4.134217679E1,NaN,NaN,NaN,NaN,NaN,NaN,NaN,NaN
4.135213979E1,NaN,NaN,NaN,NaN,NaN,NaN,NaN,NaN
4.136210379E1,NaN,NaN,NaN,NaN,NaN,NaN,NaN,NaN
4.137206679E1,NaN,NaN,NaN,NaN,NaN,NaN,NaN,NaN
4.138202979E1,NaN,NaN,NaN,NaN,NaN,NaN,NaN,NaN
4.139199379E1,NaN,NaN,NaN,NaN,NaN,NaN,NaN,NaN
4.140195679E1,NaN,NaN,NaN,NaN,NaN,NaN,NaN,NaN
4.141191979E1,NaN,NaN,NaN,NaN,NaN,NaN,NaN,NaN
4.142188379E1,NaN,NaN,NaN,NaN,NaN,NaN,NaN,NaN
4.143184679E1,NaN,NaN,NaN,NaN,NaN,NaN,NaN,NaN
4.144181079E1,NaN,NaN,NaN,NaN,NaN,NaN,NaN,NaN
4.145177379E1,NaN,NaN,NaN,NaN,NaN,NaN,NaN,NaN
4.146173679E1,NaN,NaN,NaN,NaN,NaN,NaN,NaN,NaN
4.147170079E1,NaN,NaN,NaN,NaN,NaN,NaN,NaN,NaN
4.148166379E1,NaN,NaN,NaN,NaN,NaN,NaN,NaN,NaN
4.149162679E1,NaN,NaN,NaN,NaN,NaN,NaN,NaN,NaN
4.150159079E1,NaN,NaN,NaN,NaN,NaN,NaN,NaN,NaN
4.151155379E1,NaN,NaN,NaN,NaN,NaN,NaN,NaN,NaN
4.152151679E1,NaN,NaN,NaN,NaN,NaN,NaN,NaN,NaN
4.153148079E1,NaN,NaN,NaN,NaN,NaN,NaN,NaN,NaN
4.154144379E1,NaN,NaN,NaN,NaN,NaN,NaN,NaN,NaN
4.155140779E1,NaN,NaN,NaN,NaN,NaN,NaN,NaN,NaN
4.156137079E1,NaN,NaN,NaN,NaN,NaN,NaN,NaN,NaN
4.157133379E1,NaN,NaN,NaN,NaN,NaN,NaN,NaN,NaN
4.158129779E1,NaN,NaN,NaN,NaN,NaN,NaN,NaN,NaN
4.159126079E1,NaN,NaN,NaN,NaN,NaN,NaN,NaN,NaN
4.160122379E1,NaN,NaN,NaN,NaN,NaN,NaN,NaN,NaN
4.161118779E1,NaN,NaN,NaN,NaN,NaN,NaN,NaN,NaN
4.162115079E1,NaN,NaN,NaN,NaN,NaN,NaN,NaN,NaN
4.163111379E1,NaN,NaN,NaN,NaN,NaN,NaN,NaN,NaN
4.164107779E1,NaN,NaN,NaN,NaN,NaN,NaN,NaN,NaN
4.165104079E1,NaN,NaN,NaN,NaN,NaN,NaN,NaN,NaN
4.166100479E1,NaN,NaN,NaN,NaN,NaN,NaN,NaN,NaN
4.167096779E1,NaN,NaN,NaN,NaN,NaN,NaN,NaN,NaN
4.168093079E1,NaN,NaN,NaN,NaN,NaN,NaN,NaN,NaN
4.169089479E1,NaN,NaN,NaN,NaN,NaN,NaN,NaN,NaN
4.170085779E1,NaN,NaN,NaN,NaN,NaN,NaN,NaN,NaN
4.171082079E1,NaN,NaN,NaN,NaN,NaN,NaN,NaN,NaN
4.172078479E1,NaN,NaN,NaN,NaN,NaN,NaN,NaN,NaN
4.173074779E1,NaN,NaN,NaN,NaN,NaN,NaN,NaN,NaN
4.174071079E1,NaN,NaN,NaN,NaN,NaN,NaN,NaN,NaN
4.175067479E1,NaN,NaN,NaN,NaN,NaN,NaN,NaN,NaN
4.176063779E1,NaN,NaN,NaN,NaN,NaN,NaN,NaN,NaN
4.177060079E1,NaN,NaN,NaN,NaN,NaN,NaN,NaN,NaN
4.178056479E1,NaN,NaN,NaN,NaN,NaN,NaN,NaN,NaN
4.179052779E1,NaN,NaN,NaN,NaN,NaN,NaN,NaN,NaN
4.180049179E1,NaN,NaN,NaN,NaN,NaN,NaN,NaN,NaN
4.181045479E1,NaN,NaN,NaN,NaN,NaN,NaN,NaN,NaN
4.182041779E1,NaN,NaN,NaN,NaN,NaN,NaN,NaN,NaN
4.183038179E1,NaN,NaN,NaN,NaN,NaN,NaN,NaN,NaN
4.184034479E1,NaN,NaN,NaN,NaN,NaN,NaN,NaN,NaN
4.185030779E1,NaN,NaN,NaN,NaN,NaN,NaN,NaN,NaN
4.186027179E1,NaN,NaN,NaN,NaN,NaN,NaN,NaN,NaN
4.187023479E1,NaN,NaN,NaN,NaN,NaN,NaN,NaN,NaN
4.188019779E1,NaN,NaN,NaN,NaN,NaN,NaN,NaN,NaN
4.189016179E1,NaN,NaN,NaN,NaN,NaN,NaN,NaN,NaN
4.190012479E1,NaN,NaN,NaN,NaN,NaN,NaN,NaN,NaN
4.191008779E1,NaN,NaN,NaN,NaN,NaN,NaN,NaN,NaN
4.192005179E1,NaN,NaN,NaN,NaN,NaN,NaN,NaN,NaN
4.193001479E1,NaN,NaN,NaN,NaN,NaN,NaN,NaN,NaN
4.193997779E1,NaN,NaN,NaN,NaN,NaN,NaN,NaN,NaN
4.194994129E1,NaN,NaN,NaN,NaN,NaN,NaN,NaN,NaN
4.195990429E1,NaN,NaN,NaN,NaN,NaN,NaN,NaN,NaN
4.196986829E1,NaN,NaN,NaN,NaN,NaN,NaN,NaN,NaN
4.197983129E1,NaN,NaN,NaN,NaN,NaN,NaN,NaN,NaN
4.198979429E1,NaN,NaN,NaN,NaN,NaN,NaN,NaN,NaN
4.199975829E1,NaN,NaN,NaN,NaN,NaN,NaN,NaN,NaN
4.200972129E1,NaN,NaN,NaN,NaN,NaN,NaN,NaN,NaN
4.201968429E1,NaN,NaN,NaN,NaN,NaN,NaN,NaN,NaN
4.202964829E1,NaN,NaN,NaN,NaN,NaN,NaN,NaN,NaN
4.203961129E1,NaN,NaN,NaN,NaN,NaN,NaN,NaN,NaN
4.204957429E1,NaN,NaN,NaN,NaN,NaN,NaN,NaN,NaN
4.205953829E1,NaN,NaN,NaN,NaN,NaN,NaN,NaN,NaN
4.206950129E1,NaN,NaN,NaN,NaN,NaN,NaN,NaN,NaN
4.207946429E1,NaN,NaN,NaN,NaN,NaN,NaN,NaN,NaN
4.208942829E1,NaN,NaN,NaN,NaN,NaN,NaN,NaN,NaN
4.209939129E1,NaN,NaN,NaN,NaN,NaN,NaN,NaN,NaN
4.210935429E1,NaN,NaN,NaN,NaN,NaN,NaN,NaN,NaN
4.211931829E1,NaN,NaN,NaN,NaN,NaN,NaN,NaN,NaN
4.212928129E1,NaN,NaN,NaN,NaN,NaN,NaN,NaN,NaN
4.213924429E1,NaN,NaN,NaN,NaN,NaN,NaN,NaN,NaN
4.214920829E1,NaN,NaN,NaN,NaN,NaN,NaN,NaN,NaN
4.215917129E1,NaN,NaN,NaN,NaN,NaN,NaN,NaN,NaN
4.216913529E1,NaN,NaN,NaN,NaN,NaN,NaN,NaN,NaN
4.217909829E1,NaN,NaN,NaN,NaN,NaN,NaN,NaN,NaN
4.218906129E1,NaN,NaN,NaN,NaN,NaN,NaN,NaN,NaN
4.219902529E1,NaN,NaN,NaN,NaN,NaN,NaN,NaN,NaN
4.220898829E1,NaN,NaN,NaN,NaN,NaN,NaN,NaN,NaN
4.221895129E1,NaN,NaN,NaN,NaN,NaN,NaN,NaN,NaN
4.222891529E1,NaN,NaN,NaN,NaN,NaN,NaN,NaN,NaN
4.223887829E1,NaN,NaN,NaN,NaN,NaN,NaN,NaN,NaN
4.224884129E1,NaN,NaN,NaN,NaN,NaN,NaN,NaN,NaN
4.225880529E1,NaN,NaN,NaN,NaN,NaN,NaN,NaN,NaN
4.226876829E1,NaN,NaN,NaN,NaN,NaN,NaN,NaN,NaN
4.227873129E1,NaN,NaN,NaN,NaN,NaN,NaN,NaN,NaN
4.228869529E1,NaN,NaN,NaN,NaN,NaN,NaN,NaN,NaN
4.229865829E1,NaN,NaN,NaN,NaN,NaN,NaN,NaN,NaN
4.230862129E1,NaN,NaN,NaN,NaN,NaN,NaN,NaN,NaN
4.231858529E1,NaN,NaN,NaN,NaN,NaN,NaN,NaN,NaN
4.232854829E1,NaN,NaN,NaN,NaN,NaN,NaN,NaN,NaN
4.233851129E1,NaN,NaN,NaN,NaN,NaN,NaN,NaN,NaN
4.234847529E1,NaN,NaN,NaN,NaN,NaN,NaN,NaN,NaN
4.235843829E1,NaN,NaN,NaN,NaN,NaN,NaN,NaN,NaN
4.236840129E1,NaN,NaN,NaN,NaN,NaN,NaN,NaN,NaN
4.237836529E1,NaN,NaN,NaN,NaN,NaN,NaN,NaN,NaN
4.238832829E1,NaN,NaN,NaN,NaN,NaN,NaN,NaN,NaN
4.239829129E1,NaN,NaN,NaN,NaN,NaN,NaN,NaN,NaN
4.240825529E1,NaN,NaN,NaN,NaN,NaN,NaN,NaN,NaN
4.241821829E1,NaN,NaN,NaN,NaN,NaN,NaN,NaN,NaN
4.242818129E1,NaN,NaN,NaN,NaN,NaN,NaN,NaN,NaN
4.243814529E1,NaN,NaN,NaN,NaN,NaN,NaN,NaN,NaN
4.244810829E1,NaN,NaN,NaN,NaN,NaN,NaN,NaN,NaN
4.245807129E1,NaN,NaN,NaN,NaN,NaN,NaN,NaN,NaN
4.246803529E1,NaN,NaN,NaN,NaN,NaN,NaN,NaN,NaN
4.247799829E1,NaN,NaN,NaN,NaN,NaN,NaN,NaN,NaN
4.248796129E1,NaN,NaN,NaN,NaN,NaN,NaN,NaN,NaN
4.249792529E1,NaN,NaN,NaN,NaN,NaN,NaN,NaN,NaN
4.250788829E1,NaN,NaN,NaN,NaN,NaN,NaN,NaN,NaN
4.251785129E1,NaN,NaN,NaN,NaN,NaN,NaN,NaN,NaN
4.252781529E1,NaN,NaN,NaN,NaN,NaN,NaN,NaN,NaN
4.253777829E1,NaN,NaN,NaN,NaN,NaN,NaN,NaN,NaN
4.254774129E1,NaN,NaN,NaN,NaN,NaN,NaN,NaN,NaN
4.255770529E1,NaN,NaN,NaN,NaN,NaN,NaN,NaN,NaN
4.256766829E1,NaN,NaN,NaN,NaN,NaN,NaN,NaN,NaN
4.257763129E1,NaN,NaN,NaN,NaN,NaN,NaN,NaN,NaN
4.258759529E1,NaN,NaN,NaN,NaN,NaN,NaN,NaN,NaN
4.259755829E1,NaN,NaN,NaN,NaN,NaN,NaN,NaN,NaN
4.260752229E1,NaN,NaN,NaN,NaN,NaN,NaN,NaN,NaN
4.261748529E1,NaN,NaN,NaN,NaN,NaN,NaN,NaN,NaN
4.262744829E1,NaN,NaN,NaN,NaN,NaN,NaN,NaN,NaN
4.263741229E1,NaN,NaN,NaN,NaN,NaN,NaN,NaN,NaN
4.264737529E1,NaN,NaN,NaN,NaN,NaN,NaN,NaN,NaN
4.265733829E1,NaN,NaN,NaN,NaN,NaN,NaN,NaN,NaN
4.266730129E1,NaN,NaN,NaN,NaN,NaN,NaN,NaN,NaN
4.267726529E1,NaN,NaN,NaN,NaN,NaN,NaN,NaN,NaN
4.268722829E1,NaN,NaN,NaN,NaN,NaN,NaN,NaN,NaN
4.269719129E1,NaN,NaN,NaN,NaN,NaN,NaN,NaN,NaN
4.270715529E1,NaN,NaN,NaN,NaN,NaN,NaN,NaN,NaN
4.271711829E1,NaN,NaN,NaN,NaN,NaN,NaN,NaN,NaN
4.272708229E1,NaN,NaN,NaN,NaN,NaN,NaN,NaN,NaN
4.273704529E1,NaN,NaN,NaN,NaN,NaN,NaN,NaN,NaN
4.274700829E1,NaN,NaN,NaN,NaN,NaN,NaN,NaN,NaN
4.275697129E1,NaN,NaN,NaN,NaN,NaN,NaN,NaN,NaN
4.276693529E1,NaN,NaN,NaN,NaN,NaN,NaN,NaN,NaN
4.277689829E1,NaN,NaN,NaN,NaN,NaN,NaN,NaN,NaN
4.278686129E1,NaN,NaN,NaN,NaN,NaN,NaN,NaN,NaN
4.279682529E1,NaN,NaN,NaN,NaN,NaN,NaN,NaN,NaN
4.280678829E1,NaN,NaN,NaN,NaN,NaN,NaN,NaN,NaN
4.281675129E1,NaN,NaN,NaN,NaN,NaN,NaN,NaN,NaN
4.282671529E1,NaN,NaN,NaN,NaN,NaN,NaN,NaN,NaN
4.283667829E1,NaN,NaN,NaN,NaN,NaN,NaN,NaN,NaN
4.284664129E1,NaN,NaN,NaN,NaN,NaN,NaN,NaN,NaN
4.285660529E1,NaN,NaN,NaN,NaN,NaN,NaN,NaN,NaN
4.286656829E1,NaN,NaN,NaN,NaN,NaN,NaN,NaN,NaN
4.287653129E1,NaN,NaN,NaN,NaN,NaN,NaN,NaN,NaN
4.288649529E1,NaN,NaN,NaN,NaN,NaN,NaN,NaN,NaN
4.289645829E1,NaN,NaN,NaN,NaN,NaN,NaN,NaN,NaN
4.290642129E1,NaN,NaN,NaN,NaN,NaN,NaN,NaN,NaN
4.291638529E1,NaN,NaN,NaN,NaN,NaN,NaN,NaN,NaN
4.292634829E1,NaN,NaN,NaN,NaN,NaN,NaN,NaN,NaN
4.293631129E1,NaN,NaN,NaN,NaN,NaN,NaN,NaN,NaN
4.294627529E1,NaN,NaN,NaN,NaN,NaN,NaN,NaN,NaN
4.295623871E1,NaN,NaN,NaN,NaN,NaN,NaN,NaN,NaN
4.296620171E1,NaN,NaN,NaN,NaN,NaN,NaN,NaN,NaN
4.297616571E1,NaN,NaN,NaN,NaN,NaN,NaN,NaN,NaN
4.298612871E1,NaN,NaN,NaN,NaN,NaN,NaN,NaN,NaN
4.299609171E1,NaN,NaN,NaN,NaN,NaN,NaN,NaN,NaN
4.300605571E1,NaN,NaN,NaN,NaN,NaN,NaN,NaN,NaN
4.301601871E1,NaN,NaN,NaN,NaN,NaN,NaN,NaN,NaN
4.302598171E1,NaN,NaN,NaN,NaN,NaN,NaN,NaN,NaN
4.303594571E1,NaN,NaN,NaN,NaN,NaN,NaN,NaN,NaN
4.304590871E1,NaN,NaN,NaN,NaN,NaN,NaN,NaN,NaN
4.305587171E1,NaN,NaN,NaN,NaN,NaN,NaN,NaN,NaN
4.306583571E1,NaN,NaN,NaN,NaN,NaN,NaN,NaN,NaN
4.307579871E1,NaN,NaN,NaN,NaN,NaN,NaN,NaN,NaN
4.308576171E1,NaN,NaN,NaN,NaN,NaN,NaN,NaN,NaN
4.309572571E1,NaN,NaN,NaN,NaN,NaN,NaN,NaN,NaN
4.310568871E1,NaN,NaN,NaN,NaN,NaN,NaN,NaN,NaN
4.311565171E1,NaN,NaN,NaN,NaN,NaN,NaN,NaN,NaN
4.312561571E1,NaN,NaN,NaN,NaN,NaN,NaN,NaN,NaN
4.313557871E1,NaN,NaN,NaN,NaN,NaN,NaN,NaN,NaN
4.314554171E1,NaN,NaN,NaN,NaN,NaN,NaN,NaN,NaN
4.315550471E1,NaN,NaN,NaN,NaN,NaN,NaN,NaN,NaN
4.316546871E1,NaN,NaN,NaN,NaN,NaN,NaN,NaN,NaN
4.317543171E1,NaN,NaN,NaN,NaN,NaN,NaN,NaN,NaN
4.318539471E1,NaN,NaN,NaN,NaN,NaN,NaN,NaN,NaN
4.319535871E1,NaN,NaN,NaN,NaN,NaN,NaN,NaN,NaN
4.320532171E1,NaN,NaN,NaN,NaN,NaN,NaN,NaN,NaN
4.321528471E1,NaN,NaN,NaN,NaN,NaN,NaN,NaN,NaN
4.322524871E1,NaN,NaN,NaN,NaN,NaN,NaN,NaN,NaN
4.323521171E1,NaN,NaN,NaN,NaN,NaN,NaN,NaN,NaN
4.324517471E1,NaN,NaN,NaN,NaN,NaN,NaN,NaN,NaN
4.325513871E1,NaN,NaN,NaN,NaN,NaN,NaN,NaN,NaN
4.326510171E1,NaN,NaN,NaN,NaN,NaN,NaN,NaN,NaN
4.327506471E1,NaN,NaN,NaN,NaN,NaN,NaN,NaN,NaN
4.328502871E1,NaN,NaN,NaN,NaN,NaN,NaN,NaN,NaN
4.329499171E1,NaN,NaN,NaN,NaN,NaN,NaN,NaN,NaN
4.330495471E1,NaN,NaN,NaN,NaN,NaN,NaN,NaN,NaN
4.331491871E1,NaN,NaN,NaN,NaN,NaN,NaN,NaN,NaN
4.332488171E1,NaN,NaN,NaN,NaN,NaN,NaN,NaN,NaN
4.333484471E1,NaN,NaN,NaN,NaN,NaN,NaN,NaN,NaN
4.334480771E1,NaN,NaN,NaN,NaN,NaN,NaN,NaN,NaN
4.335477171E1,NaN,NaN,NaN,NaN,NaN,NaN,NaN,NaN
4.336473471E1,NaN,NaN,NaN,NaN,NaN,NaN,NaN,NaN
4.337469771E1,NaN,NaN,NaN,NaN,NaN,NaN,NaN,NaN
4.338466171E1,NaN,NaN,NaN,NaN,NaN,NaN,NaN,NaN
4.339462471E1,NaN,NaN,NaN,NaN,NaN,NaN,NaN,NaN
4.340458771E1,NaN,NaN,NaN,NaN,NaN,NaN,NaN,NaN
4.341455171E1,NaN,NaN,NaN,NaN,NaN,NaN,NaN,NaN
4.342451471E1,NaN,NaN,NaN,NaN,NaN,NaN,NaN,NaN
4.343447771E1,NaN,NaN,NaN,NaN,NaN,NaN,NaN,NaN
4.344444171E1,NaN,NaN,NaN,NaN,NaN,NaN,NaN,NaN
4.345440471E1,NaN,NaN,NaN,NaN,NaN,NaN,NaN,NaN
4.346436771E1,NaN,NaN,NaN,NaN,NaN,NaN,NaN,NaN
4.347433171E1,NaN,NaN,NaN,NaN,NaN,NaN,NaN,NaN
4.348429471E1,NaN,NaN,NaN,NaN,NaN,NaN,NaN,NaN
4.349425771E1,NaN,NaN,NaN,NaN,NaN,NaN,NaN,NaN
4.350422071E1,NaN,NaN,NaN,NaN,NaN,NaN,NaN,NaN
4.351418471E1,NaN,NaN,NaN,NaN,NaN,NaN,NaN,NaN
4.352414771E1,NaN,NaN,NaN,NaN,NaN,NaN,NaN,NaN
4.353411071E1,NaN,NaN,NaN,NaN,NaN,NaN,NaN,NaN
4.354407471E1,NaN,NaN,NaN,NaN,NaN,NaN,NaN,NaN
4.355403771E1,NaN,NaN,NaN,NaN,NaN,NaN,NaN,NaN
4.356400071E1,NaN,NaN,NaN,NaN,NaN,NaN,NaN,NaN
4.357396471E1,NaN,NaN,NaN,NaN,NaN,NaN,NaN,NaN
4.358392771E1,NaN,NaN,NaN,NaN,NaN,NaN,NaN,NaN
4.359389071E1,NaN,NaN,NaN,NaN,NaN,NaN,NaN,NaN
4.360385471E1,NaN,NaN,NaN,NaN,NaN,NaN,NaN,NaN
4.361381771E1,NaN,NaN,NaN,NaN,NaN,NaN,NaN,NaN
4.362378071E1,NaN,NaN,NaN,NaN,NaN,NaN,NaN,NaN
4.363374371E1,NaN,NaN,NaN,NaN,NaN,NaN,NaN,NaN
4.364370771E1,NaN,NaN,NaN,NaN,NaN,NaN,NaN,NaN
4.365367071E1,NaN,NaN,NaN,NaN,NaN,NaN,NaN,NaN
4.366363371E1,NaN,NaN,NaN,NaN,NaN,NaN,NaN,NaN
4.367359771E1,NaN,NaN,NaN,NaN,NaN,NaN,NaN,NaN
4.368356071E1,NaN,NaN,NaN,NaN,NaN,NaN,NaN,NaN
4.369352371E1,NaN,NaN,NaN,NaN,NaN,NaN,NaN,NaN
4.370348771E1,NaN,NaN,NaN,NaN,NaN,NaN,NaN,NaN
4.371345071E1,NaN,NaN,NaN,NaN,NaN,NaN,NaN,NaN
4.372341371E1,NaN,NaN,NaN,NaN,NaN,NaN,NaN,NaN
4.373337771E1,NaN,NaN,NaN,NaN,NaN,NaN,NaN,NaN
4.374334071E1,NaN,NaN,NaN,NaN,NaN,NaN,NaN,NaN
4.375330371E1,NaN,NaN,NaN,NaN,NaN,NaN,NaN,NaN
4.376326671E1,NaN,NaN,NaN,NaN,NaN,NaN,NaN,NaN
4.377323071E1,NaN,NaN,NaN,NaN,NaN,NaN,NaN,NaN
4.378319371E1,NaN,NaN,NaN,NaN,NaN,NaN,NaN,NaN
4.379315671E1,NaN,NaN,NaN,NaN,NaN,NaN,NaN,NaN
4.380312071E1,NaN,NaN,NaN,NaN,NaN,NaN,NaN,NaN
4.381308371E1,NaN,NaN,NaN,NaN,NaN,NaN,NaN,NaN
4.382304671E1,NaN,NaN,NaN,NaN,NaN,NaN,NaN,NaN
4.383301071E1,NaN,NaN,NaN,NaN,NaN,NaN,NaN,NaN
4.384297371E1,NaN,NaN,NaN,NaN,NaN,NaN,NaN,NaN
4.385293671E1,NaN,NaN,NaN,NaN,NaN,NaN,NaN,NaN
4.386289971E1,NaN,NaN,NaN,NaN,NaN,NaN,NaN,NaN
4.387286371E1,NaN,NaN,NaN,NaN,NaN,NaN,NaN,NaN
4.388282671E1,NaN,NaN,NaN,NaN,NaN,NaN,NaN,NaN
4.389278971E1,NaN,NaN,NaN,NaN,NaN,NaN,NaN,NaN
4.390275371E1,NaN,NaN,NaN,NaN,NaN,NaN,NaN,NaN
4.391271671E1,NaN,NaN,NaN,NaN,NaN,NaN,NaN,NaN
4.392267971E1,NaN,NaN,NaN,NaN,NaN,NaN,NaN,NaN
4.393264271E1,NaN,NaN,NaN,NaN,NaN,NaN,NaN,NaN
4.394260671E1,NaN,NaN,NaN,NaN,NaN,NaN,NaN,NaN
4.395256967E1,NaN,NaN,NaN,NaN,NaN,NaN,NaN,NaN
4.396253267E1,NaN,NaN,NaN,NaN,NaN,NaN,NaN,NaN
4.397249667E1,NaN,NaN,NaN,NaN,NaN,NaN,NaN,NaN
4.398245967E1,NaN,NaN,NaN,NaN,NaN,NaN,NaN,NaN
4.399242267E1,NaN,NaN,NaN,NaN,NaN,NaN,NaN,NaN
4.400238667E1,NaN,NaN,NaN,NaN,NaN,NaN,NaN,NaN
4.401234967E1,NaN,NaN,NaN,NaN,NaN,NaN,NaN,NaN
4.402231267E1,NaN,NaN,NaN,NaN,NaN,NaN,NaN,NaN
4.403227567E1,NaN,NaN,NaN,NaN,NaN,NaN,NaN,NaN
4.404223967E1,NaN,NaN,NaN,NaN,NaN,NaN,NaN,NaN
4.405220267E1,NaN,NaN,NaN,NaN,NaN,NaN,NaN,NaN
4.406216567E1,NaN,NaN,NaN,NaN,NaN,NaN,NaN,NaN
4.407212967E1,NaN,NaN,NaN,NaN,NaN,NaN,NaN,NaN
4.408209267E1,NaN,NaN,NaN,NaN,NaN,NaN,NaN,NaN
4.409205567E1,NaN,NaN,NaN,NaN,NaN,NaN,NaN,NaN
4.410201967E1,NaN,NaN,NaN,NaN,NaN,NaN,NaN,NaN
4.411198267E1,NaN,NaN,NaN,NaN,NaN,NaN,NaN,NaN
4.412194567E1,NaN,NaN,NaN,NaN,NaN,NaN,NaN,NaN
4.413190867E1,NaN,NaN,NaN,NaN,NaN,NaN,NaN,NaN
4.414187267E1,NaN,NaN,NaN,NaN,NaN,NaN,NaN,NaN
4.415183567E1,NaN,NaN,NaN,NaN,NaN,NaN,NaN,NaN
4.416179867E1,NaN,NaN,NaN,NaN,NaN,NaN,NaN,NaN
4.417176267E1,NaN,NaN,NaN,NaN,NaN,NaN,NaN,NaN
4.418172567E1,NaN,NaN,NaN,NaN,NaN,NaN,NaN,NaN
4.419168867E1,NaN,NaN,NaN,NaN,NaN,NaN,NaN,NaN
4.420165167E1,NaN,NaN,NaN,NaN,NaN,NaN,NaN,NaN
4.421161567E1,NaN,NaN,NaN,NaN,NaN,NaN,NaN,NaN
4.422157867E1,NaN,NaN,NaN,NaN,NaN,NaN,NaN,NaN
4.423154167E1,NaN,NaN,NaN,NaN,NaN,NaN,NaN,NaN
4.424150567E1,NaN,NaN,NaN,NaN,NaN,NaN,NaN,NaN
4.425146867E1,NaN,NaN,NaN,NaN,NaN,NaN,NaN,NaN
4.426143167E1,NaN,NaN,NaN,NaN,NaN,NaN,NaN,NaN
4.427139467E1,NaN,NaN,NaN,NaN,NaN,NaN,NaN,NaN
4.428135867E1,NaN,NaN,NaN,NaN,NaN,NaN,NaN,NaN
4.429132167E1,NaN,NaN,NaN,NaN,NaN,NaN,NaN,NaN
4.430128467E1,NaN,NaN,NaN,NaN,NaN,NaN,NaN,NaN
4.431124867E1,NaN,NaN,NaN,NaN,NaN,NaN,NaN,NaN
4.432121167E1,NaN,NaN,NaN,NaN,NaN,NaN,NaN,NaN
4.433117467E1,NaN,NaN,NaN,NaN,NaN,NaN,NaN,NaN
4.434113767E1,NaN,NaN,NaN,NaN,NaN,NaN,NaN,NaN
4.435110167E1,NaN,NaN,NaN,NaN,NaN,NaN,NaN,NaN
4.436106467E1,NaN,NaN,NaN,NaN,NaN,NaN,NaN,NaN
4.437102767E1,NaN,NaN,NaN,NaN,NaN,NaN,NaN,NaN
4.438099167E1,NaN,NaN,NaN,NaN,NaN,NaN,NaN,NaN
4.439095467E1,NaN,NaN,NaN,NaN,NaN,NaN,NaN,NaN
4.440091767E1,NaN,NaN,NaN,NaN,NaN,NaN,NaN,NaN
4.441088067E1,NaN,NaN,NaN,NaN,NaN,NaN,NaN,NaN
4.442084467E1,NaN,NaN,NaN,NaN,NaN,NaN,NaN,NaN
4.443080767E1,NaN,NaN,NaN,NaN,NaN,NaN,NaN,NaN
4.444077067E1,NaN,NaN,NaN,NaN,NaN,NaN,NaN,NaN
4.445073467E1,NaN,NaN,NaN,NaN,NaN,NaN,NaN,NaN
4.446069767E1,NaN,NaN,NaN,NaN,NaN,NaN,NaN,NaN
4.447066067E1,NaN,NaN,NaN,NaN,NaN,NaN,NaN,NaN
4.448062367E1,NaN,NaN,NaN,NaN,NaN,NaN,NaN,NaN
4.449058767E1,NaN,NaN,NaN,NaN,NaN,NaN,NaN,NaN
4.450055067E1,NaN,NaN,NaN,NaN,NaN,NaN,NaN,NaN
4.451051367E1,NaN,NaN,NaN,NaN,NaN,NaN,NaN,NaN
4.452047767E1,NaN,NaN,NaN,NaN,NaN,NaN,NaN,NaN
4.453044067E1,NaN,NaN,NaN,NaN,NaN,NaN,NaN,NaN
4.454040367E1,NaN,NaN,NaN,NaN,NaN,NaN,NaN,NaN
4.455036667E1,NaN,NaN,NaN,NaN,NaN,NaN,NaN,NaN
4.456033067E1,NaN,NaN,NaN,NaN,NaN,NaN,NaN,NaN
4.457029367E1,NaN,NaN,NaN,NaN,NaN,NaN,NaN,NaN
4.458025667E1,NaN,NaN,NaN,NaN,NaN,NaN,NaN,NaN
4.459021967E1,NaN,NaN,NaN,NaN,NaN,NaN,NaN,NaN
4.460018367E1,NaN,NaN,NaN,NaN,NaN,NaN,NaN,NaN
4.461014667E1,NaN,NaN,NaN,NaN,NaN,NaN,NaN,NaN
4.462010967E1,NaN,NaN,NaN,NaN,NaN,NaN,NaN,NaN
4.463007367E1,NaN,NaN,NaN,NaN,NaN,NaN,NaN,NaN
4.464003667E1,NaN,NaN,NaN,NaN,NaN,NaN,NaN,NaN
4.464999967E1,NaN,NaN,NaN,NaN,NaN,NaN,NaN,NaN
4.465996267E1,NaN,NaN,NaN,NaN,NaN,NaN,NaN,NaN
4.466992667E1,NaN,NaN,NaN,NaN,NaN,NaN,NaN,NaN
4.467988967E1,NaN,NaN,NaN,NaN,NaN,NaN,NaN,NaN
4.468985267E1,NaN,NaN,NaN,NaN,NaN,NaN,NaN,NaN
4.469981567E1,NaN,NaN,NaN,NaN,NaN,NaN,NaN,NaN
4.470977967E1,NaN,NaN,NaN,NaN,NaN,NaN,NaN,NaN
4.471974267E1,NaN,NaN,NaN,NaN,NaN,NaN,NaN,NaN
4.472970567E1,NaN,NaN,NaN,NaN,NaN,NaN,NaN,NaN
4.473966967E1,NaN,NaN,NaN,NaN,NaN,NaN,NaN,NaN
4.474963267E1,NaN,NaN,NaN,NaN,NaN,NaN,NaN,NaN
4.475959567E1,NaN,NaN,NaN,NaN,NaN,NaN,NaN,NaN
4.476955867E1,NaN,NaN,NaN,NaN,NaN,NaN,NaN,NaN
4.477952267E1,NaN,NaN,NaN,NaN,NaN,NaN,NaN,NaN
4.478948567E1,NaN,NaN,NaN,NaN,NaN,NaN,NaN,NaN
4.479944867E1,NaN,NaN,NaN,NaN,NaN,NaN,NaN,NaN
4.480941167E1,NaN,NaN,NaN,NaN,NaN,NaN,NaN,NaN
4.481937567E1,NaN,NaN,NaN,NaN,NaN,NaN,NaN,NaN
4.482933867E1,NaN,NaN,NaN,NaN,NaN,NaN,NaN,NaN
4.483930167E1,NaN,NaN,NaN,NaN,NaN,NaN,NaN,NaN
4.484926567E1,NaN,NaN,NaN,NaN,NaN,NaN,NaN,NaN
4.485922867E1,NaN,NaN,NaN,NaN,NaN,NaN,NaN,NaN
4.486919167E1,NaN,NaN,NaN,NaN,NaN,NaN,NaN,NaN
4.487915467E1,NaN,NaN,NaN,NaN,NaN,NaN,NaN,NaN
4.488911867E1,NaN,NaN,NaN,NaN,NaN,NaN,NaN,NaN
4.489908167E1,NaN,NaN,NaN,NaN,NaN,NaN,NaN,NaN
4.490904467E1,NaN,NaN,NaN,NaN,NaN,NaN,NaN,NaN
4.491900767E1,NaN,NaN,NaN,NaN,NaN,NaN,NaN,NaN
4.492897167E1,NaN,NaN,NaN,NaN,NaN,NaN,NaN,NaN
4.493893467E1,NaN,NaN,NaN,NaN,NaN,NaN,NaN,NaN
4.494889767E1,NaN,NaN,NaN,NaN,NaN,NaN,NaN,NaN
4.495886046E1,NaN,NaN,NaN,NaN,NaN,NaN,NaN,NaN
4.496882446E1,NaN,NaN,NaN,NaN,NaN,NaN,NaN,NaN
4.497878746E1,NaN,NaN,NaN,NaN,NaN,NaN,NaN,NaN
4.498875046E1,NaN,NaN,NaN,NaN,NaN,NaN,NaN,NaN
4.499871446E1,NaN,NaN,NaN,NaN,NaN,NaN,NaN,NaN
4.500867746E1,NaN,NaN,NaN,NaN,NaN,NaN,NaN,NaN
4.501864046E1,NaN,NaN,NaN,NaN,NaN,NaN,NaN,NaN
4.502860346E1,NaN,NaN,NaN,NaN,NaN,NaN,NaN,NaN
4.503856746E1,NaN,NaN,NaN,NaN,NaN,NaN,NaN,NaN
4.504853046E1,NaN,NaN,NaN,NaN,NaN,NaN,NaN,NaN
4.505849346E1,NaN,NaN,NaN,NaN,NaN,NaN,NaN,NaN
4.506845646E1,NaN,NaN,NaN,NaN,NaN,NaN,NaN,NaN
4.507842046E1,NaN,NaN,NaN,NaN,NaN,NaN,NaN,NaN
4.508838346E1,NaN,NaN,NaN,NaN,NaN,NaN,NaN,NaN
4.509834646E1,NaN,NaN,NaN,NaN,NaN,NaN,NaN,NaN
4.510830946E1,NaN,NaN,NaN,NaN,NaN,NaN,NaN,NaN
4.511827346E1,NaN,NaN,NaN,NaN,NaN,NaN,NaN,NaN
4.512823646E1,NaN,NaN,NaN,NaN,NaN,NaN,NaN,NaN
4.513819946E1,NaN,NaN,NaN,NaN,NaN,NaN,NaN,NaN
4.514816346E1,NaN,NaN,NaN,NaN,NaN,NaN,NaN,NaN
4.515812646E1,NaN,NaN,NaN,NaN,NaN,NaN,NaN,NaN
4.516808946E1,NaN,NaN,NaN,NaN,NaN,NaN,NaN,NaN
4.517805246E1,NaN,NaN,NaN,NaN,NaN,NaN,NaN,NaN
4.518801646E1,NaN,NaN,NaN,NaN,NaN,NaN,NaN,NaN
4.519797946E1,NaN,NaN,NaN,NaN,NaN,NaN,NaN,NaN
4.520794246E1,NaN,NaN,NaN,NaN,NaN,NaN,NaN,NaN
4.521790546E1,NaN,NaN,NaN,NaN,NaN,NaN,NaN,NaN
4.522786946E1,NaN,NaN,NaN,NaN,NaN,NaN,NaN,NaN
4.523783246E1,NaN,NaN,NaN,NaN,NaN,NaN,NaN,NaN
4.524779546E1,NaN,NaN,NaN,NaN,NaN,NaN,NaN,NaN
4.525775846E1,NaN,NaN,NaN,NaN,NaN,NaN,NaN,NaN
4.526772246E1,NaN,NaN,NaN,NaN,NaN,NaN,NaN,NaN
4.527768546E1,NaN,NaN,NaN,NaN,NaN,NaN,NaN,NaN
4.528764846E1,NaN,NaN,NaN,NaN,NaN,NaN,NaN,NaN
4.529761146E1,NaN,NaN,NaN,NaN,NaN,NaN,NaN,NaN
4.530757546E1,NaN,NaN,NaN,NaN,NaN,NaN,NaN,NaN
4.531753846E1,NaN,NaN,NaN,NaN,NaN,NaN,NaN,NaN
4.532750146E1,NaN,NaN,NaN,NaN,NaN,NaN,NaN,NaN
4.533746446E1,NaN,NaN,NaN,NaN,NaN,NaN,NaN,NaN
4.534742846E1,NaN,NaN,NaN,NaN,NaN,NaN,NaN,NaN
4.535739146E1,NaN,NaN,NaN,NaN,NaN,NaN,NaN,NaN
4.536735446E1,NaN,NaN,NaN,NaN,NaN,NaN,NaN,NaN
4.537731746E1,NaN,NaN,NaN,NaN,NaN,NaN,NaN,NaN
4.538728146E1,NaN,NaN,NaN,NaN,NaN,NaN,NaN,NaN
4.539724446E1,NaN,NaN,NaN,NaN,NaN,NaN,NaN,NaN
4.540720746E1,NaN,NaN,NaN,NaN,NaN,NaN,NaN,NaN
4.541717046E1,NaN,NaN,NaN,NaN,NaN,NaN,NaN,NaN
4.542713446E1,NaN,NaN,NaN,NaN,NaN,NaN,NaN,NaN
4.543709746E1,NaN,NaN,NaN,NaN,NaN,NaN,NaN,NaN
4.544706046E1,NaN,NaN,NaN,NaN,NaN,NaN,NaN,NaN
4.545702346E1,NaN,NaN,NaN,NaN,NaN,NaN,NaN,NaN
4.546698746E1,NaN,NaN,NaN,NaN,NaN,NaN,NaN,NaN
4.547695046E1,NaN,NaN,NaN,NaN,NaN,NaN,NaN,NaN
4.548691346E1,NaN,NaN,NaN,NaN,NaN,NaN,NaN,NaN
4.549687646E1,NaN,NaN,NaN,NaN,NaN,NaN,NaN,NaN
4.550684046E1,NaN,NaN,NaN,NaN,NaN,NaN,NaN,NaN
4.551680346E1,NaN,NaN,NaN,NaN,NaN,NaN,NaN,NaN
4.552676646E1,NaN,NaN,NaN,NaN,NaN,NaN,NaN,NaN
4.553672946E1,NaN,NaN,NaN,NaN,NaN,NaN,NaN,NaN
4.554669346E1,NaN,NaN,NaN,NaN,NaN,NaN,NaN,NaN
4.555665646E1,NaN,NaN,NaN,NaN,NaN,NaN,NaN,NaN
4.556661946E1,NaN,NaN,NaN,NaN,NaN,NaN,NaN,NaN
4.557658246E1,NaN,NaN,NaN,NaN,NaN,NaN,NaN,NaN
4.558654646E1,NaN,NaN,NaN,NaN,NaN,NaN,NaN,NaN
4.559650946E1,NaN,NaN,NaN,NaN,NaN,NaN,NaN,NaN
4.560647246E1,NaN,NaN,NaN,NaN,NaN,NaN,NaN,NaN
4.561643546E1,NaN,NaN,NaN,NaN,NaN,NaN,NaN,NaN
4.562639946E1,NaN,NaN,NaN,NaN,NaN,NaN,NaN,NaN
4.563636246E1,NaN,NaN,NaN,NaN,NaN,NaN,NaN,NaN
4.564632546E1,NaN,NaN,NaN,NaN,NaN,NaN,NaN,NaN
4.565628846E1,NaN,NaN,NaN,NaN,NaN,NaN,NaN,NaN
4.566625246E1,NaN,NaN,NaN,NaN,NaN,NaN,NaN,NaN
4.567621546E1,NaN,NaN,NaN,NaN,NaN,NaN,NaN,NaN
4.568617846E1,NaN,NaN,NaN,NaN,NaN,NaN,NaN,NaN
4.569614146E1,NaN,NaN,NaN,NaN,NaN,NaN,NaN,NaN
4.570610546E1,NaN,NaN,NaN,NaN,NaN,NaN,NaN,NaN
4.571606846E1,NaN,NaN,NaN,NaN,NaN,NaN,NaN,NaN
4.572603146E1,NaN,NaN,NaN,NaN,NaN,NaN,NaN,NaN
4.573599446E1,NaN,NaN,NaN,NaN,NaN,NaN,NaN,NaN
4.574595846E1,NaN,NaN,NaN,NaN,NaN,NaN,NaN,NaN
4.575592146E1,NaN,NaN,NaN,NaN,NaN,NaN,NaN,NaN
4.576588446E1,NaN,NaN,NaN,NaN,NaN,NaN,NaN,NaN
4.577584746E1,NaN,NaN,NaN,NaN,NaN,NaN,NaN,NaN
4.578581146E1,NaN,NaN,NaN,NaN,NaN,NaN,NaN,NaN
4.579577446E1,NaN,NaN,NaN,NaN,NaN,NaN,NaN,NaN
4.580573746E1,NaN,NaN,NaN,NaN,NaN,NaN,NaN,NaN
4.581570046E1,NaN,NaN,NaN,NaN,NaN,NaN,NaN,NaN
4.582566346E1,NaN,NaN,NaN,NaN,NaN,NaN,NaN,NaN
4.583562746E1,NaN,NaN,NaN,NaN,NaN,NaN,NaN,NaN
4.584559046E1,NaN,NaN,NaN,NaN,NaN,NaN,NaN,NaN
4.585555346E1,NaN,NaN,NaN,NaN,NaN,NaN,NaN,NaN
4.586551646E1,NaN,NaN,NaN,NaN,NaN,NaN,NaN,NaN
4.587548046E1,NaN,NaN,NaN,NaN,NaN,NaN,NaN,NaN
4.588544346E1,NaN,NaN,NaN,NaN,NaN,NaN,NaN,NaN
4.589540646E1,NaN,NaN,NaN,NaN,NaN,NaN,NaN,NaN
4.590536946E1,NaN,NaN,NaN,NaN,NaN,NaN,NaN,NaN
4.591533346E1,NaN,NaN,NaN,NaN,NaN,NaN,NaN,NaN
4.592529646E1,NaN,NaN,NaN,NaN,NaN,NaN,NaN,NaN
4.593525946E1,NaN,NaN,NaN,NaN,NaN,NaN,NaN,NaN
4.594522246E1,NaN,NaN,NaN,NaN,NaN,NaN,NaN,NaN
4.595518671E1,NaN,NaN,NaN,NaN,NaN,NaN,NaN,NaN
4.596514971E1,NaN,NaN,NaN,NaN,NaN,NaN,NaN,NaN
4.597511271E1,NaN,NaN,NaN,NaN,NaN,NaN,NaN,NaN
4.598507571E1,NaN,NaN,NaN,NaN,NaN,NaN,NaN,NaN
4.599503971E1,NaN,NaN,NaN,NaN,NaN,NaN,NaN,NaN
4.600500271E1,NaN,NaN,NaN,NaN,NaN,NaN,NaN,NaN
4.601496571E1,NaN,NaN,NaN,NaN,NaN,NaN,NaN,NaN
4.602492871E1,NaN,NaN,NaN,NaN,NaN,NaN,NaN,NaN
4.603489171E1,NaN,NaN,NaN,NaN,NaN,NaN,NaN,NaN
4.604485571E1,NaN,NaN,NaN,NaN,NaN,NaN,NaN,NaN
4.605481871E1,NaN,NaN,NaN,NaN,NaN,NaN,NaN,NaN
4.606478171E1,NaN,NaN,NaN,NaN,NaN,NaN,NaN,NaN
4.607474471E1,NaN,NaN,NaN,NaN,NaN,NaN,NaN,NaN
4.608470871E1,NaN,NaN,NaN,NaN,NaN,NaN,NaN,NaN
4.609467171E1,NaN,NaN,NaN,NaN,NaN,NaN,NaN,NaN
4.610463471E1,NaN,NaN,NaN,NaN,NaN,NaN,NaN,NaN
4.611459771E1,NaN,NaN,NaN,NaN,NaN,NaN,NaN,NaN
4.612456171E1,NaN,NaN,NaN,NaN,NaN,NaN,NaN,NaN
4.613452471E1,NaN,NaN,NaN,NaN,NaN,NaN,NaN,NaN
4.614448771E1,NaN,NaN,NaN,NaN,NaN,NaN,NaN,NaN
4.615445071E1,NaN,NaN,NaN,NaN,NaN,NaN,NaN,NaN
4.616441371E1,NaN,NaN,NaN,NaN,NaN,NaN,NaN,NaN
4.617437771E1,NaN,NaN,NaN,NaN,NaN,NaN,NaN,NaN
4.618434071E1,NaN,NaN,NaN,NaN,NaN,NaN,NaN,NaN
4.619430371E1,NaN,NaN,NaN,NaN,NaN,NaN,NaN,NaN
4.620426671E1,NaN,NaN,NaN,NaN,NaN,NaN,NaN,NaN
4.621423071E1,NaN,NaN,NaN,NaN,NaN,NaN,NaN,NaN
4.622419371E1,NaN,NaN,NaN,NaN,NaN,NaN,NaN,NaN
4.623415671E1,NaN,NaN,NaN,NaN,NaN,NaN,NaN,NaN
4.624411971E1,NaN,NaN,NaN,NaN,NaN,NaN,NaN,NaN
4.625408371E1,NaN,NaN,NaN,NaN,NaN,NaN,NaN,NaN
4.626404671E1,NaN,NaN,NaN,NaN,NaN,NaN,NaN,NaN
4.627400971E1,NaN,NaN,NaN,NaN,NaN,NaN,NaN,NaN
4.628397271E1,NaN,NaN,NaN,NaN,NaN,NaN,NaN,NaN
4.629393571E1,NaN,NaN,NaN,NaN,NaN,NaN,NaN,NaN
4.630389971E1,NaN,NaN,NaN,NaN,NaN,NaN,NaN,NaN
4.631386271E1,NaN,NaN,NaN,NaN,NaN,NaN,NaN,NaN
4.632382571E1,NaN,NaN,NaN,NaN,NaN,NaN,NaN,NaN
4.633378871E1,NaN,NaN,NaN,NaN,NaN,NaN,NaN,NaN
4.634375271E1,NaN,NaN,NaN,NaN,NaN,NaN,NaN,NaN
4.635371571E1,NaN,NaN,NaN,NaN,NaN,NaN,NaN,NaN
4.636367871E1,NaN,NaN,NaN,NaN,NaN,NaN,NaN,NaN
4.637364171E1,NaN,NaN,NaN,NaN,NaN,NaN,NaN,NaN
4.638360471E1,NaN,NaN,NaN,NaN,NaN,NaN,NaN,NaN
4.639356871E1,NaN,NaN,NaN,NaN,NaN,NaN,NaN,NaN
4.640353171E1,NaN,NaN,NaN,NaN,NaN,NaN,NaN,NaN
4.641349471E1,NaN,NaN,NaN,NaN,NaN,NaN,NaN,NaN
4.642345771E1,NaN,NaN,NaN,NaN,NaN,NaN,NaN,NaN
4.643342171E1,NaN,NaN,NaN,NaN,NaN,NaN,NaN,NaN
4.644338471E1,NaN,NaN,NaN,NaN,NaN,NaN,NaN,NaN
4.645334771E1,NaN,NaN,NaN,NaN,NaN,NaN,NaN,NaN
4.646331071E1,NaN,NaN,NaN,NaN,NaN,NaN,NaN,NaN
4.647327371E1,NaN,NaN,NaN,NaN,NaN,NaN,NaN,NaN
4.648323771E1,NaN,NaN,NaN,NaN,NaN,NaN,NaN,NaN
4.649320071E1,NaN,NaN,NaN,NaN,NaN,NaN,NaN,NaN
4.650316371E1,NaN,NaN,NaN,NaN,NaN,NaN,NaN,NaN
4.651312671E1,NaN,NaN,NaN,NaN,NaN,NaN,NaN,NaN
4.652309071E1,NaN,NaN,NaN,NaN,NaN,NaN,NaN,NaN
4.653305371E1,NaN,NaN,NaN,NaN,NaN,NaN,NaN,NaN
4.654301671E1,NaN,NaN,NaN,NaN,NaN,NaN,NaN,NaN
4.655297971E1,NaN,NaN,NaN,NaN,NaN,NaN,NaN,NaN
4.656294271E1,NaN,NaN,NaN,NaN,NaN,NaN,NaN,NaN
4.657290671E1,NaN,NaN,NaN,NaN,NaN,NaN,NaN,NaN
4.658286971E1,NaN,NaN,NaN,NaN,NaN,NaN,NaN,NaN
4.659283271E1,NaN,NaN,NaN,NaN,NaN,NaN,NaN,NaN
4.660279571E1,NaN,NaN,NaN,NaN,NaN,NaN,NaN,NaN
4.661275871E1,NaN,NaN,NaN,NaN,NaN,NaN,NaN,NaN
4.662272271E1,NaN,NaN,NaN,NaN,NaN,NaN,NaN,NaN
4.663268571E1,NaN,NaN,NaN,NaN,NaN,NaN,NaN,NaN
4.664264871E1,NaN,NaN,NaN,NaN,NaN,NaN,NaN,NaN
4.665261171E1,NaN,NaN,NaN,NaN,NaN,NaN,NaN,NaN
4.666257571E1,NaN,NaN,NaN,NaN,NaN,NaN,NaN,NaN
4.667253871E1,NaN,NaN,NaN,NaN,NaN,NaN,NaN,NaN
4.668250171E1,NaN,NaN,NaN,NaN,NaN,NaN,NaN,NaN
4.669246471E1,NaN,NaN,NaN,NaN,NaN,NaN,NaN,NaN
4.670242771E1,NaN,NaN,NaN,NaN,NaN,NaN,NaN,NaN
4.671239171E1,NaN,NaN,NaN,NaN,NaN,NaN,NaN,NaN
4.672235471E1,NaN,NaN,NaN,NaN,NaN,NaN,NaN,NaN
4.673231771E1,NaN,NaN,NaN,NaN,NaN,NaN,NaN,NaN
4.674228071E1,NaN,NaN,NaN,NaN,NaN,NaN,NaN,NaN
4.675224371E1,NaN,NaN,NaN,NaN,NaN,NaN,NaN,NaN
4.676220771E1,NaN,NaN,NaN,NaN,NaN,NaN,NaN,NaN
4.677217071E1,NaN,NaN,NaN,NaN,NaN,NaN,NaN,NaN
4.678213371E1,NaN,NaN,NaN,NaN,NaN,NaN,NaN,NaN
4.679209671E1,NaN,NaN,NaN,NaN,NaN,NaN,NaN,NaN
4.680206071E1,NaN,NaN,NaN,NaN,NaN,NaN,NaN,NaN
4.681202371E1,NaN,NaN,NaN,NaN,NaN,NaN,NaN,NaN
4.682198671E1,NaN,NaN,NaN,NaN,NaN,NaN,NaN,NaN
4.683194971E1,NaN,NaN,NaN,NaN,NaN,NaN,NaN,NaN
4.684191271E1,NaN,NaN,NaN,NaN,NaN,NaN,NaN,NaN
4.685187671E1,NaN,NaN,NaN,NaN,NaN,NaN,NaN,NaN
4.686183971E1,NaN,NaN,NaN,NaN,NaN,NaN,NaN,NaN
4.687180271E1,NaN,NaN,NaN,NaN,NaN,NaN,NaN,NaN
4.688176571E1,NaN,NaN,NaN,NaN,NaN,NaN,NaN,NaN
4.689172871E1,NaN,NaN,NaN,NaN,NaN,NaN,NaN,NaN
4.690169271E1,NaN,NaN,NaN,NaN,NaN,NaN,NaN,NaN
4.691165571E1,NaN,NaN,NaN,NaN,NaN,NaN,NaN,NaN
4.692161871E1,NaN,NaN,NaN,NaN,NaN,NaN,NaN,NaN
4.693158171E1,NaN,NaN,NaN,NaN,NaN,NaN,NaN,NaN
4.694154471E1,NaN,NaN,NaN,NaN,NaN,NaN,NaN,NaN
4.695150871E1,NaN,NaN,NaN,NaN,NaN,NaN,NaN,NaN
4.696147167E1,NaN,NaN,NaN,NaN,NaN,NaN,NaN,NaN
4.697143467E1,NaN,NaN,NaN,NaN,NaN,NaN,NaN,NaN
4.698139767E1,NaN,NaN,NaN,NaN,NaN,NaN,NaN,NaN
4.699136067E1,NaN,NaN,NaN,NaN,NaN,NaN,NaN,NaN
4.700132467E1,NaN,NaN,NaN,NaN,NaN,NaN,NaN,NaN
4.701128767E1,NaN,NaN,NaN,NaN,NaN,NaN,NaN,NaN
4.702125067E1,NaN,NaN,NaN,NaN,NaN,NaN,NaN,NaN
4.703121367E1,NaN,NaN,NaN,NaN,NaN,NaN,NaN,NaN
4.704117667E1,NaN,NaN,NaN,NaN,NaN,NaN,NaN,NaN
4.705114067E1,NaN,NaN,NaN,NaN,NaN,NaN,NaN,NaN
4.706110367E1,NaN,NaN,NaN,NaN,NaN,NaN,NaN,NaN
4.707106667E1,NaN,NaN,NaN,NaN,NaN,NaN,NaN,NaN
4.708102967E1,NaN,NaN,NaN,NaN,NaN,NaN,NaN,NaN
4.709099267E1,NaN,NaN,NaN,NaN,NaN,NaN,NaN,NaN
4.710095667E1,NaN,NaN,NaN,NaN,NaN,NaN,NaN,NaN
4.711091967E1,NaN,NaN,NaN,NaN,NaN,NaN,NaN,NaN
4.712088267E1,NaN,NaN,NaN,NaN,NaN,NaN,NaN,NaN
4.713084567E1,NaN,NaN,NaN,NaN,NaN,NaN,NaN,NaN
4.714080867E1,NaN,NaN,NaN,NaN,NaN,NaN,NaN,NaN
4.715077267E1,NaN,NaN,NaN,NaN,NaN,NaN,NaN,NaN
4.716073567E1,NaN,NaN,NaN,NaN,NaN,NaN,NaN,NaN
4.717069867E1,NaN,NaN,NaN,NaN,NaN,NaN,NaN,NaN
4.718066167E1,NaN,NaN,NaN,NaN,NaN,NaN,NaN,NaN
4.719062467E1,NaN,NaN,NaN,NaN,NaN,NaN,NaN,NaN
4.720058867E1,NaN,NaN,NaN,NaN,NaN,NaN,NaN,NaN
4.721055167E1,NaN,NaN,NaN,NaN,NaN,NaN,NaN,NaN
4.722051467E1,NaN,NaN,NaN,NaN,NaN,NaN,NaN,NaN
4.723047767E1,NaN,NaN,NaN,NaN,NaN,NaN,NaN,NaN
4.724044067E1,NaN,NaN,NaN,NaN,NaN,NaN,NaN,NaN
4.725040467E1,NaN,NaN,NaN,NaN,NaN,NaN,NaN,NaN
4.726036767E1,NaN,NaN,NaN,NaN,NaN,NaN,NaN,NaN
4.727033067E1,NaN,NaN,NaN,NaN,NaN,NaN,NaN,NaN
4.728029367E1,NaN,NaN,NaN,NaN,NaN,NaN,NaN,NaN
4.729025667E1,NaN,NaN,NaN,NaN,NaN,NaN,NaN,NaN
4.730022067E1,NaN,NaN,NaN,NaN,NaN,NaN,NaN,NaN
4.731018367E1,NaN,NaN,NaN,NaN,NaN,NaN,NaN,NaN
4.732014667E1,NaN,NaN,NaN,NaN,NaN,NaN,NaN,NaN
4.733010967E1,NaN,NaN,NaN,NaN,NaN,NaN,NaN,NaN
4.734007267E1,NaN,NaN,NaN,NaN,NaN,NaN,NaN,NaN
4.735003667E1,NaN,NaN,NaN,NaN,NaN,NaN,NaN,NaN
4.735999967E1,NaN,NaN,NaN,NaN,NaN,NaN,NaN,NaN
4.736996267E1,NaN,NaN,NaN,NaN,NaN,NaN,NaN,NaN
4.737992567E1,NaN,NaN,NaN,NaN,NaN,NaN,NaN,NaN
4.738988867E1,NaN,NaN,NaN,NaN,NaN,NaN,NaN,NaN
4.739985267E1,NaN,NaN,NaN,NaN,NaN,NaN,NaN,NaN
4.740981567E1,NaN,NaN,NaN,NaN,NaN,NaN,NaN,NaN
4.741977867E1,NaN,NaN,NaN,NaN,NaN,NaN,NaN,NaN
4.742974167E1,NaN,NaN,NaN,NaN,NaN,NaN,NaN,NaN
4.743970467E1,NaN,NaN,NaN,NaN,NaN,NaN,NaN,NaN
4.744966867E1,NaN,NaN,NaN,NaN,NaN,NaN,NaN,NaN
4.745963167E1,NaN,NaN,NaN,NaN,NaN,NaN,NaN,NaN
4.746959467E1,NaN,NaN,NaN,NaN,NaN,NaN,NaN,NaN
4.747955767E1,NaN,NaN,NaN,NaN,NaN,NaN,NaN,NaN
4.748952067E1,NaN,NaN,NaN,NaN,NaN,NaN,NaN,NaN
4.749948367E1,NaN,NaN,NaN,NaN,NaN,NaN,NaN,NaN
4.750944767E1,NaN,NaN,NaN,NaN,NaN,NaN,NaN,NaN
4.751941067E1,NaN,NaN,NaN,NaN,NaN,NaN,NaN,NaN
4.752937367E1,NaN,NaN,NaN,NaN,NaN,NaN,NaN,NaN
4.753933667E1,NaN,NaN,NaN,NaN,NaN,NaN,NaN,NaN
4.754929967E1,NaN,NaN,NaN,NaN,NaN,NaN,NaN,NaN
4.755926367E1,NaN,NaN,NaN,NaN,NaN,NaN,NaN,NaN
4.756922667E1,NaN,NaN,NaN,NaN,NaN,NaN,NaN,NaN
4.757918967E1,NaN,NaN,NaN,NaN,NaN,NaN,NaN,NaN
4.758915267E1,NaN,NaN,NaN,NaN,NaN,NaN,NaN,NaN
4.759911567E1,NaN,NaN,NaN,NaN,NaN,NaN,NaN,NaN
4.760907967E1,NaN,NaN,NaN,NaN,NaN,NaN,NaN,NaN
4.761904267E1,NaN,NaN,NaN,NaN,NaN,NaN,NaN,NaN
4.762900567E1,NaN,NaN,NaN,NaN,NaN,NaN,NaN,NaN
4.763896867E1,NaN,NaN,NaN,NaN,NaN,NaN,NaN,NaN
4.764893167E1,NaN,NaN,NaN,NaN,NaN,NaN,NaN,NaN
4.765889467E1,NaN,NaN,NaN,NaN,NaN,NaN,NaN,NaN
4.766885867E1,NaN,NaN,NaN,NaN,NaN,NaN,NaN,NaN
4.767882167E1,NaN,NaN,NaN,NaN,NaN,NaN,NaN,NaN
4.768878467E1,NaN,NaN,NaN,NaN,NaN,NaN,NaN,NaN
4.769874767E1,NaN,NaN,NaN,NaN,NaN,NaN,NaN,NaN
4.770871067E1,NaN,NaN,NaN,NaN,NaN,NaN,NaN,NaN
4.771867467E1,NaN,NaN,NaN,NaN,NaN,NaN,NaN,NaN
4.772863767E1,NaN,NaN,NaN,NaN,NaN,NaN,NaN,NaN
4.773860067E1,NaN,NaN,NaN,NaN,NaN,NaN,NaN,NaN
4.774856367E1,NaN,NaN,NaN,NaN,NaN,NaN,NaN,NaN
4.775852667E1,NaN,NaN,NaN,NaN,NaN,NaN,NaN,NaN
4.776848967E1,NaN,NaN,NaN,NaN,NaN,NaN,NaN,NaN
4.777845367E1,NaN,NaN,NaN,NaN,NaN,NaN,NaN,NaN
4.778841667E1,NaN,NaN,NaN,NaN,NaN,NaN,NaN,NaN
4.779837967E1,NaN,NaN,NaN,NaN,NaN,NaN,NaN,NaN
4.780834267E1,NaN,NaN,NaN,NaN,NaN,NaN,NaN,NaN
4.781830567E1,NaN,NaN,NaN,NaN,NaN,NaN,NaN,NaN
4.782826967E1,NaN,NaN,NaN,NaN,NaN,NaN,NaN,NaN
4.783823267E1,NaN,NaN,NaN,NaN,NaN,NaN,NaN,NaN
4.784819567E1,NaN,NaN,NaN,NaN,NaN,NaN,NaN,NaN
4.785815867E1,NaN,NaN,NaN,NaN,NaN,NaN,NaN,NaN
4.786812167E1,NaN,NaN,NaN,NaN,NaN,NaN,NaN,NaN
4.787808467E1,NaN,NaN,NaN,NaN,NaN,NaN,NaN,NaN
4.788804867E1,NaN,NaN,NaN,NaN,NaN,NaN,NaN,NaN
4.789801167E1,NaN,NaN,NaN,NaN,NaN,NaN,NaN,NaN
4.790797467E1,NaN,NaN,NaN,NaN,NaN,NaN,NaN,NaN
4.791793767E1,NaN,NaN,NaN,NaN,NaN,NaN,NaN,NaN
4.792790067E1,NaN,NaN,NaN,NaN,NaN,NaN,NaN,NaN
4.793786467E1,NaN,NaN,NaN,NaN,NaN,NaN,NaN,NaN
4.794782767E1,NaN,NaN,NaN,NaN,NaN,NaN,NaN,NaN
4.795779071E1,NaN,NaN,NaN,NaN,NaN,NaN,NaN,NaN
4.796775371E1,NaN,NaN,NaN,NaN,NaN,NaN,NaN,NaN
4.797771671E1,NaN,NaN,NaN,NaN,NaN,NaN,NaN,NaN
4.798767971E1,NaN,NaN,NaN,NaN,NaN,NaN,NaN,NaN
4.799764371E1,NaN,NaN,NaN,NaN,NaN,NaN,NaN,NaN
4.800760671E1,NaN,NaN,NaN,NaN,NaN,NaN,NaN,NaN
4.801756971E1,NaN,NaN,NaN,NaN,NaN,NaN,NaN,NaN
4.802753271E1,NaN,NaN,NaN,NaN,NaN,NaN,NaN,NaN
4.803749571E1,NaN,NaN,NaN,NaN,NaN,NaN,NaN,NaN
4.804745871E1,NaN,NaN,NaN,NaN,NaN,NaN,NaN,NaN
4.805742271E1,NaN,NaN,NaN,NaN,NaN,NaN,NaN,NaN
4.806738571E1,NaN,NaN,NaN,NaN,NaN,NaN,NaN,NaN
4.807734871E1,NaN,NaN,NaN,NaN,NaN,NaN,NaN,NaN
4.808731171E1,NaN,NaN,NaN,NaN,NaN,NaN,NaN,NaN
4.809727471E1,NaN,NaN,NaN,NaN,NaN,NaN,NaN,NaN
4.810723771E1,NaN,NaN,NaN,NaN,NaN,NaN,NaN,NaN
4.811720171E1,NaN,NaN,NaN,NaN,NaN,NaN,NaN,NaN
4.812716471E1,NaN,NaN,NaN,NaN,NaN,NaN,NaN,NaN
4.813712771E1,NaN,NaN,NaN,NaN,NaN,NaN,NaN,NaN
4.814709071E1,NaN,NaN,NaN,NaN,NaN,NaN,NaN,NaN
4.815705371E1,NaN,NaN,NaN,NaN,NaN,NaN,NaN,NaN
4.816701671E1,NaN,NaN,NaN,NaN,NaN,NaN,NaN,NaN
4.817698071E1,NaN,NaN,NaN,NaN,NaN,NaN,NaN,NaN
4.818694371E1,NaN,NaN,NaN,NaN,NaN,NaN,NaN,NaN
4.819690671E1,NaN,NaN,NaN,NaN,NaN,NaN,NaN,NaN
4.820686971E1,NaN,NaN,NaN,NaN,NaN,NaN,NaN,NaN
4.821683271E1,NaN,NaN,NaN,NaN,NaN,NaN,NaN,NaN
4.822679571E1,NaN,NaN,NaN,NaN,NaN,NaN,NaN,NaN
4.823675971E1,NaN,NaN,NaN,NaN,NaN,NaN,NaN,NaN
4.824672271E1,NaN,NaN,NaN,NaN,NaN,NaN,NaN,NaN
4.825668571E1,NaN,NaN,NaN,NaN,NaN,NaN,NaN,NaN
4.826664871E1,NaN,NaN,NaN,NaN,NaN,NaN,NaN,NaN
4.827661171E1,NaN,NaN,NaN,NaN,NaN,NaN,NaN,NaN
4.828657471E1,NaN,NaN,NaN,NaN,NaN,NaN,NaN,NaN
4.829653871E1,NaN,NaN,NaN,NaN,NaN,NaN,NaN,NaN
4.830650171E1,NaN,NaN,NaN,NaN,NaN,NaN,NaN,NaN
4.831646471E1,NaN,NaN,NaN,NaN,NaN,NaN,NaN,NaN
4.832642771E1,NaN,NaN,NaN,NaN,NaN,NaN,NaN,NaN
4.833639071E1,NaN,NaN,NaN,NaN,NaN,NaN,NaN,NaN
4.834635371E1,NaN,NaN,NaN,NaN,NaN,NaN,NaN,NaN
4.835631771E1,NaN,NaN,NaN,NaN,NaN,NaN,NaN,NaN
4.836628071E1,NaN,NaN,NaN,NaN,NaN,NaN,NaN,NaN
4.837624371E1,NaN,NaN,NaN,NaN,NaN,NaN,NaN,NaN
4.838620671E1,NaN,NaN,NaN,NaN,NaN,NaN,NaN,NaN
4.839616971E1,NaN,NaN,NaN,NaN,NaN,NaN,NaN,NaN
4.840613271E1,NaN,NaN,NaN,NaN,NaN,NaN,NaN,NaN
4.841609671E1,NaN,NaN,NaN,NaN,NaN,NaN,NaN,NaN
4.842605971E1,NaN,NaN,NaN,NaN,NaN,NaN,NaN,NaN
4.843602271E1,NaN,NaN,NaN,NaN,NaN,NaN,NaN,NaN
4.844598571E1,NaN,NaN,NaN,NaN,NaN,NaN,NaN,NaN
4.845594871E1,NaN,NaN,NaN,NaN,NaN,NaN,NaN,NaN
4.846591171E1,NaN,NaN,NaN,NaN,NaN,NaN,NaN,NaN
4.847587571E1,NaN,NaN,NaN,NaN,NaN,NaN,NaN,NaN
4.848583871E1,NaN,NaN,NaN,NaN,NaN,NaN,NaN,NaN
4.849580171E1,NaN,NaN,NaN,NaN,NaN,NaN,NaN,NaN
4.850576471E1,NaN,NaN,NaN,NaN,NaN,NaN,NaN,NaN
4.851572771E1,NaN,NaN,NaN,NaN,NaN,NaN,NaN,NaN
4.852569071E1,NaN,NaN,NaN,NaN,NaN,NaN,NaN,NaN
4.853565371E1,NaN,NaN,NaN,NaN,NaN,NaN,NaN,NaN
4.854561771E1,NaN,NaN,NaN,NaN,NaN,NaN,NaN,NaN
4.855558071E1,NaN,NaN,NaN,NaN,NaN,NaN,NaN,NaN
4.856554371E1,NaN,NaN,NaN,NaN,NaN,NaN,NaN,NaN
4.857550671E1,NaN,NaN,NaN,NaN,NaN,NaN,NaN,NaN
4.858546971E1,NaN,NaN,NaN,NaN,NaN,NaN,NaN,NaN
4.859543271E1,NaN,NaN,NaN,NaN,NaN,NaN,NaN,NaN
4.860539671E1,NaN,NaN,NaN,NaN,NaN,NaN,NaN,NaN
4.861535971E1,NaN,NaN,NaN,NaN,NaN,NaN,NaN,NaN
4.862532271E1,NaN,NaN,NaN,NaN,NaN,NaN,NaN,NaN
4.863528571E1,NaN,NaN,NaN,NaN,NaN,NaN,NaN,NaN
4.864524871E1,NaN,NaN,NaN,NaN,NaN,NaN,NaN,NaN
4.865521171E1,NaN,NaN,NaN,NaN,NaN,NaN,NaN,NaN
4.866517571E1,NaN,NaN,NaN,NaN,NaN,NaN,NaN,NaN
4.867513871E1,NaN,NaN,NaN,NaN,NaN,NaN,NaN,NaN
4.868510171E1,NaN,NaN,NaN,NaN,NaN,NaN,NaN,NaN
4.869506471E1,NaN,NaN,NaN,NaN,NaN,NaN,NaN,NaN
4.870502771E1,NaN,NaN,NaN,NaN,NaN,NaN,NaN,NaN
4.871499071E1,NaN,NaN,NaN,NaN,NaN,NaN,NaN,NaN
4.872495371E1,NaN,NaN,NaN,NaN,NaN,NaN,NaN,NaN
4.873491771E1,NaN,NaN,NaN,NaN,NaN,NaN,NaN,NaN
4.874488071E1,NaN,NaN,NaN,NaN,NaN,NaN,NaN,NaN
4.875484371E1,NaN,NaN,NaN,NaN,NaN,NaN,NaN,NaN
4.876480671E1,NaN,NaN,NaN,NaN,NaN,NaN,NaN,NaN
4.877476971E1,NaN,NaN,NaN,NaN,NaN,NaN,NaN,NaN
4.878473271E1,NaN,NaN,NaN,NaN,NaN,NaN,NaN,NaN
4.879469571E1,NaN,NaN,NaN,NaN,NaN,NaN,NaN,NaN
4.880465971E1,NaN,NaN,NaN,NaN,NaN,NaN,NaN,NaN
4.881462271E1,NaN,NaN,NaN,NaN,NaN,NaN,NaN,NaN
4.882458571E1,NaN,NaN,NaN,NaN,NaN,NaN,NaN,NaN
4.883454871E1,NaN,NaN,NaN,NaN,NaN,NaN,NaN,NaN
4.884451171E1,NaN,NaN,NaN,NaN,NaN,NaN,NaN,NaN
4.885447471E1,NaN,NaN,NaN,NaN,NaN,NaN,NaN,NaN
4.886443871E1,NaN,NaN,NaN,NaN,NaN,NaN,NaN,NaN
4.887440171E1,NaN,NaN,NaN,NaN,NaN,NaN,NaN,NaN
4.888436471E1,NaN,NaN,NaN,NaN,NaN,NaN,NaN,NaN
4.889432771E1,NaN,NaN,NaN,NaN,NaN,NaN,NaN,NaN
4.890429071E1,NaN,NaN,NaN,NaN,NaN,NaN,NaN,NaN
4.891425371E1,NaN,NaN,NaN,NaN,NaN,NaN,NaN,NaN
4.892421671E1,NaN,NaN,NaN,NaN,NaN,NaN,NaN,NaN
4.893418071E1,NaN,NaN,NaN,NaN,NaN,NaN,NaN,NaN
4.894414371E1,NaN,NaN,NaN,NaN,NaN,NaN,NaN,NaN
4.895410671E1,NaN,NaN,NaN,NaN,NaN,NaN,NaN,NaN
4.896406946E1,NaN,NaN,NaN,NaN,NaN,NaN,NaN,NaN
4.897403246E1,NaN,NaN,NaN,NaN,NaN,NaN,NaN,NaN
4.898399546E1,NaN,NaN,NaN,NaN,NaN,NaN,NaN,NaN
4.899395846E1,NaN,NaN,NaN,NaN,NaN,NaN,NaN,NaN
4.900392246E1,NaN,NaN,NaN,NaN,NaN,NaN,NaN,NaN
4.901388546E1,NaN,NaN,NaN,NaN,NaN,NaN,NaN,NaN
4.902384846E1,NaN,NaN,NaN,NaN,NaN,NaN,NaN,NaN
4.903381146E1,NaN,NaN,NaN,NaN,NaN,NaN,NaN,NaN
4.904377446E1,NaN,NaN,NaN,NaN,NaN,NaN,NaN,NaN
4.905373746E1,NaN,NaN,NaN,NaN,NaN,NaN,NaN,NaN
4.906370046E1,NaN,NaN,NaN,NaN,NaN,NaN,NaN,NaN
4.907366446E1,NaN,NaN,NaN,NaN,NaN,NaN,NaN,NaN
4.908362746E1,NaN,NaN,NaN,NaN,NaN,NaN,NaN,NaN
4.909359046E1,NaN,NaN,NaN,NaN,NaN,NaN,NaN,NaN
4.910355346E1,NaN,NaN,NaN,NaN,NaN,NaN,NaN,NaN
4.911351646E1,NaN,NaN,NaN,NaN,NaN,NaN,NaN,NaN
4.912347946E1,NaN,NaN,NaN,NaN,NaN,NaN,NaN,NaN
4.913344246E1,NaN,NaN,NaN,NaN,NaN,NaN,NaN,NaN
4.914340646E1,NaN,NaN,NaN,NaN,NaN,NaN,NaN,NaN
4.915336946E1,NaN,NaN,NaN,NaN,NaN,NaN,NaN,NaN
4.916333246E1,NaN,NaN,NaN,NaN,NaN,NaN,NaN,NaN
4.917329546E1,NaN,NaN,NaN,NaN,NaN,NaN,NaN,NaN
4.918325846E1,NaN,NaN,NaN,NaN,NaN,NaN,NaN,NaN
4.919322146E1,NaN,NaN,NaN,NaN,NaN,NaN,NaN,NaN
4.920318446E1,NaN,NaN,NaN,NaN,NaN,NaN,NaN,NaN
4.921314846E1,NaN,NaN,NaN,NaN,NaN,NaN,NaN,NaN
4.922311146E1,NaN,NaN,NaN,NaN,NaN,NaN,NaN,NaN
4.923307446E1,NaN,NaN,NaN,NaN,NaN,NaN,NaN,NaN
4.924303746E1,NaN,NaN,NaN,NaN,NaN,NaN,NaN,NaN
4.925300046E1,NaN,NaN,NaN,NaN,NaN,NaN,NaN,NaN
4.926296346E1,NaN,NaN,NaN,NaN,NaN,NaN,NaN,NaN
4.927292646E1,NaN,NaN,NaN,NaN,NaN,NaN,NaN,NaN
4.928289046E1,NaN,NaN,NaN,NaN,NaN,NaN,NaN,NaN
4.929285346E1,NaN,NaN,NaN,NaN,NaN,NaN,NaN,NaN
4.930281646E1,NaN,NaN,NaN,NaN,NaN,NaN,NaN,NaN
4.931277946E1,NaN,NaN,NaN,NaN,NaN,NaN,NaN,NaN
4.932274246E1,NaN,NaN,NaN,NaN,NaN,NaN,NaN,NaN
4.933270546E1,NaN,NaN,NaN,NaN,NaN,NaN,NaN,NaN
4.934266846E1,NaN,NaN,NaN,NaN,NaN,NaN,NaN,NaN
4.935263146E1,NaN,NaN,NaN,NaN,NaN,NaN,NaN,NaN
4.936259546E1,NaN,NaN,NaN,NaN,NaN,NaN,NaN,NaN
4.937255846E1,NaN,NaN,NaN,NaN,NaN,NaN,NaN,NaN
4.938252146E1,NaN,NaN,NaN,NaN,NaN,NaN,NaN,NaN
4.939248446E1,NaN,NaN,NaN,NaN,NaN,NaN,NaN,NaN
4.940244746E1,NaN,NaN,NaN,NaN,NaN,NaN,NaN,NaN
4.941241046E1,NaN,NaN,NaN,NaN,NaN,NaN,NaN,NaN
4.942237346E1,NaN,NaN,NaN,NaN,NaN,NaN,NaN,NaN
4.943233746E1,NaN,NaN,NaN,NaN,NaN,NaN,NaN,NaN
4.944230046E1,NaN,NaN,NaN,NaN,NaN,NaN,NaN,NaN
4.945226346E1,NaN,NaN,NaN,NaN,NaN,NaN,NaN,NaN
4.946222646E1,NaN,NaN,NaN,NaN,NaN,NaN,NaN,NaN
4.947218946E1,NaN,NaN,NaN,NaN,NaN,NaN,NaN,NaN
4.948215246E1,NaN,NaN,NaN,NaN,NaN,NaN,NaN,NaN
4.949211546E1,NaN,NaN,NaN,NaN,NaN,NaN,NaN,NaN
4.950207846E1,NaN,NaN,NaN,NaN,NaN,NaN,NaN,NaN
4.951204246E1,NaN,NaN,NaN,NaN,NaN,NaN,NaN,NaN
4.952200546E1,NaN,NaN,NaN,NaN,NaN,NaN,NaN,NaN
4.953196846E1,NaN,NaN,NaN,NaN,NaN,NaN,NaN,NaN
4.954193146E1,NaN,NaN,NaN,NaN,NaN,NaN,NaN,NaN
4.955189446E1,NaN,NaN,NaN,NaN,NaN,NaN,NaN,NaN
4.956185746E1,NaN,NaN,NaN,NaN,NaN,NaN,NaN,NaN
4.957182046E1,NaN,NaN,NaN,NaN,NaN,NaN,NaN,NaN
4.958178446E1,NaN,NaN,NaN,NaN,NaN,NaN,NaN,NaN
4.959174746E1,NaN,NaN,NaN,NaN,NaN,NaN,NaN,NaN
4.960171046E1,NaN,NaN,NaN,NaN,NaN,NaN,NaN,NaN
4.961167346E1,NaN,NaN,NaN,NaN,NaN,NaN,NaN,NaN
4.962163646E1,NaN,NaN,NaN,NaN,NaN,NaN,NaN,NaN
4.963159946E1,NaN,NaN,NaN,NaN,NaN,NaN,NaN,NaN
4.964156246E1,NaN,NaN,NaN,NaN,NaN,NaN,NaN,NaN
4.965152546E1,NaN,NaN,NaN,NaN,NaN,NaN,NaN,NaN
4.966148946E1,NaN,NaN,NaN,NaN,NaN,NaN,NaN,NaN
4.967145246E1,NaN,NaN,NaN,NaN,NaN,NaN,NaN,NaN
4.968141546E1,NaN,NaN,NaN,NaN,NaN,NaN,NaN,NaN
4.969137846E1,NaN,NaN,NaN,NaN,NaN,NaN,NaN,NaN
4.970134146E1,NaN,NaN,NaN,NaN,NaN,NaN,NaN,NaN
4.971130446E1,NaN,NaN,NaN,NaN,NaN,NaN,NaN,NaN
4.972126746E1,NaN,NaN,NaN,NaN,NaN,NaN,NaN,NaN
4.973123046E1,NaN,NaN,NaN,NaN,NaN,NaN,NaN,NaN
4.974119446E1,NaN,NaN,NaN,NaN,NaN,NaN,NaN,NaN
4.975115746E1,NaN,NaN,NaN,NaN,NaN,NaN,NaN,NaN
4.976112046E1,NaN,NaN,NaN,NaN,NaN,NaN,NaN,NaN
4.977108346E1,NaN,NaN,NaN,NaN,NaN,NaN,NaN,NaN
4.978104646E1,NaN,NaN,NaN,NaN,NaN,NaN,NaN,NaN
4.979100946E1,NaN,NaN,NaN,NaN,NaN,NaN,NaN,NaN
4.980097246E1,NaN,NaN,NaN,NaN,NaN,NaN,NaN,NaN
4.981093546E1,NaN,NaN,NaN,NaN,NaN,NaN,NaN,NaN
4.982089946E1,NaN,NaN,NaN,NaN,NaN,NaN,NaN,NaN
4.983086246E1,NaN,NaN,NaN,NaN,NaN,NaN,NaN,NaN
4.984082546E1,NaN,NaN,NaN,NaN,NaN,NaN,NaN,NaN
4.985078846E1,NaN,NaN,NaN,NaN,NaN,NaN,NaN,NaN
4.986075146E1,NaN,NaN,NaN,NaN,NaN,NaN,NaN,NaN
4.987071446E1,NaN,NaN,NaN,NaN,NaN,NaN,NaN,NaN
4.988067746E1,NaN,NaN,NaN,NaN,NaN,NaN,NaN,NaN
4.989064046E1,NaN,NaN,NaN,NaN,NaN,NaN,NaN,NaN
4.990060346E1,NaN,NaN,NaN,NaN,NaN,NaN,NaN,NaN
4.991056746E1,NaN,NaN,NaN,NaN,NaN,NaN,NaN,NaN
4.992053046E1,NaN,NaN,NaN,NaN,NaN,NaN,NaN,NaN
4.993049346E1,NaN,NaN,NaN,NaN,NaN,NaN,NaN,NaN
4.994045646E1,NaN,NaN,NaN,NaN,NaN,NaN,NaN,NaN
4.995041946E1,NaN,NaN,NaN,NaN,NaN,NaN,NaN,NaN
4.996038229E1,NaN,NaN,NaN,NaN,NaN,NaN,NaN,NaN
4.997034529E1,NaN,NaN,NaN,NaN,NaN,NaN,NaN,NaN
4.998030829E1,NaN,NaN,NaN,NaN,NaN,NaN,NaN,NaN
4.999027229E1,NaN,NaN,NaN,NaN,NaN,NaN,NaN,NaN
5.000023529E1,NaN,NaN,NaN,NaN,NaN,NaN,NaN,NaN
5.001019829E1,NaN,NaN,NaN,NaN,NaN,NaN,NaN,NaN
5.002016129E1,NaN,NaN,NaN,NaN,NaN,NaN,NaN,NaN
5.003012429E1,NaN,NaN,NaN,NaN,NaN,NaN,NaN,NaN
5.004008729E1,NaN,NaN,NaN,NaN,NaN,NaN,NaN,NaN
5.005005029E1,NaN,NaN,NaN,NaN,NaN,NaN,NaN,NaN
5.006001329E1,NaN,NaN,NaN,NaN,NaN,NaN,NaN,NaN
5.006997629E1,NaN,NaN,NaN,NaN,NaN,NaN,NaN,NaN
5.007994029E1,NaN,NaN,NaN,NaN,NaN,NaN,NaN,NaN
5.008990329E1,NaN,NaN,NaN,NaN,NaN,NaN,NaN,NaN
5.009986629E1,NaN,NaN,NaN,NaN,NaN,NaN,NaN,NaN
5.010982929E1,NaN,NaN,NaN,NaN,NaN,NaN,NaN,NaN
5.011979229E1,NaN,NaN,NaN,NaN,NaN,NaN,NaN,NaN
5.012975529E1,NaN,NaN,NaN,NaN,NaN,NaN,NaN,NaN
5.013971829E1,NaN,NaN,NaN,NaN,NaN,NaN,NaN,NaN
5.014968129E1,NaN,NaN,NaN,NaN,NaN,NaN,NaN,NaN
5.015964429E1,NaN,NaN,NaN,NaN,NaN,NaN,NaN,NaN
5.016960829E1,NaN,NaN,NaN,NaN,NaN,NaN,NaN,NaN
5.017957129E1,NaN,NaN,NaN,NaN,NaN,NaN,NaN,NaN
5.018953429E1,NaN,NaN,NaN,NaN,NaN,NaN,NaN,NaN
5.019949729E1,NaN,NaN,NaN,NaN,NaN,NaN,NaN,NaN
5.020946029E1,NaN,NaN,NaN,NaN,NaN,NaN,NaN,NaN
5.021942329E1,NaN,NaN,NaN,NaN,NaN,NaN,NaN,NaN
5.022938629E1,NaN,NaN,NaN,NaN,NaN,NaN,NaN,NaN
5.023934929E1,NaN,NaN,NaN,NaN,NaN,NaN,NaN,NaN
5.024931229E1,NaN,NaN,NaN,NaN,NaN,NaN,NaN,NaN
5.025927629E1,NaN,NaN,NaN,NaN,NaN,NaN,NaN,NaN
5.026923929E1,NaN,NaN,NaN,NaN,NaN,NaN,NaN,NaN
5.027920229E1,NaN,NaN,NaN,NaN,NaN,NaN,NaN,NaN
5.028916529E1,NaN,NaN,NaN,NaN,NaN,NaN,NaN,NaN
5.029912829E1,NaN,NaN,NaN,NaN,NaN,NaN,NaN,NaN
5.030909129E1,NaN,NaN,NaN,NaN,NaN,NaN,NaN,NaN
5.031905429E1,NaN,NaN,NaN,NaN,NaN,NaN,NaN,NaN
5.032901729E1,NaN,NaN,NaN,NaN,NaN,NaN,NaN,NaN
5.033898029E1,NaN,NaN,NaN,NaN,NaN,NaN,NaN,NaN
5.034894429E1,NaN,NaN,NaN,NaN,NaN,NaN,NaN,NaN
5.035890729E1,NaN,NaN,NaN,NaN,NaN,NaN,NaN,NaN
5.036887029E1,NaN,NaN,NaN,NaN,NaN,NaN,NaN,NaN
5.037883329E1,NaN,NaN,NaN,NaN,NaN,NaN,NaN,NaN
5.038879629E1,NaN,NaN,NaN,NaN,NaN,NaN,NaN,NaN
5.039875929E1,NaN,NaN,NaN,NaN,NaN,NaN,NaN,NaN
5.040872229E1,NaN,NaN,NaN,NaN,NaN,NaN,NaN,NaN
5.041868529E1,NaN,NaN,NaN,NaN,NaN,NaN,NaN,NaN
5.042864829E1,NaN,NaN,NaN,NaN,NaN,NaN,NaN,NaN
5.043861129E1,NaN,NaN,NaN,NaN,NaN,NaN,NaN,NaN
5.044857529E1,NaN,NaN,NaN,NaN,NaN,NaN,NaN,NaN
5.045853829E1,NaN,NaN,NaN,NaN,NaN,NaN,NaN,NaN
5.046850129E1,NaN,NaN,NaN,NaN,NaN,NaN,NaN,NaN
5.047846429E1,NaN,NaN,NaN,NaN,NaN,NaN,NaN,NaN
5.048842729E1,NaN,NaN,NaN,NaN,NaN,NaN,NaN,NaN
5.049839029E1,NaN,NaN,NaN,NaN,NaN,NaN,NaN,NaN
5.050835329E1,NaN,NaN,NaN,NaN,NaN,NaN,NaN,NaN
5.051831629E1,NaN,NaN,NaN,NaN,NaN,NaN,NaN,NaN
5.052827929E1,NaN,NaN,NaN,NaN,NaN,NaN,NaN,NaN
5.053824329E1,NaN,NaN,NaN,NaN,NaN,NaN,NaN,NaN
5.054820629E1,NaN,NaN,NaN,NaN,NaN,NaN,NaN,NaN
5.055816929E1,NaN,NaN,NaN,NaN,NaN,NaN,NaN,NaN
5.056813229E1,NaN,NaN,NaN,NaN,NaN,NaN,NaN,NaN
5.057809529E1,NaN,NaN,NaN,NaN,NaN,NaN,NaN,NaN
5.058805829E1,NaN,NaN,NaN,NaN,NaN,NaN,NaN,NaN
5.059802129E1,NaN,NaN,NaN,NaN,NaN,NaN,NaN,NaN
5.060798429E1,NaN,NaN,NaN,NaN,NaN,NaN,NaN,NaN
5.061794729E1,NaN,NaN,NaN,NaN,NaN,NaN,NaN,NaN
5.062791029E1,NaN,NaN,NaN,NaN,NaN,NaN,NaN,NaN
5.063787429E1,NaN,NaN,NaN,NaN,NaN,NaN,NaN,NaN
5.064783729E1,NaN,NaN,NaN,NaN,NaN,NaN,NaN,NaN
5.065780029E1,NaN,NaN,NaN,NaN,NaN,NaN,NaN,NaN
5.066776329E1,NaN,NaN,NaN,NaN,NaN,NaN,NaN,NaN
5.067772629E1,NaN,NaN,NaN,NaN,NaN,NaN,NaN,NaN
5.068768929E1,NaN,NaN,NaN,NaN,NaN,NaN,NaN,NaN
5.069765229E1,NaN,NaN,NaN,NaN,NaN,NaN,NaN,NaN
5.070761529E1,NaN,NaN,NaN,NaN,NaN,NaN,NaN,NaN
5.071757829E1,NaN,NaN,NaN,NaN,NaN,NaN,NaN,NaN
5.072754129E1,NaN,NaN,NaN,NaN,NaN,NaN,NaN,NaN
5.073750529E1,NaN,NaN,NaN,NaN,NaN,NaN,NaN,NaN
5.074746829E1,NaN,NaN,NaN,NaN,NaN,NaN,NaN,NaN
5.075743129E1,NaN,NaN,NaN,NaN,NaN,NaN,NaN,NaN
5.076739429E1,NaN,NaN,NaN,NaN,NaN,NaN,NaN,NaN
5.077735729E1,NaN,NaN,NaN,NaN,NaN,NaN,NaN,NaN
5.078732029E1,NaN,NaN,NaN,NaN,NaN,NaN,NaN,NaN
5.079728329E1,NaN,NaN,NaN,NaN,NaN,NaN,NaN,NaN
5.080724629E1,NaN,NaN,NaN,NaN,NaN,NaN,NaN,NaN
5.081720929E1,NaN,NaN,NaN,NaN,NaN,NaN,NaN,NaN
5.082717229E1,NaN,NaN,NaN,NaN,NaN,NaN,NaN,NaN
5.083713529E1,NaN,NaN,NaN,NaN,NaN,NaN,NaN,NaN
5.084709929E1,NaN,NaN,NaN,NaN,NaN,NaN,NaN,NaN
5.085706229E1,NaN,NaN,NaN,NaN,NaN,NaN,NaN,NaN
5.086702529E1,NaN,NaN,NaN,NaN,NaN,NaN,NaN,NaN
5.087698829E1,NaN,NaN,NaN,NaN,NaN,NaN,NaN,NaN
5.088695129E1,NaN,NaN,NaN,NaN,NaN,NaN,NaN,NaN
5.089691429E1,NaN,NaN,NaN,NaN,NaN,NaN,NaN,NaN
5.090687729E1,NaN,NaN,NaN,NaN,NaN,NaN,NaN,NaN
5.091684029E1,NaN,NaN,NaN,NaN,NaN,NaN,NaN,NaN
5.092680329E1,NaN,NaN,NaN,NaN,NaN,NaN,NaN,NaN
5.093676629E1,NaN,NaN,NaN,NaN,NaN,NaN,NaN,NaN
5.094673029E1,NaN,NaN,NaN,NaN,NaN,NaN,NaN,NaN
5.095669329E1,NaN,NaN,NaN,NaN,NaN,NaN,NaN,NaN
5.096665592E1,NaN,NaN,NaN,NaN,NaN,NaN,NaN,NaN
5.097661892E1,NaN,NaN,NaN,NaN,NaN,NaN,NaN,NaN
5.098658192E1,NaN,NaN,NaN,NaN,NaN,NaN,NaN,NaN
5.099654492E1,NaN,NaN,NaN,NaN,NaN,NaN,NaN,NaN
5.100650792E1,NaN,NaN,NaN,NaN,NaN,NaN,NaN,NaN
5.101647092E1,NaN,NaN,NaN,NaN,NaN,NaN,NaN,NaN
5.102643392E1,NaN,NaN,NaN,NaN,NaN,NaN,NaN,NaN
5.103639692E1,NaN,NaN,NaN,NaN,NaN,NaN,NaN,NaN
5.104635992E1,NaN,NaN,NaN,NaN,NaN,NaN,NaN,NaN
5.105632292E1,NaN,NaN,NaN,NaN,NaN,NaN,NaN,NaN
5.106628692E1,NaN,NaN,NaN,NaN,NaN,NaN,NaN,NaN
5.107624992E1,NaN,NaN,NaN,NaN,NaN,NaN,NaN,NaN
5.108621292E1,NaN,NaN,NaN,NaN,NaN,NaN,NaN,NaN
5.109617592E1,NaN,NaN,NaN,NaN,NaN,NaN,NaN,NaN
5.110613892E1,NaN,NaN,NaN,NaN,NaN,NaN,NaN,NaN
5.111610192E1,NaN,NaN,NaN,NaN,NaN,NaN,NaN,NaN
5.112606492E1,NaN,NaN,NaN,NaN,NaN,NaN,NaN,NaN
5.113602792E1,NaN,NaN,NaN,NaN,NaN,NaN,NaN,NaN
5.114599092E1,NaN,NaN,NaN,NaN,NaN,NaN,NaN,NaN
5.115595392E1,NaN,NaN,NaN,NaN,NaN,NaN,NaN,NaN
5.116591692E1,NaN,NaN,NaN,NaN,NaN,NaN,NaN,NaN
5.117588092E1,NaN,NaN,NaN,NaN,NaN,NaN,NaN,NaN
5.118584392E1,NaN,NaN,NaN,NaN,NaN,NaN,NaN,NaN
5.119580692E1,NaN,NaN,NaN,NaN,NaN,NaN,NaN,NaN
5.120576992E1,NaN,NaN,NaN,NaN,NaN,NaN,NaN,NaN
5.121573292E1,NaN,NaN,NaN,NaN,NaN,NaN,NaN,NaN
5.122569592E1,NaN,NaN,NaN,NaN,NaN,NaN,NaN,NaN
5.123565892E1,NaN,NaN,NaN,NaN,NaN,NaN,NaN,NaN
5.124562192E1,NaN,NaN,NaN,NaN,NaN,NaN,NaN,NaN
5.125558492E1,NaN,NaN,NaN,NaN,NaN,NaN,NaN,NaN
5.126554792E1,NaN,NaN,NaN,NaN,NaN,NaN,NaN,NaN
5.127551092E1,NaN,NaN,NaN,NaN,NaN,NaN,NaN,NaN
5.128547392E1,NaN,NaN,NaN,NaN,NaN,NaN,NaN,NaN
5.129543792E1,NaN,NaN,NaN,NaN,NaN,NaN,NaN,NaN
5.130540092E1,NaN,NaN,NaN,NaN,NaN,NaN,NaN,NaN
5.131536392E1,NaN,NaN,NaN,NaN,NaN,NaN,NaN,NaN
5.132532692E1,NaN,NaN,NaN,NaN,NaN,NaN,NaN,NaN
5.133528992E1,NaN,NaN,NaN,NaN,NaN,NaN,NaN,NaN
5.134525292E1,NaN,NaN,NaN,NaN,NaN,NaN,NaN,NaN
5.135521592E1,NaN,NaN,NaN,NaN,NaN,NaN,NaN,NaN
5.136517892E1,NaN,NaN,NaN,NaN,NaN,NaN,NaN,NaN
5.137514192E1,NaN,NaN,NaN,NaN,NaN,NaN,NaN,NaN
5.138510492E1,NaN,NaN,NaN,NaN,NaN,NaN,NaN,NaN
5.139506792E1,NaN,NaN,NaN,NaN,NaN,NaN,NaN,NaN
5.140503092E1,NaN,NaN,NaN,NaN,NaN,NaN,NaN,NaN
5.141499492E1,NaN,NaN,NaN,NaN,NaN,NaN,NaN,NaN
5.142495792E1,NaN,NaN,NaN,NaN,NaN,NaN,NaN,NaN
5.143492092E1,NaN,NaN,NaN,NaN,NaN,NaN,NaN,NaN
5.144488392E1,NaN,NaN,NaN,NaN,NaN,NaN,NaN,NaN
5.145484692E1,NaN,NaN,NaN,NaN,NaN,NaN,NaN,NaN
5.146480992E1,NaN,NaN,NaN,NaN,NaN,NaN,NaN,NaN
5.147477292E1,NaN,NaN,NaN,NaN,NaN,NaN,NaN,NaN
5.148473592E1,NaN,NaN,NaN,NaN,NaN,NaN,NaN,NaN
5.149469892E1,NaN,NaN,NaN,NaN,NaN,NaN,NaN,NaN
5.150466192E1,NaN,NaN,NaN,NaN,NaN,NaN,NaN,NaN
5.151462492E1,NaN,NaN,NaN,NaN,NaN,NaN,NaN,NaN
5.152458792E1,NaN,NaN,NaN,NaN,NaN,NaN,NaN,NaN
5.153455092E1,NaN,NaN,NaN,NaN,NaN,NaN,NaN,NaN
5.154451492E1,NaN,NaN,NaN,NaN,NaN,NaN,NaN,NaN
5.155447792E1,NaN,NaN,NaN,NaN,NaN,NaN,NaN,NaN
5.156444092E1,NaN,NaN,NaN,NaN,NaN,NaN,NaN,NaN
5.157440392E1,NaN,NaN,NaN,NaN,NaN,NaN,NaN,NaN
5.158436692E1,NaN,NaN,NaN,NaN,NaN,NaN,NaN,NaN
5.159432992E1,NaN,NaN,NaN,NaN,NaN,NaN,NaN,NaN
5.160429292E1,NaN,NaN,NaN,NaN,NaN,NaN,NaN,NaN
5.161425592E1,NaN,NaN,NaN,NaN,NaN,NaN,NaN,NaN
5.162421892E1,NaN,NaN,NaN,NaN,NaN,NaN,NaN,NaN
5.163418192E1,NaN,NaN,NaN,NaN,NaN,NaN,NaN,NaN
5.164414492E1,NaN,NaN,NaN,NaN,NaN,NaN,NaN,NaN
5.165410792E1,NaN,NaN,NaN,NaN,NaN,NaN,NaN,NaN
5.166407092E1,NaN,NaN,NaN,NaN,NaN,NaN,NaN,NaN
5.167403392E1,NaN,NaN,NaN,NaN,NaN,NaN,NaN,NaN
5.168399792E1,NaN,NaN,NaN,NaN,NaN,NaN,NaN,NaN
5.169396092E1,NaN,NaN,NaN,NaN,NaN,NaN,NaN,NaN
5.170392392E1,NaN,NaN,NaN,NaN,NaN,NaN,NaN,NaN
5.171388692E1,NaN,NaN,NaN,NaN,NaN,NaN,NaN,NaN
5.172384992E1,NaN,NaN,NaN,NaN,NaN,NaN,NaN,NaN
5.173381292E1,NaN,NaN,NaN,NaN,NaN,NaN,NaN,NaN
5.174377592E1,NaN,NaN,NaN,NaN,NaN,NaN,NaN,NaN
5.175373892E1,NaN,NaN,NaN,NaN,NaN,NaN,NaN,NaN
5.176370192E1,NaN,NaN,NaN,NaN,NaN,NaN,NaN,NaN
5.177366492E1,NaN,NaN,NaN,NaN,NaN,NaN,NaN,NaN
5.178362792E1,NaN,NaN,NaN,NaN,NaN,NaN,NaN,NaN
5.179359092E1,NaN,NaN,NaN,NaN,NaN,NaN,NaN,NaN
5.180355392E1,NaN,NaN,NaN,NaN,NaN,NaN,NaN,NaN
5.181351692E1,NaN,NaN,NaN,NaN,NaN,NaN,NaN,NaN
5.182348092E1,NaN,NaN,NaN,NaN,NaN,NaN,NaN,NaN
5.183344392E1,NaN,NaN,NaN,NaN,NaN,NaN,NaN,NaN
5.184340692E1,NaN,NaN,NaN,NaN,NaN,NaN,NaN,NaN
5.185336992E1,NaN,NaN,NaN,NaN,NaN,NaN,NaN,NaN
5.186333292E1,NaN,NaN,NaN,NaN,NaN,NaN,NaN,NaN
5.187329592E1,NaN,NaN,NaN,NaN,NaN,NaN,NaN,NaN
5.188325892E1,NaN,NaN,NaN,NaN,NaN,NaN,NaN,NaN
5.189322192E1,NaN,NaN,NaN,NaN,NaN,NaN,NaN,NaN
5.190318492E1,NaN,NaN,NaN,NaN,NaN,NaN,NaN,NaN
5.191314792E1,NaN,NaN,NaN,NaN,NaN,NaN,NaN,NaN
5.192311092E1,NaN,NaN,NaN,NaN,NaN,NaN,NaN,NaN
5.193307392E1,NaN,NaN,NaN,NaN,NaN,NaN,NaN,NaN
5.194303692E1,NaN,NaN,NaN,NaN,NaN,NaN,NaN,NaN
5.195299992E1,NaN,NaN,NaN,NaN,NaN,NaN,NaN,NaN
5.196296283E1,NaN,NaN,NaN,NaN,NaN,NaN,NaN,NaN
5.197292683E1,NaN,NaN,NaN,NaN,NaN,NaN,NaN,NaN
5.198288983E1,NaN,NaN,NaN,NaN,NaN,NaN,NaN,NaN
5.199285283E1,NaN,NaN,NaN,NaN,NaN,NaN,NaN,NaN
5.200281583E1,NaN,NaN,NaN,NaN,NaN,NaN,NaN,NaN
5.201277883E1,NaN,NaN,NaN,NaN,NaN,NaN,NaN,NaN
5.202274183E1,NaN,NaN,NaN,NaN,NaN,NaN,NaN,NaN
5.203270483E1,NaN,NaN,NaN,NaN,NaN,NaN,NaN,NaN
5.204266783E1,NaN,NaN,NaN,NaN,NaN,NaN,NaN,NaN
5.205263083E1,NaN,NaN,NaN,NaN,NaN,NaN,NaN,NaN
5.206259383E1,NaN,NaN,NaN,NaN,NaN,NaN,NaN,NaN
5.207255683E1,NaN,NaN,NaN,NaN,NaN,NaN,NaN,NaN
5.208251983E1,NaN,NaN,NaN,NaN,NaN,NaN,NaN,NaN
5.209248283E1,NaN,NaN,NaN,NaN,NaN,NaN,NaN,NaN
5.210244583E1,NaN,NaN,NaN,NaN,NaN,NaN,NaN,NaN
5.211240883E1,NaN,NaN,NaN,NaN,NaN,NaN,NaN,NaN
5.212237183E1,NaN,NaN,NaN,NaN,NaN,NaN,NaN,NaN
5.213233583E1,NaN,NaN,NaN,NaN,NaN,NaN,NaN,NaN
5.214229883E1,NaN,NaN,NaN,NaN,NaN,NaN,NaN,NaN
5.215226183E1,NaN,NaN,NaN,NaN,NaN,NaN,NaN,NaN
5.216222483E1,NaN,NaN,NaN,NaN,NaN,NaN,NaN,NaN
5.217218783E1,NaN,NaN,NaN,NaN,NaN,NaN,NaN,NaN
5.218215083E1,NaN,NaN,NaN,NaN,NaN,NaN,NaN,NaN
5.219211383E1,NaN,NaN,NaN,NaN,NaN,NaN,NaN,NaN
5.220207683E1,NaN,NaN,NaN,NaN,NaN,NaN,NaN,NaN
5.221203983E1,NaN,NaN,NaN,NaN,NaN,NaN,NaN,NaN
5.222200283E1,NaN,NaN,NaN,NaN,NaN,NaN,NaN,NaN
5.223196583E1,NaN,NaN,NaN,NaN,NaN,NaN,NaN,NaN
5.224192883E1,NaN,NaN,NaN,NaN,NaN,NaN,NaN,NaN
5.225189183E1,NaN,NaN,NaN,NaN,NaN,NaN,NaN,NaN
5.226185483E1,NaN,NaN,NaN,NaN,NaN,NaN,NaN,NaN
5.227181783E1,NaN,NaN,NaN,NaN,NaN,NaN,NaN,NaN
5.228178083E1,NaN,NaN,NaN,NaN,NaN,NaN,NaN,NaN
5.229174383E1,NaN,NaN,NaN,NaN,NaN,NaN,NaN,NaN
5.230170783E1,NaN,NaN,NaN,NaN,NaN,NaN,NaN,NaN
5.231167083E1,NaN,NaN,NaN,NaN,NaN,NaN,NaN,NaN
5.232163383E1,NaN,NaN,NaN,NaN,NaN,NaN,NaN,NaN
5.233159683E1,NaN,NaN,NaN,NaN,NaN,NaN,NaN,NaN
5.234155983E1,NaN,NaN,NaN,NaN,NaN,NaN,NaN,NaN
5.235152283E1,NaN,NaN,NaN,NaN,NaN,NaN,NaN,NaN
5.236148583E1,NaN,NaN,NaN,NaN,NaN,NaN,NaN,NaN
5.237144883E1,NaN,NaN,NaN,NaN,NaN,NaN,NaN,NaN
5.238141183E1,NaN,NaN,NaN,NaN,NaN,NaN,NaN,NaN
5.239137483E1,NaN,NaN,NaN,NaN,NaN,NaN,NaN,NaN
5.240133783E1,NaN,NaN,NaN,NaN,NaN,NaN,NaN,NaN
5.241130083E1,NaN,NaN,NaN,NaN,NaN,NaN,NaN,NaN
5.242126383E1,NaN,NaN,NaN,NaN,NaN,NaN,NaN,NaN
5.243122683E1,NaN,NaN,NaN,NaN,NaN,NaN,NaN,NaN
5.244118983E1,NaN,NaN,NaN,NaN,NaN,NaN,NaN,NaN
5.245115283E1,NaN,NaN,NaN,NaN,NaN,NaN,NaN,NaN
5.246111583E1,NaN,NaN,NaN,NaN,NaN,NaN,NaN,NaN
5.247107883E1,NaN,NaN,NaN,NaN,NaN,NaN,NaN,NaN
5.248104183E1,NaN,NaN,NaN,NaN,NaN,NaN,NaN,NaN
5.249100583E1,NaN,NaN,NaN,NaN,NaN,NaN,NaN,NaN
5.250096883E1,NaN,NaN,NaN,NaN,NaN,NaN,NaN,NaN
5.251093183E1,NaN,NaN,NaN,NaN,NaN,NaN,NaN,NaN
5.252089483E1,NaN,NaN,NaN,NaN,NaN,NaN,NaN,NaN
5.253085783E1,NaN,NaN,NaN,NaN,NaN,NaN,NaN,NaN
5.254082083E1,NaN,NaN,NaN,NaN,NaN,NaN,NaN,NaN
5.255078383E1,NaN,NaN,NaN,NaN,NaN,NaN,NaN,NaN
5.256074683E1,NaN,NaN,NaN,NaN,NaN,NaN,NaN,NaN
5.257070983E1,NaN,NaN,NaN,NaN,NaN,NaN,NaN,NaN
5.258067283E1,NaN,NaN,NaN,NaN,NaN,NaN,NaN,NaN
5.259063583E1,NaN,NaN,NaN,NaN,NaN,NaN,NaN,NaN
5.260059883E1,NaN,NaN,NaN,NaN,NaN,NaN,NaN,NaN
5.261056183E1,NaN,NaN,NaN,NaN,NaN,NaN,NaN,NaN
5.262052483E1,NaN,NaN,NaN,NaN,NaN,NaN,NaN,NaN
5.263048783E1,NaN,NaN,NaN,NaN,NaN,NaN,NaN,NaN
5.264045083E1,NaN,NaN,NaN,NaN,NaN,NaN,NaN,NaN
5.265041383E1,NaN,NaN,NaN,NaN,NaN,NaN,NaN,NaN
5.266037683E1,NaN,NaN,NaN,NaN,NaN,NaN,NaN,NaN
5.267033983E1,NaN,NaN,NaN,NaN,NaN,NaN,NaN,NaN
5.268030283E1,NaN,NaN,NaN,NaN,NaN,NaN,NaN,NaN
5.269026683E1,NaN,NaN,NaN,NaN,NaN,NaN,NaN,NaN
5.270022983E1,NaN,NaN,NaN,NaN,NaN,NaN,NaN,NaN
5.271019283E1,NaN,NaN,NaN,NaN,NaN,NaN,NaN,NaN
5.272015583E1,NaN,NaN,NaN,NaN,NaN,NaN,NaN,NaN
5.273011883E1,NaN,NaN,NaN,NaN,NaN,NaN,NaN,NaN
5.274008183E1,NaN,NaN,NaN,NaN,NaN,NaN,NaN,NaN
5.275004483E1,NaN,NaN,NaN,NaN,NaN,NaN,NaN,NaN
5.276000783E1,NaN,NaN,NaN,NaN,NaN,NaN,NaN,NaN
5.276997083E1,NaN,NaN,NaN,NaN,NaN,NaN,NaN,NaN
5.277993383E1,NaN,NaN,NaN,NaN,NaN,NaN,NaN,NaN
5.278989683E1,NaN,NaN,NaN,NaN,NaN,NaN,NaN,NaN
5.279985983E1,NaN,NaN,NaN,NaN,NaN,NaN,NaN,NaN
5.280982283E1,NaN,NaN,NaN,NaN,NaN,NaN,NaN,NaN
5.281978583E1,NaN,NaN,NaN,NaN,NaN,NaN,NaN,NaN
5.282974883E1,NaN,NaN,NaN,NaN,NaN,NaN,NaN,NaN
5.283971183E1,NaN,NaN,NaN,NaN,NaN,NaN,NaN,NaN
5.284967483E1,NaN,NaN,NaN,NaN,NaN,NaN,NaN,NaN
5.285963783E1,NaN,NaN,NaN,NaN,NaN,NaN,NaN,NaN
5.286960083E1,NaN,NaN,NaN,NaN,NaN,NaN,NaN,NaN
5.287956383E1,NaN,NaN,NaN,NaN,NaN,NaN,NaN,NaN
5.288952683E1,NaN,NaN,NaN,NaN,NaN,NaN,NaN,NaN
5.289948983E1,NaN,NaN,NaN,NaN,NaN,NaN,NaN,NaN
5.290945283E1,NaN,NaN,NaN,NaN,NaN,NaN,NaN,NaN
5.291941583E1,NaN,NaN,NaN,NaN,NaN,NaN,NaN,NaN
5.292937983E1,NaN,NaN,NaN,NaN,NaN,NaN,NaN,NaN
5.293934283E1,NaN,NaN,NaN,NaN,NaN,NaN,NaN,NaN
5.294930583E1,NaN,NaN,NaN,NaN,NaN,NaN,NaN,NaN
5.295926883E1,NaN,NaN,NaN,NaN,NaN,NaN,NaN,NaN
5.296923279E1,NaN,NaN,NaN,NaN,NaN,NaN,NaN,NaN
5.297919579E1,NaN,NaN,NaN,NaN,NaN,NaN,NaN,NaN
5.298915879E1,NaN,NaN,NaN,NaN,NaN,NaN,NaN,NaN
5.299912179E1,NaN,NaN,NaN,NaN,NaN,NaN,NaN,NaN
5.300908479E1,NaN,NaN,NaN,NaN,NaN,NaN,NaN,NaN
5.301904779E1,NaN,NaN,NaN,NaN,NaN,NaN,NaN,NaN
5.302901079E1,NaN,NaN,NaN,NaN,NaN,NaN,NaN,NaN
5.303897379E1,NaN,NaN,NaN,NaN,NaN,NaN,NaN,NaN
5.304893679E1,NaN,NaN,NaN,NaN,NaN,NaN,NaN,NaN
5.305889979E1,NaN,NaN,NaN,NaN,NaN,NaN,NaN,NaN
5.306886279E1,NaN,NaN,NaN,NaN,NaN,NaN,NaN,NaN
5.307882579E1,NaN,NaN,NaN,NaN,NaN,NaN,NaN,NaN
5.308878879E1,NaN,NaN,NaN,NaN,NaN,NaN,NaN,NaN
5.309875179E1,NaN,NaN,NaN,NaN,NaN,NaN,NaN,NaN
5.310871479E1,NaN,NaN,NaN,NaN,NaN,NaN,NaN,NaN
5.311867779E1,NaN,NaN,NaN,NaN,NaN,NaN,NaN,NaN
5.312864079E1,NaN,NaN,NaN,NaN,NaN,NaN,NaN,NaN
5.313860379E1,NaN,NaN,NaN,NaN,NaN,NaN,NaN,NaN
5.314856679E1,NaN,NaN,NaN,NaN,NaN,NaN,NaN,NaN
5.315852979E1,NaN,NaN,NaN,NaN,NaN,NaN,NaN,NaN
5.316849279E1,NaN,NaN,NaN,NaN,NaN,NaN,NaN,NaN
5.317845579E1,NaN,NaN,NaN,NaN,NaN,NaN,NaN,NaN
5.318841879E1,NaN,NaN,NaN,NaN,NaN,NaN,NaN,NaN
5.319838279E1,NaN,NaN,NaN,NaN,NaN,NaN,NaN,NaN
5.320834579E1,NaN,NaN,NaN,NaN,NaN,NaN,NaN,NaN
5.321830879E1,NaN,NaN,NaN,NaN,NaN,NaN,NaN,NaN
5.322827179E1,NaN,NaN,NaN,NaN,NaN,NaN,NaN,NaN
5.323823479E1,NaN,NaN,NaN,NaN,NaN,NaN,NaN,NaN
5.324819779E1,NaN,NaN,NaN,NaN,NaN,NaN,NaN,NaN
5.325816079E1,NaN,NaN,NaN,NaN,NaN,NaN,NaN,NaN
5.326812379E1,NaN,NaN,NaN,NaN,NaN,NaN,NaN,NaN
5.327808679E1,NaN,NaN,NaN,NaN,NaN,NaN,NaN,NaN
5.328804979E1,NaN,NaN,NaN,NaN,NaN,NaN,NaN,NaN
5.329801279E1,NaN,NaN,NaN,NaN,NaN,NaN,NaN,NaN
5.330797579E1,NaN,NaN,NaN,NaN,NaN,NaN,NaN,NaN
5.331793879E1,NaN,NaN,NaN,NaN,NaN,NaN,NaN,NaN
5.332790179E1,NaN,NaN,NaN,NaN,NaN,NaN,NaN,NaN
5.333786479E1,NaN,NaN,NaN,NaN,NaN,NaN,NaN,NaN
5.334782779E1,NaN,NaN,NaN,NaN,NaN,NaN,NaN,NaN
5.335779079E1,NaN,NaN,NaN,NaN,NaN,NaN,NaN,NaN
5.336775379E1,NaN,NaN,NaN,NaN,NaN,NaN,NaN,NaN
5.337771679E1,NaN,NaN,NaN,NaN,NaN,NaN,NaN,NaN
5.338767979E1,NaN,NaN,NaN,NaN,NaN,NaN,NaN,NaN
5.339764279E1,NaN,NaN,NaN,NaN,NaN,NaN,NaN,NaN
5.340760579E1,NaN,NaN,NaN,NaN,NaN,NaN,NaN,NaN
5.341756879E1,NaN,NaN,NaN,NaN,NaN,NaN,NaN,NaN
5.342753179E1,NaN,NaN,NaN,NaN,NaN,NaN,NaN,NaN
5.343749479E1,NaN,NaN,NaN,NaN,NaN,NaN,NaN,NaN
5.344745779E1,NaN,NaN,NaN,NaN,NaN,NaN,NaN,NaN
5.345742079E1,NaN,NaN,NaN,NaN,NaN,NaN,NaN,NaN
5.346738379E1,NaN,NaN,NaN,NaN,NaN,NaN,NaN,NaN
5.347734679E1,NaN,NaN,NaN,NaN,NaN,NaN,NaN,NaN
5.348730979E1,NaN,NaN,NaN,NaN,NaN,NaN,NaN,NaN
5.349727279E1,NaN,NaN,NaN,NaN,NaN,NaN,NaN,NaN
5.350723579E1,NaN,NaN,NaN,NaN,NaN,NaN,NaN,NaN
5.351719879E1,NaN,NaN,NaN,NaN,NaN,NaN,NaN,NaN
5.352716179E1,NaN,NaN,NaN,NaN,NaN,NaN,NaN,NaN
5.353712579E1,NaN,NaN,NaN,NaN,NaN,NaN,NaN,NaN
5.354708879E1,NaN,NaN,NaN,NaN,NaN,NaN,NaN,NaN
5.355705179E1,NaN,NaN,NaN,NaN,NaN,NaN,NaN,NaN
5.356701479E1,NaN,NaN,NaN,NaN,NaN,NaN,NaN,NaN
5.357697779E1,NaN,NaN,NaN,NaN,NaN,NaN,NaN,NaN
5.358694079E1,NaN,NaN,NaN,NaN,NaN,NaN,NaN,NaN
5.359690379E1,NaN,NaN,NaN,NaN,NaN,NaN,NaN,NaN
5.360686679E1,NaN,NaN,NaN,NaN,NaN,NaN,NaN,NaN
5.361682979E1,NaN,NaN,NaN,NaN,NaN,NaN,NaN,NaN
5.362679279E1,NaN,NaN,NaN,NaN,NaN,NaN,NaN,NaN
5.363675579E1,NaN,NaN,NaN,NaN,NaN,NaN,NaN,NaN
5.364671879E1,NaN,NaN,NaN,NaN,NaN,NaN,NaN,NaN
5.365668179E1,NaN,NaN,NaN,NaN,NaN,NaN,NaN,NaN
5.366664479E1,NaN,NaN,NaN,NaN,NaN,NaN,NaN,NaN
5.367660779E1,NaN,NaN,NaN,NaN,NaN,NaN,NaN,NaN
5.368657079E1,NaN,NaN,NaN,NaN,NaN,NaN,NaN,NaN
5.369653379E1,NaN,NaN,NaN,NaN,NaN,NaN,NaN,NaN
5.370649679E1,NaN,NaN,NaN,NaN,NaN,NaN,NaN,NaN
5.371645979E1,NaN,NaN,NaN,NaN,NaN,NaN,NaN,NaN
5.372642279E1,NaN,NaN,NaN,NaN,NaN,NaN,NaN,NaN
5.373638579E1,NaN,NaN,NaN,NaN,NaN,NaN,NaN,NaN
5.374634879E1,NaN,NaN,NaN,NaN,NaN,NaN,NaN,NaN
5.375631179E1,NaN,NaN,NaN,NaN,NaN,NaN,NaN,NaN
5.376627479E1,NaN,NaN,NaN,NaN,NaN,NaN,NaN,NaN
5.377623779E1,NaN,NaN,NaN,NaN,NaN,NaN,NaN,NaN
5.378620079E1,NaN,NaN,NaN,NaN,NaN,NaN,NaN,NaN
5.379616379E1,NaN,NaN,NaN,NaN,NaN,NaN,NaN,NaN
5.380612679E1,NaN,NaN,NaN,NaN,NaN,NaN,NaN,NaN
5.381608979E1,NaN,NaN,NaN,NaN,NaN,NaN,NaN,NaN
5.382605279E1,NaN,NaN,NaN,NaN,NaN,NaN,NaN,NaN
5.383601579E1,NaN,NaN,NaN,NaN,NaN,NaN,NaN,NaN
5.384597879E1,NaN,NaN,NaN,NaN,NaN,NaN,NaN,NaN
5.385594179E1,NaN,NaN,NaN,NaN,NaN,NaN,NaN,NaN
5.386590479E1,NaN,NaN,NaN,NaN,NaN,NaN,NaN,NaN
5.387586779E1,NaN,NaN,NaN,NaN,NaN,NaN,NaN,NaN
5.388583079E1,NaN,NaN,NaN,NaN,NaN,NaN,NaN,NaN
5.389579379E1,NaN,NaN,NaN,NaN,NaN,NaN,NaN,NaN
5.390575679E1,NaN,NaN,NaN,NaN,NaN,NaN,NaN,NaN
5.391571979E1,NaN,NaN,NaN,NaN,NaN,NaN,NaN,NaN
5.392568279E1,NaN,NaN,NaN,NaN,NaN,NaN,NaN,NaN
5.393564579E1,NaN,NaN,NaN,NaN,NaN,NaN,NaN,NaN
5.394560879E1,NaN,NaN,NaN,NaN,NaN,NaN,NaN,NaN
5.395557179E1,NaN,NaN,NaN,NaN,NaN,NaN,NaN,NaN
5.396553408E1,NaN,NaN,NaN,NaN,NaN,NaN,NaN,NaN
5.397549708E1,NaN,NaN,NaN,NaN,NaN,NaN,NaN,NaN
5.398546008E1,NaN,NaN,NaN,NaN,NaN,NaN,NaN,NaN
5.399542308E1,NaN,NaN,NaN,NaN,NaN,NaN,NaN,NaN
5.400538608E1,NaN,NaN,NaN,NaN,NaN,NaN,NaN,NaN
5.401534908E1,NaN,NaN,NaN,NaN,NaN,NaN,NaN,NaN
5.402531208E1,NaN,NaN,NaN,NaN,NaN,NaN,NaN,NaN
5.403527508E1,NaN,NaN,NaN,NaN,NaN,NaN,NaN,NaN
5.404523808E1,NaN,NaN,NaN,NaN,NaN,NaN,NaN,NaN
5.405520108E1,NaN,NaN,NaN,NaN,NaN,NaN,NaN,NaN
5.406516508E1,NaN,NaN,NaN,NaN,NaN,NaN,NaN,NaN
5.407512808E1,NaN,NaN,NaN,NaN,NaN,NaN,NaN,NaN
5.408509108E1,NaN,NaN,NaN,NaN,NaN,NaN,NaN,NaN
5.409505408E1,NaN,NaN,NaN,NaN,NaN,NaN,NaN,NaN
5.410501708E1,NaN,NaN,NaN,NaN,NaN,NaN,NaN,NaN
5.411498008E1,NaN,NaN,NaN,NaN,NaN,NaN,NaN,NaN
5.412494308E1,NaN,NaN,NaN,NaN,NaN,NaN,NaN,NaN
5.413490608E1,NaN,NaN,NaN,NaN,NaN,NaN,NaN,NaN
5.414486908E1,NaN,NaN,NaN,NaN,NaN,NaN,NaN,NaN
5.415483208E1,NaN,NaN,NaN,NaN,NaN,NaN,NaN,NaN
5.416479508E1,NaN,NaN,NaN,NaN,NaN,NaN,NaN,NaN
5.417475808E1,NaN,NaN,NaN,NaN,NaN,NaN,NaN,NaN
5.418472108E1,NaN,NaN,NaN,NaN,NaN,NaN,NaN,NaN
5.419468408E1,NaN,NaN,NaN,NaN,NaN,NaN,NaN,NaN
5.420464708E1,NaN,NaN,NaN,NaN,NaN,NaN,NaN,NaN
5.421461008E1,NaN,NaN,NaN,NaN,NaN,NaN,NaN,NaN
5.422457308E1,NaN,NaN,NaN,NaN,NaN,NaN,NaN,NaN
5.423453608E1,NaN,NaN,NaN,NaN,NaN,NaN,NaN,NaN
5.424449908E1,NaN,NaN,NaN,NaN,NaN,NaN,NaN,NaN
5.425446208E1,NaN,NaN,NaN,NaN,NaN,NaN,NaN,NaN
5.426442508E1,NaN,NaN,NaN,NaN,NaN,NaN,NaN,NaN
5.427438808E1,NaN,NaN,NaN,NaN,NaN,NaN,NaN,NaN
5.428435108E1,NaN,NaN,NaN,NaN,NaN,NaN,NaN,NaN
5.429431408E1,NaN,NaN,NaN,NaN,NaN,NaN,NaN,NaN
5.430427708E1,NaN,NaN,NaN,NaN,NaN,NaN,NaN,NaN
5.431424008E1,NaN,NaN,NaN,NaN,NaN,NaN,NaN,NaN
5.432420308E1,NaN,NaN,NaN,NaN,NaN,NaN,NaN,NaN
5.433416608E1,NaN,NaN,NaN,NaN,NaN,NaN,NaN,NaN
5.434412908E1,NaN,NaN,NaN,NaN,NaN,NaN,NaN,NaN
5.435409208E1,NaN,NaN,NaN,NaN,NaN,NaN,NaN,NaN
5.436405508E1,NaN,NaN,NaN,NaN,NaN,NaN,NaN,NaN
5.437401808E1,NaN,NaN,NaN,NaN,NaN,NaN,NaN,NaN
5.438398108E1,NaN,NaN,NaN,NaN,NaN,NaN,NaN,NaN
5.439394408E1,NaN,NaN,NaN,NaN,NaN,NaN,NaN,NaN
5.440390708E1,NaN,NaN,NaN,NaN,NaN,NaN,NaN,NaN
5.441387008E1,NaN,NaN,NaN,NaN,NaN,NaN,NaN,NaN
5.442383308E1,NaN,NaN,NaN,NaN,NaN,NaN,NaN,NaN
5.443379608E1,NaN,NaN,NaN,NaN,NaN,NaN,NaN,NaN
5.444375908E1,NaN,NaN,NaN,NaN,NaN,NaN,NaN,NaN
5.445372208E1,NaN,NaN,NaN,NaN,NaN,NaN,NaN,NaN
5.446368508E1,NaN,NaN,NaN,NaN,NaN,NaN,NaN,NaN
5.447364808E1,NaN,NaN,NaN,NaN,NaN,NaN,NaN,NaN
5.448361108E1,NaN,NaN,NaN,NaN,NaN,NaN,NaN,NaN
5.449357408E1,NaN,NaN,NaN,NaN,NaN,NaN,NaN,NaN
5.450353708E1,NaN,NaN,NaN,NaN,NaN,NaN,NaN,NaN
5.451350008E1,NaN,NaN,NaN,NaN,NaN,NaN,NaN,NaN
5.452346308E1,NaN,NaN,NaN,NaN,NaN,NaN,NaN,NaN
5.453342608E1,NaN,NaN,NaN,NaN,NaN,NaN,NaN,NaN
5.454338908E1,NaN,NaN,NaN,NaN,NaN,NaN,NaN,NaN
5.455335208E1,NaN,NaN,NaN,NaN,NaN,NaN,NaN,NaN
5.456331508E1,NaN,NaN,NaN,NaN,NaN,NaN,NaN,NaN
5.457327808E1,NaN,NaN,NaN,NaN,NaN,NaN,NaN,NaN
5.458324108E1,NaN,NaN,NaN,NaN,NaN,NaN,NaN,NaN
5.459320408E1,NaN,NaN,NaN,NaN,NaN,NaN,NaN,NaN
5.460316708E1,NaN,NaN,NaN,NaN,NaN,NaN,NaN,NaN
5.461313008E1,NaN,NaN,NaN,NaN,NaN,NaN,NaN,NaN
5.462309308E1,NaN,NaN,NaN,NaN,NaN,NaN,NaN,NaN
5.463305608E1,NaN,NaN,NaN,NaN,NaN,NaN,NaN,NaN
5.464301908E1,NaN,NaN,NaN,NaN,NaN,NaN,NaN,NaN
5.465298208E1,NaN,NaN,NaN,NaN,NaN,NaN,NaN,NaN
5.466294508E1,NaN,NaN,NaN,NaN,NaN,NaN,NaN,NaN
5.467290808E1,NaN,NaN,NaN,NaN,NaN,NaN,NaN,NaN
5.468287108E1,NaN,NaN,NaN,NaN,NaN,NaN,NaN,NaN
5.469283408E1,NaN,NaN,NaN,NaN,NaN,NaN,NaN,NaN
5.470279708E1,NaN,NaN,NaN,NaN,NaN,NaN,NaN,NaN
5.471276008E1,NaN,NaN,NaN,NaN,NaN,NaN,NaN,NaN
5.472272308E1,NaN,NaN,NaN,NaN,NaN,NaN,NaN,NaN
5.473268608E1,NaN,NaN,NaN,NaN,NaN,NaN,NaN,NaN
5.474264908E1,NaN,NaN,NaN,NaN,NaN,NaN,NaN,NaN
5.475261208E1,NaN,NaN,NaN,NaN,NaN,NaN,NaN,NaN
5.476257508E1,NaN,NaN,NaN,NaN,NaN,NaN,NaN,NaN
5.477253808E1,NaN,NaN,NaN,NaN,NaN,NaN,NaN,NaN
5.478250108E1,NaN,NaN,NaN,NaN,NaN,NaN,NaN,NaN
5.479246408E1,NaN,NaN,NaN,NaN,NaN,NaN,NaN,NaN
5.480242708E1,NaN,NaN,NaN,NaN,NaN,NaN,NaN,NaN
5.481239008E1,NaN,NaN,NaN,NaN,NaN,NaN,NaN,NaN
5.482235308E1,NaN,NaN,NaN,NaN,NaN,NaN,NaN,NaN
5.483231608E1,NaN,NaN,NaN,NaN,NaN,NaN,NaN,NaN
5.484227908E1,NaN,NaN,NaN,NaN,NaN,NaN,NaN,NaN
5.485224208E1,NaN,NaN,NaN,NaN,NaN,NaN,NaN,NaN
5.486220508E1,NaN,NaN,NaN,NaN,NaN,NaN,NaN,NaN
5.487216808E1,NaN,NaN,NaN,NaN,NaN,NaN,NaN,NaN
5.488213108E1,NaN,NaN,NaN,NaN,NaN,NaN,NaN,NaN
5.489209408E1,NaN,NaN,NaN,NaN,NaN,NaN,NaN,NaN
5.490205708E1,NaN,NaN,NaN,NaN,NaN,NaN,NaN,NaN
5.491202008E1,NaN,NaN,NaN,NaN,NaN,NaN,NaN,NaN
5.492198308E1,NaN,NaN,NaN,NaN,NaN,NaN,NaN,NaN
5.493194608E1,NaN,NaN,NaN,NaN,NaN,NaN,NaN,NaN
5.494190908E1,NaN,NaN,NaN,NaN,NaN,NaN,NaN,NaN
5.495187208E1,NaN,NaN,NaN,NaN,NaN,NaN,NaN,NaN
5.496183517E1,NaN,NaN,NaN,NaN,NaN,NaN,NaN,NaN
5.497179817E1,NaN,NaN,NaN,NaN,NaN,NaN,NaN,NaN
5.498176117E1,NaN,NaN,NaN,NaN,NaN,NaN,NaN,NaN
5.499172417E1,NaN,NaN,NaN,NaN,NaN,NaN,NaN,NaN
5.500168717E1,NaN,NaN,NaN,NaN,NaN,NaN,NaN,NaN
5.501165017E1,NaN,NaN,NaN,NaN,NaN,NaN,NaN,NaN
5.502161317E1,NaN,NaN,NaN,NaN,NaN,NaN,NaN,NaN
5.503157617E1,NaN,NaN,NaN,NaN,NaN,NaN,NaN,NaN
5.504153917E1,NaN,NaN,NaN,NaN,NaN,NaN,NaN,NaN
5.505150217E1,NaN,NaN,NaN,NaN,NaN,NaN,NaN,NaN
5.506146517E1,NaN,NaN,NaN,NaN,NaN,NaN,NaN,NaN
5.507142817E1,NaN,NaN,NaN,NaN,NaN,NaN,NaN,NaN
5.508139117E1,NaN,NaN,NaN,NaN,NaN,NaN,NaN,NaN
5.509135417E1,NaN,NaN,NaN,NaN,NaN,NaN,NaN,NaN
5.510131717E1,NaN,NaN,NaN,NaN,NaN,NaN,NaN,NaN
5.511128017E1,NaN,NaN,NaN,NaN,NaN,NaN,NaN,NaN
5.512124317E1,NaN,NaN,NaN,NaN,NaN,NaN,NaN,NaN
5.513120517E1,NaN,NaN,NaN,NaN,NaN,NaN,NaN,NaN
5.514116817E1,NaN,NaN,NaN,NaN,NaN,NaN,NaN,NaN
5.515113117E1,NaN,NaN,NaN,NaN,NaN,NaN,NaN,NaN
5.516109417E1,NaN,NaN,NaN,NaN,NaN,NaN,NaN,NaN
5.517105717E1,NaN,NaN,NaN,NaN,NaN,NaN,NaN,NaN
5.518102017E1,NaN,NaN,NaN,NaN,NaN,NaN,NaN,NaN
5.519098317E1,NaN,NaN,NaN,NaN,NaN,NaN,NaN,NaN
5.520094617E1,NaN,NaN,NaN,NaN,NaN,NaN,NaN,NaN
5.521090917E1,NaN,NaN,NaN,NaN,NaN,NaN,NaN,NaN
5.522087217E1,NaN,NaN,NaN,NaN,NaN,NaN,NaN,NaN
5.523083517E1,NaN,NaN,NaN,NaN,NaN,NaN,NaN,NaN
5.524079817E1,NaN,NaN,NaN,NaN,NaN,NaN,NaN,NaN
5.525076117E1,NaN,NaN,NaN,NaN,NaN,NaN,NaN,NaN
5.526072417E1,NaN,NaN,NaN,NaN,NaN,NaN,NaN,NaN
5.527068717E1,NaN,NaN,NaN,NaN,NaN,NaN,NaN,NaN
5.528065017E1,NaN,NaN,NaN,NaN,NaN,NaN,NaN,NaN
5.529061317E1,NaN,NaN,NaN,NaN,NaN,NaN,NaN,NaN
5.530057617E1,NaN,NaN,NaN,NaN,NaN,NaN,NaN,NaN
5.531053917E1,NaN,NaN,NaN,NaN,NaN,NaN,NaN,NaN
5.532050217E1,NaN,NaN,NaN,NaN,NaN,NaN,NaN,NaN
5.533046517E1,NaN,NaN,NaN,NaN,NaN,NaN,NaN,NaN
5.534042817E1,NaN,NaN,NaN,NaN,NaN,NaN,NaN,NaN
5.535039117E1,NaN,NaN,NaN,NaN,NaN,NaN,NaN,NaN
5.536035417E1,NaN,NaN,NaN,NaN,NaN,NaN,NaN,NaN
5.537031717E1,NaN,NaN,NaN,NaN,NaN,NaN,NaN,NaN
5.538028017E1,NaN,NaN,NaN,NaN,NaN,NaN,NaN,NaN
5.539024317E1,NaN,NaN,NaN,NaN,NaN,NaN,NaN,NaN
5.540020617E1,NaN,NaN,NaN,NaN,NaN,NaN,NaN,NaN
5.541016917E1,NaN,NaN,NaN,NaN,NaN,NaN,NaN,NaN
5.542013217E1,NaN,NaN,NaN,NaN,NaN,NaN,NaN,NaN
5.543009517E1,NaN,NaN,NaN,NaN,NaN,NaN,NaN,NaN
5.544005817E1,NaN,NaN,NaN,NaN,NaN,NaN,NaN,NaN
5.545002117E1,NaN,NaN,NaN,NaN,NaN,NaN,NaN,NaN
5.545998417E1,NaN,NaN,NaN,NaN,NaN,NaN,NaN,NaN
5.546994717E1,NaN,NaN,NaN,NaN,NaN,NaN,NaN,NaN
5.547991017E1,NaN,NaN,NaN,NaN,NaN,NaN,NaN,NaN
5.548987317E1,NaN,NaN,NaN,NaN,NaN,NaN,NaN,NaN
5.549983617E1,NaN,NaN,NaN,NaN,NaN,NaN,NaN,NaN
5.550979917E1,NaN,NaN,NaN,NaN,NaN,NaN,NaN,NaN
5.551976217E1,NaN,NaN,NaN,NaN,NaN,NaN,NaN,NaN
5.552972517E1,NaN,NaN,NaN,NaN,NaN,NaN,NaN,NaN
5.553968817E1,NaN,NaN,NaN,NaN,NaN,NaN,NaN,NaN
5.554965117E1,NaN,NaN,NaN,NaN,NaN,NaN,NaN,NaN
5.555961417E1,NaN,NaN,NaN,NaN,NaN,NaN,NaN,NaN
5.556957717E1,NaN,NaN,NaN,NaN,NaN,NaN,NaN,NaN
5.557954017E1,NaN,NaN,NaN,NaN,NaN,NaN,NaN,NaN
5.558950317E1,NaN,NaN,NaN,NaN,NaN,NaN,NaN,NaN
5.559946617E1,NaN,NaN,NaN,NaN,NaN,NaN,NaN,NaN
5.560942917E1,NaN,NaN,NaN,NaN,NaN,NaN,NaN,NaN
5.561939217E1,NaN,NaN,NaN,NaN,NaN,NaN,NaN,NaN
5.562935517E1,NaN,NaN,NaN,NaN,NaN,NaN,NaN,NaN
5.563931817E1,NaN,NaN,NaN,NaN,NaN,NaN,NaN,NaN
5.564928117E1,NaN,NaN,NaN,NaN,NaN,NaN,NaN,NaN
5.565924317E1,NaN,NaN,NaN,NaN,NaN,NaN,NaN,NaN
5.566920617E1,NaN,NaN,NaN,NaN,NaN,NaN,NaN,NaN
5.567916917E1,NaN,NaN,NaN,NaN,NaN,NaN,NaN,NaN
5.568913217E1,NaN,NaN,NaN,NaN,NaN,NaN,NaN,NaN
5.569909517E1,NaN,NaN,NaN,NaN,NaN,NaN,NaN,NaN
5.570905817E1,NaN,NaN,NaN,NaN,NaN,NaN,NaN,NaN
5.571902117E1,NaN,NaN,NaN,NaN,NaN,NaN,NaN,NaN
5.572898417E1,NaN,NaN,NaN,NaN,NaN,NaN,NaN,NaN
5.573894717E1,NaN,NaN,NaN,NaN,NaN,NaN,NaN,NaN
5.574891017E1,NaN,NaN,NaN,NaN,NaN,NaN,NaN,NaN
5.575887317E1,NaN,NaN,NaN,NaN,NaN,NaN,NaN,NaN
5.576883617E1,NaN,NaN,NaN,NaN,NaN,NaN,NaN,NaN
5.577879917E1,NaN,NaN,NaN,NaN,NaN,NaN,NaN,NaN
5.578876217E1,NaN,NaN,NaN,NaN,NaN,NaN,NaN,NaN
5.579872517E1,NaN,NaN,NaN,NaN,NaN,NaN,NaN,NaN
5.580868817E1,NaN,NaN,NaN,NaN,NaN,NaN,NaN,NaN
5.581865117E1,NaN,NaN,NaN,NaN,NaN,NaN,NaN,NaN
5.582861417E1,NaN,NaN,NaN,NaN,NaN,NaN,NaN,NaN
5.583857717E1,NaN,NaN,NaN,NaN,NaN,NaN,NaN,NaN
5.584854017E1,NaN,NaN,NaN,NaN,NaN,NaN,NaN,NaN
5.585850317E1,NaN,NaN,NaN,NaN,NaN,NaN,NaN,NaN
5.586846617E1,NaN,NaN,NaN,NaN,NaN,NaN,NaN,NaN
5.587842917E1,NaN,NaN,NaN,NaN,NaN,NaN,NaN,NaN
5.588839217E1,NaN,NaN,NaN,NaN,NaN,NaN,NaN,NaN
5.589835517E1,NaN,NaN,NaN,NaN,NaN,NaN,NaN,NaN
5.590831817E1,NaN,NaN,NaN,NaN,NaN,NaN,NaN,NaN
5.591828117E1,NaN,NaN,NaN,NaN,NaN,NaN,NaN,NaN
5.592824417E1,NaN,NaN,NaN,NaN,NaN,NaN,NaN,NaN
5.593820717E1,NaN,NaN,NaN,NaN,NaN,NaN,NaN,NaN
5.594817017E1,NaN,NaN,NaN,NaN,NaN,NaN,NaN,NaN
5.595813317E1,NaN,NaN,NaN,NaN,NaN,NaN,NaN,NaN
5.596809642E1,NaN,NaN,NaN,NaN,NaN,NaN,NaN,NaN
5.597805942E1,NaN,NaN,NaN,NaN,NaN,NaN,NaN,NaN
5.598802242E1,NaN,NaN,NaN,NaN,NaN,NaN,NaN,NaN
5.599798542E1,NaN,NaN,NaN,NaN,NaN,NaN,NaN,NaN
5.600794742E1,NaN,NaN,NaN,NaN,NaN,NaN,NaN,NaN
5.601791042E1,NaN,NaN,NaN,NaN,NaN,NaN,NaN,NaN
5.602787342E1,NaN,NaN,NaN,NaN,NaN,NaN,NaN,NaN
5.603783642E1,NaN,NaN,NaN,NaN,NaN,NaN,NaN,NaN
5.604779942E1,NaN,NaN,NaN,NaN,NaN,NaN,NaN,NaN
5.605776242E1,NaN,NaN,NaN,NaN,NaN,NaN,NaN,NaN
5.606772542E1,NaN,NaN,NaN,NaN,NaN,NaN,NaN,NaN
5.607768842E1,NaN,NaN,NaN,NaN,NaN,NaN,NaN,NaN
5.608765142E1,NaN,NaN,NaN,NaN,NaN,NaN,NaN,NaN
5.609761442E1,NaN,NaN,NaN,NaN,NaN,NaN,NaN,NaN
5.610757742E1,NaN,NaN,NaN,NaN,NaN,NaN,NaN,NaN
5.611754042E1,NaN,NaN,NaN,NaN,NaN,NaN,NaN,NaN
5.612750342E1,NaN,NaN,NaN,NaN,NaN,NaN,NaN,NaN
5.613746642E1,NaN,NaN,NaN,NaN,NaN,NaN,NaN,NaN
5.614742942E1,NaN,NaN,NaN,NaN,NaN,NaN,NaN,NaN
5.615739242E1,NaN,NaN,NaN,NaN,NaN,NaN,NaN,NaN
5.616735542E1,NaN,NaN,NaN,NaN,NaN,NaN,NaN,NaN
5.617731842E1,NaN,NaN,NaN,NaN,NaN,NaN,NaN,NaN
5.618728142E1,NaN,NaN,NaN,NaN,NaN,NaN,NaN,NaN
5.619724442E1,NaN,NaN,NaN,NaN,NaN,NaN,NaN,NaN
5.620720742E1,NaN,NaN,NaN,NaN,NaN,NaN,NaN,NaN
5.621717042E1,NaN,NaN,NaN,NaN,NaN,NaN,NaN,NaN
5.622713342E1,NaN,NaN,NaN,NaN,NaN,NaN,NaN,NaN
5.623709642E1,NaN,NaN,NaN,NaN,NaN,NaN,NaN,NaN
5.624705942E1,NaN,NaN,NaN,NaN,NaN,NaN,NaN,NaN
5.625702242E1,NaN,NaN,NaN,NaN,NaN,NaN,NaN,NaN
5.626698542E1,NaN,NaN,NaN,NaN,NaN,NaN,NaN,NaN
5.627694842E1,NaN,NaN,NaN,NaN,NaN,NaN,NaN,NaN
5.628691042E1,NaN,NaN,NaN,NaN,NaN,NaN,NaN,NaN
5.629687342E1,NaN,NaN,NaN,NaN,NaN,NaN,NaN,NaN
5.630683642E1,NaN,NaN,NaN,NaN,NaN,NaN,NaN,NaN
5.631679942E1,NaN,NaN,NaN,NaN,NaN,NaN,NaN,NaN
5.632676242E1,NaN,NaN,NaN,NaN,NaN,NaN,NaN,NaN
5.633672542E1,NaN,NaN,NaN,NaN,NaN,NaN,NaN,NaN
5.634668842E1,NaN,NaN,NaN,NaN,NaN,NaN,NaN,NaN
5.635665142E1,NaN,NaN,NaN,NaN,NaN,NaN,NaN,NaN
5.636661442E1,NaN,NaN,NaN,NaN,NaN,NaN,NaN,NaN
5.637657742E1,NaN,NaN,NaN,NaN,NaN,NaN,NaN,NaN
5.638654042E1,NaN,NaN,NaN,NaN,NaN,NaN,NaN,NaN
5.639650342E1,NaN,NaN,NaN,NaN,NaN,NaN,NaN,NaN
5.640646642E1,NaN,NaN,NaN,NaN,NaN,NaN,NaN,NaN
5.641642942E1,NaN,NaN,NaN,NaN,NaN,NaN,NaN,NaN
5.642639242E1,NaN,NaN,NaN,NaN,NaN,NaN,NaN,NaN
5.643635542E1,NaN,NaN,NaN,NaN,NaN,NaN,NaN,NaN
5.644631842E1,NaN,NaN,NaN,NaN,NaN,NaN,NaN,NaN
5.645628142E1,NaN,NaN,NaN,NaN,NaN,NaN,NaN,NaN
5.646624442E1,NaN,NaN,NaN,NaN,NaN,NaN,NaN,NaN
5.647620742E1,NaN,NaN,NaN,NaN,NaN,NaN,NaN,NaN
5.648617042E1,NaN,NaN,NaN,NaN,NaN,NaN,NaN,NaN
5.649613342E1,NaN,NaN,NaN,NaN,NaN,NaN,NaN,NaN
5.650609642E1,NaN,NaN,NaN,NaN,NaN,NaN,NaN,NaN
5.651605942E1,NaN,NaN,NaN,NaN,NaN,NaN,NaN,NaN
5.652602142E1,NaN,NaN,NaN,NaN,NaN,NaN,NaN,NaN
5.653598442E1,NaN,NaN,NaN,NaN,NaN,NaN,NaN,NaN
5.654594742E1,NaN,NaN,NaN,NaN,NaN,NaN,NaN,NaN
5.655591042E1,NaN,NaN,NaN,NaN,NaN,NaN,NaN,NaN
5.656587342E1,NaN,NaN,NaN,NaN,NaN,NaN,NaN,NaN
5.657583642E1,NaN,NaN,NaN,NaN,NaN,NaN,NaN,NaN
5.658579942E1,NaN,NaN,NaN,NaN,NaN,NaN,NaN,NaN
5.659576242E1,NaN,NaN,NaN,NaN,NaN,NaN,NaN,NaN
5.660572542E1,NaN,NaN,NaN,NaN,NaN,NaN,NaN,NaN
5.661568842E1,NaN,NaN,NaN,NaN,NaN,NaN,NaN,NaN
5.662565142E1,NaN,NaN,NaN,NaN,NaN,NaN,NaN,NaN
5.663561442E1,NaN,NaN,NaN,NaN,NaN,NaN,NaN,NaN
5.664557742E1,NaN,NaN,NaN,NaN,NaN,NaN,NaN,NaN
5.665554042E1,NaN,NaN,NaN,NaN,NaN,NaN,NaN,NaN
5.666550342E1,NaN,NaN,NaN,NaN,NaN,NaN,NaN,NaN
5.667546642E1,NaN,NaN,NaN,NaN,NaN,NaN,NaN,NaN
5.668542942E1,NaN,NaN,NaN,NaN,NaN,NaN,NaN,NaN
5.669539242E1,NaN,NaN,NaN,NaN,NaN,NaN,NaN,NaN
5.670535542E1,NaN,NaN,NaN,NaN,NaN,NaN,NaN,NaN
5.671531842E1,NaN,NaN,NaN,NaN,NaN,NaN,NaN,NaN
5.672528142E1,NaN,NaN,NaN,NaN,NaN,NaN,NaN,NaN
5.673524442E1,NaN,NaN,NaN,NaN,NaN,NaN,NaN,NaN
5.674520642E1,NaN,NaN,NaN,NaN,NaN,NaN,NaN,NaN
5.675516942E1,NaN,NaN,NaN,NaN,NaN,NaN,NaN,NaN
5.676513242E1,NaN,NaN,NaN,NaN,NaN,NaN,NaN,NaN
5.677509542E1,NaN,NaN,NaN,NaN,NaN,NaN,NaN,NaN
5.678505842E1,NaN,NaN,NaN,NaN,NaN,NaN,NaN,NaN
5.679502142E1,NaN,NaN,NaN,NaN,NaN,NaN,NaN,NaN
5.680498442E1,NaN,NaN,NaN,NaN,NaN,NaN,NaN,NaN
5.681494742E1,NaN,NaN,NaN,NaN,NaN,NaN,NaN,NaN
5.682491042E1,NaN,NaN,NaN,NaN,NaN,NaN,NaN,NaN
5.683487342E1,NaN,NaN,NaN,NaN,NaN,NaN,NaN,NaN
5.684483642E1,NaN,NaN,NaN,NaN,NaN,NaN,NaN,NaN
5.685479942E1,NaN,NaN,NaN,NaN,NaN,NaN,NaN,NaN
5.686476242E1,NaN,NaN,NaN,NaN,NaN,NaN,NaN,NaN
5.687472542E1,NaN,NaN,NaN,NaN,NaN,NaN,NaN,NaN
5.688468842E1,NaN,NaN,NaN,NaN,NaN,NaN,NaN,NaN
5.689465142E1,NaN,NaN,NaN,NaN,NaN,NaN,NaN,NaN
5.690461442E1,NaN,NaN,NaN,NaN,NaN,NaN,NaN,NaN
5.691457742E1,NaN,NaN,NaN,NaN,NaN,NaN,NaN,NaN
5.692454042E1,NaN,NaN,NaN,NaN,NaN,NaN,NaN,NaN
5.693450342E1,NaN,NaN,NaN,NaN,NaN,NaN,NaN,NaN
5.694446542E1,NaN,NaN,NaN,NaN,NaN,NaN,NaN,NaN
5.695442842E1,NaN,NaN,NaN,NaN,NaN,NaN,NaN,NaN
5.696439117E1,NaN,NaN,NaN,NaN,NaN,NaN,NaN,NaN
5.697435417E1,NaN,NaN,NaN,NaN,NaN,NaN,NaN,NaN
5.698431717E1,NaN,NaN,NaN,NaN,NaN,NaN,NaN,NaN
5.699428017E1,NaN,NaN,NaN,NaN,NaN,NaN,NaN,NaN
5.700424317E1,NaN,NaN,NaN,NaN,NaN,NaN,NaN,NaN
5.701420617E1,NaN,NaN,NaN,NaN,NaN,NaN,NaN,NaN
5.702416917E1,NaN,NaN,NaN,NaN,NaN,NaN,NaN,NaN
5.703413217E1,NaN,NaN,NaN,NaN,NaN,NaN,NaN,NaN
5.704409517E1,NaN,NaN,NaN,NaN,NaN,NaN,NaN,NaN
5.705405817E1,NaN,NaN,NaN,NaN,NaN,NaN,NaN,NaN
5.706402117E1,NaN,NaN,NaN,NaN,NaN,NaN,NaN,NaN
5.707398417E1,NaN,NaN,NaN,NaN,NaN,NaN,NaN,NaN
5.708394717E1,NaN,NaN,NaN,NaN,NaN,NaN,NaN,NaN
5.709391017E1,NaN,NaN,NaN,NaN,NaN,NaN,NaN,NaN
5.710387317E1,NaN,NaN,NaN,NaN,NaN,NaN,NaN,NaN
5.711383617E1,NaN,NaN,NaN,NaN,NaN,NaN,NaN,NaN
5.712379817E1,NaN,NaN,NaN,NaN,NaN,NaN,NaN,NaN
5.713376117E1,NaN,NaN,NaN,NaN,NaN,NaN,NaN,NaN
5.714372417E1,NaN,NaN,NaN,NaN,NaN,NaN,NaN,NaN
5.715368717E1,NaN,NaN,NaN,NaN,NaN,NaN,NaN,NaN
5.716365017E1,NaN,NaN,NaN,NaN,NaN,NaN,NaN,NaN
5.717361317E1,NaN,NaN,NaN,NaN,NaN,NaN,NaN,NaN
5.718357617E1,NaN,NaN,NaN,NaN,NaN,NaN,NaN,NaN
5.719353917E1,NaN,NaN,NaN,NaN,NaN,NaN,NaN,NaN
5.720350217E1,NaN,NaN,NaN,NaN,NaN,NaN,NaN,NaN
5.721346517E1,NaN,NaN,NaN,NaN,NaN,NaN,NaN,NaN
5.722342817E1,NaN,NaN,NaN,NaN,NaN,NaN,NaN,NaN
5.723339117E1,NaN,NaN,NaN,NaN,NaN,NaN,NaN,NaN
5.724335417E1,NaN,NaN,NaN,NaN,NaN,NaN,NaN,NaN
5.725331717E1,NaN,NaN,NaN,NaN,NaN,NaN,NaN,NaN
5.726328017E1,NaN,NaN,NaN,NaN,NaN,NaN,NaN,NaN
5.727324317E1,NaN,NaN,NaN,NaN,NaN,NaN,NaN,NaN
5.728320617E1,NaN,NaN,NaN,NaN,NaN,NaN,NaN,NaN
5.729316817E1,NaN,NaN,NaN,NaN,NaN,NaN,NaN,NaN
5.730313117E1,NaN,NaN,NaN,NaN,NaN,NaN,NaN,NaN
5.731309417E1,NaN,NaN,NaN,NaN,NaN,NaN,NaN,NaN
5.732305717E1,NaN,NaN,NaN,NaN,NaN,NaN,NaN,NaN
5.733302017E1,NaN,NaN,NaN,NaN,NaN,NaN,NaN,NaN
5.734298317E1,NaN,NaN,NaN,NaN,NaN,NaN,NaN,NaN
5.735294617E1,NaN,NaN,NaN,NaN,NaN,NaN,NaN,NaN
5.736290917E1,NaN,NaN,NaN,NaN,NaN,NaN,NaN,NaN
5.737287217E1,NaN,NaN,NaN,NaN,NaN,NaN,NaN,NaN
5.738283517E1,NaN,NaN,NaN,NaN,NaN,NaN,NaN,NaN
5.739279817E1,NaN,NaN,NaN,NaN,NaN,NaN,NaN,NaN
5.740276117E1,NaN,NaN,NaN,NaN,NaN,NaN,NaN,NaN
5.741272417E1,NaN,NaN,NaN,NaN,NaN,NaN,NaN,NaN
5.742268717E1,NaN,NaN,NaN,NaN,NaN,NaN,NaN,NaN
5.743265017E1,NaN,NaN,NaN,NaN,NaN,NaN,NaN,NaN
5.744261217E1,NaN,NaN,NaN,NaN,NaN,NaN,NaN,NaN
5.745257517E1,NaN,NaN,NaN,NaN,NaN,NaN,NaN,NaN
5.746253817E1,NaN,NaN,NaN,NaN,NaN,NaN,NaN,NaN
5.747250117E1,NaN,NaN,NaN,NaN,NaN,NaN,NaN,NaN
5.748246417E1,NaN,NaN,NaN,NaN,NaN,NaN,NaN,NaN
5.749242717E1,NaN,NaN,NaN,NaN,NaN,NaN,NaN,NaN
5.750239017E1,NaN,NaN,NaN,NaN,NaN,NaN,NaN,NaN
5.751235317E1,NaN,NaN,NaN,NaN,NaN,NaN,NaN,NaN
5.752231617E1,NaN,NaN,NaN,NaN,NaN,NaN,NaN,NaN
5.753227917E1,NaN,NaN,NaN,NaN,NaN,NaN,NaN,NaN
5.754224217E1,NaN,NaN,NaN,NaN,NaN,NaN,NaN,NaN
5.755220517E1,NaN,NaN,NaN,NaN,NaN,NaN,NaN,NaN
5.756216817E1,NaN,NaN,NaN,NaN,NaN,NaN,NaN,NaN
5.757213117E1,NaN,NaN,NaN,NaN,NaN,NaN,NaN,NaN
5.758209417E1,NaN,NaN,NaN,NaN,NaN,NaN,NaN,NaN
5.759205717E1,NaN,NaN,NaN,NaN,NaN,NaN,NaN,NaN
5.760201917E1,NaN,NaN,NaN,NaN,NaN,NaN,NaN,NaN
5.761198217E1,NaN,NaN,NaN,NaN,NaN,NaN,NaN,NaN
5.762194517E1,NaN,NaN,NaN,NaN,NaN,NaN,NaN,NaN
5.763190817E1,NaN,NaN,NaN,NaN,NaN,NaN,NaN,NaN
5.764187117E1,NaN,NaN,NaN,NaN,NaN,NaN,NaN,NaN
5.765183417E1,NaN,NaN,NaN,NaN,NaN,NaN,NaN,NaN
5.766179717E1,NaN,NaN,NaN,NaN,NaN,NaN,NaN,NaN
5.767176017E1,NaN,NaN,NaN,NaN,NaN,NaN,NaN,NaN
5.768172317E1,NaN,NaN,NaN,NaN,NaN,NaN,NaN,NaN
5.769168617E1,NaN,NaN,NaN,NaN,NaN,NaN,NaN,NaN
5.770164917E1,NaN,NaN,NaN,NaN,NaN,NaN,NaN,NaN
5.771161217E1,NaN,NaN,NaN,NaN,NaN,NaN,NaN,NaN
5.772157517E1,NaN,NaN,NaN,NaN,NaN,NaN,NaN,NaN
5.773153817E1,NaN,NaN,NaN,NaN,NaN,NaN,NaN,NaN
5.774150117E1,NaN,NaN,NaN,NaN,NaN,NaN,NaN,NaN
5.775146317E1,NaN,NaN,NaN,NaN,NaN,NaN,NaN,NaN
5.776142617E1,NaN,NaN,NaN,NaN,NaN,NaN,NaN,NaN
5.777138917E1,NaN,NaN,NaN,NaN,NaN,NaN,NaN,NaN
5.778135217E1,NaN,NaN,NaN,NaN,NaN,NaN,NaN,NaN
5.779131517E1,NaN,NaN,NaN,NaN,NaN,NaN,NaN,NaN
5.780127817E1,NaN,NaN,NaN,NaN,NaN,NaN,NaN,NaN
5.781124117E1,NaN,NaN,NaN,NaN,NaN,NaN,NaN,NaN
5.782120417E1,NaN,NaN,NaN,NaN,NaN,NaN,NaN,NaN
5.783116717E1,NaN,NaN,NaN,NaN,NaN,NaN,NaN,NaN
5.784113017E1,NaN,NaN,NaN,NaN,NaN,NaN,NaN,NaN
5.785109317E1,NaN,NaN,NaN,NaN,NaN,NaN,NaN,NaN
5.786105617E1,NaN,NaN,NaN,NaN,NaN,NaN,NaN,NaN
5.787101917E1,NaN,NaN,NaN,NaN,NaN,NaN,NaN,NaN
5.788098217E1,NaN,NaN,NaN,NaN,NaN,NaN,NaN,NaN
5.789094417E1,NaN,NaN,NaN,NaN,NaN,NaN,NaN,NaN
5.790090717E1,NaN,NaN,NaN,NaN,NaN,NaN,NaN,NaN
5.791087017E1,NaN,NaN,NaN,NaN,NaN,NaN,NaN,NaN
5.792083317E1,NaN,NaN,NaN,NaN,NaN,NaN,NaN,NaN
5.793079617E1,NaN,NaN,NaN,NaN,NaN,NaN,NaN,NaN
5.794075917E1,NaN,NaN,NaN,NaN,NaN,NaN,NaN,NaN
5.795072217E1,NaN,NaN,NaN,NaN,NaN,NaN,NaN,NaN
5.796068517E1,NaN,NaN,NaN,NaN,NaN,NaN,NaN,NaN
5.797064854E1,NaN,NaN,NaN,NaN,NaN,NaN,NaN,NaN
5.798061154E1,NaN,NaN,NaN,NaN,NaN,NaN,NaN,NaN
5.799057454E1,NaN,NaN,NaN,NaN,NaN,NaN,NaN,NaN
5.800053754E1,NaN,NaN,NaN,NaN,NaN,NaN,NaN,NaN
5.801050054E1,NaN,NaN,NaN,NaN,NaN,NaN,NaN,NaN
5.802046254E1,NaN,NaN,NaN,NaN,NaN,NaN,NaN,NaN
5.803042554E1,NaN,NaN,NaN,NaN,NaN,NaN,NaN,NaN
5.804038854E1,NaN,NaN,NaN,NaN,NaN,NaN,NaN,NaN
5.805035154E1,NaN,NaN,NaN,NaN,NaN,NaN,NaN,NaN
5.806031454E1,NaN,NaN,NaN,NaN,NaN,NaN,NaN,NaN
5.807027754E1,NaN,NaN,NaN,NaN,NaN,NaN,NaN,NaN
5.808024054E1,NaN,NaN,NaN,NaN,NaN,NaN,NaN,NaN
5.809020354E1,NaN,NaN,NaN,NaN,NaN,NaN,NaN,NaN
5.810016654E1,NaN,NaN,NaN,NaN,NaN,NaN,NaN,NaN
5.811012954E1,NaN,NaN,NaN,NaN,NaN,NaN,NaN,NaN
5.812009254E1,NaN,NaN,NaN,NaN,NaN,NaN,NaN,NaN
5.813005554E1,NaN,NaN,NaN,NaN,NaN,NaN,NaN,NaN
5.814001854E1,NaN,NaN,NaN,NaN,NaN,NaN,NaN,NaN
5.814998054E1,NaN,NaN,NaN,NaN,NaN,NaN,NaN,NaN
5.815994354E1,NaN,NaN,NaN,NaN,NaN,NaN,NaN,NaN
5.816990654E1,NaN,NaN,NaN,NaN,NaN,NaN,NaN,NaN
5.817986954E1,NaN,NaN,NaN,NaN,NaN,NaN,NaN,NaN
5.818983254E1,NaN,NaN,NaN,NaN,NaN,NaN,NaN,NaN
5.819979554E1,NaN,NaN,NaN,NaN,NaN,NaN,NaN,NaN
5.820975854E1,NaN,NaN,NaN,NaN,NaN,NaN,NaN,NaN
5.821972154E1,NaN,NaN,NaN,NaN,NaN,NaN,NaN,NaN
5.822968454E1,NaN,NaN,NaN,NaN,NaN,NaN,NaN,NaN
5.823964754E1,NaN,NaN,NaN,NaN,NaN,NaN,NaN,NaN
5.824961054E1,NaN,NaN,NaN,NaN,NaN,NaN,NaN,NaN
5.825957354E1,NaN,NaN,NaN,NaN,NaN,NaN,NaN,NaN
5.826953654E1,NaN,NaN,NaN,NaN,NaN,NaN,NaN,NaN
5.827949854E1,NaN,NaN,NaN,NaN,NaN,NaN,NaN,NaN
5.828946154E1,NaN,NaN,NaN,NaN,NaN,NaN,NaN,NaN
5.829942454E1,NaN,NaN,NaN,NaN,NaN,NaN,NaN,NaN
5.830938754E1,NaN,NaN,NaN,NaN,NaN,NaN,NaN,NaN
5.831935054E1,NaN,NaN,NaN,NaN,NaN,NaN,NaN,NaN
5.832931354E1,NaN,NaN,NaN,NaN,NaN,NaN,NaN,NaN
5.833927654E1,NaN,NaN,NaN,NaN,NaN,NaN,NaN,NaN
5.834923954E1,NaN,NaN,NaN,NaN,NaN,NaN,NaN,NaN
5.835920254E1,NaN,NaN,NaN,NaN,NaN,NaN,NaN,NaN
5.836916554E1,NaN,NaN,NaN,NaN,NaN,NaN,NaN,NaN
5.837912854E1,NaN,NaN,NaN,NaN,NaN,NaN,NaN,NaN
5.838909154E1,NaN,NaN,NaN,NaN,NaN,NaN,NaN,NaN
5.839905354E1,NaN,NaN,NaN,NaN,NaN,NaN,NaN,NaN
5.840901654E1,NaN,NaN,NaN,NaN,NaN,NaN,NaN,NaN
5.841897954E1,NaN,NaN,NaN,NaN,NaN,NaN,NaN,NaN
5.842894254E1,NaN,NaN,NaN,NaN,NaN,NaN,NaN,NaN
5.843890554E1,NaN,NaN,NaN,NaN,NaN,NaN,NaN,NaN
5.844886854E1,NaN,NaN,NaN,NaN,NaN,NaN,NaN,NaN
5.845883154E1,NaN,NaN,NaN,NaN,NaN,NaN,NaN,NaN
5.846879454E1,NaN,NaN,NaN,NaN,NaN,NaN,NaN,NaN
5.847875754E1,NaN,NaN,NaN,NaN,NaN,NaN,NaN,NaN
5.848872054E1,NaN,NaN,NaN,NaN,NaN,NaN,NaN,NaN
5.849868354E1,NaN,NaN,NaN,NaN,NaN,NaN,NaN,NaN
5.850864654E1,NaN,NaN,NaN,NaN,NaN,NaN,NaN,NaN
5.851860854E1,NaN,NaN,NaN,NaN,NaN,NaN,NaN,NaN
5.852857154E1,NaN,NaN,NaN,NaN,NaN,NaN,NaN,NaN
5.853853454E1,NaN,NaN,NaN,NaN,NaN,NaN,NaN,NaN
5.854849754E1,NaN,NaN,NaN,NaN,NaN,NaN,NaN,NaN
5.855846054E1,NaN,NaN,NaN,NaN,NaN,NaN,NaN,NaN
5.856842354E1,NaN,NaN,NaN,NaN,NaN,NaN,NaN,NaN
5.857838654E1,NaN,NaN,NaN,NaN,NaN,NaN,NaN,NaN
5.858834954E1,NaN,NaN,NaN,NaN,NaN,NaN,NaN,NaN
5.859831254E1,NaN,NaN,NaN,NaN,NaN,NaN,NaN,NaN
5.860827554E1,NaN,NaN,NaN,NaN,NaN,NaN,NaN,NaN
5.861823854E1,NaN,NaN,NaN,NaN,NaN,NaN,NaN,NaN
5.862820054E1,NaN,NaN,NaN,NaN,NaN,NaN,NaN,NaN
5.863816354E1,NaN,NaN,NaN,NaN,NaN,NaN,NaN,NaN
5.864812654E1,NaN,NaN,NaN,NaN,NaN,NaN,NaN,NaN
5.865808954E1,NaN,NaN,NaN,NaN,NaN,NaN,NaN,NaN
5.866805254E1,NaN,NaN,NaN,NaN,NaN,NaN,NaN,NaN
5.867801554E1,NaN,NaN,NaN,NaN,NaN,NaN,NaN,NaN
5.868797854E1,NaN,NaN,NaN,NaN,NaN,NaN,NaN,NaN
5.869794154E1,NaN,NaN,NaN,NaN,NaN,NaN,NaN,NaN
5.870790454E1,NaN,NaN,NaN,NaN,NaN,NaN,NaN,NaN
5.871786754E1,NaN,NaN,NaN,NaN,NaN,NaN,NaN,NaN
5.872783054E1,NaN,NaN,NaN,NaN,NaN,NaN,NaN,NaN
5.873779254E1,NaN,NaN,NaN,NaN,NaN,NaN,NaN,NaN
5.874775554E1,NaN,NaN,NaN,NaN,NaN,NaN,NaN,NaN
5.875771854E1,NaN,NaN,NaN,NaN,NaN,NaN,NaN,NaN
5.876768154E1,NaN,NaN,NaN,NaN,NaN,NaN,NaN,NaN
5.877764454E1,NaN,NaN,NaN,NaN,NaN,NaN,NaN,NaN
5.878760754E1,NaN,NaN,NaN,NaN,NaN,NaN,NaN,NaN
5.879757054E1,NaN,NaN,NaN,NaN,NaN,NaN,NaN,NaN
5.880753354E1,NaN,NaN,NaN,NaN,NaN,NaN,NaN,NaN
5.881749654E1,NaN,NaN,NaN,NaN,NaN,NaN,NaN,NaN
5.882745954E1,NaN,NaN,NaN,NaN,NaN,NaN,NaN,NaN
5.883742254E1,NaN,NaN,NaN,NaN,NaN,NaN,NaN,NaN
5.884738554E1,NaN,NaN,NaN,NaN,NaN,NaN,NaN,NaN
5.885734754E1,NaN,NaN,NaN,NaN,NaN,NaN,NaN,NaN
5.886731054E1,NaN,NaN,NaN,NaN,NaN,NaN,NaN,NaN
5.887727354E1,NaN,NaN,NaN,NaN,NaN,NaN,NaN,NaN
5.888723654E1,NaN,NaN,NaN,NaN,NaN,NaN,NaN,NaN
5.889719954E1,NaN,NaN,NaN,NaN,NaN,NaN,NaN,NaN
5.890716254E1,NaN,NaN,NaN,NaN,NaN,NaN,NaN,NaN
5.891712554E1,NaN,NaN,NaN,NaN,NaN,NaN,NaN,NaN
5.892708854E1,NaN,NaN,NaN,NaN,NaN,NaN,NaN,NaN
5.893705154E1,NaN,NaN,NaN,NaN,NaN,NaN,NaN,NaN
5.894701454E1,NaN,NaN,NaN,NaN,NaN,NaN,NaN,NaN
5.895697654E1,NaN,NaN,NaN,NaN,NaN,NaN,NaN,NaN
5.896693954E1,NaN,NaN,NaN,NaN,NaN,NaN,NaN,NaN
5.897690254E1,NaN,NaN,NaN,NaN,NaN,NaN,NaN,NaN
5.898686554E1,NaN,NaN,NaN,NaN,NaN,NaN,NaN,NaN
5.899682854E1,NaN,NaN,NaN,NaN,NaN,NaN,NaN,NaN
5.900679154E1,NaN,NaN,NaN,NaN,NaN,NaN,NaN,NaN
5.901675454E1,NaN,NaN,NaN,NaN,NaN,NaN,NaN,NaN
5.902671754E1,NaN,NaN,NaN,NaN,NaN,NaN,NaN,NaN
5.903668054E1,NaN,NaN,NaN,NaN,NaN,NaN,NaN,NaN
5.904664354E1,NaN,NaN,NaN,NaN,NaN,NaN,NaN,NaN
5.905660654E1,NaN,NaN,NaN,NaN,NaN,NaN,NaN,NaN
5.906656854E1,NaN,NaN,NaN,NaN,NaN,NaN,NaN,NaN
5.907653154E1,NaN,NaN,NaN,NaN,NaN,NaN,NaN,NaN
5.908649454E1,NaN,NaN,NaN,NaN,NaN,NaN,NaN,NaN
5.909645754E1,NaN,NaN,NaN,NaN,NaN,NaN,NaN,NaN
5.910642054E1,NaN,NaN,NaN,NaN,NaN,NaN,NaN,NaN
5.911638354E1,NaN,NaN,NaN,NaN,NaN,NaN,NaN,NaN
5.912634654E1,NaN,NaN,NaN,NaN,NaN,NaN,NaN,NaN
5.913630954E1,NaN,NaN,NaN,NaN,NaN,NaN,NaN,NaN
5.914627254E1,NaN,NaN,NaN,NaN,NaN,NaN,NaN,NaN
5.915623554E1,NaN,NaN,NaN,NaN,NaN,NaN,NaN,NaN
5.916619754E1,NaN,NaN,NaN,NaN,NaN,NaN,NaN,NaN
5.917616054E1,NaN,NaN,NaN,NaN,NaN,NaN,NaN,NaN
5.918612354E1,NaN,NaN,NaN,NaN,NaN,NaN,NaN,NaN
5.919608654E1,NaN,NaN,NaN,NaN,NaN,NaN,NaN,NaN
5.920604954E1,NaN,NaN,NaN,NaN,NaN,NaN,NaN,NaN
5.921601254E1,NaN,NaN,NaN,NaN,NaN,NaN,NaN,NaN
5.922597554E1,NaN,NaN,NaN,NaN,NaN,NaN,NaN,NaN
5.923593854E1,NaN,NaN,NaN,NaN,NaN,NaN,NaN,NaN
5.924590154E1,NaN,NaN,NaN,NaN,NaN,NaN,NaN,NaN
5.925586454E1,NaN,NaN,NaN,NaN,NaN,NaN,NaN,NaN
5.926582654E1,NaN,NaN,NaN,NaN,NaN,NaN,NaN,NaN
5.927578954E1,NaN,NaN,NaN,NaN,NaN,NaN,NaN,NaN
5.928575254E1,NaN,NaN,NaN,NaN,NaN,NaN,NaN,NaN
5.929571554E1,NaN,NaN,NaN,NaN,NaN,NaN,NaN,NaN
5.930567854E1,NaN,NaN,NaN,NaN,NaN,NaN,NaN,NaN
5.931564154E1,NaN,NaN,NaN,NaN,NaN,NaN,NaN,NaN
5.932560454E1,NaN,NaN,NaN,NaN,NaN,NaN,NaN,NaN
5.933556754E1,NaN,NaN,NaN,NaN,NaN,NaN,NaN,NaN
5.934553054E1,NaN,NaN,NaN,NaN,NaN,NaN,NaN,NaN
5.935549354E1,NaN,NaN,NaN,NaN,NaN,NaN,NaN,NaN
5.936545554E1,NaN,NaN,NaN,NaN,NaN,NaN,NaN,NaN
5.937541854E1,NaN,NaN,NaN,NaN,NaN,NaN,NaN,NaN
5.938538154E1,NaN,NaN,NaN,NaN,NaN,NaN,NaN,NaN
5.939534454E1,NaN,NaN,NaN,NaN,NaN,NaN,NaN,NaN
5.940530754E1,NaN,NaN,NaN,NaN,NaN,NaN,NaN,NaN
5.941527054E1,NaN,NaN,NaN,NaN,NaN,NaN,NaN,NaN
5.942523354E1,NaN,NaN,NaN,NaN,NaN,NaN,NaN,NaN
5.943519654E1,NaN,NaN,NaN,NaN,NaN,NaN,NaN,NaN
5.944515954E1,NaN,NaN,NaN,NaN,NaN,NaN,NaN,NaN
5.945512154E1,NaN,NaN,NaN,NaN,NaN,NaN,NaN,NaN
5.946508454E1,NaN,NaN,NaN,NaN,NaN,NaN,NaN,NaN
5.947504754E1,NaN,NaN,NaN,NaN,NaN,NaN,NaN,NaN
5.948501054E1,NaN,NaN,NaN,NaN,NaN,NaN,NaN,NaN
5.949497354E1,NaN,NaN,NaN,NaN,NaN,NaN,NaN,NaN
5.950493654E1,NaN,NaN,NaN,NaN,NaN,NaN,NaN,NaN
5.951489954E1,NaN,NaN,NaN,NaN,NaN,NaN,NaN,NaN
5.952486254E1,NaN,NaN,NaN,NaN,NaN,NaN,NaN,NaN
5.953482554E1,NaN,NaN,NaN,NaN,NaN,NaN,NaN,NaN
5.954478754E1,NaN,NaN,NaN,NaN,NaN,NaN,NaN,NaN
5.955475054E1,NaN,NaN,NaN,NaN,NaN,NaN,NaN,NaN
5.956471354E1,NaN,NaN,NaN,NaN,NaN,NaN,NaN,NaN
5.957467654E1,NaN,NaN,NaN,NaN,NaN,NaN,NaN,NaN
5.958463954E1,NaN,NaN,NaN,NaN,NaN,NaN,NaN,NaN
5.959460254E1,NaN,NaN,NaN,NaN,NaN,NaN,NaN,NaN
5.960456554E1,NaN,NaN,NaN,NaN,NaN,NaN,NaN,NaN
5.961452854E1,NaN,NaN,NaN,NaN,NaN,NaN,NaN,NaN
5.962449154E1,NaN,NaN,NaN,NaN,NaN,NaN,NaN,NaN
5.963445454E1,NaN,NaN,NaN,NaN,NaN,NaN,NaN,NaN
5.964441654E1,NaN,NaN,NaN,NaN,NaN,NaN,NaN,NaN
5.965437954E1,NaN,NaN,NaN,NaN,NaN,NaN,NaN,NaN
5.966434254E1,NaN,NaN,NaN,NaN,NaN,NaN,NaN,NaN
5.967430554E1,NaN,NaN,NaN,NaN,NaN,NaN,NaN,NaN
5.968426854E1,NaN,NaN,NaN,NaN,NaN,NaN,NaN,NaN
5.969423154E1,NaN,NaN,NaN,NaN,NaN,NaN,NaN,NaN
5.970419454E1,NaN,NaN,NaN,NaN,NaN,NaN,NaN,NaN
5.971415754E1,NaN,NaN,NaN,NaN,NaN,NaN,NaN,NaN
5.972412054E1,NaN,NaN,NaN,NaN,NaN,NaN,NaN,NaN
5.973408254E1,NaN,NaN,NaN,NaN,NaN,NaN,NaN,NaN
5.974404554E1,NaN,NaN,NaN,NaN,NaN,NaN,NaN,NaN
5.975400854E1,NaN,NaN,NaN,NaN,NaN,NaN,NaN,NaN
5.976397154E1,NaN,NaN,NaN,NaN,NaN,NaN,NaN,NaN
5.977393454E1,NaN,NaN,NaN,NaN,NaN,NaN,NaN,NaN
5.978389754E1,NaN,NaN,NaN,NaN,NaN,NaN,NaN,NaN
5.979386054E1,NaN,NaN,NaN,NaN,NaN,NaN,NaN,NaN
5.980382354E1,NaN,NaN,NaN,NaN,NaN,NaN,NaN,NaN
5.981378654E1,NaN,NaN,NaN,NaN,NaN,NaN,NaN,NaN
5.982374854E1,NaN,NaN,NaN,NaN,NaN,NaN,NaN,NaN
5.983371154E1,NaN,NaN,NaN,NaN,NaN,NaN,NaN,NaN
5.984367454E1,NaN,NaN,NaN,NaN,NaN,NaN,NaN,NaN
5.985363754E1,NaN,NaN,NaN,NaN,NaN,NaN,NaN,NaN
5.986360054E1,NaN,NaN,NaN,NaN,NaN,NaN,NaN,NaN
5.987356354E1,NaN,NaN,NaN,NaN,NaN,NaN,NaN,NaN
5.988352654E1,NaN,NaN,NaN,NaN,NaN,NaN,NaN,NaN
5.989348954E1,NaN,NaN,NaN,NaN,NaN,NaN,NaN,NaN
5.990345254E1,NaN,NaN,NaN,NaN,NaN,NaN,NaN,NaN
5.991341454E1,NaN,NaN,NaN,NaN,NaN,NaN,NaN,NaN
5.992337754E1,NaN,NaN,NaN,NaN,NaN,NaN,NaN,NaN
5.993334054E1,NaN,NaN,NaN,NaN,NaN,NaN,NaN,NaN
5.994330354E1,NaN,NaN,NaN,NaN,NaN,NaN,NaN,NaN
5.995326654E1,NaN,NaN,NaN,NaN,NaN,NaN,NaN,NaN
5.996322954E1,NaN,NaN,NaN,NaN,NaN,NaN,NaN,NaN
5.997319208E1,NaN,NaN,NaN,NaN,NaN,NaN,NaN,NaN
5.998315508E1,NaN,NaN,NaN,NaN,NaN,NaN,NaN,NaN
5.999311808E1,NaN,NaN,NaN,NaN,NaN,NaN,NaN,NaN
6.000308008E1,NaN,NaN,NaN,NaN,NaN,NaN,NaN,NaN
6.001304308E1,NaN,NaN,NaN,NaN,NaN,NaN,NaN,NaN
6.002300608E1,NaN,NaN,NaN,NaN,NaN,NaN,NaN,NaN
6.003296908E1,NaN,NaN,NaN,NaN,NaN,NaN,NaN,NaN
6.004293208E1,NaN,NaN,NaN,NaN,NaN,NaN,NaN,NaN
6.005289508E1,NaN,NaN,NaN,NaN,NaN,NaN,NaN,NaN
6.006285808E1,NaN,NaN,NaN,NaN,NaN,NaN,NaN,NaN
6.007282108E1,NaN,NaN,NaN,NaN,NaN,NaN,NaN,NaN
6.008278408E1,NaN,NaN,NaN,NaN,NaN,NaN,NaN,NaN
6.009274608E1,NaN,NaN,NaN,NaN,NaN,NaN,NaN,NaN
6.010270908E1,NaN,NaN,NaN,NaN,NaN,NaN,NaN,NaN
6.011267208E1,NaN,NaN,NaN,NaN,NaN,NaN,NaN,NaN
6.012263508E1,NaN,NaN,NaN,NaN,NaN,NaN,NaN,NaN
6.013259808E1,NaN,NaN,NaN,NaN,NaN,NaN,NaN,NaN
6.014256108E1,NaN,NaN,NaN,NaN,NaN,NaN,NaN,NaN
6.015252408E1,NaN,NaN,NaN,NaN,NaN,NaN,NaN,NaN
6.016248708E1,NaN,NaN,NaN,NaN,NaN,NaN,NaN,NaN
6.017244908E1,NaN,NaN,NaN,NaN,NaN,NaN,NaN,NaN
6.018241208E1,NaN,NaN,NaN,NaN,NaN,NaN,NaN,NaN
6.019237508E1,NaN,NaN,NaN,NaN,NaN,NaN,NaN,NaN
6.020233808E1,NaN,NaN,NaN,NaN,NaN,NaN,NaN,NaN
6.021230108E1,NaN,NaN,NaN,NaN,NaN,NaN,NaN,NaN
6.022226408E1,NaN,NaN,NaN,NaN,NaN,NaN,NaN,NaN
6.023222708E1,NaN,NaN,NaN,NaN,NaN,NaN,NaN,NaN
6.024219008E1,NaN,NaN,NaN,NaN,NaN,NaN,NaN,NaN
6.025215208E1,NaN,NaN,NaN,NaN,NaN,NaN,NaN,NaN
6.026211508E1,NaN,NaN,NaN,NaN,NaN,NaN,NaN,NaN
6.027207808E1,NaN,NaN,NaN,NaN,NaN,NaN,NaN,NaN
6.028204108E1,NaN,NaN,NaN,NaN,NaN,NaN,NaN,NaN
6.029200408E1,NaN,NaN,NaN,NaN,NaN,NaN,NaN,NaN
6.030196708E1,NaN,NaN,NaN,NaN,NaN,NaN,NaN,NaN
6.031193008E1,NaN,NaN,NaN,NaN,NaN,NaN,NaN,NaN
6.032189308E1,NaN,NaN,NaN,NaN,NaN,NaN,NaN,NaN
6.033185608E1,NaN,NaN,NaN,NaN,NaN,NaN,NaN,NaN
6.034181808E1,NaN,NaN,NaN,NaN,NaN,NaN,NaN,NaN
6.035178108E1,NaN,NaN,NaN,NaN,NaN,NaN,NaN,NaN
6.036174408E1,NaN,NaN,NaN,NaN,NaN,NaN,NaN,NaN
6.037170708E1,NaN,NaN,NaN,NaN,NaN,NaN,NaN,NaN
6.038167008E1,NaN,NaN,NaN,NaN,NaN,NaN,NaN,NaN
6.039163308E1,NaN,NaN,NaN,NaN,NaN,NaN,NaN,NaN
6.040159608E1,NaN,NaN,NaN,NaN,NaN,NaN,NaN,NaN
6.041155908E1,NaN,NaN,NaN,NaN,NaN,NaN,NaN,NaN
6.042152108E1,NaN,NaN,NaN,NaN,NaN,NaN,NaN,NaN
6.043148408E1,NaN,NaN,NaN,NaN,NaN,NaN,NaN,NaN
6.044144708E1,NaN,NaN,NaN,NaN,NaN,NaN,NaN,NaN
6.045141008E1,NaN,NaN,NaN,NaN,NaN,NaN,NaN,NaN
6.046137308E1,NaN,NaN,NaN,NaN,NaN,NaN,NaN,NaN
6.047133608E1,NaN,NaN,NaN,NaN,NaN,NaN,NaN,NaN
6.048129908E1,NaN,NaN,NaN,NaN,NaN,NaN,NaN,NaN
6.049126208E1,NaN,NaN,NaN,NaN,NaN,NaN,NaN,NaN
6.050122408E1,NaN,NaN,NaN,NaN,NaN,NaN,NaN,NaN
6.051118708E1,NaN,NaN,NaN,NaN,NaN,NaN,NaN,NaN
6.052115008E1,NaN,NaN,NaN,NaN,NaN,NaN,NaN,NaN
6.053111308E1,NaN,NaN,NaN,NaN,NaN,NaN,NaN,NaN
6.054107608E1,NaN,NaN,NaN,NaN,NaN,NaN,NaN,NaN
6.055103908E1,NaN,NaN,NaN,NaN,NaN,NaN,NaN,NaN
6.056100208E1,NaN,NaN,NaN,NaN,NaN,NaN,NaN,NaN
6.057096508E1,NaN,NaN,NaN,NaN,NaN,NaN,NaN,NaN
6.058092708E1,NaN,NaN,NaN,NaN,NaN,NaN,NaN,NaN
6.059089008E1,NaN,NaN,NaN,NaN,NaN,NaN,NaN,NaN
6.060085308E1,NaN,NaN,NaN,NaN,NaN,NaN,NaN,NaN
6.061081608E1,NaN,NaN,NaN,NaN,NaN,NaN,NaN,NaN
6.062077908E1,NaN,NaN,NaN,NaN,NaN,NaN,NaN,NaN
6.063074208E1,NaN,NaN,NaN,NaN,NaN,NaN,NaN,NaN
6.064070508E1,NaN,NaN,NaN,NaN,NaN,NaN,NaN,NaN
6.065066808E1,NaN,NaN,NaN,NaN,NaN,NaN,NaN,NaN
6.066063008E1,NaN,NaN,NaN,NaN,NaN,NaN,NaN,NaN
6.067059308E1,NaN,NaN,NaN,NaN,NaN,NaN,NaN,NaN
6.068055608E1,NaN,NaN,NaN,NaN,NaN,NaN,NaN,NaN
6.069051908E1,NaN,NaN,NaN,NaN,NaN,NaN,NaN,NaN
6.070048208E1,NaN,NaN,NaN,NaN,NaN,NaN,NaN,NaN
6.071044508E1,NaN,NaN,NaN,NaN,NaN,NaN,NaN,NaN
6.072040808E1,NaN,NaN,NaN,NaN,NaN,NaN,NaN,NaN
6.073037108E1,NaN,NaN,NaN,NaN,NaN,NaN,NaN,NaN
6.074033308E1,NaN,NaN,NaN,NaN,NaN,NaN,NaN,NaN
6.075029608E1,NaN,NaN,NaN,NaN,NaN,NaN,NaN,NaN
6.076025908E1,NaN,NaN,NaN,NaN,NaN,NaN,NaN,NaN
6.077022208E1,NaN,NaN,NaN,NaN,NaN,NaN,NaN,NaN
6.078018508E1,NaN,NaN,NaN,NaN,NaN,NaN,NaN,NaN
6.079014808E1,NaN,NaN,NaN,NaN,NaN,NaN,NaN,NaN
6.080011108E1,NaN,NaN,NaN,NaN,NaN,NaN,NaN,NaN
6.081007308E1,NaN,NaN,NaN,NaN,NaN,NaN,NaN,NaN
6.082003608E1,NaN,NaN,NaN,NaN,NaN,NaN,NaN,NaN
6.082999908E1,NaN,NaN,NaN,NaN,NaN,NaN,NaN,NaN
6.083996208E1,NaN,NaN,NaN,NaN,NaN,NaN,NaN,NaN
6.084992508E1,NaN,NaN,NaN,NaN,NaN,NaN,NaN,NaN
6.085988808E1,NaN,NaN,NaN,NaN,NaN,NaN,NaN,NaN
6.086985108E1,NaN,NaN,NaN,NaN,NaN,NaN,NaN,NaN
6.087981408E1,NaN,NaN,NaN,NaN,NaN,NaN,NaN,NaN
6.088977608E1,NaN,NaN,NaN,NaN,NaN,NaN,NaN,NaN
6.089973908E1,NaN,NaN,NaN,NaN,NaN,NaN,NaN,NaN
6.090970208E1,NaN,NaN,NaN,NaN,NaN,NaN,NaN,NaN
6.091966508E1,NaN,NaN,NaN,NaN,NaN,NaN,NaN,NaN
6.092962808E1,NaN,NaN,NaN,NaN,NaN,NaN,NaN,NaN
6.093959108E1,NaN,NaN,NaN,NaN,NaN,NaN,NaN,NaN
6.094955408E1,NaN,NaN,NaN,NaN,NaN,NaN,NaN,NaN
6.095951708E1,NaN,NaN,NaN,NaN,NaN,NaN,NaN,NaN
6.096947967E1,NaN,NaN,NaN,NaN,NaN,NaN,NaN,NaN
6.097944267E1,NaN,NaN,NaN,NaN,NaN,NaN,NaN,NaN
6.098940567E1,NaN,NaN,NaN,NaN,NaN,NaN,NaN,NaN
6.099936867E1,NaN,NaN,NaN,NaN,NaN,NaN,NaN,NaN
6.100933167E1,NaN,NaN,NaN,NaN,NaN,NaN,NaN,NaN
6.101929467E1,NaN,NaN,NaN,NaN,NaN,NaN,NaN,NaN
6.102925767E1,NaN,NaN,NaN,NaN,NaN,NaN,NaN,NaN
6.103921967E1,NaN,NaN,NaN,NaN,NaN,NaN,NaN,NaN
6.104918267E1,NaN,NaN,NaN,NaN,NaN,NaN,NaN,NaN
6.105914567E1,NaN,NaN,NaN,NaN,NaN,NaN,NaN,NaN
6.106910867E1,NaN,NaN,NaN,NaN,NaN,NaN,NaN,NaN
6.107907167E1,NaN,NaN,NaN,NaN,NaN,NaN,NaN,NaN
6.108903467E1,NaN,NaN,NaN,NaN,NaN,NaN,NaN,NaN
6.109899767E1,NaN,NaN,NaN,NaN,NaN,NaN,NaN,NaN
6.110896067E1,NaN,NaN,NaN,NaN,NaN,NaN,NaN,NaN
6.111892267E1,NaN,NaN,NaN,NaN,NaN,NaN,NaN,NaN
6.112888567E1,NaN,NaN,NaN,NaN,NaN,NaN,NaN,NaN
6.113884867E1,NaN,NaN,NaN,NaN,NaN,NaN,NaN,NaN
6.114881167E1,NaN,NaN,NaN,NaN,NaN,NaN,NaN,NaN
6.115877467E1,NaN,NaN,NaN,NaN,NaN,NaN,NaN,NaN
6.116873767E1,NaN,NaN,NaN,NaN,NaN,NaN,NaN,NaN
6.117870067E1,NaN,NaN,NaN,NaN,NaN,NaN,NaN,NaN
6.118866267E1,NaN,NaN,NaN,NaN,NaN,NaN,NaN,NaN
6.119862567E1,NaN,NaN,NaN,NaN,NaN,NaN,NaN,NaN
6.120858867E1,NaN,NaN,NaN,NaN,NaN,NaN,NaN,NaN
6.121855167E1,NaN,NaN,NaN,NaN,NaN,NaN,NaN,NaN
6.122851467E1,NaN,NaN,NaN,NaN,NaN,NaN,NaN,NaN
6.123847767E1,NaN,NaN,NaN,NaN,NaN,NaN,NaN,NaN
6.124844067E1,NaN,NaN,NaN,NaN,NaN,NaN,NaN,NaN
6.125840267E1,NaN,NaN,NaN,NaN,NaN,NaN,NaN,NaN
6.126836567E1,NaN,NaN,NaN,NaN,NaN,NaN,NaN,NaN
6.127832867E1,NaN,NaN,NaN,NaN,NaN,NaN,NaN,NaN
6.128829167E1,NaN,NaN,NaN,NaN,NaN,NaN,NaN,NaN
6.129825467E1,NaN,NaN,NaN,NaN,NaN,NaN,NaN,NaN
6.130821767E1,NaN,NaN,NaN,NaN,NaN,NaN,NaN,NaN
6.131818067E1,NaN,NaN,NaN,NaN,NaN,NaN,NaN,NaN
6.132814267E1,NaN,NaN,NaN,NaN,NaN,NaN,NaN,NaN
6.133810567E1,NaN,NaN,NaN,NaN,NaN,NaN,NaN,NaN
6.134806867E1,NaN,NaN,NaN,NaN,NaN,NaN,NaN,NaN
6.135803167E1,NaN,NaN,NaN,NaN,NaN,NaN,NaN,NaN
6.136799467E1,NaN,NaN,NaN,NaN,NaN,NaN,NaN,NaN
6.137795767E1,NaN,NaN,NaN,NaN,NaN,NaN,NaN,NaN
6.138792067E1,NaN,NaN,NaN,NaN,NaN,NaN,NaN,NaN
6.139788267E1,NaN,NaN,NaN,NaN,NaN,NaN,NaN,NaN
6.140784567E1,NaN,NaN,NaN,NaN,NaN,NaN,NaN,NaN
6.141780867E1,NaN,NaN,NaN,NaN,NaN,NaN,NaN,NaN
6.142777167E1,NaN,NaN,NaN,NaN,NaN,NaN,NaN,NaN
6.143773467E1,NaN,NaN,NaN,NaN,NaN,NaN,NaN,NaN
6.144769767E1,NaN,NaN,NaN,NaN,NaN,NaN,NaN,NaN
6.145766067E1,NaN,NaN,NaN,NaN,NaN,NaN,NaN,NaN
6.146762267E1,NaN,NaN,NaN,NaN,NaN,NaN,NaN,NaN
6.147758567E1,NaN,NaN,NaN,NaN,NaN,NaN,NaN,NaN
6.148754867E1,NaN,NaN,NaN,NaN,NaN,NaN,NaN,NaN
6.149751167E1,NaN,NaN,NaN,NaN,NaN,NaN,NaN,NaN
6.150747467E1,NaN,NaN,NaN,NaN,NaN,NaN,NaN,NaN
6.151743767E1,NaN,NaN,NaN,NaN,NaN,NaN,NaN,NaN
6.152740067E1,NaN,NaN,NaN,NaN,NaN,NaN,NaN,NaN
6.153736367E1,NaN,NaN,NaN,NaN,NaN,NaN,NaN,NaN
6.154732567E1,NaN,NaN,NaN,NaN,NaN,NaN,NaN,NaN
6.155728867E1,NaN,NaN,NaN,NaN,NaN,NaN,NaN,NaN
6.156725167E1,NaN,NaN,NaN,NaN,NaN,NaN,NaN,NaN
6.157721467E1,NaN,NaN,NaN,NaN,NaN,NaN,NaN,NaN
6.158717767E1,NaN,NaN,NaN,NaN,NaN,NaN,NaN,NaN
6.159714067E1,NaN,NaN,NaN,NaN,NaN,NaN,NaN,NaN
6.160710267E1,NaN,NaN,NaN,NaN,NaN,NaN,NaN,NaN
6.161706567E1,NaN,NaN,NaN,NaN,NaN,NaN,NaN,NaN
6.162702867E1,NaN,NaN,NaN,NaN,NaN,NaN,NaN,NaN
6.163699167E1,NaN,NaN,NaN,NaN,NaN,NaN,NaN,NaN
6.164695467E1,NaN,NaN,NaN,NaN,NaN,NaN,NaN,NaN
6.165691767E1,NaN,NaN,NaN,NaN,NaN,NaN,NaN,NaN
6.166688067E1,NaN,NaN,NaN,NaN,NaN,NaN,NaN,NaN
6.167684267E1,NaN,NaN,NaN,NaN,NaN,NaN,NaN,NaN
6.168680567E1,NaN,NaN,NaN,NaN,NaN,NaN,NaN,NaN
6.169676867E1,NaN,NaN,NaN,NaN,NaN,NaN,NaN,NaN
6.170673167E1,NaN,NaN,NaN,NaN,NaN,NaN,NaN,NaN
6.171669467E1,NaN,NaN,NaN,NaN,NaN,NaN,NaN,NaN
6.172665767E1,NaN,NaN,NaN,NaN,NaN,NaN,NaN,NaN
6.173662067E1,NaN,NaN,NaN,NaN,NaN,NaN,NaN,NaN
6.174658267E1,NaN,NaN,NaN,NaN,NaN,NaN,NaN,NaN
6.175654567E1,NaN,NaN,NaN,NaN,NaN,NaN,NaN,NaN
6.176650867E1,NaN,NaN,NaN,NaN,NaN,NaN,NaN,NaN
6.177647167E1,NaN,NaN,NaN,NaN,NaN,NaN,NaN,NaN
6.178643467E1,NaN,NaN,NaN,NaN,NaN,NaN,NaN,NaN
6.179639767E1,NaN,NaN,NaN,NaN,NaN,NaN,NaN,NaN
6.180636067E1,NaN,NaN,NaN,NaN,NaN,NaN,NaN,NaN
6.181632267E1,NaN,NaN,NaN,NaN,NaN,NaN,NaN,NaN
6.182628567E1,NaN,NaN,NaN,NaN,NaN,NaN,NaN,NaN
6.183624867E1,NaN,NaN,NaN,NaN,NaN,NaN,NaN,NaN
6.184621167E1,NaN,NaN,NaN,NaN,NaN,NaN,NaN,NaN
6.185617467E1,NaN,NaN,NaN,NaN,NaN,NaN,NaN,NaN
6.186613767E1,NaN,NaN,NaN,NaN,NaN,NaN,NaN,NaN
6.187610067E1,NaN,NaN,NaN,NaN,NaN,NaN,NaN,NaN
6.188606267E1,NaN,NaN,NaN,NaN,NaN,NaN,NaN,NaN
6.189602567E1,NaN,NaN,NaN,NaN,NaN,NaN,NaN,NaN
6.190598867E1,NaN,NaN,NaN,NaN,NaN,NaN,NaN,NaN
6.191595167E1,NaN,NaN,NaN,NaN,NaN,NaN,NaN,NaN
6.192591467E1,NaN,NaN,NaN,NaN,NaN,NaN,NaN,NaN
6.193587767E1,NaN,NaN,NaN,NaN,NaN,NaN,NaN,NaN
6.194583967E1,NaN,NaN,NaN,NaN,NaN,NaN,NaN,NaN
6.195580267E1,NaN,NaN,NaN,NaN,NaN,NaN,NaN,NaN
6.196576567E1,NaN,NaN,NaN,NaN,NaN,NaN,NaN,NaN
6.197572908E1,NaN,NaN,NaN,NaN,NaN,NaN,NaN,NaN
6.198569208E1,NaN,NaN,NaN,NaN,NaN,NaN,NaN,NaN
6.199565508E1,NaN,NaN,NaN,NaN,NaN,NaN,NaN,NaN
6.200561808E1,NaN,NaN,NaN,NaN,NaN,NaN,NaN,NaN
6.201558008E1,NaN,NaN,NaN,NaN,NaN,NaN,NaN,NaN
6.202554308E1,NaN,NaN,NaN,NaN,NaN,NaN,NaN,NaN
6.203550608E1,NaN,NaN,NaN,NaN,NaN,NaN,NaN,NaN
6.204546908E1,NaN,NaN,NaN,NaN,NaN,NaN,NaN,NaN
6.205543208E1,NaN,NaN,NaN,NaN,NaN,NaN,NaN,NaN
6.206539508E1,NaN,NaN,NaN,NaN,NaN,NaN,NaN,NaN
6.207535708E1,NaN,NaN,NaN,NaN,NaN,NaN,NaN,NaN
6.208532008E1,NaN,NaN,NaN,NaN,NaN,NaN,NaN,NaN
6.209528308E1,NaN,NaN,NaN,NaN,NaN,NaN,NaN,NaN
6.210524608E1,NaN,NaN,NaN,NaN,NaN,NaN,NaN,NaN
6.211520908E1,NaN,NaN,NaN,NaN,NaN,NaN,NaN,NaN
6.212517208E1,NaN,NaN,NaN,NaN,NaN,NaN,NaN,NaN
6.213513508E1,NaN,NaN,NaN,NaN,NaN,NaN,NaN,NaN
6.214509708E1,NaN,NaN,NaN,NaN,NaN,NaN,NaN,NaN
6.215506008E1,NaN,NaN,NaN,NaN,NaN,NaN,NaN,NaN
6.216502308E1,NaN,NaN,NaN,NaN,NaN,NaN,NaN,NaN
6.217498608E1,NaN,NaN,NaN,NaN,NaN,NaN,NaN,NaN
6.218494908E1,NaN,NaN,NaN,NaN,NaN,NaN,NaN,NaN
6.219491208E1,NaN,NaN,NaN,NaN,NaN,NaN,NaN,NaN
6.220487408E1,NaN,NaN,NaN,NaN,NaN,NaN,NaN,NaN
6.221483708E1,NaN,NaN,NaN,NaN,NaN,NaN,NaN,NaN
6.222480008E1,NaN,NaN,NaN,NaN,NaN,NaN,NaN,NaN
6.223476308E1,NaN,NaN,NaN,NaN,NaN,NaN,NaN,NaN
6.224472608E1,NaN,NaN,NaN,NaN,NaN,NaN,NaN,NaN
6.225468908E1,NaN,NaN,NaN,NaN,NaN,NaN,NaN,NaN
6.226465208E1,NaN,NaN,NaN,NaN,NaN,NaN,NaN,NaN
6.227461408E1,NaN,NaN,NaN,NaN,NaN,NaN,NaN,NaN
6.228457708E1,NaN,NaN,NaN,NaN,NaN,NaN,NaN,NaN
6.229454008E1,NaN,NaN,NaN,NaN,NaN,NaN,NaN,NaN
6.230450308E1,NaN,NaN,NaN,NaN,NaN,NaN,NaN,NaN
6.231446608E1,NaN,NaN,NaN,NaN,NaN,NaN,NaN,NaN
6.232442908E1,NaN,NaN,NaN,NaN,NaN,NaN,NaN,NaN
6.233439108E1,NaN,NaN,NaN,NaN,NaN,NaN,NaN,NaN
6.234435408E1,NaN,NaN,NaN,NaN,NaN,NaN,NaN,NaN
6.235431708E1,NaN,NaN,NaN,NaN,NaN,NaN,NaN,NaN
6.236428008E1,NaN,NaN,NaN,NaN,NaN,NaN,NaN,NaN
6.237424308E1,NaN,NaN,NaN,NaN,NaN,NaN,NaN,NaN
6.238420608E1,NaN,NaN,NaN,NaN,NaN,NaN,NaN,NaN
6.239416908E1,NaN,NaN,NaN,NaN,NaN,NaN,NaN,NaN
6.240413108E1,NaN,NaN,NaN,NaN,NaN,NaN,NaN,NaN
6.241409408E1,NaN,NaN,NaN,NaN,NaN,NaN,NaN,NaN
6.242405708E1,NaN,NaN,NaN,NaN,NaN,NaN,NaN,NaN
6.243402008E1,NaN,NaN,NaN,NaN,NaN,NaN,NaN,NaN
6.244398308E1,NaN,NaN,NaN,NaN,NaN,NaN,NaN,NaN
6.245394608E1,NaN,NaN,NaN,NaN,NaN,NaN,NaN,NaN
6.246390808E1,NaN,NaN,NaN,NaN,NaN,NaN,NaN,NaN
6.247387108E1,NaN,NaN,NaN,NaN,NaN,NaN,NaN,NaN
6.248383408E1,NaN,NaN,NaN,NaN,NaN,NaN,NaN,NaN
6.249379708E1,NaN,NaN,NaN,NaN,NaN,NaN,NaN,NaN
6.250376008E1,NaN,NaN,NaN,NaN,NaN,NaN,NaN,NaN
6.251372308E1,NaN,NaN,NaN,NaN,NaN,NaN,NaN,NaN
6.252368508E1,NaN,NaN,NaN,NaN,NaN,NaN,NaN,NaN
6.253364808E1,NaN,NaN,NaN,NaN,NaN,NaN,NaN,NaN
6.254361108E1,NaN,NaN,NaN,NaN,NaN,NaN,NaN,NaN
6.255357408E1,NaN,NaN,NaN,NaN,NaN,NaN,NaN,NaN
6.256353708E1,NaN,NaN,NaN,NaN,NaN,NaN,NaN,NaN
6.257350008E1,NaN,NaN,NaN,NaN,NaN,NaN,NaN,NaN
6.258346208E1,NaN,NaN,NaN,NaN,NaN,NaN,NaN,NaN
6.259342508E1,NaN,NaN,NaN,NaN,NaN,NaN,NaN,NaN
6.260338808E1,NaN,NaN,NaN,NaN,NaN,NaN,NaN,NaN
6.261335108E1,NaN,NaN,NaN,NaN,NaN,NaN,NaN,NaN
6.262331408E1,NaN,NaN,NaN,NaN,NaN,NaN,NaN,NaN
6.263327708E1,NaN,NaN,NaN,NaN,NaN,NaN,NaN,NaN
6.264324008E1,NaN,NaN,NaN,NaN,NaN,NaN,NaN,NaN
6.265320208E1,NaN,NaN,NaN,NaN,NaN,NaN,NaN,NaN
6.266316508E1,NaN,NaN,NaN,NaN,NaN,NaN,NaN,NaN
6.267312808E1,NaN,NaN,NaN,NaN,NaN,NaN,NaN,NaN
6.268309108E1,NaN,NaN,NaN,NaN,NaN,NaN,NaN,NaN
6.269305408E1,NaN,NaN,NaN,NaN,NaN,NaN,NaN,NaN
6.270301708E1,NaN,NaN,NaN,NaN,NaN,NaN,NaN,NaN
6.271297908E1,NaN,NaN,NaN,NaN,NaN,NaN,NaN,NaN
6.272294208E1,NaN,NaN,NaN,NaN,NaN,NaN,NaN,NaN
6.273290508E1,NaN,NaN,NaN,NaN,NaN,NaN,NaN,NaN
6.274286808E1,NaN,NaN,NaN,NaN,NaN,NaN,NaN,NaN
6.275283108E1,NaN,NaN,NaN,NaN,NaN,NaN,NaN,NaN
6.276279408E1,NaN,NaN,NaN,NaN,NaN,NaN,NaN,NaN
6.277275608E1,NaN,NaN,NaN,NaN,NaN,NaN,NaN,NaN
6.278271908E1,NaN,NaN,NaN,NaN,NaN,NaN,NaN,NaN
6.279268208E1,NaN,NaN,NaN,NaN,NaN,NaN,NaN,NaN
6.280264508E1,NaN,NaN,NaN,NaN,NaN,NaN,NaN,NaN
6.281260808E1,NaN,NaN,NaN,NaN,NaN,NaN,NaN,NaN
6.282257108E1,NaN,NaN,NaN,NaN,NaN,NaN,NaN,NaN
6.283253308E1,NaN,NaN,NaN,NaN,NaN,NaN,NaN,NaN
6.284249608E1,NaN,NaN,NaN,NaN,NaN,NaN,NaN,NaN
6.285245908E1,NaN,NaN,NaN,NaN,NaN,NaN,NaN,NaN
6.286242208E1,NaN,NaN,NaN,NaN,NaN,NaN,NaN,NaN
6.287238508E1,NaN,NaN,NaN,NaN,NaN,NaN,NaN,NaN
6.288234808E1,NaN,NaN,NaN,NaN,NaN,NaN,NaN,NaN
6.289231008E1,NaN,NaN,NaN,NaN,NaN,NaN,NaN,NaN
6.290227308E1,NaN,NaN,NaN,NaN,NaN,NaN,NaN,NaN
6.291223608E1,NaN,NaN,NaN,NaN,NaN,NaN,NaN,NaN
6.292219908E1,NaN,NaN,NaN,NaN,NaN,NaN,NaN,NaN
6.293216208E1,NaN,NaN,NaN,NaN,NaN,NaN,NaN,NaN
6.294212508E1,NaN,NaN,NaN,NaN,NaN,NaN,NaN,NaN
6.295208708E1,NaN,NaN,NaN,NaN,NaN,NaN,NaN,NaN
6.296205008E1,NaN,NaN,NaN,NaN,NaN,NaN,NaN,NaN
6.297201279E1,NaN,NaN,NaN,NaN,NaN,NaN,NaN,NaN
6.298197579E1,NaN,NaN,NaN,NaN,NaN,NaN,NaN,NaN
6.299193879E1,NaN,NaN,NaN,NaN,NaN,NaN,NaN,NaN
6.300190179E1,NaN,NaN,NaN,NaN,NaN,NaN,NaN,NaN
6.301186379E1,NaN,NaN,NaN,NaN,NaN,NaN,NaN,NaN
6.302182679E1,NaN,NaN,NaN,NaN,NaN,NaN,NaN,NaN
6.303178979E1,NaN,NaN,NaN,NaN,NaN,NaN,NaN,NaN
6.304175279E1,NaN,NaN,NaN,NaN,NaN,NaN,NaN,NaN
6.305171579E1,NaN,NaN,NaN,NaN,NaN,NaN,NaN,NaN
6.306167879E1,NaN,NaN,NaN,NaN,NaN,NaN,NaN,NaN
6.307164079E1,NaN,NaN,NaN,NaN,NaN,NaN,NaN,NaN
6.308160379E1,NaN,NaN,NaN,NaN,NaN,NaN,NaN,NaN
6.309156679E1,NaN,NaN,NaN,NaN,NaN,NaN,NaN,NaN
6.310152979E1,NaN,NaN,NaN,NaN,NaN,NaN,NaN,NaN
6.311149279E1,NaN,NaN,NaN,NaN,NaN,NaN,NaN,NaN
6.312145579E1,NaN,NaN,NaN,NaN,NaN,NaN,NaN,NaN
6.313141779E1,NaN,NaN,NaN,NaN,NaN,NaN,NaN,NaN
6.314138079E1,NaN,NaN,NaN,NaN,NaN,NaN,NaN,NaN
6.315134379E1,NaN,NaN,NaN,NaN,NaN,NaN,NaN,NaN
6.316130679E1,NaN,NaN,NaN,NaN,NaN,NaN,NaN,NaN
6.317126979E1,NaN,NaN,NaN,NaN,NaN,NaN,NaN,NaN
6.318123279E1,NaN,NaN,NaN,NaN,NaN,NaN,NaN,NaN
6.319119479E1,NaN,NaN,NaN,NaN,NaN,NaN,NaN,NaN
6.320115779E1,NaN,NaN,NaN,NaN,NaN,NaN,NaN,NaN
6.321112079E1,NaN,NaN,NaN,NaN,NaN,NaN,NaN,NaN
6.322108379E1,NaN,NaN,NaN,NaN,NaN,NaN,NaN,NaN
6.323104679E1,NaN,NaN,NaN,NaN,NaN,NaN,NaN,NaN
6.324100879E1,NaN,NaN,NaN,NaN,NaN,NaN,NaN,NaN
6.325097179E1,NaN,NaN,NaN,NaN,NaN,NaN,NaN,NaN
6.326093479E1,NaN,NaN,NaN,NaN,NaN,NaN,NaN,NaN
6.327089779E1,NaN,NaN,NaN,NaN,NaN,NaN,NaN,NaN
6.328086079E1,NaN,NaN,NaN,NaN,NaN,NaN,NaN,NaN
6.329082379E1,NaN,NaN,NaN,NaN,NaN,NaN,NaN,NaN
6.330078579E1,NaN,NaN,NaN,NaN,NaN,NaN,NaN,NaN
6.331074879E1,NaN,NaN,NaN,NaN,NaN,NaN,NaN,NaN
6.332071179E1,NaN,NaN,NaN,NaN,NaN,NaN,NaN,NaN
6.333067479E1,NaN,NaN,NaN,NaN,NaN,NaN,NaN,NaN
6.334063779E1,NaN,NaN,NaN,NaN,NaN,NaN,NaN,NaN
6.335060079E1,NaN,NaN,NaN,NaN,NaN,NaN,NaN,NaN
6.336056279E1,NaN,NaN,NaN,NaN,NaN,NaN,NaN,NaN
6.337052579E1,NaN,NaN,NaN,NaN,NaN,NaN,NaN,NaN
6.338048879E1,NaN,NaN,NaN,NaN,NaN,NaN,NaN,NaN
6.339045179E1,NaN,NaN,NaN,NaN,NaN,NaN,NaN,NaN
6.340041479E1,NaN,NaN,NaN,NaN,NaN,NaN,NaN,NaN
6.341037779E1,NaN,NaN,NaN,NaN,NaN,NaN,NaN,NaN
6.342033979E1,NaN,NaN,NaN,NaN,NaN,NaN,NaN,NaN
6.343030279E1,NaN,NaN,NaN,NaN,NaN,NaN,NaN,NaN
6.344026579E1,NaN,NaN,NaN,NaN,NaN,NaN,NaN,NaN
6.345022879E1,NaN,NaN,NaN,NaN,NaN,NaN,NaN,NaN
6.346019179E1,NaN,NaN,NaN,NaN,NaN,NaN,NaN,NaN
6.347015479E1,NaN,NaN,NaN,NaN,NaN,NaN,NaN,NaN
6.348011679E1,NaN,NaN,NaN,NaN,NaN,NaN,NaN,NaN
6.349007979E1,NaN,NaN,NaN,NaN,NaN,NaN,NaN,NaN
6.350004279E1,NaN,NaN,NaN,NaN,NaN,NaN,NaN,NaN
6.351000579E1,NaN,NaN,NaN,NaN,NaN,NaN,NaN,NaN
6.351996879E1,NaN,NaN,NaN,NaN,NaN,NaN,NaN,NaN
6.352993079E1,NaN,NaN,NaN,NaN,NaN,NaN,NaN,NaN
6.353989379E1,NaN,NaN,NaN,NaN,NaN,NaN,NaN,NaN
6.354985679E1,NaN,NaN,NaN,NaN,NaN,NaN,NaN,NaN
6.355981979E1,NaN,NaN,NaN,NaN,NaN,NaN,NaN,NaN
6.356978279E1,NaN,NaN,NaN,NaN,NaN,NaN,NaN,NaN
6.357974579E1,NaN,NaN,NaN,NaN,NaN,NaN,NaN,NaN
6.358970779E1,NaN,NaN,NaN,NaN,NaN,NaN,NaN,NaN
6.359967079E1,NaN,NaN,NaN,NaN,NaN,NaN,NaN,NaN
6.360963379E1,NaN,NaN,NaN,NaN,NaN,NaN,NaN,NaN
6.361959679E1,NaN,NaN,NaN,NaN,NaN,NaN,NaN,NaN
6.362955979E1,NaN,NaN,NaN,NaN,NaN,NaN,NaN,NaN
6.363952179E1,NaN,NaN,NaN,NaN,NaN,NaN,NaN,NaN
6.364948479E1,NaN,NaN,NaN,NaN,NaN,NaN,NaN,NaN
6.365944779E1,NaN,NaN,NaN,NaN,NaN,NaN,NaN,NaN
6.366941079E1,NaN,NaN,NaN,NaN,NaN,NaN,NaN,NaN
6.367937379E1,NaN,NaN,NaN,NaN,NaN,NaN,NaN,NaN
6.368933679E1,NaN,NaN,NaN,NaN,NaN,NaN,NaN,NaN
6.369929879E1,NaN,NaN,NaN,NaN,NaN,NaN,NaN,NaN
6.370926179E1,NaN,NaN,NaN,NaN,NaN,NaN,NaN,NaN
6.371922479E1,NaN,NaN,NaN,NaN,NaN,NaN,NaN,NaN
6.372918779E1,NaN,NaN,NaN,NaN,NaN,NaN,NaN,NaN
6.373915079E1,NaN,NaN,NaN,NaN,NaN,NaN,NaN,NaN
6.374911379E1,NaN,NaN,NaN,NaN,NaN,NaN,NaN,NaN
6.375907579E1,NaN,NaN,NaN,NaN,NaN,NaN,NaN,NaN
6.376903879E1,NaN,NaN,NaN,NaN,NaN,NaN,NaN,NaN
6.377900179E1,NaN,NaN,NaN,NaN,NaN,NaN,NaN,NaN
6.378896479E1,NaN,NaN,NaN,NaN,NaN,NaN,NaN,NaN
6.379892779E1,NaN,NaN,NaN,NaN,NaN,NaN,NaN,NaN
6.380888979E1,NaN,NaN,NaN,NaN,NaN,NaN,NaN,NaN
6.381885279E1,NaN,NaN,NaN,NaN,NaN,NaN,NaN,NaN
6.382881579E1,NaN,NaN,NaN,NaN,NaN,NaN,NaN,NaN
6.383877879E1,NaN,NaN,NaN,NaN,NaN,NaN,NaN,NaN
6.384874179E1,NaN,NaN,NaN,NaN,NaN,NaN,NaN,NaN
6.385870479E1,NaN,NaN,NaN,NaN,NaN,NaN,NaN,NaN
6.386866679E1,NaN,NaN,NaN,NaN,NaN,NaN,NaN,NaN
6.387862979E1,NaN,NaN,NaN,NaN,NaN,NaN,NaN,NaN
6.388859279E1,NaN,NaN,NaN,NaN,NaN,NaN,NaN,NaN
6.389855579E1,NaN,NaN,NaN,NaN,NaN,NaN,NaN,NaN
6.390851879E1,NaN,NaN,NaN,NaN,NaN,NaN,NaN,NaN
6.391848079E1,NaN,NaN,NaN,NaN,NaN,NaN,NaN,NaN
6.392844379E1,NaN,NaN,NaN,NaN,NaN,NaN,NaN,NaN
6.393840679E1,NaN,NaN,NaN,NaN,NaN,NaN,NaN,NaN
6.394836979E1,NaN,NaN,NaN,NaN,NaN,NaN,NaN,NaN
6.395833279E1,NaN,NaN,NaN,NaN,NaN,NaN,NaN,NaN
6.396829579E1,NaN,NaN,NaN,NaN,NaN,NaN,NaN,NaN
6.397825717E1,NaN,NaN,NaN,NaN,NaN,NaN,NaN,NaN
6.398822017E1,NaN,NaN,NaN,NaN,NaN,NaN,NaN,NaN
6.399818317E1,NaN,NaN,NaN,NaN,NaN,NaN,NaN,NaN
6.400814617E1,NaN,NaN,NaN,NaN,NaN,NaN,NaN,NaN
6.401810917E1,NaN,NaN,NaN,NaN,NaN,NaN,NaN,NaN
6.402807117E1,NaN,NaN,NaN,NaN,NaN,NaN,NaN,NaN
6.403803417E1,NaN,NaN,NaN,NaN,NaN,NaN,NaN,NaN
6.404799717E1,NaN,NaN,NaN,NaN,NaN,NaN,NaN,NaN
6.405796017E1,NaN,NaN,NaN,NaN,NaN,NaN,NaN,NaN
6.406792317E1,NaN,NaN,NaN,NaN,NaN,NaN,NaN,NaN
6.407788617E1,NaN,NaN,NaN,NaN,NaN,NaN,NaN,NaN
6.408784817E1,NaN,NaN,NaN,NaN,NaN,NaN,NaN,NaN
6.409781117E1,NaN,NaN,NaN,NaN,NaN,NaN,NaN,NaN
6.410777417E1,NaN,NaN,NaN,NaN,NaN,NaN,NaN,NaN
6.411773717E1,NaN,NaN,NaN,NaN,NaN,NaN,NaN,NaN
6.412770017E1,NaN,NaN,NaN,NaN,NaN,NaN,NaN,NaN
6.413766217E1,NaN,NaN,NaN,NaN,NaN,NaN,NaN,NaN
6.414762517E1,NaN,NaN,NaN,NaN,NaN,NaN,NaN,NaN
6.415758817E1,NaN,NaN,NaN,NaN,NaN,NaN,NaN,NaN
6.416755117E1,NaN,NaN,NaN,NaN,NaN,NaN,NaN,NaN
6.417751417E1,NaN,NaN,NaN,NaN,NaN,NaN,NaN,NaN
6.418747617E1,NaN,NaN,NaN,NaN,NaN,NaN,NaN,NaN
6.419743917E1,NaN,NaN,NaN,NaN,NaN,NaN,NaN,NaN
6.420740217E1,NaN,NaN,NaN,NaN,NaN,NaN,NaN,NaN
6.421736517E1,NaN,NaN,NaN,NaN,NaN,NaN,NaN,NaN
6.422732817E1,NaN,NaN,NaN,NaN,NaN,NaN,NaN,NaN
6.423729117E1,NaN,NaN,NaN,NaN,NaN,NaN,NaN,NaN
6.424725317E1,NaN,NaN,NaN,NaN,NaN,NaN,NaN,NaN
6.425721617E1,NaN,NaN,NaN,NaN,NaN,NaN,NaN,NaN
6.426717917E1,NaN,NaN,NaN,NaN,NaN,NaN,NaN,NaN
6.427714217E1,NaN,NaN,NaN,NaN,NaN,NaN,NaN,NaN
6.428710517E1,NaN,NaN,NaN,NaN,NaN,NaN,NaN,NaN
6.429706717E1,NaN,NaN,NaN,NaN,NaN,NaN,NaN,NaN
6.430703017E1,NaN,NaN,NaN,NaN,NaN,NaN,NaN,NaN
6.431699317E1,NaN,NaN,NaN,NaN,NaN,NaN,NaN,NaN
6.432695617E1,NaN,NaN,NaN,NaN,NaN,NaN,NaN,NaN
6.433691917E1,NaN,NaN,NaN,NaN,NaN,NaN,NaN,NaN
6.434688117E1,NaN,NaN,NaN,NaN,NaN,NaN,NaN,NaN
6.435684417E1,NaN,NaN,NaN,NaN,NaN,NaN,NaN,NaN
6.436680717E1,NaN,NaN,NaN,NaN,NaN,NaN,NaN,NaN
6.437677017E1,NaN,NaN,NaN,NaN,NaN,NaN,NaN,NaN
6.438673317E1,NaN,NaN,NaN,NaN,NaN,NaN,NaN,NaN
6.439669617E1,NaN,NaN,NaN,NaN,NaN,NaN,NaN,NaN
6.440665817E1,NaN,NaN,NaN,NaN,NaN,NaN,NaN,NaN
6.441662117E1,NaN,NaN,NaN,NaN,NaN,NaN,NaN,NaN
6.442658417E1,NaN,NaN,NaN,NaN,NaN,NaN,NaN,NaN
6.443654717E1,NaN,NaN,NaN,NaN,NaN,NaN,NaN,NaN
6.444651017E1,NaN,NaN,NaN,NaN,NaN,NaN,NaN,NaN
6.445647217E1,NaN,NaN,NaN,NaN,NaN,NaN,NaN,NaN
6.446643517E1,NaN,NaN,NaN,NaN,NaN,NaN,NaN,NaN
6.447639817E1,NaN,NaN,NaN,NaN,NaN,NaN,NaN,NaN
6.448636117E1,NaN,NaN,NaN,NaN,NaN,NaN,NaN,NaN
6.449632417E1,NaN,NaN,NaN,NaN,NaN,NaN,NaN,NaN
6.450628617E1,NaN,NaN,NaN,NaN,NaN,NaN,NaN,NaN
6.451624917E1,NaN,NaN,NaN,NaN,NaN,NaN,NaN,NaN
6.452621217E1,NaN,NaN,NaN,NaN,NaN,NaN,NaN,NaN
6.453617517E1,NaN,NaN,NaN,NaN,NaN,NaN,NaN,NaN
6.454613817E1,NaN,NaN,NaN,NaN,NaN,NaN,NaN,NaN
6.455610017E1,NaN,NaN,NaN,NaN,NaN,NaN,NaN,NaN
6.456606317E1,NaN,NaN,NaN,NaN,NaN,NaN,NaN,NaN
6.457602617E1,NaN,NaN,NaN,NaN,NaN,NaN,NaN,NaN
6.458598917E1,NaN,NaN,NaN,NaN,NaN,NaN,NaN,NaN
6.459595217E1,NaN,NaN,NaN,NaN,NaN,NaN,NaN,NaN
6.460591417E1,NaN,NaN,NaN,NaN,NaN,NaN,NaN,NaN
6.461587717E1,NaN,NaN,NaN,NaN,NaN,NaN,NaN,NaN
6.462584017E1,NaN,NaN,NaN,NaN,NaN,NaN,NaN,NaN
6.463580317E1,NaN,NaN,NaN,NaN,NaN,NaN,NaN,NaN
6.464576617E1,NaN,NaN,NaN,NaN,NaN,NaN,NaN,NaN
6.465572817E1,NaN,NaN,NaN,NaN,NaN,NaN,NaN,NaN
6.466569117E1,NaN,NaN,NaN,NaN,NaN,NaN,NaN,NaN
6.467565417E1,NaN,NaN,NaN,NaN,NaN,NaN,NaN,NaN
6.468561717E1,NaN,NaN,NaN,NaN,NaN,NaN,NaN,NaN
6.469558017E1,NaN,NaN,NaN,NaN,NaN,NaN,NaN,NaN
6.470554317E1,NaN,NaN,NaN,NaN,NaN,NaN,NaN,NaN
6.471550517E1,NaN,NaN,NaN,NaN,NaN,NaN,NaN,NaN
6.472546817E1,NaN,NaN,NaN,NaN,NaN,NaN,NaN,NaN
6.473543117E1,NaN,NaN,NaN,NaN,NaN,NaN,NaN,NaN
6.474539417E1,NaN,NaN,NaN,NaN,NaN,NaN,NaN,NaN
6.475535717E1,NaN,NaN,NaN,NaN,NaN,NaN,NaN,NaN
6.476531917E1,NaN,NaN,NaN,NaN,NaN,NaN,NaN,NaN
6.477528217E1,NaN,NaN,NaN,NaN,NaN,NaN,NaN,NaN
6.478524517E1,NaN,NaN,NaN,NaN,NaN,NaN,NaN,NaN
6.479520817E1,NaN,NaN,NaN,NaN,NaN,NaN,NaN,NaN
6.480517117E1,NaN,NaN,NaN,NaN,NaN,NaN,NaN,NaN
6.481513317E1,NaN,NaN,NaN,NaN,NaN,NaN,NaN,NaN
6.482509617E1,NaN,NaN,NaN,NaN,NaN,NaN,NaN,NaN
6.483505917E1,NaN,NaN,NaN,NaN,NaN,NaN,NaN,NaN
6.484502217E1,NaN,NaN,NaN,NaN,NaN,NaN,NaN,NaN
6.485498517E1,NaN,NaN,NaN,NaN,NaN,NaN,NaN,NaN
6.486494717E1,NaN,NaN,NaN,NaN,NaN,NaN,NaN,NaN
6.487491017E1,NaN,NaN,NaN,NaN,NaN,NaN,NaN,NaN
6.488487317E1,NaN,NaN,NaN,NaN,NaN,NaN,NaN,NaN
6.489483617E1,NaN,NaN,NaN,NaN,NaN,NaN,NaN,NaN
6.490479917E1,NaN,NaN,NaN,NaN,NaN,NaN,NaN,NaN
6.491476117E1,NaN,NaN,NaN,NaN,NaN,NaN,NaN,NaN
6.492472417E1,NaN,NaN,NaN,NaN,NaN,NaN,NaN,NaN
6.493468717E1,NaN,NaN,NaN,NaN,NaN,NaN,NaN,NaN
6.494465017E1,NaN,NaN,NaN,NaN,NaN,NaN,NaN,NaN
6.495461317E1,NaN,NaN,NaN,NaN,NaN,NaN,NaN,NaN
6.496457517E1,NaN,NaN,NaN,NaN,NaN,NaN,NaN,NaN
6.497453904E1,NaN,NaN,NaN,NaN,NaN,NaN,NaN,NaN
6.498450204E1,NaN,NaN,NaN,NaN,NaN,NaN,NaN,NaN
6.499446504E1,NaN,NaN,NaN,NaN,NaN,NaN,NaN,NaN
6.500442804E1,NaN,NaN,NaN,NaN,NaN,NaN,NaN,NaN
6.501439004E1,NaN,NaN,NaN,NaN,NaN,NaN,NaN,NaN
6.502435304E1,NaN,NaN,NaN,NaN,NaN,NaN,NaN,NaN
6.503431604E1,NaN,NaN,NaN,NaN,NaN,NaN,NaN,NaN
6.504427904E1,NaN,NaN,NaN,NaN,NaN,NaN,NaN,NaN
6.505424204E1,NaN,NaN,NaN,NaN,NaN,NaN,NaN,NaN
6.506420404E1,NaN,NaN,NaN,NaN,NaN,NaN,NaN,NaN
6.507416704E1,NaN,NaN,NaN,NaN,NaN,NaN,NaN,NaN
6.508413004E1,NaN,NaN,NaN,NaN,NaN,NaN,NaN,NaN
6.509409304E1,NaN,NaN,NaN,NaN,NaN,NaN,NaN,NaN
6.510405604E1,NaN,NaN,NaN,NaN,NaN,NaN,NaN,NaN
6.511401804E1,NaN,NaN,NaN,NaN,NaN,NaN,NaN,NaN
6.512398104E1,NaN,NaN,NaN,NaN,NaN,NaN,NaN,NaN
6.513394404E1,NaN,NaN,NaN,NaN,NaN,NaN,NaN,NaN
6.514390704E1,NaN,NaN,NaN,NaN,NaN,NaN,NaN,NaN
6.515387004E1,NaN,NaN,NaN,NaN,NaN,NaN,NaN,NaN
6.516383204E1,NaN,NaN,NaN,NaN,NaN,NaN,NaN,NaN
6.517379504E1,NaN,NaN,NaN,NaN,NaN,NaN,NaN,NaN
6.518375804E1,NaN,NaN,NaN,NaN,NaN,NaN,NaN,NaN
6.519372104E1,NaN,NaN,NaN,NaN,NaN,NaN,NaN,NaN
6.520368404E1,NaN,NaN,NaN,NaN,NaN,NaN,NaN,NaN
6.521364604E1,NaN,NaN,NaN,NaN,NaN,NaN,NaN,NaN
6.522360904E1,NaN,NaN,NaN,NaN,NaN,NaN,NaN,NaN
6.523357204E1,NaN,NaN,NaN,NaN,NaN,NaN,NaN,NaN
6.524353504E1,NaN,NaN,NaN,NaN,NaN,NaN,NaN,NaN
6.525349804E1,NaN,NaN,NaN,NaN,NaN,NaN,NaN,NaN
6.526346004E1,NaN,NaN,NaN,NaN,NaN,NaN,NaN,NaN
6.527342304E1,NaN,NaN,NaN,NaN,NaN,NaN,NaN,NaN
6.528338604E1,NaN,NaN,NaN,NaN,NaN,NaN,NaN,NaN
6.529334904E1,NaN,NaN,NaN,NaN,NaN,NaN,NaN,NaN
6.530331204E1,NaN,NaN,NaN,NaN,NaN,NaN,NaN,NaN
6.531327404E1,NaN,NaN,NaN,NaN,NaN,NaN,NaN,NaN
6.532323704E1,NaN,NaN,NaN,NaN,NaN,NaN,NaN,NaN
6.533320004E1,NaN,NaN,NaN,NaN,NaN,NaN,NaN,NaN
6.534316304E1,NaN,NaN,NaN,NaN,NaN,NaN,NaN,NaN
6.535312604E1,NaN,NaN,NaN,NaN,NaN,NaN,NaN,NaN
6.536308804E1,NaN,NaN,NaN,NaN,NaN,NaN,NaN,NaN
6.537305104E1,NaN,NaN,NaN,NaN,NaN,NaN,NaN,NaN
6.538301404E1,NaN,NaN,NaN,NaN,NaN,NaN,NaN,NaN
6.539297704E1,NaN,NaN,NaN,NaN,NaN,NaN,NaN,NaN
6.540294004E1,NaN,NaN,NaN,NaN,NaN,NaN,NaN,NaN
6.541290204E1,NaN,NaN,NaN,NaN,NaN,NaN,NaN,NaN
6.542286504E1,NaN,NaN,NaN,NaN,NaN,NaN,NaN,NaN
6.543282804E1,NaN,NaN,NaN,NaN,NaN,NaN,NaN,NaN
6.544279104E1,NaN,NaN,NaN,NaN,NaN,NaN,NaN,NaN
6.545275404E1,NaN,NaN,NaN,NaN,NaN,NaN,NaN,NaN
6.546271604E1,NaN,NaN,NaN,NaN,NaN,NaN,NaN,NaN
6.547267904E1,NaN,NaN,NaN,NaN,NaN,NaN,NaN,NaN
6.548264204E1,NaN,NaN,NaN,NaN,NaN,NaN,NaN,NaN
6.549260504E1,NaN,NaN,NaN,NaN,NaN,NaN,NaN,NaN
6.550256704E1,NaN,NaN,NaN,NaN,NaN,NaN,NaN,NaN
6.551253004E1,NaN,NaN,NaN,NaN,NaN,NaN,NaN,NaN
6.552249304E1,NaN,NaN,NaN,NaN,NaN,NaN,NaN,NaN
6.553245604E1,NaN,NaN,NaN,NaN,NaN,NaN,NaN,NaN
6.554241904E1,NaN,NaN,NaN,NaN,NaN,NaN,NaN,NaN
6.555238104E1,NaN,NaN,NaN,NaN,NaN,NaN,NaN,NaN
6.556234404E1,NaN,NaN,NaN,NaN,NaN,NaN,NaN,NaN
6.557230704E1,NaN,NaN,NaN,NaN,NaN,NaN,NaN,NaN
6.558227004E1,NaN,NaN,NaN,NaN,NaN,NaN,NaN,NaN
6.559223304E1,NaN,NaN,NaN,NaN,NaN,NaN,NaN,NaN
6.560219504E1,NaN,NaN,NaN,NaN,NaN,NaN,NaN,NaN
6.561215804E1,NaN,NaN,NaN,NaN,NaN,NaN,NaN,NaN
6.562212104E1,NaN,NaN,NaN,NaN,NaN,NaN,NaN,NaN
6.563208404E1,NaN,NaN,NaN,NaN,NaN,NaN,NaN,NaN
6.564204704E1,NaN,NaN,NaN,NaN,NaN,NaN,NaN,NaN
6.565200904E1,NaN,NaN,NaN,NaN,NaN,NaN,NaN,NaN
6.566197204E1,NaN,NaN,NaN,NaN,NaN,NaN,NaN,NaN
6.567193504E1,NaN,NaN,NaN,NaN,NaN,NaN,NaN,NaN
6.568189804E1,NaN,NaN,NaN,NaN,NaN,NaN,NaN,NaN
6.569186104E1,NaN,NaN,NaN,NaN,NaN,NaN,NaN,NaN
6.570182304E1,NaN,NaN,NaN,NaN,NaN,NaN,NaN,NaN
6.571178604E1,NaN,NaN,NaN,NaN,NaN,NaN,NaN,NaN
6.572174904E1,NaN,NaN,NaN,NaN,NaN,NaN,NaN,NaN
6.573171204E1,NaN,NaN,NaN,NaN,NaN,NaN,NaN,NaN
6.574167504E1,NaN,NaN,NaN,NaN,NaN,NaN,NaN,NaN
6.575163704E1,NaN,NaN,NaN,NaN,NaN,NaN,NaN,NaN
6.576160004E1,NaN,NaN,NaN,NaN,NaN,NaN,NaN,NaN
6.577156304E1,NaN,NaN,NaN,NaN,NaN,NaN,NaN,NaN
6.578152604E1,NaN,NaN,NaN,NaN,NaN,NaN,NaN,NaN
6.579148804E1,NaN,NaN,NaN,NaN,NaN,NaN,NaN,NaN
6.580145104E1,NaN,NaN,NaN,NaN,NaN,NaN,NaN,NaN
6.581141404E1,NaN,NaN,NaN,NaN,NaN,NaN,NaN,NaN
6.582137704E1,NaN,NaN,NaN,NaN,NaN,NaN,NaN,NaN
6.583134004E1,NaN,NaN,NaN,NaN,NaN,NaN,NaN,NaN
6.584130204E1,NaN,NaN,NaN,NaN,NaN,NaN,NaN,NaN
6.585126504E1,NaN,NaN,NaN,NaN,NaN,NaN,NaN,NaN
6.586122804E1,NaN,NaN,NaN,NaN,NaN,NaN,NaN,NaN
6.587119104E1,NaN,NaN,NaN,NaN,NaN,NaN,NaN,NaN
6.588115404E1,NaN,NaN,NaN,NaN,NaN,NaN,NaN,NaN
6.589111604E1,NaN,NaN,NaN,NaN,NaN,NaN,NaN,NaN
6.590107904E1,NaN,NaN,NaN,NaN,NaN,NaN,NaN,NaN
6.591104204E1,NaN,NaN,NaN,NaN,NaN,NaN,NaN,NaN
6.592100504E1,NaN,NaN,NaN,NaN,NaN,NaN,NaN,NaN
6.593096704E1,NaN,NaN,NaN,NaN,NaN,NaN,NaN,NaN
6.594093004E1,NaN,NaN,NaN,NaN,NaN,NaN,NaN,NaN
6.595089304E1,NaN,NaN,NaN,NaN,NaN,NaN,NaN,NaN
6.596085604E1,NaN,NaN,NaN,NaN,NaN,NaN,NaN,NaN
6.597081904E1,NaN,NaN,NaN,NaN,NaN,NaN,NaN,NaN
6.598078021E1,NaN,NaN,NaN,NaN,NaN,NaN,NaN,NaN
6.599074321E1,NaN,NaN,NaN,NaN,NaN,NaN,NaN,NaN
6.600070621E1,NaN,NaN,NaN,NaN,NaN,NaN,NaN,NaN
6.601066921E1,NaN,NaN,NaN,NaN,NaN,NaN,NaN,NaN
6.602063221E1,NaN,NaN,NaN,NaN,NaN,NaN,NaN,NaN
6.603059421E1,NaN,NaN,NaN,NaN,NaN,NaN,NaN,NaN
6.604055721E1,NaN,NaN,NaN,NaN,NaN,NaN,NaN,NaN
6.605052021E1,NaN,NaN,NaN,NaN,NaN,NaN,NaN,NaN
6.606048321E1,NaN,NaN,NaN,NaN,NaN,NaN,NaN,NaN
6.607044621E1,NaN,NaN,NaN,NaN,NaN,NaN,NaN,NaN
6.608040821E1,NaN,NaN,NaN,NaN,NaN,NaN,NaN,NaN
6.609037121E1,NaN,NaN,NaN,NaN,NaN,NaN,NaN,NaN
6.610033421E1,NaN,NaN,NaN,NaN,NaN,NaN,NaN,NaN
6.611029721E1,NaN,NaN,NaN,NaN,NaN,NaN,NaN,NaN
6.612025921E1,NaN,NaN,NaN,NaN,NaN,NaN,NaN,NaN
6.613022221E1,NaN,NaN,NaN,NaN,NaN,NaN,NaN,NaN
6.614018521E1,NaN,NaN,NaN,NaN,NaN,NaN,NaN,NaN
6.615014821E1,NaN,NaN,NaN,NaN,NaN,NaN,NaN,NaN
6.616011121E1,NaN,NaN,NaN,NaN,NaN,NaN,NaN,NaN
6.617007321E1,NaN,NaN,NaN,NaN,NaN,NaN,NaN,NaN
6.618003621E1,NaN,NaN,NaN,NaN,NaN,NaN,NaN,NaN
6.618999921E1,NaN,NaN,NaN,NaN,NaN,NaN,NaN,NaN
6.619996221E1,NaN,NaN,NaN,NaN,NaN,NaN,NaN,NaN
6.620992521E1,NaN,NaN,NaN,NaN,NaN,NaN,NaN,NaN
6.621988721E1,NaN,NaN,NaN,NaN,NaN,NaN,NaN,NaN
6.622985021E1,NaN,NaN,NaN,NaN,NaN,NaN,NaN,NaN
6.623981321E1,NaN,NaN,NaN,NaN,NaN,NaN,NaN,NaN
6.624977621E1,NaN,NaN,NaN,NaN,NaN,NaN,NaN,NaN
6.625973821E1,NaN,NaN,NaN,NaN,NaN,NaN,NaN,NaN
6.626970121E1,NaN,NaN,NaN,NaN,NaN,NaN,NaN,NaN
6.627966421E1,NaN,NaN,NaN,NaN,NaN,NaN,NaN,NaN
6.628962721E1,NaN,NaN,NaN,NaN,NaN,NaN,NaN,NaN
6.629959021E1,NaN,NaN,NaN,NaN,NaN,NaN,NaN,NaN
6.630955221E1,NaN,NaN,NaN,NaN,NaN,NaN,NaN,NaN
6.631951521E1,NaN,NaN,NaN,NaN,NaN,NaN,NaN,NaN
6.632947821E1,NaN,NaN,NaN,NaN,NaN,NaN,NaN,NaN
6.633944121E1,NaN,NaN,NaN,NaN,NaN,NaN,NaN,NaN
6.634940421E1,NaN,NaN,NaN,NaN,NaN,NaN,NaN,NaN
6.635936621E1,NaN,NaN,NaN,NaN,NaN,NaN,NaN,NaN
6.636932921E1,NaN,NaN,NaN,NaN,NaN,NaN,NaN,NaN
6.637929221E1,NaN,NaN,NaN,NaN,NaN,NaN,NaN,NaN
6.638925521E1,NaN,NaN,NaN,NaN,NaN,NaN,NaN,NaN
6.639921721E1,NaN,NaN,NaN,NaN,NaN,NaN,NaN,NaN
6.640918021E1,NaN,NaN,NaN,NaN,NaN,NaN,NaN,NaN
6.641914321E1,NaN,NaN,NaN,NaN,NaN,NaN,NaN,NaN
6.642910621E1,NaN,NaN,NaN,NaN,NaN,NaN,NaN,NaN
6.643906921E1,NaN,NaN,NaN,NaN,NaN,NaN,NaN,NaN
6.644903121E1,NaN,NaN,NaN,NaN,NaN,NaN,NaN,NaN
6.645899421E1,NaN,NaN,NaN,NaN,NaN,NaN,NaN,NaN
6.646895721E1,NaN,NaN,NaN,NaN,NaN,NaN,NaN,NaN
6.647892021E1,NaN,NaN,NaN,NaN,NaN,NaN,NaN,NaN
6.648888221E1,NaN,NaN,NaN,NaN,NaN,NaN,NaN,NaN
6.649884521E1,NaN,NaN,NaN,NaN,NaN,NaN,NaN,NaN
6.650880821E1,NaN,NaN,NaN,NaN,NaN,NaN,NaN,NaN
6.651877121E1,NaN,NaN,NaN,NaN,NaN,NaN,NaN,NaN
6.652873421E1,NaN,NaN,NaN,NaN,NaN,NaN,NaN,NaN
6.653869621E1,NaN,NaN,NaN,NaN,NaN,NaN,NaN,NaN
6.654865921E1,NaN,NaN,NaN,NaN,NaN,NaN,NaN,NaN
6.655862221E1,NaN,NaN,NaN,NaN,NaN,NaN,NaN,NaN
6.656858521E1,NaN,NaN,NaN,NaN,NaN,NaN,NaN,NaN
6.657854721E1,NaN,NaN,NaN,NaN,NaN,NaN,NaN,NaN
6.658851021E1,NaN,NaN,NaN,NaN,NaN,NaN,NaN,NaN
6.659847321E1,NaN,NaN,NaN,NaN,NaN,NaN,NaN,NaN
6.660843621E1,NaN,NaN,NaN,NaN,NaN,NaN,NaN,NaN
6.661839921E1,NaN,NaN,NaN,NaN,NaN,NaN,NaN,NaN
6.662836121E1,NaN,NaN,NaN,NaN,NaN,NaN,NaN,NaN
6.663832421E1,NaN,NaN,NaN,NaN,NaN,NaN,NaN,NaN
6.664828721E1,NaN,NaN,NaN,NaN,NaN,NaN,NaN,NaN
6.665825021E1,NaN,NaN,NaN,NaN,NaN,NaN,NaN,NaN
6.666821221E1,NaN,NaN,NaN,NaN,NaN,NaN,NaN,NaN
6.667817521E1,NaN,NaN,NaN,NaN,NaN,NaN,NaN,NaN
6.668813821E1,NaN,NaN,NaN,NaN,NaN,NaN,NaN,NaN
6.669810121E1,NaN,NaN,NaN,NaN,NaN,NaN,NaN,NaN
6.670806421E1,NaN,NaN,NaN,NaN,NaN,NaN,NaN,NaN
6.671802621E1,NaN,NaN,NaN,NaN,NaN,NaN,NaN,NaN
6.672798921E1,NaN,NaN,NaN,NaN,NaN,NaN,NaN,NaN
6.673795221E1,NaN,NaN,NaN,NaN,NaN,NaN,NaN,NaN
6.674791521E1,NaN,NaN,NaN,NaN,NaN,NaN,NaN,NaN
6.675787721E1,NaN,NaN,NaN,NaN,NaN,NaN,NaN,NaN
6.676784021E1,NaN,NaN,NaN,NaN,NaN,NaN,NaN,NaN
6.677780321E1,NaN,NaN,NaN,NaN,NaN,NaN,NaN,NaN
6.678776621E1,NaN,NaN,NaN,NaN,NaN,NaN,NaN,NaN
6.679772921E1,NaN,NaN,NaN,NaN,NaN,NaN,NaN,NaN
6.680769121E1,NaN,NaN,NaN,NaN,NaN,NaN,NaN,NaN
6.681765421E1,NaN,NaN,NaN,NaN,NaN,NaN,NaN,NaN
6.682761721E1,NaN,NaN,NaN,NaN,NaN,NaN,NaN,NaN
6.683758021E1,NaN,NaN,NaN,NaN,NaN,NaN,NaN,NaN
6.684754221E1,NaN,NaN,NaN,NaN,NaN,NaN,NaN,NaN
6.685750521E1,NaN,NaN,NaN,NaN,NaN,NaN,NaN,NaN
6.686746821E1,NaN,NaN,NaN,NaN,NaN,NaN,NaN,NaN
6.687743121E1,NaN,NaN,NaN,NaN,NaN,NaN,NaN,NaN
6.688739421E1,NaN,NaN,NaN,NaN,NaN,NaN,NaN,NaN
6.689735621E1,NaN,NaN,NaN,NaN,NaN,NaN,NaN,NaN
6.690731921E1,NaN,NaN,NaN,NaN,NaN,NaN,NaN,NaN
6.691728221E1,NaN,NaN,NaN,NaN,NaN,NaN,NaN,NaN
6.692724521E1,NaN,NaN,NaN,NaN,NaN,NaN,NaN,NaN
6.693720721E1,NaN,NaN,NaN,NaN,NaN,NaN,NaN,NaN
6.694717021E1,NaN,NaN,NaN,NaN,NaN,NaN,NaN,NaN
6.695713321E1,NaN,NaN,NaN,NaN,NaN,NaN,NaN,NaN
6.696709621E1,NaN,NaN,NaN,NaN,NaN,NaN,NaN,NaN
6.697705967E1,NaN,NaN,NaN,NaN,NaN,NaN,NaN,NaN
6.698702167E1,NaN,NaN,NaN,NaN,NaN,NaN,NaN,NaN
6.699698467E1,NaN,NaN,NaN,NaN,NaN,NaN,NaN,NaN
6.700694767E1,NaN,NaN,NaN,NaN,NaN,NaN,NaN,NaN
6.701691067E1,NaN,NaN,NaN,NaN,NaN,NaN,NaN,NaN
6.702687267E1,NaN,NaN,NaN,NaN,NaN,NaN,NaN,NaN
6.703683567E1,NaN,NaN,NaN,NaN,NaN,NaN,NaN,NaN
6.704679867E1,NaN,NaN,NaN,NaN,NaN,NaN,NaN,NaN
6.705676167E1,NaN,NaN,NaN,NaN,NaN,NaN,NaN,NaN
6.706672467E1,NaN,NaN,NaN,NaN,NaN,NaN,NaN,NaN
6.707668667E1,NaN,NaN,NaN,NaN,NaN,NaN,NaN,NaN
6.708664967E1,NaN,NaN,NaN,NaN,NaN,NaN,NaN,NaN
6.709661267E1,NaN,NaN,NaN,NaN,NaN,NaN,NaN,NaN
6.710657567E1,NaN,NaN,NaN,NaN,NaN,NaN,NaN,NaN
6.711653767E1,NaN,NaN,NaN,NaN,NaN,NaN,NaN,NaN
6.712650067E1,NaN,NaN,NaN,NaN,NaN,NaN,NaN,NaN
6.713646367E1,NaN,NaN,NaN,NaN,NaN,NaN,NaN,NaN
6.714642667E1,NaN,NaN,NaN,NaN,NaN,NaN,NaN,NaN
6.715638867E1,NaN,NaN,NaN,NaN,NaN,NaN,NaN,NaN
6.716635167E1,NaN,NaN,NaN,NaN,NaN,NaN,NaN,NaN
6.717631467E1,NaN,NaN,NaN,NaN,NaN,NaN,NaN,NaN
6.718627767E1,NaN,NaN,NaN,NaN,NaN,NaN,NaN,NaN
6.719624067E1,NaN,NaN,NaN,NaN,NaN,NaN,NaN,NaN
6.720620267E1,NaN,NaN,NaN,NaN,NaN,NaN,NaN,NaN
6.721616567E1,NaN,NaN,NaN,NaN,NaN,NaN,NaN,NaN
6.722612867E1,NaN,NaN,NaN,NaN,NaN,NaN,NaN,NaN
6.723609167E1,NaN,NaN,NaN,NaN,NaN,NaN,NaN,NaN
6.724605367E1,NaN,NaN,NaN,NaN,NaN,NaN,NaN,NaN
6.725601667E1,NaN,NaN,NaN,NaN,NaN,NaN,NaN,NaN
6.726597967E1,NaN,NaN,NaN,NaN,NaN,NaN,NaN,NaN
6.727594267E1,NaN,NaN,NaN,NaN,NaN,NaN,NaN,NaN
6.728590467E1,NaN,NaN,NaN,NaN,NaN,NaN,NaN,NaN
6.729586767E1,NaN,NaN,NaN,NaN,NaN,NaN,NaN,NaN
6.730583067E1,NaN,NaN,NaN,NaN,NaN,NaN,NaN,NaN
6.731579367E1,NaN,NaN,NaN,NaN,NaN,NaN,NaN,NaN
6.732575667E1,NaN,NaN,NaN,NaN,NaN,NaN,NaN,NaN
6.733571867E1,NaN,NaN,NaN,NaN,NaN,NaN,NaN,NaN
6.734568167E1,NaN,NaN,NaN,NaN,NaN,NaN,NaN,NaN
6.735564467E1,NaN,NaN,NaN,NaN,NaN,NaN,NaN,NaN
6.736560767E1,NaN,NaN,NaN,NaN,NaN,NaN,NaN,NaN
6.737556967E1,NaN,NaN,NaN,NaN,NaN,NaN,NaN,NaN
6.738553267E1,NaN,NaN,NaN,NaN,NaN,NaN,NaN,NaN
6.739549567E1,NaN,NaN,NaN,NaN,NaN,NaN,NaN,NaN
6.740545867E1,NaN,NaN,NaN,NaN,NaN,NaN,NaN,NaN
6.741542067E1,NaN,NaN,NaN,NaN,NaN,NaN,NaN,NaN
6.742538367E1,NaN,NaN,NaN,NaN,NaN,NaN,NaN,NaN
6.743534667E1,NaN,NaN,NaN,NaN,NaN,NaN,NaN,NaN
6.744530967E1,NaN,NaN,NaN,NaN,NaN,NaN,NaN,NaN
6.745527267E1,NaN,NaN,NaN,NaN,NaN,NaN,NaN,NaN
6.746523467E1,NaN,NaN,NaN,NaN,NaN,NaN,NaN,NaN
6.747519767E1,NaN,NaN,NaN,NaN,NaN,NaN,NaN,NaN
6.748516067E1,NaN,NaN,NaN,NaN,NaN,NaN,NaN,NaN
6.749512367E1,NaN,NaN,NaN,NaN,NaN,NaN,NaN,NaN
6.750508567E1,NaN,NaN,NaN,NaN,NaN,NaN,NaN,NaN
6.751504867E1,NaN,NaN,NaN,NaN,NaN,NaN,NaN,NaN
6.752501167E1,NaN,NaN,NaN,NaN,NaN,NaN,NaN,NaN
6.753497467E1,NaN,NaN,NaN,NaN,NaN,NaN,NaN,NaN
6.754493667E1,NaN,NaN,NaN,NaN,NaN,NaN,NaN,NaN
6.755489967E1,NaN,NaN,NaN,NaN,NaN,NaN,NaN,NaN
6.756486267E1,NaN,NaN,NaN,NaN,NaN,NaN,NaN,NaN
6.757482567E1,NaN,NaN,NaN,NaN,NaN,NaN,NaN,NaN
6.758478867E1,NaN,NaN,NaN,NaN,NaN,NaN,NaN,NaN
6.759475067E1,NaN,NaN,NaN,NaN,NaN,NaN,NaN,NaN
6.760471367E1,NaN,NaN,NaN,NaN,NaN,NaN,NaN,NaN
6.761467667E1,NaN,NaN,NaN,NaN,NaN,NaN,NaN,NaN
6.762463967E1,NaN,NaN,NaN,NaN,NaN,NaN,NaN,NaN
6.763460167E1,NaN,NaN,NaN,NaN,NaN,NaN,NaN,NaN
6.764456467E1,NaN,NaN,NaN,NaN,NaN,NaN,NaN,NaN
6.765452767E1,NaN,NaN,NaN,NaN,NaN,NaN,NaN,NaN
6.766449067E1,NaN,NaN,NaN,NaN,NaN,NaN,NaN,NaN
6.767445267E1,NaN,NaN,NaN,NaN,NaN,NaN,NaN,NaN
6.768441567E1,NaN,NaN,NaN,NaN,NaN,NaN,NaN,NaN
6.769437867E1,NaN,NaN,NaN,NaN,NaN,NaN,NaN,NaN
6.770434167E1,NaN,NaN,NaN,NaN,NaN,NaN,NaN,NaN
6.771430367E1,NaN,NaN,NaN,NaN,NaN,NaN,NaN,NaN
6.772426667E1,NaN,NaN,NaN,NaN,NaN,NaN,NaN,NaN
6.773422967E1,NaN,NaN,NaN,NaN,NaN,NaN,NaN,NaN
6.774419267E1,NaN,NaN,NaN,NaN,NaN,NaN,NaN,NaN
6.775415567E1,NaN,NaN,NaN,NaN,NaN,NaN,NaN,NaN
6.776411767E1,NaN,NaN,NaN,NaN,NaN,NaN,NaN,NaN
6.777408067E1,NaN,NaN,NaN,NaN,NaN,NaN,NaN,NaN
6.778404367E1,NaN,NaN,NaN,NaN,NaN,NaN,NaN,NaN
6.779400667E1,NaN,NaN,NaN,NaN,NaN,NaN,NaN,NaN
6.780396867E1,NaN,NaN,NaN,NaN,NaN,NaN,NaN,NaN
6.781393167E1,NaN,NaN,NaN,NaN,NaN,NaN,NaN,NaN
6.782389467E1,NaN,NaN,NaN,NaN,NaN,NaN,NaN,NaN
6.783385767E1,NaN,NaN,NaN,NaN,NaN,NaN,NaN,NaN
6.784381967E1,NaN,NaN,NaN,NaN,NaN,NaN,NaN,NaN
6.785378267E1,NaN,NaN,NaN,NaN,NaN,NaN,NaN,NaN
6.786374567E1,NaN,NaN,NaN,NaN,NaN,NaN,NaN,NaN
6.787370867E1,NaN,NaN,NaN,NaN,NaN,NaN,NaN,NaN
6.788367067E1,NaN,NaN,NaN,NaN,NaN,NaN,NaN,NaN
6.789363367E1,NaN,NaN,NaN,NaN,NaN,NaN,NaN,NaN
6.790359667E1,NaN,NaN,NaN,NaN,NaN,NaN,NaN,NaN
6.791355967E1,NaN,NaN,NaN,NaN,NaN,NaN,NaN,NaN
6.792352167E1,NaN,NaN,NaN,NaN,NaN,NaN,NaN,NaN
6.793348467E1,NaN,NaN,NaN,NaN,NaN,NaN,NaN,NaN
6.794344767E1,NaN,NaN,NaN,NaN,NaN,NaN,NaN,NaN
6.795341067E1,NaN,NaN,NaN,NaN,NaN,NaN,NaN,NaN
6.796337267E1,NaN,NaN,NaN,NaN,NaN,NaN,NaN,NaN
6.797333567E1,NaN,NaN,NaN,NaN,NaN,NaN,NaN,NaN
6.798329821E1,NaN,NaN,NaN,NaN,NaN,NaN,NaN,NaN
6.799326121E1,NaN,NaN,NaN,NaN,NaN,NaN,NaN,NaN
6.800322421E1,NaN,NaN,NaN,NaN,NaN,NaN,NaN,NaN
6.801318621E1,NaN,NaN,NaN,NaN,NaN,NaN,NaN,NaN
6.802314921E1,NaN,NaN,NaN,NaN,NaN,NaN,NaN,NaN
6.803311221E1,NaN,NaN,NaN,NaN,NaN,NaN,NaN,NaN
6.804307521E1,NaN,NaN,NaN,NaN,NaN,NaN,NaN,NaN
6.805303721E1,NaN,NaN,NaN,NaN,NaN,NaN,NaN,NaN
6.806300021E1,NaN,NaN,NaN,NaN,NaN,NaN,NaN,NaN
6.807296321E1,NaN,NaN,NaN,NaN,NaN,NaN,NaN,NaN
6.808292621E1,NaN,NaN,NaN,NaN,NaN,NaN,NaN,NaN
6.809288821E1,NaN,NaN,NaN,NaN,NaN,NaN,NaN,NaN
6.810285121E1,NaN,NaN,NaN,NaN,NaN,NaN,NaN,NaN
6.811281421E1,NaN,NaN,NaN,NaN,NaN,NaN,NaN,NaN
6.812277721E1,NaN,NaN,NaN,NaN,NaN,NaN,NaN,NaN
6.813273921E1,NaN,NaN,NaN,NaN,NaN,NaN,NaN,NaN
6.814270221E1,NaN,NaN,NaN,NaN,NaN,NaN,NaN,NaN
6.815266521E1,NaN,NaN,NaN,NaN,NaN,NaN,NaN,NaN
6.816262821E1,NaN,NaN,NaN,NaN,NaN,NaN,NaN,NaN
6.817259021E1,NaN,NaN,NaN,NaN,NaN,NaN,NaN,NaN
6.818255321E1,NaN,NaN,NaN,NaN,NaN,NaN,NaN,NaN
6.819251621E1,NaN,NaN,NaN,NaN,NaN,NaN,NaN,NaN
6.820247921E1,NaN,NaN,NaN,NaN,NaN,NaN,NaN,NaN
6.821244121E1,NaN,NaN,NaN,NaN,NaN,NaN,NaN,NaN
6.822240421E1,NaN,NaN,NaN,NaN,NaN,NaN,NaN,NaN
6.823236721E1,NaN,NaN,NaN,NaN,NaN,NaN,NaN,NaN
6.824233021E1,NaN,NaN,NaN,NaN,NaN,NaN,NaN,NaN
6.825229321E1,NaN,NaN,NaN,NaN,NaN,NaN,NaN,NaN
6.826225521E1,NaN,NaN,NaN,NaN,NaN,NaN,NaN,NaN
6.827221821E1,NaN,NaN,NaN,NaN,NaN,NaN,NaN,NaN
6.828218121E1,NaN,NaN,NaN,NaN,NaN,NaN,NaN,NaN
6.829214421E1,NaN,NaN,NaN,NaN,NaN,NaN,NaN,NaN
6.830210621E1,NaN,NaN,NaN,NaN,NaN,NaN,NaN,NaN
6.831206921E1,NaN,NaN,NaN,NaN,NaN,NaN,NaN,NaN
6.832203221E1,NaN,NaN,NaN,NaN,NaN,NaN,NaN,NaN
6.833199521E1,NaN,NaN,NaN,NaN,NaN,NaN,NaN,NaN
6.834195721E1,NaN,NaN,NaN,NaN,NaN,NaN,NaN,NaN
6.835192021E1,NaN,NaN,NaN,NaN,NaN,NaN,NaN,NaN
6.836188321E1,NaN,NaN,NaN,NaN,NaN,NaN,NaN,NaN
6.837184621E1,NaN,NaN,NaN,NaN,NaN,NaN,NaN,NaN
6.838180821E1,NaN,NaN,NaN,NaN,NaN,NaN,NaN,NaN
6.839177121E1,NaN,NaN,NaN,NaN,NaN,NaN,NaN,NaN
6.840173421E1,NaN,NaN,NaN,NaN,NaN,NaN,NaN,NaN
6.841169721E1,NaN,NaN,NaN,NaN,NaN,NaN,NaN,NaN
6.842165921E1,NaN,NaN,NaN,NaN,NaN,NaN,NaN,NaN
6.843162221E1,NaN,NaN,NaN,NaN,NaN,NaN,NaN,NaN
6.844158521E1,NaN,NaN,NaN,NaN,NaN,NaN,NaN,NaN
6.845154821E1,NaN,NaN,NaN,NaN,NaN,NaN,NaN,NaN
6.846151021E1,NaN,NaN,NaN,NaN,NaN,NaN,NaN,NaN
6.847147321E1,NaN,NaN,NaN,NaN,NaN,NaN,NaN,NaN
6.848143621E1,NaN,NaN,NaN,NaN,NaN,NaN,NaN,NaN
6.849139921E1,NaN,NaN,NaN,NaN,NaN,NaN,NaN,NaN
6.850136121E1,NaN,NaN,NaN,NaN,NaN,NaN,NaN,NaN
6.851132421E1,NaN,NaN,NaN,NaN,NaN,NaN,NaN,NaN
6.852128721E1,NaN,NaN,NaN,NaN,NaN,NaN,NaN,NaN
6.853125021E1,NaN,NaN,NaN,NaN,NaN,NaN,NaN,NaN
6.854121221E1,NaN,NaN,NaN,NaN,NaN,NaN,NaN,NaN
6.855117521E1,NaN,NaN,NaN,NaN,NaN,NaN,NaN,NaN
6.856113821E1,NaN,NaN,NaN,NaN,NaN,NaN,NaN,NaN
6.857110121E1,NaN,NaN,NaN,NaN,NaN,NaN,NaN,NaN
6.858106321E1,NaN,NaN,NaN,NaN,NaN,NaN,NaN,NaN
6.859102621E1,NaN,NaN,NaN,NaN,NaN,NaN,NaN,NaN
6.860098921E1,NaN,NaN,NaN,NaN,NaN,NaN,NaN,NaN
6.861095221E1,NaN,NaN,NaN,NaN,NaN,NaN,NaN,NaN
6.862091421E1,NaN,NaN,NaN,NaN,NaN,NaN,NaN,NaN
6.863087721E1,NaN,NaN,NaN,NaN,NaN,NaN,NaN,NaN
6.864084021E1,NaN,NaN,NaN,NaN,NaN,NaN,NaN,NaN
6.865080321E1,NaN,NaN,NaN,NaN,NaN,NaN,NaN,NaN
6.866076521E1,NaN,NaN,NaN,NaN,NaN,NaN,NaN,NaN
6.867072821E1,NaN,NaN,NaN,NaN,NaN,NaN,NaN,NaN
6.868069121E1,NaN,NaN,NaN,NaN,NaN,NaN,NaN,NaN
6.869065421E1,NaN,NaN,NaN,NaN,NaN,NaN,NaN,NaN
6.870061621E1,NaN,NaN,NaN,NaN,NaN,NaN,NaN,NaN
6.871057921E1,NaN,NaN,NaN,NaN,NaN,NaN,NaN,NaN
6.872054221E1,NaN,NaN,NaN,NaN,NaN,NaN,NaN,NaN
6.873050521E1,NaN,NaN,NaN,NaN,NaN,NaN,NaN,NaN
6.874046721E1,NaN,NaN,NaN,NaN,NaN,NaN,NaN,NaN
6.875043021E1,NaN,NaN,NaN,NaN,NaN,NaN,NaN,NaN
6.876039321E1,NaN,NaN,NaN,NaN,NaN,NaN,NaN,NaN
6.877035621E1,NaN,NaN,NaN,NaN,NaN,NaN,NaN,NaN
6.878031821E1,NaN,NaN,NaN,NaN,NaN,NaN,NaN,NaN
6.879028121E1,NaN,NaN,NaN,NaN,NaN,NaN,NaN,NaN
6.880024421E1,NaN,NaN,NaN,NaN,NaN,NaN,NaN,NaN
6.881020721E1,NaN,NaN,NaN,NaN,NaN,NaN,NaN,NaN
6.882016921E1,NaN,NaN,NaN,NaN,NaN,NaN,NaN,NaN
6.883013221E1,NaN,NaN,NaN,NaN,NaN,NaN,NaN,NaN
6.884009521E1,NaN,NaN,NaN,NaN,NaN,NaN,NaN,NaN
6.885005821E1,NaN,NaN,NaN,NaN,NaN,NaN,NaN,NaN
6.886002021E1,NaN,NaN,NaN,NaN,NaN,NaN,NaN,NaN
6.886998321E1,NaN,NaN,NaN,NaN,NaN,NaN,NaN,NaN
6.887994621E1,NaN,NaN,NaN,NaN,NaN,NaN,NaN,NaN
6.888990921E1,NaN,NaN,NaN,NaN,NaN,NaN,NaN,NaN
6.889987121E1,NaN,NaN,NaN,NaN,NaN,NaN,NaN,NaN
6.890983421E1,NaN,NaN,NaN,NaN,NaN,NaN,NaN,NaN
6.891979721E1,NaN,NaN,NaN,NaN,NaN,NaN,NaN,NaN
6.892976021E1,NaN,NaN,NaN,NaN,NaN,NaN,NaN,NaN
6.893972221E1,NaN,NaN,NaN,NaN,NaN,NaN,NaN,NaN
6.894968521E1,NaN,NaN,NaN,NaN,NaN,NaN,NaN,NaN
6.895964821E1,NaN,NaN,NaN,NaN,NaN,NaN,NaN,NaN
6.896961121E1,NaN,NaN,NaN,NaN,NaN,NaN,NaN,NaN
6.897957346E1,NaN,NaN,NaN,NaN,NaN,NaN,NaN,NaN
6.898953646E1,NaN,NaN,NaN,NaN,NaN,NaN,NaN,NaN
6.899949946E1,NaN,NaN,NaN,NaN,NaN,NaN,NaN,NaN
6.900946246E1,NaN,NaN,NaN,NaN,NaN,NaN,NaN,NaN
6.901942446E1,NaN,NaN,NaN,NaN,NaN,NaN,NaN,NaN
6.902938746E1,NaN,NaN,NaN,NaN,NaN,NaN,NaN,NaN
6.903935046E1,NaN,NaN,NaN,NaN,NaN,NaN,NaN,NaN
6.904931346E1,NaN,NaN,NaN,NaN,NaN,NaN,NaN,NaN
6.905927546E1,NaN,NaN,NaN,NaN,NaN,NaN,NaN,NaN
6.906923846E1,NaN,NaN,NaN,NaN,NaN,NaN,NaN,NaN
6.907920146E1,NaN,NaN,NaN,NaN,NaN,NaN,NaN,NaN
6.908916446E1,NaN,NaN,NaN,NaN,NaN,NaN,NaN,NaN
6.909912646E1,NaN,NaN,NaN,NaN,NaN,NaN,NaN,NaN
6.910908946E1,NaN,NaN,NaN,NaN,NaN,NaN,NaN,NaN
6.911905246E1,NaN,NaN,NaN,NaN,NaN,NaN,NaN,NaN
6.912901546E1,NaN,NaN,NaN,NaN,NaN,NaN,NaN,NaN
6.913897746E1,NaN,NaN,NaN,NaN,NaN,NaN,NaN,NaN
6.914894046E1,NaN,NaN,NaN,NaN,NaN,NaN,NaN,NaN
6.915890346E1,NaN,NaN,NaN,NaN,NaN,NaN,NaN,NaN
6.916886646E1,NaN,NaN,NaN,NaN,NaN,NaN,NaN,NaN
6.917882846E1,NaN,NaN,NaN,NaN,NaN,NaN,NaN,NaN
6.918879146E1,NaN,NaN,NaN,NaN,NaN,NaN,NaN,NaN
6.919875446E1,NaN,NaN,NaN,NaN,NaN,NaN,NaN,NaN
6.920871746E1,NaN,NaN,NaN,NaN,NaN,NaN,NaN,NaN
6.921867946E1,NaN,NaN,NaN,NaN,NaN,NaN,NaN,NaN
6.922864246E1,NaN,NaN,NaN,NaN,NaN,NaN,NaN,NaN
6.923860546E1,NaN,NaN,NaN,NaN,NaN,NaN,NaN,NaN
6.924856846E1,NaN,NaN,NaN,NaN,NaN,NaN,NaN,NaN
6.925853046E1,NaN,NaN,NaN,NaN,NaN,NaN,NaN,NaN
6.926849346E1,NaN,NaN,NaN,NaN,NaN,NaN,NaN,NaN
6.927845646E1,NaN,NaN,NaN,NaN,NaN,NaN,NaN,NaN
6.928841946E1,NaN,NaN,NaN,NaN,NaN,NaN,NaN,NaN
6.929838146E1,NaN,NaN,NaN,NaN,NaN,NaN,NaN,NaN
6.930834446E1,NaN,NaN,NaN,NaN,NaN,NaN,NaN,NaN
6.931830746E1,NaN,NaN,NaN,NaN,NaN,NaN,NaN,NaN
6.932827046E1,NaN,NaN,NaN,NaN,NaN,NaN,NaN,NaN
6.933823246E1,NaN,NaN,NaN,NaN,NaN,NaN,NaN,NaN
6.934819546E1,NaN,NaN,NaN,NaN,NaN,NaN,NaN,NaN
6.935815846E1,NaN,NaN,NaN,NaN,NaN,NaN,NaN,NaN
6.936812046E1,NaN,NaN,NaN,NaN,NaN,NaN,NaN,NaN
6.937808346E1,NaN,NaN,NaN,NaN,NaN,NaN,NaN,NaN
6.938804646E1,NaN,NaN,NaN,NaN,NaN,NaN,NaN,NaN
6.939800946E1,NaN,NaN,NaN,NaN,NaN,NaN,NaN,NaN
6.940797146E1,NaN,NaN,NaN,NaN,NaN,NaN,NaN,NaN
6.941793446E1,NaN,NaN,NaN,NaN,NaN,NaN,NaN,NaN
6.942789746E1,NaN,NaN,NaN,NaN,NaN,NaN,NaN,NaN
6.943786046E1,NaN,NaN,NaN,NaN,NaN,NaN,NaN,NaN
6.944782246E1,NaN,NaN,NaN,NaN,NaN,NaN,NaN,NaN
6.945778546E1,NaN,NaN,NaN,NaN,NaN,NaN,NaN,NaN
6.946774846E1,NaN,NaN,NaN,NaN,NaN,NaN,NaN,NaN
6.947771146E1,NaN,NaN,NaN,NaN,NaN,NaN,NaN,NaN
6.948767346E1,NaN,NaN,NaN,NaN,NaN,NaN,NaN,NaN
6.949763646E1,NaN,NaN,NaN,NaN,NaN,NaN,NaN,NaN
6.950759946E1,NaN,NaN,NaN,NaN,NaN,NaN,NaN,NaN
6.951756246E1,NaN,NaN,NaN,NaN,NaN,NaN,NaN,NaN
6.952752446E1,NaN,NaN,NaN,NaN,NaN,NaN,NaN,NaN
6.953748746E1,NaN,NaN,NaN,NaN,NaN,NaN,NaN,NaN
6.954745046E1,NaN,NaN,NaN,NaN,NaN,NaN,NaN,NaN
6.955741346E1,NaN,NaN,NaN,NaN,NaN,NaN,NaN,NaN
6.956737546E1,NaN,NaN,NaN,NaN,NaN,NaN,NaN,NaN
6.957733846E1,NaN,NaN,NaN,NaN,NaN,NaN,NaN,NaN
6.958730146E1,NaN,NaN,NaN,NaN,NaN,NaN,NaN,NaN
6.959726446E1,NaN,NaN,NaN,NaN,NaN,NaN,NaN,NaN
6.960722646E1,NaN,NaN,NaN,NaN,NaN,NaN,NaN,NaN
6.961718946E1,NaN,NaN,NaN,NaN,NaN,NaN,NaN,NaN
6.962715246E1,NaN,NaN,NaN,NaN,NaN,NaN,NaN,NaN
6.963711446E1,NaN,NaN,NaN,NaN,NaN,NaN,NaN,NaN
6.964707746E1,NaN,NaN,NaN,NaN,NaN,NaN,NaN,NaN
6.965704046E1,NaN,NaN,NaN,NaN,NaN,NaN,NaN,NaN
6.966700346E1,NaN,NaN,NaN,NaN,NaN,NaN,NaN,NaN
6.967696546E1,NaN,NaN,NaN,NaN,NaN,NaN,NaN,NaN
6.968692846E1,NaN,NaN,NaN,NaN,NaN,NaN,NaN,NaN
6.969689146E1,NaN,NaN,NaN,NaN,NaN,NaN,NaN,NaN
6.970685446E1,NaN,NaN,NaN,NaN,NaN,NaN,NaN,NaN
6.971681646E1,NaN,NaN,NaN,NaN,NaN,NaN,NaN,NaN
6.972677946E1,NaN,NaN,NaN,NaN,NaN,NaN,NaN,NaN
6.973674246E1,NaN,NaN,NaN,NaN,NaN,NaN,NaN,NaN
6.974670546E1,NaN,NaN,NaN,NaN,NaN,NaN,NaN,NaN
6.975666746E1,NaN,NaN,NaN,NaN,NaN,NaN,NaN,NaN
6.976663046E1,NaN,NaN,NaN,NaN,NaN,NaN,NaN,NaN
6.977659346E1,NaN,NaN,NaN,NaN,NaN,NaN,NaN,NaN
6.978655646E1,NaN,NaN,NaN,NaN,NaN,NaN,NaN,NaN
6.979651846E1,NaN,NaN,NaN,NaN,NaN,NaN,NaN,NaN
6.980648146E1,NaN,NaN,NaN,NaN,NaN,NaN,NaN,NaN
6.981644446E1,NaN,NaN,NaN,NaN,NaN,NaN,NaN,NaN
6.982640746E1,NaN,NaN,NaN,NaN,NaN,NaN,NaN,NaN
6.983636946E1,NaN,NaN,NaN,NaN,NaN,NaN,NaN,NaN
6.984633246E1,NaN,NaN,NaN,NaN,NaN,NaN,NaN,NaN
6.985629546E1,NaN,NaN,NaN,NaN,NaN,NaN,NaN,NaN
6.986625746E1,NaN,NaN,NaN,NaN,NaN,NaN,NaN,NaN
6.987622046E1,NaN,NaN,NaN,NaN,NaN,NaN,NaN,NaN
6.988618346E1,NaN,NaN,NaN,NaN,NaN,NaN,NaN,NaN
6.989614646E1,NaN,NaN,NaN,NaN,NaN,NaN,NaN,NaN
6.990610846E1,NaN,NaN,NaN,NaN,NaN,NaN,NaN,NaN
6.991607146E1,NaN,NaN,NaN,NaN,NaN,NaN,NaN,NaN
6.992603446E1,NaN,NaN,NaN,NaN,NaN,NaN,NaN,NaN
6.993599746E1,NaN,NaN,NaN,NaN,NaN,NaN,NaN,NaN
6.994595946E1,NaN,NaN,NaN,NaN,NaN,NaN,NaN,NaN
6.995592246E1,NaN,NaN,NaN,NaN,NaN,NaN,NaN,NaN
6.996588546E1,NaN,NaN,NaN,NaN,NaN,NaN,NaN,NaN
6.997584846E1,NaN,NaN,NaN,NaN,NaN,NaN,NaN,NaN
6.998581046E1,NaN,NaN,NaN,NaN,NaN,NaN,NaN,NaN
6.999577346E1,NaN,NaN,NaN,NaN,NaN,NaN,NaN,NaN
7.000573646E1,NaN,NaN,NaN,NaN,NaN,NaN,NaN,NaN
7.001569846E1,NaN,NaN,NaN,NaN,NaN,NaN,NaN,NaN
7.002566146E1,NaN,NaN,NaN,NaN,NaN,NaN,NaN,NaN
7.003562446E1,NaN,NaN,NaN,NaN,NaN,NaN,NaN,NaN
7.004558746E1,NaN,NaN,NaN,NaN,NaN,NaN,NaN,NaN
7.005554946E1,NaN,NaN,NaN,NaN,NaN,NaN,NaN,NaN
7.006551246E1,NaN,NaN,NaN,NaN,NaN,NaN,NaN,NaN
7.007547546E1,NaN,NaN,NaN,NaN,NaN,NaN,NaN,NaN
7.008543846E1,NaN,NaN,NaN,NaN,NaN,NaN,NaN,NaN
7.009540046E1,NaN,NaN,NaN,NaN,NaN,NaN,NaN,NaN
7.010536346E1,NaN,NaN,NaN,NaN,NaN,NaN,NaN,NaN
7.011532646E1,NaN,NaN,NaN,NaN,NaN,NaN,NaN,NaN
7.012528946E1,NaN,NaN,NaN,NaN,NaN,NaN,NaN,NaN
7.013525146E1,NaN,NaN,NaN,NaN,NaN,NaN,NaN,NaN
7.014521446E1,NaN,NaN,NaN,NaN,NaN,NaN,NaN,NaN
7.015517746E1,NaN,NaN,NaN,NaN,NaN,NaN,NaN,NaN
7.016513946E1,NaN,NaN,NaN,NaN,NaN,NaN,NaN,NaN
7.017510246E1,NaN,NaN,NaN,NaN,NaN,NaN,NaN,NaN
7.018506546E1,NaN,NaN,NaN,NaN,NaN,NaN,NaN,NaN
7.019502846E1,NaN,NaN,NaN,NaN,NaN,NaN,NaN,NaN
7.020499046E1,NaN,NaN,NaN,NaN,NaN,NaN,NaN,NaN
7.021495346E1,NaN,NaN,NaN,NaN,NaN,NaN,NaN,NaN
7.022491646E1,NaN,NaN,NaN,NaN,NaN,NaN,NaN,NaN
7.023487946E1,NaN,NaN,NaN,NaN,NaN,NaN,NaN,NaN
7.024484146E1,NaN,NaN,NaN,NaN,NaN,NaN,NaN,NaN
7.025480446E1,NaN,NaN,NaN,NaN,NaN,NaN,NaN,NaN
7.026476746E1,NaN,NaN,NaN,NaN,NaN,NaN,NaN,NaN
7.027473046E1,NaN,NaN,NaN,NaN,NaN,NaN,NaN,NaN
7.028469246E1,NaN,NaN,NaN,NaN,NaN,NaN,NaN,NaN
7.029465546E1,NaN,NaN,NaN,NaN,NaN,NaN,NaN,NaN
7.030461846E1,NaN,NaN,NaN,NaN,NaN,NaN,NaN,NaN
7.031458046E1,NaN,NaN,NaN,NaN,NaN,NaN,NaN,NaN
7.032454346E1,NaN,NaN,NaN,NaN,NaN,NaN,NaN,NaN
7.033450646E1,NaN,NaN,NaN,NaN,NaN,NaN,NaN,NaN
7.034446946E1,NaN,NaN,NaN,NaN,NaN,NaN,NaN,NaN
7.035443146E1,NaN,NaN,NaN,NaN,NaN,NaN,NaN,NaN
7.036439446E1,NaN,NaN,NaN,NaN,NaN,NaN,NaN,NaN
7.037435746E1,NaN,NaN,NaN,NaN,NaN,NaN,NaN,NaN
7.038432046E1,NaN,NaN,NaN,NaN,NaN,NaN,NaN,NaN
7.039428246E1,NaN,NaN,NaN,NaN,NaN,NaN,NaN,NaN
7.040424546E1,NaN,NaN,NaN,NaN,NaN,NaN,NaN,NaN
7.041420846E1,NaN,NaN,NaN,NaN,NaN,NaN,NaN,NaN
7.042417046E1,NaN,NaN,NaN,NaN,NaN,NaN,NaN,NaN
7.043413346E1,NaN,NaN,NaN,NaN,NaN,NaN,NaN,NaN
7.044409646E1,NaN,NaN,NaN,NaN,NaN,NaN,NaN,NaN
7.045405946E1,NaN,NaN,NaN,NaN,NaN,NaN,NaN,NaN
7.046402146E1,NaN,NaN,NaN,NaN,NaN,NaN,NaN,NaN
7.047398446E1,NaN,NaN,NaN,NaN,NaN,NaN,NaN,NaN
7.048394746E1,NaN,NaN,NaN,NaN,NaN,NaN,NaN,NaN
7.049391046E1,NaN,NaN,NaN,NaN,NaN,NaN,NaN,NaN
7.050387246E1,NaN,NaN,NaN,NaN,NaN,NaN,NaN,NaN
7.051383546E1,NaN,NaN,NaN,NaN,NaN,NaN,NaN,NaN
7.052379846E1,NaN,NaN,NaN,NaN,NaN,NaN,NaN,NaN
7.053376046E1,NaN,NaN,NaN,NaN,NaN,NaN,NaN,NaN
7.054372346E1,NaN,NaN,NaN,NaN,NaN,NaN,NaN,NaN
7.055368646E1,NaN,NaN,NaN,NaN,NaN,NaN,NaN,NaN
7.056364946E1,NaN,NaN,NaN,NaN,NaN,NaN,NaN,NaN
7.057361146E1,NaN,NaN,NaN,NaN,NaN,NaN,NaN,NaN
7.058357446E1,NaN,NaN,NaN,NaN,NaN,NaN,NaN,NaN
7.059353746E1,NaN,NaN,NaN,NaN,NaN,NaN,NaN,NaN
7.060350046E1,NaN,NaN,NaN,NaN,NaN,NaN,NaN,NaN
7.061346246E1,NaN,NaN,NaN,NaN,NaN,NaN,NaN,NaN
7.062342546E1,NaN,NaN,NaN,NaN,NaN,NaN,NaN,NaN
7.063338846E1,NaN,NaN,NaN,NaN,NaN,NaN,NaN,NaN
7.064335046E1,NaN,NaN,NaN,NaN,NaN,NaN,NaN,NaN
7.065331346E1,NaN,NaN,NaN,NaN,NaN,NaN,NaN,NaN
7.066327646E1,NaN,NaN,NaN,NaN,NaN,NaN,NaN,NaN
7.067323946E1,NaN,NaN,NaN,NaN,NaN,NaN,NaN,NaN
7.068320146E1,NaN,NaN,NaN,NaN,NaN,NaN,NaN,NaN
7.069316446E1,NaN,NaN,NaN,NaN,NaN,NaN,NaN,NaN
7.070312746E1,NaN,NaN,NaN,NaN,NaN,NaN,NaN,NaN
7.071309046E1,NaN,NaN,NaN,NaN,NaN,NaN,NaN,NaN
7.072305246E1,NaN,NaN,NaN,NaN,NaN,NaN,NaN,NaN
7.073301546E1,NaN,NaN,NaN,NaN,NaN,NaN,NaN,NaN
7.074297846E1,NaN,NaN,NaN,NaN,NaN,NaN,NaN,NaN
7.075294046E1,NaN,NaN,NaN,NaN,NaN,NaN,NaN,NaN
7.076290346E1,NaN,NaN,NaN,NaN,NaN,NaN,NaN,NaN
7.077286646E1,NaN,NaN,NaN,NaN,NaN,NaN,NaN,NaN
7.078282946E1,NaN,NaN,NaN,NaN,NaN,NaN,NaN,NaN
7.079279146E1,NaN,NaN,NaN,NaN,NaN,NaN,NaN,NaN
7.080275446E1,NaN,NaN,NaN,NaN,NaN,NaN,NaN,NaN
7.081271746E1,NaN,NaN,NaN,NaN,NaN,NaN,NaN,NaN
7.082268046E1,NaN,NaN,NaN,NaN,NaN,NaN,NaN,NaN
7.083264246E1,NaN,NaN,NaN,NaN,NaN,NaN,NaN,NaN
7.084260546E1,NaN,NaN,NaN,NaN,NaN,NaN,NaN,NaN
7.085256846E1,NaN,NaN,NaN,NaN,NaN,NaN,NaN,NaN
7.086253046E1,NaN,NaN,NaN,NaN,NaN,NaN,NaN,NaN
7.087249346E1,NaN,NaN,NaN,NaN,NaN,NaN,NaN,NaN
7.088245646E1,NaN,NaN,NaN,NaN,NaN,NaN,NaN,NaN
7.089241946E1,NaN,NaN,NaN,NaN,NaN,NaN,NaN,NaN
7.090238146E1,NaN,NaN,NaN,NaN,NaN,NaN,NaN,NaN
7.091234446E1,NaN,NaN,NaN,NaN,NaN,NaN,NaN,NaN
7.092230746E1,NaN,NaN,NaN,NaN,NaN,NaN,NaN,NaN
7.093226946E1,NaN,NaN,NaN,NaN,NaN,NaN,NaN,NaN
7.094223246E1,NaN,NaN,NaN,NaN,NaN,NaN,NaN,NaN
7.095219546E1,NaN,NaN,NaN,NaN,NaN,NaN,NaN,NaN
7.096215846E1,NaN,NaN,NaN,NaN,NaN,NaN,NaN,NaN
7.097212046E1,NaN,NaN,NaN,NaN,NaN,NaN,NaN,NaN
7.098208283E1,NaN,NaN,NaN,NaN,NaN,NaN,NaN,NaN
7.099204583E1,NaN,NaN,NaN,NaN,NaN,NaN,NaN,NaN
7.100200883E1,NaN,NaN,NaN,NaN,NaN,NaN,NaN,NaN
7.101197083E1,NaN,NaN,NaN,NaN,NaN,NaN,NaN,NaN
7.102193383E1,NaN,NaN,NaN,NaN,NaN,NaN,NaN,NaN
7.103189683E1,NaN,NaN,NaN,NaN,NaN,NaN,NaN,NaN
7.104185883E1,NaN,NaN,NaN,NaN,NaN,NaN,NaN,NaN
7.105182183E1,NaN,NaN,NaN,NaN,NaN,NaN,NaN,NaN
7.106178483E1,NaN,NaN,NaN,NaN,NaN,NaN,NaN,NaN
7.107174783E1,NaN,NaN,NaN,NaN,NaN,NaN,NaN,NaN
7.108170983E1,NaN,NaN,NaN,NaN,NaN,NaN,NaN,NaN
7.109167283E1,NaN,NaN,NaN,NaN,NaN,NaN,NaN,NaN
7.110163583E1,NaN,NaN,NaN,NaN,NaN,NaN,NaN,NaN
7.111159783E1,NaN,NaN,NaN,NaN,NaN,NaN,NaN,NaN
7.112156083E1,NaN,NaN,NaN,NaN,NaN,NaN,NaN,NaN
7.113152383E1,NaN,NaN,NaN,NaN,NaN,NaN,NaN,NaN
7.114148683E1,NaN,NaN,NaN,NaN,NaN,NaN,NaN,NaN
7.115144883E1,NaN,NaN,NaN,NaN,NaN,NaN,NaN,NaN
7.116141183E1,NaN,NaN,NaN,NaN,NaN,NaN,NaN,NaN
7.117137483E1,NaN,NaN,NaN,NaN,NaN,NaN,NaN,NaN
7.118133783E1,NaN,NaN,NaN,NaN,NaN,NaN,NaN,NaN
7.119129983E1,NaN,NaN,NaN,NaN,NaN,NaN,NaN,NaN
7.120126283E1,NaN,NaN,NaN,NaN,NaN,NaN,NaN,NaN
7.121122583E1,NaN,NaN,NaN,NaN,NaN,NaN,NaN,NaN
7.122118783E1,NaN,NaN,NaN,NaN,NaN,NaN,NaN,NaN
7.123115083E1,NaN,NaN,NaN,NaN,NaN,NaN,NaN,NaN
7.124111383E1,NaN,NaN,NaN,NaN,NaN,NaN,NaN,NaN
7.125107683E1,NaN,NaN,NaN,NaN,NaN,NaN,NaN,NaN
7.126103883E1,NaN,NaN,NaN,NaN,NaN,NaN,NaN,NaN
7.127100183E1,NaN,NaN,NaN,NaN,NaN,NaN,NaN,NaN
7.128096483E1,NaN,NaN,NaN,NaN,NaN,NaN,NaN,NaN
7.129092683E1,NaN,NaN,NaN,NaN,NaN,NaN,NaN,NaN
7.130088983E1,NaN,NaN,NaN,NaN,NaN,NaN,NaN,NaN
7.131085283E1,NaN,NaN,NaN,NaN,NaN,NaN,NaN,NaN
7.132081583E1,NaN,NaN,NaN,NaN,NaN,NaN,NaN,NaN
7.133077783E1,NaN,NaN,NaN,NaN,NaN,NaN,NaN,NaN
7.134074083E1,NaN,NaN,NaN,NaN,NaN,NaN,NaN,NaN
7.135070383E1,NaN,NaN,NaN,NaN,NaN,NaN,NaN,NaN
7.136066583E1,NaN,NaN,NaN,NaN,NaN,NaN,NaN,NaN
7.137062883E1,NaN,NaN,NaN,NaN,NaN,NaN,NaN,NaN
7.138059183E1,NaN,NaN,NaN,NaN,NaN,NaN,NaN,NaN
7.139055483E1,NaN,NaN,NaN,NaN,NaN,NaN,NaN,NaN
7.140051683E1,NaN,NaN,NaN,NaN,NaN,NaN,NaN,NaN
7.141047983E1,NaN,NaN,NaN,NaN,NaN,NaN,NaN,NaN
7.142044283E1,NaN,NaN,NaN,NaN,NaN,NaN,NaN,NaN
7.143040483E1,NaN,NaN,NaN,NaN,NaN,NaN,NaN,NaN
7.144036783E1,NaN,NaN,NaN,NaN,NaN,NaN,NaN,NaN
7.145033083E1,NaN,NaN,NaN,NaN,NaN,NaN,NaN,NaN
7.146029383E1,NaN,NaN,NaN,NaN,NaN,NaN,NaN,NaN
7.147025583E1,NaN,NaN,NaN,NaN,NaN,NaN,NaN,NaN
7.148021883E1,NaN,NaN,NaN,NaN,NaN,NaN,NaN,NaN
7.149018183E1,NaN,NaN,NaN,NaN,NaN,NaN,NaN,NaN
7.150014383E1,NaN,NaN,NaN,NaN,NaN,NaN,NaN,NaN
7.151010683E1,NaN,NaN,NaN,NaN,NaN,NaN,NaN,NaN
7.152006983E1,NaN,NaN,NaN,NaN,NaN,NaN,NaN,NaN
7.153003283E1,NaN,NaN,NaN,NaN,NaN,NaN,NaN,NaN
7.153999483E1,NaN,NaN,NaN,NaN,NaN,NaN,NaN,NaN
7.154995783E1,NaN,NaN,NaN,NaN,NaN,NaN,NaN,NaN
7.155992083E1,NaN,NaN,NaN,NaN,NaN,NaN,NaN,NaN
7.156988383E1,NaN,NaN,NaN,NaN,NaN,NaN,NaN,NaN
7.157984583E1,NaN,NaN,NaN,NaN,NaN,NaN,NaN,NaN
7.158980883E1,NaN,NaN,NaN,NaN,NaN,NaN,NaN,NaN
7.159977183E1,NaN,NaN,NaN,NaN,NaN,NaN,NaN,NaN
7.160973383E1,NaN,NaN,NaN,NaN,NaN,NaN,NaN,NaN
7.161969683E1,NaN,NaN,NaN,NaN,NaN,NaN,NaN,NaN
7.162965983E1,NaN,NaN,NaN,NaN,NaN,NaN,NaN,NaN
7.163962283E1,NaN,NaN,NaN,NaN,NaN,NaN,NaN,NaN
7.164958483E1,NaN,NaN,NaN,NaN,NaN,NaN,NaN,NaN
7.165954783E1,NaN,NaN,NaN,NaN,NaN,NaN,NaN,NaN
7.166951083E1,NaN,NaN,NaN,NaN,NaN,NaN,NaN,NaN
7.167947283E1,NaN,NaN,NaN,NaN,NaN,NaN,NaN,NaN
7.168943583E1,NaN,NaN,NaN,NaN,NaN,NaN,NaN,NaN
7.169939883E1,NaN,NaN,NaN,NaN,NaN,NaN,NaN,NaN
7.170936183E1,NaN,NaN,NaN,NaN,NaN,NaN,NaN,NaN
7.171932383E1,NaN,NaN,NaN,NaN,NaN,NaN,NaN,NaN
7.172928683E1,NaN,NaN,NaN,NaN,NaN,NaN,NaN,NaN
7.173924983E1,NaN,NaN,NaN,NaN,NaN,NaN,NaN,NaN
7.174921183E1,NaN,NaN,NaN,NaN,NaN,NaN,NaN,NaN
7.175917483E1,NaN,NaN,NaN,NaN,NaN,NaN,NaN,NaN
7.176913783E1,NaN,NaN,NaN,NaN,NaN,NaN,NaN,NaN
7.177910083E1,NaN,NaN,NaN,NaN,NaN,NaN,NaN,NaN
7.178906283E1,NaN,NaN,NaN,NaN,NaN,NaN,NaN,NaN
7.179902583E1,NaN,NaN,NaN,NaN,NaN,NaN,NaN,NaN
7.180898883E1,NaN,NaN,NaN,NaN,NaN,NaN,NaN,NaN
7.181895083E1,NaN,NaN,NaN,NaN,NaN,NaN,NaN,NaN
7.182891383E1,NaN,NaN,NaN,NaN,NaN,NaN,NaN,NaN
7.183887683E1,NaN,NaN,NaN,NaN,NaN,NaN,NaN,NaN
7.184883883E1,NaN,NaN,NaN,NaN,NaN,NaN,NaN,NaN
7.185880183E1,NaN,NaN,NaN,NaN,NaN,NaN,NaN,NaN
7.186876483E1,NaN,NaN,NaN,NaN,NaN,NaN,NaN,NaN
7.187872783E1,NaN,NaN,NaN,NaN,NaN,NaN,NaN,NaN
7.188868983E1,NaN,NaN,NaN,NaN,NaN,NaN,NaN,NaN
7.189865283E1,NaN,NaN,NaN,NaN,NaN,NaN,NaN,NaN
7.190861583E1,NaN,NaN,NaN,NaN,NaN,NaN,NaN,NaN
7.191857783E1,NaN,NaN,NaN,NaN,NaN,NaN,NaN,NaN
7.192854083E1,NaN,NaN,NaN,NaN,NaN,NaN,NaN,NaN
7.193850383E1,NaN,NaN,NaN,NaN,NaN,NaN,NaN,NaN
7.194846683E1,NaN,NaN,NaN,NaN,NaN,NaN,NaN,NaN
7.195842883E1,NaN,NaN,NaN,NaN,NaN,NaN,NaN,NaN
7.196839183E1,NaN,NaN,NaN,NaN,NaN,NaN,NaN,NaN
7.197835542E1,NaN,NaN,NaN,NaN,NaN,NaN,NaN,NaN
7.198831742E1,NaN,NaN,NaN,NaN,NaN,NaN,NaN,NaN
7.199828042E1,NaN,NaN,NaN,NaN,NaN,NaN,NaN,NaN
7.200824342E1,NaN,NaN,NaN,NaN,NaN,NaN,NaN,NaN
7.201820642E1,NaN,NaN,NaN,NaN,NaN,NaN,NaN,NaN
7.202816842E1,NaN,NaN,NaN,NaN,NaN,NaN,NaN,NaN
7.203813142E1,NaN,NaN,NaN,NaN,NaN,NaN,NaN,NaN
7.204809442E1,NaN,NaN,NaN,NaN,NaN,NaN,NaN,NaN
7.205805642E1,NaN,NaN,NaN,NaN,NaN,NaN,NaN,NaN
7.206801942E1,NaN,NaN,NaN,NaN,NaN,NaN,NaN,NaN
7.207798242E1,NaN,NaN,NaN,NaN,NaN,NaN,NaN,NaN
7.208794542E1,NaN,NaN,NaN,NaN,NaN,NaN,NaN,NaN
7.209790742E1,NaN,NaN,NaN,NaN,NaN,NaN,NaN,NaN
7.210787042E1,NaN,NaN,NaN,NaN,NaN,NaN,NaN,NaN
7.211783342E1,NaN,NaN,NaN,NaN,NaN,NaN,NaN,NaN
7.212779542E1,NaN,NaN,NaN,NaN,NaN,NaN,NaN,NaN
7.213775842E1,NaN,NaN,NaN,NaN,NaN,NaN,NaN,NaN
7.214772142E1,NaN,NaN,NaN,NaN,NaN,NaN,NaN,NaN
7.215768342E1,NaN,NaN,NaN,NaN,NaN,NaN,NaN,NaN
7.216764642E1,NaN,NaN,NaN,NaN,NaN,NaN,NaN,NaN
7.217760942E1,NaN,NaN,NaN,NaN,NaN,NaN,NaN,NaN
7.218757242E1,NaN,NaN,NaN,NaN,NaN,NaN,NaN,NaN
7.219753442E1,NaN,NaN,NaN,NaN,NaN,NaN,NaN,NaN
7.220749742E1,NaN,NaN,NaN,NaN,NaN,NaN,NaN,NaN
7.221746042E1,NaN,NaN,NaN,NaN,NaN,NaN,NaN,NaN
7.222742242E1,NaN,NaN,NaN,NaN,NaN,NaN,NaN,NaN
7.223738542E1,NaN,NaN,NaN,NaN,NaN,NaN,NaN,NaN
7.224734842E1,NaN,NaN,NaN,NaN,NaN,NaN,NaN,NaN
7.225731142E1,NaN,NaN,NaN,NaN,NaN,NaN,NaN,NaN
7.226727342E1,NaN,NaN,NaN,NaN,NaN,NaN,NaN,NaN
7.227723642E1,NaN,NaN,NaN,NaN,NaN,NaN,NaN,NaN
7.228719942E1,NaN,NaN,NaN,NaN,NaN,NaN,NaN,NaN
7.229716142E1,NaN,NaN,NaN,NaN,NaN,NaN,NaN,NaN
7.230712442E1,NaN,NaN,NaN,NaN,NaN,NaN,NaN,NaN
7.231708742E1,NaN,NaN,NaN,NaN,NaN,NaN,NaN,NaN
7.232705042E1,NaN,NaN,NaN,NaN,NaN,NaN,NaN,NaN
7.233701242E1,NaN,NaN,NaN,NaN,NaN,NaN,NaN,NaN
7.234697542E1,NaN,NaN,NaN,NaN,NaN,NaN,NaN,NaN
7.235693842E1,NaN,NaN,NaN,NaN,NaN,NaN,NaN,NaN
7.236690042E1,NaN,NaN,NaN,NaN,NaN,NaN,NaN,NaN
7.237686342E1,NaN,NaN,NaN,NaN,NaN,NaN,NaN,NaN
7.238682642E1,NaN,NaN,NaN,NaN,NaN,NaN,NaN,NaN
7.239678842E1,NaN,NaN,NaN,NaN,NaN,NaN,NaN,NaN
7.240675142E1,NaN,NaN,NaN,NaN,NaN,NaN,NaN,NaN
7.241671442E1,NaN,NaN,NaN,NaN,NaN,NaN,NaN,NaN
7.242667742E1,NaN,NaN,NaN,NaN,NaN,NaN,NaN,NaN
7.243663942E1,NaN,NaN,NaN,NaN,NaN,NaN,NaN,NaN
7.244660242E1,NaN,NaN,NaN,NaN,NaN,NaN,NaN,NaN
7.245656542E1,NaN,NaN,NaN,NaN,NaN,NaN,NaN,NaN
7.246652742E1,NaN,NaN,NaN,NaN,NaN,NaN,NaN,NaN
7.247649042E1,NaN,NaN,NaN,NaN,NaN,NaN,NaN,NaN
7.248645342E1,NaN,NaN,NaN,NaN,NaN,NaN,NaN,NaN
7.249641542E1,NaN,NaN,NaN,NaN,NaN,NaN,NaN,NaN
7.250637842E1,NaN,NaN,NaN,NaN,NaN,NaN,NaN,NaN
7.251634142E1,NaN,NaN,NaN,NaN,NaN,NaN,NaN,NaN
7.252630442E1,NaN,NaN,NaN,NaN,NaN,NaN,NaN,NaN
7.253626642E1,NaN,NaN,NaN,NaN,NaN,NaN,NaN,NaN
7.254622942E1,NaN,NaN,NaN,NaN,NaN,NaN,NaN,NaN
7.255619242E1,NaN,NaN,NaN,NaN,NaN,NaN,NaN,NaN
7.256615442E1,NaN,NaN,NaN,NaN,NaN,NaN,NaN,NaN
7.257611742E1,NaN,NaN,NaN,NaN,NaN,NaN,NaN,NaN
7.258608042E1,NaN,NaN,NaN,NaN,NaN,NaN,NaN,NaN
7.259604342E1,NaN,NaN,NaN,NaN,NaN,NaN,NaN,NaN
7.260600542E1,NaN,NaN,NaN,NaN,NaN,NaN,NaN,NaN
7.261596842E1,NaN,NaN,NaN,NaN,NaN,NaN,NaN,NaN
7.262593142E1,NaN,NaN,NaN,NaN,NaN,NaN,NaN,NaN
7.263589342E1,NaN,NaN,NaN,NaN,NaN,NaN,NaN,NaN
7.264585642E1,NaN,NaN,NaN,NaN,NaN,NaN,NaN,NaN
7.265581942E1,NaN,NaN,NaN,NaN,NaN,NaN,NaN,NaN
7.266578142E1,NaN,NaN,NaN,NaN,NaN,NaN,NaN,NaN
7.267574442E1,NaN,NaN,NaN,NaN,NaN,NaN,NaN,NaN
7.268570742E1,NaN,NaN,NaN,NaN,NaN,NaN,NaN,NaN
7.269567042E1,NaN,NaN,NaN,NaN,NaN,NaN,NaN,NaN
7.270563242E1,NaN,NaN,NaN,NaN,NaN,NaN,NaN,NaN
7.271559542E1,NaN,NaN,NaN,NaN,NaN,NaN,NaN,NaN
7.272555842E1,NaN,NaN,NaN,NaN,NaN,NaN,NaN,NaN
7.273552042E1,NaN,NaN,NaN,NaN,NaN,NaN,NaN,NaN
7.274548342E1,NaN,NaN,NaN,NaN,NaN,NaN,NaN,NaN
7.275544642E1,NaN,NaN,NaN,NaN,NaN,NaN,NaN,NaN
7.276540842E1,NaN,NaN,NaN,NaN,NaN,NaN,NaN,NaN
7.277537142E1,NaN,NaN,NaN,NaN,NaN,NaN,NaN,NaN
7.278533442E1,NaN,NaN,NaN,NaN,NaN,NaN,NaN,NaN
7.279529742E1,NaN,NaN,NaN,NaN,NaN,NaN,NaN,NaN
7.280525942E1,NaN,NaN,NaN,NaN,NaN,NaN,NaN,NaN
7.281522242E1,NaN,NaN,NaN,NaN,NaN,NaN,NaN,NaN
7.282518542E1,NaN,NaN,NaN,NaN,NaN,NaN,NaN,NaN
7.283514742E1,NaN,NaN,NaN,NaN,NaN,NaN,NaN,NaN
7.284511042E1,NaN,NaN,NaN,NaN,NaN,NaN,NaN,NaN
7.285507342E1,NaN,NaN,NaN,NaN,NaN,NaN,NaN,NaN
7.286503542E1,NaN,NaN,NaN,NaN,NaN,NaN,NaN,NaN
7.287499842E1,NaN,NaN,NaN,NaN,NaN,NaN,NaN,NaN
7.288496142E1,NaN,NaN,NaN,NaN,NaN,NaN,NaN,NaN
7.289492442E1,NaN,NaN,NaN,NaN,NaN,NaN,NaN,NaN
7.290488642E1,NaN,NaN,NaN,NaN,NaN,NaN,NaN,NaN
7.291484942E1,NaN,NaN,NaN,NaN,NaN,NaN,NaN,NaN
7.292481242E1,NaN,NaN,NaN,NaN,NaN,NaN,NaN,NaN
7.293477442E1,NaN,NaN,NaN,NaN,NaN,NaN,NaN,NaN
7.294473742E1,NaN,NaN,NaN,NaN,NaN,NaN,NaN,NaN
7.295470042E1,NaN,NaN,NaN,NaN,NaN,NaN,NaN,NaN
7.296466242E1,NaN,NaN,NaN,NaN,NaN,NaN,NaN,NaN
7.297462542E1,NaN,NaN,NaN,NaN,NaN,NaN,NaN,NaN
7.298458854E1,NaN,NaN,NaN,NaN,NaN,NaN,NaN,NaN
7.299455154E1,NaN,NaN,NaN,NaN,NaN,NaN,NaN,NaN
7.300451354E1,NaN,NaN,NaN,NaN,NaN,NaN,NaN,NaN
7.301447654E1,NaN,NaN,NaN,NaN,NaN,NaN,NaN,NaN
7.302443954E1,NaN,NaN,NaN,NaN,NaN,NaN,NaN,NaN
7.303440154E1,NaN,NaN,NaN,NaN,NaN,NaN,NaN,NaN
7.304436454E1,NaN,NaN,NaN,NaN,NaN,NaN,NaN,NaN
7.305432754E1,NaN,NaN,NaN,NaN,NaN,NaN,NaN,NaN
7.306428954E1,NaN,NaN,NaN,NaN,NaN,NaN,NaN,NaN
7.307425254E1,NaN,NaN,NaN,NaN,NaN,NaN,NaN,NaN
7.308421554E1,NaN,NaN,NaN,NaN,NaN,NaN,NaN,NaN
7.309417854E1,NaN,NaN,NaN,NaN,NaN,NaN,NaN,NaN
7.310414054E1,NaN,NaN,NaN,NaN,NaN,NaN,NaN,NaN
7.311410354E1,NaN,NaN,NaN,NaN,NaN,NaN,NaN,NaN
7.312406654E1,NaN,NaN,NaN,NaN,NaN,NaN,NaN,NaN
7.313402854E1,NaN,NaN,NaN,NaN,NaN,NaN,NaN,NaN
7.314399154E1,NaN,NaN,NaN,NaN,NaN,NaN,NaN,NaN
7.315395454E1,NaN,NaN,NaN,NaN,NaN,NaN,NaN,NaN
7.316391654E1,NaN,NaN,NaN,NaN,NaN,NaN,NaN,NaN
7.317387954E1,NaN,NaN,NaN,NaN,NaN,NaN,NaN,NaN
7.318384254E1,NaN,NaN,NaN,NaN,NaN,NaN,NaN,NaN
7.319380554E1,NaN,NaN,NaN,NaN,NaN,NaN,NaN,NaN
7.320376754E1,NaN,NaN,NaN,NaN,NaN,NaN,NaN,NaN
7.321373054E1,NaN,NaN,NaN,NaN,NaN,NaN,NaN,NaN
7.322369354E1,NaN,NaN,NaN,NaN,NaN,NaN,NaN,NaN
7.323365554E1,NaN,NaN,NaN,NaN,NaN,NaN,NaN,NaN
7.324361854E1,NaN,NaN,NaN,NaN,NaN,NaN,NaN,NaN
7.325358154E1,NaN,NaN,NaN,NaN,NaN,NaN,NaN,NaN
7.326354354E1,NaN,NaN,NaN,NaN,NaN,NaN,NaN,NaN
7.327350654E1,NaN,NaN,NaN,NaN,NaN,NaN,NaN,NaN
7.328346954E1,NaN,NaN,NaN,NaN,NaN,NaN,NaN,NaN
7.329343154E1,NaN,NaN,NaN,NaN,NaN,NaN,NaN,NaN
7.330339454E1,NaN,NaN,NaN,NaN,NaN,NaN,NaN,NaN
7.331335754E1,NaN,NaN,NaN,NaN,NaN,NaN,NaN,NaN
7.332332054E1,NaN,NaN,NaN,NaN,NaN,NaN,NaN,NaN
7.333328254E1,NaN,NaN,NaN,NaN,NaN,NaN,NaN,NaN
7.334324554E1,NaN,NaN,NaN,NaN,NaN,NaN,NaN,NaN
7.335320854E1,NaN,NaN,NaN,NaN,NaN,NaN,NaN,NaN
7.336317054E1,NaN,NaN,NaN,NaN,NaN,NaN,NaN,NaN
7.337313354E1,NaN,NaN,NaN,NaN,NaN,NaN,NaN,NaN
7.338309654E1,NaN,NaN,NaN,NaN,NaN,NaN,NaN,NaN
7.339305854E1,NaN,NaN,NaN,NaN,NaN,NaN,NaN,NaN
7.340302154E1,NaN,NaN,NaN,NaN,NaN,NaN,NaN,NaN
7.341298454E1,NaN,NaN,NaN,NaN,NaN,NaN,NaN,NaN
7.342294654E1,NaN,NaN,NaN,NaN,NaN,NaN,NaN,NaN
7.343290954E1,NaN,NaN,NaN,NaN,NaN,NaN,NaN,NaN
7.344287254E1,NaN,NaN,NaN,NaN,NaN,NaN,NaN,NaN
7.345283554E1,NaN,NaN,NaN,NaN,NaN,NaN,NaN,NaN
7.346279754E1,NaN,NaN,NaN,NaN,NaN,NaN,NaN,NaN
7.347276054E1,NaN,NaN,NaN,NaN,NaN,NaN,NaN,NaN
7.348272354E1,NaN,NaN,NaN,NaN,NaN,NaN,NaN,NaN
7.349268554E1,NaN,NaN,NaN,NaN,NaN,NaN,NaN,NaN
7.350264854E1,NaN,NaN,NaN,NaN,NaN,NaN,NaN,NaN
7.351261154E1,NaN,NaN,NaN,NaN,NaN,NaN,NaN,NaN
7.352257354E1,NaN,NaN,NaN,NaN,NaN,NaN,NaN,NaN
7.353253654E1,NaN,NaN,NaN,NaN,NaN,NaN,NaN,NaN
7.354249954E1,NaN,NaN,NaN,NaN,NaN,NaN,NaN,NaN
7.355246254E1,NaN,NaN,NaN,NaN,NaN,NaN,NaN,NaN
7.356242454E1,NaN,NaN,NaN,NaN,NaN,NaN,NaN,NaN
7.357238754E1,NaN,NaN,NaN,NaN,NaN,NaN,NaN,NaN
7.358235054E1,NaN,NaN,NaN,NaN,NaN,NaN,NaN,NaN
7.359231254E1,NaN,NaN,NaN,NaN,NaN,NaN,NaN,NaN
7.360227554E1,NaN,NaN,NaN,NaN,NaN,NaN,NaN,NaN
7.361223854E1,NaN,NaN,NaN,NaN,NaN,NaN,NaN,NaN
7.362220054E1,NaN,NaN,NaN,NaN,NaN,NaN,NaN,NaN
7.363216354E1,NaN,NaN,NaN,NaN,NaN,NaN,NaN,NaN
7.364212654E1,NaN,NaN,NaN,NaN,NaN,NaN,NaN,NaN
7.365208854E1,NaN,NaN,NaN,NaN,NaN,NaN,NaN,NaN
7.366205154E1,NaN,NaN,NaN,NaN,NaN,NaN,NaN,NaN
7.367201454E1,NaN,NaN,NaN,NaN,NaN,NaN,NaN,NaN
7.368197654E1,NaN,NaN,NaN,NaN,NaN,NaN,NaN,NaN
7.369193954E1,NaN,NaN,NaN,NaN,NaN,NaN,NaN,NaN
7.370190254E1,NaN,NaN,NaN,NaN,NaN,NaN,NaN,NaN
7.371186554E1,NaN,NaN,NaN,NaN,NaN,NaN,NaN,NaN
7.372182754E1,NaN,NaN,NaN,NaN,NaN,NaN,NaN,NaN
7.373179054E1,NaN,NaN,NaN,NaN,NaN,NaN,NaN,NaN
7.374175354E1,NaN,NaN,NaN,NaN,NaN,NaN,NaN,NaN
7.375171554E1,NaN,NaN,NaN,NaN,NaN,NaN,NaN,NaN
7.376167854E1,NaN,NaN,NaN,NaN,NaN,NaN,NaN,NaN
7.377164154E1,NaN,NaN,NaN,NaN,NaN,NaN,NaN,NaN
7.378160354E1,NaN,NaN,NaN,NaN,NaN,NaN,NaN,NaN
7.379156654E1,NaN,NaN,NaN,NaN,NaN,NaN,NaN,NaN
7.380152954E1,NaN,NaN,NaN,NaN,NaN,NaN,NaN,NaN
7.381149154E1,NaN,NaN,NaN,NaN,NaN,NaN,NaN,NaN
7.382145454E1,NaN,NaN,NaN,NaN,NaN,NaN,NaN,NaN
7.383141754E1,NaN,NaN,NaN,NaN,NaN,NaN,NaN,NaN
7.384138054E1,NaN,NaN,NaN,NaN,NaN,NaN,NaN,NaN
7.385134254E1,NaN,NaN,NaN,NaN,NaN,NaN,NaN,NaN
7.386130554E1,NaN,NaN,NaN,NaN,NaN,NaN,NaN,NaN
7.387126854E1,NaN,NaN,NaN,NaN,NaN,NaN,NaN,NaN
7.388123054E1,NaN,NaN,NaN,NaN,NaN,NaN,NaN,NaN
7.389119354E1,NaN,NaN,NaN,NaN,NaN,NaN,NaN,NaN
7.390115654E1,NaN,NaN,NaN,NaN,NaN,NaN,NaN,NaN
7.391111854E1,NaN,NaN,NaN,NaN,NaN,NaN,NaN,NaN
7.392108154E1,NaN,NaN,NaN,NaN,NaN,NaN,NaN,NaN
7.393104454E1,NaN,NaN,NaN,NaN,NaN,NaN,NaN,NaN
7.394100654E1,NaN,NaN,NaN,NaN,NaN,NaN,NaN,NaN
7.395096954E1,NaN,NaN,NaN,NaN,NaN,NaN,NaN,NaN
7.396093254E1,NaN,NaN,NaN,NaN,NaN,NaN,NaN,NaN
7.397089454E1,NaN,NaN,NaN,NaN,NaN,NaN,NaN,NaN
7.398085742E1,NaN,NaN,NaN,NaN,NaN,NaN,NaN,NaN
7.399082042E1,NaN,NaN,NaN,NaN,NaN,NaN,NaN,NaN
7.400078342E1,NaN,NaN,NaN,NaN,NaN,NaN,NaN,NaN
7.401074542E1,NaN,NaN,NaN,NaN,NaN,NaN,NaN,NaN
7.402070842E1,NaN,NaN,NaN,NaN,NaN,NaN,NaN,NaN
7.403067142E1,NaN,NaN,NaN,NaN,NaN,NaN,NaN,NaN
7.404063342E1,NaN,NaN,NaN,NaN,NaN,NaN,NaN,NaN
7.405059642E1,NaN,NaN,NaN,NaN,NaN,NaN,NaN,NaN
7.406055942E1,NaN,NaN,NaN,NaN,NaN,NaN,NaN,NaN
7.407052142E1,NaN,NaN,NaN,NaN,NaN,NaN,NaN,NaN
7.408048442E1,NaN,NaN,NaN,NaN,NaN,NaN,NaN,NaN
7.409044742E1,NaN,NaN,NaN,NaN,NaN,NaN,NaN,NaN
7.410040942E1,NaN,NaN,NaN,NaN,NaN,NaN,NaN,NaN
7.411037242E1,NaN,NaN,NaN,NaN,NaN,NaN,NaN,NaN
7.412033542E1,NaN,NaN,NaN,NaN,NaN,NaN,NaN,NaN
7.413029742E1,NaN,NaN,NaN,NaN,NaN,NaN,NaN,NaN
7.414026042E1,NaN,NaN,NaN,NaN,NaN,NaN,NaN,NaN
7.415022342E1,NaN,NaN,NaN,NaN,NaN,NaN,NaN,NaN
7.416018542E1,NaN,NaN,NaN,NaN,NaN,NaN,NaN,NaN
7.417014842E1,NaN,NaN,NaN,NaN,NaN,NaN,NaN,NaN
7.418011142E1,NaN,NaN,NaN,NaN,NaN,NaN,NaN,NaN
7.419007442E1,NaN,NaN,NaN,NaN,NaN,NaN,NaN,NaN
7.420003642E1,NaN,NaN,NaN,NaN,NaN,NaN,NaN,NaN
7.420999942E1,NaN,NaN,NaN,NaN,NaN,NaN,NaN,NaN
7.421996242E1,NaN,NaN,NaN,NaN,NaN,NaN,NaN,NaN
7.422992442E1,NaN,NaN,NaN,NaN,NaN,NaN,NaN,NaN
7.423988742E1,NaN,NaN,NaN,NaN,NaN,NaN,NaN,NaN
7.424985042E1,NaN,NaN,NaN,NaN,NaN,NaN,NaN,NaN
7.425981242E1,NaN,NaN,NaN,NaN,NaN,NaN,NaN,NaN
7.426977542E1,NaN,NaN,NaN,NaN,NaN,NaN,NaN,NaN
7.427973842E1,NaN,NaN,NaN,NaN,NaN,NaN,NaN,NaN
7.428970042E1,NaN,NaN,NaN,NaN,NaN,NaN,NaN,NaN
7.429966342E1,NaN,NaN,NaN,NaN,NaN,NaN,NaN,NaN
7.430962642E1,NaN,NaN,NaN,NaN,NaN,NaN,NaN,NaN
7.431958842E1,NaN,NaN,NaN,NaN,NaN,NaN,NaN,NaN
7.432955142E1,NaN,NaN,NaN,NaN,NaN,NaN,NaN,NaN
7.433951442E1,NaN,NaN,NaN,NaN,NaN,NaN,NaN,NaN
7.434947642E1,NaN,NaN,NaN,NaN,NaN,NaN,NaN,NaN
7.435943942E1,NaN,NaN,NaN,NaN,NaN,NaN,NaN,NaN
7.436940242E1,NaN,NaN,NaN,NaN,NaN,NaN,NaN,NaN
7.437936542E1,NaN,NaN,NaN,NaN,NaN,NaN,NaN,NaN
7.438932742E1,NaN,NaN,NaN,NaN,NaN,NaN,NaN,NaN
7.439929042E1,NaN,NaN,NaN,NaN,NaN,NaN,NaN,NaN
7.440925342E1,NaN,NaN,NaN,NaN,NaN,NaN,NaN,NaN
7.441921542E1,NaN,NaN,NaN,NaN,NaN,NaN,NaN,NaN
7.442917842E1,NaN,NaN,NaN,NaN,NaN,NaN,NaN,NaN
7.443914142E1,NaN,NaN,NaN,NaN,NaN,NaN,NaN,NaN
7.444910342E1,NaN,NaN,NaN,NaN,NaN,NaN,NaN,NaN
7.445906642E1,NaN,NaN,NaN,NaN,NaN,NaN,NaN,NaN
7.446902942E1,NaN,NaN,NaN,NaN,NaN,NaN,NaN,NaN
7.447899142E1,NaN,NaN,NaN,NaN,NaN,NaN,NaN,NaN
7.448895442E1,NaN,NaN,NaN,NaN,NaN,NaN,NaN,NaN
7.449891742E1,NaN,NaN,NaN,NaN,NaN,NaN,NaN,NaN
7.450887942E1,NaN,NaN,NaN,NaN,NaN,NaN,NaN,NaN
7.451884242E1,NaN,NaN,NaN,NaN,NaN,NaN,NaN,NaN
7.452880542E1,NaN,NaN,NaN,NaN,NaN,NaN,NaN,NaN
7.453876742E1,NaN,NaN,NaN,NaN,NaN,NaN,NaN,NaN
7.454873042E1,NaN,NaN,NaN,NaN,NaN,NaN,NaN,NaN
7.455869342E1,NaN,NaN,NaN,NaN,NaN,NaN,NaN,NaN
7.456865542E1,NaN,NaN,NaN,NaN,NaN,NaN,NaN,NaN
7.457861842E1,NaN,NaN,NaN,NaN,NaN,NaN,NaN,NaN
7.458858142E1,NaN,NaN,NaN,NaN,NaN,NaN,NaN,NaN
7.459854442E1,NaN,NaN,NaN,NaN,NaN,NaN,NaN,NaN
7.460850642E1,NaN,NaN,NaN,NaN,NaN,NaN,NaN,NaN
7.461846942E1,NaN,NaN,NaN,NaN,NaN,NaN,NaN,NaN
7.462843242E1,NaN,NaN,NaN,NaN,NaN,NaN,NaN,NaN
7.463839442E1,NaN,NaN,NaN,NaN,NaN,NaN,NaN,NaN
7.464835742E1,NaN,NaN,NaN,NaN,NaN,NaN,NaN,NaN
7.465832042E1,NaN,NaN,NaN,NaN,NaN,NaN,NaN,NaN
7.466828242E1,NaN,NaN,NaN,NaN,NaN,NaN,NaN,NaN
7.467824542E1,NaN,NaN,NaN,NaN,NaN,NaN,NaN,NaN
7.468820842E1,NaN,NaN,NaN,NaN,NaN,NaN,NaN,NaN
7.469817042E1,NaN,NaN,NaN,NaN,NaN,NaN,NaN,NaN
7.470813342E1,NaN,NaN,NaN,NaN,NaN,NaN,NaN,NaN
7.471809642E1,NaN,NaN,NaN,NaN,NaN,NaN,NaN,NaN
7.472805842E1,NaN,NaN,NaN,NaN,NaN,NaN,NaN,NaN
7.473802142E1,NaN,NaN,NaN,NaN,NaN,NaN,NaN,NaN
7.474798442E1,NaN,NaN,NaN,NaN,NaN,NaN,NaN,NaN
7.475794642E1,NaN,NaN,NaN,NaN,NaN,NaN,NaN,NaN
7.476790942E1,NaN,NaN,NaN,NaN,NaN,NaN,NaN,NaN
7.477787242E1,NaN,NaN,NaN,NaN,NaN,NaN,NaN,NaN
7.478783442E1,NaN,NaN,NaN,NaN,NaN,NaN,NaN,NaN
7.479779742E1,NaN,NaN,NaN,NaN,NaN,NaN,NaN,NaN
7.480776042E1,NaN,NaN,NaN,NaN,NaN,NaN,NaN,NaN
7.481772242E1,NaN,NaN,NaN,NaN,NaN,NaN,NaN,NaN
7.482768542E1,NaN,NaN,NaN,NaN,NaN,NaN,NaN,NaN
7.483764842E1,NaN,NaN,NaN,NaN,NaN,NaN,NaN,NaN
7.484761142E1,NaN,NaN,NaN,NaN,NaN,NaN,NaN,NaN
7.485757342E1,NaN,NaN,NaN,NaN,NaN,NaN,NaN,NaN
7.486753642E1,NaN,NaN,NaN,NaN,NaN,NaN,NaN,NaN
7.487749942E1,NaN,NaN,NaN,NaN,NaN,NaN,NaN,NaN
7.488746142E1,NaN,NaN,NaN,NaN,NaN,NaN,NaN,NaN
7.489742442E1,NaN,NaN,NaN,NaN,NaN,NaN,NaN,NaN
7.490738742E1,NaN,NaN,NaN,NaN,NaN,NaN,NaN,NaN
7.491734942E1,NaN,NaN,NaN,NaN,NaN,NaN,NaN,NaN
7.492731242E1,NaN,NaN,NaN,NaN,NaN,NaN,NaN,NaN
7.493727542E1,NaN,NaN,NaN,NaN,NaN,NaN,NaN,NaN
7.494723742E1,NaN,NaN,NaN,NaN,NaN,NaN,NaN,NaN
7.495720042E1,NaN,NaN,NaN,NaN,NaN,NaN,NaN,NaN
7.496716342E1,NaN,NaN,NaN,NaN,NaN,NaN,NaN,NaN
7.497712542E1,NaN,NaN,NaN,NaN,NaN,NaN,NaN,NaN
7.498708829E1,NaN,NaN,NaN,NaN,NaN,NaN,NaN,NaN
7.499705129E1,NaN,NaN,NaN,NaN,NaN,NaN,NaN,NaN
7.500701329E1,NaN,NaN,NaN,NaN,NaN,NaN,NaN,NaN
7.501697629E1,NaN,NaN,NaN,NaN,NaN,NaN,NaN,NaN
7.502693929E1,NaN,NaN,NaN,NaN,NaN,NaN,NaN,NaN
7.503690129E1,NaN,NaN,NaN,NaN,NaN,NaN,NaN,NaN
7.504686429E1,NaN,NaN,NaN,NaN,NaN,NaN,NaN,NaN
7.505682729E1,NaN,NaN,NaN,NaN,NaN,NaN,NaN,NaN
7.506678929E1,NaN,NaN,NaN,NaN,NaN,NaN,NaN,NaN
7.507675229E1,NaN,NaN,NaN,NaN,NaN,NaN,NaN,NaN
7.508671529E1,NaN,NaN,NaN,NaN,NaN,NaN,NaN,NaN
7.509667729E1,NaN,NaN,NaN,NaN,NaN,NaN,NaN,NaN
7.510664029E1,NaN,NaN,NaN,NaN,NaN,NaN,NaN,NaN
7.511660329E1,NaN,NaN,NaN,NaN,NaN,NaN,NaN,NaN
7.512656529E1,NaN,NaN,NaN,NaN,NaN,NaN,NaN,NaN
7.513652829E1,NaN,NaN,NaN,NaN,NaN,NaN,NaN,NaN
7.514649129E1,NaN,NaN,NaN,NaN,NaN,NaN,NaN,NaN
7.515645329E1,NaN,NaN,NaN,NaN,NaN,NaN,NaN,NaN
7.516641629E1,NaN,NaN,NaN,NaN,NaN,NaN,NaN,NaN
7.517637929E1,NaN,NaN,NaN,NaN,NaN,NaN,NaN,NaN
7.518634229E1,NaN,NaN,NaN,NaN,NaN,NaN,NaN,NaN
7.519630429E1,NaN,NaN,NaN,NaN,NaN,NaN,NaN,NaN
7.520626729E1,NaN,NaN,NaN,NaN,NaN,NaN,NaN,NaN
7.521623029E1,NaN,NaN,NaN,NaN,NaN,NaN,NaN,NaN
7.522619229E1,NaN,NaN,NaN,NaN,NaN,NaN,NaN,NaN
7.523615529E1,NaN,NaN,NaN,NaN,NaN,NaN,NaN,NaN
7.524611829E1,NaN,NaN,NaN,NaN,NaN,NaN,NaN,NaN
7.525608029E1,NaN,NaN,NaN,NaN,NaN,NaN,NaN,NaN
7.526604329E1,NaN,NaN,NaN,NaN,NaN,NaN,NaN,NaN
7.527600629E1,NaN,NaN,NaN,NaN,NaN,NaN,NaN,NaN
7.528596829E1,NaN,NaN,NaN,NaN,NaN,NaN,NaN,NaN
7.529593129E1,NaN,NaN,NaN,NaN,NaN,NaN,NaN,NaN
7.530589429E1,NaN,NaN,NaN,NaN,NaN,NaN,NaN,NaN
7.531585629E1,NaN,NaN,NaN,NaN,NaN,NaN,NaN,NaN
7.532581929E1,NaN,NaN,NaN,NaN,NaN,NaN,NaN,NaN
7.533578229E1,NaN,NaN,NaN,NaN,NaN,NaN,NaN,NaN
7.534574429E1,NaN,NaN,NaN,NaN,NaN,NaN,NaN,NaN
7.535570729E1,NaN,NaN,NaN,NaN,NaN,NaN,NaN,NaN
7.536567029E1,NaN,NaN,NaN,NaN,NaN,NaN,NaN,NaN
7.537563229E1,NaN,NaN,NaN,NaN,NaN,NaN,NaN,NaN
7.538559529E1,NaN,NaN,NaN,NaN,NaN,NaN,NaN,NaN
7.539555829E1,NaN,NaN,NaN,NaN,NaN,NaN,NaN,NaN
7.540552029E1,NaN,NaN,NaN,NaN,NaN,NaN,NaN,NaN
7.541548329E1,NaN,NaN,NaN,NaN,NaN,NaN,NaN,NaN
7.542544629E1,NaN,NaN,NaN,NaN,NaN,NaN,NaN,NaN
7.543540829E1,NaN,NaN,NaN,NaN,NaN,NaN,NaN,NaN
7.544537129E1,NaN,NaN,NaN,NaN,NaN,NaN,NaN,NaN
7.545533429E1,NaN,NaN,NaN,NaN,NaN,NaN,NaN,NaN
7.546529629E1,NaN,NaN,NaN,NaN,NaN,NaN,NaN,NaN
7.547525929E1,NaN,NaN,NaN,NaN,NaN,NaN,NaN,NaN
7.548522229E1,NaN,NaN,NaN,NaN,NaN,NaN,NaN,NaN
7.549518429E1,NaN,NaN,NaN,NaN,NaN,NaN,NaN,NaN
7.550514729E1,NaN,NaN,NaN,NaN,NaN,NaN,NaN,NaN
7.551511029E1,NaN,NaN,NaN,NaN,NaN,NaN,NaN,NaN
7.552507229E1,NaN,NaN,NaN,NaN,NaN,NaN,NaN,NaN
7.553503529E1,NaN,NaN,NaN,NaN,NaN,NaN,NaN,NaN
7.554499829E1,NaN,NaN,NaN,NaN,NaN,NaN,NaN,NaN
7.555496029E1,NaN,NaN,NaN,NaN,NaN,NaN,NaN,NaN
7.556492329E1,NaN,NaN,NaN,NaN,NaN,NaN,NaN,NaN
7.557488629E1,NaN,NaN,NaN,NaN,NaN,NaN,NaN,NaN
7.558484829E1,NaN,NaN,NaN,NaN,NaN,NaN,NaN,NaN
7.559481129E1,NaN,NaN,NaN,NaN,NaN,NaN,NaN,NaN
7.560477429E1,NaN,NaN,NaN,NaN,NaN,NaN,NaN,NaN
7.561473629E1,NaN,NaN,NaN,NaN,NaN,NaN,NaN,NaN
7.562469929E1,NaN,NaN,NaN,NaN,NaN,NaN,NaN,NaN
7.563466229E1,NaN,NaN,NaN,NaN,NaN,NaN,NaN,NaN
7.564462429E1,NaN,NaN,NaN,NaN,NaN,NaN,NaN,NaN
7.565458729E1,NaN,NaN,NaN,NaN,NaN,NaN,NaN,NaN
7.566455029E1,NaN,NaN,NaN,NaN,NaN,NaN,NaN,NaN
7.567451229E1,NaN,NaN,NaN,NaN,NaN,NaN,NaN,NaN
7.568447529E1,NaN,NaN,NaN,NaN,NaN,NaN,NaN,NaN
7.569443829E1,NaN,NaN,NaN,NaN,NaN,NaN,NaN,NaN
7.570440029E1,NaN,NaN,NaN,NaN,NaN,NaN,NaN,NaN
7.571436329E1,NaN,NaN,NaN,NaN,NaN,NaN,NaN,NaN
7.572432629E1,NaN,NaN,NaN,NaN,NaN,NaN,NaN,NaN
7.573428829E1,NaN,NaN,NaN,NaN,NaN,NaN,NaN,NaN
7.574425129E1,NaN,NaN,NaN,NaN,NaN,NaN,NaN,NaN
7.575421429E1,NaN,NaN,NaN,NaN,NaN,NaN,NaN,NaN
7.576417629E1,NaN,NaN,NaN,NaN,NaN,NaN,NaN,NaN
7.577413929E1,NaN,NaN,NaN,NaN,NaN,NaN,NaN,NaN
7.578410229E1,NaN,NaN,NaN,NaN,NaN,NaN,NaN,NaN
7.579406429E1,NaN,NaN,NaN,NaN,NaN,NaN,NaN,NaN
7.580402729E1,NaN,NaN,NaN,NaN,NaN,NaN,NaN,NaN
7.581399029E1,NaN,NaN,NaN,NaN,NaN,NaN,NaN,NaN
7.582395229E1,NaN,NaN,NaN,NaN,NaN,NaN,NaN,NaN
7.583391529E1,NaN,NaN,NaN,NaN,NaN,NaN,NaN,NaN
7.584387829E1,NaN,NaN,NaN,NaN,NaN,NaN,NaN,NaN
7.585384029E1,NaN,NaN,NaN,NaN,NaN,NaN,NaN,NaN
7.586380329E1,NaN,NaN,NaN,NaN,NaN,NaN,NaN,NaN
7.587376629E1,NaN,NaN,NaN,NaN,NaN,NaN,NaN,NaN
7.588372829E1,NaN,NaN,NaN,NaN,NaN,NaN,NaN,NaN
7.589369129E1,NaN,NaN,NaN,NaN,NaN,NaN,NaN,NaN
7.590365429E1,NaN,NaN,NaN,NaN,NaN,NaN,NaN,NaN
7.591361629E1,NaN,NaN,NaN,NaN,NaN,NaN,NaN,NaN
7.592357929E1,NaN,NaN,NaN,NaN,NaN,NaN,NaN,NaN
7.593354229E1,NaN,NaN,NaN,NaN,NaN,NaN,NaN,NaN
7.594350429E1,NaN,NaN,NaN,NaN,NaN,NaN,NaN,NaN
7.595346729E1,NaN,NaN,NaN,NaN,NaN,NaN,NaN,NaN
7.596343029E1,NaN,NaN,NaN,NaN,NaN,NaN,NaN,NaN
7.597339229E1,NaN,NaN,NaN,NaN,NaN,NaN,NaN,NaN
7.598335529E1,NaN,NaN,NaN,NaN,NaN,NaN,NaN,NaN
7.599331829E1,NaN,NaN,NaN,NaN,NaN,NaN,NaN,NaN
7.600328029E1,NaN,NaN,NaN,NaN,NaN,NaN,NaN,NaN
7.601324329E1,NaN,NaN,NaN,NaN,NaN,NaN,NaN,NaN
7.602320629E1,NaN,NaN,NaN,NaN,NaN,NaN,NaN,NaN
7.603316829E1,NaN,NaN,NaN,NaN,NaN,NaN,NaN,NaN
7.604313129E1,NaN,NaN,NaN,NaN,NaN,NaN,NaN,NaN
7.605309429E1,NaN,NaN,NaN,NaN,NaN,NaN,NaN,NaN
7.606305629E1,NaN,NaN,NaN,NaN,NaN,NaN,NaN,NaN
7.607301929E1,NaN,NaN,NaN,NaN,NaN,NaN,NaN,NaN
7.608298229E1,NaN,NaN,NaN,NaN,NaN,NaN,NaN,NaN
7.609294429E1,NaN,NaN,NaN,NaN,NaN,NaN,NaN,NaN
7.610290729E1,NaN,NaN,NaN,NaN,NaN,NaN,NaN,NaN
7.611287029E1,NaN,NaN,NaN,NaN,NaN,NaN,NaN,NaN
7.612283229E1,NaN,NaN,NaN,NaN,NaN,NaN,NaN,NaN
7.613279529E1,NaN,NaN,NaN,NaN,NaN,NaN,NaN,NaN
7.614275829E1,NaN,NaN,NaN,NaN,NaN,NaN,NaN,NaN
7.615272029E1,NaN,NaN,NaN,NaN,NaN,NaN,NaN,NaN
7.616268329E1,NaN,NaN,NaN,NaN,NaN,NaN,NaN,NaN
7.617264629E1,NaN,NaN,NaN,NaN,NaN,NaN,NaN,NaN
7.618260829E1,NaN,NaN,NaN,NaN,NaN,NaN,NaN,NaN
7.619257129E1,NaN,NaN,NaN,NaN,NaN,NaN,NaN,NaN
7.620253429E1,NaN,NaN,NaN,NaN,NaN,NaN,NaN,NaN
7.621249629E1,NaN,NaN,NaN,NaN,NaN,NaN,NaN,NaN
7.622245929E1,NaN,NaN,NaN,NaN,NaN,NaN,NaN,NaN
7.623242229E1,NaN,NaN,NaN,NaN,NaN,NaN,NaN,NaN
7.624238429E1,NaN,NaN,NaN,NaN,NaN,NaN,NaN,NaN
7.625234729E1,NaN,NaN,NaN,NaN,NaN,NaN,NaN,NaN
7.626231029E1,NaN,NaN,NaN,NaN,NaN,NaN,NaN,NaN
7.627227229E1,NaN,NaN,NaN,NaN,NaN,NaN,NaN,NaN
7.628223529E1,NaN,NaN,NaN,NaN,NaN,NaN,NaN,NaN
7.629219829E1,NaN,NaN,NaN,NaN,NaN,NaN,NaN,NaN
7.630216029E1,NaN,NaN,NaN,NaN,NaN,NaN,NaN,NaN
7.631212329E1,NaN,NaN,NaN,NaN,NaN,NaN,NaN,NaN
7.632208629E1,NaN,NaN,NaN,NaN,NaN,NaN,NaN,NaN
7.633204829E1,NaN,NaN,NaN,NaN,NaN,NaN,NaN,NaN
7.634201129E1,NaN,NaN,NaN,NaN,NaN,NaN,NaN,NaN
7.635197429E1,NaN,NaN,NaN,NaN,NaN,NaN,NaN,NaN
7.636193629E1,NaN,NaN,NaN,NaN,NaN,NaN,NaN,NaN
7.637189929E1,NaN,NaN,NaN,NaN,NaN,NaN,NaN,NaN
7.638186229E1,NaN,NaN,NaN,NaN,NaN,NaN,NaN,NaN
7.639182429E1,NaN,NaN,NaN,NaN,NaN,NaN,NaN,NaN
7.640178729E1,NaN,NaN,NaN,NaN,NaN,NaN,NaN,NaN
7.641175029E1,NaN,NaN,NaN,NaN,NaN,NaN,NaN,NaN
7.642171229E1,NaN,NaN,NaN,NaN,NaN,NaN,NaN,NaN
7.643167529E1,NaN,NaN,NaN,NaN,NaN,NaN,NaN,NaN
7.644163829E1,NaN,NaN,NaN,NaN,NaN,NaN,NaN,NaN
7.645160029E1,NaN,NaN,NaN,NaN,NaN,NaN,NaN,NaN
7.646156329E1,NaN,NaN,NaN,NaN,NaN,NaN,NaN,NaN
7.647152629E1,NaN,NaN,NaN,NaN,NaN,NaN,NaN,NaN
7.648148829E1,NaN,NaN,NaN,NaN,NaN,NaN,NaN,NaN
7.649145129E1,NaN,NaN,NaN,NaN,NaN,NaN,NaN,NaN
7.650141429E1,NaN,NaN,NaN,NaN,NaN,NaN,NaN,NaN
7.651137629E1,NaN,NaN,NaN,NaN,NaN,NaN,NaN,NaN
7.652133929E1,NaN,NaN,NaN,NaN,NaN,NaN,NaN,NaN
7.653130229E1,NaN,NaN,NaN,NaN,NaN,NaN,NaN,NaN
7.654126429E1,NaN,NaN,NaN,NaN,NaN,NaN,NaN,NaN
7.655122729E1,NaN,NaN,NaN,NaN,NaN,NaN,NaN,NaN
7.656119029E1,NaN,NaN,NaN,NaN,NaN,NaN,NaN,NaN
7.657115229E1,NaN,NaN,NaN,NaN,NaN,NaN,NaN,NaN
7.658111529E1,NaN,NaN,NaN,NaN,NaN,NaN,NaN,NaN
7.659107829E1,NaN,NaN,NaN,NaN,NaN,NaN,NaN,NaN
7.660104029E1,NaN,NaN,NaN,NaN,NaN,NaN,NaN,NaN
7.661100329E1,NaN,NaN,NaN,NaN,NaN,NaN,NaN,NaN
7.662096629E1,NaN,NaN,NaN,NaN,NaN,NaN,NaN,NaN
7.663092829E1,NaN,NaN,NaN,NaN,NaN,NaN,NaN,NaN
7.664089129E1,NaN,NaN,NaN,NaN,NaN,NaN,NaN,NaN
7.665085429E1,NaN,NaN,NaN,NaN,NaN,NaN,NaN,NaN
7.666081629E1,NaN,NaN,NaN,NaN,NaN,NaN,NaN,NaN
7.667077929E1,NaN,NaN,NaN,NaN,NaN,NaN,NaN,NaN
7.668074229E1,NaN,NaN,NaN,NaN,NaN,NaN,NaN,NaN
7.669070429E1,NaN,NaN,NaN,NaN,NaN,NaN,NaN,NaN
7.670066729E1,NaN,NaN,NaN,NaN,NaN,NaN,NaN,NaN
7.671062929E1,NaN,NaN,NaN,NaN,NaN,NaN,NaN,NaN
7.672059229E1,NaN,NaN,NaN,NaN,NaN,NaN,NaN,NaN
7.673055529E1,NaN,NaN,NaN,NaN,NaN,NaN,NaN,NaN
7.674051729E1,NaN,NaN,NaN,NaN,NaN,NaN,NaN,NaN
7.675048029E1,NaN,NaN,NaN,NaN,NaN,NaN,NaN,NaN
7.676044329E1,NaN,NaN,NaN,NaN,NaN,NaN,NaN,NaN
7.677040529E1,NaN,NaN,NaN,NaN,NaN,NaN,NaN,NaN
7.678036829E1,NaN,NaN,NaN,NaN,NaN,NaN,NaN,NaN
7.679033129E1,NaN,NaN,NaN,NaN,NaN,NaN,NaN,NaN
7.680029329E1,NaN,NaN,NaN,NaN,NaN,NaN,NaN,NaN
7.681025629E1,NaN,NaN,NaN,NaN,NaN,NaN,NaN,NaN
7.682021929E1,NaN,NaN,NaN,NaN,NaN,NaN,NaN,NaN
7.683018129E1,NaN,NaN,NaN,NaN,NaN,NaN,NaN,NaN
7.684014429E1,NaN,NaN,NaN,NaN,NaN,NaN,NaN,NaN
7.685010729E1,NaN,NaN,NaN,NaN,NaN,NaN,NaN,NaN
7.686006929E1,NaN,NaN,NaN,NaN,NaN,NaN,NaN,NaN
7.687003229E1,NaN,NaN,NaN,NaN,NaN,NaN,NaN,NaN
7.687999529E1,NaN,NaN,NaN,NaN,NaN,NaN,NaN,NaN
7.688995729E1,NaN,NaN,NaN,NaN,NaN,NaN,NaN,NaN
7.689992029E1,NaN,NaN,NaN,NaN,NaN,NaN,NaN,NaN
7.690988329E1,NaN,NaN,NaN,NaN,NaN,NaN,NaN,NaN
7.691984529E1,NaN,NaN,NaN,NaN,NaN,NaN,NaN,NaN
7.692980829E1,NaN,NaN,NaN,NaN,NaN,NaN,NaN,NaN
7.693977129E1,NaN,NaN,NaN,NaN,NaN,NaN,NaN,NaN
7.694973329E1,NaN,NaN,NaN,NaN,NaN,NaN,NaN,NaN
7.695969629E1,NaN,NaN,NaN,NaN,NaN,NaN,NaN,NaN
7.696965929E1,NaN,NaN,NaN,NaN,NaN,NaN,NaN,NaN
7.697962129E1,NaN,NaN,NaN,NaN,NaN,NaN,NaN,NaN
7.698958492E1,NaN,NaN,NaN,NaN,NaN,NaN,NaN,NaN
7.699954792E1,NaN,NaN,NaN,NaN,NaN,NaN,NaN,NaN
7.700950992E1,NaN,NaN,NaN,NaN,NaN,NaN,NaN,NaN
7.701947292E1,NaN,NaN,NaN,NaN,NaN,NaN,NaN,NaN
7.702943492E1,NaN,NaN,NaN,NaN,NaN,NaN,NaN,NaN
7.703939792E1,NaN,NaN,NaN,NaN,NaN,NaN,NaN,NaN
7.704936092E1,NaN,NaN,NaN,NaN,NaN,NaN,NaN,NaN
7.705932292E1,NaN,NaN,NaN,NaN,NaN,NaN,NaN,NaN
7.706928592E1,NaN,NaN,NaN,NaN,NaN,NaN,NaN,NaN
7.707924892E1,NaN,NaN,NaN,NaN,NaN,NaN,NaN,NaN
7.708921092E1,NaN,NaN,NaN,NaN,NaN,NaN,NaN,NaN
7.709917392E1,NaN,NaN,NaN,NaN,NaN,NaN,NaN,NaN
7.710913692E1,NaN,NaN,NaN,NaN,NaN,NaN,NaN,NaN
7.711909892E1,NaN,NaN,NaN,NaN,NaN,NaN,NaN,NaN
7.712906192E1,NaN,NaN,NaN,NaN,NaN,NaN,NaN,NaN
7.713902492E1,NaN,NaN,NaN,NaN,NaN,NaN,NaN,NaN
7.714898692E1,NaN,NaN,NaN,NaN,NaN,NaN,NaN,NaN
7.715894992E1,NaN,NaN,NaN,NaN,NaN,NaN,NaN,NaN
7.716891292E1,NaN,NaN,NaN,NaN,NaN,NaN,NaN,NaN
7.717887492E1,NaN,NaN,NaN,NaN,NaN,NaN,NaN,NaN
7.718883792E1,NaN,NaN,NaN,NaN,NaN,NaN,NaN,NaN
7.719880092E1,NaN,NaN,NaN,NaN,NaN,NaN,NaN,NaN
7.720876292E1,NaN,NaN,NaN,NaN,NaN,NaN,NaN,NaN
7.721872592E1,NaN,NaN,NaN,NaN,NaN,NaN,NaN,NaN
7.722868892E1,NaN,NaN,NaN,NaN,NaN,NaN,NaN,NaN
7.723865092E1,NaN,NaN,NaN,NaN,NaN,NaN,NaN,NaN
7.724861392E1,NaN,NaN,NaN,NaN,NaN,NaN,NaN,NaN
7.725857692E1,NaN,NaN,NaN,NaN,NaN,NaN,NaN,NaN
7.726853892E1,NaN,NaN,NaN,NaN,NaN,NaN,NaN,NaN
7.727850192E1,NaN,NaN,NaN,NaN,NaN,NaN,NaN,NaN
7.728846492E1,NaN,NaN,NaN,NaN,NaN,NaN,NaN,NaN
7.729842692E1,NaN,NaN,NaN,NaN,NaN,NaN,NaN,NaN
7.730838992E1,NaN,NaN,NaN,NaN,NaN,NaN,NaN,NaN
7.731835192E1,NaN,NaN,NaN,NaN,NaN,NaN,NaN,NaN
7.732831492E1,NaN,NaN,NaN,NaN,NaN,NaN,NaN,NaN
7.733827792E1,NaN,NaN,NaN,NaN,NaN,NaN,NaN,NaN
7.734823992E1,NaN,NaN,NaN,NaN,NaN,NaN,NaN,NaN
7.735820292E1,NaN,NaN,NaN,NaN,NaN,NaN,NaN,NaN
7.736816592E1,NaN,NaN,NaN,NaN,NaN,NaN,NaN,NaN
7.737812792E1,NaN,NaN,NaN,NaN,NaN,NaN,NaN,NaN
7.738809092E1,NaN,NaN,NaN,NaN,NaN,NaN,NaN,NaN
7.739805392E1,NaN,NaN,NaN,NaN,NaN,NaN,NaN,NaN
7.740801592E1,NaN,NaN,NaN,NaN,NaN,NaN,NaN,NaN
7.741797892E1,NaN,NaN,NaN,NaN,NaN,NaN,NaN,NaN
7.742794192E1,NaN,NaN,NaN,NaN,NaN,NaN,NaN,NaN
7.743790392E1,NaN,NaN,NaN,NaN,NaN,NaN,NaN,NaN
7.744786692E1,NaN,NaN,NaN,NaN,NaN,NaN,NaN,NaN
7.745782992E1,NaN,NaN,NaN,NaN,NaN,NaN,NaN,NaN
7.746779192E1,NaN,NaN,NaN,NaN,NaN,NaN,NaN,NaN
7.747775492E1,NaN,NaN,NaN,NaN,NaN,NaN,NaN,NaN
7.748771792E1,NaN,NaN,NaN,NaN,NaN,NaN,NaN,NaN
7.749767992E1,NaN,NaN,NaN,NaN,NaN,NaN,NaN,NaN
7.750764292E1,NaN,NaN,NaN,NaN,NaN,NaN,NaN,NaN
7.751760592E1,NaN,NaN,NaN,NaN,NaN,NaN,NaN,NaN
7.752756792E1,NaN,NaN,NaN,NaN,NaN,NaN,NaN,NaN
7.753753092E1,NaN,NaN,NaN,NaN,NaN,NaN,NaN,NaN
7.754749292E1,NaN,NaN,NaN,NaN,NaN,NaN,NaN,NaN
7.755745592E1,NaN,NaN,NaN,NaN,NaN,NaN,NaN,NaN
7.756741892E1,NaN,NaN,NaN,NaN,NaN,NaN,NaN,NaN
7.757738092E1,NaN,NaN,NaN,NaN,NaN,NaN,NaN,NaN
7.758734392E1,NaN,NaN,NaN,NaN,NaN,NaN,NaN,NaN
7.759730692E1,NaN,NaN,NaN,NaN,NaN,NaN,NaN,NaN
7.760726892E1,NaN,NaN,NaN,NaN,NaN,NaN,NaN,NaN
7.761723192E1,NaN,NaN,NaN,NaN,NaN,NaN,NaN,NaN
7.762719492E1,NaN,NaN,NaN,NaN,NaN,NaN,NaN,NaN
7.763715692E1,NaN,NaN,NaN,NaN,NaN,NaN,NaN,NaN
7.764711992E1,NaN,NaN,NaN,NaN,NaN,NaN,NaN,NaN
7.765708292E1,NaN,NaN,NaN,NaN,NaN,NaN,NaN,NaN
7.766704492E1,NaN,NaN,NaN,NaN,NaN,NaN,NaN,NaN
7.767700792E1,NaN,NaN,NaN,NaN,NaN,NaN,NaN,NaN
7.768697092E1,NaN,NaN,NaN,NaN,NaN,NaN,NaN,NaN
7.769693292E1,NaN,NaN,NaN,NaN,NaN,NaN,NaN,NaN
7.770689592E1,NaN,NaN,NaN,NaN,NaN,NaN,NaN,NaN
7.771685792E1,NaN,NaN,NaN,NaN,NaN,NaN,NaN,NaN
7.772682092E1,NaN,NaN,NaN,NaN,NaN,NaN,NaN,NaN
7.773678392E1,NaN,NaN,NaN,NaN,NaN,NaN,NaN,NaN
7.774674592E1,NaN,NaN,NaN,NaN,NaN,NaN,NaN,NaN
7.775670892E1,NaN,NaN,NaN,NaN,NaN,NaN,NaN,NaN
7.776667192E1,NaN,NaN,NaN,NaN,NaN,NaN,NaN,NaN
7.777663392E1,NaN,NaN,NaN,NaN,NaN,NaN,NaN,NaN
7.778659692E1,NaN,NaN,NaN,NaN,NaN,NaN,NaN,NaN
7.779655992E1,NaN,NaN,NaN,NaN,NaN,NaN,NaN,NaN
7.780652192E1,NaN,NaN,NaN,NaN,NaN,NaN,NaN,NaN
7.781648492E1,NaN,NaN,NaN,NaN,NaN,NaN,NaN,NaN
7.782644792E1,NaN,NaN,NaN,NaN,NaN,NaN,NaN,NaN
7.783640992E1,NaN,NaN,NaN,NaN,NaN,NaN,NaN,NaN
7.784637292E1,NaN,NaN,NaN,NaN,NaN,NaN,NaN,NaN
7.785633592E1,NaN,NaN,NaN,NaN,NaN,NaN,NaN,NaN
7.786629792E1,NaN,NaN,NaN,NaN,NaN,NaN,NaN,NaN
7.787626092E1,NaN,NaN,NaN,NaN,NaN,NaN,NaN,NaN
7.788622392E1,NaN,NaN,NaN,NaN,NaN,NaN,NaN,NaN
7.789618592E1,NaN,NaN,NaN,NaN,NaN,NaN,NaN,NaN
7.790614892E1,NaN,NaN,NaN,NaN,NaN,NaN,NaN,NaN
7.791611092E1,NaN,NaN,NaN,NaN,NaN,NaN,NaN,NaN
7.792607392E1,NaN,NaN,NaN,NaN,NaN,NaN,NaN,NaN
7.793603692E1,NaN,NaN,NaN,NaN,NaN,NaN,NaN,NaN
7.794599892E1,NaN,NaN,NaN,NaN,NaN,NaN,NaN,NaN
7.795596192E1,NaN,NaN,NaN,NaN,NaN,NaN,NaN,NaN
7.796592492E1,NaN,NaN,NaN,NaN,NaN,NaN,NaN,NaN
7.797588692E1,NaN,NaN,NaN,NaN,NaN,NaN,NaN,NaN
7.798584967E1,NaN,NaN,NaN,NaN,NaN,NaN,NaN,NaN
7.799581267E1,NaN,NaN,NaN,NaN,NaN,NaN,NaN,NaN
7.800577467E1,NaN,NaN,NaN,NaN,NaN,NaN,NaN,NaN
7.801573767E1,NaN,NaN,NaN,NaN,NaN,NaN,NaN,NaN
7.802570067E1,NaN,NaN,NaN,NaN,NaN,NaN,NaN,NaN
7.803566267E1,NaN,NaN,NaN,NaN,NaN,NaN,NaN,NaN
7.804562567E1,NaN,NaN,NaN,NaN,NaN,NaN,NaN,NaN
7.805558867E1,NaN,NaN,NaN,NaN,NaN,NaN,NaN,NaN
7.806555067E1,NaN,NaN,NaN,NaN,NaN,NaN,NaN,NaN
7.807551367E1,NaN,NaN,NaN,NaN,NaN,NaN,NaN,NaN
7.808547567E1,NaN,NaN,NaN,NaN,NaN,NaN,NaN,NaN
7.809543867E1,NaN,NaN,NaN,NaN,NaN,NaN,NaN,NaN
7.810540167E1,NaN,NaN,NaN,NaN,NaN,NaN,NaN,NaN
7.811536367E1,NaN,NaN,NaN,NaN,NaN,NaN,NaN,NaN
7.812532667E1,NaN,NaN,NaN,NaN,NaN,NaN,NaN,NaN
7.813528967E1,NaN,NaN,NaN,NaN,NaN,NaN,NaN,NaN
7.814525167E1,NaN,NaN,NaN,NaN,NaN,NaN,NaN,NaN
7.815521467E1,NaN,NaN,NaN,NaN,NaN,NaN,NaN,NaN
7.816517767E1,NaN,NaN,NaN,NaN,NaN,NaN,NaN,NaN
7.817513967E1,NaN,NaN,NaN,NaN,NaN,NaN,NaN,NaN
7.818510267E1,NaN,NaN,NaN,NaN,NaN,NaN,NaN,NaN
7.819506567E1,NaN,NaN,NaN,NaN,NaN,NaN,NaN,NaN
7.820502767E1,NaN,NaN,NaN,NaN,NaN,NaN,NaN,NaN
7.821499067E1,NaN,NaN,NaN,NaN,NaN,NaN,NaN,NaN
7.822495267E1,NaN,NaN,NaN,NaN,NaN,NaN,NaN,NaN
7.823491567E1,NaN,NaN,NaN,NaN,NaN,NaN,NaN,NaN
7.824487867E1,NaN,NaN,NaN,NaN,NaN,NaN,NaN,NaN
7.825484067E1,NaN,NaN,NaN,NaN,NaN,NaN,NaN,NaN
7.826480367E1,NaN,NaN,NaN,NaN,NaN,NaN,NaN,NaN
7.827476667E1,NaN,NaN,NaN,NaN,NaN,NaN,NaN,NaN
7.828472867E1,NaN,NaN,NaN,NaN,NaN,NaN,NaN,NaN
7.829469167E1,NaN,NaN,NaN,NaN,NaN,NaN,NaN,NaN
7.830465467E1,NaN,NaN,NaN,NaN,NaN,NaN,NaN,NaN
7.831461667E1,NaN,NaN,NaN,NaN,NaN,NaN,NaN,NaN
7.832457967E1,NaN,NaN,NaN,NaN,NaN,NaN,NaN,NaN
7.833454267E1,NaN,NaN,NaN,NaN,NaN,NaN,NaN,NaN
7.834450467E1,NaN,NaN,NaN,NaN,NaN,NaN,NaN,NaN
7.835446767E1,NaN,NaN,NaN,NaN,NaN,NaN,NaN,NaN
7.836443067E1,NaN,NaN,NaN,NaN,NaN,NaN,NaN,NaN
7.837439267E1,NaN,NaN,NaN,NaN,NaN,NaN,NaN,NaN
7.838435567E1,NaN,NaN,NaN,NaN,NaN,NaN,NaN,NaN
7.839431767E1,NaN,NaN,NaN,NaN,NaN,NaN,NaN,NaN
7.840428067E1,NaN,NaN,NaN,NaN,NaN,NaN,NaN,NaN
7.841424367E1,NaN,NaN,NaN,NaN,NaN,NaN,NaN,NaN
7.842420567E1,NaN,NaN,NaN,NaN,NaN,NaN,NaN,NaN
7.843416867E1,NaN,NaN,NaN,NaN,NaN,NaN,NaN,NaN
7.844413167E1,NaN,NaN,NaN,NaN,NaN,NaN,NaN,NaN
7.845409367E1,NaN,NaN,NaN,NaN,NaN,NaN,NaN,NaN
7.846405667E1,NaN,NaN,NaN,NaN,NaN,NaN,NaN,NaN
7.847401967E1,NaN,NaN,NaN,NaN,NaN,NaN,NaN,NaN
7.848398167E1,NaN,NaN,NaN,NaN,NaN,NaN,NaN,NaN
7.849394467E1,NaN,NaN,NaN,NaN,NaN,NaN,NaN,NaN
7.850390767E1,NaN,NaN,NaN,NaN,NaN,NaN,NaN,NaN
7.851386967E1,NaN,NaN,NaN,NaN,NaN,NaN,NaN,NaN
7.852383267E1,NaN,NaN,NaN,NaN,NaN,NaN,NaN,NaN
7.853379467E1,NaN,NaN,NaN,NaN,NaN,NaN,NaN,NaN
7.854375767E1,NaN,NaN,NaN,NaN,NaN,NaN,NaN,NaN
7.855372067E1,NaN,NaN,NaN,NaN,NaN,NaN,NaN,NaN
7.856368267E1,NaN,NaN,NaN,NaN,NaN,NaN,NaN,NaN
7.857364567E1,NaN,NaN,NaN,NaN,NaN,NaN,NaN,NaN
7.858360867E1,NaN,NaN,NaN,NaN,NaN,NaN,NaN,NaN
7.859357067E1,NaN,NaN,NaN,NaN,NaN,NaN,NaN,NaN
7.860353367E1,NaN,NaN,NaN,NaN,NaN,NaN,NaN,NaN
7.861349667E1,NaN,NaN,NaN,NaN,NaN,NaN,NaN,NaN
7.862345867E1,NaN,NaN,NaN,NaN,NaN,NaN,NaN,NaN
7.863342167E1,NaN,NaN,NaN,NaN,NaN,NaN,NaN,NaN
7.864338467E1,NaN,NaN,NaN,NaN,NaN,NaN,NaN,NaN
7.865334667E1,NaN,NaN,NaN,NaN,NaN,NaN,NaN,NaN
7.866330967E1,NaN,NaN,NaN,NaN,NaN,NaN,NaN,NaN
7.867327167E1,NaN,NaN,NaN,NaN,NaN,NaN,NaN,NaN
7.868323467E1,NaN,NaN,NaN,NaN,NaN,NaN,NaN,NaN
7.869319767E1,NaN,NaN,NaN,NaN,NaN,NaN,NaN,NaN
7.870315967E1,NaN,NaN,NaN,NaN,NaN,NaN,NaN,NaN
7.871312267E1,NaN,NaN,NaN,NaN,NaN,NaN,NaN,NaN
7.872308567E1,NaN,NaN,NaN,NaN,NaN,NaN,NaN,NaN
7.873304767E1,NaN,NaN,NaN,NaN,NaN,NaN,NaN,NaN
7.874301067E1,NaN,NaN,NaN,NaN,NaN,NaN,NaN,NaN
7.875297367E1,NaN,NaN,NaN,NaN,NaN,NaN,NaN,NaN
7.876293567E1,NaN,NaN,NaN,NaN,NaN,NaN,NaN,NaN
7.877289867E1,NaN,NaN,NaN,NaN,NaN,NaN,NaN,NaN
7.878286067E1,NaN,NaN,NaN,NaN,NaN,NaN,NaN,NaN
7.879282367E1,NaN,NaN,NaN,NaN,NaN,NaN,NaN,NaN
7.880278667E1,NaN,NaN,NaN,NaN,NaN,NaN,NaN,NaN
7.881274867E1,NaN,NaN,NaN,NaN,NaN,NaN,NaN,NaN
7.882271167E1,NaN,NaN,NaN,NaN,NaN,NaN,NaN,NaN
7.883267467E1,NaN,NaN,NaN,NaN,NaN,NaN,NaN,NaN
7.884263667E1,NaN,NaN,NaN,NaN,NaN,NaN,NaN,NaN
7.885259967E1,NaN,NaN,NaN,NaN,NaN,NaN,NaN,NaN
7.886256267E1,NaN,NaN,NaN,NaN,NaN,NaN,NaN,NaN
7.887252467E1,NaN,NaN,NaN,NaN,NaN,NaN,NaN,NaN
7.888248767E1,NaN,NaN,NaN,NaN,NaN,NaN,NaN,NaN
7.889244967E1,NaN,NaN,NaN,NaN,NaN,NaN,NaN,NaN
7.890241267E1,NaN,NaN,NaN,NaN,NaN,NaN,NaN,NaN
7.891237567E1,NaN,NaN,NaN,NaN,NaN,NaN,NaN,NaN
7.892233767E1,NaN,NaN,NaN,NaN,NaN,NaN,NaN,NaN
7.893230067E1,NaN,NaN,NaN,NaN,NaN,NaN,NaN,NaN
7.894226367E1,NaN,NaN,NaN,NaN,NaN,NaN,NaN,NaN
7.895222567E1,NaN,NaN,NaN,NaN,NaN,NaN,NaN,NaN
7.896218867E1,NaN,NaN,NaN,NaN,NaN,NaN,NaN,NaN
7.897215167E1,NaN,NaN,NaN,NaN,NaN,NaN,NaN,NaN
7.898211367E1,NaN,NaN,NaN,NaN,NaN,NaN,NaN,NaN
7.899207704E1,NaN,NaN,NaN,NaN,NaN,NaN,NaN,NaN
7.900203904E1,NaN,NaN,NaN,NaN,NaN,NaN,NaN,NaN
7.901200204E1,NaN,NaN,NaN,NaN,NaN,NaN,NaN,NaN
7.902196504E1,NaN,NaN,NaN,NaN,NaN,NaN,NaN,NaN
7.903192704E1,NaN,NaN,NaN,NaN,NaN,NaN,NaN,NaN
7.904189004E1,NaN,NaN,NaN,NaN,NaN,NaN,NaN,NaN
7.905185304E1,NaN,NaN,NaN,NaN,NaN,NaN,NaN,NaN
7.906181504E1,NaN,NaN,NaN,NaN,NaN,NaN,NaN,NaN
7.907177804E1,NaN,NaN,NaN,NaN,NaN,NaN,NaN,NaN
7.908174104E1,NaN,NaN,NaN,NaN,NaN,NaN,NaN,NaN
7.909170304E1,NaN,NaN,NaN,NaN,NaN,NaN,NaN,NaN
7.910166604E1,NaN,NaN,NaN,NaN,NaN,NaN,NaN,NaN
7.911162904E1,NaN,NaN,NaN,NaN,NaN,NaN,NaN,NaN
7.912159104E1,NaN,NaN,NaN,NaN,NaN,NaN,NaN,NaN
7.913155404E1,NaN,NaN,NaN,NaN,NaN,NaN,NaN,NaN
7.914151604E1,NaN,NaN,NaN,NaN,NaN,NaN,NaN,NaN
7.915147904E1,NaN,NaN,NaN,NaN,NaN,NaN,NaN,NaN
7.916144204E1,NaN,NaN,NaN,NaN,NaN,NaN,NaN,NaN
7.917140404E1,NaN,NaN,NaN,NaN,NaN,NaN,NaN,NaN
7.918136704E1,NaN,NaN,NaN,NaN,NaN,NaN,NaN,NaN
7.919133004E1,NaN,NaN,NaN,NaN,NaN,NaN,NaN,NaN
7.920129204E1,NaN,NaN,NaN,NaN,NaN,NaN,NaN,NaN
7.921125504E1,NaN,NaN,NaN,NaN,NaN,NaN,NaN,NaN
7.922121804E1,NaN,NaN,NaN,NaN,NaN,NaN,NaN,NaN
7.923118004E1,NaN,NaN,NaN,NaN,NaN,NaN,NaN,NaN
7.924114304E1,NaN,NaN,NaN,NaN,NaN,NaN,NaN,NaN
7.925110504E1,NaN,NaN,NaN,NaN,NaN,NaN,NaN,NaN
7.926106804E1,NaN,NaN,NaN,NaN,NaN,NaN,NaN,NaN
7.927103104E1,NaN,NaN,NaN,NaN,NaN,NaN,NaN,NaN
7.928099304E1,NaN,NaN,NaN,NaN,NaN,NaN,NaN,NaN
7.929095604E1,NaN,NaN,NaN,NaN,NaN,NaN,NaN,NaN
7.930091904E1,NaN,NaN,NaN,NaN,NaN,NaN,NaN,NaN
7.931088104E1,NaN,NaN,NaN,NaN,NaN,NaN,NaN,NaN
7.932084404E1,NaN,NaN,NaN,NaN,NaN,NaN,NaN,NaN
7.933080704E1,NaN,NaN,NaN,NaN,NaN,NaN,NaN,NaN
7.934076904E1,NaN,NaN,NaN,NaN,NaN,NaN,NaN,NaN
7.935073204E1,NaN,NaN,NaN,NaN,NaN,NaN,NaN,NaN
7.936069404E1,NaN,NaN,NaN,NaN,NaN,NaN,NaN,NaN
7.937065704E1,NaN,NaN,NaN,NaN,NaN,NaN,NaN,NaN
7.938062004E1,NaN,NaN,NaN,NaN,NaN,NaN,NaN,NaN
7.939058204E1,NaN,NaN,NaN,NaN,NaN,NaN,NaN,NaN
7.940054504E1,NaN,NaN,NaN,NaN,NaN,NaN,NaN,NaN
7.941050804E1,NaN,NaN,NaN,NaN,NaN,NaN,NaN,NaN
7.942047004E1,NaN,NaN,NaN,NaN,NaN,NaN,NaN,NaN
7.943043304E1,NaN,NaN,NaN,NaN,NaN,NaN,NaN,NaN
7.944039604E1,NaN,NaN,NaN,NaN,NaN,NaN,NaN,NaN
7.945035804E1,NaN,NaN,NaN,NaN,NaN,NaN,NaN,NaN
7.946032104E1,NaN,NaN,NaN,NaN,NaN,NaN,NaN,NaN
7.947028304E1,NaN,NaN,NaN,NaN,NaN,NaN,NaN,NaN
7.948024604E1,NaN,NaN,NaN,NaN,NaN,NaN,NaN,NaN
7.949020904E1,NaN,NaN,NaN,NaN,NaN,NaN,NaN,NaN
7.950017104E1,NaN,NaN,NaN,NaN,NaN,NaN,NaN,NaN
7.951013404E1,NaN,NaN,NaN,NaN,NaN,NaN,NaN,NaN
7.952009704E1,NaN,NaN,NaN,NaN,NaN,NaN,NaN,NaN
7.953005904E1,NaN,NaN,NaN,NaN,NaN,NaN,NaN,NaN
7.954002204E1,NaN,NaN,NaN,NaN,NaN,NaN,NaN,NaN
7.954998504E1,NaN,NaN,NaN,NaN,NaN,NaN,NaN,NaN
7.955994704E1,NaN,NaN,NaN,NaN,NaN,NaN,NaN,NaN
7.956991004E1,NaN,NaN,NaN,NaN,NaN,NaN,NaN,NaN
7.957987204E1,NaN,NaN,NaN,NaN,NaN,NaN,NaN,NaN
7.958983504E1,NaN,NaN,NaN,NaN,NaN,NaN,NaN,NaN
7.959979804E1,NaN,NaN,NaN,NaN,NaN,NaN,NaN,NaN
7.960976004E1,NaN,NaN,NaN,NaN,NaN,NaN,NaN,NaN
7.961972304E1,NaN,NaN,NaN,NaN,NaN,NaN,NaN,NaN
7.962968604E1,NaN,NaN,NaN,NaN,NaN,NaN,NaN,NaN
7.963964804E1,NaN,NaN,NaN,NaN,NaN,NaN,NaN,NaN
7.964961104E1,NaN,NaN,NaN,NaN,NaN,NaN,NaN,NaN
7.965957304E1,NaN,NaN,NaN,NaN,NaN,NaN,NaN,NaN
7.966953604E1,NaN,NaN,NaN,NaN,NaN,NaN,NaN,NaN
7.967949904E1,NaN,NaN,NaN,NaN,NaN,NaN,NaN,NaN
7.968946104E1,NaN,NaN,NaN,NaN,NaN,NaN,NaN,NaN
7.969942404E1,NaN,NaN,NaN,NaN,NaN,NaN,NaN,NaN
7.970938704E1,NaN,NaN,NaN,NaN,NaN,NaN,NaN,NaN
7.971934904E1,NaN,NaN,NaN,NaN,NaN,NaN,NaN,NaN
7.972931204E1,NaN,NaN,NaN,NaN,NaN,NaN,NaN,NaN
7.973927404E1,NaN,NaN,NaN,NaN,NaN,NaN,NaN,NaN
7.974923704E1,NaN,NaN,NaN,NaN,NaN,NaN,NaN,NaN
7.975920004E1,NaN,NaN,NaN,NaN,NaN,NaN,NaN,NaN
7.976916204E1,NaN,NaN,NaN,NaN,NaN,NaN,NaN,NaN
7.977912504E1,NaN,NaN,NaN,NaN,NaN,NaN,NaN,NaN
7.978908804E1,NaN,NaN,NaN,NaN,NaN,NaN,NaN,NaN
7.979905004E1,NaN,NaN,NaN,NaN,NaN,NaN,NaN,NaN
7.980901304E1,NaN,NaN,NaN,NaN,NaN,NaN,NaN,NaN
7.981897604E1,NaN,NaN,NaN,NaN,NaN,NaN,NaN,NaN
7.982893804E1,NaN,NaN,NaN,NaN,NaN,NaN,NaN,NaN
7.983890104E1,NaN,NaN,NaN,NaN,NaN,NaN,NaN,NaN
7.984886304E1,NaN,NaN,NaN,NaN,NaN,NaN,NaN,NaN
7.985882604E1,NaN,NaN,NaN,NaN,NaN,NaN,NaN,NaN
7.986878904E1,NaN,NaN,NaN,NaN,NaN,NaN,NaN,NaN
7.987875104E1,NaN,NaN,NaN,NaN,NaN,NaN,NaN,NaN
7.988871404E1,NaN,NaN,NaN,NaN,NaN,NaN,NaN,NaN
7.989867704E1,NaN,NaN,NaN,NaN,NaN,NaN,NaN,NaN
7.990863904E1,NaN,NaN,NaN,NaN,NaN,NaN,NaN,NaN
7.991860204E1,NaN,NaN,NaN,NaN,NaN,NaN,NaN,NaN
7.992856404E1,NaN,NaN,NaN,NaN,NaN,NaN,NaN,NaN
7.993852704E1,NaN,NaN,NaN,NaN,NaN,NaN,NaN,NaN
7.994849004E1,NaN,NaN,NaN,NaN,NaN,NaN,NaN,NaN
7.995845204E1,NaN,NaN,NaN,NaN,NaN,NaN,NaN,NaN
7.996841504E1,NaN,NaN,NaN,NaN,NaN,NaN,NaN,NaN
7.997837804E1,NaN,NaN,NaN,NaN,NaN,NaN,NaN,NaN
7.998833904E1,NaN,NaN,NaN,NaN,NaN,NaN,NaN,NaN
7.999830204E1,NaN,NaN,NaN,NaN,NaN,NaN,NaN,NaN
8.000826504E1,NaN,NaN,NaN,NaN,NaN,NaN,NaN,NaN
8.001822704E1,NaN,NaN,NaN,NaN,NaN,NaN,NaN,NaN
8.002819004E1,NaN,NaN,NaN,NaN,NaN,NaN,NaN,NaN
8.003815204E1,NaN,NaN,NaN,NaN,NaN,NaN,NaN,NaN
8.004811504E1,NaN,NaN,NaN,NaN,NaN,NaN,NaN,NaN
8.005807804E1,NaN,NaN,NaN,NaN,NaN,NaN,NaN,NaN
8.006804004E1,NaN,NaN,NaN,NaN,NaN,NaN,NaN,NaN
8.007800304E1,NaN,NaN,NaN,NaN,NaN,NaN,NaN,NaN
8.008796604E1,NaN,NaN,NaN,NaN,NaN,NaN,NaN,NaN
8.009792804E1,NaN,NaN,NaN,NaN,NaN,NaN,NaN,NaN
8.010789104E1,NaN,NaN,NaN,NaN,NaN,NaN,NaN,NaN
8.011785304E1,NaN,NaN,NaN,NaN,NaN,NaN,NaN,NaN
8.012781604E1,NaN,NaN,NaN,NaN,NaN,NaN,NaN,NaN
8.013777904E1,NaN,NaN,NaN,NaN,NaN,NaN,NaN,NaN
8.014774104E1,NaN,NaN,NaN,NaN,NaN,NaN,NaN,NaN
8.015770404E1,NaN,NaN,NaN,NaN,NaN,NaN,NaN,NaN
8.016766704E1,NaN,NaN,NaN,NaN,NaN,NaN,NaN,NaN
8.017762904E1,NaN,NaN,NaN,NaN,NaN,NaN,NaN,NaN
8.018759204E1,NaN,NaN,NaN,NaN,NaN,NaN,NaN,NaN
8.019755404E1,NaN,NaN,NaN,NaN,NaN,NaN,NaN,NaN
8.020751704E1,NaN,NaN,NaN,NaN,NaN,NaN,NaN,NaN
8.021748004E1,NaN,NaN,NaN,NaN,NaN,NaN,NaN,NaN
8.022744204E1,NaN,NaN,NaN,NaN,NaN,NaN,NaN,NaN
8.023740504E1,NaN,NaN,NaN,NaN,NaN,NaN,NaN,NaN
8.024736804E1,NaN,NaN,NaN,NaN,NaN,NaN,NaN,NaN
8.025733004E1,NaN,NaN,NaN,NaN,NaN,NaN,NaN,NaN
8.026729304E1,NaN,NaN,NaN,NaN,NaN,NaN,NaN,NaN
8.027725504E1,NaN,NaN,NaN,NaN,NaN,NaN,NaN,NaN
8.028721804E1,NaN,NaN,NaN,NaN,NaN,NaN,NaN,NaN
8.029718104E1,NaN,NaN,NaN,NaN,NaN,NaN,NaN,NaN
8.030714304E1,NaN,NaN,NaN,NaN,NaN,NaN,NaN,NaN
8.031710604E1,NaN,NaN,NaN,NaN,NaN,NaN,NaN,NaN
8.032706904E1,NaN,NaN,NaN,NaN,NaN,NaN,NaN,NaN
8.033703104E1,NaN,NaN,NaN,NaN,NaN,NaN,NaN,NaN
8.034699404E1,NaN,NaN,NaN,NaN,NaN,NaN,NaN,NaN
8.035695604E1,NaN,NaN,NaN,NaN,NaN,NaN,NaN,NaN
8.036691904E1,NaN,NaN,NaN,NaN,NaN,NaN,NaN,NaN
8.037688204E1,NaN,NaN,NaN,NaN,NaN,NaN,NaN,NaN
8.038684404E1,NaN,NaN,NaN,NaN,NaN,NaN,NaN,NaN
8.039680704E1,NaN,NaN,NaN,NaN,NaN,NaN,NaN,NaN
8.040677004E1,NaN,NaN,NaN,NaN,NaN,NaN,NaN,NaN
8.041673204E1,NaN,NaN,NaN,NaN,NaN,NaN,NaN,NaN
8.042669504E1,NaN,NaN,NaN,NaN,NaN,NaN,NaN,NaN
8.043665704E1,NaN,NaN,NaN,NaN,NaN,NaN,NaN,NaN
8.044662004E1,NaN,NaN,NaN,NaN,NaN,NaN,NaN,NaN
8.045658304E1,NaN,NaN,NaN,NaN,NaN,NaN,NaN,NaN
8.046654504E1,NaN,NaN,NaN,NaN,NaN,NaN,NaN,NaN
8.047650804E1,NaN,NaN,NaN,NaN,NaN,NaN,NaN,NaN
8.048647104E1,NaN,NaN,NaN,NaN,NaN,NaN,NaN,NaN
8.049643304E1,NaN,NaN,NaN,NaN,NaN,NaN,NaN,NaN
8.050639604E1,NaN,NaN,NaN,NaN,NaN,NaN,NaN,NaN
8.051635804E1,NaN,NaN,NaN,NaN,NaN,NaN,NaN,NaN
8.052632104E1,NaN,NaN,NaN,NaN,NaN,NaN,NaN,NaN
8.053628404E1,NaN,NaN,NaN,NaN,NaN,NaN,NaN,NaN
8.054624604E1,NaN,NaN,NaN,NaN,NaN,NaN,NaN,NaN
8.055620904E1,NaN,NaN,NaN,NaN,NaN,NaN,NaN,NaN
8.056617204E1,NaN,NaN,NaN,NaN,NaN,NaN,NaN,NaN
8.057613404E1,NaN,NaN,NaN,NaN,NaN,NaN,NaN,NaN
8.058609704E1,NaN,NaN,NaN,NaN,NaN,NaN,NaN,NaN
8.059605904E1,NaN,NaN,NaN,NaN,NaN,NaN,NaN,NaN
8.060602204E1,NaN,NaN,NaN,NaN,NaN,NaN,NaN,NaN
8.061598504E1,NaN,NaN,NaN,NaN,NaN,NaN,NaN,NaN
8.062594704E1,NaN,NaN,NaN,NaN,NaN,NaN,NaN,NaN
8.063591004E1,NaN,NaN,NaN,NaN,NaN,NaN,NaN,NaN
8.064587304E1,NaN,NaN,NaN,NaN,NaN,NaN,NaN,NaN
8.065583504E1,NaN,NaN,NaN,NaN,NaN,NaN,NaN,NaN
8.066579804E1,NaN,NaN,NaN,NaN,NaN,NaN,NaN,NaN
8.067576004E1,NaN,NaN,NaN,NaN,NaN,NaN,NaN,NaN
8.068572304E1,NaN,NaN,NaN,NaN,NaN,NaN,NaN,NaN
8.069568604E1,NaN,NaN,NaN,NaN,NaN,NaN,NaN,NaN
8.070564804E1,NaN,NaN,NaN,NaN,NaN,NaN,NaN,NaN
8.071561104E1,NaN,NaN,NaN,NaN,NaN,NaN,NaN,NaN
8.072557404E1,NaN,NaN,NaN,NaN,NaN,NaN,NaN,NaN
8.073553604E1,NaN,NaN,NaN,NaN,NaN,NaN,NaN,NaN
8.074549904E1,NaN,NaN,NaN,NaN,NaN,NaN,NaN,NaN
8.075546104E1,NaN,NaN,NaN,NaN,NaN,NaN,NaN,NaN
8.076542404E1,NaN,NaN,NaN,NaN,NaN,NaN,NaN,NaN
8.077538704E1,NaN,NaN,NaN,NaN,NaN,NaN,NaN,NaN
8.078534904E1,NaN,NaN,NaN,NaN,NaN,NaN,NaN,NaN
8.079531204E1,NaN,NaN,NaN,NaN,NaN,NaN,NaN,NaN
8.080527504E1,NaN,NaN,NaN,NaN,NaN,NaN,NaN,NaN
8.081523704E1,NaN,NaN,NaN,NaN,NaN,NaN,NaN,NaN
8.082520004E1,NaN,NaN,NaN,NaN,NaN,NaN,NaN,NaN
8.083516204E1,NaN,NaN,NaN,NaN,NaN,NaN,NaN,NaN
8.084512504E1,NaN,NaN,NaN,NaN,NaN,NaN,NaN,NaN
8.085508804E1,NaN,NaN,NaN,NaN,NaN,NaN,NaN,NaN
8.086505004E1,NaN,NaN,NaN,NaN,NaN,NaN,NaN,NaN
8.087501304E1,NaN,NaN,NaN,NaN,NaN,NaN,NaN,NaN
8.088497504E1,NaN,NaN,NaN,NaN,NaN,NaN,NaN,NaN
8.089493804E1,NaN,NaN,NaN,NaN,NaN,NaN,NaN,NaN
8.090490104E1,NaN,NaN,NaN,NaN,NaN,NaN,NaN,NaN
8.091486304E1,NaN,NaN,NaN,NaN,NaN,NaN,NaN,NaN
8.092482604E1,NaN,NaN,NaN,NaN,NaN,NaN,NaN,NaN
8.093478904E1,NaN,NaN,NaN,NaN,NaN,NaN,NaN,NaN
8.094475104E1,NaN,NaN,NaN,NaN,NaN,NaN,NaN,NaN
8.095471404E1,NaN,NaN,NaN,NaN,NaN,NaN,NaN,NaN
8.096467604E1,NaN,NaN,NaN,NaN,NaN,NaN,NaN,NaN
8.097463904E1,NaN,NaN,NaN,NaN,NaN,NaN,NaN,NaN
8.098460204E1,NaN,NaN,NaN,NaN,NaN,NaN,NaN,NaN
8.099456417E1,NaN,NaN,NaN,NaN,NaN,NaN,NaN,NaN
8.100452717E1,NaN,NaN,NaN,NaN,NaN,NaN,NaN,NaN
8.101449017E1,NaN,NaN,NaN,NaN,NaN,NaN,NaN,NaN
8.102445217E1,NaN,NaN,NaN,NaN,NaN,NaN,NaN,NaN
8.103441517E1,NaN,NaN,NaN,NaN,NaN,NaN,NaN,NaN
8.104437717E1,NaN,NaN,NaN,NaN,NaN,NaN,NaN,NaN
8.105434017E1,NaN,NaN,NaN,NaN,NaN,NaN,NaN,NaN
8.106430317E1,NaN,NaN,NaN,NaN,NaN,NaN,NaN,NaN
8.107426517E1,NaN,NaN,NaN,NaN,NaN,NaN,NaN,NaN
8.108422817E1,NaN,NaN,NaN,NaN,NaN,NaN,NaN,NaN
8.109419117E1,NaN,NaN,NaN,NaN,NaN,NaN,NaN,NaN
8.110415317E1,NaN,NaN,NaN,NaN,NaN,NaN,NaN,NaN
8.111411617E1,NaN,NaN,NaN,NaN,NaN,NaN,NaN,NaN
8.112407817E1,NaN,NaN,NaN,NaN,NaN,NaN,NaN,NaN
8.113404117E1,NaN,NaN,NaN,NaN,NaN,NaN,NaN,NaN
8.114400417E1,NaN,NaN,NaN,NaN,NaN,NaN,NaN,NaN
8.115396617E1,NaN,NaN,NaN,NaN,NaN,NaN,NaN,NaN
8.116392917E1,NaN,NaN,NaN,NaN,NaN,NaN,NaN,NaN
8.117389117E1,NaN,NaN,NaN,NaN,NaN,NaN,NaN,NaN
8.118385417E1,NaN,NaN,NaN,NaN,NaN,NaN,NaN,NaN
8.119381717E1,NaN,NaN,NaN,NaN,NaN,NaN,NaN,NaN
8.120377917E1,NaN,NaN,NaN,NaN,NaN,NaN,NaN,NaN
8.121374217E1,NaN,NaN,NaN,NaN,NaN,NaN,NaN,NaN
8.122370517E1,NaN,NaN,NaN,NaN,NaN,NaN,NaN,NaN
8.123366717E1,NaN,NaN,NaN,NaN,NaN,NaN,NaN,NaN
8.124363017E1,NaN,NaN,NaN,NaN,NaN,NaN,NaN,NaN
8.125359217E1,NaN,NaN,NaN,NaN,NaN,NaN,NaN,NaN
8.126355517E1,NaN,NaN,NaN,NaN,NaN,NaN,NaN,NaN
8.127351817E1,NaN,NaN,NaN,NaN,NaN,NaN,NaN,NaN
8.128348017E1,NaN,NaN,NaN,NaN,NaN,NaN,NaN,NaN
8.129344317E1,NaN,NaN,NaN,NaN,NaN,NaN,NaN,NaN
8.130340517E1,NaN,NaN,NaN,NaN,NaN,NaN,NaN,NaN
8.131336817E1,NaN,NaN,NaN,NaN,NaN,NaN,NaN,NaN
8.132333117E1,NaN,NaN,NaN,NaN,NaN,NaN,NaN,NaN
8.133329317E1,NaN,NaN,NaN,NaN,NaN,NaN,NaN,NaN
8.134325617E1,NaN,NaN,NaN,NaN,NaN,NaN,NaN,NaN
8.135321917E1,NaN,NaN,NaN,NaN,NaN,NaN,NaN,NaN
8.136318117E1,NaN,NaN,NaN,NaN,NaN,NaN,NaN,NaN
8.137314417E1,NaN,NaN,NaN,NaN,NaN,NaN,NaN,NaN
8.138310617E1,NaN,NaN,NaN,NaN,NaN,NaN,NaN,NaN
8.139306917E1,NaN,NaN,NaN,NaN,NaN,NaN,NaN,NaN
8.140303217E1,NaN,NaN,NaN,NaN,NaN,NaN,NaN,NaN
8.141299417E1,NaN,NaN,NaN,NaN,NaN,NaN,NaN,NaN
8.142295717E1,NaN,NaN,NaN,NaN,NaN,NaN,NaN,NaN
8.143291917E1,NaN,NaN,NaN,NaN,NaN,NaN,NaN,NaN
8.144288217E1,NaN,NaN,NaN,NaN,NaN,NaN,NaN,NaN
8.145284517E1,NaN,NaN,NaN,NaN,NaN,NaN,NaN,NaN
8.146280717E1,NaN,NaN,NaN,NaN,NaN,NaN,NaN,NaN
8.147277017E1,NaN,NaN,NaN,NaN,NaN,NaN,NaN,NaN
8.148273317E1,NaN,NaN,NaN,NaN,NaN,NaN,NaN,NaN
8.149269517E1,NaN,NaN,NaN,NaN,NaN,NaN,NaN,NaN
8.150265817E1,NaN,NaN,NaN,NaN,NaN,NaN,NaN,NaN
8.151262017E1,NaN,NaN,NaN,NaN,NaN,NaN,NaN,NaN
8.152258317E1,NaN,NaN,NaN,NaN,NaN,NaN,NaN,NaN
8.153254617E1,NaN,NaN,NaN,NaN,NaN,NaN,NaN,NaN
8.154250817E1,NaN,NaN,NaN,NaN,NaN,NaN,NaN,NaN
8.155247117E1,NaN,NaN,NaN,NaN,NaN,NaN,NaN,NaN
8.156243317E1,NaN,NaN,NaN,NaN,NaN,NaN,NaN,NaN
8.157239617E1,NaN,NaN,NaN,NaN,NaN,NaN,NaN,NaN
8.158235917E1,NaN,NaN,NaN,NaN,NaN,NaN,NaN,NaN
8.159232117E1,NaN,NaN,NaN,NaN,NaN,NaN,NaN,NaN
8.160228417E1,NaN,NaN,NaN,NaN,NaN,NaN,NaN,NaN
8.161224717E1,NaN,NaN,NaN,NaN,NaN,NaN,NaN,NaN
8.162220917E1,NaN,NaN,NaN,NaN,NaN,NaN,NaN,NaN
8.163217217E1,NaN,NaN,NaN,NaN,NaN,NaN,NaN,NaN
8.164213417E1,NaN,NaN,NaN,NaN,NaN,NaN,NaN,NaN
8.165209717E1,NaN,NaN,NaN,NaN,NaN,NaN,NaN,NaN
8.166206017E1,NaN,NaN,NaN,NaN,NaN,NaN,NaN,NaN
8.167202217E1,NaN,NaN,NaN,NaN,NaN,NaN,NaN,NaN
8.168198517E1,NaN,NaN,NaN,NaN,NaN,NaN,NaN,NaN
8.169194717E1,NaN,NaN,NaN,NaN,NaN,NaN,NaN,NaN
8.170191017E1,NaN,NaN,NaN,NaN,NaN,NaN,NaN,NaN
8.171187317E1,NaN,NaN,NaN,NaN,NaN,NaN,NaN,NaN
8.172183517E1,NaN,NaN,NaN,NaN,NaN,NaN,NaN,NaN
8.173179817E1,NaN,NaN,NaN,NaN,NaN,NaN,NaN,NaN
8.174176117E1,NaN,NaN,NaN,NaN,NaN,NaN,NaN,NaN
8.175172317E1,NaN,NaN,NaN,NaN,NaN,NaN,NaN,NaN
8.176168617E1,NaN,NaN,NaN,NaN,NaN,NaN,NaN,NaN
8.177164817E1,NaN,NaN,NaN,NaN,NaN,NaN,NaN,NaN
8.178161117E1,NaN,NaN,NaN,NaN,NaN,NaN,NaN,NaN
8.179157417E1,NaN,NaN,NaN,NaN,NaN,NaN,NaN,NaN
8.180153617E1,NaN,NaN,NaN,NaN,NaN,NaN,NaN,NaN
8.181149917E1,NaN,NaN,NaN,NaN,NaN,NaN,NaN,NaN
8.182146117E1,NaN,NaN,NaN,NaN,NaN,NaN,NaN,NaN
8.183142417E1,NaN,NaN,NaN,NaN,NaN,NaN,NaN,NaN
8.184138717E1,NaN,NaN,NaN,NaN,NaN,NaN,NaN,NaN
8.185134917E1,NaN,NaN,NaN,NaN,NaN,NaN,NaN,NaN
8.186131217E1,NaN,NaN,NaN,NaN,NaN,NaN,NaN,NaN
8.187127517E1,NaN,NaN,NaN,NaN,NaN,NaN,NaN,NaN
8.188123717E1,NaN,NaN,NaN,NaN,NaN,NaN,NaN,NaN
8.189120017E1,NaN,NaN,NaN,NaN,NaN,NaN,NaN,NaN
8.190116217E1,NaN,NaN,NaN,NaN,NaN,NaN,NaN,NaN
8.191112517E1,NaN,NaN,NaN,NaN,NaN,NaN,NaN,NaN
8.192108817E1,NaN,NaN,NaN,NaN,NaN,NaN,NaN,NaN
8.193105017E1,NaN,NaN,NaN,NaN,NaN,NaN,NaN,NaN
8.194101317E1,NaN,NaN,NaN,NaN,NaN,NaN,NaN,NaN
8.195097517E1,NaN,NaN,NaN,NaN,NaN,NaN,NaN,NaN
8.196093817E1,NaN,NaN,NaN,NaN,NaN,NaN,NaN,NaN
8.197090117E1,NaN,NaN,NaN,NaN,NaN,NaN,NaN,NaN
8.198086317E1,NaN,NaN,NaN,NaN,NaN,NaN,NaN,NaN
8.199082792E1,NaN,NaN,NaN,NaN,NaN,NaN,NaN,NaN
8.200078992E1,NaN,NaN,NaN,NaN,NaN,NaN,NaN,NaN
8.201075292E1,NaN,NaN,NaN,NaN,NaN,NaN,NaN,NaN
8.202071592E1,NaN,NaN,NaN,NaN,NaN,NaN,NaN,NaN
8.203067792E1,NaN,NaN,NaN,NaN,NaN,NaN,NaN,NaN
8.204064092E1,NaN,NaN,NaN,NaN,NaN,NaN,NaN,NaN
8.205060392E1,NaN,NaN,NaN,NaN,NaN,NaN,NaN,NaN
8.206056592E1,NaN,NaN,NaN,NaN,NaN,NaN,NaN,NaN
8.207052892E1,NaN,NaN,NaN,NaN,NaN,NaN,NaN,NaN
8.208049092E1,NaN,NaN,NaN,NaN,NaN,NaN,NaN,NaN
8.209045392E1,NaN,NaN,NaN,NaN,NaN,NaN,NaN,NaN
8.210041692E1,NaN,NaN,NaN,NaN,NaN,NaN,NaN,NaN
8.211037892E1,NaN,NaN,NaN,NaN,NaN,NaN,NaN,NaN
8.212034192E1,NaN,NaN,NaN,NaN,NaN,NaN,NaN,NaN
8.213030392E1,NaN,NaN,NaN,NaN,NaN,NaN,NaN,NaN
8.214026692E1,NaN,NaN,NaN,NaN,NaN,NaN,NaN,NaN
8.215022992E1,NaN,NaN,NaN,NaN,NaN,NaN,NaN,NaN
8.216019192E1,NaN,NaN,NaN,NaN,NaN,NaN,NaN,NaN
8.217015492E1,NaN,NaN,NaN,NaN,NaN,NaN,NaN,NaN
8.218011692E1,NaN,NaN,NaN,NaN,NaN,NaN,NaN,NaN
8.219007992E1,NaN,NaN,NaN,NaN,NaN,NaN,NaN,NaN
8.220004292E1,NaN,NaN,NaN,NaN,NaN,NaN,NaN,NaN
8.221000492E1,NaN,NaN,NaN,NaN,NaN,NaN,NaN,NaN
8.221996792E1,NaN,NaN,NaN,NaN,NaN,NaN,NaN,NaN
8.222992992E1,NaN,NaN,NaN,NaN,NaN,NaN,NaN,NaN
8.223989292E1,NaN,NaN,NaN,NaN,NaN,NaN,NaN,NaN
8.224985592E1,NaN,NaN,NaN,NaN,NaN,NaN,NaN,NaN
8.225981792E1,NaN,NaN,NaN,NaN,NaN,NaN,NaN,NaN
8.226978092E1,NaN,NaN,NaN,NaN,NaN,NaN,NaN,NaN
8.227974392E1,NaN,NaN,NaN,NaN,NaN,NaN,NaN,NaN
8.228970592E1,NaN,NaN,NaN,NaN,NaN,NaN,NaN,NaN
8.229966892E1,NaN,NaN,NaN,NaN,NaN,NaN,NaN,NaN
8.230963092E1,NaN,NaN,NaN,NaN,NaN,NaN,NaN,NaN
8.231959392E1,NaN,NaN,NaN,NaN,NaN,NaN,NaN,NaN
8.232955692E1,NaN,NaN,NaN,NaN,NaN,NaN,NaN,NaN
8.233951892E1,NaN,NaN,NaN,NaN,NaN,NaN,NaN,NaN
8.234948192E1,NaN,NaN,NaN,NaN,NaN,NaN,NaN,NaN
8.235944392E1,NaN,NaN,NaN,NaN,NaN,NaN,NaN,NaN
8.236940692E1,NaN,NaN,NaN,NaN,NaN,NaN,NaN,NaN
8.237936992E1,NaN,NaN,NaN,NaN,NaN,NaN,NaN,NaN
8.238933192E1,NaN,NaN,NaN,NaN,NaN,NaN,NaN,NaN
8.239929492E1,NaN,NaN,NaN,NaN,NaN,NaN,NaN,NaN
8.240925692E1,NaN,NaN,NaN,NaN,NaN,NaN,NaN,NaN
8.241921992E1,NaN,NaN,NaN,NaN,NaN,NaN,NaN,NaN
8.242918292E1,NaN,NaN,NaN,NaN,NaN,NaN,NaN,NaN
8.243914492E1,NaN,NaN,NaN,NaN,NaN,NaN,NaN,NaN
8.244910792E1,NaN,NaN,NaN,NaN,NaN,NaN,NaN,NaN
8.245906992E1,NaN,NaN,NaN,NaN,NaN,NaN,NaN,NaN
8.246903292E1,NaN,NaN,NaN,NaN,NaN,NaN,NaN,NaN
8.247899592E1,NaN,NaN,NaN,NaN,NaN,NaN,NaN,NaN
8.248895792E1,NaN,NaN,NaN,NaN,NaN,NaN,NaN,NaN
8.249892092E1,NaN,NaN,NaN,NaN,NaN,NaN,NaN,NaN
8.250888292E1,NaN,NaN,NaN,NaN,NaN,NaN,NaN,NaN
8.251884592E1,NaN,NaN,NaN,NaN,NaN,NaN,NaN,NaN
8.252880892E1,NaN,NaN,NaN,NaN,NaN,NaN,NaN,NaN
8.253877092E1,NaN,NaN,NaN,NaN,NaN,NaN,NaN,NaN
8.254873392E1,NaN,NaN,NaN,NaN,NaN,NaN,NaN,NaN
8.255869692E1,NaN,NaN,NaN,NaN,NaN,NaN,NaN,NaN
8.256865892E1,NaN,NaN,NaN,NaN,NaN,NaN,NaN,NaN
8.257862192E1,NaN,NaN,NaN,NaN,NaN,NaN,NaN,NaN
8.258858392E1,NaN,NaN,NaN,NaN,NaN,NaN,NaN,NaN
8.259854692E1,NaN,NaN,NaN,NaN,NaN,NaN,NaN,NaN
8.260850992E1,NaN,NaN,NaN,NaN,NaN,NaN,NaN,NaN
8.261847192E1,NaN,NaN,NaN,NaN,NaN,NaN,NaN,NaN
8.262843492E1,NaN,NaN,NaN,NaN,NaN,NaN,NaN,NaN
8.263839692E1,NaN,NaN,NaN,NaN,NaN,NaN,NaN,NaN
8.264835992E1,NaN,NaN,NaN,NaN,NaN,NaN,NaN,NaN
8.265832292E1,NaN,NaN,NaN,NaN,NaN,NaN,NaN,NaN
8.266828492E1,NaN,NaN,NaN,NaN,NaN,NaN,NaN,NaN
8.267824792E1,NaN,NaN,NaN,NaN,NaN,NaN,NaN,NaN
8.268820992E1,NaN,NaN,NaN,NaN,NaN,NaN,NaN,NaN
8.269817292E1,NaN,NaN,NaN,NaN,NaN,NaN,NaN,NaN
8.270813592E1,NaN,NaN,NaN,NaN,NaN,NaN,NaN,NaN
8.271809792E1,NaN,NaN,NaN,NaN,NaN,NaN,NaN,NaN
8.272806092E1,NaN,NaN,NaN,NaN,NaN,NaN,NaN,NaN
8.273802292E1,NaN,NaN,NaN,NaN,NaN,NaN,NaN,NaN
8.274798592E1,NaN,NaN,NaN,NaN,NaN,NaN,NaN,NaN
8.275794892E1,NaN,NaN,NaN,NaN,NaN,NaN,NaN,NaN
8.276791092E1,NaN,NaN,NaN,NaN,NaN,NaN,NaN,NaN
8.277787392E1,NaN,NaN,NaN,NaN,NaN,NaN,NaN,NaN
8.278783592E1,NaN,NaN,NaN,NaN,NaN,NaN,NaN,NaN
8.279779892E1,NaN,NaN,NaN,NaN,NaN,NaN,NaN,NaN
8.280776192E1,NaN,NaN,NaN,NaN,NaN,NaN,NaN,NaN
8.281772392E1,NaN,NaN,NaN,NaN,NaN,NaN,NaN,NaN
8.282768692E1,NaN,NaN,NaN,NaN,NaN,NaN,NaN,NaN
8.283764892E1,NaN,NaN,NaN,NaN,NaN,NaN,NaN,NaN
8.284761192E1,NaN,NaN,NaN,NaN,NaN,NaN,NaN,NaN
8.285757492E1,NaN,NaN,NaN,NaN,NaN,NaN,NaN,NaN
8.286753692E1,NaN,NaN,NaN,NaN,NaN,NaN,NaN,NaN
8.287749992E1,NaN,NaN,NaN,NaN,NaN,NaN,NaN,NaN
8.288746292E1,NaN,NaN,NaN,NaN,NaN,NaN,NaN,NaN
8.289742492E1,NaN,NaN,NaN,NaN,NaN,NaN,NaN,NaN
8.290738792E1,NaN,NaN,NaN,NaN,NaN,NaN,NaN,NaN
8.291734992E1,NaN,NaN,NaN,NaN,NaN,NaN,NaN,NaN
8.292731292E1,NaN,NaN,NaN,NaN,NaN,NaN,NaN,NaN
8.293727592E1,NaN,NaN,NaN,NaN,NaN,NaN,NaN,NaN
8.294723792E1,NaN,NaN,NaN,NaN,NaN,NaN,NaN,NaN
8.295720092E1,NaN,NaN,NaN,NaN,NaN,NaN,NaN,NaN
8.296716292E1,NaN,NaN,NaN,NaN,NaN,NaN,NaN,NaN
8.297712592E1,NaN,NaN,NaN,NaN,NaN,NaN,NaN,NaN
8.298708892E1,NaN,NaN,NaN,NaN,NaN,NaN,NaN,NaN
8.299704992E1,NaN,NaN,NaN,NaN,NaN,NaN,NaN,NaN
8.300701292E1,NaN,NaN,NaN,NaN,NaN,NaN,NaN,NaN
8.301697492E1,NaN,NaN,NaN,NaN,NaN,NaN,NaN,NaN
8.302693792E1,NaN,NaN,NaN,NaN,NaN,NaN,NaN,NaN
8.303690092E1,NaN,NaN,NaN,NaN,NaN,NaN,NaN,NaN
8.304686292E1,NaN,NaN,NaN,NaN,NaN,NaN,NaN,NaN
8.305682592E1,NaN,NaN,NaN,NaN,NaN,NaN,NaN,NaN
8.306678792E1,NaN,NaN,NaN,NaN,NaN,NaN,NaN,NaN
8.307675092E1,NaN,NaN,NaN,NaN,NaN,NaN,NaN,NaN
8.308671392E1,NaN,NaN,NaN,NaN,NaN,NaN,NaN,NaN
8.309667592E1,NaN,NaN,NaN,NaN,NaN,NaN,NaN,NaN
8.310663892E1,NaN,NaN,NaN,NaN,NaN,NaN,NaN,NaN
8.311660092E1,NaN,NaN,NaN,NaN,NaN,NaN,NaN,NaN
8.312656392E1,NaN,NaN,NaN,NaN,NaN,NaN,NaN,NaN
8.313652692E1,NaN,NaN,NaN,NaN,NaN,NaN,NaN,NaN
8.314648892E1,NaN,NaN,NaN,NaN,NaN,NaN,NaN,NaN
8.315645192E1,NaN,NaN,NaN,NaN,NaN,NaN,NaN,NaN
8.316641392E1,NaN,NaN,NaN,NaN,NaN,NaN,NaN,NaN
8.317637692E1,NaN,NaN,NaN,NaN,NaN,NaN,NaN,NaN
8.318633992E1,NaN,NaN,NaN,NaN,NaN,NaN,NaN,NaN
8.319630192E1,NaN,NaN,NaN,NaN,NaN,NaN,NaN,NaN
8.320626492E1,NaN,NaN,NaN,NaN,NaN,NaN,NaN,NaN
8.321622692E1,NaN,NaN,NaN,NaN,NaN,NaN,NaN,NaN
8.322618992E1,NaN,NaN,NaN,NaN,NaN,NaN,NaN,NaN
8.323615292E1,NaN,NaN,NaN,NaN,NaN,NaN,NaN,NaN
8.324611492E1,NaN,NaN,NaN,NaN,NaN,NaN,NaN,NaN
8.325607792E1,NaN,NaN,NaN,NaN,NaN,NaN,NaN,NaN
8.326603992E1,NaN,NaN,NaN,NaN,NaN,NaN,NaN,NaN
8.327600292E1,NaN,NaN,NaN,NaN,NaN,NaN,NaN,NaN
8.328596592E1,NaN,NaN,NaN,NaN,NaN,NaN,NaN,NaN
8.329592792E1,NaN,NaN,NaN,NaN,NaN,NaN,NaN,NaN
8.330589092E1,NaN,NaN,NaN,NaN,NaN,NaN,NaN,NaN
8.331585292E1,NaN,NaN,NaN,NaN,NaN,NaN,NaN,NaN
8.332581592E1,NaN,NaN,NaN,NaN,NaN,NaN,NaN,NaN
8.333577892E1,NaN,NaN,NaN,NaN,NaN,NaN,NaN,NaN
8.334574092E1,NaN,NaN,NaN,NaN,NaN,NaN,NaN,NaN
8.335570392E1,NaN,NaN,NaN,NaN,NaN,NaN,NaN,NaN
8.336566592E1,NaN,NaN,NaN,NaN,NaN,NaN,NaN,NaN
8.337562892E1,NaN,NaN,NaN,NaN,NaN,NaN,NaN,NaN
8.338559192E1,NaN,NaN,NaN,NaN,NaN,NaN,NaN,NaN
8.339555392E1,NaN,NaN,NaN,NaN,NaN,NaN,NaN,NaN
8.340551692E1,NaN,NaN,NaN,NaN,NaN,NaN,NaN,NaN
8.341547892E1,NaN,NaN,NaN,NaN,NaN,NaN,NaN,NaN
8.342544192E1,NaN,NaN,NaN,NaN,NaN,NaN,NaN,NaN
8.343540492E1,NaN,NaN,NaN,NaN,NaN,NaN,NaN,NaN
8.344536692E1,NaN,NaN,NaN,NaN,NaN,NaN,NaN,NaN
8.345532992E1,NaN,NaN,NaN,NaN,NaN,NaN,NaN,NaN
8.346529192E1,NaN,NaN,NaN,NaN,NaN,NaN,NaN,NaN
8.347525492E1,NaN,NaN,NaN,NaN,NaN,NaN,NaN,NaN
8.348521792E1,NaN,NaN,NaN,NaN,NaN,NaN,NaN,NaN
8.349517992E1,NaN,NaN,NaN,NaN,NaN,NaN,NaN,NaN
8.350514292E1,NaN,NaN,NaN,NaN,NaN,NaN,NaN,NaN
8.351510492E1,NaN,NaN,NaN,NaN,NaN,NaN,NaN,NaN
8.352506792E1,NaN,NaN,NaN,NaN,NaN,NaN,NaN,NaN
8.353503092E1,NaN,NaN,NaN,NaN,NaN,NaN,NaN,NaN
8.354499292E1,NaN,NaN,NaN,NaN,NaN,NaN,NaN,NaN
8.355495592E1,NaN,NaN,NaN,NaN,NaN,NaN,NaN,NaN
8.356491792E1,NaN,NaN,NaN,NaN,NaN,NaN,NaN,NaN
8.357488092E1,NaN,NaN,NaN,NaN,NaN,NaN,NaN,NaN
8.358484292E1,NaN,NaN,NaN,NaN,NaN,NaN,NaN,NaN
8.359480592E1,NaN,NaN,NaN,NaN,NaN,NaN,NaN,NaN
8.360476892E1,NaN,NaN,NaN,NaN,NaN,NaN,NaN,NaN
8.361473092E1,NaN,NaN,NaN,NaN,NaN,NaN,NaN,NaN
8.362469392E1,NaN,NaN,NaN,NaN,NaN,NaN,NaN,NaN
8.363465592E1,NaN,NaN,NaN,NaN,NaN,NaN,NaN,NaN
8.364461892E1,NaN,NaN,NaN,NaN,NaN,NaN,NaN,NaN
8.365458192E1,NaN,NaN,NaN,NaN,NaN,NaN,NaN,NaN
8.366454392E1,NaN,NaN,NaN,NaN,NaN,NaN,NaN,NaN
8.367450692E1,NaN,NaN,NaN,NaN,NaN,NaN,NaN,NaN
8.368446892E1,NaN,NaN,NaN,NaN,NaN,NaN,NaN,NaN
8.369443192E1,NaN,NaN,NaN,NaN,NaN,NaN,NaN,NaN
8.370439492E1,NaN,NaN,NaN,NaN,NaN,NaN,NaN,NaN
8.371435692E1,NaN,NaN,NaN,NaN,NaN,NaN,NaN,NaN
8.372431992E1,NaN,NaN,NaN,NaN,NaN,NaN,NaN,NaN
8.373428192E1,NaN,NaN,NaN,NaN,NaN,NaN,NaN,NaN
8.374424492E1,NaN,NaN,NaN,NaN,NaN,NaN,NaN,NaN
8.375420792E1,NaN,NaN,NaN,NaN,NaN,NaN,NaN,NaN
8.376416992E1,NaN,NaN,NaN,NaN,NaN,NaN,NaN,NaN
8.377413292E1,NaN,NaN,NaN,NaN,NaN,NaN,NaN,NaN
8.378409492E1,NaN,NaN,NaN,NaN,NaN,NaN,NaN,NaN
8.379405792E1,NaN,NaN,NaN,NaN,NaN,NaN,NaN,NaN
8.380402092E1,NaN,NaN,NaN,NaN,NaN,NaN,NaN,NaN
8.381398292E1,NaN,NaN,NaN,NaN,NaN,NaN,NaN,NaN
8.382394592E1,NaN,NaN,NaN,NaN,NaN,NaN,NaN,NaN
8.383390792E1,NaN,NaN,NaN,NaN,NaN,NaN,NaN,NaN
8.384387092E1,NaN,NaN,NaN,NaN,NaN,NaN,NaN,NaN
8.385383392E1,NaN,NaN,NaN,NaN,NaN,NaN,NaN,NaN
8.386379592E1,NaN,NaN,NaN,NaN,NaN,NaN,NaN,NaN
8.387375892E1,NaN,NaN,NaN,NaN,NaN,NaN,NaN,NaN
8.388372092E1,NaN,NaN,NaN,NaN,NaN,NaN,NaN,NaN
8.389368392E1,NaN,NaN,NaN,NaN,NaN,NaN,NaN,NaN
8.390364692E1,NaN,NaN,NaN,NaN,NaN,NaN,NaN,NaN
8.391360892E1,NaN,NaN,NaN,NaN,NaN,NaN,NaN,NaN
8.392357192E1,NaN,NaN,NaN,NaN,NaN,NaN,NaN,NaN
8.393353392E1,NaN,NaN,NaN,NaN,NaN,NaN,NaN,NaN
8.394349692E1,NaN,NaN,NaN,NaN,NaN,NaN,NaN,NaN
8.395345992E1,NaN,NaN,NaN,NaN,NaN,NaN,NaN,NaN
8.396342192E1,NaN,NaN,NaN,NaN,NaN,NaN,NaN,NaN
8.397338492E1,NaN,NaN,NaN,NaN,NaN,NaN,NaN,NaN
8.398334692E1,NaN,NaN,NaN,NaN,NaN,NaN,NaN,NaN
8.399330929E1,NaN,NaN,NaN,NaN,NaN,NaN,NaN,NaN
8.400327229E1,NaN,NaN,NaN,NaN,NaN,NaN,NaN,NaN
8.401323429E1,NaN,NaN,NaN,NaN,NaN,NaN,NaN,NaN
8.402319729E1,NaN,NaN,NaN,NaN,NaN,NaN,NaN,NaN
8.403315929E1,NaN,NaN,NaN,NaN,NaN,NaN,NaN,NaN
8.404312229E1,NaN,NaN,NaN,NaN,NaN,NaN,NaN,NaN
8.405308429E1,NaN,NaN,NaN,NaN,NaN,NaN,NaN,NaN
8.406304729E1,NaN,NaN,NaN,NaN,NaN,NaN,NaN,NaN
8.407301029E1,NaN,NaN,NaN,NaN,NaN,NaN,NaN,NaN
8.408297229E1,NaN,NaN,NaN,NaN,NaN,NaN,NaN,NaN
8.409293529E1,NaN,NaN,NaN,NaN,NaN,NaN,NaN,NaN
8.410289729E1,NaN,NaN,NaN,NaN,NaN,NaN,NaN,NaN
8.411286029E1,NaN,NaN,NaN,NaN,NaN,NaN,NaN,NaN
8.412282329E1,NaN,NaN,NaN,NaN,NaN,NaN,NaN,NaN
8.413278529E1,NaN,NaN,NaN,NaN,NaN,NaN,NaN,NaN
8.414274829E1,NaN,NaN,NaN,NaN,NaN,NaN,NaN,NaN
8.415271029E1,NaN,NaN,NaN,NaN,NaN,NaN,NaN,NaN
8.416267329E1,NaN,NaN,NaN,NaN,NaN,NaN,NaN,NaN
8.417263629E1,NaN,NaN,NaN,NaN,NaN,NaN,NaN,NaN
8.418259829E1,NaN,NaN,NaN,NaN,NaN,NaN,NaN,NaN
8.419256129E1,NaN,NaN,NaN,NaN,NaN,NaN,NaN,NaN
8.420252329E1,NaN,NaN,NaN,NaN,NaN,NaN,NaN,NaN
8.421248629E1,NaN,NaN,NaN,NaN,NaN,NaN,NaN,NaN
8.422244929E1,NaN,NaN,NaN,NaN,NaN,NaN,NaN,NaN
8.423241129E1,NaN,NaN,NaN,NaN,NaN,NaN,NaN,NaN
8.424237429E1,NaN,NaN,NaN,NaN,NaN,NaN,NaN,NaN
8.425233629E1,NaN,NaN,NaN,NaN,NaN,NaN,NaN,NaN
8.426229929E1,NaN,NaN,NaN,NaN,NaN,NaN,NaN,NaN
8.427226229E1,NaN,NaN,NaN,NaN,NaN,NaN,NaN,NaN
8.428222429E1,NaN,NaN,NaN,NaN,NaN,NaN,NaN,NaN
8.429218729E1,NaN,NaN,NaN,NaN,NaN,NaN,NaN,NaN
8.430214929E1,NaN,NaN,NaN,NaN,NaN,NaN,NaN,NaN
8.431211229E1,NaN,NaN,NaN,NaN,NaN,NaN,NaN,NaN
8.432207529E1,NaN,NaN,NaN,NaN,NaN,NaN,NaN,NaN
8.433203729E1,NaN,NaN,NaN,NaN,NaN,NaN,NaN,NaN
8.434200029E1,NaN,NaN,NaN,NaN,NaN,NaN,NaN,NaN
8.435196229E1,NaN,NaN,NaN,NaN,NaN,NaN,NaN,NaN
8.436192529E1,NaN,NaN,NaN,NaN,NaN,NaN,NaN,NaN
8.437188729E1,NaN,NaN,NaN,NaN,NaN,NaN,NaN,NaN
8.438185029E1,NaN,NaN,NaN,NaN,NaN,NaN,NaN,NaN
8.439181329E1,NaN,NaN,NaN,NaN,NaN,NaN,NaN,NaN
8.440177529E1,NaN,NaN,NaN,NaN,NaN,NaN,NaN,NaN
8.441173829E1,NaN,NaN,NaN,NaN,NaN,NaN,NaN,NaN
8.442170029E1,NaN,NaN,NaN,NaN,NaN,NaN,NaN,NaN
8.443166329E1,NaN,NaN,NaN,NaN,NaN,NaN,NaN,NaN
8.444162629E1,NaN,NaN,NaN,NaN,NaN,NaN,NaN,NaN
8.445158829E1,NaN,NaN,NaN,NaN,NaN,NaN,NaN,NaN
8.446155129E1,NaN,NaN,NaN,NaN,NaN,NaN,NaN,NaN
8.447151329E1,NaN,NaN,NaN,NaN,NaN,NaN,NaN,NaN
8.448147629E1,NaN,NaN,NaN,NaN,NaN,NaN,NaN,NaN
8.449143929E1,NaN,NaN,NaN,NaN,NaN,NaN,NaN,NaN
8.450140129E1,NaN,NaN,NaN,NaN,NaN,NaN,NaN,NaN
8.451136429E1,NaN,NaN,NaN,NaN,NaN,NaN,NaN,NaN
8.452132629E1,NaN,NaN,NaN,NaN,NaN,NaN,NaN,NaN
8.453128929E1,NaN,NaN,NaN,NaN,NaN,NaN,NaN,NaN
8.454125229E1,NaN,NaN,NaN,NaN,NaN,NaN,NaN,NaN
8.455121429E1,NaN,NaN,NaN,NaN,NaN,NaN,NaN,NaN
8.456117729E1,NaN,NaN,NaN,NaN,NaN,NaN,NaN,NaN
8.457113929E1,NaN,NaN,NaN,NaN,NaN,NaN,NaN,NaN
8.458110229E1,NaN,NaN,NaN,NaN,NaN,NaN,NaN,NaN
8.459106429E1,NaN,NaN,NaN,NaN,NaN,NaN,NaN,NaN
8.460102729E1,NaN,NaN,NaN,NaN,NaN,NaN,NaN,NaN
8.461099029E1,NaN,NaN,NaN,NaN,NaN,NaN,NaN,NaN
8.462095229E1,NaN,NaN,NaN,NaN,NaN,NaN,NaN,NaN
8.463091529E1,NaN,NaN,NaN,NaN,NaN,NaN,NaN,NaN
8.464087729E1,NaN,NaN,NaN,NaN,NaN,NaN,NaN,NaN
8.465084029E1,NaN,NaN,NaN,NaN,NaN,NaN,NaN,NaN
8.466080329E1,NaN,NaN,NaN,NaN,NaN,NaN,NaN,NaN
8.467076529E1,NaN,NaN,NaN,NaN,NaN,NaN,NaN,NaN
8.468072829E1,NaN,NaN,NaN,NaN,NaN,NaN,NaN,NaN
8.469069029E1,NaN,NaN,NaN,NaN,NaN,NaN,NaN,NaN
8.470065329E1,NaN,NaN,NaN,NaN,NaN,NaN,NaN,NaN
8.471061629E1,NaN,NaN,NaN,NaN,NaN,NaN,NaN,NaN
8.472057829E1,NaN,NaN,NaN,NaN,NaN,NaN,NaN,NaN
8.473054129E1,NaN,NaN,NaN,NaN,NaN,NaN,NaN,NaN
8.474050329E1,NaN,NaN,NaN,NaN,NaN,NaN,NaN,NaN
8.475046629E1,NaN,NaN,NaN,NaN,NaN,NaN,NaN,NaN
8.476042829E1,NaN,NaN,NaN,NaN,NaN,NaN,NaN,NaN
8.477039129E1,NaN,NaN,NaN,NaN,NaN,NaN,NaN,NaN
8.478035429E1,NaN,NaN,NaN,NaN,NaN,NaN,NaN,NaN
8.479031629E1,NaN,NaN,NaN,NaN,NaN,NaN,NaN,NaN
8.480027929E1,NaN,NaN,NaN,NaN,NaN,NaN,NaN,NaN
8.481024129E1,NaN,NaN,NaN,NaN,NaN,NaN,NaN,NaN
8.482020429E1,NaN,NaN,NaN,NaN,NaN,NaN,NaN,NaN
8.483016729E1,NaN,NaN,NaN,NaN,NaN,NaN,NaN,NaN
8.484012929E1,NaN,NaN,NaN,NaN,NaN,NaN,NaN,NaN
8.485009229E1,NaN,NaN,NaN,NaN,NaN,NaN,NaN,NaN
8.486005429E1,NaN,NaN,NaN,NaN,NaN,NaN,NaN,NaN
8.487001729E1,NaN,NaN,NaN,NaN,NaN,NaN,NaN,NaN
8.487997929E1,NaN,NaN,NaN,NaN,NaN,NaN,NaN,NaN
8.488994229E1,NaN,NaN,NaN,NaN,NaN,NaN,NaN,NaN
8.489990529E1,NaN,NaN,NaN,NaN,NaN,NaN,NaN,NaN
8.490986729E1,NaN,NaN,NaN,NaN,NaN,NaN,NaN,NaN
8.491983029E1,NaN,NaN,NaN,NaN,NaN,NaN,NaN,NaN
8.492979229E1,NaN,NaN,NaN,NaN,NaN,NaN,NaN,NaN
8.493975529E1,NaN,NaN,NaN,NaN,NaN,NaN,NaN,NaN
8.494971829E1,NaN,NaN,NaN,NaN,NaN,NaN,NaN,NaN
8.495968029E1,NaN,NaN,NaN,NaN,NaN,NaN,NaN,NaN
8.496964329E1,NaN,NaN,NaN,NaN,NaN,NaN,NaN,NaN
8.497960529E1,NaN,NaN,NaN,NaN,NaN,NaN,NaN,NaN
8.498956829E1,NaN,NaN,NaN,NaN,NaN,NaN,NaN,NaN
8.499953204E1,NaN,NaN,NaN,NaN,NaN,NaN,NaN,NaN
8.500949404E1,NaN,NaN,NaN,NaN,NaN,NaN,NaN,NaN
8.501945704E1,NaN,NaN,NaN,NaN,NaN,NaN,NaN,NaN
8.502941904E1,NaN,NaN,NaN,NaN,NaN,NaN,NaN,NaN
8.503938204E1,NaN,NaN,NaN,NaN,NaN,NaN,NaN,NaN
8.504934404E1,NaN,NaN,NaN,NaN,NaN,NaN,NaN,NaN
8.505930704E1,NaN,NaN,NaN,NaN,NaN,NaN,NaN,NaN
8.506927004E1,NaN,NaN,NaN,NaN,NaN,NaN,NaN,NaN
8.507923204E1,NaN,NaN,NaN,NaN,NaN,NaN,NaN,NaN
8.508919504E1,NaN,NaN,NaN,NaN,NaN,NaN,NaN,NaN
8.509915704E1,NaN,NaN,NaN,NaN,NaN,NaN,NaN,NaN
8.510912004E1,NaN,NaN,NaN,NaN,NaN,NaN,NaN,NaN
8.511908304E1,NaN,NaN,NaN,NaN,NaN,NaN,NaN,NaN
8.512904504E1,NaN,NaN,NaN,NaN,NaN,NaN,NaN,NaN
8.513900804E1,NaN,NaN,NaN,NaN,NaN,NaN,NaN,NaN
8.514897004E1,NaN,NaN,NaN,NaN,NaN,NaN,NaN,NaN
8.515893304E1,NaN,NaN,NaN,NaN,NaN,NaN,NaN,NaN
8.516889504E1,NaN,NaN,NaN,NaN,NaN,NaN,NaN,NaN
8.517885804E1,NaN,NaN,NaN,NaN,NaN,NaN,NaN,NaN
8.518882104E1,NaN,NaN,NaN,NaN,NaN,NaN,NaN,NaN
8.519878304E1,NaN,NaN,NaN,NaN,NaN,NaN,NaN,NaN
8.520874604E1,NaN,NaN,NaN,NaN,NaN,NaN,NaN,NaN
8.521870804E1,NaN,NaN,NaN,NaN,NaN,NaN,NaN,NaN
8.522867104E1,NaN,NaN,NaN,NaN,NaN,NaN,NaN,NaN
8.523863404E1,NaN,NaN,NaN,NaN,NaN,NaN,NaN,NaN
8.524859604E1,NaN,NaN,NaN,NaN,NaN,NaN,NaN,NaN
8.525855904E1,NaN,NaN,NaN,NaN,NaN,NaN,NaN,NaN
8.526852104E1,NaN,NaN,NaN,NaN,NaN,NaN,NaN,NaN
8.527848404E1,NaN,NaN,NaN,NaN,NaN,NaN,NaN,NaN
8.528844704E1,NaN,NaN,NaN,NaN,NaN,NaN,NaN,NaN
8.529840904E1,NaN,NaN,NaN,NaN,NaN,NaN,NaN,NaN
8.530837204E1,NaN,NaN,NaN,NaN,NaN,NaN,NaN,NaN
8.531833404E1,NaN,NaN,NaN,NaN,NaN,NaN,NaN,NaN
8.532829704E1,NaN,NaN,NaN,NaN,NaN,NaN,NaN,NaN
8.533825904E1,NaN,NaN,NaN,NaN,NaN,NaN,NaN,NaN
8.534822204E1,NaN,NaN,NaN,NaN,NaN,NaN,NaN,NaN
8.535818504E1,NaN,NaN,NaN,NaN,NaN,NaN,NaN,NaN
8.536814704E1,NaN,NaN,NaN,NaN,NaN,NaN,NaN,NaN
8.537811004E1,NaN,NaN,NaN,NaN,NaN,NaN,NaN,NaN
8.538807204E1,NaN,NaN,NaN,NaN,NaN,NaN,NaN,NaN
8.539803504E1,NaN,NaN,NaN,NaN,NaN,NaN,NaN,NaN
8.540799804E1,NaN,NaN,NaN,NaN,NaN,NaN,NaN,NaN
8.541796004E1,NaN,NaN,NaN,NaN,NaN,NaN,NaN,NaN
8.542792304E1,NaN,NaN,NaN,NaN,NaN,NaN,NaN,NaN
8.543788504E1,NaN,NaN,NaN,NaN,NaN,NaN,NaN,NaN
8.544784804E1,NaN,NaN,NaN,NaN,NaN,NaN,NaN,NaN
8.545781004E1,NaN,NaN,NaN,NaN,NaN,NaN,NaN,NaN
8.546777304E1,NaN,NaN,NaN,NaN,NaN,NaN,NaN,NaN
8.547773604E1,NaN,NaN,NaN,NaN,NaN,NaN,NaN,NaN
8.548769804E1,NaN,NaN,NaN,NaN,NaN,NaN,NaN,NaN
8.549766104E1,NaN,NaN,NaN,NaN,NaN,NaN,NaN,NaN
8.550762304E1,NaN,NaN,NaN,NaN,NaN,NaN,NaN,NaN
8.551758604E1,NaN,NaN,NaN,NaN,NaN,NaN,NaN,NaN
8.552754804E1,NaN,NaN,NaN,NaN,NaN,NaN,NaN,NaN
8.553751104E1,NaN,NaN,NaN,NaN,NaN,NaN,NaN,NaN
8.554747404E1,NaN,NaN,NaN,NaN,NaN,NaN,NaN,NaN
8.555743604E1,NaN,NaN,NaN,NaN,NaN,NaN,NaN,NaN
8.556739904E1,NaN,NaN,NaN,NaN,NaN,NaN,NaN,NaN
8.557736104E1,NaN,NaN,NaN,NaN,NaN,NaN,NaN,NaN
8.558732404E1,NaN,NaN,NaN,NaN,NaN,NaN,NaN,NaN
8.559728704E1,NaN,NaN,NaN,NaN,NaN,NaN,NaN,NaN
8.560724904E1,NaN,NaN,NaN,NaN,NaN,NaN,NaN,NaN
8.561721204E1,NaN,NaN,NaN,NaN,NaN,NaN,NaN,NaN
8.562717404E1,NaN,NaN,NaN,NaN,NaN,NaN,NaN,NaN
8.563713704E1,NaN,NaN,NaN,NaN,NaN,NaN,NaN,NaN
8.564709904E1,NaN,NaN,NaN,NaN,NaN,NaN,NaN,NaN
8.565706204E1,NaN,NaN,NaN,NaN,NaN,NaN,NaN,NaN
8.566702504E1,NaN,NaN,NaN,NaN,NaN,NaN,NaN,NaN
8.567698704E1,NaN,NaN,NaN,NaN,NaN,NaN,NaN,NaN
8.568695004E1,NaN,NaN,NaN,NaN,NaN,NaN,NaN,NaN
8.569691204E1,NaN,NaN,NaN,NaN,NaN,NaN,NaN,NaN
8.570687504E1,NaN,NaN,NaN,NaN,NaN,NaN,NaN,NaN
8.571683804E1,NaN,NaN,NaN,NaN,NaN,NaN,NaN,NaN
8.572680004E1,NaN,NaN,NaN,NaN,NaN,NaN,NaN,NaN
8.573676304E1,NaN,NaN,NaN,NaN,NaN,NaN,NaN,NaN
8.574672504E1,NaN,NaN,NaN,NaN,NaN,NaN,NaN,NaN
8.575668804E1,NaN,NaN,NaN,NaN,NaN,NaN,NaN,NaN
8.576665004E1,NaN,NaN,NaN,NaN,NaN,NaN,NaN,NaN
8.577661304E1,NaN,NaN,NaN,NaN,NaN,NaN,NaN,NaN
8.578657604E1,NaN,NaN,NaN,NaN,NaN,NaN,NaN,NaN
8.579653804E1,NaN,NaN,NaN,NaN,NaN,NaN,NaN,NaN
8.580650104E1,NaN,NaN,NaN,NaN,NaN,NaN,NaN,NaN
8.581646304E1,NaN,NaN,NaN,NaN,NaN,NaN,NaN,NaN
8.582642604E1,NaN,NaN,NaN,NaN,NaN,NaN,NaN,NaN
8.583638904E1,NaN,NaN,NaN,NaN,NaN,NaN,NaN,NaN
8.584635104E1,NaN,NaN,NaN,NaN,NaN,NaN,NaN,NaN
8.585631404E1,NaN,NaN,NaN,NaN,NaN,NaN,NaN,NaN
8.586627604E1,NaN,NaN,NaN,NaN,NaN,NaN,NaN,NaN
8.587623904E1,NaN,NaN,NaN,NaN,NaN,NaN,NaN,NaN
8.588620104E1,NaN,NaN,NaN,NaN,NaN,NaN,NaN,NaN
8.589616404E1,NaN,NaN,NaN,NaN,NaN,NaN,NaN,NaN
8.590612704E1,NaN,NaN,NaN,NaN,NaN,NaN,NaN,NaN
8.591608904E1,NaN,NaN,NaN,NaN,NaN,NaN,NaN,NaN
8.592605204E1,NaN,NaN,NaN,NaN,NaN,NaN,NaN,NaN
8.593601404E1,NaN,NaN,NaN,NaN,NaN,NaN,NaN,NaN
8.594597704E1,NaN,NaN,NaN,NaN,NaN,NaN,NaN,NaN
8.595593904E1,NaN,NaN,NaN,NaN,NaN,NaN,NaN,NaN
8.596590204E1,NaN,NaN,NaN,NaN,NaN,NaN,NaN,NaN
8.597586504E1,NaN,NaN,NaN,NaN,NaN,NaN,NaN,NaN
8.598582704E1,NaN,NaN,NaN,NaN,NaN,NaN,NaN,NaN
8.599578929E1,NaN,NaN,NaN,NaN,NaN,NaN,NaN,NaN
8.600575129E1,NaN,NaN,NaN,NaN,NaN,NaN,NaN,NaN
8.601571429E1,NaN,NaN,NaN,NaN,NaN,NaN,NaN,NaN
8.602567629E1,NaN,NaN,NaN,NaN,NaN,NaN,NaN,NaN
8.603563929E1,NaN,NaN,NaN,NaN,NaN,NaN,NaN,NaN
8.604560229E1,NaN,NaN,NaN,NaN,NaN,NaN,NaN,NaN
8.605556429E1,NaN,NaN,NaN,NaN,NaN,NaN,NaN,NaN
8.606552729E1,NaN,NaN,NaN,NaN,NaN,NaN,NaN,NaN
8.607548929E1,NaN,NaN,NaN,NaN,NaN,NaN,NaN,NaN
8.608545229E1,NaN,NaN,NaN,NaN,NaN,NaN,NaN,NaN
8.609541529E1,NaN,NaN,NaN,NaN,NaN,NaN,NaN,NaN
8.610537729E1,NaN,NaN,NaN,NaN,NaN,NaN,NaN,NaN
8.611534029E1,NaN,NaN,NaN,NaN,NaN,NaN,NaN,NaN
8.612530229E1,NaN,NaN,NaN,NaN,NaN,NaN,NaN,NaN
8.613526529E1,NaN,NaN,NaN,NaN,NaN,NaN,NaN,NaN
8.614522729E1,NaN,NaN,NaN,NaN,NaN,NaN,NaN,NaN
8.615519029E1,NaN,NaN,NaN,NaN,NaN,NaN,NaN,NaN
8.616515329E1,NaN,NaN,NaN,NaN,NaN,NaN,NaN,NaN
8.617511529E1,NaN,NaN,NaN,NaN,NaN,NaN,NaN,NaN
8.618507829E1,NaN,NaN,NaN,NaN,NaN,NaN,NaN,NaN
8.619504029E1,NaN,NaN,NaN,NaN,NaN,NaN,NaN,NaN
8.620500329E1,NaN,NaN,NaN,NaN,NaN,NaN,NaN,NaN
8.621496529E1,NaN,NaN,NaN,NaN,NaN,NaN,NaN,NaN
8.622492829E1,NaN,NaN,NaN,NaN,NaN,NaN,NaN,NaN
8.623489129E1,NaN,NaN,NaN,NaN,NaN,NaN,NaN,NaN
8.624485329E1,NaN,NaN,NaN,NaN,NaN,NaN,NaN,NaN
8.625481629E1,NaN,NaN,NaN,NaN,NaN,NaN,NaN,NaN
8.626477829E1,NaN,NaN,NaN,NaN,NaN,NaN,NaN,NaN
8.627474129E1,NaN,NaN,NaN,NaN,NaN,NaN,NaN,NaN
8.628470329E1,NaN,NaN,NaN,NaN,NaN,NaN,NaN,NaN
8.629466629E1,NaN,NaN,NaN,NaN,NaN,NaN,NaN,NaN
8.630462929E1,NaN,NaN,NaN,NaN,NaN,NaN,NaN,NaN
8.631459129E1,NaN,NaN,NaN,NaN,NaN,NaN,NaN,NaN
8.632455429E1,NaN,NaN,NaN,NaN,NaN,NaN,NaN,NaN
8.633451629E1,NaN,NaN,NaN,NaN,NaN,NaN,NaN,NaN
8.634447929E1,NaN,NaN,NaN,NaN,NaN,NaN,NaN,NaN
8.635444229E1,NaN,NaN,NaN,NaN,NaN,NaN,NaN,NaN
8.636440429E1,NaN,NaN,NaN,NaN,NaN,NaN,NaN,NaN
8.637436729E1,NaN,NaN,NaN,NaN,NaN,NaN,NaN,NaN
8.638432929E1,NaN,NaN,NaN,NaN,NaN,NaN,NaN,NaN
8.639429229E1,NaN,NaN,NaN,NaN,NaN,NaN,NaN,NaN
8.640425429E1,NaN,NaN,NaN,NaN,NaN,NaN,NaN,NaN
8.641421729E1,NaN,NaN,NaN,NaN,NaN,NaN,NaN,NaN
8.642418029E1,NaN,NaN,NaN,NaN,NaN,NaN,NaN,NaN
8.643414229E1,NaN,NaN,NaN,NaN,NaN,NaN,NaN,NaN
8.644410529E1,NaN,NaN,NaN,NaN,NaN,NaN,NaN,NaN
8.645406729E1,NaN,NaN,NaN,NaN,NaN,NaN,NaN,NaN
8.646403029E1,NaN,NaN,NaN,NaN,NaN,NaN,NaN,NaN
8.647399229E1,NaN,NaN,NaN,NaN,NaN,NaN,NaN,NaN
8.648395529E1,NaN,NaN,NaN,NaN,NaN,NaN,NaN,NaN
8.649391829E1,NaN,NaN,NaN,NaN,NaN,NaN,NaN,NaN
8.650388029E1,NaN,NaN,NaN,NaN,NaN,NaN,NaN,NaN
8.651384329E1,NaN,NaN,NaN,NaN,NaN,NaN,NaN,NaN
8.652380529E1,NaN,NaN,NaN,NaN,NaN,NaN,NaN,NaN
8.653376829E1,NaN,NaN,NaN,NaN,NaN,NaN,NaN,NaN
8.654373029E1,NaN,NaN,NaN,NaN,NaN,NaN,NaN,NaN
8.655369329E1,NaN,NaN,NaN,NaN,NaN,NaN,NaN,NaN
8.656365629E1,NaN,NaN,NaN,NaN,NaN,NaN,NaN,NaN
8.657361829E1,NaN,NaN,NaN,NaN,NaN,NaN,NaN,NaN
8.658358129E1,NaN,NaN,NaN,NaN,NaN,NaN,NaN,NaN
8.659354329E1,NaN,NaN,NaN,NaN,NaN,NaN,NaN,NaN
8.660350629E1,NaN,NaN,NaN,NaN,NaN,NaN,NaN,NaN
8.661346829E1,NaN,NaN,NaN,NaN,NaN,NaN,NaN,NaN
8.662343129E1,NaN,NaN,NaN,NaN,NaN,NaN,NaN,NaN
8.663339429E1,NaN,NaN,NaN,NaN,NaN,NaN,NaN,NaN
8.664335629E1,NaN,NaN,NaN,NaN,NaN,NaN,NaN,NaN
8.665331929E1,NaN,NaN,NaN,NaN,NaN,NaN,NaN,NaN
8.666328129E1,NaN,NaN,NaN,NaN,NaN,NaN,NaN,NaN
8.667324429E1,NaN,NaN,NaN,NaN,NaN,NaN,NaN,NaN
8.668320629E1,NaN,NaN,NaN,NaN,NaN,NaN,NaN,NaN
8.669316929E1,NaN,NaN,NaN,NaN,NaN,NaN,NaN,NaN
8.670313229E1,NaN,NaN,NaN,NaN,NaN,NaN,NaN,NaN
8.671309429E1,NaN,NaN,NaN,NaN,NaN,NaN,NaN,NaN
8.672305729E1,NaN,NaN,NaN,NaN,NaN,NaN,NaN,NaN
8.673301929E1,NaN,NaN,NaN,NaN,NaN,NaN,NaN,NaN
8.674298229E1,NaN,NaN,NaN,NaN,NaN,NaN,NaN,NaN
8.675294429E1,NaN,NaN,NaN,NaN,NaN,NaN,NaN,NaN
8.676290729E1,NaN,NaN,NaN,NaN,NaN,NaN,NaN,NaN
8.677287029E1,NaN,NaN,NaN,NaN,NaN,NaN,NaN,NaN
8.678283229E1,NaN,NaN,NaN,NaN,NaN,NaN,NaN,NaN
8.679279529E1,NaN,NaN,NaN,NaN,NaN,NaN,NaN,NaN
8.680275729E1,NaN,NaN,NaN,NaN,NaN,NaN,NaN,NaN
8.681272029E1,NaN,NaN,NaN,NaN,NaN,NaN,NaN,NaN
8.682268229E1,NaN,NaN,NaN,NaN,NaN,NaN,NaN,NaN
8.683264529E1,NaN,NaN,NaN,NaN,NaN,NaN,NaN,NaN
8.684260829E1,NaN,NaN,NaN,NaN,NaN,NaN,NaN,NaN
8.685257029E1,NaN,NaN,NaN,NaN,NaN,NaN,NaN,NaN
8.686253329E1,NaN,NaN,NaN,NaN,NaN,NaN,NaN,NaN
8.687249529E1,NaN,NaN,NaN,NaN,NaN,NaN,NaN,NaN
8.688245829E1,NaN,NaN,NaN,NaN,NaN,NaN,NaN,NaN
8.689242029E1,NaN,NaN,NaN,NaN,NaN,NaN,NaN,NaN
8.690238329E1,NaN,NaN,NaN,NaN,NaN,NaN,NaN,NaN
8.691234629E1,NaN,NaN,NaN,NaN,NaN,NaN,NaN,NaN
8.692230829E1,NaN,NaN,NaN,NaN,NaN,NaN,NaN,NaN
8.693227129E1,NaN,NaN,NaN,NaN,NaN,NaN,NaN,NaN
8.694223329E1,NaN,NaN,NaN,NaN,NaN,NaN,NaN,NaN
8.695219629E1,NaN,NaN,NaN,NaN,NaN,NaN,NaN,NaN
8.696215829E1,NaN,NaN,NaN,NaN,NaN,NaN,NaN,NaN
8.697212129E1,NaN,NaN,NaN,NaN,NaN,NaN,NaN,NaN
8.698208429E1,NaN,NaN,NaN,NaN,NaN,NaN,NaN,NaN
8.699204629E1,NaN,NaN,NaN,NaN,NaN,NaN,NaN,NaN
8.700200958E1,NaN,NaN,NaN,NaN,NaN,NaN,NaN,NaN
8.701197158E1,NaN,NaN,NaN,NaN,NaN,NaN,NaN,NaN
8.702193458E1,NaN,NaN,NaN,NaN,NaN,NaN,NaN,NaN
8.703189658E1,NaN,NaN,NaN,NaN,NaN,NaN,NaN,NaN
8.704185958E1,NaN,NaN,NaN,NaN,NaN,NaN,NaN,NaN
8.705182258E1,NaN,NaN,NaN,NaN,NaN,NaN,NaN,NaN
8.706178458E1,NaN,NaN,NaN,NaN,NaN,NaN,NaN,NaN
8.707174758E1,NaN,NaN,NaN,NaN,NaN,NaN,NaN,NaN
8.708170958E1,NaN,NaN,NaN,NaN,NaN,NaN,NaN,NaN
8.709167258E1,NaN,NaN,NaN,NaN,NaN,NaN,NaN,NaN
8.710163458E1,NaN,NaN,NaN,NaN,NaN,NaN,NaN,NaN
8.711159758E1,NaN,NaN,NaN,NaN,NaN,NaN,NaN,NaN
8.712156058E1,NaN,NaN,NaN,NaN,NaN,NaN,NaN,NaN
8.713152258E1,NaN,NaN,NaN,NaN,NaN,NaN,NaN,NaN
8.714148558E1,NaN,NaN,NaN,NaN,NaN,NaN,NaN,NaN
8.715144758E1,NaN,NaN,NaN,NaN,NaN,NaN,NaN,NaN
8.716141058E1,NaN,NaN,NaN,NaN,NaN,NaN,NaN,NaN
8.717137258E1,NaN,NaN,NaN,NaN,NaN,NaN,NaN,NaN
8.718133558E1,NaN,NaN,NaN,NaN,NaN,NaN,NaN,NaN
8.719129858E1,NaN,NaN,NaN,NaN,NaN,NaN,NaN,NaN
8.720126058E1,NaN,NaN,NaN,NaN,NaN,NaN,NaN,NaN
8.721122358E1,NaN,NaN,NaN,NaN,NaN,NaN,NaN,NaN
8.722118558E1,NaN,NaN,NaN,NaN,NaN,NaN,NaN,NaN
8.723114858E1,NaN,NaN,NaN,NaN,NaN,NaN,NaN,NaN
8.724111058E1,NaN,NaN,NaN,NaN,NaN,NaN,NaN,NaN
8.725107358E1,NaN,NaN,NaN,NaN,NaN,NaN,NaN,NaN
8.726103658E1,NaN,NaN,NaN,NaN,NaN,NaN,NaN,NaN
8.727099858E1,NaN,NaN,NaN,NaN,NaN,NaN,NaN,NaN
8.728096158E1,NaN,NaN,NaN,NaN,NaN,NaN,NaN,NaN
8.729092358E1,NaN,NaN,NaN,NaN,NaN,NaN,NaN,NaN
8.730088658E1,NaN,NaN,NaN,NaN,NaN,NaN,NaN,NaN
8.731084858E1,NaN,NaN,NaN,NaN,NaN,NaN,NaN,NaN
8.732081158E1,NaN,NaN,NaN,NaN,NaN,NaN,NaN,NaN
8.733077458E1,NaN,NaN,NaN,NaN,NaN,NaN,NaN,NaN
8.734073658E1,NaN,NaN,NaN,NaN,NaN,NaN,NaN,NaN
8.735069958E1,NaN,NaN,NaN,NaN,NaN,NaN,NaN,NaN
8.736066158E1,NaN,NaN,NaN,NaN,NaN,NaN,NaN,NaN
8.737062458E1,NaN,NaN,NaN,NaN,NaN,NaN,NaN,NaN
8.738058658E1,NaN,NaN,NaN,NaN,NaN,NaN,NaN,NaN
8.739054958E1,NaN,NaN,NaN,NaN,NaN,NaN,NaN,NaN
8.740051258E1,NaN,NaN,NaN,NaN,NaN,NaN,NaN,NaN
8.741047458E1,NaN,NaN,NaN,NaN,NaN,NaN,NaN,NaN
8.742043758E1,NaN,NaN,NaN,NaN,NaN,NaN,NaN,NaN
8.743039958E1,NaN,NaN,NaN,NaN,NaN,NaN,NaN,NaN
8.744036258E1,NaN,NaN,NaN,NaN,NaN,NaN,NaN,NaN
8.745032458E1,NaN,NaN,NaN,NaN,NaN,NaN,NaN,NaN
8.746028758E1,NaN,NaN,NaN,NaN,NaN,NaN,NaN,NaN
8.747024958E1,NaN,NaN,NaN,NaN,NaN,NaN,NaN,NaN
8.748021258E1,NaN,NaN,NaN,NaN,NaN,NaN,NaN,NaN
8.749017558E1,NaN,NaN,NaN,NaN,NaN,NaN,NaN,NaN
8.750013758E1,NaN,NaN,NaN,NaN,NaN,NaN,NaN,NaN
8.751010058E1,NaN,NaN,NaN,NaN,NaN,NaN,NaN,NaN
8.752006258E1,NaN,NaN,NaN,NaN,NaN,NaN,NaN,NaN
8.753002558E1,NaN,NaN,NaN,NaN,NaN,NaN,NaN,NaN
8.753998758E1,NaN,NaN,NaN,NaN,NaN,NaN,NaN,NaN
8.754995058E1,NaN,NaN,NaN,NaN,NaN,NaN,NaN,NaN
8.755991358E1,NaN,NaN,NaN,NaN,NaN,NaN,NaN,NaN
8.756987558E1,NaN,NaN,NaN,NaN,NaN,NaN,NaN,NaN
8.757983858E1,NaN,NaN,NaN,NaN,NaN,NaN,NaN,NaN
8.758980058E1,NaN,NaN,NaN,NaN,NaN,NaN,NaN,NaN
8.759976358E1,NaN,NaN,NaN,NaN,NaN,NaN,NaN,NaN
8.760972558E1,NaN,NaN,NaN,NaN,NaN,NaN,NaN,NaN
8.761968858E1,NaN,NaN,NaN,NaN,NaN,NaN,NaN,NaN
8.762965158E1,NaN,NaN,NaN,NaN,NaN,NaN,NaN,NaN
8.763961358E1,NaN,NaN,NaN,NaN,NaN,NaN,NaN,NaN
8.764957658E1,NaN,NaN,NaN,NaN,NaN,NaN,NaN,NaN
8.765953858E1,NaN,NaN,NaN,NaN,NaN,NaN,NaN,NaN
8.766950158E1,NaN,NaN,NaN,NaN,NaN,NaN,NaN,NaN
8.767946358E1,NaN,NaN,NaN,NaN,NaN,NaN,NaN,NaN
8.768942658E1,NaN,NaN,NaN,NaN,NaN,NaN,NaN,NaN
8.769938958E1,NaN,NaN,NaN,NaN,NaN,NaN,NaN,NaN
8.770935158E1,NaN,NaN,NaN,NaN,NaN,NaN,NaN,NaN
8.771931458E1,NaN,NaN,NaN,NaN,NaN,NaN,NaN,NaN
8.772927658E1,NaN,NaN,NaN,NaN,NaN,NaN,NaN,NaN
8.773923958E1,NaN,NaN,NaN,NaN,NaN,NaN,NaN,NaN
8.774920158E1,NaN,NaN,NaN,NaN,NaN,NaN,NaN,NaN
8.775916458E1,NaN,NaN,NaN,NaN,NaN,NaN,NaN,NaN
8.776912758E1,NaN,NaN,NaN,NaN,NaN,NaN,NaN,NaN
8.777908958E1,NaN,NaN,NaN,NaN,NaN,NaN,NaN,NaN
8.778905258E1,NaN,NaN,NaN,NaN,NaN,NaN,NaN,NaN
8.779901458E1,NaN,NaN,NaN,NaN,NaN,NaN,NaN,NaN
8.780897758E1,NaN,NaN,NaN,NaN,NaN,NaN,NaN,NaN
8.781893958E1,NaN,NaN,NaN,NaN,NaN,NaN,NaN,NaN
8.782890258E1,NaN,NaN,NaN,NaN,NaN,NaN,NaN,NaN
8.783886458E1,NaN,NaN,NaN,NaN,NaN,NaN,NaN,NaN
8.784882758E1,NaN,NaN,NaN,NaN,NaN,NaN,NaN,NaN
8.785879058E1,NaN,NaN,NaN,NaN,NaN,NaN,NaN,NaN
8.786875258E1,NaN,NaN,NaN,NaN,NaN,NaN,NaN,NaN
8.787871558E1,NaN,NaN,NaN,NaN,NaN,NaN,NaN,NaN
8.788867758E1,NaN,NaN,NaN,NaN,NaN,NaN,NaN,NaN
8.789864058E1,NaN,NaN,NaN,NaN,NaN,NaN,NaN,NaN
8.790860258E1,NaN,NaN,NaN,NaN,NaN,NaN,NaN,NaN
8.791856558E1,NaN,NaN,NaN,NaN,NaN,NaN,NaN,NaN
8.792852858E1,NaN,NaN,NaN,NaN,NaN,NaN,NaN,NaN
8.793849058E1,NaN,NaN,NaN,NaN,NaN,NaN,NaN,NaN
8.794845358E1,NaN,NaN,NaN,NaN,NaN,NaN,NaN,NaN
8.795841558E1,NaN,NaN,NaN,NaN,NaN,NaN,NaN,NaN
8.796837858E1,NaN,NaN,NaN,NaN,NaN,NaN,NaN,NaN
8.797834058E1,NaN,NaN,NaN,NaN,NaN,NaN,NaN,NaN
8.798830358E1,NaN,NaN,NaN,NaN,NaN,NaN,NaN,NaN
8.799826508E1,NaN,NaN,NaN,NaN,NaN,NaN,NaN,NaN
8.800822808E1,NaN,NaN,NaN,NaN,NaN,NaN,NaN,NaN
8.801819108E1,NaN,NaN,NaN,NaN,NaN,NaN,NaN,NaN
8.802815308E1,NaN,NaN,NaN,NaN,NaN,NaN,NaN,NaN
8.803811608E1,NaN,NaN,NaN,NaN,NaN,NaN,NaN,NaN
8.804807808E1,NaN,NaN,NaN,NaN,NaN,NaN,NaN,NaN
8.805804108E1,NaN,NaN,NaN,NaN,NaN,NaN,NaN,NaN
8.806800308E1,NaN,NaN,NaN,NaN,NaN,NaN,NaN,NaN
8.807796608E1,NaN,NaN,NaN,NaN,NaN,NaN,NaN,NaN
8.808792908E1,NaN,NaN,NaN,NaN,NaN,NaN,NaN,NaN
8.809789108E1,NaN,NaN,NaN,NaN,NaN,NaN,NaN,NaN
8.810785408E1,NaN,NaN,NaN,NaN,NaN,NaN,NaN,NaN
8.811781608E1,NaN,NaN,NaN,NaN,NaN,NaN,NaN,NaN
8.812777908E1,NaN,NaN,NaN,NaN,NaN,NaN,NaN,NaN
8.813774108E1,NaN,NaN,NaN,NaN,NaN,NaN,NaN,NaN
8.814770408E1,NaN,NaN,NaN,NaN,NaN,NaN,NaN,NaN
8.815766608E1,NaN,NaN,NaN,NaN,NaN,NaN,NaN,NaN
8.816762908E1,NaN,NaN,NaN,NaN,NaN,NaN,NaN,NaN
8.817759208E1,NaN,NaN,NaN,NaN,NaN,NaN,NaN,NaN
8.818755408E1,NaN,NaN,NaN,NaN,NaN,NaN,NaN,NaN
8.819751708E1,NaN,NaN,NaN,NaN,NaN,NaN,NaN,NaN
8.820747908E1,NaN,NaN,NaN,NaN,NaN,NaN,NaN,NaN
8.821744208E1,NaN,NaN,NaN,NaN,NaN,NaN,NaN,NaN
8.822740408E1,NaN,NaN,NaN,NaN,NaN,NaN,NaN,NaN
8.823736708E1,NaN,NaN,NaN,NaN,NaN,NaN,NaN,NaN
8.824733008E1,NaN,NaN,NaN,NaN,NaN,NaN,NaN,NaN
8.825729208E1,NaN,NaN,NaN,NaN,NaN,NaN,NaN,NaN
8.826725508E1,NaN,NaN,NaN,NaN,NaN,NaN,NaN,NaN
8.827721708E1,NaN,NaN,NaN,NaN,NaN,NaN,NaN,NaN
8.828718008E1,NaN,NaN,NaN,NaN,NaN,NaN,NaN,NaN
8.829714208E1,NaN,NaN,NaN,NaN,NaN,NaN,NaN,NaN
8.830710508E1,NaN,NaN,NaN,NaN,NaN,NaN,NaN,NaN
8.831706708E1,NaN,NaN,NaN,NaN,NaN,NaN,NaN,NaN
8.832703008E1,NaN,NaN,NaN,NaN,NaN,NaN,NaN,NaN
8.833699308E1,NaN,NaN,NaN,NaN,NaN,NaN,NaN,NaN
8.834695508E1,NaN,NaN,NaN,NaN,NaN,NaN,NaN,NaN
8.835691808E1,NaN,NaN,NaN,NaN,NaN,NaN,NaN,NaN
8.836688008E1,NaN,NaN,NaN,NaN,NaN,NaN,NaN,NaN
8.837684308E1,NaN,NaN,NaN,NaN,NaN,NaN,NaN,NaN
8.838680508E1,NaN,NaN,NaN,NaN,NaN,NaN,NaN,NaN
8.839676808E1,NaN,NaN,NaN,NaN,NaN,NaN,NaN,NaN
8.840673108E1,NaN,NaN,NaN,NaN,NaN,NaN,NaN,NaN
8.841669308E1,NaN,NaN,NaN,NaN,NaN,NaN,NaN,NaN
8.842665608E1,NaN,NaN,NaN,NaN,NaN,NaN,NaN,NaN
8.843661808E1,NaN,NaN,NaN,NaN,NaN,NaN,NaN,NaN
8.844658108E1,NaN,NaN,NaN,NaN,NaN,NaN,NaN,NaN
8.845654308E1,NaN,NaN,NaN,NaN,NaN,NaN,NaN,NaN
8.846650608E1,NaN,NaN,NaN,NaN,NaN,NaN,NaN,NaN
8.847646808E1,NaN,NaN,NaN,NaN,NaN,NaN,NaN,NaN
8.848643108E1,NaN,NaN,NaN,NaN,NaN,NaN,NaN,NaN
8.849639408E1,NaN,NaN,NaN,NaN,NaN,NaN,NaN,NaN
8.850635608E1,NaN,NaN,NaN,NaN,NaN,NaN,NaN,NaN
8.851631908E1,NaN,NaN,NaN,NaN,NaN,NaN,NaN,NaN
8.852628108E1,NaN,NaN,NaN,NaN,NaN,NaN,NaN,NaN
8.853624408E1,NaN,NaN,NaN,NaN,NaN,NaN,NaN,NaN
8.854620608E1,NaN,NaN,NaN,NaN,NaN,NaN,NaN,NaN
8.855616908E1,NaN,NaN,NaN,NaN,NaN,NaN,NaN,NaN
8.856613108E1,NaN,NaN,NaN,NaN,NaN,NaN,NaN,NaN
8.857609408E1,NaN,NaN,NaN,NaN,NaN,NaN,NaN,NaN
8.858605708E1,NaN,NaN,NaN,NaN,NaN,NaN,NaN,NaN
8.859601908E1,NaN,NaN,NaN,NaN,NaN,NaN,NaN,NaN
8.860598208E1,NaN,NaN,NaN,NaN,NaN,NaN,NaN,NaN
8.861594408E1,NaN,NaN,NaN,NaN,NaN,NaN,NaN,NaN
8.862590708E1,NaN,NaN,NaN,NaN,NaN,NaN,NaN,NaN
8.863586908E1,NaN,NaN,NaN,NaN,NaN,NaN,NaN,NaN
8.864583208E1,NaN,NaN,NaN,NaN,NaN,NaN,NaN,NaN
8.865579508E1,NaN,NaN,NaN,NaN,NaN,NaN,NaN,NaN
8.866575708E1,NaN,NaN,NaN,NaN,NaN,NaN,NaN,NaN
8.867572008E1,NaN,NaN,NaN,NaN,NaN,NaN,NaN,NaN
8.868568208E1,NaN,NaN,NaN,NaN,NaN,NaN,NaN,NaN
8.869564508E1,NaN,NaN,NaN,NaN,NaN,NaN,NaN,NaN
8.870560708E1,NaN,NaN,NaN,NaN,NaN,NaN,NaN,NaN
8.871557008E1,NaN,NaN,NaN,NaN,NaN,NaN,NaN,NaN
8.872553208E1,NaN,NaN,NaN,NaN,NaN,NaN,NaN,NaN
8.873549508E1,NaN,NaN,NaN,NaN,NaN,NaN,NaN,NaN
8.874545808E1,NaN,NaN,NaN,NaN,NaN,NaN,NaN,NaN
8.875542008E1,NaN,NaN,NaN,NaN,NaN,NaN,NaN,NaN
8.876538308E1,NaN,NaN,NaN,NaN,NaN,NaN,NaN,NaN
8.877534508E1,NaN,NaN,NaN,NaN,NaN,NaN,NaN,NaN
8.878530808E1,NaN,NaN,NaN,NaN,NaN,NaN,NaN,NaN
8.879527008E1,NaN,NaN,NaN,NaN,NaN,NaN,NaN,NaN
8.880523308E1,NaN,NaN,NaN,NaN,NaN,NaN,NaN,NaN
8.881519508E1,NaN,NaN,NaN,NaN,NaN,NaN,NaN,NaN
8.882515808E1,NaN,NaN,NaN,NaN,NaN,NaN,NaN,NaN
8.883512108E1,NaN,NaN,NaN,NaN,NaN,NaN,NaN,NaN
8.884508308E1,NaN,NaN,NaN,NaN,NaN,NaN,NaN,NaN
8.885504608E1,NaN,NaN,NaN,NaN,NaN,NaN,NaN,NaN
8.886500808E1,NaN,NaN,NaN,NaN,NaN,NaN,NaN,NaN
8.887497108E1,NaN,NaN,NaN,NaN,NaN,NaN,NaN,NaN
8.888493308E1,NaN,NaN,NaN,NaN,NaN,NaN,NaN,NaN
8.889489608E1,NaN,NaN,NaN,NaN,NaN,NaN,NaN,NaN
8.890485808E1,NaN,NaN,NaN,NaN,NaN,NaN,NaN,NaN
8.891482108E1,NaN,NaN,NaN,NaN,NaN,NaN,NaN,NaN
8.892478408E1,NaN,NaN,NaN,NaN,NaN,NaN,NaN,NaN
8.893474608E1,NaN,NaN,NaN,NaN,NaN,NaN,NaN,NaN
8.894470908E1,NaN,NaN,NaN,NaN,NaN,NaN,NaN,NaN
8.895467108E1,NaN,NaN,NaN,NaN,NaN,NaN,NaN,NaN
8.896463408E1,NaN,NaN,NaN,NaN,NaN,NaN,NaN,NaN
8.897459608E1,NaN,NaN,NaN,NaN,NaN,NaN,NaN,NaN
8.898455908E1,NaN,NaN,NaN,NaN,NaN,NaN,NaN,NaN
8.899452108E1,NaN,NaN,NaN,NaN,NaN,NaN,NaN,NaN
8.900448454E1,NaN,NaN,NaN,NaN,NaN,NaN,NaN,NaN
8.901444754E1,NaN,NaN,NaN,NaN,NaN,NaN,NaN,NaN
8.902440954E1,NaN,NaN,NaN,NaN,NaN,NaN,NaN,NaN
8.903437254E1,NaN,NaN,NaN,NaN,NaN,NaN,NaN,NaN
8.904433454E1,NaN,NaN,NaN,NaN,NaN,NaN,NaN,NaN
8.905429754E1,NaN,NaN,NaN,NaN,NaN,NaN,NaN,NaN
8.906425954E1,NaN,NaN,NaN,NaN,NaN,NaN,NaN,NaN
8.907422254E1,NaN,NaN,NaN,NaN,NaN,NaN,NaN,NaN
8.908418454E1,NaN,NaN,NaN,NaN,NaN,NaN,NaN,NaN
8.909414754E1,NaN,NaN,NaN,NaN,NaN,NaN,NaN,NaN
8.910411054E1,NaN,NaN,NaN,NaN,NaN,NaN,NaN,NaN
8.911407254E1,NaN,NaN,NaN,NaN,NaN,NaN,NaN,NaN
8.912403554E1,NaN,NaN,NaN,NaN,NaN,NaN,NaN,NaN
8.913399754E1,NaN,NaN,NaN,NaN,NaN,NaN,NaN,NaN
8.914396054E1,NaN,NaN,NaN,NaN,NaN,NaN,NaN,NaN
8.915392254E1,NaN,NaN,NaN,NaN,NaN,NaN,NaN,NaN
8.916388554E1,NaN,NaN,NaN,NaN,NaN,NaN,NaN,NaN
8.917384754E1,NaN,NaN,NaN,NaN,NaN,NaN,NaN,NaN
8.918381054E1,NaN,NaN,NaN,NaN,NaN,NaN,NaN,NaN
8.919377354E1,NaN,NaN,NaN,NaN,NaN,NaN,NaN,NaN
8.920373554E1,NaN,NaN,NaN,NaN,NaN,NaN,NaN,NaN
8.921369854E1,NaN,NaN,NaN,NaN,NaN,NaN,NaN,NaN
8.922366054E1,NaN,NaN,NaN,NaN,NaN,NaN,NaN,NaN
8.923362354E1,NaN,NaN,NaN,NaN,NaN,NaN,NaN,NaN
8.924358554E1,NaN,NaN,NaN,NaN,NaN,NaN,NaN,NaN
8.925354854E1,NaN,NaN,NaN,NaN,NaN,NaN,NaN,NaN
8.926351054E1,NaN,NaN,NaN,NaN,NaN,NaN,NaN,NaN
8.927347354E1,NaN,NaN,NaN,NaN,NaN,NaN,NaN,NaN
8.928343654E1,NaN,NaN,NaN,NaN,NaN,NaN,NaN,NaN
8.929339854E1,NaN,NaN,NaN,NaN,NaN,NaN,NaN,NaN
8.930336154E1,NaN,NaN,NaN,NaN,NaN,NaN,NaN,NaN
8.931332354E1,NaN,NaN,NaN,NaN,NaN,NaN,NaN,NaN
8.932328654E1,NaN,NaN,NaN,NaN,NaN,NaN,NaN,NaN
8.933324854E1,NaN,NaN,NaN,NaN,NaN,NaN,NaN,NaN
8.934321154E1,NaN,NaN,NaN,NaN,NaN,NaN,NaN,NaN
8.935317354E1,NaN,NaN,NaN,NaN,NaN,NaN,NaN,NaN
8.936313654E1,NaN,NaN,NaN,NaN,NaN,NaN,NaN,NaN
8.937309954E1,NaN,NaN,NaN,NaN,NaN,NaN,NaN,NaN
8.938306154E1,NaN,NaN,NaN,NaN,NaN,NaN,NaN,NaN
8.939302454E1,NaN,NaN,NaN,NaN,NaN,NaN,NaN,NaN
8.940298654E1,NaN,NaN,NaN,NaN,NaN,NaN,NaN,NaN
8.941294954E1,NaN,NaN,NaN,NaN,NaN,NaN,NaN,NaN
8.942291154E1,NaN,NaN,NaN,NaN,NaN,NaN,NaN,NaN
8.943287454E1,NaN,NaN,NaN,NaN,NaN,NaN,NaN,NaN
8.944283654E1,NaN,NaN,NaN,NaN,NaN,NaN,NaN,NaN
8.945279954E1,NaN,NaN,NaN,NaN,NaN,NaN,NaN,NaN
8.946276254E1,NaN,NaN,NaN,NaN,NaN,NaN,NaN,NaN
8.947272454E1,NaN,NaN,NaN,NaN,NaN,NaN,NaN,NaN
8.948268754E1,NaN,NaN,NaN,NaN,NaN,NaN,NaN,NaN
8.949264954E1,NaN,NaN,NaN,NaN,NaN,NaN,NaN,NaN
8.950261254E1,NaN,NaN,NaN,NaN,NaN,NaN,NaN,NaN
8.951257454E1,NaN,NaN,NaN,NaN,NaN,NaN,NaN,NaN
8.952253754E1,NaN,NaN,NaN,NaN,NaN,NaN,NaN,NaN
8.953249954E1,NaN,NaN,NaN,NaN,NaN,NaN,NaN,NaN
8.954246254E1,NaN,NaN,NaN,NaN,NaN,NaN,NaN,NaN
8.955242554E1,NaN,NaN,NaN,NaN,NaN,NaN,NaN,NaN
8.956238754E1,NaN,NaN,NaN,NaN,NaN,NaN,NaN,NaN
8.957235054E1,NaN,NaN,NaN,NaN,NaN,NaN,NaN,NaN
8.958231254E1,NaN,NaN,NaN,NaN,NaN,NaN,NaN,NaN
8.959227554E1,NaN,NaN,NaN,NaN,NaN,NaN,NaN,NaN
8.960223754E1,NaN,NaN,NaN,NaN,NaN,NaN,NaN,NaN
8.961220054E1,NaN,NaN,NaN,NaN,NaN,NaN,NaN,NaN
8.962216254E1,NaN,NaN,NaN,NaN,NaN,NaN,NaN,NaN
8.963212554E1,NaN,NaN,NaN,NaN,NaN,NaN,NaN,NaN
8.964208854E1,NaN,NaN,NaN,NaN,NaN,NaN,NaN,NaN
8.965205054E1,NaN,NaN,NaN,NaN,NaN,NaN,NaN,NaN
8.966201354E1,NaN,NaN,NaN,NaN,NaN,NaN,NaN,NaN
8.967197554E1,NaN,NaN,NaN,NaN,NaN,NaN,NaN,NaN
8.968193854E1,NaN,NaN,NaN,NaN,NaN,NaN,NaN,NaN
8.969190054E1,NaN,NaN,NaN,NaN,NaN,NaN,NaN,NaN
8.970186354E1,NaN,NaN,NaN,NaN,NaN,NaN,NaN,NaN
8.971182554E1,NaN,NaN,NaN,NaN,NaN,NaN,NaN,NaN
8.972178854E1,NaN,NaN,NaN,NaN,NaN,NaN,NaN,NaN
8.973175054E1,NaN,NaN,NaN,NaN,NaN,NaN,NaN,NaN
8.974171354E1,NaN,NaN,NaN,NaN,NaN,NaN,NaN,NaN
8.975167654E1,NaN,NaN,NaN,NaN,NaN,NaN,NaN,NaN
8.976163854E1,NaN,NaN,NaN,NaN,NaN,NaN,NaN,NaN
8.977160154E1,NaN,NaN,NaN,NaN,NaN,NaN,NaN,NaN
8.978156354E1,NaN,NaN,NaN,NaN,NaN,NaN,NaN,NaN
8.979152654E1,NaN,NaN,NaN,NaN,NaN,NaN,NaN,NaN
8.980148854E1,NaN,NaN,NaN,NaN,NaN,NaN,NaN,NaN
8.981145154E1,NaN,NaN,NaN,NaN,NaN,NaN,NaN,NaN
8.982141354E1,NaN,NaN,NaN,NaN,NaN,NaN,NaN,NaN
8.983137654E1,NaN,NaN,NaN,NaN,NaN,NaN,NaN,NaN
8.984133954E1,NaN,NaN,NaN,NaN,NaN,NaN,NaN,NaN
8.985130154E1,NaN,NaN,NaN,NaN,NaN,NaN,NaN,NaN
8.986126454E1,NaN,NaN,NaN,NaN,NaN,NaN,NaN,NaN
8.987122654E1,NaN,NaN,NaN,NaN,NaN,NaN,NaN,NaN
8.988118954E1,NaN,NaN,NaN,NaN,NaN,NaN,NaN,NaN
8.989115154E1,NaN,NaN,NaN,NaN,NaN,NaN,NaN,NaN
8.990111454E1,NaN,NaN,NaN,NaN,NaN,NaN,NaN,NaN
8.991107654E1,NaN,NaN,NaN,NaN,NaN,NaN,NaN,NaN
8.992103954E1,NaN,NaN,NaN,NaN,NaN,NaN,NaN,NaN
8.993100254E1,NaN,NaN,NaN,NaN,NaN,NaN,NaN,NaN
8.994096454E1,NaN,NaN,NaN,NaN,NaN,NaN,NaN,NaN
8.995092754E1,NaN,NaN,NaN,NaN,NaN,NaN,NaN,NaN
8.996088954E1,NaN,NaN,NaN,NaN,NaN,NaN,NaN,NaN
8.997085254E1,NaN,NaN,NaN,NaN,NaN,NaN,NaN,NaN
8.998081454E1,NaN,NaN,NaN,NaN,NaN,NaN,NaN,NaN
8.999077754E1,NaN,NaN,NaN,NaN,NaN,NaN,NaN,NaN
9.000073929E1,NaN,NaN,NaN,NaN,NaN,NaN,NaN,NaN
9.001070229E1,NaN,NaN,NaN,NaN,NaN,NaN,NaN,NaN
9.002066429E1,NaN,NaN,NaN,NaN,NaN,NaN,NaN,NaN
9.003062729E1,NaN,NaN,NaN,NaN,NaN,NaN,NaN,NaN
9.004059029E1,NaN,NaN,NaN,NaN,NaN,NaN,NaN,NaN
9.005055229E1,NaN,NaN,NaN,NaN,NaN,NaN,NaN,NaN
9.006051529E1,NaN,NaN,NaN,NaN,NaN,NaN,NaN,NaN
9.007047729E1,NaN,NaN,NaN,NaN,NaN,NaN,NaN,NaN
9.008044029E1,NaN,NaN,NaN,NaN,NaN,NaN,NaN,NaN
9.009040229E1,NaN,NaN,NaN,NaN,NaN,NaN,NaN,NaN
9.010036529E1,NaN,NaN,NaN,NaN,NaN,NaN,NaN,NaN
9.011032729E1,NaN,NaN,NaN,NaN,NaN,NaN,NaN,NaN
9.012029029E1,NaN,NaN,NaN,NaN,NaN,NaN,NaN,NaN
9.013025229E1,NaN,NaN,NaN,NaN,NaN,NaN,NaN,NaN
9.014021529E1,NaN,NaN,NaN,NaN,NaN,NaN,NaN,NaN
9.015017829E1,NaN,NaN,NaN,NaN,NaN,NaN,NaN,NaN
9.016014029E1,NaN,NaN,NaN,NaN,NaN,NaN,NaN,NaN
9.017010329E1,NaN,NaN,NaN,NaN,NaN,NaN,NaN,NaN
9.018006529E1,NaN,NaN,NaN,NaN,NaN,NaN,NaN,NaN
9.019002829E1,NaN,NaN,NaN,NaN,NaN,NaN,NaN,NaN
9.019999029E1,NaN,NaN,NaN,NaN,NaN,NaN,NaN,NaN
9.020995329E1,NaN,NaN,NaN,NaN,NaN,NaN,NaN,NaN
9.021991529E1,NaN,NaN,NaN,NaN,NaN,NaN,NaN,NaN
9.022987829E1,NaN,NaN,NaN,NaN,NaN,NaN,NaN,NaN
9.023984129E1,NaN,NaN,NaN,NaN,NaN,NaN,NaN,NaN
9.024980329E1,NaN,NaN,NaN,NaN,NaN,NaN,NaN,NaN
9.025976629E1,NaN,NaN,NaN,NaN,NaN,NaN,NaN,NaN
9.026972829E1,NaN,NaN,NaN,NaN,NaN,NaN,NaN,NaN
9.027969129E1,NaN,NaN,NaN,NaN,NaN,NaN,NaN,NaN
9.028965329E1,NaN,NaN,NaN,NaN,NaN,NaN,NaN,NaN
9.029961629E1,NaN,NaN,NaN,NaN,NaN,NaN,NaN,NaN
9.030957829E1,NaN,NaN,NaN,NaN,NaN,NaN,NaN,NaN
9.031954129E1,NaN,NaN,NaN,NaN,NaN,NaN,NaN,NaN
9.032950329E1,NaN,NaN,NaN,NaN,NaN,NaN,NaN,NaN
9.033946629E1,NaN,NaN,NaN,NaN,NaN,NaN,NaN,NaN
9.034942929E1,NaN,NaN,NaN,NaN,NaN,NaN,NaN,NaN
9.035939129E1,NaN,NaN,NaN,NaN,NaN,NaN,NaN,NaN
9.036935429E1,NaN,NaN,NaN,NaN,NaN,NaN,NaN,NaN
9.037931629E1,NaN,NaN,NaN,NaN,NaN,NaN,NaN,NaN
9.038927929E1,NaN,NaN,NaN,NaN,NaN,NaN,NaN,NaN
9.039924129E1,NaN,NaN,NaN,NaN,NaN,NaN,NaN,NaN
9.040920429E1,NaN,NaN,NaN,NaN,NaN,NaN,NaN,NaN
9.041916629E1,NaN,NaN,NaN,NaN,NaN,NaN,NaN,NaN
9.042912929E1,NaN,NaN,NaN,NaN,NaN,NaN,NaN,NaN
9.043909229E1,NaN,NaN,NaN,NaN,NaN,NaN,NaN,NaN
9.044905429E1,NaN,NaN,NaN,NaN,NaN,NaN,NaN,NaN
9.045901729E1,NaN,NaN,NaN,NaN,NaN,NaN,NaN,NaN
9.046897929E1,NaN,NaN,NaN,NaN,NaN,NaN,NaN,NaN
9.047894229E1,NaN,NaN,NaN,NaN,NaN,NaN,NaN,NaN
9.048890429E1,NaN,NaN,NaN,NaN,NaN,NaN,NaN,NaN
9.049886729E1,NaN,NaN,NaN,NaN,NaN,NaN,NaN,NaN
9.050882929E1,NaN,NaN,NaN,NaN,NaN,NaN,NaN,NaN
9.051879229E1,NaN,NaN,NaN,NaN,NaN,NaN,NaN,NaN
9.052875429E1,NaN,NaN,NaN,NaN,NaN,NaN,NaN,NaN
9.053871729E1,NaN,NaN,NaN,NaN,NaN,NaN,NaN,NaN
9.054867929E1,NaN,NaN,NaN,NaN,NaN,NaN,NaN,NaN
9.055864229E1,NaN,NaN,NaN,NaN,NaN,NaN,NaN,NaN
9.056860529E1,NaN,NaN,NaN,NaN,NaN,NaN,NaN,NaN
9.057856729E1,NaN,NaN,NaN,NaN,NaN,NaN,NaN,NaN
9.058853029E1,NaN,NaN,NaN,NaN,NaN,NaN,NaN,NaN
9.059849229E1,NaN,NaN,NaN,NaN,NaN,NaN,NaN,NaN
9.060845529E1,NaN,NaN,NaN,NaN,NaN,NaN,NaN,NaN
9.061841729E1,NaN,NaN,NaN,NaN,NaN,NaN,NaN,NaN
9.062838029E1,NaN,NaN,NaN,NaN,NaN,NaN,NaN,NaN
9.063834229E1,NaN,NaN,NaN,NaN,NaN,NaN,NaN,NaN
9.064830529E1,NaN,NaN,NaN,NaN,NaN,NaN,NaN,NaN
9.065826729E1,NaN,NaN,NaN,NaN,NaN,NaN,NaN,NaN
9.066823029E1,NaN,NaN,NaN,NaN,NaN,NaN,NaN,NaN
9.067819329E1,NaN,NaN,NaN,NaN,NaN,NaN,NaN,NaN
9.068815529E1,NaN,NaN,NaN,NaN,NaN,NaN,NaN,NaN
9.069811829E1,NaN,NaN,NaN,NaN,NaN,NaN,NaN,NaN
9.070808029E1,NaN,NaN,NaN,NaN,NaN,NaN,NaN,NaN
9.071804329E1,NaN,NaN,NaN,NaN,NaN,NaN,NaN,NaN
9.072800529E1,NaN,NaN,NaN,NaN,NaN,NaN,NaN,NaN
9.073796829E1,NaN,NaN,NaN,NaN,NaN,NaN,NaN,NaN
9.074793029E1,NaN,NaN,NaN,NaN,NaN,NaN,NaN,NaN
9.075789329E1,NaN,NaN,NaN,NaN,NaN,NaN,NaN,NaN
9.076785529E1,NaN,NaN,NaN,NaN,NaN,NaN,NaN,NaN
9.077781829E1,NaN,NaN,NaN,NaN,NaN,NaN,NaN,NaN
9.078778129E1,NaN,NaN,NaN,NaN,NaN,NaN,NaN,NaN
9.079774329E1,NaN,NaN,NaN,NaN,NaN,NaN,NaN,NaN
9.080770629E1,NaN,NaN,NaN,NaN,NaN,NaN,NaN,NaN
9.081766829E1,NaN,NaN,NaN,NaN,NaN,NaN,NaN,NaN
9.082763129E1,NaN,NaN,NaN,NaN,NaN,NaN,NaN,NaN
9.083759329E1,NaN,NaN,NaN,NaN,NaN,NaN,NaN,NaN
9.084755629E1,NaN,NaN,NaN,NaN,NaN,NaN,NaN,NaN
9.085751829E1,NaN,NaN,NaN,NaN,NaN,NaN,NaN,NaN
9.086748129E1,NaN,NaN,NaN,NaN,NaN,NaN,NaN,NaN
9.087744329E1,NaN,NaN,NaN,NaN,NaN,NaN,NaN,NaN
9.088740629E1,NaN,NaN,NaN,NaN,NaN,NaN,NaN,NaN
9.089736929E1,NaN,NaN,NaN,NaN,NaN,NaN,NaN,NaN
9.090733129E1,NaN,NaN,NaN,NaN,NaN,NaN,NaN,NaN
9.091729429E1,NaN,NaN,NaN,NaN,NaN,NaN,NaN,NaN
9.092725629E1,NaN,NaN,NaN,NaN,NaN,NaN,NaN,NaN
9.093721929E1,NaN,NaN,NaN,NaN,NaN,NaN,NaN,NaN
9.094718129E1,NaN,NaN,NaN,NaN,NaN,NaN,NaN,NaN
9.095714429E1,NaN,NaN,NaN,NaN,NaN,NaN,NaN,NaN
9.096710629E1,NaN,NaN,NaN,NaN,NaN,NaN,NaN,NaN
9.097706929E1,NaN,NaN,NaN,NaN,NaN,NaN,NaN,NaN
9.098703129E1,NaN,NaN,NaN,NaN,NaN,NaN,NaN,NaN
9.099699429E1,NaN,NaN,NaN,NaN,NaN,NaN,NaN,NaN
9.100695683E1,NaN,NaN,NaN,NaN,NaN,NaN,NaN,NaN
9.101691883E1,NaN,NaN,NaN,NaN,NaN,NaN,NaN,NaN
9.102688183E1,NaN,NaN,NaN,NaN,NaN,NaN,NaN,NaN
9.103684383E1,NaN,NaN,NaN,NaN,NaN,NaN,NaN,NaN
9.104680683E1,NaN,NaN,NaN,NaN,NaN,NaN,NaN,NaN
9.105676883E1,NaN,NaN,NaN,NaN,NaN,NaN,NaN,NaN
9.106673183E1,NaN,NaN,NaN,NaN,NaN,NaN,NaN,NaN
9.107669383E1,NaN,NaN,NaN,NaN,NaN,NaN,NaN,NaN
9.108665683E1,NaN,NaN,NaN,NaN,NaN,NaN,NaN,NaN
9.109661883E1,NaN,NaN,NaN,NaN,NaN,NaN,NaN,NaN
9.110658183E1,NaN,NaN,NaN,NaN,NaN,NaN,NaN,NaN
9.111654483E1,NaN,NaN,NaN,NaN,NaN,NaN,NaN,NaN
9.112650683E1,NaN,NaN,NaN,NaN,NaN,NaN,NaN,NaN
9.113646983E1,NaN,NaN,NaN,NaN,NaN,NaN,NaN,NaN
9.114643183E1,NaN,NaN,NaN,NaN,NaN,NaN,NaN,NaN
9.115639483E1,NaN,NaN,NaN,NaN,NaN,NaN,NaN,NaN
9.116635683E1,NaN,NaN,NaN,NaN,NaN,NaN,NaN,NaN
9.117631983E1,NaN,NaN,NaN,NaN,NaN,NaN,NaN,NaN
9.118628183E1,NaN,NaN,NaN,NaN,NaN,NaN,NaN,NaN
9.119624483E1,NaN,NaN,NaN,NaN,NaN,NaN,NaN,NaN
9.120620683E1,NaN,NaN,NaN,NaN,NaN,NaN,NaN,NaN
9.121616983E1,NaN,NaN,NaN,NaN,NaN,NaN,NaN,NaN
9.122613283E1,NaN,NaN,NaN,NaN,NaN,NaN,NaN,NaN
9.123609483E1,NaN,NaN,NaN,NaN,NaN,NaN,NaN,NaN
9.124605783E1,NaN,NaN,NaN,NaN,NaN,NaN,NaN,NaN
9.125601983E1,NaN,NaN,NaN,NaN,NaN,NaN,NaN,NaN
9.126598283E1,NaN,NaN,NaN,NaN,NaN,NaN,NaN,NaN
9.127594483E1,NaN,NaN,NaN,NaN,NaN,NaN,NaN,NaN
9.128590783E1,NaN,NaN,NaN,NaN,NaN,NaN,NaN,NaN
9.129586983E1,NaN,NaN,NaN,NaN,NaN,NaN,NaN,NaN
9.130583283E1,NaN,NaN,NaN,NaN,NaN,NaN,NaN,NaN
9.131579483E1,NaN,NaN,NaN,NaN,NaN,NaN,NaN,NaN
9.132575783E1,NaN,NaN,NaN,NaN,NaN,NaN,NaN,NaN
9.133572083E1,NaN,NaN,NaN,NaN,NaN,NaN,NaN,NaN
9.134568283E1,NaN,NaN,NaN,NaN,NaN,NaN,NaN,NaN
9.135564583E1,NaN,NaN,NaN,NaN,NaN,NaN,NaN,NaN
9.136560783E1,NaN,NaN,NaN,NaN,NaN,NaN,NaN,NaN
9.137557083E1,NaN,NaN,NaN,NaN,NaN,NaN,NaN,NaN
9.138553283E1,NaN,NaN,NaN,NaN,NaN,NaN,NaN,NaN
9.139549583E1,NaN,NaN,NaN,NaN,NaN,NaN,NaN,NaN
9.140545783E1,NaN,NaN,NaN,NaN,NaN,NaN,NaN,NaN
9.141542083E1,NaN,NaN,NaN,NaN,NaN,NaN,NaN,NaN
9.142538283E1,NaN,NaN,NaN,NaN,NaN,NaN,NaN,NaN
9.143534583E1,NaN,NaN,NaN,NaN,NaN,NaN,NaN,NaN
9.144530783E1,NaN,NaN,NaN,NaN,NaN,NaN,NaN,NaN
9.145527083E1,NaN,NaN,NaN,NaN,NaN,NaN,NaN,NaN
9.146523383E1,NaN,NaN,NaN,NaN,NaN,NaN,NaN,NaN
9.147519583E1,NaN,NaN,NaN,NaN,NaN,NaN,NaN,NaN
9.148515883E1,NaN,NaN,NaN,NaN,NaN,NaN,NaN,NaN
9.149512083E1,NaN,NaN,NaN,NaN,NaN,NaN,NaN,NaN
9.150508383E1,NaN,NaN,NaN,NaN,NaN,NaN,NaN,NaN
9.151504583E1,NaN,NaN,NaN,NaN,NaN,NaN,NaN,NaN
9.152500883E1,NaN,NaN,NaN,NaN,NaN,NaN,NaN,NaN
9.153497083E1,NaN,NaN,NaN,NaN,NaN,NaN,NaN,NaN
9.154493383E1,NaN,NaN,NaN,NaN,NaN,NaN,NaN,NaN
9.155489583E1,NaN,NaN,NaN,NaN,NaN,NaN,NaN,NaN
9.156485883E1,NaN,NaN,NaN,NaN,NaN,NaN,NaN,NaN
9.157482083E1,NaN,NaN,NaN,NaN,NaN,NaN,NaN,NaN
9.158478383E1,NaN,NaN,NaN,NaN,NaN,NaN,NaN,NaN
9.159474683E1,NaN,NaN,NaN,NaN,NaN,NaN,NaN,NaN
9.160470883E1,NaN,NaN,NaN,NaN,NaN,NaN,NaN,NaN
9.161467183E1,NaN,NaN,NaN,NaN,NaN,NaN,NaN,NaN
9.162463383E1,NaN,NaN,NaN,NaN,NaN,NaN,NaN,NaN
9.163459683E1,NaN,NaN,NaN,NaN,NaN,NaN,NaN,NaN
9.164455883E1,NaN,NaN,NaN,NaN,NaN,NaN,NaN,NaN
9.165452183E1,NaN,NaN,NaN,NaN,NaN,NaN,NaN,NaN
9.166448383E1,NaN,NaN,NaN,NaN,NaN,NaN,NaN,NaN
9.167444683E1,NaN,NaN,NaN,NaN,NaN,NaN,NaN,NaN
9.168440883E1,NaN,NaN,NaN,NaN,NaN,NaN,NaN,NaN
9.169437183E1,NaN,NaN,NaN,NaN,NaN,NaN,NaN,NaN
9.170433383E1,NaN,NaN,NaN,NaN,NaN,NaN,NaN,NaN
9.171429683E1,NaN,NaN,NaN,NaN,NaN,NaN,NaN,NaN
9.172425983E1,NaN,NaN,NaN,NaN,NaN,NaN,NaN,NaN
9.173422183E1,NaN,NaN,NaN,NaN,NaN,NaN,NaN,NaN
9.174418483E1,NaN,NaN,NaN,NaN,NaN,NaN,NaN,NaN
9.175414683E1,NaN,NaN,NaN,NaN,NaN,NaN,NaN,NaN
9.176410983E1,NaN,NaN,NaN,NaN,NaN,NaN,NaN,NaN
9.177407183E1,NaN,NaN,NaN,NaN,NaN,NaN,NaN,NaN
9.178403483E1,NaN,NaN,NaN,NaN,NaN,NaN,NaN,NaN
9.179399683E1,NaN,NaN,NaN,NaN,NaN,NaN,NaN,NaN
9.180395983E1,NaN,NaN,NaN,NaN,NaN,NaN,NaN,NaN
9.181392183E1,NaN,NaN,NaN,NaN,NaN,NaN,NaN,NaN
9.182388483E1,NaN,NaN,NaN,NaN,NaN,NaN,NaN,NaN
9.183384683E1,NaN,NaN,NaN,NaN,NaN,NaN,NaN,NaN
9.184380983E1,NaN,NaN,NaN,NaN,NaN,NaN,NaN,NaN
9.185377283E1,NaN,NaN,NaN,NaN,NaN,NaN,NaN,NaN
9.186373483E1,NaN,NaN,NaN,NaN,NaN,NaN,NaN,NaN
9.187369783E1,NaN,NaN,NaN,NaN,NaN,NaN,NaN,NaN
9.188365983E1,NaN,NaN,NaN,NaN,NaN,NaN,NaN,NaN
9.189362283E1,NaN,NaN,NaN,NaN,NaN,NaN,NaN,NaN
9.190358483E1,NaN,NaN,NaN,NaN,NaN,NaN,NaN,NaN
9.191354783E1,NaN,NaN,NaN,NaN,NaN,NaN,NaN,NaN
9.192350983E1,NaN,NaN,NaN,NaN,NaN,NaN,NaN,NaN
9.193347283E1,NaN,NaN,NaN,NaN,NaN,NaN,NaN,NaN
9.194343483E1,NaN,NaN,NaN,NaN,NaN,NaN,NaN,NaN
9.195339783E1,NaN,NaN,NaN,NaN,NaN,NaN,NaN,NaN
9.196335983E1,NaN,NaN,NaN,NaN,NaN,NaN,NaN,NaN
9.197332283E1,NaN,NaN,NaN,NaN,NaN,NaN,NaN,NaN
9.198328583E1,NaN,NaN,NaN,NaN,NaN,NaN,NaN,NaN
9.199324783E1,NaN,NaN,NaN,NaN,NaN,NaN,NaN,NaN
9.200321196E1,NaN,NaN,NaN,NaN,NaN,NaN,NaN,NaN
9.201317396E1,NaN,NaN,NaN,NaN,NaN,NaN,NaN,NaN
9.202313696E1,NaN,NaN,NaN,NaN,NaN,NaN,NaN,NaN
9.203309896E1,NaN,NaN,NaN,NaN,NaN,NaN,NaN,NaN
9.204306196E1,NaN,NaN,NaN,NaN,NaN,NaN,NaN,NaN
9.205302396E1,NaN,NaN,NaN,NaN,NaN,NaN,NaN,NaN
9.206298696E1,NaN,NaN,NaN,NaN,NaN,NaN,NaN,NaN
9.207294896E1,NaN,NaN,NaN,NaN,NaN,NaN,NaN,NaN
9.208291196E1,NaN,NaN,NaN,NaN,NaN,NaN,NaN,NaN
9.209287396E1,NaN,NaN,NaN,NaN,NaN,NaN,NaN,NaN
9.210283696E1,NaN,NaN,NaN,NaN,NaN,NaN,NaN,NaN
9.211279996E1,NaN,NaN,NaN,NaN,NaN,NaN,NaN,NaN
9.212276196E1,NaN,NaN,NaN,NaN,NaN,NaN,NaN,NaN
9.213272496E1,NaN,NaN,NaN,NaN,NaN,NaN,NaN,NaN
9.214268696E1,NaN,NaN,NaN,NaN,NaN,NaN,NaN,NaN
9.215264996E1,NaN,NaN,NaN,NaN,NaN,NaN,NaN,NaN
9.216261196E1,NaN,NaN,NaN,NaN,NaN,NaN,NaN,NaN
9.217257496E1,NaN,NaN,NaN,NaN,NaN,NaN,NaN,NaN
9.218253696E1,NaN,NaN,NaN,NaN,NaN,NaN,NaN,NaN
9.219249996E1,NaN,NaN,NaN,NaN,NaN,NaN,NaN,NaN
9.220246196E1,NaN,NaN,NaN,NaN,NaN,NaN,NaN,NaN
9.221242496E1,NaN,NaN,NaN,NaN,NaN,NaN,NaN,NaN
9.222238696E1,NaN,NaN,NaN,NaN,NaN,NaN,NaN,NaN
9.223234996E1,NaN,NaN,NaN,NaN,NaN,NaN,NaN,NaN
9.224231196E1,NaN,NaN,NaN,NaN,NaN,NaN,NaN,NaN
9.225227496E1,NaN,NaN,NaN,NaN,NaN,NaN,NaN,NaN
9.226223796E1,NaN,NaN,NaN,NaN,NaN,NaN,NaN,NaN
9.227219996E1,NaN,NaN,NaN,NaN,NaN,NaN,NaN,NaN
9.228216296E1,NaN,NaN,NaN,NaN,NaN,NaN,NaN,NaN
9.229212496E1,NaN,NaN,NaN,NaN,NaN,NaN,NaN,NaN
9.230208796E1,NaN,NaN,NaN,NaN,NaN,NaN,NaN,NaN
9.231204996E1,NaN,NaN,NaN,NaN,NaN,NaN,NaN,NaN
9.232201296E1,NaN,NaN,NaN,NaN,NaN,NaN,NaN,NaN
9.233197496E1,NaN,NaN,NaN,NaN,NaN,NaN,NaN,NaN
9.234193796E1,NaN,NaN,NaN,NaN,NaN,NaN,NaN,NaN
9.235189996E1,NaN,NaN,NaN,NaN,NaN,NaN,NaN,NaN
9.236186296E1,NaN,NaN,NaN,NaN,NaN,NaN,NaN,NaN
9.237182496E1,NaN,NaN,NaN,NaN,NaN,NaN,NaN,NaN
9.238178796E1,NaN,NaN,NaN,NaN,NaN,NaN,NaN,NaN
9.239174996E1,NaN,NaN,NaN,NaN,NaN,NaN,NaN,NaN
9.240171296E1,NaN,NaN,NaN,NaN,NaN,NaN,NaN,NaN
9.241167596E1,NaN,NaN,NaN,NaN,NaN,NaN,NaN,NaN
9.242163796E1,NaN,NaN,NaN,NaN,NaN,NaN,NaN,NaN
9.243160096E1,NaN,NaN,NaN,NaN,NaN,NaN,NaN,NaN
9.244156296E1,NaN,NaN,NaN,NaN,NaN,NaN,NaN,NaN
9.245152596E1,NaN,NaN,NaN,NaN,NaN,NaN,NaN,NaN
9.246148796E1,NaN,NaN,NaN,NaN,NaN,NaN,NaN,NaN
9.247145096E1,NaN,NaN,NaN,NaN,NaN,NaN,NaN,NaN
9.248141296E1,NaN,NaN,NaN,NaN,NaN,NaN,NaN,NaN
9.249137596E1,NaN,NaN,NaN,NaN,NaN,NaN,NaN,NaN
9.250133796E1,NaN,NaN,NaN,NaN,NaN,NaN,NaN,NaN
9.251130096E1,NaN,NaN,NaN,NaN,NaN,NaN,NaN,NaN
9.252126296E1,NaN,NaN,NaN,NaN,NaN,NaN,NaN,NaN
9.253122596E1,NaN,NaN,NaN,NaN,NaN,NaN,NaN,NaN
9.254118896E1,NaN,NaN,NaN,NaN,NaN,NaN,NaN,NaN
9.255115096E1,NaN,NaN,NaN,NaN,NaN,NaN,NaN,NaN
9.256111396E1,NaN,NaN,NaN,NaN,NaN,NaN,NaN,NaN
9.257107596E1,NaN,NaN,NaN,NaN,NaN,NaN,NaN,NaN
9.258103896E1,NaN,NaN,NaN,NaN,NaN,NaN,NaN,NaN
9.259100096E1,NaN,NaN,NaN,NaN,NaN,NaN,NaN,NaN
9.260096396E1,NaN,NaN,NaN,NaN,NaN,NaN,NaN,NaN
9.261092596E1,NaN,NaN,NaN,NaN,NaN,NaN,NaN,NaN
9.262088896E1,NaN,NaN,NaN,NaN,NaN,NaN,NaN,NaN
9.263085096E1,NaN,NaN,NaN,NaN,NaN,NaN,NaN,NaN
9.264081396E1,NaN,NaN,NaN,NaN,NaN,NaN,NaN,NaN
9.265077596E1,NaN,NaN,NaN,NaN,NaN,NaN,NaN,NaN
9.266073896E1,NaN,NaN,NaN,NaN,NaN,NaN,NaN,NaN
9.267070096E1,NaN,NaN,NaN,NaN,NaN,NaN,NaN,NaN
9.268066396E1,NaN,NaN,NaN,NaN,NaN,NaN,NaN,NaN
9.269062696E1,NaN,NaN,NaN,NaN,NaN,NaN,NaN,NaN
9.270058896E1,NaN,NaN,NaN,NaN,NaN,NaN,NaN,NaN
9.271055196E1,NaN,NaN,NaN,NaN,NaN,NaN,NaN,NaN
9.272051396E1,NaN,NaN,NaN,NaN,NaN,NaN,NaN,NaN
9.273047696E1,NaN,NaN,NaN,NaN,NaN,NaN,NaN,NaN
9.274043896E1,NaN,NaN,NaN,NaN,NaN,NaN,NaN,NaN
9.275040196E1,NaN,NaN,NaN,NaN,NaN,NaN,NaN,NaN
9.276036396E1,NaN,NaN,NaN,NaN,NaN,NaN,NaN,NaN
9.277032696E1,NaN,NaN,NaN,NaN,NaN,NaN,NaN,NaN
9.278028896E1,NaN,NaN,NaN,NaN,NaN,NaN,NaN,NaN
9.279025196E1,NaN,NaN,NaN,NaN,NaN,NaN,NaN,NaN
9.280021396E1,NaN,NaN,NaN,NaN,NaN,NaN,NaN,NaN
9.281017696E1,NaN,NaN,NaN,NaN,NaN,NaN,NaN,NaN
9.282013896E1,NaN,NaN,NaN,NaN,NaN,NaN,NaN,NaN
9.283010196E1,NaN,NaN,NaN,NaN,NaN,NaN,NaN,NaN
9.284006496E1,NaN,NaN,NaN,NaN,NaN,NaN,NaN,NaN
9.285002696E1,NaN,NaN,NaN,NaN,NaN,NaN,NaN,NaN
9.285998996E1,NaN,NaN,NaN,NaN,NaN,NaN,NaN,NaN
9.286995196E1,NaN,NaN,NaN,NaN,NaN,NaN,NaN,NaN
9.287991496E1,NaN,NaN,NaN,NaN,NaN,NaN,NaN,NaN
9.288987696E1,NaN,NaN,NaN,NaN,NaN,NaN,NaN,NaN
9.289983996E1,NaN,NaN,NaN,NaN,NaN,NaN,NaN,NaN
9.290980196E1,NaN,NaN,NaN,NaN,NaN,NaN,NaN,NaN
9.291976496E1,NaN,NaN,NaN,NaN,NaN,NaN,NaN,NaN
9.292972696E1,NaN,NaN,NaN,NaN,NaN,NaN,NaN,NaN
9.293968996E1,NaN,NaN,NaN,NaN,NaN,NaN,NaN,NaN
9.294965196E1,NaN,NaN,NaN,NaN,NaN,NaN,NaN,NaN
9.295961496E1,NaN,NaN,NaN,NaN,NaN,NaN,NaN,NaN
9.296957696E1,NaN,NaN,NaN,NaN,NaN,NaN,NaN,NaN
9.297953996E1,NaN,NaN,NaN,NaN,NaN,NaN,NaN,NaN
9.298950196E1,NaN,NaN,NaN,NaN,NaN,NaN,NaN,NaN
9.299946479E1,NaN,NaN,NaN,NaN,NaN,NaN,NaN,NaN
9.300942779E1,NaN,NaN,NaN,NaN,NaN,NaN,NaN,NaN
9.301938979E1,NaN,NaN,NaN,NaN,NaN,NaN,NaN,NaN
9.302935279E1,NaN,NaN,NaN,NaN,NaN,NaN,NaN,NaN
9.303931479E1,NaN,NaN,NaN,NaN,NaN,NaN,NaN,NaN
9.304927779E1,NaN,NaN,NaN,NaN,NaN,NaN,NaN,NaN
9.305923979E1,NaN,NaN,NaN,NaN,NaN,NaN,NaN,NaN
9.306920279E1,NaN,NaN,NaN,NaN,NaN,NaN,NaN,NaN
9.307916479E1,NaN,NaN,NaN,NaN,NaN,NaN,NaN,NaN
9.308912779E1,NaN,NaN,NaN,NaN,NaN,NaN,NaN,NaN
9.309908979E1,NaN,NaN,NaN,NaN,NaN,NaN,NaN,NaN
9.310905279E1,NaN,NaN,NaN,NaN,NaN,NaN,NaN,NaN
9.311901479E1,NaN,NaN,NaN,NaN,NaN,NaN,NaN,NaN
9.312897779E1,NaN,NaN,NaN,NaN,NaN,NaN,NaN,NaN
9.313893979E1,NaN,NaN,NaN,NaN,NaN,NaN,NaN,NaN
9.314890279E1,NaN,NaN,NaN,NaN,NaN,NaN,NaN,NaN
9.315886479E1,NaN,NaN,NaN,NaN,NaN,NaN,NaN,NaN
9.316882779E1,NaN,NaN,NaN,NaN,NaN,NaN,NaN,NaN
9.317879079E1,NaN,NaN,NaN,NaN,NaN,NaN,NaN,NaN
9.318875279E1,NaN,NaN,NaN,NaN,NaN,NaN,NaN,NaN
9.319871579E1,NaN,NaN,NaN,NaN,NaN,NaN,NaN,NaN
9.320867779E1,NaN,NaN,NaN,NaN,NaN,NaN,NaN,NaN
9.321864079E1,NaN,NaN,NaN,NaN,NaN,NaN,NaN,NaN
9.322860279E1,NaN,NaN,NaN,NaN,NaN,NaN,NaN,NaN
9.323856579E1,NaN,NaN,NaN,NaN,NaN,NaN,NaN,NaN
9.324852779E1,NaN,NaN,NaN,NaN,NaN,NaN,NaN,NaN
9.325849079E1,NaN,NaN,NaN,NaN,NaN,NaN,NaN,NaN
9.326845279E1,NaN,NaN,NaN,NaN,NaN,NaN,NaN,NaN
9.327841579E1,NaN,NaN,NaN,NaN,NaN,NaN,NaN,NaN
9.328837779E1,NaN,NaN,NaN,NaN,NaN,NaN,NaN,NaN
9.329834079E1,NaN,NaN,NaN,NaN,NaN,NaN,NaN,NaN
9.330830279E1,NaN,NaN,NaN,NaN,NaN,NaN,NaN,NaN
9.331826579E1,NaN,NaN,NaN,NaN,NaN,NaN,NaN,NaN
9.332822879E1,NaN,NaN,NaN,NaN,NaN,NaN,NaN,NaN
9.333819079E1,NaN,NaN,NaN,NaN,NaN,NaN,NaN,NaN
9.334815379E1,NaN,NaN,NaN,NaN,NaN,NaN,NaN,NaN
9.335811579E1,NaN,NaN,NaN,NaN,NaN,NaN,NaN,NaN
9.336807879E1,NaN,NaN,NaN,NaN,NaN,NaN,NaN,NaN
9.337804079E1,NaN,NaN,NaN,NaN,NaN,NaN,NaN,NaN
9.338800379E1,NaN,NaN,NaN,NaN,NaN,NaN,NaN,NaN
9.339796579E1,NaN,NaN,NaN,NaN,NaN,NaN,NaN,NaN
9.340792879E1,NaN,NaN,NaN,NaN,NaN,NaN,NaN,NaN
9.341789079E1,NaN,NaN,NaN,NaN,NaN,NaN,NaN,NaN
9.342785379E1,NaN,NaN,NaN,NaN,NaN,NaN,NaN,NaN
9.343781579E1,NaN,NaN,NaN,NaN,NaN,NaN,NaN,NaN
9.344777879E1,NaN,NaN,NaN,NaN,NaN,NaN,NaN,NaN
9.345774079E1,NaN,NaN,NaN,NaN,NaN,NaN,NaN,NaN
9.346770379E1,NaN,NaN,NaN,NaN,NaN,NaN,NaN,NaN
9.347766579E1,NaN,NaN,NaN,NaN,NaN,NaN,NaN,NaN
9.348762879E1,NaN,NaN,NaN,NaN,NaN,NaN,NaN,NaN
9.349759079E1,NaN,NaN,NaN,NaN,NaN,NaN,NaN,NaN
9.350755379E1,NaN,NaN,NaN,NaN,NaN,NaN,NaN,NaN
9.351751679E1,NaN,NaN,NaN,NaN,NaN,NaN,NaN,NaN
9.352747879E1,NaN,NaN,NaN,NaN,NaN,NaN,NaN,NaN
9.353744179E1,NaN,NaN,NaN,NaN,NaN,NaN,NaN,NaN
9.354740379E1,NaN,NaN,NaN,NaN,NaN,NaN,NaN,NaN
9.355736679E1,NaN,NaN,NaN,NaN,NaN,NaN,NaN,NaN
9.356732879E1,NaN,NaN,NaN,NaN,NaN,NaN,NaN,NaN
9.357729179E1,NaN,NaN,NaN,NaN,NaN,NaN,NaN,NaN
9.358725379E1,NaN,NaN,NaN,NaN,NaN,NaN,NaN,NaN
9.359721679E1,NaN,NaN,NaN,NaN,NaN,NaN,NaN,NaN
9.360717879E1,NaN,NaN,NaN,NaN,NaN,NaN,NaN,NaN
9.361714179E1,NaN,NaN,NaN,NaN,NaN,NaN,NaN,NaN
9.362710379E1,NaN,NaN,NaN,NaN,NaN,NaN,NaN,NaN
9.363706679E1,NaN,NaN,NaN,NaN,NaN,NaN,NaN,NaN
9.364702879E1,NaN,NaN,NaN,NaN,NaN,NaN,NaN,NaN
9.365699179E1,NaN,NaN,NaN,NaN,NaN,NaN,NaN,NaN
9.366695379E1,NaN,NaN,NaN,NaN,NaN,NaN,NaN,NaN
9.367691679E1,NaN,NaN,NaN,NaN,NaN,NaN,NaN,NaN
9.368687979E1,NaN,NaN,NaN,NaN,NaN,NaN,NaN,NaN
9.369684179E1,NaN,NaN,NaN,NaN,NaN,NaN,NaN,NaN
9.370680479E1,NaN,NaN,NaN,NaN,NaN,NaN,NaN,NaN
9.371676679E1,NaN,NaN,NaN,NaN,NaN,NaN,NaN,NaN
9.372672979E1,NaN,NaN,NaN,NaN,NaN,NaN,NaN,NaN
9.373669179E1,NaN,NaN,NaN,NaN,NaN,NaN,NaN,NaN
9.374665479E1,NaN,NaN,NaN,NaN,NaN,NaN,NaN,NaN
9.375661679E1,NaN,NaN,NaN,NaN,NaN,NaN,NaN,NaN
9.376657979E1,NaN,NaN,NaN,NaN,NaN,NaN,NaN,NaN
9.377654179E1,NaN,NaN,NaN,NaN,NaN,NaN,NaN,NaN
9.378650479E1,NaN,NaN,NaN,NaN,NaN,NaN,NaN,NaN
9.379646679E1,NaN,NaN,NaN,NaN,NaN,NaN,NaN,NaN
9.380642979E1,NaN,NaN,NaN,NaN,NaN,NaN,NaN,NaN
9.381639179E1,NaN,NaN,NaN,NaN,NaN,NaN,NaN,NaN
9.382635479E1,NaN,NaN,NaN,NaN,NaN,NaN,NaN,NaN
9.383631679E1,NaN,NaN,NaN,NaN,NaN,NaN,NaN,NaN
9.384627979E1,NaN,NaN,NaN,NaN,NaN,NaN,NaN,NaN
9.385624179E1,NaN,NaN,NaN,NaN,NaN,NaN,NaN,NaN
9.386620479E1,NaN,NaN,NaN,NaN,NaN,NaN,NaN,NaN
9.387616779E1,NaN,NaN,NaN,NaN,NaN,NaN,NaN,NaN
9.388612979E1,NaN,NaN,NaN,NaN,NaN,NaN,NaN,NaN
9.389609279E1,NaN,NaN,NaN,NaN,NaN,NaN,NaN,NaN
9.390605479E1,NaN,NaN,NaN,NaN,NaN,NaN,NaN,NaN
9.391601779E1,NaN,NaN,NaN,NaN,NaN,NaN,NaN,NaN
9.392597979E1,NaN,NaN,NaN,NaN,NaN,NaN,NaN,NaN
9.393594279E1,NaN,NaN,NaN,NaN,NaN,NaN,NaN,NaN
9.394590479E1,NaN,NaN,NaN,NaN,NaN,NaN,NaN,NaN
9.395586779E1,NaN,NaN,NaN,NaN,NaN,NaN,NaN,NaN
9.396582979E1,NaN,NaN,NaN,NaN,NaN,NaN,NaN,NaN
9.397579279E1,NaN,NaN,NaN,NaN,NaN,NaN,NaN,NaN
9.398575479E1,NaN,NaN,NaN,NaN,NaN,NaN,NaN,NaN
9.399571779E1,NaN,NaN,NaN,NaN,NaN,NaN,NaN,NaN
9.400567979E1,NaN,NaN,NaN,NaN,NaN,NaN,NaN,NaN
9.401564279E1,NaN,NaN,NaN,NaN,NaN,NaN,NaN,NaN
9.402560479E1,NaN,NaN,NaN,NaN,NaN,NaN,NaN,NaN
9.403556779E1,NaN,NaN,NaN,NaN,NaN,NaN,NaN,NaN
9.404552979E1,NaN,NaN,NaN,NaN,NaN,NaN,NaN,NaN
9.405549279E1,NaN,NaN,NaN,NaN,NaN,NaN,NaN,NaN
9.406545579E1,NaN,NaN,NaN,NaN,NaN,NaN,NaN,NaN
9.407541779E1,NaN,NaN,NaN,NaN,NaN,NaN,NaN,NaN
9.408538079E1,NaN,NaN,NaN,NaN,NaN,NaN,NaN,NaN
9.409534279E1,NaN,NaN,NaN,NaN,NaN,NaN,NaN,NaN
9.410530579E1,NaN,NaN,NaN,NaN,NaN,NaN,NaN,NaN
9.411526779E1,NaN,NaN,NaN,NaN,NaN,NaN,NaN,NaN
9.412523079E1,NaN,NaN,NaN,NaN,NaN,NaN,NaN,NaN
9.413519279E1,NaN,NaN,NaN,NaN,NaN,NaN,NaN,NaN
9.414515579E1,NaN,NaN,NaN,NaN,NaN,NaN,NaN,NaN
9.415511779E1,NaN,NaN,NaN,NaN,NaN,NaN,NaN,NaN
9.416508079E1,NaN,NaN,NaN,NaN,NaN,NaN,NaN,NaN
9.417504279E1,NaN,NaN,NaN,NaN,NaN,NaN,NaN,NaN
9.418500579E1,NaN,NaN,NaN,NaN,NaN,NaN,NaN,NaN
9.419496779E1,NaN,NaN,NaN,NaN,NaN,NaN,NaN,NaN
9.420493079E1,NaN,NaN,NaN,NaN,NaN,NaN,NaN,NaN
9.421489279E1,NaN,NaN,NaN,NaN,NaN,NaN,NaN,NaN
9.422485579E1,NaN,NaN,NaN,NaN,NaN,NaN,NaN,NaN
9.423481779E1,NaN,NaN,NaN,NaN,NaN,NaN,NaN,NaN
9.424478079E1,NaN,NaN,NaN,NaN,NaN,NaN,NaN,NaN
9.425474279E1,NaN,NaN,NaN,NaN,NaN,NaN,NaN,NaN
9.426470579E1,NaN,NaN,NaN,NaN,NaN,NaN,NaN,NaN
9.427466879E1,NaN,NaN,NaN,NaN,NaN,NaN,NaN,NaN
9.428463079E1,NaN,NaN,NaN,NaN,NaN,NaN,NaN,NaN
9.429459379E1,NaN,NaN,NaN,NaN,NaN,NaN,NaN,NaN
9.430455579E1,NaN,NaN,NaN,NaN,NaN,NaN,NaN,NaN
9.431451879E1,NaN,NaN,NaN,NaN,NaN,NaN,NaN,NaN
9.432448079E1,NaN,NaN,NaN,NaN,NaN,NaN,NaN,NaN
9.433444379E1,NaN,NaN,NaN,NaN,NaN,NaN,NaN,NaN
9.434440579E1,NaN,NaN,NaN,NaN,NaN,NaN,NaN,NaN
9.435436879E1,NaN,NaN,NaN,NaN,NaN,NaN,NaN,NaN
9.436433079E1,NaN,NaN,NaN,NaN,NaN,NaN,NaN,NaN
9.437429379E1,NaN,NaN,NaN,NaN,NaN,NaN,NaN,NaN
9.438425579E1,NaN,NaN,NaN,NaN,NaN,NaN,NaN,NaN
9.439421879E1,NaN,NaN,NaN,NaN,NaN,NaN,NaN,NaN
9.440418079E1,NaN,NaN,NaN,NaN,NaN,NaN,NaN,NaN
9.441414379E1,NaN,NaN,NaN,NaN,NaN,NaN,NaN,NaN
9.442410579E1,NaN,NaN,NaN,NaN,NaN,NaN,NaN,NaN
9.443406879E1,NaN,NaN,NaN,NaN,NaN,NaN,NaN,NaN
9.444403079E1,NaN,NaN,NaN,NaN,NaN,NaN,NaN,NaN
9.445399379E1,NaN,NaN,NaN,NaN,NaN,NaN,NaN,NaN
9.446395579E1,NaN,NaN,NaN,NaN,NaN,NaN,NaN,NaN
9.447391879E1,NaN,NaN,NaN,NaN,NaN,NaN,NaN,NaN
9.448388079E1,NaN,NaN,NaN,NaN,NaN,NaN,NaN,NaN
9.449384379E1,NaN,NaN,NaN,NaN,NaN,NaN,NaN,NaN
9.450380679E1,NaN,NaN,NaN,NaN,NaN,NaN,NaN,NaN
9.451376879E1,NaN,NaN,NaN,NaN,NaN,NaN,NaN,NaN
9.452373179E1,NaN,NaN,NaN,NaN,NaN,NaN,NaN,NaN
9.453369379E1,NaN,NaN,NaN,NaN,NaN,NaN,NaN,NaN
9.454365679E1,NaN,NaN,NaN,NaN,NaN,NaN,NaN,NaN
9.455361879E1,NaN,NaN,NaN,NaN,NaN,NaN,NaN,NaN
9.456358179E1,NaN,NaN,NaN,NaN,NaN,NaN,NaN,NaN
9.457354379E1,NaN,NaN,NaN,NaN,NaN,NaN,NaN,NaN
9.458350679E1,NaN,NaN,NaN,NaN,NaN,NaN,NaN,NaN
9.459346879E1,NaN,NaN,NaN,NaN,NaN,NaN,NaN,NaN
9.460343179E1,NaN,NaN,NaN,NaN,NaN,NaN,NaN,NaN
9.461339379E1,NaN,NaN,NaN,NaN,NaN,NaN,NaN,NaN
9.462335679E1,NaN,NaN,NaN,NaN,NaN,NaN,NaN,NaN
9.463331879E1,NaN,NaN,NaN,NaN,NaN,NaN,NaN,NaN
9.464328179E1,NaN,NaN,NaN,NaN,NaN,NaN,NaN,NaN
9.465324379E1,NaN,NaN,NaN,NaN,NaN,NaN,NaN,NaN
9.466320679E1,NaN,NaN,NaN,NaN,NaN,NaN,NaN,NaN
9.467316879E1,NaN,NaN,NaN,NaN,NaN,NaN,NaN,NaN
9.468313179E1,NaN,NaN,NaN,NaN,NaN,NaN,NaN,NaN
9.469309479E1,NaN,NaN,NaN,NaN,NaN,NaN,NaN,NaN
9.470305679E1,NaN,NaN,NaN,NaN,NaN,NaN,NaN,NaN
9.471301879E1,NaN,NaN,NaN,NaN,NaN,NaN,NaN,NaN
9.472298179E1,NaN,NaN,NaN,NaN,NaN,NaN,NaN,NaN
9.473294479E1,NaN,NaN,NaN,NaN,NaN,NaN,NaN,NaN
9.474290679E1,NaN,NaN,NaN,NaN,NaN,NaN,NaN,NaN
9.475286979E1,NaN,NaN,NaN,NaN,NaN,NaN,NaN,NaN
9.476283179E1,NaN,NaN,NaN,NaN,NaN,NaN,NaN,NaN
9.477279479E1,NaN,NaN,NaN,NaN,NaN,NaN,NaN,NaN
9.478275679E1,NaN,NaN,NaN,NaN,NaN,NaN,NaN,NaN
9.479271979E1,NaN,NaN,NaN,NaN,NaN,NaN,NaN,NaN
9.480268179E1,NaN,NaN,NaN,NaN,NaN,NaN,NaN,NaN
9.481264479E1,NaN,NaN,NaN,NaN,NaN,NaN,NaN,NaN
9.482260679E1,NaN,NaN,NaN,NaN,NaN,NaN,NaN,NaN
9.483256979E1,NaN,NaN,NaN,NaN,NaN,NaN,NaN,NaN
9.484253179E1,NaN,NaN,NaN,NaN,NaN,NaN,NaN,NaN
9.485249479E1,NaN,NaN,NaN,NaN,NaN,NaN,NaN,NaN
9.486245679E1,NaN,NaN,NaN,NaN,NaN,NaN,NaN,NaN
9.487241979E1,NaN,NaN,NaN,NaN,NaN,NaN,NaN,NaN
9.488238179E1,NaN,NaN,NaN,NaN,NaN,NaN,NaN,NaN
9.489234479E1,NaN,NaN,NaN,NaN,NaN,NaN,NaN,NaN
9.490230679E1,NaN,NaN,NaN,NaN,NaN,NaN,NaN,NaN
9.491226979E1,NaN,NaN,NaN,NaN,NaN,NaN,NaN,NaN
9.492223179E1,NaN,NaN,NaN,NaN,NaN,NaN,NaN,NaN
9.493219479E1,NaN,NaN,NaN,NaN,NaN,NaN,NaN,NaN
9.494215779E1,NaN,NaN,NaN,NaN,NaN,NaN,NaN,NaN
9.495211979E1,NaN,NaN,NaN,NaN,NaN,NaN,NaN,NaN
9.496208279E1,NaN,NaN,NaN,NaN,NaN,NaN,NaN,NaN
9.497204479E1,NaN,NaN,NaN,NaN,NaN,NaN,NaN,NaN
9.498200779E1,NaN,NaN,NaN,NaN,NaN,NaN,NaN,NaN
9.499196979E1,NaN,NaN,NaN,NaN,NaN,NaN,NaN,NaN
9.500193292E1,NaN,NaN,NaN,NaN,NaN,NaN,NaN,NaN
9.501189492E1,NaN,NaN,NaN,NaN,NaN,NaN,NaN,NaN
9.502185792E1,NaN,NaN,NaN,NaN,NaN,NaN,NaN,NaN
9.503181992E1,NaN,NaN,NaN,NaN,NaN,NaN,NaN,NaN
9.504178292E1,NaN,NaN,NaN,NaN,NaN,NaN,NaN,NaN
9.505174492E1,NaN,NaN,NaN,NaN,NaN,NaN,NaN,NaN
9.506170792E1,NaN,NaN,NaN,NaN,NaN,NaN,NaN,NaN
9.507166992E1,NaN,NaN,NaN,NaN,NaN,NaN,NaN,NaN
9.508163292E1,NaN,NaN,NaN,NaN,NaN,NaN,NaN,NaN
9.509159492E1,NaN,NaN,NaN,NaN,NaN,NaN,NaN,NaN
9.510155792E1,NaN,NaN,NaN,NaN,NaN,NaN,NaN,NaN
9.511151992E1,NaN,NaN,NaN,NaN,NaN,NaN,NaN,NaN
9.512148292E1,NaN,NaN,NaN,NaN,NaN,NaN,NaN,NaN
9.513144492E1,NaN,NaN,NaN,NaN,NaN,NaN,NaN,NaN
9.514140792E1,NaN,NaN,NaN,NaN,NaN,NaN,NaN,NaN
9.515136992E1,NaN,NaN,NaN,NaN,NaN,NaN,NaN,NaN
9.516133292E1,NaN,NaN,NaN,NaN,NaN,NaN,NaN,NaN
9.517129492E1,NaN,NaN,NaN,NaN,NaN,NaN,NaN,NaN
9.518125792E1,NaN,NaN,NaN,NaN,NaN,NaN,NaN,NaN
9.519122092E1,NaN,NaN,NaN,NaN,NaN,NaN,NaN,NaN
9.520118292E1,NaN,NaN,NaN,NaN,NaN,NaN,NaN,NaN
9.521114592E1,NaN,NaN,NaN,NaN,NaN,NaN,NaN,NaN
9.522110792E1,NaN,NaN,NaN,NaN,NaN,NaN,NaN,NaN
9.523107092E1,NaN,NaN,NaN,NaN,NaN,NaN,NaN,NaN
9.524103292E1,NaN,NaN,NaN,NaN,NaN,NaN,NaN,NaN
9.525099592E1,NaN,NaN,NaN,NaN,NaN,NaN,NaN,NaN
9.526095792E1,NaN,NaN,NaN,NaN,NaN,NaN,NaN,NaN
9.527092092E1,NaN,NaN,NaN,NaN,NaN,NaN,NaN,NaN
9.528088292E1,NaN,NaN,NaN,NaN,NaN,NaN,NaN,NaN
9.529084592E1,NaN,NaN,NaN,NaN,NaN,NaN,NaN,NaN
9.530080792E1,NaN,NaN,NaN,NaN,NaN,NaN,NaN,NaN
9.531077092E1,NaN,NaN,NaN,NaN,NaN,NaN,NaN,NaN
9.532073292E1,NaN,NaN,NaN,NaN,NaN,NaN,NaN,NaN
9.533069592E1,NaN,NaN,NaN,NaN,NaN,NaN,NaN,NaN
9.534065792E1,NaN,NaN,NaN,NaN,NaN,NaN,NaN,NaN
9.535062092E1,NaN,NaN,NaN,NaN,NaN,NaN,NaN,NaN
9.536058292E1,NaN,NaN,NaN,NaN,NaN,NaN,NaN,NaN
9.537054592E1,NaN,NaN,NaN,NaN,NaN,NaN,NaN,NaN
9.538050792E1,NaN,NaN,NaN,NaN,NaN,NaN,NaN,NaN
9.539047092E1,NaN,NaN,NaN,NaN,NaN,NaN,NaN,NaN
9.540043292E1,NaN,NaN,NaN,NaN,NaN,NaN,NaN,NaN
9.541039592E1,NaN,NaN,NaN,NaN,NaN,NaN,NaN,NaN
9.542035792E1,NaN,NaN,NaN,NaN,NaN,NaN,NaN,NaN
9.543032092E1,NaN,NaN,NaN,NaN,NaN,NaN,NaN,NaN
9.544028292E1,NaN,NaN,NaN,NaN,NaN,NaN,NaN,NaN
9.545024592E1,NaN,NaN,NaN,NaN,NaN,NaN,NaN,NaN
9.546020792E1,NaN,NaN,NaN,NaN,NaN,NaN,NaN,NaN
9.547017092E1,NaN,NaN,NaN,NaN,NaN,NaN,NaN,NaN
9.548013392E1,NaN,NaN,NaN,NaN,NaN,NaN,NaN,NaN
9.549009592E1,NaN,NaN,NaN,NaN,NaN,NaN,NaN,NaN
9.550005892E1,NaN,NaN,NaN,NaN,NaN,NaN,NaN,NaN
9.551002092E1,NaN,NaN,NaN,NaN,NaN,NaN,NaN,NaN
9.551998392E1,NaN,NaN,NaN,NaN,NaN,NaN,NaN,NaN
9.552994592E1,NaN,NaN,NaN,NaN,NaN,NaN,NaN,NaN
9.553990892E1,NaN,NaN,NaN,NaN,NaN,NaN,NaN,NaN
9.554987092E1,NaN,NaN,NaN,NaN,NaN,NaN,NaN,NaN
9.555983392E1,NaN,NaN,NaN,NaN,NaN,NaN,NaN,NaN
9.556979592E1,NaN,NaN,NaN,NaN,NaN,NaN,NaN,NaN
9.557975892E1,NaN,NaN,NaN,NaN,NaN,NaN,NaN,NaN
9.558972092E1,NaN,NaN,NaN,NaN,NaN,NaN,NaN,NaN
9.559968392E1,NaN,NaN,NaN,NaN,NaN,NaN,NaN,NaN
9.560964592E1,NaN,NaN,NaN,NaN,NaN,NaN,NaN,NaN
9.561960892E1,NaN,NaN,NaN,NaN,NaN,NaN,NaN,NaN
9.562957092E1,NaN,NaN,NaN,NaN,NaN,NaN,NaN,NaN
9.563953392E1,NaN,NaN,NaN,NaN,NaN,NaN,NaN,NaN
9.564949592E1,NaN,NaN,NaN,NaN,NaN,NaN,NaN,NaN
9.565945892E1,NaN,NaN,NaN,NaN,NaN,NaN,NaN,NaN
9.566942092E1,NaN,NaN,NaN,NaN,NaN,NaN,NaN,NaN
9.567938392E1,NaN,NaN,NaN,NaN,NaN,NaN,NaN,NaN
9.568934592E1,NaN,NaN,NaN,NaN,NaN,NaN,NaN,NaN
9.569930892E1,NaN,NaN,NaN,NaN,NaN,NaN,NaN,NaN
9.570927092E1,NaN,NaN,NaN,NaN,NaN,NaN,NaN,NaN
9.571923392E1,NaN,NaN,NaN,NaN,NaN,NaN,NaN,NaN
9.572919592E1,NaN,NaN,NaN,NaN,NaN,NaN,NaN,NaN
9.573915892E1,NaN,NaN,NaN,NaN,NaN,NaN,NaN,NaN
9.574912092E1,NaN,NaN,NaN,NaN,NaN,NaN,NaN,NaN
9.575908392E1,NaN,NaN,NaN,NaN,NaN,NaN,NaN,NaN
9.576904692E1,NaN,NaN,NaN,NaN,NaN,NaN,NaN,NaN
9.577900892E1,NaN,NaN,NaN,NaN,NaN,NaN,NaN,NaN
9.578897192E1,NaN,NaN,NaN,NaN,NaN,NaN,NaN,NaN
9.579893392E1,NaN,NaN,NaN,NaN,NaN,NaN,NaN,NaN
9.580889692E1,NaN,NaN,NaN,NaN,NaN,NaN,NaN,NaN
9.581885892E1,NaN,NaN,NaN,NaN,NaN,NaN,NaN,NaN
9.582882192E1,NaN,NaN,NaN,NaN,NaN,NaN,NaN,NaN
9.583878392E1,NaN,NaN,NaN,NaN,NaN,NaN,NaN,NaN
9.584874692E1,NaN,NaN,NaN,NaN,NaN,NaN,NaN,NaN
9.585870892E1,NaN,NaN,NaN,NaN,NaN,NaN,NaN,NaN
9.586867192E1,NaN,NaN,NaN,NaN,NaN,NaN,NaN,NaN
9.587863392E1,NaN,NaN,NaN,NaN,NaN,NaN,NaN,NaN
9.588859692E1,NaN,NaN,NaN,NaN,NaN,NaN,NaN,NaN
9.589855892E1,NaN,NaN,NaN,NaN,NaN,NaN,NaN,NaN
9.590852192E1,NaN,NaN,NaN,NaN,NaN,NaN,NaN,NaN
9.591848392E1,NaN,NaN,NaN,NaN,NaN,NaN,NaN,NaN
9.592844692E1,NaN,NaN,NaN,NaN,NaN,NaN,NaN,NaN
9.593840892E1,NaN,NaN,NaN,NaN,NaN,NaN,NaN,NaN
9.594837192E1,NaN,NaN,NaN,NaN,NaN,NaN,NaN,NaN
9.595833392E1,NaN,NaN,NaN,NaN,NaN,NaN,NaN,NaN
9.596829692E1,NaN,NaN,NaN,NaN,NaN,NaN,NaN,NaN
9.597825892E1,NaN,NaN,NaN,NaN,NaN,NaN,NaN,NaN
9.598822192E1,NaN,NaN,NaN,NaN,NaN,NaN,NaN,NaN
9.599818392E1,NaN,NaN,NaN,NaN,NaN,NaN,NaN,NaN
9.600814642E1,NaN,NaN,NaN,NaN,NaN,NaN,NaN,NaN
9.601810842E1,NaN,NaN,NaN,NaN,NaN,NaN,NaN,NaN
9.602807142E1,NaN,NaN,NaN,NaN,NaN,NaN,NaN,NaN
9.603803342E1,NaN,NaN,NaN,NaN,NaN,NaN,NaN,NaN
9.604799642E1,NaN,NaN,NaN,NaN,NaN,NaN,NaN,NaN
9.605795842E1,NaN,NaN,NaN,NaN,NaN,NaN,NaN,NaN
9.606792142E1,NaN,NaN,NaN,NaN,NaN,NaN,NaN,NaN
9.607788342E1,NaN,NaN,NaN,NaN,NaN,NaN,NaN,NaN
9.608784642E1,NaN,NaN,NaN,NaN,NaN,NaN,NaN,NaN
9.609780842E1,NaN,NaN,NaN,NaN,NaN,NaN,NaN,NaN
9.610777142E1,NaN,NaN,NaN,NaN,NaN,NaN,NaN,NaN
9.611773342E1,NaN,NaN,NaN,NaN,NaN,NaN,NaN,NaN
9.612769642E1,NaN,NaN,NaN,NaN,NaN,NaN,NaN,NaN
9.613765942E1,NaN,NaN,NaN,NaN,NaN,NaN,NaN,NaN
9.614762142E1,NaN,NaN,NaN,NaN,NaN,NaN,NaN,NaN
9.615758442E1,NaN,NaN,NaN,NaN,NaN,NaN,NaN,NaN
9.616754642E1,NaN,NaN,NaN,NaN,NaN,NaN,NaN,NaN
9.617750942E1,NaN,NaN,NaN,NaN,NaN,NaN,NaN,NaN
9.618747142E1,NaN,NaN,NaN,NaN,NaN,NaN,NaN,NaN
9.619743442E1,NaN,NaN,NaN,NaN,NaN,NaN,NaN,NaN
9.620739642E1,NaN,NaN,NaN,NaN,NaN,NaN,NaN,NaN
9.621735942E1,NaN,NaN,NaN,NaN,NaN,NaN,NaN,NaN
9.622732142E1,NaN,NaN,NaN,NaN,NaN,NaN,NaN,NaN
9.623728442E1,NaN,NaN,NaN,NaN,NaN,NaN,NaN,NaN
9.624724642E1,NaN,NaN,NaN,NaN,NaN,NaN,NaN,NaN
9.625720942E1,NaN,NaN,NaN,NaN,NaN,NaN,NaN,NaN
9.626717142E1,NaN,NaN,NaN,NaN,NaN,NaN,NaN,NaN
9.627713442E1,NaN,NaN,NaN,NaN,NaN,NaN,NaN,NaN
9.628709642E1,NaN,NaN,NaN,NaN,NaN,NaN,NaN,NaN
9.629705942E1,NaN,NaN,NaN,NaN,NaN,NaN,NaN,NaN
9.630702142E1,NaN,NaN,NaN,NaN,NaN,NaN,NaN,NaN
9.631698442E1,NaN,NaN,NaN,NaN,NaN,NaN,NaN,NaN
9.632694642E1,NaN,NaN,NaN,NaN,NaN,NaN,NaN,NaN
9.633690942E1,NaN,NaN,NaN,NaN,NaN,NaN,NaN,NaN
9.634687142E1,NaN,NaN,NaN,NaN,NaN,NaN,NaN,NaN
9.635683442E1,NaN,NaN,NaN,NaN,NaN,NaN,NaN,NaN
9.636679642E1,NaN,NaN,NaN,NaN,NaN,NaN,NaN,NaN
9.637675942E1,NaN,NaN,NaN,NaN,NaN,NaN,NaN,NaN
9.638672142E1,NaN,NaN,NaN,NaN,NaN,NaN,NaN,NaN
9.639668442E1,NaN,NaN,NaN,NaN,NaN,NaN,NaN,NaN
9.640664642E1,NaN,NaN,NaN,NaN,NaN,NaN,NaN,NaN
9.641660942E1,NaN,NaN,NaN,NaN,NaN,NaN,NaN,NaN
9.642657142E1,NaN,NaN,NaN,NaN,NaN,NaN,NaN,NaN
9.643653442E1,NaN,NaN,NaN,NaN,NaN,NaN,NaN,NaN
9.644649642E1,NaN,NaN,NaN,NaN,NaN,NaN,NaN,NaN
9.645645942E1,NaN,NaN,NaN,NaN,NaN,NaN,NaN,NaN
9.646642142E1,NaN,NaN,NaN,NaN,NaN,NaN,NaN,NaN
9.647638442E1,NaN,NaN,NaN,NaN,NaN,NaN,NaN,NaN
9.648634642E1,NaN,NaN,NaN,NaN,NaN,NaN,NaN,NaN
9.649630942E1,NaN,NaN,NaN,NaN,NaN,NaN,NaN,NaN
9.650627142E1,NaN,NaN,NaN,NaN,NaN,NaN,NaN,NaN
9.651623442E1,NaN,NaN,NaN,NaN,NaN,NaN,NaN,NaN
9.652619742E1,NaN,NaN,NaN,NaN,NaN,NaN,NaN,NaN
9.653615942E1,NaN,NaN,NaN,NaN,NaN,NaN,NaN,NaN
9.654612242E1,NaN,NaN,NaN,NaN,NaN,NaN,NaN,NaN
9.655608442E1,NaN,NaN,NaN,NaN,NaN,NaN,NaN,NaN
9.656604742E1,NaN,NaN,NaN,NaN,NaN,NaN,NaN,NaN
9.657600942E1,NaN,NaN,NaN,NaN,NaN,NaN,NaN,NaN
9.658597242E1,NaN,NaN,NaN,NaN,NaN,NaN,NaN,NaN
9.659593442E1,NaN,NaN,NaN,NaN,NaN,NaN,NaN,NaN
9.660589742E1,NaN,NaN,NaN,NaN,NaN,NaN,NaN,NaN
9.661585942E1,NaN,NaN,NaN,NaN,NaN,NaN,NaN,NaN
9.662582242E1,NaN,NaN,NaN,NaN,NaN,NaN,NaN,NaN
9.663578442E1,NaN,NaN,NaN,NaN,NaN,NaN,NaN,NaN
9.664574742E1,NaN,NaN,NaN,NaN,NaN,NaN,NaN,NaN
9.665570942E1,NaN,NaN,NaN,NaN,NaN,NaN,NaN,NaN
9.666567242E1,NaN,NaN,NaN,NaN,NaN,NaN,NaN,NaN
9.667563442E1,NaN,NaN,NaN,NaN,NaN,NaN,NaN,NaN
9.668559742E1,NaN,NaN,NaN,NaN,NaN,NaN,NaN,NaN
9.669555942E1,NaN,NaN,NaN,NaN,NaN,NaN,NaN,NaN
9.670552242E1,NaN,NaN,NaN,NaN,NaN,NaN,NaN,NaN
9.671548442E1,NaN,NaN,NaN,NaN,NaN,NaN,NaN,NaN
9.672544742E1,NaN,NaN,NaN,NaN,NaN,NaN,NaN,NaN
9.673540942E1,NaN,NaN,NaN,NaN,NaN,NaN,NaN,NaN
9.674537242E1,NaN,NaN,NaN,NaN,NaN,NaN,NaN,NaN
9.675533442E1,NaN,NaN,NaN,NaN,NaN,NaN,NaN,NaN
9.676529742E1,NaN,NaN,NaN,NaN,NaN,NaN,NaN,NaN
9.677525942E1,NaN,NaN,NaN,NaN,NaN,NaN,NaN,NaN
9.678522242E1,NaN,NaN,NaN,NaN,NaN,NaN,NaN,NaN
9.679518442E1,NaN,NaN,NaN,NaN,NaN,NaN,NaN,NaN
9.680514742E1,NaN,NaN,NaN,NaN,NaN,NaN,NaN,NaN
9.681510942E1,NaN,NaN,NaN,NaN,NaN,NaN,NaN,NaN
9.682507242E1,NaN,NaN,NaN,NaN,NaN,NaN,NaN,NaN
9.683503442E1,NaN,NaN,NaN,NaN,NaN,NaN,NaN,NaN
9.684499742E1,NaN,NaN,NaN,NaN,NaN,NaN,NaN,NaN
9.685495942E1,NaN,NaN,NaN,NaN,NaN,NaN,NaN,NaN
9.686492242E1,NaN,NaN,NaN,NaN,NaN,NaN,NaN,NaN
9.687488442E1,NaN,NaN,NaN,NaN,NaN,NaN,NaN,NaN
9.688484742E1,NaN,NaN,NaN,NaN,NaN,NaN,NaN,NaN
9.689480942E1,NaN,NaN,NaN,NaN,NaN,NaN,NaN,NaN
9.690477242E1,NaN,NaN,NaN,NaN,NaN,NaN,NaN,NaN
9.691473442E1,NaN,NaN,NaN,NaN,NaN,NaN,NaN,NaN
9.692469742E1,NaN,NaN,NaN,NaN,NaN,NaN,NaN,NaN
9.693465942E1,NaN,NaN,NaN,NaN,NaN,NaN,NaN,NaN
9.694462242E1,NaN,NaN,NaN,NaN,NaN,NaN,NaN,NaN
9.695458442E1,NaN,NaN,NaN,NaN,NaN,NaN,NaN,NaN
9.696454742E1,NaN,NaN,NaN,NaN,NaN,NaN,NaN,NaN
9.697450942E1,NaN,NaN,NaN,NaN,NaN,NaN,NaN,NaN
9.698447242E1,NaN,NaN,NaN,NaN,NaN,NaN,NaN,NaN
9.699443442E1,NaN,NaN,NaN,NaN,NaN,NaN,NaN,NaN
9.700439708E1,NaN,NaN,NaN,NaN,NaN,NaN,NaN,NaN
9.701436008E1,NaN,NaN,NaN,NaN,NaN,NaN,NaN,NaN
9.702432208E1,NaN,NaN,NaN,NaN,NaN,NaN,NaN,NaN
9.703428508E1,NaN,NaN,NaN,NaN,NaN,NaN,NaN,NaN
9.704424708E1,NaN,NaN,NaN,NaN,NaN,NaN,NaN,NaN
9.705421008E1,NaN,NaN,NaN,NaN,NaN,NaN,NaN,NaN
9.706417208E1,NaN,NaN,NaN,NaN,NaN,NaN,NaN,NaN
9.707413508E1,NaN,NaN,NaN,NaN,NaN,NaN,NaN,NaN
9.708409708E1,NaN,NaN,NaN,NaN,NaN,NaN,NaN,NaN
9.709406008E1,NaN,NaN,NaN,NaN,NaN,NaN,NaN,NaN
9.710402208E1,NaN,NaN,NaN,NaN,NaN,NaN,NaN,NaN
9.711398508E1,NaN,NaN,NaN,NaN,NaN,NaN,NaN,NaN
9.712394708E1,NaN,NaN,NaN,NaN,NaN,NaN,NaN,NaN
9.713391008E1,NaN,NaN,NaN,NaN,NaN,NaN,NaN,NaN
9.714387208E1,NaN,NaN,NaN,NaN,NaN,NaN,NaN,NaN
9.715383508E1,NaN,NaN,NaN,NaN,NaN,NaN,NaN,NaN
9.716379708E1,NaN,NaN,NaN,NaN,NaN,NaN,NaN,NaN
9.717376008E1,NaN,NaN,NaN,NaN,NaN,NaN,NaN,NaN
9.718372208E1,NaN,NaN,NaN,NaN,NaN,NaN,NaN,NaN
9.719368508E1,NaN,NaN,NaN,NaN,NaN,NaN,NaN,NaN
9.720364708E1,NaN,NaN,NaN,NaN,NaN,NaN,NaN,NaN
9.721361008E1,NaN,NaN,NaN,NaN,NaN,NaN,NaN,NaN
9.722357208E1,NaN,NaN,NaN,NaN,NaN,NaN,NaN,NaN
9.723353508E1,NaN,NaN,NaN,NaN,NaN,NaN,NaN,NaN
9.724349708E1,NaN,NaN,NaN,NaN,NaN,NaN,NaN,NaN
9.725346008E1,NaN,NaN,NaN,NaN,NaN,NaN,NaN,NaN
9.726342208E1,NaN,NaN,NaN,NaN,NaN,NaN,NaN,NaN
9.727338508E1,NaN,NaN,NaN,NaN,NaN,NaN,NaN,NaN
9.728334708E1,NaN,NaN,NaN,NaN,NaN,NaN,NaN,NaN
9.729331008E1,NaN,NaN,NaN,NaN,NaN,NaN,NaN,NaN
9.730327208E1,NaN,NaN,NaN,NaN,NaN,NaN,NaN,NaN
9.731323508E1,NaN,NaN,NaN,NaN,NaN,NaN,NaN,NaN
9.732319708E1,NaN,NaN,NaN,NaN,NaN,NaN,NaN,NaN
9.733316008E1,NaN,NaN,NaN,NaN,NaN,NaN,NaN,NaN
9.734312208E1,NaN,NaN,NaN,NaN,NaN,NaN,NaN,NaN
9.735308508E1,NaN,NaN,NaN,NaN,NaN,NaN,NaN,NaN
9.736304708E1,NaN,NaN,NaN,NaN,NaN,NaN,NaN,NaN
9.737301008E1,NaN,NaN,NaN,NaN,NaN,NaN,NaN,NaN
9.738297208E1,NaN,NaN,NaN,NaN,NaN,NaN,NaN,NaN
9.739293508E1,NaN,NaN,NaN,NaN,NaN,NaN,NaN,NaN
9.740289708E1,NaN,NaN,NaN,NaN,NaN,NaN,NaN,NaN
9.741286008E1,NaN,NaN,NaN,NaN,NaN,NaN,NaN,NaN
9.742282208E1,NaN,NaN,NaN,NaN,NaN,NaN,NaN,NaN
9.743278508E1,NaN,NaN,NaN,NaN,NaN,NaN,NaN,NaN
9.744274708E1,NaN,NaN,NaN,NaN,NaN,NaN,NaN,NaN
9.745271008E1,NaN,NaN,NaN,NaN,NaN,NaN,NaN,NaN
9.746267208E1,NaN,NaN,NaN,NaN,NaN,NaN,NaN,NaN
9.747263508E1,NaN,NaN,NaN,NaN,NaN,NaN,NaN,NaN
9.748259708E1,NaN,NaN,NaN,NaN,NaN,NaN,NaN,NaN
9.749256008E1,NaN,NaN,NaN,NaN,NaN,NaN,NaN,NaN
9.750252208E1,NaN,NaN,NaN,NaN,NaN,NaN,NaN,NaN
9.751248508E1,NaN,NaN,NaN,NaN,NaN,NaN,NaN,NaN
9.752244708E1,NaN,NaN,NaN,NaN,NaN,NaN,NaN,NaN
9.753241008E1,NaN,NaN,NaN,NaN,NaN,NaN,NaN,NaN
9.754237208E1,NaN,NaN,NaN,NaN,NaN,NaN,NaN,NaN
9.755233508E1,NaN,NaN,NaN,NaN,NaN,NaN,NaN,NaN
9.756229708E1,NaN,NaN,NaN,NaN,NaN,NaN,NaN,NaN
9.757226008E1,NaN,NaN,NaN,NaN,NaN,NaN,NaN,NaN
9.758222208E1,NaN,NaN,NaN,NaN,NaN,NaN,NaN,NaN
9.759218508E1,NaN,NaN,NaN,NaN,NaN,NaN,NaN,NaN
9.760214708E1,NaN,NaN,NaN,NaN,NaN,NaN,NaN,NaN
9.761211008E1,NaN,NaN,NaN,NaN,NaN,NaN,NaN,NaN
9.762207208E1,NaN,NaN,NaN,NaN,NaN,NaN,NaN,NaN
9.763203508E1,NaN,NaN,NaN,NaN,NaN,NaN,NaN,NaN
9.764199708E1,NaN,NaN,NaN,NaN,NaN,NaN,NaN,NaN
9.765196008E1,NaN,NaN,NaN,NaN,NaN,NaN,NaN,NaN
9.766192208E1,NaN,NaN,NaN,NaN,NaN,NaN,NaN,NaN
9.767188508E1,NaN,NaN,NaN,NaN,NaN,NaN,NaN,NaN
9.768184708E1,NaN,NaN,NaN,NaN,NaN,NaN,NaN,NaN
9.769181008E1,NaN,NaN,NaN,NaN,NaN,NaN,NaN,NaN
9.770177208E1,NaN,NaN,NaN,NaN,NaN,NaN,NaN,NaN
9.771173508E1,NaN,NaN,NaN,NaN,NaN,NaN,NaN,NaN
9.772169708E1,NaN,NaN,NaN,NaN,NaN,NaN,NaN,NaN
9.773166008E1,NaN,NaN,NaN,NaN,NaN,NaN,NaN,NaN
9.774162308E1,NaN,NaN,NaN,NaN,NaN,NaN,NaN,NaN
9.775158508E1,NaN,NaN,NaN,NaN,NaN,NaN,NaN,NaN
9.776154708E1,NaN,NaN,NaN,NaN,NaN,NaN,NaN,NaN
9.777151008E1,NaN,NaN,NaN,NaN,NaN,NaN,NaN,NaN
9.778147308E1,NaN,NaN,NaN,NaN,NaN,NaN,NaN,NaN
9.779143508E1,NaN,NaN,NaN,NaN,NaN,NaN,NaN,NaN
9.780139808E1,NaN,NaN,NaN,NaN,NaN,NaN,NaN,NaN
9.781136008E1,NaN,NaN,NaN,NaN,NaN,NaN,NaN,NaN
9.782132308E1,NaN,NaN,NaN,NaN,NaN,NaN,NaN,NaN
9.783128508E1,NaN,NaN,NaN,NaN,NaN,NaN,NaN,NaN
9.784124808E1,NaN,NaN,NaN,NaN,NaN,NaN,NaN,NaN
9.785121008E1,NaN,NaN,NaN,NaN,NaN,NaN,NaN,NaN
9.786117308E1,NaN,NaN,NaN,NaN,NaN,NaN,NaN,NaN
9.787113508E1,NaN,NaN,NaN,NaN,NaN,NaN,NaN,NaN
9.788109808E1,NaN,NaN,NaN,NaN,NaN,NaN,NaN,NaN
9.789106008E1,NaN,NaN,NaN,NaN,NaN,NaN,NaN,NaN
9.790102308E1,NaN,NaN,NaN,NaN,NaN,NaN,NaN,NaN
9.791098508E1,NaN,NaN,NaN,NaN,NaN,NaN,NaN,NaN
9.792094808E1,NaN,NaN,NaN,NaN,NaN,NaN,NaN,NaN
9.793091008E1,NaN,NaN,NaN,NaN,NaN,NaN,NaN,NaN
9.794087308E1,NaN,NaN,NaN,NaN,NaN,NaN,NaN,NaN
9.795083508E1,NaN,NaN,NaN,NaN,NaN,NaN,NaN,NaN
9.796079808E1,NaN,NaN,NaN,NaN,NaN,NaN,NaN,NaN
9.797076008E1,NaN,NaN,NaN,NaN,NaN,NaN,NaN,NaN
9.798072308E1,NaN,NaN,NaN,NaN,NaN,NaN,NaN,NaN
9.799068508E1,NaN,NaN,NaN,NaN,NaN,NaN,NaN,NaN
9.800064808E1,NaN,NaN,NaN,NaN,NaN,NaN,NaN,NaN
9.801061008E1,NaN,NaN,NaN,NaN,NaN,NaN,NaN,NaN
9.802057308E1,NaN,NaN,NaN,NaN,NaN,NaN,NaN,NaN
9.803053508E1,NaN,NaN,NaN,NaN,NaN,NaN,NaN,NaN
9.804049808E1,NaN,NaN,NaN,NaN,NaN,NaN,NaN,NaN
9.805046008E1,NaN,NaN,NaN,NaN,NaN,NaN,NaN,NaN
9.806042308E1,NaN,NaN,NaN,NaN,NaN,NaN,NaN,NaN
9.807038508E1,NaN,NaN,NaN,NaN,NaN,NaN,NaN,NaN
9.808034808E1,NaN,NaN,NaN,NaN,NaN,NaN,NaN,NaN
9.809031008E1,NaN,NaN,NaN,NaN,NaN,NaN,NaN,NaN
9.810027308E1,NaN,NaN,NaN,NaN,NaN,NaN,NaN,NaN
9.811023508E1,NaN,NaN,NaN,NaN,NaN,NaN,NaN,NaN
9.812019808E1,NaN,NaN,NaN,NaN,NaN,NaN,NaN,NaN
9.813016008E1,NaN,NaN,NaN,NaN,NaN,NaN,NaN,NaN
9.814012308E1,NaN,NaN,NaN,NaN,NaN,NaN,NaN,NaN
9.815008508E1,NaN,NaN,NaN,NaN,NaN,NaN,NaN,NaN
9.816004808E1,NaN,NaN,NaN,NaN,NaN,NaN,NaN,NaN
9.817001008E1,NaN,NaN,NaN,NaN,NaN,NaN,NaN,NaN
9.817997308E1,NaN,NaN,NaN,NaN,NaN,NaN,NaN,NaN
9.818993508E1,NaN,NaN,NaN,NaN,NaN,NaN,NaN,NaN
9.819989808E1,NaN,NaN,NaN,NaN,NaN,NaN,NaN,NaN
9.820986008E1,NaN,NaN,NaN,NaN,NaN,NaN,NaN,NaN
9.821982308E1,NaN,NaN,NaN,NaN,NaN,NaN,NaN,NaN
9.822978508E1,NaN,NaN,NaN,NaN,NaN,NaN,NaN,NaN
9.823974808E1,NaN,NaN,NaN,NaN,NaN,NaN,NaN,NaN
9.824971008E1,NaN,NaN,NaN,NaN,NaN,NaN,NaN,NaN
9.825967308E1,NaN,NaN,NaN,NaN,NaN,NaN,NaN,NaN
9.826963508E1,NaN,NaN,NaN,NaN,NaN,NaN,NaN,NaN
9.827959808E1,NaN,NaN,NaN,NaN,NaN,NaN,NaN,NaN
9.828956008E1,NaN,NaN,NaN,NaN,NaN,NaN,NaN,NaN
9.829952308E1,NaN,NaN,NaN,NaN,NaN,NaN,NaN,NaN
9.830948508E1,NaN,NaN,NaN,NaN,NaN,NaN,NaN,NaN
9.831944808E1,NaN,NaN,NaN,NaN,NaN,NaN,NaN,NaN
9.832941008E1,NaN,NaN,NaN,NaN,NaN,NaN,NaN,NaN
9.833937308E1,NaN,NaN,NaN,NaN,NaN,NaN,NaN,NaN
9.834933508E1,NaN,NaN,NaN,NaN,NaN,NaN,NaN,NaN
9.835929808E1,NaN,NaN,NaN,NaN,NaN,NaN,NaN,NaN
9.836926008E1,NaN,NaN,NaN,NaN,NaN,NaN,NaN,NaN
9.837922308E1,NaN,NaN,NaN,NaN,NaN,NaN,NaN,NaN
9.838918508E1,NaN,NaN,NaN,NaN,NaN,NaN,NaN,NaN
9.839914808E1,NaN,NaN,NaN,NaN,NaN,NaN,NaN,NaN
9.840911008E1,NaN,NaN,NaN,NaN,NaN,NaN,NaN,NaN
9.841907308E1,NaN,NaN,NaN,NaN,NaN,NaN,NaN,NaN
9.842903508E1,NaN,NaN,NaN,NaN,NaN,NaN,NaN,NaN
9.843899808E1,NaN,NaN,NaN,NaN,NaN,NaN,NaN,NaN
9.844896008E1,NaN,NaN,NaN,NaN,NaN,NaN,NaN,NaN
9.845892308E1,NaN,NaN,NaN,NaN,NaN,NaN,NaN,NaN
9.846888508E1,NaN,NaN,NaN,NaN,NaN,NaN,NaN,NaN
9.847884808E1,NaN,NaN,NaN,NaN,NaN,NaN,NaN,NaN
9.848881008E1,NaN,NaN,NaN,NaN,NaN,NaN,NaN,NaN
9.849877308E1,NaN,NaN,NaN,NaN,NaN,NaN,NaN,NaN
9.850873508E1,NaN,NaN,NaN,NaN,NaN,NaN,NaN,NaN
9.851869808E1,NaN,NaN,NaN,NaN,NaN,NaN,NaN,NaN
9.852866008E1,NaN,NaN,NaN,NaN,NaN,NaN,NaN,NaN
9.853862308E1,NaN,NaN,NaN,NaN,NaN,NaN,NaN,NaN
9.854858508E1,NaN,NaN,NaN,NaN,NaN,NaN,NaN,NaN
9.855854808E1,NaN,NaN,NaN,NaN,NaN,NaN,NaN,NaN
9.856851008E1,NaN,NaN,NaN,NaN,NaN,NaN,NaN,NaN
9.857847308E1,NaN,NaN,NaN,NaN,NaN,NaN,NaN,NaN
9.858843508E1,NaN,NaN,NaN,NaN,NaN,NaN,NaN,NaN
9.859839808E1,NaN,NaN,NaN,NaN,NaN,NaN,NaN,NaN
9.860836008E1,NaN,NaN,NaN,NaN,NaN,NaN,NaN,NaN
9.861832308E1,NaN,NaN,NaN,NaN,NaN,NaN,NaN,NaN
9.862828508E1,NaN,NaN,NaN,NaN,NaN,NaN,NaN,NaN
9.863824808E1,NaN,NaN,NaN,NaN,NaN,NaN,NaN,NaN
9.864821008E1,NaN,NaN,NaN,NaN,NaN,NaN,NaN,NaN
9.865817308E1,NaN,NaN,NaN,NaN,NaN,NaN,NaN,NaN
9.866813508E1,NaN,NaN,NaN,NaN,NaN,NaN,NaN,NaN
9.867809808E1,NaN,NaN,NaN,NaN,NaN,NaN,NaN,NaN
9.868806008E1,NaN,NaN,NaN,NaN,NaN,NaN,NaN,NaN
9.869802308E1,NaN,NaN,NaN,NaN,NaN,NaN,NaN,NaN
9.870798508E1,NaN,NaN,NaN,NaN,NaN,NaN,NaN,NaN
9.871794808E1,NaN,NaN,NaN,NaN,NaN,NaN,NaN,NaN
9.872791008E1,NaN,NaN,NaN,NaN,NaN,NaN,NaN,NaN
9.873787308E1,NaN,NaN,NaN,NaN,NaN,NaN,NaN,NaN
9.874783508E1,NaN,NaN,NaN,NaN,NaN,NaN,NaN,NaN
9.875779808E1,NaN,NaN,NaN,NaN,NaN,NaN,NaN,NaN
9.876776008E1,NaN,NaN,NaN,NaN,NaN,NaN,NaN,NaN
9.877772308E1,NaN,NaN,NaN,NaN,NaN,NaN,NaN,NaN
9.878768508E1,NaN,NaN,NaN,NaN,NaN,NaN,NaN,NaN
9.879764808E1,NaN,NaN,NaN,NaN,NaN,NaN,NaN,NaN
9.880761008E1,NaN,NaN,NaN,NaN,NaN,NaN,NaN,NaN
9.881757308E1,NaN,NaN,NaN,NaN,NaN,NaN,NaN,NaN
9.882753508E1,NaN,NaN,NaN,NaN,NaN,NaN,NaN,NaN
9.883749808E1,NaN,NaN,NaN,NaN,NaN,NaN,NaN,NaN
9.884746008E1,NaN,NaN,NaN,NaN,NaN,NaN,NaN,NaN
9.885742308E1,NaN,NaN,NaN,NaN,NaN,NaN,NaN,NaN
9.886738508E1,NaN,NaN,NaN,NaN,NaN,NaN,NaN,NaN
9.887734808E1,NaN,NaN,NaN,NaN,NaN,NaN,NaN,NaN
9.888731008E1,NaN,NaN,NaN,NaN,NaN,NaN,NaN,NaN
9.889727308E1,NaN,NaN,NaN,NaN,NaN,NaN,NaN,NaN
9.890723508E1,NaN,NaN,NaN,NaN,NaN,NaN,NaN,NaN
9.891719808E1,NaN,NaN,NaN,NaN,NaN,NaN,NaN,NaN
9.892716008E1,NaN,NaN,NaN,NaN,NaN,NaN,NaN,NaN
9.893712308E1,NaN,NaN,NaN,NaN,NaN,NaN,NaN,NaN
9.894708508E1,NaN,NaN,NaN,NaN,NaN,NaN,NaN,NaN
9.895704808E1,NaN,NaN,NaN,NaN,NaN,NaN,NaN,NaN
9.896701008E1,NaN,NaN,NaN,NaN,NaN,NaN,NaN,NaN
9.897697308E1,NaN,NaN,NaN,NaN,NaN,NaN,NaN,NaN
9.898693508E1,NaN,NaN,NaN,NaN,NaN,NaN,NaN,NaN
9.899689808E1,NaN,NaN,NaN,NaN,NaN,NaN,NaN,NaN
9.900686096E1,NaN,NaN,NaN,NaN,NaN,NaN,NaN,NaN
9.901682396E1,NaN,NaN,NaN,NaN,NaN,NaN,NaN,NaN
9.902678596E1,NaN,NaN,NaN,NaN,NaN,NaN,NaN,NaN
9.903674896E1,NaN,NaN,NaN,NaN,NaN,NaN,NaN,NaN
9.904671096E1,NaN,NaN,NaN,NaN,NaN,NaN,NaN,NaN
9.905667396E1,NaN,NaN,NaN,NaN,NaN,NaN,NaN,NaN
9.906663596E1,NaN,NaN,NaN,NaN,NaN,NaN,NaN,NaN
9.907659896E1,NaN,NaN,NaN,NaN,NaN,NaN,NaN,NaN
9.908656096E1,NaN,NaN,NaN,NaN,NaN,NaN,NaN,NaN
9.909652396E1,NaN,NaN,NaN,NaN,NaN,NaN,NaN,NaN
9.910648596E1,NaN,NaN,NaN,NaN,NaN,NaN,NaN,NaN
9.911644896E1,NaN,NaN,NaN,NaN,NaN,NaN,NaN,NaN
9.912641096E1,NaN,NaN,NaN,NaN,NaN,NaN,NaN,NaN
9.913637396E1,NaN,NaN,NaN,NaN,NaN,NaN,NaN,NaN
9.914633596E1,NaN,NaN,NaN,NaN,NaN,NaN,NaN,NaN
9.915629896E1,NaN,NaN,NaN,NaN,NaN,NaN,NaN,NaN
9.916626096E1,NaN,NaN,NaN,NaN,NaN,NaN,NaN,NaN
9.917622396E1,NaN,NaN,NaN,NaN,NaN,NaN,NaN,NaN
9.918618596E1,NaN,NaN,NaN,NaN,NaN,NaN,NaN,NaN
9.919614896E1,NaN,NaN,NaN,NaN,NaN,NaN,NaN,NaN
9.920611096E1,NaN,NaN,NaN,NaN,NaN,NaN,NaN,NaN
9.921607396E1,NaN,NaN,NaN,NaN,NaN,NaN,NaN,NaN
9.922603596E1,NaN,NaN,NaN,NaN,NaN,NaN,NaN,NaN
9.923599896E1,NaN,NaN,NaN,NaN,NaN,NaN,NaN,NaN
9.924596096E1,NaN,NaN,NaN,NaN,NaN,NaN,NaN,NaN
9.925592396E1,NaN,NaN,NaN,NaN,NaN,NaN,NaN,NaN
9.926588596E1,NaN,NaN,NaN,NaN,NaN,NaN,NaN,NaN
9.927584896E1,NaN,NaN,NaN,NaN,NaN,NaN,NaN,NaN
9.928581096E1,NaN,NaN,NaN,NaN,NaN,NaN,NaN,NaN
9.929577396E1,NaN,NaN,NaN,NaN,NaN,NaN,NaN,NaN
9.930573596E1,NaN,NaN,NaN,NaN,NaN,NaN,NaN,NaN
9.931569896E1,NaN,NaN,NaN,NaN,NaN,NaN,NaN,NaN
9.932566096E1,NaN,NaN,NaN,NaN,NaN,NaN,NaN,NaN
9.933562396E1,NaN,NaN,NaN,NaN,NaN,NaN,NaN,NaN
9.934558596E1,NaN,NaN,NaN,NaN,NaN,NaN,NaN,NaN
9.935554896E1,NaN,NaN,NaN,NaN,NaN,NaN,NaN,NaN
9.936551096E1,NaN,NaN,NaN,NaN,NaN,NaN,NaN,NaN
9.937547396E1,NaN,NaN,NaN,NaN,NaN,NaN,NaN,NaN
9.938543596E1,NaN,NaN,NaN,NaN,NaN,NaN,NaN,NaN
9.939539896E1,NaN,NaN,NaN,NaN,NaN,NaN,NaN,NaN
9.940536096E1,NaN,NaN,NaN,NaN,NaN,NaN,NaN,NaN
9.941532396E1,NaN,NaN,NaN,NaN,NaN,NaN,NaN,NaN
9.942528596E1,NaN,NaN,NaN,NaN,NaN,NaN,NaN,NaN
9.943524896E1,NaN,NaN,NaN,NaN,NaN,NaN,NaN,NaN
9.944521096E1,NaN,NaN,NaN,NaN,NaN,NaN,NaN,NaN
9.945517396E1,NaN,NaN,NaN,NaN,NaN,NaN,NaN,NaN
9.946513596E1,NaN,NaN,NaN,NaN,NaN,NaN,NaN,NaN
9.947509896E1,NaN,NaN,NaN,NaN,NaN,NaN,NaN,NaN
9.948506096E1,NaN,NaN,NaN,NaN,NaN,NaN,NaN,NaN
9.949502396E1,NaN,NaN,NaN,NaN,NaN,NaN,NaN,NaN
9.950498596E1,NaN,NaN,NaN,NaN,NaN,NaN,NaN,NaN
9.951494896E1,NaN,NaN,NaN,NaN,NaN,NaN,NaN,NaN
9.952491096E1,NaN,NaN,NaN,NaN,NaN,NaN,NaN,NaN
9.953487396E1,NaN,NaN,NaN,NaN,NaN,NaN,NaN,NaN
9.954483596E1,NaN,NaN,NaN,NaN,NaN,NaN,NaN,NaN
9.955479896E1,NaN,NaN,NaN,NaN,NaN,NaN,NaN,NaN
9.956476096E1,NaN,NaN,NaN,NaN,NaN,NaN,NaN,NaN
9.957472396E1,NaN,NaN,NaN,NaN,NaN,NaN,NaN,NaN
9.958468596E1,NaN,NaN,NaN,NaN,NaN,NaN,NaN,NaN
9.959464896E1,NaN,NaN,NaN,NaN,NaN,NaN,NaN,NaN
9.960461096E1,NaN,NaN,NaN,NaN,NaN,NaN,NaN,NaN
9.961457396E1,NaN,NaN,NaN,NaN,NaN,NaN,NaN,NaN
9.962453596E1,NaN,NaN,NaN,NaN,NaN,NaN,NaN,NaN
9.963449896E1,NaN,NaN,NaN,NaN,NaN,NaN,NaN,NaN
9.964446096E1,NaN,NaN,NaN,NaN,NaN,NaN,NaN,NaN
9.965442396E1,NaN,NaN,NaN,NaN,NaN,NaN,NaN,NaN
9.966438596E1,NaN,NaN,NaN,NaN,NaN,NaN,NaN,NaN
9.967434796E1,NaN,NaN,NaN,NaN,NaN,NaN,NaN,NaN
9.968431096E1,NaN,NaN,NaN,NaN,NaN,NaN,NaN,NaN
9.969427296E1,NaN,NaN,NaN,NaN,NaN,NaN,NaN,NaN
9.970423596E1,NaN,NaN,NaN,NaN,NaN,NaN,NaN,NaN
9.971419796E1,NaN,NaN,NaN,NaN,NaN,NaN,NaN,NaN
9.972416096E1,NaN,NaN,NaN,NaN,NaN,NaN,NaN,NaN
9.973412296E1,NaN,NaN,NaN,NaN,NaN,NaN,NaN,NaN
9.974408596E1,NaN,NaN,NaN,NaN,NaN,NaN,NaN,NaN
9.975404796E1,NaN,NaN,NaN,NaN,NaN,NaN,NaN,NaN
9.976401096E1,NaN,NaN,NaN,NaN,NaN,NaN,NaN,NaN
9.977397296E1,NaN,NaN,NaN,NaN,NaN,NaN,NaN,NaN
9.978393596E1,NaN,NaN,NaN,NaN,NaN,NaN,NaN,NaN
9.979389796E1,NaN,NaN,NaN,NaN,NaN,NaN,NaN,NaN
9.980386096E1,NaN,NaN,NaN,NaN,NaN,NaN,NaN,NaN
9.981382296E1,NaN,NaN,NaN,NaN,NaN,NaN,NaN,NaN
9.982378596E1,NaN,NaN,NaN,NaN,NaN,NaN,NaN,NaN
9.983374796E1,NaN,NaN,NaN,NaN,NaN,NaN,NaN,NaN
9.984371096E1,NaN,NaN,NaN,NaN,NaN,NaN,NaN,NaN
9.985367296E1,NaN,NaN,NaN,NaN,NaN,NaN,NaN,NaN
9.986363596E1,NaN,NaN,NaN,NaN,NaN,NaN,NaN,NaN
9.987359796E1,NaN,NaN,NaN,NaN,NaN,NaN,NaN,NaN
9.988356096E1,NaN,NaN,NaN,NaN,NaN,NaN,NaN,NaN
9.989352296E1,NaN,NaN,NaN,NaN,NaN,NaN,NaN,NaN
9.990348596E1,NaN,NaN,NaN,NaN,NaN,NaN,NaN,NaN
9.991344796E1,NaN,NaN,NaN,NaN,NaN,NaN,NaN,NaN
9.992341096E1,NaN,NaN,NaN,NaN,NaN,NaN,NaN,NaN
9.993337296E1,NaN,NaN,NaN,NaN,NaN,NaN,NaN,NaN
9.994333596E1,NaN,NaN,NaN,NaN,NaN,NaN,NaN,NaN
9.995329796E1,NaN,NaN,NaN,NaN,NaN,NaN,NaN,NaN
9.996326096E1,NaN,NaN,NaN,NaN,NaN,NaN,NaN,NaN
9.997322296E1,NaN,NaN,NaN,NaN,NaN,NaN,NaN,NaN
9.998318596E1,NaN,NaN,NaN,NaN,NaN,NaN,NaN,NaN
9.999314796E1,NaN,NaN,NaN,NaN,NaN,NaN,NaN,NaN
1.000031110E2,NaN,NaN,NaN,NaN,NaN,NaN,NaN,NaN
1.000130742E2,NaN,NaN,NaN,NaN,NaN,NaN,NaN,NaN
1.000230372E2,NaN,NaN,NaN,NaN,NaN,NaN,NaN,NaN
1.000329992E2,NaN,NaN,NaN,NaN,NaN,NaN,NaN,NaN
1.000429622E2,NaN,NaN,NaN,NaN,NaN,NaN,NaN,NaN
1.000529242E2,NaN,NaN,NaN,NaN,NaN,NaN,NaN,NaN
1.000628872E2,NaN,NaN,NaN,NaN,NaN,NaN,NaN,NaN
1.000728492E2,NaN,NaN,NaN,NaN,NaN,NaN,NaN,NaN
1.000828122E2,NaN,NaN,NaN,NaN,NaN,NaN,NaN,NaN
1.000927742E2,NaN,NaN,NaN,NaN,NaN,NaN,NaN,NaN
1.001027372E2,NaN,NaN,NaN,NaN,NaN,NaN,NaN,NaN
1.001126992E2,NaN,NaN,NaN,NaN,NaN,NaN,NaN,NaN
1.001226622E2,NaN,NaN,NaN,NaN,NaN,NaN,NaN,NaN
1.001326242E2,NaN,NaN,NaN,NaN,NaN,NaN,NaN,NaN
1.001425872E2,NaN,NaN,NaN,NaN,NaN,NaN,NaN,NaN
1.001525492E2,NaN,NaN,NaN,NaN,NaN,NaN,NaN,NaN
1.001625122E2,NaN,NaN,NaN,NaN,NaN,NaN,NaN,NaN
1.001724742E2,NaN,NaN,NaN,NaN,NaN,NaN,NaN,NaN
1.001824372E2,NaN,NaN,NaN,NaN,NaN,NaN,NaN,NaN
1.001923992E2,NaN,NaN,NaN,NaN,NaN,NaN,NaN,NaN
1.002023622E2,NaN,NaN,NaN,NaN,NaN,NaN,NaN,NaN
1.002123242E2,NaN,NaN,NaN,NaN,NaN,NaN,NaN,NaN
1.002222872E2,NaN,NaN,NaN,NaN,NaN,NaN,NaN,NaN
1.002322492E2,NaN,NaN,NaN,NaN,NaN,NaN,NaN,NaN
1.002422122E2,NaN,NaN,NaN,NaN,NaN,NaN,NaN,NaN
1.002521742E2,NaN,NaN,NaN,NaN,NaN,NaN,NaN,NaN
1.002621372E2,NaN,NaN,NaN,NaN,NaN,NaN,NaN,NaN
1.002720992E2,NaN,NaN,NaN,NaN,NaN,NaN,NaN,NaN
1.002820622E2,NaN,NaN,NaN,NaN,NaN,NaN,NaN,NaN
1.002920242E2,NaN,NaN,NaN,NaN,NaN,NaN,NaN,NaN
1.003019872E2,NaN,NaN,NaN,NaN,NaN,NaN,NaN,NaN
1.003119492E2,NaN,NaN,NaN,NaN,NaN,NaN,NaN,NaN
1.003219122E2,NaN,NaN,NaN,NaN,NaN,NaN,NaN,NaN
1.003318742E2,NaN,NaN,NaN,NaN,NaN,NaN,NaN,NaN
1.003418372E2,NaN,NaN,NaN,NaN,NaN,NaN,NaN,NaN
1.003517992E2,NaN,NaN,NaN,NaN,NaN,NaN,NaN,NaN
1.003617622E2,NaN,NaN,NaN,NaN,NaN,NaN,NaN,NaN
1.003717242E2,NaN,NaN,NaN,NaN,NaN,NaN,NaN,NaN
1.003816872E2,NaN,NaN,NaN,NaN,NaN,NaN,NaN,NaN
1.003916492E2,NaN,NaN,NaN,NaN,NaN,NaN,NaN,NaN
1.004016112E2,NaN,NaN,NaN,NaN,NaN,NaN,NaN,NaN
1.004115742E2,NaN,NaN,NaN,NaN,NaN,NaN,NaN,NaN
1.004215372E2,NaN,NaN,NaN,NaN,NaN,NaN,NaN,NaN
1.004314992E2,NaN,NaN,NaN,NaN,NaN,NaN,NaN,NaN
1.004414612E2,NaN,NaN,NaN,NaN,NaN,NaN,NaN,NaN
1.004514242E2,NaN,NaN,NaN,NaN,NaN,NaN,NaN,NaN
1.004613862E2,NaN,NaN,NaN,NaN,NaN,NaN,NaN,NaN
1.004713492E2,NaN,NaN,NaN,NaN,NaN,NaN,NaN,NaN
1.004813112E2,NaN,NaN,NaN,NaN,NaN,NaN,NaN,NaN
1.004912742E2,NaN,NaN,NaN,NaN,NaN,NaN,NaN,NaN
1.005012362E2,NaN,NaN,NaN,NaN,NaN,NaN,NaN,NaN
1.005111992E2,NaN,NaN,NaN,NaN,NaN,NaN,NaN,NaN
1.005211612E2,NaN,NaN,NaN,NaN,NaN,NaN,NaN,NaN
1.005311242E2,NaN,NaN,NaN,NaN,NaN,NaN,NaN,NaN
1.005410862E2,NaN,NaN,NaN,NaN,NaN,NaN,NaN,NaN
1.005510492E2,NaN,NaN,NaN,NaN,NaN,NaN,NaN,NaN
1.005610112E2,NaN,NaN,NaN,NaN,NaN,NaN,NaN,NaN
1.005709742E2,NaN,NaN,NaN,NaN,NaN,NaN,NaN,NaN
1.005809362E2,NaN,NaN,NaN,NaN,NaN,NaN,NaN,NaN
1.005908992E2,NaN,NaN,NaN,NaN,NaN,NaN,NaN,NaN
1.006008612E2,NaN,NaN,NaN,NaN,NaN,NaN,NaN,NaN
1.006108242E2,NaN,NaN,NaN,NaN,NaN,NaN,NaN,NaN
1.006207862E2,NaN,NaN,NaN,NaN,NaN,NaN,NaN,NaN
1.006307492E2,NaN,NaN,NaN,NaN,NaN,NaN,NaN,NaN
1.006407112E2,NaN,NaN,NaN,NaN,NaN,NaN,NaN,NaN
1.006506742E2,NaN,NaN,NaN,NaN,NaN,NaN,NaN,NaN
1.006606362E2,NaN,NaN,NaN,NaN,NaN,NaN,NaN,NaN
1.006705992E2,NaN,NaN,NaN,NaN,NaN,NaN,NaN,NaN
1.006805612E2,NaN,NaN,NaN,NaN,NaN,NaN,NaN,NaN
1.006905242E2,NaN,NaN,NaN,NaN,NaN,NaN,NaN,NaN
1.007004862E2,NaN,NaN,NaN,NaN,NaN,NaN,NaN,NaN
1.007104492E2,NaN,NaN,NaN,NaN,NaN,NaN,NaN,NaN
1.007204112E2,NaN,NaN,NaN,NaN,NaN,NaN,NaN,NaN
1.007303742E2,NaN,NaN,NaN,NaN,NaN,NaN,NaN,NaN
1.007403362E2,NaN,NaN,NaN,NaN,NaN,NaN,NaN,NaN
1.007502992E2,NaN,NaN,NaN,NaN,NaN,NaN,NaN,NaN
1.007602612E2,NaN,NaN,NaN,NaN,NaN,NaN,NaN,NaN
1.007702242E2,NaN,NaN,NaN,NaN,NaN,NaN,NaN,NaN
1.007801862E2,NaN,NaN,NaN,NaN,NaN,NaN,NaN,NaN
1.007901492E2,NaN,NaN,NaN,NaN,NaN,NaN,NaN,NaN
1.008001112E2,NaN,NaN,NaN,NaN,NaN,NaN,NaN,NaN
1.008100742E2,NaN,NaN,NaN,NaN,NaN,NaN,NaN,NaN
1.008200362E2,NaN,NaN,NaN,NaN,NaN,NaN,NaN,NaN
1.008299992E2,NaN,NaN,NaN,NaN,NaN,NaN,NaN,NaN
1.008399612E2,NaN,NaN,NaN,NaN,NaN,NaN,NaN,NaN
1.008499242E2,NaN,NaN,NaN,NaN,NaN,NaN,NaN,NaN
1.008598862E2,NaN,NaN,NaN,NaN,NaN,NaN,NaN,NaN
1.008698492E2,NaN,NaN,NaN,NaN,NaN,NaN,NaN,NaN
1.008798112E2,NaN,NaN,NaN,NaN,NaN,NaN,NaN,NaN
1.008897742E2,NaN,NaN,NaN,NaN,NaN,NaN,NaN,NaN
1.008997362E2,NaN,NaN,NaN,NaN,NaN,NaN,NaN,NaN
1.009096992E2,NaN,NaN,NaN,NaN,NaN,NaN,NaN,NaN
1.009196612E2,NaN,NaN,NaN,NaN,NaN,NaN,NaN,NaN
1.009296232E2,NaN,NaN,NaN,NaN,NaN,NaN,NaN,NaN
1.009395862E2,NaN,NaN,NaN,NaN,NaN,NaN,NaN,NaN
1.009495482E2,NaN,NaN,NaN,NaN,NaN,NaN,NaN,NaN
1.009595112E2,NaN,NaN,NaN,NaN,NaN,NaN,NaN,NaN
1.009694732E2,NaN,NaN,NaN,NaN,NaN,NaN,NaN,NaN
1.009794362E2,NaN,NaN,NaN,NaN,NaN,NaN,NaN,NaN
1.009893982E2,NaN,NaN,NaN,NaN,NaN,NaN,NaN,NaN
1.009993612E2,NaN,NaN,NaN,NaN,NaN,NaN,NaN,NaN
1.010093210E2,NaN,NaN,NaN,NaN,NaN,NaN,NaN,NaN
1.010192840E2,NaN,NaN,NaN,NaN,NaN,NaN,NaN,NaN
1.010292460E2,NaN,NaN,NaN,NaN,NaN,NaN,NaN,NaN
1.010392090E2,NaN,NaN,NaN,NaN,NaN,NaN,NaN,NaN
1.010491710E2,NaN,NaN,NaN,NaN,NaN,NaN,NaN,NaN
1.010591340E2,NaN,NaN,NaN,NaN,NaN,NaN,NaN,NaN
1.010690960E2,NaN,NaN,NaN,NaN,NaN,NaN,NaN,NaN
1.010790590E2,NaN,NaN,NaN,NaN,NaN,NaN,NaN,NaN
1.010890210E2,NaN,NaN,NaN,NaN,NaN,NaN,NaN,NaN
1.010989840E2,NaN,NaN,NaN,NaN,NaN,NaN,NaN,NaN
1.011089460E2,NaN,NaN,NaN,NaN,NaN,NaN,NaN,NaN
1.011189090E2,NaN,NaN,NaN,NaN,NaN,NaN,NaN,NaN
1.011288710E2,NaN,NaN,NaN,NaN,NaN,NaN,NaN,NaN
1.011388340E2,NaN,NaN,NaN,NaN,NaN,NaN,NaN,NaN
1.011487960E2,NaN,NaN,NaN,NaN,NaN,NaN,NaN,NaN
1.011587590E2,NaN,NaN,NaN,NaN,NaN,NaN,NaN,NaN
1.011687210E2,NaN,NaN,NaN,NaN,NaN,NaN,NaN,NaN
1.011786840E2,NaN,NaN,NaN,NaN,NaN,NaN,NaN,NaN
1.011886460E2,NaN,NaN,NaN,NaN,NaN,NaN,NaN,NaN
1.011986090E2,NaN,NaN,NaN,NaN,NaN,NaN,NaN,NaN
1.012085710E2,NaN,NaN,NaN,NaN,NaN,NaN,NaN,NaN
1.012185340E2,NaN,NaN,NaN,NaN,NaN,NaN,NaN,NaN
1.012284960E2,NaN,NaN,NaN,NaN,NaN,NaN,NaN,NaN
1.012384590E2,NaN,NaN,NaN,NaN,NaN,NaN,NaN,NaN
1.012484210E2,NaN,NaN,NaN,NaN,NaN,NaN,NaN,NaN
1.012583840E2,NaN,NaN,NaN,NaN,NaN,NaN,NaN,NaN
1.012683460E2,NaN,NaN,NaN,NaN,NaN,NaN,NaN,NaN
1.012783090E2,NaN,NaN,NaN,NaN,NaN,NaN,NaN,NaN
1.012882710E2,NaN,NaN,NaN,NaN,NaN,NaN,NaN,NaN
1.012982340E2,NaN,NaN,NaN,NaN,NaN,NaN,NaN,NaN
1.013081960E2,NaN,NaN,NaN,NaN,NaN,NaN,NaN,NaN
1.013181590E2,NaN,NaN,NaN,NaN,NaN,NaN,NaN,NaN
1.013281210E2,NaN,NaN,NaN,NaN,NaN,NaN,NaN,NaN
1.013380840E2,NaN,NaN,NaN,NaN,NaN,NaN,NaN,NaN
1.013480460E2,NaN,NaN,NaN,NaN,NaN,NaN,NaN,NaN
1.013580090E2,NaN,NaN,NaN,NaN,NaN,NaN,NaN,NaN
1.013679710E2,NaN,NaN,NaN,NaN,NaN,NaN,NaN,NaN
1.013779340E2,NaN,NaN,NaN,NaN,NaN,NaN,NaN,NaN
1.013878960E2,NaN,NaN,NaN,NaN,NaN,NaN,NaN,NaN
1.013978590E2,NaN,NaN,NaN,NaN,NaN,NaN,NaN,NaN
1.014078210E2,NaN,NaN,NaN,NaN,NaN,NaN,NaN,NaN
1.014177830E2,NaN,NaN,NaN,NaN,NaN,NaN,NaN,NaN
1.014277460E2,NaN,NaN,NaN,NaN,NaN,NaN,NaN,NaN
1.014377080E2,NaN,NaN,NaN,NaN,NaN,NaN,NaN,NaN
1.014476710E2,NaN,NaN,NaN,NaN,NaN,NaN,NaN,NaN
1.014576330E2,NaN,NaN,NaN,NaN,NaN,NaN,NaN,NaN
1.014675960E2,NaN,NaN,NaN,NaN,NaN,NaN,NaN,NaN
1.014775580E2,NaN,NaN,NaN,NaN,NaN,NaN,NaN,NaN
1.014875210E2,NaN,NaN,NaN,NaN,NaN,NaN,NaN,NaN
1.014974830E2,NaN,NaN,NaN,NaN,NaN,NaN,NaN,NaN
1.015074460E2,NaN,NaN,NaN,NaN,NaN,NaN,NaN,NaN
1.015174080E2,NaN,NaN,NaN,NaN,NaN,NaN,NaN,NaN
1.015273710E2,NaN,NaN,NaN,NaN,NaN,NaN,NaN,NaN
1.015373330E2,NaN,NaN,NaN,NaN,NaN,NaN,NaN,NaN
1.015472960E2,NaN,NaN,NaN,NaN,NaN,NaN,NaN,NaN
1.015572580E2,NaN,NaN,NaN,NaN,NaN,NaN,NaN,NaN
1.015672210E2,NaN,NaN,NaN,NaN,NaN,NaN,NaN,NaN
1.015771830E2,NaN,NaN,NaN,NaN,NaN,NaN,NaN,NaN
1.015871460E2,NaN,NaN,NaN,NaN,NaN,NaN,NaN,NaN
1.015971080E2,NaN,NaN,NaN,NaN,NaN,NaN,NaN,NaN
1.016070710E2,NaN,NaN,NaN,NaN,NaN,NaN,NaN,NaN
1.016170330E2,NaN,NaN,NaN,NaN,NaN,NaN,NaN,NaN
1.016269960E2,NaN,NaN,NaN,NaN,NaN,NaN,NaN,NaN
1.016369580E2,NaN,NaN,NaN,NaN,NaN,NaN,NaN,NaN
1.016469210E2,NaN,NaN,NaN,NaN,NaN,NaN,NaN,NaN
1.016568830E2,NaN,NaN,NaN,NaN,NaN,NaN,NaN,NaN
1.016668460E2,NaN,NaN,NaN,NaN,NaN,NaN,NaN,NaN
1.016768080E2,NaN,NaN,NaN,NaN,NaN,NaN,NaN,NaN
1.016867710E2,NaN,NaN,NaN,NaN,NaN,NaN,NaN,NaN
1.016967330E2,NaN,NaN,NaN,NaN,NaN,NaN,NaN,NaN
1.017066960E2,NaN,NaN,NaN,NaN,NaN,NaN,NaN,NaN
1.017166580E2,NaN,NaN,NaN,NaN,NaN,NaN,NaN,NaN
1.017266210E2,NaN,NaN,NaN,NaN,NaN,NaN,NaN,NaN
1.017365830E2,NaN,NaN,NaN,NaN,NaN,NaN,NaN,NaN
1.017465460E2,NaN,NaN,NaN,NaN,NaN,NaN,NaN,NaN
1.017565080E2,NaN,NaN,NaN,NaN,NaN,NaN,NaN,NaN
1.017664710E2,NaN,NaN,NaN,NaN,NaN,NaN,NaN,NaN
1.017764330E2,NaN,NaN,NaN,NaN,NaN,NaN,NaN,NaN
1.017863950E2,NaN,NaN,NaN,NaN,NaN,NaN,NaN,NaN
1.017963580E2,NaN,NaN,NaN,NaN,NaN,NaN,NaN,NaN
1.018063200E2,NaN,NaN,NaN,NaN,NaN,NaN,NaN,NaN
1.018162830E2,NaN,NaN,NaN,NaN,NaN,NaN,NaN,NaN
1.018262450E2,NaN,NaN,NaN,NaN,NaN,NaN,NaN,NaN
1.018362080E2,NaN,NaN,NaN,NaN,NaN,NaN,NaN,NaN
1.018461700E2,NaN,NaN,NaN,NaN,NaN,NaN,NaN,NaN
1.018561330E2,NaN,NaN,NaN,NaN,NaN,NaN,NaN,NaN
1.018660950E2,NaN,NaN,NaN,NaN,NaN,NaN,NaN,NaN
1.018760580E2,NaN,NaN,NaN,NaN,NaN,NaN,NaN,NaN
1.018860200E2,NaN,NaN,NaN,NaN,NaN,NaN,NaN,NaN
1.018959830E2,NaN,NaN,NaN,NaN,NaN,NaN,NaN,NaN
1.019059450E2,NaN,NaN,NaN,NaN,NaN,NaN,NaN,NaN
1.019159080E2,NaN,NaN,NaN,NaN,NaN,NaN,NaN,NaN
1.019258700E2,NaN,NaN,NaN,NaN,NaN,NaN,NaN,NaN
1.019358330E2,NaN,NaN,NaN,NaN,NaN,NaN,NaN,NaN
1.019457950E2,NaN,NaN,NaN,NaN,NaN,NaN,NaN,NaN
1.019557580E2,NaN,NaN,NaN,NaN,NaN,NaN,NaN,NaN
1.019657200E2,NaN,NaN,NaN,NaN,NaN,NaN,NaN,NaN
1.019756830E2,NaN,NaN,NaN,NaN,NaN,NaN,NaN,NaN
1.019856450E2,NaN,NaN,NaN,NaN,NaN,NaN,NaN,NaN
1.019956080E2,NaN,NaN,NaN,NaN,NaN,NaN,NaN,NaN
1.020055700E2,NaN,NaN,NaN,NaN,NaN,NaN,NaN,NaN
1.020155338E2,NaN,NaN,NaN,NaN,NaN,NaN,NaN,NaN
1.020254958E2,NaN,NaN,NaN,NaN,NaN,NaN,NaN,NaN
1.020354588E2,NaN,NaN,NaN,NaN,NaN,NaN,NaN,NaN
1.020454208E2,NaN,NaN,NaN,NaN,NaN,NaN,NaN,NaN
1.020553838E2,NaN,NaN,NaN,NaN,NaN,NaN,NaN,NaN
1.020653458E2,NaN,NaN,NaN,NaN,NaN,NaN,NaN,NaN
1.020753088E2,NaN,NaN,NaN,NaN,NaN,NaN,NaN,NaN
1.020852708E2,NaN,NaN,NaN,NaN,NaN,NaN,NaN,NaN
1.020952338E2,NaN,NaN,NaN,NaN,NaN,NaN,NaN,NaN
1.021051958E2,NaN,NaN,NaN,NaN,NaN,NaN,NaN,NaN
1.021151578E2,NaN,NaN,NaN,NaN,NaN,NaN,NaN,NaN
1.021251208E2,NaN,NaN,NaN,NaN,NaN,NaN,NaN,NaN
1.021350828E2,NaN,NaN,NaN,NaN,NaN,NaN,NaN,NaN
1.021450458E2,NaN,NaN,NaN,NaN,NaN,NaN,NaN,NaN
1.021550078E2,NaN,NaN,NaN,NaN,NaN,NaN,NaN,NaN
1.021649708E2,NaN,NaN,NaN,NaN,NaN,NaN,NaN,NaN
1.021749328E2,NaN,NaN,NaN,NaN,NaN,NaN,NaN,NaN
1.021848958E2,NaN,NaN,NaN,NaN,NaN,NaN,NaN,NaN
1.021948578E2,NaN,NaN,NaN,NaN,NaN,NaN,NaN,NaN
1.022048208E2,NaN,NaN,NaN,NaN,NaN,NaN,NaN,NaN
1.022147828E2,NaN,NaN,NaN,NaN,NaN,NaN,NaN,NaN
1.022247458E2,NaN,NaN,NaN,NaN,NaN,NaN,NaN,NaN
1.022347078E2,NaN,NaN,NaN,NaN,NaN,NaN,NaN,NaN
1.022446708E2,NaN,NaN,NaN,NaN,NaN,NaN,NaN,NaN
1.022546328E2,NaN,NaN,NaN,NaN,NaN,NaN,NaN,NaN
1.022645958E2,NaN,NaN,NaN,NaN,NaN,NaN,NaN,NaN
1.022745578E2,NaN,NaN,NaN,NaN,NaN,NaN,NaN,NaN
1.022845208E2,NaN,NaN,NaN,NaN,NaN,NaN,NaN,NaN
1.022944828E2,NaN,NaN,NaN,NaN,NaN,NaN,NaN,NaN
1.023044458E2,NaN,NaN,NaN,NaN,NaN,NaN,NaN,NaN
1.023144078E2,NaN,NaN,NaN,NaN,NaN,NaN,NaN,NaN
1.023243708E2,NaN,NaN,NaN,NaN,NaN,NaN,NaN,NaN
1.023343328E2,NaN,NaN,NaN,NaN,NaN,NaN,NaN,NaN
1.023442958E2,NaN,NaN,NaN,NaN,NaN,NaN,NaN,NaN
1.023542578E2,NaN,NaN,NaN,NaN,NaN,NaN,NaN,NaN
1.023642208E2,NaN,NaN,NaN,NaN,NaN,NaN,NaN,NaN
1.023741828E2,NaN,NaN,NaN,NaN,NaN,NaN,NaN,NaN
1.023841458E2,NaN,NaN,NaN,NaN,NaN,NaN,NaN,NaN
1.023941078E2,NaN,NaN,NaN,NaN,NaN,NaN,NaN,NaN
1.024040708E2,NaN,NaN,NaN,NaN,NaN,NaN,NaN,NaN
1.024140328E2,NaN,NaN,NaN,NaN,NaN,NaN,NaN,NaN
1.024239958E2,NaN,NaN,NaN,NaN,NaN,NaN,NaN,NaN
1.024339578E2,NaN,NaN,NaN,NaN,NaN,NaN,NaN,NaN
1.024439198E2,NaN,NaN,NaN,NaN,NaN,NaN,NaN,NaN
1.024538828E2,NaN,NaN,NaN,NaN,NaN,NaN,NaN,NaN
1.024638448E2,NaN,NaN,NaN,NaN,NaN,NaN,NaN,NaN
1.024738078E2,NaN,NaN,NaN,NaN,NaN,NaN,NaN,NaN
1.024837698E2,NaN,NaN,NaN,NaN,NaN,NaN,NaN,NaN
1.024937328E2,NaN,NaN,NaN,NaN,NaN,NaN,NaN,NaN
1.025036948E2,NaN,NaN,NaN,NaN,NaN,NaN,NaN,NaN
1.025136578E2,NaN,NaN,NaN,NaN,NaN,NaN,NaN,NaN
1.025236198E2,NaN,NaN,NaN,NaN,NaN,NaN,NaN,NaN
1.025335828E2,NaN,NaN,NaN,NaN,NaN,NaN,NaN,NaN
1.025435448E2,NaN,NaN,NaN,NaN,NaN,NaN,NaN,NaN
1.025535078E2,NaN,NaN,NaN,NaN,NaN,NaN,NaN,NaN
1.025634698E2,NaN,NaN,NaN,NaN,NaN,NaN,NaN,NaN
1.025734328E2,NaN,NaN,NaN,NaN,NaN,NaN,NaN,NaN
1.025833948E2,NaN,NaN,NaN,NaN,NaN,NaN,NaN,NaN
1.025933578E2,NaN,NaN,NaN,NaN,NaN,NaN,NaN,NaN
1.026033198E2,NaN,NaN,NaN,NaN,NaN,NaN,NaN,NaN
1.026132828E2,NaN,NaN,NaN,NaN,NaN,NaN,NaN,NaN
1.026232448E2,NaN,NaN,NaN,NaN,NaN,NaN,NaN,NaN
1.026332078E2,NaN,NaN,NaN,NaN,NaN,NaN,NaN,NaN
1.026431698E2,NaN,NaN,NaN,NaN,NaN,NaN,NaN,NaN
1.026531328E2,NaN,NaN,NaN,NaN,NaN,NaN,NaN,NaN
1.026630948E2,NaN,NaN,NaN,NaN,NaN,NaN,NaN,NaN
1.026730578E2,NaN,NaN,NaN,NaN,NaN,NaN,NaN,NaN
1.026830198E2,NaN,NaN,NaN,NaN,NaN,NaN,NaN,NaN
1.026929828E2,NaN,NaN,NaN,NaN,NaN,NaN,NaN,NaN
1.027029448E2,NaN,NaN,NaN,NaN,NaN,NaN,NaN,NaN
1.027129078E2,NaN,NaN,NaN,NaN,NaN,NaN,NaN,NaN
1.027228698E2,NaN,NaN,NaN,NaN,NaN,NaN,NaN,NaN
1.027328328E2,NaN,NaN,NaN,NaN,NaN,NaN,NaN,NaN
1.027427948E2,NaN,NaN,NaN,NaN,NaN,NaN,NaN,NaN
1.027527568E2,NaN,NaN,NaN,NaN,NaN,NaN,NaN,NaN
1.027627198E2,NaN,NaN,NaN,NaN,NaN,NaN,NaN,NaN
1.027726818E2,NaN,NaN,NaN,NaN,NaN,NaN,NaN,NaN
1.027826448E2,NaN,NaN,NaN,NaN,NaN,NaN,NaN,NaN
1.027926068E2,NaN,NaN,NaN,NaN,NaN,NaN,NaN,NaN
1.028025698E2,NaN,NaN,NaN,NaN,NaN,NaN,NaN,NaN
1.028125318E2,NaN,NaN,NaN,NaN,NaN,NaN,NaN,NaN
1.028224948E2,NaN,NaN,NaN,NaN,NaN,NaN,NaN,NaN
1.028324568E2,NaN,NaN,NaN,NaN,NaN,NaN,NaN,NaN
1.028424198E2,NaN,NaN,NaN,NaN,NaN,NaN,NaN,NaN
1.028523818E2,NaN,NaN,NaN,NaN,NaN,NaN,NaN,NaN
1.028623448E2,NaN,NaN,NaN,NaN,NaN,NaN,NaN,NaN
1.028723068E2,NaN,NaN,NaN,NaN,NaN,NaN,NaN,NaN
1.028822698E2,NaN,NaN,NaN,NaN,NaN,NaN,NaN,NaN
1.028922318E2,NaN,NaN,NaN,NaN,NaN,NaN,NaN,NaN
1.029021948E2,NaN,NaN,NaN,NaN,NaN,NaN,NaN,NaN
1.029121568E2,NaN,NaN,NaN,NaN,NaN,NaN,NaN,NaN
1.029221198E2,NaN,NaN,NaN,NaN,NaN,NaN,NaN,NaN
1.029320818E2,NaN,NaN,NaN,NaN,NaN,NaN,NaN,NaN
1.029420448E2,NaN,NaN,NaN,NaN,NaN,NaN,NaN,NaN
1.029520068E2,NaN,NaN,NaN,NaN,NaN,NaN,NaN,NaN
1.029619698E2,NaN,NaN,NaN,NaN,NaN,NaN,NaN,NaN
1.029719318E2,NaN,NaN,NaN,NaN,NaN,NaN,NaN,NaN
1.029818948E2,NaN,NaN,NaN,NaN,NaN,NaN,NaN,NaN
1.029918568E2,NaN,NaN,NaN,NaN,NaN,NaN,NaN,NaN
1.030018188E2,NaN,NaN,NaN,NaN,NaN,NaN,NaN,NaN
1.030117815E2,NaN,NaN,NaN,NaN,NaN,NaN,NaN,NaN
1.030217435E2,NaN,NaN,NaN,NaN,NaN,NaN,NaN,NaN
1.030317065E2,NaN,NaN,NaN,NaN,NaN,NaN,NaN,NaN
1.030416685E2,NaN,NaN,NaN,NaN,NaN,NaN,NaN,NaN
1.030516315E2,NaN,NaN,NaN,NaN,NaN,NaN,NaN,NaN
1.030615935E2,NaN,NaN,NaN,NaN,NaN,NaN,NaN,NaN
1.030715565E2,NaN,NaN,NaN,NaN,NaN,NaN,NaN,NaN
1.030815185E2,NaN,NaN,NaN,NaN,NaN,NaN,NaN,NaN
1.030914815E2,NaN,NaN,NaN,NaN,NaN,NaN,NaN,NaN
1.031014435E2,NaN,NaN,NaN,NaN,NaN,NaN,NaN,NaN
1.031114065E2,NaN,NaN,NaN,NaN,NaN,NaN,NaN,NaN
1.031213685E2,NaN,NaN,NaN,NaN,NaN,NaN,NaN,NaN
1.031313315E2,NaN,NaN,NaN,NaN,NaN,NaN,NaN,NaN
1.031412935E2,NaN,NaN,NaN,NaN,NaN,NaN,NaN,NaN
1.031512565E2,NaN,NaN,NaN,NaN,NaN,NaN,NaN,NaN
1.031612185E2,NaN,NaN,NaN,NaN,NaN,NaN,NaN,NaN
1.031711815E2,NaN,NaN,NaN,NaN,NaN,NaN,NaN,NaN
1.031811435E2,NaN,NaN,NaN,NaN,NaN,NaN,NaN,NaN
1.031911065E2,NaN,NaN,NaN,NaN,NaN,NaN,NaN,NaN
1.032010685E2,NaN,NaN,NaN,NaN,NaN,NaN,NaN,NaN
1.032110315E2,NaN,NaN,NaN,NaN,NaN,NaN,NaN,NaN
1.032209935E2,NaN,NaN,NaN,NaN,NaN,NaN,NaN,NaN
1.032309565E2,NaN,NaN,NaN,NaN,NaN,NaN,NaN,NaN
1.032409185E2,NaN,NaN,NaN,NaN,NaN,NaN,NaN,NaN
1.032508815E2,NaN,NaN,NaN,NaN,NaN,NaN,NaN,NaN
1.032608435E2,NaN,NaN,NaN,NaN,NaN,NaN,NaN,NaN
1.032708055E2,NaN,NaN,NaN,NaN,NaN,NaN,NaN,NaN
1.032807685E2,NaN,NaN,NaN,NaN,NaN,NaN,NaN,NaN
1.032907305E2,NaN,NaN,NaN,NaN,NaN,NaN,NaN,NaN
1.033006935E2,NaN,NaN,NaN,NaN,NaN,NaN,NaN,NaN
1.033106555E2,NaN,NaN,NaN,NaN,NaN,NaN,NaN,NaN
1.033206185E2,NaN,NaN,NaN,NaN,NaN,NaN,NaN,NaN
1.033305805E2,NaN,NaN,NaN,NaN,NaN,NaN,NaN,NaN
1.033405435E2,NaN,NaN,NaN,NaN,NaN,NaN,NaN,NaN
1.033505055E2,NaN,NaN,NaN,NaN,NaN,NaN,NaN,NaN
1.033604685E2,NaN,NaN,NaN,NaN,NaN,NaN,NaN,NaN
1.033704305E2,NaN,NaN,NaN,NaN,NaN,NaN,NaN,NaN
1.033803935E2,NaN,NaN,NaN,NaN,NaN,NaN,NaN,NaN
1.033903555E2,NaN,NaN,NaN,NaN,NaN,NaN,NaN,NaN
1.034003185E2,NaN,NaN,NaN,NaN,NaN,NaN,NaN,NaN
1.034102805E2,NaN,NaN,NaN,NaN,NaN,NaN,NaN,NaN
1.034202435E2,NaN,NaN,NaN,NaN,NaN,NaN,NaN,NaN
1.034302055E2,NaN,NaN,NaN,NaN,NaN,NaN,NaN,NaN
1.034401685E2,NaN,NaN,NaN,NaN,NaN,NaN,NaN,NaN
1.034501305E2,NaN,NaN,NaN,NaN,NaN,NaN,NaN,NaN
1.034600935E2,NaN,NaN,NaN,NaN,NaN,NaN,NaN,NaN
1.034700555E2,NaN,NaN,NaN,NaN,NaN,NaN,NaN,NaN
1.034800185E2,NaN,NaN,NaN,NaN,NaN,NaN,NaN,NaN
1.034899805E2,NaN,NaN,NaN,NaN,NaN,NaN,NaN,NaN
1.034999435E2,NaN,NaN,NaN,NaN,NaN,NaN,NaN,NaN
1.035099055E2,NaN,NaN,NaN,NaN,NaN,NaN,NaN,NaN
1.035198675E2,NaN,NaN,NaN,NaN,NaN,NaN,NaN,NaN
1.035298305E2,NaN,NaN,NaN,NaN,NaN,NaN,NaN,NaN
1.035397925E2,NaN,NaN,NaN,NaN,NaN,NaN,NaN,NaN
1.035497555E2,NaN,NaN,NaN,NaN,NaN,NaN,NaN,NaN
1.035597175E2,NaN,NaN,NaN,NaN,NaN,NaN,NaN,NaN
1.035696805E2,NaN,NaN,NaN,NaN,NaN,NaN,NaN,NaN
1.035796425E2,NaN,NaN,NaN,NaN,NaN,NaN,NaN,NaN
1.035896055E2,NaN,NaN,NaN,NaN,NaN,NaN,NaN,NaN
1.035995675E2,NaN,NaN,NaN,NaN,NaN,NaN,NaN,NaN
1.036095305E2,NaN,NaN,NaN,NaN,NaN,NaN,NaN,NaN
1.036194925E2,NaN,NaN,NaN,NaN,NaN,NaN,NaN,NaN
1.036294555E2,NaN,NaN,NaN,NaN,NaN,NaN,NaN,NaN
1.036394175E2,NaN,NaN,NaN,NaN,NaN,NaN,NaN,NaN
1.036493805E2,NaN,NaN,NaN,NaN,NaN,NaN,NaN,NaN
1.036593425E2,NaN,NaN,NaN,NaN,NaN,NaN,NaN,NaN
1.036693055E2,NaN,NaN,NaN,NaN,NaN,NaN,NaN,NaN
1.036792675E2,NaN,NaN,NaN,NaN,NaN,NaN,NaN,NaN
1.036892305E2,NaN,NaN,NaN,NaN,NaN,NaN,NaN,NaN
1.036991925E2,NaN,NaN,NaN,NaN,NaN,NaN,NaN,NaN
1.037091555E2,NaN,NaN,NaN,NaN,NaN,NaN,NaN,NaN
1.037191175E2,NaN,NaN,NaN,NaN,NaN,NaN,NaN,NaN
1.037290805E2,NaN,NaN,NaN,NaN,NaN,NaN,NaN,NaN
1.037390425E2,NaN,NaN,NaN,NaN,NaN,NaN,NaN,NaN
1.037490055E2,NaN,NaN,NaN,NaN,NaN,NaN,NaN,NaN
1.037589675E2,NaN,NaN,NaN,NaN,NaN,NaN,NaN,NaN
1.037689295E2,NaN,NaN,NaN,NaN,NaN,NaN,NaN,NaN
1.037788925E2,NaN,NaN,NaN,NaN,NaN,NaN,NaN,NaN
1.037888545E2,NaN,NaN,NaN,NaN,NaN,NaN,NaN,NaN
1.037988175E2,NaN,NaN,NaN,NaN,NaN,NaN,NaN,NaN
1.038087795E2,NaN,NaN,NaN,NaN,NaN,NaN,NaN,NaN
1.038187425E2,NaN,NaN,NaN,NaN,NaN,NaN,NaN,NaN
1.038287045E2,NaN,NaN,NaN,NaN,NaN,NaN,NaN,NaN
1.038386675E2,NaN,NaN,NaN,NaN,NaN,NaN,NaN,NaN
1.038486295E2,NaN,NaN,NaN,NaN,NaN,NaN,NaN,NaN
1.038585925E2,NaN,NaN,NaN,NaN,NaN,NaN,NaN,NaN
1.038685545E2,NaN,NaN,NaN,NaN,NaN,NaN,NaN,NaN
1.038785175E2,NaN,NaN,NaN,NaN,NaN,NaN,NaN,NaN
1.038884795E2,NaN,NaN,NaN,NaN,NaN,NaN,NaN,NaN
1.038984425E2,NaN,NaN,NaN,NaN,NaN,NaN,NaN,NaN
1.039084045E2,NaN,NaN,NaN,NaN,NaN,NaN,NaN,NaN
1.039183675E2,NaN,NaN,NaN,NaN,NaN,NaN,NaN,NaN
1.039283295E2,NaN,NaN,NaN,NaN,NaN,NaN,NaN,NaN
1.039382925E2,NaN,NaN,NaN,NaN,NaN,NaN,NaN,NaN
1.039482545E2,NaN,NaN,NaN,NaN,NaN,NaN,NaN,NaN
1.039582175E2,NaN,NaN,NaN,NaN,NaN,NaN,NaN,NaN
1.039681795E2,NaN,NaN,NaN,NaN,NaN,NaN,NaN,NaN
1.039781425E2,NaN,NaN,NaN,NaN,NaN,NaN,NaN,NaN
1.039881045E2,NaN,NaN,NaN,NaN,NaN,NaN,NaN,NaN
1.039980675E2,NaN,NaN,NaN,NaN,NaN,NaN,NaN,NaN
1.040080295E2,NaN,NaN,NaN,NaN,NaN,NaN,NaN,NaN
1.040179916E2,NaN,NaN,NaN,NaN,NaN,NaN,NaN,NaN
1.040279546E2,NaN,NaN,NaN,NaN,NaN,NaN,NaN,NaN
1.040379166E2,NaN,NaN,NaN,NaN,NaN,NaN,NaN,NaN
1.040478796E2,NaN,NaN,NaN,NaN,NaN,NaN,NaN,NaN
1.040578416E2,NaN,NaN,NaN,NaN,NaN,NaN,NaN,NaN
1.040678046E2,NaN,NaN,NaN,NaN,NaN,NaN,NaN,NaN
1.040777666E2,NaN,NaN,NaN,NaN,NaN,NaN,NaN,NaN
1.040877296E2,NaN,NaN,NaN,NaN,NaN,NaN,NaN,NaN
1.040976916E2,NaN,NaN,NaN,NaN,NaN,NaN,NaN,NaN
1.041076546E2,NaN,NaN,NaN,NaN,NaN,NaN,NaN,NaN
1.041176166E2,NaN,NaN,NaN,NaN,NaN,NaN,NaN,NaN
1.041275796E2,NaN,NaN,NaN,NaN,NaN,NaN,NaN,NaN
1.041375416E2,NaN,NaN,NaN,NaN,NaN,NaN,NaN,NaN
1.041475046E2,NaN,NaN,NaN,NaN,NaN,NaN,NaN,NaN
1.041574666E2,NaN,NaN,NaN,NaN,NaN,NaN,NaN,NaN
1.041674296E2,NaN,NaN,NaN,NaN,NaN,NaN,NaN,NaN
1.041773916E2,NaN,NaN,NaN,NaN,NaN,NaN,NaN,NaN
1.041873546E2,NaN,NaN,NaN,NaN,NaN,NaN,NaN,NaN
1.041973166E2,NaN,NaN,NaN,NaN,NaN,NaN,NaN,NaN
1.042072796E2,NaN,NaN,NaN,NaN,NaN,NaN,NaN,NaN
1.042172416E2,NaN,NaN,NaN,NaN,NaN,NaN,NaN,NaN
1.042272036E2,NaN,NaN,NaN,NaN,NaN,NaN,NaN,NaN
1.042371666E2,NaN,NaN,NaN,NaN,NaN,NaN,NaN,NaN
1.042471286E2,NaN,NaN,NaN,NaN,NaN,NaN,NaN,NaN
1.042570916E2,NaN,NaN,NaN,NaN,NaN,NaN,NaN,NaN
1.042670536E2,NaN,NaN,NaN,NaN,NaN,NaN,NaN,NaN
1.042770166E2,NaN,NaN,NaN,NaN,NaN,NaN,NaN,NaN
1.042869786E2,NaN,NaN,NaN,NaN,NaN,NaN,NaN,NaN
1.042969416E2,NaN,NaN,NaN,NaN,NaN,NaN,NaN,NaN
1.043069036E2,NaN,NaN,NaN,NaN,NaN,NaN,NaN,NaN
1.043168666E2,NaN,NaN,NaN,NaN,NaN,NaN,NaN,NaN
1.043268286E2,NaN,NaN,NaN,NaN,NaN,NaN,NaN,NaN
1.043367916E2,NaN,NaN,NaN,NaN,NaN,NaN,NaN,NaN
1.043467536E2,NaN,NaN,NaN,NaN,NaN,NaN,NaN,NaN
1.043567166E2,NaN,NaN,NaN,NaN,NaN,NaN,NaN,NaN
1.043666786E2,NaN,NaN,NaN,NaN,NaN,NaN,NaN,NaN
1.043766416E2,NaN,NaN,NaN,NaN,NaN,NaN,NaN,NaN
1.043866036E2,NaN,NaN,NaN,NaN,NaN,NaN,NaN,NaN
1.043965666E2,NaN,NaN,NaN,NaN,NaN,NaN,NaN,NaN
1.044065286E2,NaN,NaN,NaN,NaN,NaN,NaN,NaN,NaN
1.044164916E2,NaN,NaN,NaN,NaN,NaN,NaN,NaN,NaN
1.044264536E2,NaN,NaN,NaN,NaN,NaN,NaN,NaN,NaN
1.044364166E2,NaN,NaN,NaN,NaN,NaN,NaN,NaN,NaN
1.044463786E2,NaN,NaN,NaN,NaN,NaN,NaN,NaN,NaN
1.044563406E2,NaN,NaN,NaN,NaN,NaN,NaN,NaN,NaN
1.044663036E2,NaN,NaN,NaN,NaN,NaN,NaN,NaN,NaN
1.044762656E2,NaN,NaN,NaN,NaN,NaN,NaN,NaN,NaN
1.044862286E2,NaN,NaN,NaN,NaN,NaN,NaN,NaN,NaN
1.044961906E2,NaN,NaN,NaN,NaN,NaN,NaN,NaN,NaN
1.045061536E2,NaN,NaN,NaN,NaN,NaN,NaN,NaN,NaN
1.045161156E2,NaN,NaN,NaN,NaN,NaN,NaN,NaN,NaN
1.045260786E2,NaN,NaN,NaN,NaN,NaN,NaN,NaN,NaN
1.045360406E2,NaN,NaN,NaN,NaN,NaN,NaN,NaN,NaN
1.045460036E2,NaN,NaN,NaN,NaN,NaN,NaN,NaN,NaN
1.045559656E2,NaN,NaN,NaN,NaN,NaN,NaN,NaN,NaN
1.045659286E2,NaN,NaN,NaN,NaN,NaN,NaN,NaN,NaN
1.045758906E2,NaN,NaN,NaN,NaN,NaN,NaN,NaN,NaN
1.045858536E2,NaN,NaN,NaN,NaN,NaN,NaN,NaN,NaN
1.045958156E2,NaN,NaN,NaN,NaN,NaN,NaN,NaN,NaN
1.046057786E2,NaN,NaN,NaN,NaN,NaN,NaN,NaN,NaN
1.046157406E2,NaN,NaN,NaN,NaN,NaN,NaN,NaN,NaN
1.046257036E2,NaN,NaN,NaN,NaN,NaN,NaN,NaN,NaN
1.046356656E2,NaN,NaN,NaN,NaN,NaN,NaN,NaN,NaN
1.046456286E2,NaN,NaN,NaN,NaN,NaN,NaN,NaN,NaN
1.046555906E2,NaN,NaN,NaN,NaN,NaN,NaN,NaN,NaN
1.046655526E2,NaN,NaN,NaN,NaN,NaN,NaN,NaN,NaN
1.046755156E2,NaN,NaN,NaN,NaN,NaN,NaN,NaN,NaN
1.046854776E2,NaN,NaN,NaN,NaN,NaN,NaN,NaN,NaN
1.046954406E2,NaN,NaN,NaN,NaN,NaN,NaN,NaN,NaN
1.047054026E2,NaN,NaN,NaN,NaN,NaN,NaN,NaN,NaN
1.047153656E2,NaN,NaN,NaN,NaN,NaN,NaN,NaN,NaN
1.047253276E2,NaN,NaN,NaN,NaN,NaN,NaN,NaN,NaN
1.047352906E2,NaN,NaN,NaN,NaN,NaN,NaN,NaN,NaN
1.047452526E2,NaN,NaN,NaN,NaN,NaN,NaN,NaN,NaN
1.047552156E2,NaN,NaN,NaN,NaN,NaN,NaN,NaN,NaN
1.047651776E2,NaN,NaN,NaN,NaN,NaN,NaN,NaN,NaN
1.047751406E2,NaN,NaN,NaN,NaN,NaN,NaN,NaN,NaN
1.047851026E2,NaN,NaN,NaN,NaN,NaN,NaN,NaN,NaN
1.047950656E2,NaN,NaN,NaN,NaN,NaN,NaN,NaN,NaN
1.048050276E2,NaN,NaN,NaN,NaN,NaN,NaN,NaN,NaN
1.048149906E2,NaN,NaN,NaN,NaN,NaN,NaN,NaN,NaN
1.048249526E2,NaN,NaN,NaN,NaN,NaN,NaN,NaN,NaN
1.048349156E2,NaN,NaN,NaN,NaN,NaN,NaN,NaN,NaN
1.048448776E2,NaN,NaN,NaN,NaN,NaN,NaN,NaN,NaN
1.048548406E2,NaN,NaN,NaN,NaN,NaN,NaN,NaN,NaN
1.048648026E2,NaN,NaN,NaN,NaN,NaN,NaN,NaN,NaN
1.048747646E2,NaN,NaN,NaN,NaN,NaN,NaN,NaN,NaN
1.048847276E2,NaN,NaN,NaN,NaN,NaN,NaN,NaN,NaN
1.048946896E2,NaN,NaN,NaN,NaN,NaN,NaN,NaN,NaN
1.049046526E2,NaN,NaN,NaN,NaN,NaN,NaN,NaN,NaN
1.049146146E2,NaN,NaN,NaN,NaN,NaN,NaN,NaN,NaN
1.049245776E2,NaN,NaN,NaN,NaN,NaN,NaN,NaN,NaN
1.049345396E2,NaN,NaN,NaN,NaN,NaN,NaN,NaN,NaN
1.049445026E2,NaN,NaN,NaN,NaN,NaN,NaN,NaN,NaN
1.049544646E2,NaN,NaN,NaN,NaN,NaN,NaN,NaN,NaN
1.049644276E2,NaN,NaN,NaN,NaN,NaN,NaN,NaN,NaN
1.049743896E2,NaN,NaN,NaN,NaN,NaN,NaN,NaN,NaN
1.049843526E2,NaN,NaN,NaN,NaN,NaN,NaN,NaN,NaN
1.049943146E2,NaN,NaN,NaN,NaN,NaN,NaN,NaN,NaN
1.050042776E2,NaN,NaN,NaN,NaN,NaN,NaN,NaN,NaN
1.050142398E2,NaN,NaN,NaN,NaN,NaN,NaN,NaN,NaN
1.050242028E2,NaN,NaN,NaN,NaN,NaN,NaN,NaN,NaN
1.050341648E2,NaN,NaN,NaN,NaN,NaN,NaN,NaN,NaN
1.050441278E2,NaN,NaN,NaN,NaN,NaN,NaN,NaN,NaN
1.050540898E2,NaN,NaN,NaN,NaN,NaN,NaN,NaN,NaN
1.050640528E2,NaN,NaN,NaN,NaN,NaN,NaN,NaN,NaN
1.050740148E2,NaN,NaN,NaN,NaN,NaN,NaN,NaN,NaN
1.050839768E2,NaN,NaN,NaN,NaN,NaN,NaN,NaN,NaN
1.050939398E2,NaN,NaN,NaN,NaN,NaN,NaN,NaN,NaN
1.051039018E2,NaN,NaN,NaN,NaN,NaN,NaN,NaN,NaN
1.051138648E2,NaN,NaN,NaN,NaN,NaN,NaN,NaN,NaN
1.051238268E2,NaN,NaN,NaN,NaN,NaN,NaN,NaN,NaN
1.051337898E2,NaN,NaN,NaN,NaN,NaN,NaN,NaN,NaN
1.051437518E2,NaN,NaN,NaN,NaN,NaN,NaN,NaN,NaN
1.051537148E2,NaN,NaN,NaN,NaN,NaN,NaN,NaN,NaN
1.051636768E2,NaN,NaN,NaN,NaN,NaN,NaN,NaN,NaN
1.051736398E2,NaN,NaN,NaN,NaN,NaN,NaN,NaN,NaN
1.051836018E2,NaN,NaN,NaN,NaN,NaN,NaN,NaN,NaN
1.051935648E2,NaN,NaN,NaN,NaN,NaN,NaN,NaN,NaN
1.052035268E2,NaN,NaN,NaN,NaN,NaN,NaN,NaN,NaN
1.052134898E2,NaN,NaN,NaN,NaN,NaN,NaN,NaN,NaN
1.052234518E2,NaN,NaN,NaN,NaN,NaN,NaN,NaN,NaN
1.052334148E2,NaN,NaN,NaN,NaN,NaN,NaN,NaN,NaN
1.052433768E2,NaN,NaN,NaN,NaN,NaN,NaN,NaN,NaN
1.052533398E2,NaN,NaN,NaN,NaN,NaN,NaN,NaN,NaN
1.052633018E2,NaN,NaN,NaN,NaN,NaN,NaN,NaN,NaN
1.052732648E2,NaN,NaN,NaN,NaN,NaN,NaN,NaN,NaN
1.052832268E2,NaN,NaN,NaN,NaN,NaN,NaN,NaN,NaN
1.052931898E2,NaN,NaN,NaN,NaN,NaN,NaN,NaN,NaN
1.053031518E2,NaN,NaN,NaN,NaN,NaN,NaN,NaN,NaN
1.053131138E2,NaN,NaN,NaN,NaN,NaN,NaN,NaN,NaN
1.053230768E2,NaN,NaN,NaN,NaN,NaN,NaN,NaN,NaN
1.053330388E2,NaN,NaN,NaN,NaN,NaN,NaN,NaN,NaN
1.053430018E2,NaN,NaN,NaN,NaN,NaN,NaN,NaN,NaN
1.053529638E2,NaN,NaN,NaN,NaN,NaN,NaN,NaN,NaN
1.053629268E2,NaN,NaN,NaN,NaN,NaN,NaN,NaN,NaN
1.053728888E2,NaN,NaN,NaN,NaN,NaN,NaN,NaN,NaN
1.053828518E2,NaN,NaN,NaN,NaN,NaN,NaN,NaN,NaN
1.053928138E2,NaN,NaN,NaN,NaN,NaN,NaN,NaN,NaN
1.054027768E2,NaN,NaN,NaN,NaN,NaN,NaN,NaN,NaN
1.054127388E2,NaN,NaN,NaN,NaN,NaN,NaN,NaN,NaN
1.054227018E2,NaN,NaN,NaN,NaN,NaN,NaN,NaN,NaN
1.054326638E2,NaN,NaN,NaN,NaN,NaN,NaN,NaN,NaN
1.054426268E2,NaN,NaN,NaN,NaN,NaN,NaN,NaN,NaN
1.054525888E2,NaN,NaN,NaN,NaN,NaN,NaN,NaN,NaN
1.054625518E2,NaN,NaN,NaN,NaN,NaN,NaN,NaN,NaN
1.054725138E2,NaN,NaN,NaN,NaN,NaN,NaN,NaN,NaN
1.054824768E2,NaN,NaN,NaN,NaN,NaN,NaN,NaN,NaN
1.054924388E2,NaN,NaN,NaN,NaN,NaN,NaN,NaN,NaN
1.055024008E2,NaN,NaN,NaN,NaN,NaN,NaN,NaN,NaN
1.055123638E2,NaN,NaN,NaN,NaN,NaN,NaN,NaN,NaN
1.055223258E2,NaN,NaN,NaN,NaN,NaN,NaN,NaN,NaN
1.055322888E2,NaN,NaN,NaN,NaN,NaN,NaN,NaN,NaN
1.055422508E2,NaN,NaN,NaN,NaN,NaN,NaN,NaN,NaN
1.055522138E2,NaN,NaN,NaN,NaN,NaN,NaN,NaN,NaN
1.055621758E2,NaN,NaN,NaN,NaN,NaN,NaN,NaN,NaN
1.055721388E2,NaN,NaN,NaN,NaN,NaN,NaN,NaN,NaN
1.055821008E2,NaN,NaN,NaN,NaN,NaN,NaN,NaN,NaN
1.055920638E2,NaN,NaN,NaN,NaN,NaN,NaN,NaN,NaN
1.056020258E2,NaN,NaN,NaN,NaN,NaN,NaN,NaN,NaN
1.056119888E2,NaN,NaN,NaN,NaN,NaN,NaN,NaN,NaN
1.056219508E2,NaN,NaN,NaN,NaN,NaN,NaN,NaN,NaN
1.056319138E2,NaN,NaN,NaN,NaN,NaN,NaN,NaN,NaN
1.056418758E2,NaN,NaN,NaN,NaN,NaN,NaN,NaN,NaN
1.056518388E2,NaN,NaN,NaN,NaN,NaN,NaN,NaN,NaN
1.056618008E2,NaN,NaN,NaN,NaN,NaN,NaN,NaN,NaN
1.056717638E2,NaN,NaN,NaN,NaN,NaN,NaN,NaN,NaN
1.056817258E2,NaN,NaN,NaN,NaN,NaN,NaN,NaN,NaN
1.056916878E2,NaN,NaN,NaN,NaN,NaN,NaN,NaN,NaN
1.057016508E2,NaN,NaN,NaN,NaN,NaN,NaN,NaN,NaN
1.057116128E2,NaN,NaN,NaN,NaN,NaN,NaN,NaN,NaN
1.057215758E2,NaN,NaN,NaN,NaN,NaN,NaN,NaN,NaN
1.057315378E2,NaN,NaN,NaN,NaN,NaN,NaN,NaN,NaN
1.057415008E2,NaN,NaN,NaN,NaN,NaN,NaN,NaN,NaN
1.057514628E2,NaN,NaN,NaN,NaN,NaN,NaN,NaN,NaN
1.057614258E2,NaN,NaN,NaN,NaN,NaN,NaN,NaN,NaN
1.057713878E2,NaN,NaN,NaN,NaN,NaN,NaN,NaN,NaN
1.057813508E2,NaN,NaN,NaN,NaN,NaN,NaN,NaN,NaN
1.057913128E2,NaN,NaN,NaN,NaN,NaN,NaN,NaN,NaN
1.058012758E2,NaN,NaN,NaN,NaN,NaN,NaN,NaN,NaN
1.058112378E2,NaN,NaN,NaN,NaN,NaN,NaN,NaN,NaN
1.058212008E2,NaN,NaN,NaN,NaN,NaN,NaN,NaN,NaN
1.058311628E2,NaN,NaN,NaN,NaN,NaN,NaN,NaN,NaN
1.058411258E2,NaN,NaN,NaN,NaN,NaN,NaN,NaN,NaN
1.058510878E2,NaN,NaN,NaN,NaN,NaN,NaN,NaN,NaN
1.058610508E2,NaN,NaN,NaN,NaN,NaN,NaN,NaN,NaN
1.058710128E2,NaN,NaN,NaN,NaN,NaN,NaN,NaN,NaN
1.058809748E2,NaN,NaN,NaN,NaN,NaN,NaN,NaN,NaN
1.058909378E2,NaN,NaN,NaN,NaN,NaN,NaN,NaN,NaN
1.059008998E2,NaN,NaN,NaN,NaN,NaN,NaN,NaN,NaN
1.059108628E2,NaN,NaN,NaN,NaN,NaN,NaN,NaN,NaN
1.059208248E2,NaN,NaN,NaN,NaN,NaN,NaN,NaN,NaN
1.059307878E2,NaN,NaN,NaN,NaN,NaN,NaN,NaN,NaN
1.059407498E2,NaN,NaN,NaN,NaN,NaN,NaN,NaN,NaN
1.059507128E2,NaN,NaN,NaN,NaN,NaN,NaN,NaN,NaN
1.059606748E2,NaN,NaN,NaN,NaN,NaN,NaN,NaN,NaN
1.059706378E2,NaN,NaN,NaN,NaN,NaN,NaN,NaN,NaN
1.059805998E2,NaN,NaN,NaN,NaN,NaN,NaN,NaN,NaN
1.059905628E2,NaN,NaN,NaN,NaN,NaN,NaN,NaN,NaN
1.060005248E2,NaN,NaN,NaN,NaN,NaN,NaN,NaN,NaN
1.060104878E2,NaN,NaN,NaN,NaN,NaN,NaN,NaN,NaN
1.060204501E2,NaN,NaN,NaN,NaN,NaN,NaN,NaN,NaN
1.060304131E2,NaN,NaN,NaN,NaN,NaN,NaN,NaN,NaN
1.060403751E2,NaN,NaN,NaN,NaN,NaN,NaN,NaN,NaN
1.060503371E2,NaN,NaN,NaN,NaN,NaN,NaN,NaN,NaN
1.060603001E2,NaN,NaN,NaN,NaN,NaN,NaN,NaN,NaN
1.060702621E2,NaN,NaN,NaN,NaN,NaN,NaN,NaN,NaN
1.060802251E2,NaN,NaN,NaN,NaN,NaN,NaN,NaN,NaN
1.060901871E2,NaN,NaN,NaN,NaN,NaN,NaN,NaN,NaN
1.061001501E2,NaN,NaN,NaN,NaN,NaN,NaN,NaN,NaN
1.061101121E2,NaN,NaN,NaN,NaN,NaN,NaN,NaN,NaN
1.061200751E2,NaN,NaN,NaN,NaN,NaN,NaN,NaN,NaN
1.061300371E2,NaN,NaN,NaN,NaN,NaN,NaN,NaN,NaN
1.061400001E2,NaN,NaN,NaN,NaN,NaN,NaN,NaN,NaN
1.061499621E2,NaN,NaN,NaN,NaN,NaN,NaN,NaN,NaN
1.061599251E2,NaN,NaN,NaN,NaN,NaN,NaN,NaN,NaN
1.061698871E2,NaN,NaN,NaN,NaN,NaN,NaN,NaN,NaN
1.061798501E2,NaN,NaN,NaN,NaN,NaN,NaN,NaN,NaN
1.061898121E2,NaN,NaN,NaN,NaN,NaN,NaN,NaN,NaN
1.061997751E2,NaN,NaN,NaN,NaN,NaN,NaN,NaN,NaN
1.062097371E2,NaN,NaN,NaN,NaN,NaN,NaN,NaN,NaN
1.062197001E2,NaN,NaN,NaN,NaN,NaN,NaN,NaN,NaN
1.062296621E2,NaN,NaN,NaN,NaN,NaN,NaN,NaN,NaN
1.062396251E2,NaN,NaN,NaN,NaN,NaN,NaN,NaN,NaN
1.062495871E2,NaN,NaN,NaN,NaN,NaN,NaN,NaN,NaN
1.062595491E2,NaN,NaN,NaN,NaN,NaN,NaN,NaN,NaN
1.062695121E2,NaN,NaN,NaN,NaN,NaN,NaN,NaN,NaN
1.062794741E2,NaN,NaN,NaN,NaN,NaN,NaN,NaN,NaN
1.062894371E2,NaN,NaN,NaN,NaN,NaN,NaN,NaN,NaN
1.062993991E2,NaN,NaN,NaN,NaN,NaN,NaN,NaN,NaN
1.063093621E2,NaN,NaN,NaN,NaN,NaN,NaN,NaN,NaN
1.063193241E2,NaN,NaN,NaN,NaN,NaN,NaN,NaN,NaN
1.063292871E2,NaN,NaN,NaN,NaN,NaN,NaN,NaN,NaN
1.063392491E2,NaN,NaN,NaN,NaN,NaN,NaN,NaN,NaN
1.063492121E2,NaN,NaN,NaN,NaN,NaN,NaN,NaN,NaN
1.063591741E2,NaN,NaN,NaN,NaN,NaN,NaN,NaN,NaN
1.063691371E2,NaN,NaN,NaN,NaN,NaN,NaN,NaN,NaN
1.063790991E2,NaN,NaN,NaN,NaN,NaN,NaN,NaN,NaN
1.063890621E2,NaN,NaN,NaN,NaN,NaN,NaN,NaN,NaN
1.063990241E2,NaN,NaN,NaN,NaN,NaN,NaN,NaN,NaN
1.064089871E2,NaN,NaN,NaN,NaN,NaN,NaN,NaN,NaN
1.064189491E2,NaN,NaN,NaN,NaN,NaN,NaN,NaN,NaN
1.064289121E2,NaN,NaN,NaN,NaN,NaN,NaN,NaN,NaN
1.064388741E2,NaN,NaN,NaN,NaN,NaN,NaN,NaN,NaN
1.064488361E2,NaN,NaN,NaN,NaN,NaN,NaN,NaN,NaN
1.064587991E2,NaN,NaN,NaN,NaN,NaN,NaN,NaN,NaN
1.064687611E2,NaN,NaN,NaN,NaN,NaN,NaN,NaN,NaN
1.064787241E2,NaN,NaN,NaN,NaN,NaN,NaN,NaN,NaN
1.064886861E2,NaN,NaN,NaN,NaN,NaN,NaN,NaN,NaN
1.064986491E2,NaN,NaN,NaN,NaN,NaN,NaN,NaN,NaN
1.065086111E2,NaN,NaN,NaN,NaN,NaN,NaN,NaN,NaN
1.065185741E2,NaN,NaN,NaN,NaN,NaN,NaN,NaN,NaN
1.065285361E2,NaN,NaN,NaN,NaN,NaN,NaN,NaN,NaN
1.065384991E2,NaN,NaN,NaN,NaN,NaN,NaN,NaN,NaN
1.065484611E2,NaN,NaN,NaN,NaN,NaN,NaN,NaN,NaN
1.065584241E2,NaN,NaN,NaN,NaN,NaN,NaN,NaN,NaN
1.065683861E2,NaN,NaN,NaN,NaN,NaN,NaN,NaN,NaN
1.065783491E2,NaN,NaN,NaN,NaN,NaN,NaN,NaN,NaN
1.065883111E2,NaN,NaN,NaN,NaN,NaN,NaN,NaN,NaN
1.065982741E2,NaN,NaN,NaN,NaN,NaN,NaN,NaN,NaN
1.066082361E2,NaN,NaN,NaN,NaN,NaN,NaN,NaN,NaN
1.066181991E2,NaN,NaN,NaN,NaN,NaN,NaN,NaN,NaN
1.066281611E2,NaN,NaN,NaN,NaN,NaN,NaN,NaN,NaN
1.066381231E2,NaN,NaN,NaN,NaN,NaN,NaN,NaN,NaN
1.066480861E2,NaN,NaN,NaN,NaN,NaN,NaN,NaN,NaN
1.066580481E2,NaN,NaN,NaN,NaN,NaN,NaN,NaN,NaN
1.066680111E2,NaN,NaN,NaN,NaN,NaN,NaN,NaN,NaN
1.066779731E2,NaN,NaN,NaN,NaN,NaN,NaN,NaN,NaN
1.066879361E2,NaN,NaN,NaN,NaN,NaN,NaN,NaN,NaN
1.066978981E2,NaN,NaN,NaN,NaN,NaN,NaN,NaN,NaN
1.067078611E2,NaN,NaN,NaN,NaN,NaN,NaN,NaN,NaN
1.067178231E2,NaN,NaN,NaN,NaN,NaN,NaN,NaN,NaN
1.067277861E2,NaN,NaN,NaN,NaN,NaN,NaN,NaN,NaN
1.067377481E2,NaN,NaN,NaN,NaN,NaN,NaN,NaN,NaN
1.067477111E2,NaN,NaN,NaN,NaN,NaN,NaN,NaN,NaN
1.067576731E2,NaN,NaN,NaN,NaN,NaN,NaN,NaN,NaN
1.067676361E2,NaN,NaN,NaN,NaN,NaN,NaN,NaN,NaN
1.067775981E2,NaN,NaN,NaN,NaN,NaN,NaN,NaN,NaN
1.067875611E2,NaN,NaN,NaN,NaN,NaN,NaN,NaN,NaN
1.067975231E2,NaN,NaN,NaN,NaN,NaN,NaN,NaN,NaN
1.068074851E2,NaN,NaN,NaN,NaN,NaN,NaN,NaN,NaN
1.068174481E2,NaN,NaN,NaN,NaN,NaN,NaN,NaN,NaN
1.068274101E2,NaN,NaN,NaN,NaN,NaN,NaN,NaN,NaN
1.068373731E2,NaN,NaN,NaN,NaN,NaN,NaN,NaN,NaN
1.068473351E2,NaN,NaN,NaN,NaN,NaN,NaN,NaN,NaN
1.068572981E2,NaN,NaN,NaN,NaN,NaN,NaN,NaN,NaN
1.068672601E2,NaN,NaN,NaN,NaN,NaN,NaN,NaN,NaN
1.068772231E2,NaN,NaN,NaN,NaN,NaN,NaN,NaN,NaN
1.068871851E2,NaN,NaN,NaN,NaN,NaN,NaN,NaN,NaN
1.068971481E2,NaN,NaN,NaN,NaN,NaN,NaN,NaN,NaN
1.069071101E2,NaN,NaN,NaN,NaN,NaN,NaN,NaN,NaN
1.069170731E2,NaN,NaN,NaN,NaN,NaN,NaN,NaN,NaN
1.069270351E2,NaN,NaN,NaN,NaN,NaN,NaN,NaN,NaN
1.069369981E2,NaN,NaN,NaN,NaN,NaN,NaN,NaN,NaN
1.069469601E2,NaN,NaN,NaN,NaN,NaN,NaN,NaN,NaN
1.069569231E2,NaN,NaN,NaN,NaN,NaN,NaN,NaN,NaN
1.069668851E2,NaN,NaN,NaN,NaN,NaN,NaN,NaN,NaN
1.069768471E2,NaN,NaN,NaN,NaN,NaN,NaN,NaN,NaN
1.069868101E2,NaN,NaN,NaN,NaN,NaN,NaN,NaN,NaN
1.069967721E2,NaN,NaN,NaN,NaN,NaN,NaN,NaN,NaN
1.070067351E2,NaN,NaN,NaN,NaN,NaN,NaN,NaN,NaN
1.070166968E2,NaN,NaN,NaN,NaN,NaN,NaN,NaN,NaN
1.070266598E2,NaN,NaN,NaN,NaN,NaN,NaN,NaN,NaN
1.070366218E2,NaN,NaN,NaN,NaN,NaN,NaN,NaN,NaN
1.070465848E2,NaN,NaN,NaN,NaN,NaN,NaN,NaN,NaN
1.070565468E2,NaN,NaN,NaN,NaN,NaN,NaN,NaN,NaN
1.070665098E2,NaN,NaN,NaN,NaN,NaN,NaN,NaN,NaN
1.070764718E2,NaN,NaN,NaN,NaN,NaN,NaN,NaN,NaN
1.070864348E2,NaN,NaN,NaN,NaN,NaN,NaN,NaN,NaN
1.070963968E2,NaN,NaN,NaN,NaN,NaN,NaN,NaN,NaN
1.071063598E2,NaN,NaN,NaN,NaN,NaN,NaN,NaN,NaN
1.071163218E2,NaN,NaN,NaN,NaN,NaN,NaN,NaN,NaN
1.071262848E2,NaN,NaN,NaN,NaN,NaN,NaN,NaN,NaN
1.071362468E2,NaN,NaN,NaN,NaN,NaN,NaN,NaN,NaN
1.071462098E2,NaN,NaN,NaN,NaN,NaN,NaN,NaN,NaN
1.071561718E2,NaN,NaN,NaN,NaN,NaN,NaN,NaN,NaN
1.071661338E2,NaN,NaN,NaN,NaN,NaN,NaN,NaN,NaN
1.071760968E2,NaN,NaN,NaN,NaN,NaN,NaN,NaN,NaN
1.071860588E2,NaN,NaN,NaN,NaN,NaN,NaN,NaN,NaN
1.071960218E2,NaN,NaN,NaN,NaN,NaN,NaN,NaN,NaN
1.072059838E2,NaN,NaN,NaN,NaN,NaN,NaN,NaN,NaN
1.072159468E2,NaN,NaN,NaN,NaN,NaN,NaN,NaN,NaN
1.072259088E2,NaN,NaN,NaN,NaN,NaN,NaN,NaN,NaN
1.072358718E2,NaN,NaN,NaN,NaN,NaN,NaN,NaN,NaN
1.072458338E2,NaN,NaN,NaN,NaN,NaN,NaN,NaN,NaN
1.072557968E2,NaN,NaN,NaN,NaN,NaN,NaN,NaN,NaN
1.072657588E2,NaN,NaN,NaN,NaN,NaN,NaN,NaN,NaN
1.072757218E2,NaN,NaN,NaN,NaN,NaN,NaN,NaN,NaN
1.072856838E2,NaN,NaN,NaN,NaN,NaN,NaN,NaN,NaN
1.072956468E2,NaN,NaN,NaN,NaN,NaN,NaN,NaN,NaN
1.073056088E2,NaN,NaN,NaN,NaN,NaN,NaN,NaN,NaN
1.073155718E2,NaN,NaN,NaN,NaN,NaN,NaN,NaN,NaN
1.073255338E2,NaN,NaN,NaN,NaN,NaN,NaN,NaN,NaN
1.073354958E2,NaN,NaN,NaN,NaN,NaN,NaN,NaN,NaN
1.073454588E2,NaN,NaN,NaN,NaN,NaN,NaN,NaN,NaN
1.073554208E2,NaN,NaN,NaN,NaN,NaN,NaN,NaN,NaN
1.073653838E2,NaN,NaN,NaN,NaN,NaN,NaN,NaN,NaN
1.073753458E2,NaN,NaN,NaN,NaN,NaN,NaN,NaN,NaN
1.073853088E2,NaN,NaN,NaN,NaN,NaN,NaN,NaN,NaN
1.073952708E2,NaN,NaN,NaN,NaN,NaN,NaN,NaN,NaN
1.074052338E2,NaN,NaN,NaN,NaN,NaN,NaN,NaN,NaN
1.074151958E2,NaN,NaN,NaN,NaN,NaN,NaN,NaN,NaN
1.074251588E2,NaN,NaN,NaN,NaN,NaN,NaN,NaN,NaN
1.074351208E2,NaN,NaN,NaN,NaN,NaN,NaN,NaN,NaN
1.074450838E2,NaN,NaN,NaN,NaN,NaN,NaN,NaN,NaN
1.074550458E2,NaN,NaN,NaN,NaN,NaN,NaN,NaN,NaN
1.074650088E2,NaN,NaN,NaN,NaN,NaN,NaN,NaN,NaN
1.074749708E2,NaN,NaN,NaN,NaN,NaN,NaN,NaN,NaN
1.074849338E2,NaN,NaN,NaN,NaN,NaN,NaN,NaN,NaN
1.074948958E2,NaN,NaN,NaN,NaN,NaN,NaN,NaN,NaN
1.075048578E2,NaN,NaN,NaN,NaN,NaN,NaN,NaN,NaN
1.075148208E2,NaN,NaN,NaN,NaN,NaN,NaN,NaN,NaN
1.075247828E2,NaN,NaN,NaN,NaN,NaN,NaN,NaN,NaN
1.075347458E2,NaN,NaN,NaN,NaN,NaN,NaN,NaN,NaN
1.075447078E2,NaN,NaN,NaN,NaN,NaN,NaN,NaN,NaN
1.075546708E2,NaN,NaN,NaN,NaN,NaN,NaN,NaN,NaN
1.075646328E2,NaN,NaN,NaN,NaN,NaN,NaN,NaN,NaN
1.075745958E2,NaN,NaN,NaN,NaN,NaN,NaN,NaN,NaN
1.075845578E2,NaN,NaN,NaN,NaN,NaN,NaN,NaN,NaN
1.075945208E2,NaN,NaN,NaN,NaN,NaN,NaN,NaN,NaN
1.076044828E2,NaN,NaN,NaN,NaN,NaN,NaN,NaN,NaN
1.076144458E2,NaN,NaN,NaN,NaN,NaN,NaN,NaN,NaN
1.076244078E2,NaN,NaN,NaN,NaN,NaN,NaN,NaN,NaN
1.076343708E2,NaN,NaN,NaN,NaN,NaN,NaN,NaN,NaN
1.076443328E2,NaN,NaN,NaN,NaN,NaN,NaN,NaN,NaN
1.076542958E2,NaN,NaN,NaN,NaN,NaN,NaN,NaN,NaN
1.076642578E2,NaN,NaN,NaN,NaN,NaN,NaN,NaN,NaN
1.076742198E2,NaN,NaN,NaN,NaN,NaN,NaN,NaN,NaN
1.076841828E2,NaN,NaN,NaN,NaN,NaN,NaN,NaN,NaN
1.076941448E2,NaN,NaN,NaN,NaN,NaN,NaN,NaN,NaN
1.077041078E2,NaN,NaN,NaN,NaN,NaN,NaN,NaN,NaN
1.077140698E2,NaN,NaN,NaN,NaN,NaN,NaN,NaN,NaN
1.077240328E2,NaN,NaN,NaN,NaN,NaN,NaN,NaN,NaN
1.077339948E2,NaN,NaN,NaN,NaN,NaN,NaN,NaN,NaN
1.077439578E2,NaN,NaN,NaN,NaN,NaN,NaN,NaN,NaN
1.077539198E2,NaN,NaN,NaN,NaN,NaN,NaN,NaN,NaN
1.077638828E2,NaN,NaN,NaN,NaN,NaN,NaN,NaN,NaN
1.077738448E2,NaN,NaN,NaN,NaN,NaN,NaN,NaN,NaN
1.077838078E2,NaN,NaN,NaN,NaN,NaN,NaN,NaN,NaN
1.077937698E2,NaN,NaN,NaN,NaN,NaN,NaN,NaN,NaN
1.078037328E2,NaN,NaN,NaN,NaN,NaN,NaN,NaN,NaN
1.078136948E2,NaN,NaN,NaN,NaN,NaN,NaN,NaN,NaN
1.078236578E2,NaN,NaN,NaN,NaN,NaN,NaN,NaN,NaN
1.078336198E2,NaN,NaN,NaN,NaN,NaN,NaN,NaN,NaN
1.078435818E2,NaN,NaN,NaN,NaN,NaN,NaN,NaN,NaN
1.078535448E2,NaN,NaN,NaN,NaN,NaN,NaN,NaN,NaN
1.078635068E2,NaN,NaN,NaN,NaN,NaN,NaN,NaN,NaN
1.078734698E2,NaN,NaN,NaN,NaN,NaN,NaN,NaN,NaN
1.078834318E2,NaN,NaN,NaN,NaN,NaN,NaN,NaN,NaN
1.078933948E2,NaN,NaN,NaN,NaN,NaN,NaN,NaN,NaN
1.079033568E2,NaN,NaN,NaN,NaN,NaN,NaN,NaN,NaN
1.079133198E2,NaN,NaN,NaN,NaN,NaN,NaN,NaN,NaN
1.079232818E2,NaN,NaN,NaN,NaN,NaN,NaN,NaN,NaN
1.079332448E2,NaN,NaN,NaN,NaN,NaN,NaN,NaN,NaN
1.079432068E2,NaN,NaN,NaN,NaN,NaN,NaN,NaN,NaN
1.079531698E2,NaN,NaN,NaN,NaN,NaN,NaN,NaN,NaN
1.079631318E2,NaN,NaN,NaN,NaN,NaN,NaN,NaN,NaN
1.079730948E2,NaN,NaN,NaN,NaN,NaN,NaN,NaN,NaN
1.079830568E2,NaN,NaN,NaN,NaN,NaN,NaN,NaN,NaN
1.079930188E2,NaN,NaN,NaN,NaN,NaN,NaN,NaN,NaN
1.080029818E2,NaN,NaN,NaN,NaN,NaN,NaN,NaN,NaN
1.080129438E2,NaN,NaN,NaN,NaN,NaN,NaN,NaN,NaN
1.080229060E2,NaN,NaN,NaN,NaN,NaN,NaN,NaN,NaN
1.080328680E2,NaN,NaN,NaN,NaN,NaN,NaN,NaN,NaN
1.080428310E2,NaN,NaN,NaN,NaN,NaN,NaN,NaN,NaN
1.080527930E2,NaN,NaN,NaN,NaN,NaN,NaN,NaN,NaN
1.080627560E2,NaN,NaN,NaN,NaN,NaN,NaN,NaN,NaN
1.080727180E2,NaN,NaN,NaN,NaN,NaN,NaN,NaN,NaN
1.080826810E2,NaN,NaN,NaN,NaN,NaN,NaN,NaN,NaN
1.080926430E2,NaN,NaN,NaN,NaN,NaN,NaN,NaN,NaN
1.081026060E2,NaN,NaN,NaN,NaN,NaN,NaN,NaN,NaN
1.081125680E2,NaN,NaN,NaN,NaN,NaN,NaN,NaN,NaN
1.081225310E2,NaN,NaN,NaN,NaN,NaN,NaN,NaN,NaN
1.081324930E2,NaN,NaN,NaN,NaN,NaN,NaN,NaN,NaN
1.081424560E2,NaN,NaN,NaN,NaN,NaN,NaN,NaN,NaN
1.081524180E2,NaN,NaN,NaN,NaN,NaN,NaN,NaN,NaN
1.081623800E2,NaN,NaN,NaN,NaN,NaN,NaN,NaN,NaN
1.081723430E2,NaN,NaN,NaN,NaN,NaN,NaN,NaN,NaN
1.081823050E2,NaN,NaN,NaN,NaN,NaN,NaN,NaN,NaN
1.081922680E2,NaN,NaN,NaN,NaN,NaN,NaN,NaN,NaN
1.082022300E2,NaN,NaN,NaN,NaN,NaN,NaN,NaN,NaN
1.082121930E2,NaN,NaN,NaN,NaN,NaN,NaN,NaN,NaN
1.082221550E2,NaN,NaN,NaN,NaN,NaN,NaN,NaN,NaN
1.082321180E2,NaN,NaN,NaN,NaN,NaN,NaN,NaN,NaN
1.082420800E2,NaN,NaN,NaN,NaN,NaN,NaN,NaN,NaN
1.082520430E2,NaN,NaN,NaN,NaN,NaN,NaN,NaN,NaN
1.082620050E2,NaN,NaN,NaN,NaN,NaN,NaN,NaN,NaN
1.082719680E2,NaN,NaN,NaN,NaN,NaN,NaN,NaN,NaN
1.082819300E2,NaN,NaN,NaN,NaN,NaN,NaN,NaN,NaN
1.082918930E2,NaN,NaN,NaN,NaN,NaN,NaN,NaN,NaN
1.083018550E2,NaN,NaN,NaN,NaN,NaN,NaN,NaN,NaN
1.083118170E2,NaN,NaN,NaN,NaN,NaN,NaN,NaN,NaN
1.083217800E2,NaN,NaN,NaN,NaN,NaN,NaN,NaN,NaN
1.083317420E2,NaN,NaN,NaN,NaN,NaN,NaN,NaN,NaN
1.083417050E2,NaN,NaN,NaN,NaN,NaN,NaN,NaN,NaN
1.083516670E2,NaN,NaN,NaN,NaN,NaN,NaN,NaN,NaN
1.083616300E2,NaN,NaN,NaN,NaN,NaN,NaN,NaN,NaN
1.083715920E2,NaN,NaN,NaN,NaN,NaN,NaN,NaN,NaN
1.083815550E2,NaN,NaN,NaN,NaN,NaN,NaN,NaN,NaN
1.083915170E2,NaN,NaN,NaN,NaN,NaN,NaN,NaN,NaN
1.084014800E2,NaN,NaN,NaN,NaN,NaN,NaN,NaN,NaN
1.084114420E2,NaN,NaN,NaN,NaN,NaN,NaN,NaN,NaN
1.084214050E2,NaN,NaN,NaN,NaN,NaN,NaN,NaN,NaN
1.084313670E2,NaN,NaN,NaN,NaN,NaN,NaN,NaN,NaN
1.084413300E2,NaN,NaN,NaN,NaN,NaN,NaN,NaN,NaN
1.084512920E2,NaN,NaN,NaN,NaN,NaN,NaN,NaN,NaN
1.084612550E2,NaN,NaN,NaN,NaN,NaN,NaN,NaN,NaN
1.084712170E2,NaN,NaN,NaN,NaN,NaN,NaN,NaN,NaN
1.084811790E2,NaN,NaN,NaN,NaN,NaN,NaN,NaN,NaN
1.084911420E2,NaN,NaN,NaN,NaN,NaN,NaN,NaN,NaN
1.085011040E2,NaN,NaN,NaN,NaN,NaN,NaN,NaN,NaN
1.085110670E2,NaN,NaN,NaN,NaN,NaN,NaN,NaN,NaN
1.085210290E2,NaN,NaN,NaN,NaN,NaN,NaN,NaN,NaN
1.085309920E2,NaN,NaN,NaN,NaN,NaN,NaN,NaN,NaN
1.085409540E2,NaN,NaN,NaN,NaN,NaN,NaN,NaN,NaN
1.085509170E2,NaN,NaN,NaN,NaN,NaN,NaN,NaN,NaN
1.085608790E2,NaN,NaN,NaN,NaN,NaN,NaN,NaN,NaN
1.085708420E2,NaN,NaN,NaN,NaN,NaN,NaN,NaN,NaN
1.085808040E2,NaN,NaN,NaN,NaN,NaN,NaN,NaN,NaN
1.085907670E2,NaN,NaN,NaN,NaN,NaN,NaN,NaN,NaN
1.086007290E2,NaN,NaN,NaN,NaN,NaN,NaN,NaN,NaN
1.086106920E2,NaN,NaN,NaN,NaN,NaN,NaN,NaN,NaN
1.086206540E2,NaN,NaN,NaN,NaN,NaN,NaN,NaN,NaN
1.086306170E2,NaN,NaN,NaN,NaN,NaN,NaN,NaN,NaN
1.086405790E2,NaN,NaN,NaN,NaN,NaN,NaN,NaN,NaN
1.086505410E2,NaN,NaN,NaN,NaN,NaN,NaN,NaN,NaN
1.086605040E2,NaN,NaN,NaN,NaN,NaN,NaN,NaN,NaN
1.086704660E2,NaN,NaN,NaN,NaN,NaN,NaN,NaN,NaN
1.086804290E2,NaN,NaN,NaN,NaN,NaN,NaN,NaN,NaN
1.086903910E2,NaN,NaN,NaN,NaN,NaN,NaN,NaN,NaN
1.087003540E2,NaN,NaN,NaN,NaN,NaN,NaN,NaN,NaN
1.087103160E2,NaN,NaN,NaN,NaN,NaN,NaN,NaN,NaN
1.087202790E2,NaN,NaN,NaN,NaN,NaN,NaN,NaN,NaN
1.087302410E2,NaN,NaN,NaN,NaN,NaN,NaN,NaN,NaN
1.087402040E2,NaN,NaN,NaN,NaN,NaN,NaN,NaN,NaN
1.087501660E2,NaN,NaN,NaN,NaN,NaN,NaN,NaN,NaN
1.087601290E2,NaN,NaN,NaN,NaN,NaN,NaN,NaN,NaN
1.087700910E2,NaN,NaN,NaN,NaN,NaN,NaN,NaN,NaN
1.087800540E2,NaN,NaN,NaN,NaN,NaN,NaN,NaN,NaN
1.087900160E2,NaN,NaN,NaN,NaN,NaN,NaN,NaN,NaN
1.087999780E2,NaN,NaN,NaN,NaN,NaN,NaN,NaN,NaN
1.088099410E2,NaN,NaN,NaN,NaN,NaN,NaN,NaN,NaN
1.088199030E2,NaN,NaN,NaN,NaN,NaN,NaN,NaN,NaN
1.088298660E2,NaN,NaN,NaN,NaN,NaN,NaN,NaN,NaN
1.088398280E2,NaN,NaN,NaN,NaN,NaN,NaN,NaN,NaN
1.088497910E2,NaN,NaN,NaN,NaN,NaN,NaN,NaN,NaN
1.088597530E2,NaN,NaN,NaN,NaN,NaN,NaN,NaN,NaN
1.088697160E2,NaN,NaN,NaN,NaN,NaN,NaN,NaN,NaN
1.088796780E2,NaN,NaN,NaN,NaN,NaN,NaN,NaN,NaN
1.088896410E2,NaN,NaN,NaN,NaN,NaN,NaN,NaN,NaN
1.088996030E2,NaN,NaN,NaN,NaN,NaN,NaN,NaN,NaN
1.089095660E2,NaN,NaN,NaN,NaN,NaN,NaN,NaN,NaN
1.089195280E2,NaN,NaN,NaN,NaN,NaN,NaN,NaN,NaN
1.089294910E2,NaN,NaN,NaN,NaN,NaN,NaN,NaN,NaN
1.089394530E2,NaN,NaN,NaN,NaN,NaN,NaN,NaN,NaN
1.089494150E2,NaN,NaN,NaN,NaN,NaN,NaN,NaN,NaN
1.089593780E2,NaN,NaN,NaN,NaN,NaN,NaN,NaN,NaN
1.089693400E2,NaN,NaN,NaN,NaN,NaN,NaN,NaN,NaN
1.089793030E2,NaN,NaN,NaN,NaN,NaN,NaN,NaN,NaN
1.089892650E2,NaN,NaN,NaN,NaN,NaN,NaN,NaN,NaN
1.089992280E2,NaN,NaN,NaN,NaN,NaN,NaN,NaN,NaN
1.090091900E2,NaN,NaN,NaN,NaN,NaN,NaN,NaN,NaN
1.090191538E2,NaN,NaN,NaN,NaN,NaN,NaN,NaN,NaN
1.090291158E2,NaN,NaN,NaN,NaN,NaN,NaN,NaN,NaN
1.090390788E2,NaN,NaN,NaN,NaN,NaN,NaN,NaN,NaN
1.090490408E2,NaN,NaN,NaN,NaN,NaN,NaN,NaN,NaN
1.090590038E2,NaN,NaN,NaN,NaN,NaN,NaN,NaN,NaN
1.090689658E2,NaN,NaN,NaN,NaN,NaN,NaN,NaN,NaN
1.090789288E2,NaN,NaN,NaN,NaN,NaN,NaN,NaN,NaN
1.090888908E2,NaN,NaN,NaN,NaN,NaN,NaN,NaN,NaN
1.090988538E2,NaN,NaN,NaN,NaN,NaN,NaN,NaN,NaN
1.091088158E2,NaN,NaN,NaN,NaN,NaN,NaN,NaN,NaN
1.091187778E2,NaN,NaN,NaN,NaN,NaN,NaN,NaN,NaN
1.091287408E2,NaN,NaN,NaN,NaN,NaN,NaN,NaN,NaN
1.091387028E2,NaN,NaN,NaN,NaN,NaN,NaN,NaN,NaN
1.091486658E2,NaN,NaN,NaN,NaN,NaN,NaN,NaN,NaN
1.091586278E2,NaN,NaN,NaN,NaN,NaN,NaN,NaN,NaN
1.091685908E2,NaN,NaN,NaN,NaN,NaN,NaN,NaN,NaN
1.091785528E2,NaN,NaN,NaN,NaN,NaN,NaN,NaN,NaN
1.091885158E2,NaN,NaN,NaN,NaN,NaN,NaN,NaN,NaN
1.091984778E2,NaN,NaN,NaN,NaN,NaN,NaN,NaN,NaN
1.092084408E2,NaN,NaN,NaN,NaN,NaN,NaN,NaN,NaN
1.092184028E2,NaN,NaN,NaN,NaN,NaN,NaN,NaN,NaN
1.092283658E2,NaN,NaN,NaN,NaN,NaN,NaN,NaN,NaN
1.092383278E2,NaN,NaN,NaN,NaN,NaN,NaN,NaN,NaN
1.092482908E2,NaN,NaN,NaN,NaN,NaN,NaN,NaN,NaN
1.092582528E2,NaN,NaN,NaN,NaN,NaN,NaN,NaN,NaN
1.092682148E2,NaN,NaN,NaN,NaN,NaN,NaN,NaN,NaN
1.092781778E2,NaN,NaN,NaN,NaN,NaN,NaN,NaN,NaN
1.092881398E2,NaN,NaN,NaN,NaN,NaN,NaN,NaN,NaN
1.092981028E2,NaN,NaN,NaN,NaN,NaN,NaN,NaN,NaN
1.093080648E2,NaN,NaN,NaN,NaN,NaN,NaN,NaN,NaN
1.093180278E2,NaN,NaN,NaN,NaN,NaN,NaN,NaN,NaN
1.093279898E2,NaN,NaN,NaN,NaN,NaN,NaN,NaN,NaN
1.093379528E2,NaN,NaN,NaN,NaN,NaN,NaN,NaN,NaN
1.093479148E2,NaN,NaN,NaN,NaN,NaN,NaN,NaN,NaN
1.093578778E2,NaN,NaN,NaN,NaN,NaN,NaN,NaN,NaN
1.093678398E2,NaN,NaN,NaN,NaN,NaN,NaN,NaN,NaN
1.093778028E2,NaN,NaN,NaN,NaN,NaN,NaN,NaN,NaN
1.093877648E2,NaN,NaN,NaN,NaN,NaN,NaN,NaN,NaN
1.093977278E2,NaN,NaN,NaN,NaN,NaN,NaN,NaN,NaN
1.094076898E2,NaN,NaN,NaN,NaN,NaN,NaN,NaN,NaN
1.094176518E2,NaN,NaN,NaN,NaN,NaN,NaN,NaN,NaN
1.094276148E2,NaN,NaN,NaN,NaN,NaN,NaN,NaN,NaN
1.094375768E2,NaN,NaN,NaN,NaN,NaN,NaN,NaN,NaN
1.094475398E2,NaN,NaN,NaN,NaN,NaN,NaN,NaN,NaN
1.094575018E2,NaN,NaN,NaN,NaN,NaN,NaN,NaN,NaN
1.094674648E2,NaN,NaN,NaN,NaN,NaN,NaN,NaN,NaN
1.094774268E2,NaN,NaN,NaN,NaN,NaN,NaN,NaN,NaN
1.094873898E2,NaN,NaN,NaN,NaN,NaN,NaN,NaN,NaN
1.094973518E2,NaN,NaN,NaN,NaN,NaN,NaN,NaN,NaN
1.095073148E2,NaN,NaN,NaN,NaN,NaN,NaN,NaN,NaN
1.095172768E2,NaN,NaN,NaN,NaN,NaN,NaN,NaN,NaN
1.095272398E2,NaN,NaN,NaN,NaN,NaN,NaN,NaN,NaN
1.095372018E2,NaN,NaN,NaN,NaN,NaN,NaN,NaN,NaN
1.095471648E2,NaN,NaN,NaN,NaN,NaN,NaN,NaN,NaN
1.095571268E2,NaN,NaN,NaN,NaN,NaN,NaN,NaN,NaN
1.095670888E2,NaN,NaN,NaN,NaN,NaN,NaN,NaN,NaN
1.095770518E2,NaN,NaN,NaN,NaN,NaN,NaN,NaN,NaN
1.095870138E2,NaN,NaN,NaN,NaN,NaN,NaN,NaN,NaN
1.095969768E2,NaN,NaN,NaN,NaN,NaN,NaN,NaN,NaN
1.096069388E2,NaN,NaN,NaN,NaN,NaN,NaN,NaN,NaN
1.096169018E2,NaN,NaN,NaN,NaN,NaN,NaN,NaN,NaN
1.096268638E2,NaN,NaN,NaN,NaN,NaN,NaN,NaN,NaN
1.096368268E2,NaN,NaN,NaN,NaN,NaN,NaN,NaN,NaN
1.096467888E2,NaN,NaN,NaN,NaN,NaN,NaN,NaN,NaN
1.096567518E2,NaN,NaN,NaN,NaN,NaN,NaN,NaN,NaN
1.096667138E2,NaN,NaN,NaN,NaN,NaN,NaN,NaN,NaN
1.096766768E2,NaN,NaN,NaN,NaN,NaN,NaN,NaN,NaN
1.096866388E2,NaN,NaN,NaN,NaN,NaN,NaN,NaN,NaN
1.096966018E2,NaN,NaN,NaN,NaN,NaN,NaN,NaN,NaN
1.097065638E2,NaN,NaN,NaN,NaN,NaN,NaN,NaN,NaN
1.097165258E2,NaN,NaN,NaN,NaN,NaN,NaN,NaN,NaN
1.097264888E2,NaN,NaN,NaN,NaN,NaN,NaN,NaN,NaN
1.097364508E2,NaN,NaN,NaN,NaN,NaN,NaN,NaN,NaN
1.097464138E2,NaN,NaN,NaN,NaN,NaN,NaN,NaN,NaN
1.097563758E2,NaN,NaN,NaN,NaN,NaN,NaN,NaN,NaN
1.097663388E2,NaN,NaN,NaN,NaN,NaN,NaN,NaN,NaN
1.097763008E2,NaN,NaN,NaN,NaN,NaN,NaN,NaN,NaN
1.097862638E2,NaN,NaN,NaN,NaN,NaN,NaN,NaN,NaN
1.097962258E2,NaN,NaN,NaN,NaN,NaN,NaN,NaN,NaN
1.098061888E2,NaN,NaN,NaN,NaN,NaN,NaN,NaN,NaN
1.098161508E2,NaN,NaN,NaN,NaN,NaN,NaN,NaN,NaN
1.098261138E2,NaN,NaN,NaN,NaN,NaN,NaN,NaN,NaN
1.098360758E2,NaN,NaN,NaN,NaN,NaN,NaN,NaN,NaN
1.098460388E2,NaN,NaN,NaN,NaN,NaN,NaN,NaN,NaN
1.098560008E2,NaN,NaN,NaN,NaN,NaN,NaN,NaN,NaN
1.098659628E2,NaN,NaN,NaN,NaN,NaN,NaN,NaN,NaN
1.098759258E2,NaN,NaN,NaN,NaN,NaN,NaN,NaN,NaN
1.098858878E2,NaN,NaN,NaN,NaN,NaN,NaN,NaN,NaN
1.098958508E2,NaN,NaN,NaN,NaN,NaN,NaN,NaN,NaN
1.099058128E2,NaN,NaN,NaN,NaN,NaN,NaN,NaN,NaN
1.099157758E2,NaN,NaN,NaN,NaN,NaN,NaN,NaN,NaN
1.099257378E2,NaN,NaN,NaN,NaN,NaN,NaN,NaN,NaN
1.099357008E2,NaN,NaN,NaN,NaN,NaN,NaN,NaN,NaN
1.099456628E2,NaN,NaN,NaN,NaN,NaN,NaN,NaN,NaN
1.099556258E2,NaN,NaN,NaN,NaN,NaN,NaN,NaN,NaN
1.099655878E2,NaN,NaN,NaN,NaN,NaN,NaN,NaN,NaN
1.099755508E2,NaN,NaN,NaN,NaN,NaN,NaN,NaN,NaN
1.099855128E2,NaN,NaN,NaN,NaN,NaN,NaN,NaN,NaN
1.099954758E2,NaN,NaN,NaN,NaN,NaN,NaN,NaN,NaN
1.100054378E2,NaN,NaN,NaN,NaN,NaN,NaN,NaN,NaN
1.100153998E2,NaN,NaN,NaN,NaN,NaN,NaN,NaN,NaN
1.100253621E2,NaN,NaN,NaN,NaN,NaN,NaN,NaN,NaN
1.100353241E2,NaN,NaN,NaN,NaN,NaN,NaN,NaN,NaN
1.100452871E2,NaN,NaN,NaN,NaN,NaN,NaN,NaN,NaN
1.100552491E2,NaN,NaN,NaN,NaN,NaN,NaN,NaN,NaN
1.100652121E2,NaN,NaN,NaN,NaN,NaN,NaN,NaN,NaN
1.100751741E2,NaN,NaN,NaN,NaN,NaN,NaN,NaN,NaN
1.100851371E2,NaN,NaN,NaN,NaN,NaN,NaN,NaN,NaN
1.100950991E2,NaN,NaN,NaN,NaN,NaN,NaN,NaN,NaN
1.101050621E2,NaN,NaN,NaN,NaN,NaN,NaN,NaN,NaN
1.101150241E2,NaN,NaN,NaN,NaN,NaN,NaN,NaN,NaN
1.101249871E2,NaN,NaN,NaN,NaN,NaN,NaN,NaN,NaN
1.101349491E2,NaN,NaN,NaN,NaN,NaN,NaN,NaN,NaN
1.101449121E2,NaN,NaN,NaN,NaN,NaN,NaN,NaN,NaN
1.101548741E2,NaN,NaN,NaN,NaN,NaN,NaN,NaN,NaN
1.101648361E2,NaN,NaN,NaN,NaN,NaN,NaN,NaN,NaN
1.101747991E2,NaN,NaN,NaN,NaN,NaN,NaN,NaN,NaN
1.101847611E2,NaN,NaN,NaN,NaN,NaN,NaN,NaN,NaN
1.101947241E2,NaN,NaN,NaN,NaN,NaN,NaN,NaN,NaN
1.102046861E2,NaN,NaN,NaN,NaN,NaN,NaN,NaN,NaN
1.102146491E2,NaN,NaN,NaN,NaN,NaN,NaN,NaN,NaN
1.102246111E2,NaN,NaN,NaN,NaN,NaN,NaN,NaN,NaN
1.102345741E2,NaN,NaN,NaN,NaN,NaN,NaN,NaN,NaN
1.102445361E2,NaN,NaN,NaN,NaN,NaN,NaN,NaN,NaN
1.102544991E2,NaN,NaN,NaN,NaN,NaN,NaN,NaN,NaN
1.102644611E2,NaN,NaN,NaN,NaN,NaN,NaN,NaN,NaN
1.102744241E2,NaN,NaN,NaN,NaN,NaN,NaN,NaN,NaN
1.102843861E2,NaN,NaN,NaN,NaN,NaN,NaN,NaN,NaN
1.102943491E2,NaN,NaN,NaN,NaN,NaN,NaN,NaN,NaN
1.103043111E2,NaN,NaN,NaN,NaN,NaN,NaN,NaN,NaN
1.103142731E2,NaN,NaN,NaN,NaN,NaN,NaN,NaN,NaN
1.103242361E2,NaN,NaN,NaN,NaN,NaN,NaN,NaN,NaN
1.103341981E2,NaN,NaN,NaN,NaN,NaN,NaN,NaN,NaN
1.103441611E2,NaN,NaN,NaN,NaN,NaN,NaN,NaN,NaN
1.103541231E2,NaN,NaN,NaN,NaN,NaN,NaN,NaN,NaN
1.103640861E2,NaN,NaN,NaN,NaN,NaN,NaN,NaN,NaN
1.103740481E2,NaN,NaN,NaN,NaN,NaN,NaN,NaN,NaN
1.103840111E2,NaN,NaN,NaN,NaN,NaN,NaN,NaN,NaN
1.103939731E2,NaN,NaN,NaN,NaN,NaN,NaN,NaN,NaN
1.104039361E2,NaN,NaN,NaN,NaN,NaN,NaN,NaN,NaN
1.104138981E2,NaN,NaN,NaN,NaN,NaN,NaN,NaN,NaN
1.104238611E2,NaN,NaN,NaN,NaN,NaN,NaN,NaN,NaN
1.104338231E2,NaN,NaN,NaN,NaN,NaN,NaN,NaN,NaN
1.104437861E2,NaN,NaN,NaN,NaN,NaN,NaN,NaN,NaN
1.104537481E2,NaN,NaN,NaN,NaN,NaN,NaN,NaN,NaN
1.104637101E2,NaN,NaN,NaN,NaN,NaN,NaN,NaN,NaN
1.104736731E2,NaN,NaN,NaN,NaN,NaN,NaN,NaN,NaN
1.104836351E2,NaN,NaN,NaN,NaN,NaN,NaN,NaN,NaN
1.104935981E2,NaN,NaN,NaN,NaN,NaN,NaN,NaN,NaN
1.105035601E2,NaN,NaN,NaN,NaN,NaN,NaN,NaN,NaN
1.105135231E2,NaN,NaN,NaN,NaN,NaN,NaN,NaN,NaN
1.105234851E2,NaN,NaN,NaN,NaN,NaN,NaN,NaN,NaN
1.105334481E2,NaN,NaN,NaN,NaN,NaN,NaN,NaN,NaN
1.105434101E2,NaN,NaN,NaN,NaN,NaN,NaN,NaN,NaN
1.105533731E2,NaN,NaN,NaN,NaN,NaN,NaN,NaN,NaN
1.105633351E2,NaN,NaN,NaN,NaN,NaN,NaN,NaN,NaN
1.105732981E2,NaN,NaN,NaN,NaN,NaN,NaN,NaN,NaN
1.105832601E2,NaN,NaN,NaN,NaN,NaN,NaN,NaN,NaN
1.105932221E2,NaN,NaN,NaN,NaN,NaN,NaN,NaN,NaN
1.106031851E2,NaN,NaN,NaN,NaN,NaN,NaN,NaN,NaN
1.106131471E2,NaN,NaN,NaN,NaN,NaN,NaN,NaN,NaN
1.106231101E2,NaN,NaN,NaN,NaN,NaN,NaN,NaN,NaN
1.106330721E2,NaN,NaN,NaN,NaN,NaN,NaN,NaN,NaN
1.106430351E2,NaN,NaN,NaN,NaN,NaN,NaN,NaN,NaN
1.106529971E2,NaN,NaN,NaN,NaN,NaN,NaN,NaN,NaN
1.106629601E2,NaN,NaN,NaN,NaN,NaN,NaN,NaN,NaN
1.106729221E2,NaN,NaN,NaN,NaN,NaN,NaN,NaN,NaN
1.106828851E2,NaN,NaN,NaN,NaN,NaN,NaN,NaN,NaN
1.106928471E2,NaN,NaN,NaN,NaN,NaN,NaN,NaN,NaN
1.107028101E2,NaN,NaN,NaN,NaN,NaN,NaN,NaN,NaN
1.107127721E2,NaN,NaN,NaN,NaN,NaN,NaN,NaN,NaN
1.107227341E2,NaN,NaN,NaN,NaN,NaN,NaN,NaN,NaN
1.107326971E2,NaN,NaN,NaN,NaN,NaN,NaN,NaN,NaN
1.107426591E2,NaN,NaN,NaN,NaN,NaN,NaN,NaN,NaN
1.107526221E2,NaN,NaN,NaN,NaN,NaN,NaN,NaN,NaN
1.107625841E2,NaN,NaN,NaN,NaN,NaN,NaN,NaN,NaN
1.107725471E2,NaN,NaN,NaN,NaN,NaN,NaN,NaN,NaN
1.107825091E2,NaN,NaN,NaN,NaN,NaN,NaN,NaN,NaN
1.107924721E2,NaN,NaN,NaN,NaN,NaN,NaN,NaN,NaN
1.108024341E2,NaN,NaN,NaN,NaN,NaN,NaN,NaN,NaN
1.108123971E2,NaN,NaN,NaN,NaN,NaN,NaN,NaN,NaN
1.108223591E2,NaN,NaN,NaN,NaN,NaN,NaN,NaN,NaN
1.108323221E2,NaN,NaN,NaN,NaN,NaN,NaN,NaN,NaN
1.108422841E2,NaN,NaN,NaN,NaN,NaN,NaN,NaN,NaN
1.108522471E2,NaN,NaN,NaN,NaN,NaN,NaN,NaN,NaN
1.108622091E2,NaN,NaN,NaN,NaN,NaN,NaN,NaN,NaN
1.108721711E2,NaN,NaN,NaN,NaN,NaN,NaN,NaN,NaN
1.108821341E2,NaN,NaN,NaN,NaN,NaN,NaN,NaN,NaN
1.108920961E2,NaN,NaN,NaN,NaN,NaN,NaN,NaN,NaN
1.109020591E2,NaN,NaN,NaN,NaN,NaN,NaN,NaN,NaN
1.109120211E2,NaN,NaN,NaN,NaN,NaN,NaN,NaN,NaN
1.109219841E2,NaN,NaN,NaN,NaN,NaN,NaN,NaN,NaN
1.109319461E2,NaN,NaN,NaN,NaN,NaN,NaN,NaN,NaN
1.109419091E2,NaN,NaN,NaN,NaN,NaN,NaN,NaN,NaN
1.109518711E2,NaN,NaN,NaN,NaN,NaN,NaN,NaN,NaN
1.109618341E2,NaN,NaN,NaN,NaN,NaN,NaN,NaN,NaN
1.109717961E2,NaN,NaN,NaN,NaN,NaN,NaN,NaN,NaN
1.109817591E2,NaN,NaN,NaN,NaN,NaN,NaN,NaN,NaN
1.109917211E2,NaN,NaN,NaN,NaN,NaN,NaN,NaN,NaN
1.110016831E2,NaN,NaN,NaN,NaN,NaN,NaN,NaN,NaN
1.110116461E2,NaN,NaN,NaN,NaN,NaN,NaN,NaN,NaN
1.110216089E2,NaN,NaN,NaN,NaN,NaN,NaN,NaN,NaN
1.110315719E2,NaN,NaN,NaN,NaN,NaN,NaN,NaN,NaN
1.110415339E2,NaN,NaN,NaN,NaN,NaN,NaN,NaN,NaN
1.110514969E2,NaN,NaN,NaN,NaN,NaN,NaN,NaN,NaN
1.110614589E2,NaN,NaN,NaN,NaN,NaN,NaN,NaN,NaN
1.110714219E2,NaN,NaN,NaN,NaN,NaN,NaN,NaN,NaN
1.110813839E2,NaN,NaN,NaN,NaN,NaN,NaN,NaN,NaN
1.110913469E2,NaN,NaN,NaN,NaN,NaN,NaN,NaN,NaN
1.111013089E2,NaN,NaN,NaN,NaN,NaN,NaN,NaN,NaN
1.111112719E2,NaN,NaN,NaN,NaN,NaN,NaN,NaN,NaN
1.111212339E2,NaN,NaN,NaN,NaN,NaN,NaN,NaN,NaN
1.111311969E2,NaN,NaN,NaN,NaN,NaN,NaN,NaN,NaN
1.111411589E2,NaN,NaN,NaN,NaN,NaN,NaN,NaN,NaN
1.111511209E2,NaN,NaN,NaN,NaN,NaN,NaN,NaN,NaN
1.111610839E2,NaN,NaN,NaN,NaN,NaN,NaN,NaN,NaN
1.111710459E2,NaN,NaN,NaN,NaN,NaN,NaN,NaN,NaN
1.111810089E2,NaN,NaN,NaN,NaN,NaN,NaN,NaN,NaN
1.111909709E2,NaN,NaN,NaN,NaN,NaN,NaN,NaN,NaN
1.112009339E2,NaN,NaN,NaN,NaN,NaN,NaN,NaN,NaN
1.112108959E2,NaN,NaN,NaN,NaN,NaN,NaN,NaN,NaN
1.112208589E2,NaN,NaN,NaN,NaN,NaN,NaN,NaN,NaN
1.112308209E2,NaN,NaN,NaN,NaN,NaN,NaN,NaN,NaN
1.112407839E2,NaN,NaN,NaN,NaN,NaN,NaN,NaN,NaN
1.112507459E2,NaN,NaN,NaN,NaN,NaN,NaN,NaN,NaN
1.112607089E2,NaN,NaN,NaN,NaN,NaN,NaN,NaN,NaN
1.112706709E2,NaN,NaN,NaN,NaN,NaN,NaN,NaN,NaN
1.112806329E2,NaN,NaN,NaN,NaN,NaN,NaN,NaN,NaN
1.112905959E2,NaN,NaN,NaN,NaN,NaN,NaN,NaN,NaN
1.113005579E2,NaN,NaN,NaN,NaN,NaN,NaN,NaN,NaN
1.113105209E2,NaN,NaN,NaN,NaN,NaN,NaN,NaN,NaN
1.113204829E2,NaN,NaN,NaN,NaN,NaN,NaN,NaN,NaN
1.113304459E2,NaN,NaN,NaN,NaN,NaN,NaN,NaN,NaN
1.113404079E2,NaN,NaN,NaN,NaN,NaN,NaN,NaN,NaN
1.113503709E2,NaN,NaN,NaN,NaN,NaN,NaN,NaN,NaN
1.113603329E2,NaN,NaN,NaN,NaN,NaN,NaN,NaN,NaN
1.113702959E2,NaN,NaN,NaN,NaN,NaN,NaN,NaN,NaN
1.113802579E2,NaN,NaN,NaN,NaN,NaN,NaN,NaN,NaN
1.113902209E2,NaN,NaN,NaN,NaN,NaN,NaN,NaN,NaN
1.114001829E2,NaN,NaN,NaN,NaN,NaN,NaN,NaN,NaN
1.114101459E2,NaN,NaN,NaN,NaN,NaN,NaN,NaN,NaN
1.114201079E2,NaN,NaN,NaN,NaN,NaN,NaN,NaN,NaN
1.114300699E2,NaN,NaN,NaN,NaN,NaN,NaN,NaN,NaN
1.114400329E2,NaN,NaN,NaN,NaN,NaN,NaN,NaN,NaN
1.114499949E2,NaN,NaN,NaN,NaN,NaN,NaN,NaN,NaN
1.114599579E2,NaN,NaN,NaN,NaN,NaN,NaN,NaN,NaN
1.114699199E2,NaN,NaN,NaN,NaN,NaN,NaN,NaN,NaN
1.114798829E2,NaN,NaN,NaN,NaN,NaN,NaN,NaN,NaN
1.114898449E2,NaN,NaN,NaN,NaN,NaN,NaN,NaN,NaN
1.114998079E2,NaN,NaN,NaN,NaN,NaN,NaN,NaN,NaN
1.115097699E2,NaN,NaN,NaN,NaN,NaN,NaN,NaN,NaN
1.115197329E2,NaN,NaN,NaN,NaN,NaN,NaN,NaN,NaN
1.115296949E2,NaN,NaN,NaN,NaN,NaN,NaN,NaN,NaN
1.115396579E2,NaN,NaN,NaN,NaN,NaN,NaN,NaN,NaN
1.115496199E2,NaN,NaN,NaN,NaN,NaN,NaN,NaN,NaN
1.115595819E2,NaN,NaN,NaN,NaN,NaN,NaN,NaN,NaN
1.115695449E2,NaN,NaN,NaN,NaN,NaN,NaN,NaN,NaN
1.115795069E2,NaN,NaN,NaN,NaN,NaN,NaN,NaN,NaN
1.115894699E2,NaN,NaN,NaN,NaN,NaN,NaN,NaN,NaN
1.115994319E2,NaN,NaN,NaN,NaN,NaN,NaN,NaN,NaN
1.116093949E2,NaN,NaN,NaN,NaN,NaN,NaN,NaN,NaN
1.116193569E2,NaN,NaN,NaN,NaN,NaN,NaN,NaN,NaN
1.116293199E2,NaN,NaN,NaN,NaN,NaN,NaN,NaN,NaN
1.116392819E2,NaN,NaN,NaN,NaN,NaN,NaN,NaN,NaN
1.116492449E2,NaN,NaN,NaN,NaN,NaN,NaN,NaN,NaN
1.116592069E2,NaN,NaN,NaN,NaN,NaN,NaN,NaN,NaN
1.116691699E2,NaN,NaN,NaN,NaN,NaN,NaN,NaN,NaN
1.116791319E2,NaN,NaN,NaN,NaN,NaN,NaN,NaN,NaN
1.116890949E2,NaN,NaN,NaN,NaN,NaN,NaN,NaN,NaN
1.116990569E2,NaN,NaN,NaN,NaN,NaN,NaN,NaN,NaN
1.117090189E2,NaN,NaN,NaN,NaN,NaN,NaN,NaN,NaN
1.117189819E2,NaN,NaN,NaN,NaN,NaN,NaN,NaN,NaN
1.117289439E2,NaN,NaN,NaN,NaN,NaN,NaN,NaN,NaN
1.117389069E2,NaN,NaN,NaN,NaN,NaN,NaN,NaN,NaN
1.117488689E2,NaN,NaN,NaN,NaN,NaN,NaN,NaN,NaN
1.117588319E2,NaN,NaN,NaN,NaN,NaN,NaN,NaN,NaN
1.117687939E2,NaN,NaN,NaN,NaN,NaN,NaN,NaN,NaN
1.117787569E2,NaN,NaN,NaN,NaN,NaN,NaN,NaN,NaN
1.117887189E2,NaN,NaN,NaN,NaN,NaN,NaN,NaN,NaN
1.117986819E2,NaN,NaN,NaN,NaN,NaN,NaN,NaN,NaN
1.118086439E2,NaN,NaN,NaN,NaN,NaN,NaN,NaN,NaN
1.118186069E2,NaN,NaN,NaN,NaN,NaN,NaN,NaN,NaN
1.118285689E2,NaN,NaN,NaN,NaN,NaN,NaN,NaN,NaN
1.118385309E2,NaN,NaN,NaN,NaN,NaN,NaN,NaN,NaN
1.118484939E2,NaN,NaN,NaN,NaN,NaN,NaN,NaN,NaN
1.118584559E2,NaN,NaN,NaN,NaN,NaN,NaN,NaN,NaN
1.118684189E2,NaN,NaN,NaN,NaN,NaN,NaN,NaN,NaN
1.118783809E2,NaN,NaN,NaN,NaN,NaN,NaN,NaN,NaN
1.118883439E2,NaN,NaN,NaN,NaN,NaN,NaN,NaN,NaN
1.118983059E2,NaN,NaN,NaN,NaN,NaN,NaN,NaN,NaN
1.119082689E2,NaN,NaN,NaN,NaN,NaN,NaN,NaN,NaN
1.119182309E2,NaN,NaN,NaN,NaN,NaN,NaN,NaN,NaN
1.119281939E2,NaN,NaN,NaN,NaN,NaN,NaN,NaN,NaN
1.119381559E2,NaN,NaN,NaN,NaN,NaN,NaN,NaN,NaN
1.119481189E2,NaN,NaN,NaN,NaN,NaN,NaN,NaN,NaN
1.119580809E2,NaN,NaN,NaN,NaN,NaN,NaN,NaN,NaN
1.119680429E2,NaN,NaN,NaN,NaN,NaN,NaN,NaN,NaN
1.119780059E2,NaN,NaN,NaN,NaN,NaN,NaN,NaN,NaN
1.119879679E2,NaN,NaN,NaN,NaN,NaN,NaN,NaN,NaN
1.119979309E2,NaN,NaN,NaN,NaN,NaN,NaN,NaN,NaN
1.120078929E2,NaN,NaN,NaN,NaN,NaN,NaN,NaN,NaN
1.120178559E2,NaN,NaN,NaN,NaN,NaN,NaN,NaN,NaN
1.120278173E2,NaN,NaN,NaN,NaN,NaN,NaN,NaN,NaN
1.120377803E2,NaN,NaN,NaN,NaN,NaN,NaN,NaN,NaN
1.120477423E2,NaN,NaN,NaN,NaN,NaN,NaN,NaN,NaN
1.120577053E2,NaN,NaN,NaN,NaN,NaN,NaN,NaN,NaN
1.120676673E2,NaN,NaN,NaN,NaN,NaN,NaN,NaN,NaN
1.120776303E2,NaN,NaN,NaN,NaN,NaN,NaN,NaN,NaN
1.120875923E2,NaN,NaN,NaN,NaN,NaN,NaN,NaN,NaN
1.120975543E2,NaN,NaN,NaN,NaN,NaN,NaN,NaN,NaN
1.121075173E2,NaN,NaN,NaN,NaN,NaN,NaN,NaN,NaN
1.121174793E2,NaN,NaN,NaN,NaN,NaN,NaN,NaN,NaN
1.121274423E2,NaN,NaN,NaN,NaN,NaN,NaN,NaN,NaN
1.121374043E2,NaN,NaN,NaN,NaN,NaN,NaN,NaN,NaN
1.121473673E2,NaN,NaN,NaN,NaN,NaN,NaN,NaN,NaN
1.121573293E2,NaN,NaN,NaN,NaN,NaN,NaN,NaN,NaN
1.121672923E2,NaN,NaN,NaN,NaN,NaN,NaN,NaN,NaN
1.121772543E2,NaN,NaN,NaN,NaN,NaN,NaN,NaN,NaN
1.121872173E2,NaN,NaN,NaN,NaN,NaN,NaN,NaN,NaN
1.121971793E2,NaN,NaN,NaN,NaN,NaN,NaN,NaN,NaN
1.122071423E2,NaN,NaN,NaN,NaN,NaN,NaN,NaN,NaN
1.122171043E2,NaN,NaN,NaN,NaN,NaN,NaN,NaN,NaN
1.122270663E2,NaN,NaN,NaN,NaN,NaN,NaN,NaN,NaN
1.122370293E2,NaN,NaN,NaN,NaN,NaN,NaN,NaN,NaN
1.122469913E2,NaN,NaN,NaN,NaN,NaN,NaN,NaN,NaN
1.122569543E2,NaN,NaN,NaN,NaN,NaN,NaN,NaN,NaN
1.122669163E2,NaN,NaN,NaN,NaN,NaN,NaN,NaN,NaN
1.122768793E2,NaN,NaN,NaN,NaN,NaN,NaN,NaN,NaN
1.122868413E2,NaN,NaN,NaN,NaN,NaN,NaN,NaN,NaN
1.122968043E2,NaN,NaN,NaN,NaN,NaN,NaN,NaN,NaN
1.123067663E2,NaN,NaN,NaN,NaN,NaN,NaN,NaN,NaN
1.123167293E2,NaN,NaN,NaN,NaN,NaN,NaN,NaN,NaN
1.123266913E2,NaN,NaN,NaN,NaN,NaN,NaN,NaN,NaN
1.123366543E2,NaN,NaN,NaN,NaN,NaN,NaN,NaN,NaN
1.123466163E2,NaN,NaN,NaN,NaN,NaN,NaN,NaN,NaN
1.123565783E2,NaN,NaN,NaN,NaN,NaN,NaN,NaN,NaN
1.123665413E2,NaN,NaN,NaN,NaN,NaN,NaN,NaN,NaN
1.123765033E2,NaN,NaN,NaN,NaN,NaN,NaN,NaN,NaN
1.123864663E2,NaN,NaN,NaN,NaN,NaN,NaN,NaN,NaN
1.123964283E2,NaN,NaN,NaN,NaN,NaN,NaN,NaN,NaN
1.124063913E2,NaN,NaN,NaN,NaN,NaN,NaN,NaN,NaN
1.124163533E2,NaN,NaN,NaN,NaN,NaN,NaN,NaN,NaN
1.124263163E2,NaN,NaN,NaN,NaN,NaN,NaN,NaN,NaN
1.124362783E2,NaN,NaN,NaN,NaN,NaN,NaN,NaN,NaN
1.124462413E2,NaN,NaN,NaN,NaN,NaN,NaN,NaN,NaN
1.124562033E2,NaN,NaN,NaN,NaN,NaN,NaN,NaN,NaN
1.124661663E2,NaN,NaN,NaN,NaN,NaN,NaN,NaN,NaN
1.124761283E2,NaN,NaN,NaN,NaN,NaN,NaN,NaN,NaN
1.124860903E2,NaN,NaN,NaN,NaN,NaN,NaN,NaN,NaN
1.124960533E2,NaN,NaN,NaN,NaN,NaN,NaN,NaN,NaN
1.125060153E2,NaN,NaN,NaN,NaN,NaN,NaN,NaN,NaN
1.125159783E2,NaN,NaN,NaN,NaN,NaN,NaN,NaN,NaN
1.125259403E2,NaN,NaN,NaN,NaN,NaN,NaN,NaN,NaN
1.125359033E2,NaN,NaN,NaN,NaN,NaN,NaN,NaN,NaN
1.125458653E2,NaN,NaN,NaN,NaN,NaN,NaN,NaN,NaN
1.125558283E2,NaN,NaN,NaN,NaN,NaN,NaN,NaN,NaN
1.125657903E2,NaN,NaN,NaN,NaN,NaN,NaN,NaN,NaN
1.125757533E2,NaN,NaN,NaN,NaN,NaN,NaN,NaN,NaN
1.125857153E2,NaN,NaN,NaN,NaN,NaN,NaN,NaN,NaN
1.125956783E2,NaN,NaN,NaN,NaN,NaN,NaN,NaN,NaN
1.126056403E2,NaN,NaN,NaN,NaN,NaN,NaN,NaN,NaN
1.126156033E2,NaN,NaN,NaN,NaN,NaN,NaN,NaN,NaN
1.126255653E2,NaN,NaN,NaN,NaN,NaN,NaN,NaN,NaN
1.126355273E2,NaN,NaN,NaN,NaN,NaN,NaN,NaN,NaN
1.126454903E2,NaN,NaN,NaN,NaN,NaN,NaN,NaN,NaN
1.126554523E2,NaN,NaN,NaN,NaN,NaN,NaN,NaN,NaN
1.126654153E2,NaN,NaN,NaN,NaN,NaN,NaN,NaN,NaN
1.126753773E2,NaN,NaN,NaN,NaN,NaN,NaN,NaN,NaN
1.126853403E2,NaN,NaN,NaN,NaN,NaN,NaN,NaN,NaN
1.126953023E2,NaN,NaN,NaN,NaN,NaN,NaN,NaN,NaN
1.127052653E2,NaN,NaN,NaN,NaN,NaN,NaN,NaN,NaN
1.127152273E2,NaN,NaN,NaN,NaN,NaN,NaN,NaN,NaN
1.127251903E2,NaN,NaN,NaN,NaN,NaN,NaN,NaN,NaN
1.127351523E2,NaN,NaN,NaN,NaN,NaN,NaN,NaN,NaN
1.127451143E2,NaN,NaN,NaN,NaN,NaN,NaN,NaN,NaN
1.127550773E2,NaN,NaN,NaN,NaN,NaN,NaN,NaN,NaN
1.127650393E2,NaN,NaN,NaN,NaN,NaN,NaN,NaN,NaN
1.127750023E2,NaN,NaN,NaN,NaN,NaN,NaN,NaN,NaN
1.127849643E2,NaN,NaN,NaN,NaN,NaN,NaN,NaN,NaN
1.127949273E2,NaN,NaN,NaN,NaN,NaN,NaN,NaN,NaN
1.128048893E2,NaN,NaN,NaN,NaN,NaN,NaN,NaN,NaN
1.128148523E2,NaN,NaN,NaN,NaN,NaN,NaN,NaN,NaN
1.128248143E2,NaN,NaN,NaN,NaN,NaN,NaN,NaN,NaN
1.128347773E2,NaN,NaN,NaN,NaN,NaN,NaN,NaN,NaN
1.128447393E2,NaN,NaN,NaN,NaN,NaN,NaN,NaN,NaN
1.128547023E2,NaN,NaN,NaN,NaN,NaN,NaN,NaN,NaN
1.128646643E2,NaN,NaN,NaN,NaN,NaN,NaN,NaN,NaN
1.128746263E2,NaN,NaN,NaN,NaN,NaN,NaN,NaN,NaN
1.128845893E2,NaN,NaN,NaN,NaN,NaN,NaN,NaN,NaN
1.128945513E2,NaN,NaN,NaN,NaN,NaN,NaN,NaN,NaN
1.129045143E2,NaN,NaN,NaN,NaN,NaN,NaN,NaN,NaN
1.129144763E2,NaN,NaN,NaN,NaN,NaN,NaN,NaN,NaN
1.129244393E2,NaN,NaN,NaN,NaN,NaN,NaN,NaN,NaN
1.129344013E2,NaN,NaN,NaN,NaN,NaN,NaN,NaN,NaN
1.129443643E2,NaN,NaN,NaN,NaN,NaN,NaN,NaN,NaN
1.129543263E2,NaN,NaN,NaN,NaN,NaN,NaN,NaN,NaN
1.129642893E2,NaN,NaN,NaN,NaN,NaN,NaN,NaN,NaN
1.129742513E2,NaN,NaN,NaN,NaN,NaN,NaN,NaN,NaN
1.129842143E2,NaN,NaN,NaN,NaN,NaN,NaN,NaN,NaN
1.129941763E2,NaN,NaN,NaN,NaN,NaN,NaN,NaN,NaN
1.130041383E2,NaN,NaN,NaN,NaN,NaN,NaN,NaN,NaN
1.130141013E2,NaN,NaN,NaN,NaN,NaN,NaN,NaN,NaN
1.130240633E2,NaN,NaN,NaN,NaN,NaN,NaN,NaN,NaN
1.130340263E2,NaN,NaN,NaN,NaN,NaN,NaN,NaN,NaN
1.130439883E2,NaN,NaN,NaN,NaN,NaN,NaN,NaN,NaN
1.130539513E2,NaN,NaN,NaN,NaN,NaN,NaN,NaN,NaN
1.130639133E2,NaN,NaN,NaN,NaN,NaN,NaN,NaN,NaN
1.130738763E2,NaN,NaN,NaN,NaN,NaN,NaN,NaN,NaN
1.130838383E2,NaN,NaN,NaN,NaN,NaN,NaN,NaN,NaN
1.130938013E2,NaN,NaN,NaN,NaN,NaN,NaN,NaN,NaN
1.131037633E2,NaN,NaN,NaN,NaN,NaN,NaN,NaN,NaN
1.131137263E2,NaN,NaN,NaN,NaN,NaN,NaN,NaN,NaN
1.131236883E2,NaN,NaN,NaN,NaN,NaN,NaN,NaN,NaN
1.131336503E2,NaN,NaN,NaN,NaN,NaN,NaN,NaN,NaN
1.131436133E2,NaN,NaN,NaN,NaN,NaN,NaN,NaN,NaN
1.131535753E2,NaN,NaN,NaN,NaN,NaN,NaN,NaN,NaN
1.131635383E2,NaN,NaN,NaN,NaN,NaN,NaN,NaN,NaN
1.131735003E2,NaN,NaN,NaN,NaN,NaN,NaN,NaN,NaN
1.131834633E2,NaN,NaN,NaN,NaN,NaN,NaN,NaN,NaN
1.131934253E2,NaN,NaN,NaN,NaN,NaN,NaN,NaN,NaN
1.132033883E2,NaN,NaN,NaN,NaN,NaN,NaN,NaN,NaN
1.132133503E2,NaN,NaN,NaN,NaN,NaN,NaN,NaN,NaN
1.132233133E2,NaN,NaN,NaN,NaN,NaN,NaN,NaN,NaN
1.132332753E2,NaN,NaN,NaN,NaN,NaN,NaN,NaN,NaN
1.132432383E2,NaN,NaN,NaN,NaN,NaN,NaN,NaN,NaN
1.132532003E2,NaN,NaN,NaN,NaN,NaN,NaN,NaN,NaN
1.132631623E2,NaN,NaN,NaN,NaN,NaN,NaN,NaN,NaN
1.132731253E2,NaN,NaN,NaN,NaN,NaN,NaN,NaN,NaN
1.132830873E2,NaN,NaN,NaN,NaN,NaN,NaN,NaN,NaN
1.132930503E2,NaN,NaN,NaN,NaN,NaN,NaN,NaN,NaN
1.133030123E2,NaN,NaN,NaN,NaN,NaN,NaN,NaN,NaN
1.133129753E2,NaN,NaN,NaN,NaN,NaN,NaN,NaN,NaN
1.133229373E2,NaN,NaN,NaN,NaN,NaN,NaN,NaN,NaN
1.133329003E2,NaN,NaN,NaN,NaN,NaN,NaN,NaN,NaN
1.133428623E2,NaN,NaN,NaN,NaN,NaN,NaN,NaN,NaN
1.133528253E2,NaN,NaN,NaN,NaN,NaN,NaN,NaN,NaN
1.133627873E2,NaN,NaN,NaN,NaN,NaN,NaN,NaN,NaN
1.133727493E2,NaN,NaN,NaN,NaN,NaN,NaN,NaN,NaN
1.133827123E2,NaN,NaN,NaN,NaN,NaN,NaN,NaN,NaN
1.133926743E2,NaN,NaN,NaN,NaN,NaN,NaN,NaN,NaN
1.134026373E2,NaN,NaN,NaN,NaN,NaN,NaN,NaN,NaN
1.134125993E2,NaN,NaN,NaN,NaN,NaN,NaN,NaN,NaN
1.134225623E2,NaN,NaN,NaN,NaN,NaN,NaN,NaN,NaN
1.134325243E2,NaN,NaN,NaN,NaN,NaN,NaN,NaN,NaN
1.134424873E2,NaN,NaN,NaN,NaN,NaN,NaN,NaN,NaN
1.134524493E2,NaN,NaN,NaN,NaN,NaN,NaN,NaN,NaN
1.134624123E2,NaN,NaN,NaN,NaN,NaN,NaN,NaN,NaN
1.134723743E2,NaN,NaN,NaN,NaN,NaN,NaN,NaN,NaN
1.134823373E2,NaN,NaN,NaN,NaN,NaN,NaN,NaN,NaN
1.134922993E2,NaN,NaN,NaN,NaN,NaN,NaN,NaN,NaN
1.135022623E2,NaN,NaN,NaN,NaN,NaN,NaN,NaN,NaN
1.135122243E2,NaN,NaN,NaN,NaN,NaN,NaN,NaN,NaN
1.135221863E2,NaN,NaN,NaN,NaN,NaN,NaN,NaN,NaN
1.135321493E2,NaN,NaN,NaN,NaN,NaN,NaN,NaN,NaN
1.135421113E2,NaN,NaN,NaN,NaN,NaN,NaN,NaN,NaN
1.135520743E2,NaN,NaN,NaN,NaN,NaN,NaN,NaN,NaN
1.135620363E2,NaN,NaN,NaN,NaN,NaN,NaN,NaN,NaN
1.135719993E2,NaN,NaN,NaN,NaN,NaN,NaN,NaN,NaN
1.135819613E2,NaN,NaN,NaN,NaN,NaN,NaN,NaN,NaN
1.135919243E2,NaN,NaN,NaN,NaN,NaN,NaN,NaN,NaN
1.136018863E2,NaN,NaN,NaN,NaN,NaN,NaN,NaN,NaN
1.136118493E2,NaN,NaN,NaN,NaN,NaN,NaN,NaN,NaN
1.136218113E2,NaN,NaN,NaN,NaN,NaN,NaN,NaN,NaN
1.136317733E2,NaN,NaN,NaN,NaN,NaN,NaN,NaN,NaN
1.136417363E2,NaN,NaN,NaN,NaN,NaN,NaN,NaN,NaN
1.136516983E2,NaN,NaN,NaN,NaN,NaN,NaN,NaN,NaN
1.136616613E2,NaN,NaN,NaN,NaN,NaN,NaN,NaN,NaN
1.136716233E2,NaN,NaN,NaN,NaN,NaN,NaN,NaN,NaN
1.136815863E2,NaN,NaN,NaN,NaN,NaN,NaN,NaN,NaN
1.136915483E2,NaN,NaN,NaN,NaN,NaN,NaN,NaN,NaN
1.137015113E2,NaN,NaN,NaN,NaN,NaN,NaN,NaN,NaN
1.137114733E2,NaN,NaN,NaN,NaN,NaN,NaN,NaN,NaN
1.137214363E2,NaN,NaN,NaN,NaN,NaN,NaN,NaN,NaN
1.137313983E2,NaN,NaN,NaN,NaN,NaN,NaN,NaN,NaN
1.137413613E2,NaN,NaN,NaN,NaN,NaN,NaN,NaN,NaN
1.137513233E2,NaN,NaN,NaN,NaN,NaN,NaN,NaN,NaN
1.137612853E2,NaN,NaN,NaN,NaN,NaN,NaN,NaN,NaN
1.137712483E2,NaN,NaN,NaN,NaN,NaN,NaN,NaN,NaN
1.137812103E2,NaN,NaN,NaN,NaN,NaN,NaN,NaN,NaN
1.137911733E2,NaN,NaN,NaN,NaN,NaN,NaN,NaN,NaN
1.138011353E2,NaN,NaN,NaN,NaN,NaN,NaN,NaN,NaN
1.138110983E2,NaN,NaN,NaN,NaN,NaN,NaN,NaN,NaN
1.138210603E2,NaN,NaN,NaN,NaN,NaN,NaN,NaN,NaN
1.138310233E2,NaN,NaN,NaN,NaN,NaN,NaN,NaN,NaN
1.138409853E2,NaN,NaN,NaN,NaN,NaN,NaN,NaN,NaN
1.138509483E2,NaN,NaN,NaN,NaN,NaN,NaN,NaN,NaN
1.138609103E2,NaN,NaN,NaN,NaN,NaN,NaN,NaN,NaN
1.138708723E2,NaN,NaN,NaN,NaN,NaN,NaN,NaN,NaN
1.138808353E2,NaN,NaN,NaN,NaN,NaN,NaN,NaN,NaN
1.138907973E2,NaN,NaN,NaN,NaN,NaN,NaN,NaN,NaN
1.139007603E2,NaN,NaN,NaN,NaN,NaN,NaN,NaN,NaN
1.139107223E2,NaN,NaN,NaN,NaN,NaN,NaN,NaN,NaN
1.139206853E2,NaN,NaN,NaN,NaN,NaN,NaN,NaN,NaN
1.139306473E2,NaN,NaN,NaN,NaN,NaN,NaN,NaN,NaN
1.139406103E2,NaN,NaN,NaN,NaN,NaN,NaN,NaN,NaN
1.139505723E2,NaN,NaN,NaN,NaN,NaN,NaN,NaN,NaN
1.139605353E2,NaN,NaN,NaN,NaN,NaN,NaN,NaN,NaN
1.139704973E2,NaN,NaN,NaN,NaN,NaN,NaN,NaN,NaN
1.139804603E2,NaN,NaN,NaN,NaN,NaN,NaN,NaN,NaN
1.139904223E2,NaN,NaN,NaN,NaN,NaN,NaN,NaN,NaN
1.140003843E2,NaN,NaN,NaN,NaN,NaN,NaN,NaN,NaN
1.140103473E2,NaN,NaN,NaN,NaN,NaN,NaN,NaN,NaN
1.140203094E2,NaN,NaN,NaN,NaN,NaN,NaN,NaN,NaN
1.140302724E2,NaN,NaN,NaN,NaN,NaN,NaN,NaN,NaN
1.140402344E2,NaN,NaN,NaN,NaN,NaN,NaN,NaN,NaN
1.140501974E2,NaN,NaN,NaN,NaN,NaN,NaN,NaN,NaN
1.140601594E2,NaN,NaN,NaN,NaN,NaN,NaN,NaN,NaN
1.140701224E2,NaN,NaN,NaN,NaN,NaN,NaN,NaN,NaN
1.140800844E2,NaN,NaN,NaN,NaN,NaN,NaN,NaN,NaN
1.140900474E2,NaN,NaN,NaN,NaN,NaN,NaN,NaN,NaN
1.141000094E2,NaN,NaN,NaN,NaN,NaN,NaN,NaN,NaN
1.141099724E2,NaN,NaN,NaN,NaN,NaN,NaN,NaN,NaN
1.141199344E2,NaN,NaN,NaN,NaN,NaN,NaN,NaN,NaN
1.141298964E2,NaN,NaN,NaN,NaN,NaN,NaN,NaN,NaN
1.141398594E2,NaN,NaN,NaN,NaN,NaN,NaN,NaN,NaN
1.141498214E2,NaN,NaN,NaN,NaN,NaN,NaN,NaN,NaN
1.141597844E2,NaN,NaN,NaN,NaN,NaN,NaN,NaN,NaN
1.141697464E2,NaN,NaN,NaN,NaN,NaN,NaN,NaN,NaN
1.141797094E2,NaN,NaN,NaN,NaN,NaN,NaN,NaN,NaN
1.141896714E2,NaN,NaN,NaN,NaN,NaN,NaN,NaN,NaN
1.141996344E2,NaN,NaN,NaN,NaN,NaN,NaN,NaN,NaN
1.142095964E2,NaN,NaN,NaN,NaN,NaN,NaN,NaN,NaN
1.142195594E2,NaN,NaN,NaN,NaN,NaN,NaN,NaN,NaN
1.142295214E2,NaN,NaN,NaN,NaN,NaN,NaN,NaN,NaN
1.142394834E2,NaN,NaN,NaN,NaN,NaN,NaN,NaN,NaN
1.142494464E2,NaN,NaN,NaN,NaN,NaN,NaN,NaN,NaN
1.142594084E2,NaN,NaN,NaN,NaN,NaN,NaN,NaN,NaN
1.142693714E2,NaN,NaN,NaN,NaN,NaN,NaN,NaN,NaN
1.142793334E2,NaN,NaN,NaN,NaN,NaN,NaN,NaN,NaN
1.142892964E2,NaN,NaN,NaN,NaN,NaN,NaN,NaN,NaN
1.142992584E2,NaN,NaN,NaN,NaN,NaN,NaN,NaN,NaN
1.143092214E2,NaN,NaN,NaN,NaN,NaN,NaN,NaN,NaN
1.143191834E2,NaN,NaN,NaN,NaN,NaN,NaN,NaN,NaN
1.143291464E2,NaN,NaN,NaN,NaN,NaN,NaN,NaN,NaN
1.143391084E2,NaN,NaN,NaN,NaN,NaN,NaN,NaN,NaN
1.143490714E2,NaN,NaN,NaN,NaN,NaN,NaN,NaN,NaN
1.143590334E2,NaN,NaN,NaN,NaN,NaN,NaN,NaN,NaN
1.143689954E2,NaN,NaN,NaN,NaN,NaN,NaN,NaN,NaN
1.143789584E2,NaN,NaN,NaN,NaN,NaN,NaN,NaN,NaN
1.143889204E2,NaN,NaN,NaN,NaN,NaN,NaN,NaN,NaN
1.143988834E2,NaN,NaN,NaN,NaN,NaN,NaN,NaN,NaN
1.144088454E2,NaN,NaN,NaN,NaN,NaN,NaN,NaN,NaN
1.144188084E2,NaN,NaN,NaN,NaN,NaN,NaN,NaN,NaN
1.144287704E2,NaN,NaN,NaN,NaN,NaN,NaN,NaN,NaN
1.144387334E2,NaN,NaN,NaN,NaN,NaN,NaN,NaN,NaN
1.144486954E2,NaN,NaN,NaN,NaN,NaN,NaN,NaN,NaN
1.144586584E2,NaN,NaN,NaN,NaN,NaN,NaN,NaN,NaN
1.144686204E2,NaN,NaN,NaN,NaN,NaN,NaN,NaN,NaN
1.144785824E2,NaN,NaN,NaN,NaN,NaN,NaN,NaN,NaN
1.144885454E2,NaN,NaN,NaN,NaN,NaN,NaN,NaN,NaN
1.144985074E2,NaN,NaN,NaN,NaN,NaN,NaN,NaN,NaN
1.145084704E2,NaN,NaN,NaN,NaN,NaN,NaN,NaN,NaN
1.145184324E2,NaN,NaN,NaN,NaN,NaN,NaN,NaN,NaN
1.145283954E2,NaN,NaN,NaN,NaN,NaN,NaN,NaN,NaN
1.145383574E2,NaN,NaN,NaN,NaN,NaN,NaN,NaN,NaN
1.145483204E2,NaN,NaN,NaN,NaN,NaN,NaN,NaN,NaN
1.145582824E2,NaN,NaN,NaN,NaN,NaN,NaN,NaN,NaN
1.145682454E2,NaN,NaN,NaN,NaN,NaN,NaN,NaN,NaN
1.145782074E2,NaN,NaN,NaN,NaN,NaN,NaN,NaN,NaN
1.145881704E2,NaN,NaN,NaN,NaN,NaN,NaN,NaN,NaN
1.145981324E2,NaN,NaN,NaN,NaN,NaN,NaN,NaN,NaN
1.146080944E2,NaN,NaN,NaN,NaN,NaN,NaN,NaN,NaN
1.146180574E2,NaN,NaN,NaN,NaN,NaN,NaN,NaN,NaN
1.146280194E2,NaN,NaN,NaN,NaN,NaN,NaN,NaN,NaN
1.146379824E2,NaN,NaN,NaN,NaN,NaN,NaN,NaN,NaN
1.146479444E2,NaN,NaN,NaN,NaN,NaN,NaN,NaN,NaN
1.146579074E2,NaN,NaN,NaN,NaN,NaN,NaN,NaN,NaN
1.146678694E2,NaN,NaN,NaN,NaN,NaN,NaN,NaN,NaN
1.146778324E2,NaN,NaN,NaN,NaN,NaN,NaN,NaN,NaN
1.146877944E2,NaN,NaN,NaN,NaN,NaN,NaN,NaN,NaN
1.146977574E2,NaN,NaN,NaN,NaN,NaN,NaN,NaN,NaN
1.147077194E2,NaN,NaN,NaN,NaN,NaN,NaN,NaN,NaN
1.147176814E2,NaN,NaN,NaN,NaN,NaN,NaN,NaN,NaN
1.147276444E2,NaN,NaN,NaN,NaN,NaN,NaN,NaN,NaN
1.147376064E2,NaN,NaN,NaN,NaN,NaN,NaN,NaN,NaN
1.147475694E2,NaN,NaN,NaN,NaN,NaN,NaN,NaN,NaN
1.147575314E2,NaN,NaN,NaN,NaN,NaN,NaN,NaN,NaN
1.147674944E2,NaN,NaN,NaN,NaN,NaN,NaN,NaN,NaN
1.147774564E2,NaN,NaN,NaN,NaN,NaN,NaN,NaN,NaN
1.147874194E2,NaN,NaN,NaN,NaN,NaN,NaN,NaN,NaN
1.147973814E2,NaN,NaN,NaN,NaN,NaN,NaN,NaN,NaN
1.148073444E2,NaN,NaN,NaN,NaN,NaN,NaN,NaN,NaN
1.148173064E2,NaN,NaN,NaN,NaN,NaN,NaN,NaN,NaN
1.148272694E2,NaN,NaN,NaN,NaN,NaN,NaN,NaN,NaN
1.148372314E2,NaN,NaN,NaN,NaN,NaN,NaN,NaN,NaN
1.148471934E2,NaN,NaN,NaN,NaN,NaN,NaN,NaN,NaN
1.148571564E2,NaN,NaN,NaN,NaN,NaN,NaN,NaN,NaN
1.148671184E2,NaN,NaN,NaN,NaN,NaN,NaN,NaN,NaN
1.148770814E2,NaN,NaN,NaN,NaN,NaN,NaN,NaN,NaN
1.148870434E2,NaN,NaN,NaN,NaN,NaN,NaN,NaN,NaN
1.148970064E2,NaN,NaN,NaN,NaN,NaN,NaN,NaN,NaN
1.149069684E2,NaN,NaN,NaN,NaN,NaN,NaN,NaN,NaN
1.149169314E2,NaN,NaN,NaN,NaN,NaN,NaN,NaN,NaN
1.149268934E2,NaN,NaN,NaN,NaN,NaN,NaN,NaN,NaN
1.149368564E2,NaN,NaN,NaN,NaN,NaN,NaN,NaN,NaN
1.149468184E2,NaN,NaN,NaN,NaN,NaN,NaN,NaN,NaN
1.149567804E2,NaN,NaN,NaN,NaN,NaN,NaN,NaN,NaN
1.149667434E2,NaN,NaN,NaN,NaN,NaN,NaN,NaN,NaN
1.149767054E2,NaN,NaN,NaN,NaN,NaN,NaN,NaN,NaN
1.149866684E2,NaN,NaN,NaN,NaN,NaN,NaN,NaN,NaN
1.149966304E2,NaN,NaN,NaN,NaN,NaN,NaN,NaN,NaN
1.150065934E2,NaN,NaN,NaN,NaN,NaN,NaN,NaN,NaN
1.150165554E2,NaN,NaN,NaN,NaN,NaN,NaN,NaN,NaN
1.150265179E2,NaN,NaN,NaN,NaN,NaN,NaN,NaN,NaN
1.150364799E2,NaN,NaN,NaN,NaN,NaN,NaN,NaN,NaN
1.150464429E2,NaN,NaN,NaN,NaN,NaN,NaN,NaN,NaN
1.150564049E2,NaN,NaN,NaN,NaN,NaN,NaN,NaN,NaN
1.150663679E2,NaN,NaN,NaN,NaN,NaN,NaN,NaN,NaN
1.150763299E2,NaN,NaN,NaN,NaN,NaN,NaN,NaN,NaN
1.150862919E2,NaN,NaN,NaN,NaN,NaN,NaN,NaN,NaN
1.150962549E2,NaN,NaN,NaN,NaN,NaN,NaN,NaN,NaN
1.151062169E2,NaN,NaN,NaN,NaN,NaN,NaN,NaN,NaN
1.151161799E2,NaN,NaN,NaN,NaN,NaN,NaN,NaN,NaN
1.151261419E2,NaN,NaN,NaN,NaN,NaN,NaN,NaN,NaN
1.151361049E2,NaN,NaN,NaN,NaN,NaN,NaN,NaN,NaN
1.151460669E2,NaN,NaN,NaN,NaN,NaN,NaN,NaN,NaN
1.151560299E2,NaN,NaN,NaN,NaN,NaN,NaN,NaN,NaN
1.151659919E2,NaN,NaN,NaN,NaN,NaN,NaN,NaN,NaN
1.151759549E2,NaN,NaN,NaN,NaN,NaN,NaN,NaN,NaN
1.151859169E2,NaN,NaN,NaN,NaN,NaN,NaN,NaN,NaN
1.151958789E2,NaN,NaN,NaN,NaN,NaN,NaN,NaN,NaN
1.152058419E2,NaN,NaN,NaN,NaN,NaN,NaN,NaN,NaN
1.152158039E2,NaN,NaN,NaN,NaN,NaN,NaN,NaN,NaN
1.152257669E2,NaN,NaN,NaN,NaN,NaN,NaN,NaN,NaN
1.152357289E2,NaN,NaN,NaN,NaN,NaN,NaN,NaN,NaN
1.152456919E2,NaN,NaN,NaN,NaN,NaN,NaN,NaN,NaN
1.152556539E2,NaN,NaN,NaN,NaN,NaN,NaN,NaN,NaN
1.152656169E2,NaN,NaN,NaN,NaN,NaN,NaN,NaN,NaN
1.152755789E2,NaN,NaN,NaN,NaN,NaN,NaN,NaN,NaN
1.152855419E2,NaN,NaN,NaN,NaN,NaN,NaN,NaN,NaN
1.152955039E2,NaN,NaN,NaN,NaN,NaN,NaN,NaN,NaN
1.153054659E2,NaN,NaN,NaN,NaN,NaN,NaN,NaN,NaN
1.153154289E2,NaN,NaN,NaN,NaN,NaN,NaN,NaN,NaN
1.153253909E2,NaN,NaN,NaN,NaN,NaN,NaN,NaN,NaN
1.153353539E2,NaN,NaN,NaN,NaN,NaN,NaN,NaN,NaN
1.153453159E2,NaN,NaN,NaN,NaN,NaN,NaN,NaN,NaN
1.153552789E2,NaN,NaN,NaN,NaN,NaN,NaN,NaN,NaN
1.153652409E2,NaN,NaN,NaN,NaN,NaN,NaN,NaN,NaN
1.153752039E2,NaN,NaN,NaN,NaN,NaN,NaN,NaN,NaN
1.153851659E2,NaN,NaN,NaN,NaN,NaN,NaN,NaN,NaN
1.153951289E2,NaN,NaN,NaN,NaN,NaN,NaN,NaN,NaN
1.154050909E2,NaN,NaN,NaN,NaN,NaN,NaN,NaN,NaN
1.154150529E2,NaN,NaN,NaN,NaN,NaN,NaN,NaN,NaN
1.154250159E2,NaN,NaN,NaN,NaN,NaN,NaN,NaN,NaN
1.154349779E2,NaN,NaN,NaN,NaN,NaN,NaN,NaN,NaN
1.154449409E2,NaN,NaN,NaN,NaN,NaN,NaN,NaN,NaN
1.154549029E2,NaN,NaN,NaN,NaN,NaN,NaN,NaN,NaN
1.154648659E2,NaN,NaN,NaN,NaN,NaN,NaN,NaN,NaN
1.154748279E2,NaN,NaN,NaN,NaN,NaN,NaN,NaN,NaN
1.154847909E2,NaN,NaN,NaN,NaN,NaN,NaN,NaN,NaN
1.154947529E2,NaN,NaN,NaN,NaN,NaN,NaN,NaN,NaN
1.155047159E2,NaN,NaN,NaN,NaN,NaN,NaN,NaN,NaN
1.155146779E2,NaN,NaN,NaN,NaN,NaN,NaN,NaN,NaN
1.155246409E2,NaN,NaN,NaN,NaN,NaN,NaN,NaN,NaN
1.155346029E2,NaN,NaN,NaN,NaN,NaN,NaN,NaN,NaN
1.155445649E2,NaN,NaN,NaN,NaN,NaN,NaN,NaN,NaN
1.155545279E2,NaN,NaN,NaN,NaN,NaN,NaN,NaN,NaN
1.155644899E2,NaN,NaN,NaN,NaN,NaN,NaN,NaN,NaN
1.155744529E2,NaN,NaN,NaN,NaN,NaN,NaN,NaN,NaN
1.155844149E2,NaN,NaN,NaN,NaN,NaN,NaN,NaN,NaN
1.155943779E2,NaN,NaN,NaN,NaN,NaN,NaN,NaN,NaN
1.156043399E2,NaN,NaN,NaN,NaN,NaN,NaN,NaN,NaN
1.156143029E2,NaN,NaN,NaN,NaN,NaN,NaN,NaN,NaN
1.156242649E2,NaN,NaN,NaN,NaN,NaN,NaN,NaN,NaN
1.156342279E2,NaN,NaN,NaN,NaN,NaN,NaN,NaN,NaN
1.156441899E2,NaN,NaN,NaN,NaN,NaN,NaN,NaN,NaN
1.156541519E2,NaN,NaN,NaN,NaN,NaN,NaN,NaN,NaN
1.156641149E2,NaN,NaN,NaN,NaN,NaN,NaN,NaN,NaN
1.156740769E2,NaN,NaN,NaN,NaN,NaN,NaN,NaN,NaN
1.156840399E2,NaN,NaN,NaN,NaN,NaN,NaN,NaN,NaN
1.156940019E2,NaN,NaN,NaN,NaN,NaN,NaN,NaN,NaN
1.157039649E2,NaN,NaN,NaN,NaN,NaN,NaN,NaN,NaN
1.157139269E2,NaN,NaN,NaN,NaN,NaN,NaN,NaN,NaN
1.157238899E2,NaN,NaN,NaN,NaN,NaN,NaN,NaN,NaN
1.157338519E2,NaN,NaN,NaN,NaN,NaN,NaN,NaN,NaN
1.157438149E2,NaN,NaN,NaN,NaN,NaN,NaN,NaN,NaN
1.157537769E2,NaN,NaN,NaN,NaN,NaN,NaN,NaN,NaN
1.157637389E2,NaN,NaN,NaN,NaN,NaN,NaN,NaN,NaN
1.157737019E2,NaN,NaN,NaN,NaN,NaN,NaN,NaN,NaN
1.157836639E2,NaN,NaN,NaN,NaN,NaN,NaN,NaN,NaN
1.157936269E2,NaN,NaN,NaN,NaN,NaN,NaN,NaN,NaN
1.158035889E2,NaN,NaN,NaN,NaN,NaN,NaN,NaN,NaN
1.158135519E2,NaN,NaN,NaN,NaN,NaN,NaN,NaN,NaN
1.158235139E2,NaN,NaN,NaN,NaN,NaN,NaN,NaN,NaN
1.158334769E2,NaN,NaN,NaN,NaN,NaN,NaN,NaN,NaN
1.158434389E2,NaN,NaN,NaN,NaN,NaN,NaN,NaN,NaN
1.158534019E2,NaN,NaN,NaN,NaN,NaN,NaN,NaN,NaN
1.158633639E2,NaN,NaN,NaN,NaN,NaN,NaN,NaN,NaN
1.158733259E2,NaN,NaN,NaN,NaN,NaN,NaN,NaN,NaN
1.158832889E2,NaN,NaN,NaN,NaN,NaN,NaN,NaN,NaN
1.158932509E2,NaN,NaN,NaN,NaN,NaN,NaN,NaN,NaN
1.159032139E2,NaN,NaN,NaN,NaN,NaN,NaN,NaN,NaN
1.159131759E2,NaN,NaN,NaN,NaN,NaN,NaN,NaN,NaN
1.159231389E2,NaN,NaN,NaN,NaN,NaN,NaN,NaN,NaN
1.159331009E2,NaN,NaN,NaN,NaN,NaN,NaN,NaN,NaN
1.159430639E2,NaN,NaN,NaN,NaN,NaN,NaN,NaN,NaN
1.159530259E2,NaN,NaN,NaN,NaN,NaN,NaN,NaN,NaN
1.159629889E2,NaN,NaN,NaN,NaN,NaN,NaN,NaN,NaN
1.159729509E2,NaN,NaN,NaN,NaN,NaN,NaN,NaN,NaN
1.159829129E2,NaN,NaN,NaN,NaN,NaN,NaN,NaN,NaN
1.159928759E2,NaN,NaN,NaN,NaN,NaN,NaN,NaN,NaN
1.160028379E2,NaN,NaN,NaN,NaN,NaN,NaN,NaN,NaN
1.160128009E2,NaN,NaN,NaN,NaN,NaN,NaN,NaN,NaN
1.160227634E2,NaN,NaN,NaN,NaN,NaN,NaN,NaN,NaN
1.160327264E2,NaN,NaN,NaN,NaN,NaN,NaN,NaN,NaN
1.160426884E2,NaN,NaN,NaN,NaN,NaN,NaN,NaN,NaN
1.160526514E2,NaN,NaN,NaN,NaN,NaN,NaN,NaN,NaN
1.160626134E2,NaN,NaN,NaN,NaN,NaN,NaN,NaN,NaN
1.160725764E2,NaN,NaN,NaN,NaN,NaN,NaN,NaN,NaN
1.160825384E2,NaN,NaN,NaN,NaN,NaN,NaN,NaN,NaN
1.160925004E2,NaN,NaN,NaN,NaN,NaN,NaN,NaN,NaN
1.161024634E2,NaN,NaN,NaN,NaN,NaN,NaN,NaN,NaN
1.161124254E2,NaN,NaN,NaN,NaN,NaN,NaN,NaN,NaN
1.161223884E2,NaN,NaN,NaN,NaN,NaN,NaN,NaN,NaN
1.161323504E2,NaN,NaN,NaN,NaN,NaN,NaN,NaN,NaN
1.161423134E2,NaN,NaN,NaN,NaN,NaN,NaN,NaN,NaN
1.161522754E2,NaN,NaN,NaN,NaN,NaN,NaN,NaN,NaN
1.161622384E2,NaN,NaN,NaN,NaN,NaN,NaN,NaN,NaN
1.161722004E2,NaN,NaN,NaN,NaN,NaN,NaN,NaN,NaN
1.161821634E2,NaN,NaN,NaN,NaN,NaN,NaN,NaN,NaN
1.161921254E2,NaN,NaN,NaN,NaN,NaN,NaN,NaN,NaN
1.162020884E2,NaN,NaN,NaN,NaN,NaN,NaN,NaN,NaN
1.162120504E2,NaN,NaN,NaN,NaN,NaN,NaN,NaN,NaN
1.162220124E2,NaN,NaN,NaN,NaN,NaN,NaN,NaN,NaN
1.162319754E2,NaN,NaN,NaN,NaN,NaN,NaN,NaN,NaN
1.162419374E2,NaN,NaN,NaN,NaN,NaN,NaN,NaN,NaN
1.162519004E2,NaN,NaN,NaN,NaN,NaN,NaN,NaN,NaN
1.162618624E2,NaN,NaN,NaN,NaN,NaN,NaN,NaN,NaN
1.162718254E2,NaN,NaN,NaN,NaN,NaN,NaN,NaN,NaN
1.162817874E2,NaN,NaN,NaN,NaN,NaN,NaN,NaN,NaN
1.162917504E2,NaN,NaN,NaN,NaN,NaN,NaN,NaN,NaN
1.163017124E2,NaN,NaN,NaN,NaN,NaN,NaN,NaN,NaN
1.163116754E2,NaN,NaN,NaN,NaN,NaN,NaN,NaN,NaN
1.163216374E2,NaN,NaN,NaN,NaN,NaN,NaN,NaN,NaN
1.163315994E2,NaN,NaN,NaN,NaN,NaN,NaN,NaN,NaN
1.163415624E2,NaN,NaN,NaN,NaN,NaN,NaN,NaN,NaN
1.163515244E2,NaN,NaN,NaN,NaN,NaN,NaN,NaN,NaN
1.163614874E2,NaN,NaN,NaN,NaN,NaN,NaN,NaN,NaN
1.163714494E2,NaN,NaN,NaN,NaN,NaN,NaN,NaN,NaN
1.163814124E2,NaN,NaN,NaN,NaN,NaN,NaN,NaN,NaN
1.163913744E2,NaN,NaN,NaN,NaN,NaN,NaN,NaN,NaN
1.164013374E2,NaN,NaN,NaN,NaN,NaN,NaN,NaN,NaN
1.164112994E2,NaN,NaN,NaN,NaN,NaN,NaN,NaN,NaN
1.164212624E2,NaN,NaN,NaN,NaN,NaN,NaN,NaN,NaN
1.164312244E2,NaN,NaN,NaN,NaN,NaN,NaN,NaN,NaN
1.164411864E2,NaN,NaN,NaN,NaN,NaN,NaN,NaN,NaN
1.164511494E2,NaN,NaN,NaN,NaN,NaN,NaN,NaN,NaN
1.164611114E2,NaN,NaN,NaN,NaN,NaN,NaN,NaN,NaN
1.164710744E2,NaN,NaN,NaN,NaN,NaN,NaN,NaN,NaN
1.164810364E2,NaN,NaN,NaN,NaN,NaN,NaN,NaN,NaN
1.164909994E2,NaN,NaN,NaN,NaN,NaN,NaN,NaN,NaN
1.165009614E2,NaN,NaN,NaN,NaN,NaN,NaN,NaN,NaN
1.165109244E2,NaN,NaN,NaN,NaN,NaN,NaN,NaN,NaN
1.165208864E2,NaN,NaN,NaN,NaN,NaN,NaN,NaN,NaN
1.165308494E2,NaN,NaN,NaN,NaN,NaN,NaN,NaN,NaN
1.165408114E2,NaN,NaN,NaN,NaN,NaN,NaN,NaN,NaN
1.165507734E2,NaN,NaN,NaN,NaN,NaN,NaN,NaN,NaN
1.165607364E2,NaN,NaN,NaN,NaN,NaN,NaN,NaN,NaN
1.165706984E2,NaN,NaN,NaN,NaN,NaN,NaN,NaN,NaN
1.165806614E2,NaN,NaN,NaN,NaN,NaN,NaN,NaN,NaN
1.165906234E2,NaN,NaN,NaN,NaN,NaN,NaN,NaN,NaN
1.166005864E2,NaN,NaN,NaN,NaN,NaN,NaN,NaN,NaN
1.166105484E2,NaN,NaN,NaN,NaN,NaN,NaN,NaN,NaN
1.166205114E2,NaN,NaN,NaN,NaN,NaN,NaN,NaN,NaN
1.166304734E2,NaN,NaN,NaN,NaN,NaN,NaN,NaN,NaN
1.166404364E2,NaN,NaN,NaN,NaN,NaN,NaN,NaN,NaN
1.166503984E2,NaN,NaN,NaN,NaN,NaN,NaN,NaN,NaN
1.166603604E2,NaN,NaN,NaN,NaN,NaN,NaN,NaN,NaN
1.166703234E2,NaN,NaN,NaN,NaN,NaN,NaN,NaN,NaN
1.166802854E2,NaN,NaN,NaN,NaN,NaN,NaN,NaN,NaN
1.166902484E2,NaN,NaN,NaN,NaN,NaN,NaN,NaN,NaN
1.167002104E2,NaN,NaN,NaN,NaN,NaN,NaN,NaN,NaN
1.167101734E2,NaN,NaN,NaN,NaN,NaN,NaN,NaN,NaN
1.167201354E2,NaN,NaN,NaN,NaN,NaN,NaN,NaN,NaN
1.167300984E2,NaN,NaN,NaN,NaN,NaN,NaN,NaN,NaN
1.167400604E2,NaN,NaN,NaN,NaN,NaN,NaN,NaN,NaN
1.167500234E2,NaN,NaN,NaN,NaN,NaN,NaN,NaN,NaN
1.167599854E2,NaN,NaN,NaN,NaN,NaN,NaN,NaN,NaN
1.167699474E2,NaN,NaN,NaN,NaN,NaN,NaN,NaN,NaN
1.167799104E2,NaN,NaN,NaN,NaN,NaN,NaN,NaN,NaN
1.167898724E2,NaN,NaN,NaN,NaN,NaN,NaN,NaN,NaN
1.167998354E2,NaN,NaN,NaN,NaN,NaN,NaN,NaN,NaN
1.168097974E2,NaN,NaN,NaN,NaN,NaN,NaN,NaN,NaN
1.168197604E2,NaN,NaN,NaN,NaN,NaN,NaN,NaN,NaN
1.168297224E2,NaN,NaN,NaN,NaN,NaN,NaN,NaN,NaN
1.168396854E2,NaN,NaN,NaN,NaN,NaN,NaN,NaN,NaN
1.168496474E2,NaN,NaN,NaN,NaN,NaN,NaN,NaN,NaN
1.168596104E2,NaN,NaN,NaN,NaN,NaN,NaN,NaN,NaN
1.168695724E2,NaN,NaN,NaN,NaN,NaN,NaN,NaN,NaN
1.168795344E2,NaN,NaN,NaN,NaN,NaN,NaN,NaN,NaN
1.168894974E2,NaN,NaN,NaN,NaN,NaN,NaN,NaN,NaN
1.168994594E2,NaN,NaN,NaN,NaN,NaN,NaN,NaN,NaN
1.169094224E2,NaN,NaN,NaN,NaN,NaN,NaN,NaN,NaN
1.169193844E2,NaN,NaN,NaN,NaN,NaN,NaN,NaN,NaN
1.169293474E2,NaN,NaN,NaN,NaN,NaN,NaN,NaN,NaN
1.169393094E2,NaN,NaN,NaN,NaN,NaN,NaN,NaN,NaN
1.169492724E2,NaN,NaN,NaN,NaN,NaN,NaN,NaN,NaN
1.169592344E2,NaN,NaN,NaN,NaN,NaN,NaN,NaN,NaN
1.169691974E2,NaN,NaN,NaN,NaN,NaN,NaN,NaN,NaN
1.169791594E2,NaN,NaN,NaN,NaN,NaN,NaN,NaN,NaN
1.169891214E2,NaN,NaN,NaN,NaN,NaN,NaN,NaN,NaN
1.169990844E2,NaN,NaN,NaN,NaN,NaN,NaN,NaN,NaN
1.170090464E2,NaN,NaN,NaN,NaN,NaN,NaN,NaN,NaN
1.170190094E2,NaN,NaN,NaN,NaN,NaN,NaN,NaN,NaN
1.170289713E2,NaN,NaN,NaN,NaN,NaN,NaN,NaN,NaN
1.170389343E2,NaN,NaN,NaN,NaN,NaN,NaN,NaN,NaN
1.170488963E2,NaN,NaN,NaN,NaN,NaN,NaN,NaN,NaN
1.170588593E2,NaN,NaN,NaN,NaN,NaN,NaN,NaN,NaN
1.170688213E2,NaN,NaN,NaN,NaN,NaN,NaN,NaN,NaN
1.170787843E2,NaN,NaN,NaN,NaN,NaN,NaN,NaN,NaN
1.170887463E2,NaN,NaN,NaN,NaN,NaN,NaN,NaN,NaN
1.170987083E2,NaN,NaN,NaN,NaN,NaN,NaN,NaN,NaN
1.171086713E2,NaN,NaN,NaN,NaN,NaN,NaN,NaN,NaN
1.171186333E2,NaN,NaN,NaN,NaN,NaN,NaN,NaN,NaN
1.171285963E2,NaN,NaN,NaN,NaN,NaN,NaN,NaN,NaN
1.171385583E2,NaN,NaN,NaN,NaN,NaN,NaN,NaN,NaN
1.171485213E2,NaN,NaN,NaN,NaN,NaN,NaN,NaN,NaN
1.171584833E2,NaN,NaN,NaN,NaN,NaN,NaN,NaN,NaN
1.171684463E2,NaN,NaN,NaN,NaN,NaN,NaN,NaN,NaN
1.171784083E2,NaN,NaN,NaN,NaN,NaN,NaN,NaN,NaN
1.171883713E2,NaN,NaN,NaN,NaN,NaN,NaN,NaN,NaN
1.171983333E2,NaN,NaN,NaN,NaN,NaN,NaN,NaN,NaN
1.172082953E2,NaN,NaN,NaN,NaN,NaN,NaN,NaN,NaN
1.172182583E2,NaN,NaN,NaN,NaN,NaN,NaN,NaN,NaN
1.172282203E2,NaN,NaN,NaN,NaN,NaN,NaN,NaN,NaN
1.172381833E2,NaN,NaN,NaN,NaN,NaN,NaN,NaN,NaN
1.172481453E2,NaN,NaN,NaN,NaN,NaN,NaN,NaN,NaN
1.172581083E2,NaN,NaN,NaN,NaN,NaN,NaN,NaN,NaN
1.172680703E2,NaN,NaN,NaN,NaN,NaN,NaN,NaN,NaN
1.172780333E2,NaN,NaN,NaN,NaN,NaN,NaN,NaN,NaN
1.172879953E2,NaN,NaN,NaN,NaN,NaN,NaN,NaN,NaN
1.172979583E2,NaN,NaN,NaN,NaN,NaN,NaN,NaN,NaN
1.173079203E2,NaN,NaN,NaN,NaN,NaN,NaN,NaN,NaN
1.173178823E2,NaN,NaN,NaN,NaN,NaN,NaN,NaN,NaN
1.173278453E2,NaN,NaN,NaN,NaN,NaN,NaN,NaN,NaN
1.173378073E2,NaN,NaN,NaN,NaN,NaN,NaN,NaN,NaN
1.173477703E2,NaN,NaN,NaN,NaN,NaN,NaN,NaN,NaN
1.173577323E2,NaN,NaN,NaN,NaN,NaN,NaN,NaN,NaN
1.173676953E2,NaN,NaN,NaN,NaN,NaN,NaN,NaN,NaN
1.173776573E2,NaN,NaN,NaN,NaN,NaN,NaN,NaN,NaN
1.173876203E2,NaN,NaN,NaN,NaN,NaN,NaN,NaN,NaN
1.173975823E2,NaN,NaN,NaN,NaN,NaN,NaN,NaN,NaN
1.174075453E2,NaN,NaN,NaN,NaN,NaN,NaN,NaN,NaN
1.174175073E2,NaN,NaN,NaN,NaN,NaN,NaN,NaN,NaN
1.174274693E2,NaN,NaN,NaN,NaN,NaN,NaN,NaN,NaN
1.174374323E2,NaN,NaN,NaN,NaN,NaN,NaN,NaN,NaN
1.174473943E2,NaN,NaN,NaN,NaN,NaN,NaN,NaN,NaN
1.174573573E2,NaN,NaN,NaN,NaN,NaN,NaN,NaN,NaN
1.174673193E2,NaN,NaN,NaN,NaN,NaN,NaN,NaN,NaN
1.174772823E2,NaN,NaN,NaN,NaN,NaN,NaN,NaN,NaN
1.174872443E2,NaN,NaN,NaN,NaN,NaN,NaN,NaN,NaN
1.174972073E2,NaN,NaN,NaN,NaN,NaN,NaN,NaN,NaN
1.175071693E2,NaN,NaN,NaN,NaN,NaN,NaN,NaN,NaN
1.175171323E2,NaN,NaN,NaN,NaN,NaN,NaN,NaN,NaN
1.175270943E2,NaN,NaN,NaN,NaN,NaN,NaN,NaN,NaN
1.175370563E2,NaN,NaN,NaN,NaN,NaN,NaN,NaN,NaN
1.175470193E2,NaN,NaN,NaN,NaN,NaN,NaN,NaN,NaN
1.175569813E2,NaN,NaN,NaN,NaN,NaN,NaN,NaN,NaN
1.175669443E2,NaN,NaN,NaN,NaN,NaN,NaN,NaN,NaN
1.175769063E2,NaN,NaN,NaN,NaN,NaN,NaN,NaN,NaN
1.175868693E2,NaN,NaN,NaN,NaN,NaN,NaN,NaN,NaN
1.175968313E2,NaN,NaN,NaN,NaN,NaN,NaN,NaN,NaN
1.176067943E2,NaN,NaN,NaN,NaN,NaN,NaN,NaN,NaN
1.176167563E2,NaN,NaN,NaN,NaN,NaN,NaN,NaN,NaN
1.176267193E2,NaN,NaN,NaN,NaN,NaN,NaN,NaN,NaN
1.176366813E2,NaN,NaN,NaN,NaN,NaN,NaN,NaN,NaN
1.176466433E2,NaN,NaN,NaN,NaN,NaN,NaN,NaN,NaN
1.176566063E2,NaN,NaN,NaN,NaN,NaN,NaN,NaN,NaN
1.176665683E2,NaN,NaN,NaN,NaN,NaN,NaN,NaN,NaN
1.176765313E2,NaN,NaN,NaN,NaN,NaN,NaN,NaN,NaN
1.176864933E2,NaN,NaN,NaN,NaN,NaN,NaN,NaN,NaN
1.176964563E2,NaN,NaN,NaN,NaN,NaN,NaN,NaN,NaN
1.177064183E2,NaN,NaN,NaN,NaN,NaN,NaN,NaN,NaN
1.177163813E2,NaN,NaN,NaN,NaN,NaN,NaN,NaN,NaN
1.177263433E2,NaN,NaN,NaN,NaN,NaN,NaN,NaN,NaN
1.177363063E2,NaN,NaN,NaN,NaN,NaN,NaN,NaN,NaN
1.177462683E2,NaN,NaN,NaN,NaN,NaN,NaN,NaN,NaN
1.177562303E2,NaN,NaN,NaN,NaN,NaN,NaN,NaN,NaN
1.177661933E2,NaN,NaN,NaN,NaN,NaN,NaN,NaN,NaN
1.177761553E2,NaN,NaN,NaN,NaN,NaN,NaN,NaN,NaN
1.177861183E2,NaN,NaN,NaN,NaN,NaN,NaN,NaN,NaN
1.177960803E2,NaN,NaN,NaN,NaN,NaN,NaN,NaN,NaN
1.178060433E2,NaN,NaN,NaN,NaN,NaN,NaN,NaN,NaN
1.178160053E2,NaN,NaN,NaN,NaN,NaN,NaN,NaN,NaN
1.178259683E2,NaN,NaN,NaN,NaN,NaN,NaN,NaN,NaN
1.178359303E2,NaN,NaN,NaN,NaN,NaN,NaN,NaN,NaN
1.178458933E2,NaN,NaN,NaN,NaN,NaN,NaN,NaN,NaN
1.178558553E2,NaN,NaN,NaN,NaN,NaN,NaN,NaN,NaN
1.178658173E2,NaN,NaN,NaN,NaN,NaN,NaN,NaN,NaN
1.178757803E2,NaN,NaN,NaN,NaN,NaN,NaN,NaN,NaN
1.178857423E2,NaN,NaN,NaN,NaN,NaN,NaN,NaN,NaN
1.178957053E2,NaN,NaN,NaN,NaN,NaN,NaN,NaN,NaN
1.179056673E2,NaN,NaN,NaN,NaN,NaN,NaN,NaN,NaN
1.179156303E2,NaN,NaN,NaN,NaN,NaN,NaN,NaN,NaN
1.179255923E2,NaN,NaN,NaN,NaN,NaN,NaN,NaN,NaN
1.179355553E2,NaN,NaN,NaN,NaN,NaN,NaN,NaN,NaN
1.179455173E2,NaN,NaN,NaN,NaN,NaN,NaN,NaN,NaN
1.179554803E2,NaN,NaN,NaN,NaN,NaN,NaN,NaN,NaN
1.179654423E2,NaN,NaN,NaN,NaN,NaN,NaN,NaN,NaN
1.179754043E2,NaN,NaN,NaN,NaN,NaN,NaN,NaN,NaN
1.179853673E2,NaN,NaN,NaN,NaN,NaN,NaN,NaN,NaN
1.179953293E2,NaN,NaN,NaN,NaN,NaN,NaN,NaN,NaN
1.180052923E2,NaN,NaN,NaN,NaN,NaN,NaN,NaN,NaN
1.180152543E2,NaN,NaN,NaN,NaN,NaN,NaN,NaN,NaN
1.180252173E2,NaN,NaN,NaN,NaN,NaN,NaN,NaN,NaN
1.180351793E2,NaN,NaN,NaN,NaN,NaN,NaN,NaN,NaN
1.180451423E2,NaN,NaN,NaN,NaN,NaN,NaN,NaN,NaN
1.180551043E2,NaN,NaN,NaN,NaN,NaN,NaN,NaN,NaN
1.180650663E2,NaN,NaN,NaN,NaN,NaN,NaN,NaN,NaN
1.180750293E2,NaN,NaN,NaN,NaN,NaN,NaN,NaN,NaN
1.180849913E2,NaN,NaN,NaN,NaN,NaN,NaN,NaN,NaN
1.180949543E2,NaN,NaN,NaN,NaN,NaN,NaN,NaN,NaN
1.181049163E2,NaN,NaN,NaN,NaN,NaN,NaN,NaN,NaN
1.181148793E2,NaN,NaN,NaN,NaN,NaN,NaN,NaN,NaN
1.181248413E2,NaN,NaN,NaN,NaN,NaN,NaN,NaN,NaN
1.181348043E2,NaN,NaN,NaN,NaN,NaN,NaN,NaN,NaN
1.181447663E2,NaN,NaN,NaN,NaN,NaN,NaN,NaN,NaN
1.181547293E2,NaN,NaN,NaN,NaN,NaN,NaN,NaN,NaN
1.181646913E2,NaN,NaN,NaN,NaN,NaN,NaN,NaN,NaN
1.181746533E2,NaN,NaN,NaN,NaN,NaN,NaN,NaN,NaN
1.181846163E2,NaN,NaN,NaN,NaN,NaN,NaN,NaN,NaN
1.181945783E2,NaN,NaN,NaN,NaN,NaN,NaN,NaN,NaN
1.182045413E2,NaN,NaN,NaN,NaN,NaN,NaN,NaN,NaN
1.182145033E2,NaN,NaN,NaN,NaN,NaN,NaN,NaN,NaN
1.182244663E2,NaN,NaN,NaN,NaN,NaN,NaN,NaN,NaN
1.182344283E2,NaN,NaN,NaN,NaN,NaN,NaN,NaN,NaN
1.182443913E2,NaN,NaN,NaN,NaN,NaN,NaN,NaN,NaN
1.182543533E2,NaN,NaN,NaN,NaN,NaN,NaN,NaN,NaN
1.182643163E2,NaN,NaN,NaN,NaN,NaN,NaN,NaN,NaN
1.182742783E2,NaN,NaN,NaN,NaN,NaN,NaN,NaN,NaN
1.182842403E2,NaN,NaN,NaN,NaN,NaN,NaN,NaN,NaN
1.182942033E2,NaN,NaN,NaN,NaN,NaN,NaN,NaN,NaN
1.183041653E2,NaN,NaN,NaN,NaN,NaN,NaN,NaN,NaN
1.183141283E2,NaN,NaN,NaN,NaN,NaN,NaN,NaN,NaN
1.183240903E2,NaN,NaN,NaN,NaN,NaN,NaN,NaN,NaN
1.183340533E2,NaN,NaN,NaN,NaN,NaN,NaN,NaN,NaN
1.183440153E2,NaN,NaN,NaN,NaN,NaN,NaN,NaN,NaN
1.183539783E2,NaN,NaN,NaN,NaN,NaN,NaN,NaN,NaN
1.183639403E2,NaN,NaN,NaN,NaN,NaN,NaN,NaN,NaN
1.183739033E2,NaN,NaN,NaN,NaN,NaN,NaN,NaN,NaN
1.183838653E2,NaN,NaN,NaN,NaN,NaN,NaN,NaN,NaN
1.183938273E2,NaN,NaN,NaN,NaN,NaN,NaN,NaN,NaN
1.184037903E2,NaN,NaN,NaN,NaN,NaN,NaN,NaN,NaN
1.184137523E2,NaN,NaN,NaN,NaN,NaN,NaN,NaN,NaN
1.184237153E2,NaN,NaN,NaN,NaN,NaN,NaN,NaN,NaN
1.184336773E2,NaN,NaN,NaN,NaN,NaN,NaN,NaN,NaN
1.184436403E2,NaN,NaN,NaN,NaN,NaN,NaN,NaN,NaN
1.184536023E2,NaN,NaN,NaN,NaN,NaN,NaN,NaN,NaN
1.184635653E2,NaN,NaN,NaN,NaN,NaN,NaN,NaN,NaN
1.184735273E2,NaN,NaN,NaN,NaN,NaN,NaN,NaN,NaN
1.184834893E2,NaN,NaN,NaN,NaN,NaN,NaN,NaN,NaN
1.184934523E2,NaN,NaN,NaN,NaN,NaN,NaN,NaN,NaN
1.185034143E2,NaN,NaN,NaN,NaN,NaN,NaN,NaN,NaN
1.185133773E2,NaN,NaN,NaN,NaN,NaN,NaN,NaN,NaN
1.185233393E2,NaN,NaN,NaN,NaN,NaN,NaN,NaN,NaN
1.185333023E2,NaN,NaN,NaN,NaN,NaN,NaN,NaN,NaN
1.185432643E2,NaN,NaN,NaN,NaN,NaN,NaN,NaN,NaN
1.185532273E2,NaN,NaN,NaN,NaN,NaN,NaN,NaN,NaN
1.185631893E2,NaN,NaN,NaN,NaN,NaN,NaN,NaN,NaN
1.185731523E2,NaN,NaN,NaN,NaN,NaN,NaN,NaN,NaN
1.185831143E2,NaN,NaN,NaN,NaN,NaN,NaN,NaN,NaN
1.185930763E2,NaN,NaN,NaN,NaN,NaN,NaN,NaN,NaN
1.186030393E2,NaN,NaN,NaN,NaN,NaN,NaN,NaN,NaN
1.186130013E2,NaN,NaN,NaN,NaN,NaN,NaN,NaN,NaN
1.186229643E2,NaN,NaN,NaN,NaN,NaN,NaN,NaN,NaN
1.186329263E2,NaN,NaN,NaN,NaN,NaN,NaN,NaN,NaN
1.186428893E2,NaN,NaN,NaN,NaN,NaN,NaN,NaN,NaN
1.186528513E2,NaN,NaN,NaN,NaN,NaN,NaN,NaN,NaN
1.186628143E2,NaN,NaN,NaN,NaN,NaN,NaN,NaN,NaN
1.186727763E2,NaN,NaN,NaN,NaN,NaN,NaN,NaN,NaN
1.186827393E2,NaN,NaN,NaN,NaN,NaN,NaN,NaN,NaN
1.186927013E2,NaN,NaN,NaN,NaN,NaN,NaN,NaN,NaN
1.187026633E2,NaN,NaN,NaN,NaN,NaN,NaN,NaN,NaN
1.187126263E2,NaN,NaN,NaN,NaN,NaN,NaN,NaN,NaN
1.187225883E2,NaN,NaN,NaN,NaN,NaN,NaN,NaN,NaN
1.187325513E2,NaN,NaN,NaN,NaN,NaN,NaN,NaN,NaN
1.187425133E2,NaN,NaN,NaN,NaN,NaN,NaN,NaN,NaN
1.187524763E2,NaN,NaN,NaN,NaN,NaN,NaN,NaN,NaN
1.187624383E2,NaN,NaN,NaN,NaN,NaN,NaN,NaN,NaN
1.187724013E2,NaN,NaN,NaN,NaN,NaN,NaN,NaN,NaN
1.187823633E2,NaN,NaN,NaN,NaN,NaN,NaN,NaN,NaN
1.187923263E2,NaN,NaN,NaN,NaN,NaN,NaN,NaN,NaN
1.188022883E2,NaN,NaN,NaN,NaN,NaN,NaN,NaN,NaN
1.188122503E2,NaN,NaN,NaN,NaN,NaN,NaN,NaN,NaN
1.188222133E2,NaN,NaN,NaN,NaN,NaN,NaN,NaN,NaN
1.188321753E2,NaN,NaN,NaN,NaN,NaN,NaN,NaN,NaN
1.188421383E2,NaN,NaN,NaN,NaN,NaN,NaN,NaN,NaN
1.188521003E2,NaN,NaN,NaN,NaN,NaN,NaN,NaN,NaN
1.188620633E2,NaN,NaN,NaN,NaN,NaN,NaN,NaN,NaN
1.188720253E2,NaN,NaN,NaN,NaN,NaN,NaN,NaN,NaN
1.188819883E2,NaN,NaN,NaN,NaN,NaN,NaN,NaN,NaN
1.188919503E2,NaN,NaN,NaN,NaN,NaN,NaN,NaN,NaN
1.189019133E2,NaN,NaN,NaN,NaN,NaN,NaN,NaN,NaN
1.189118753E2,NaN,NaN,NaN,NaN,NaN,NaN,NaN,NaN
1.189218373E2,NaN,NaN,NaN,NaN,NaN,NaN,NaN,NaN
1.189318003E2,NaN,NaN,NaN,NaN,NaN,NaN,NaN,NaN
1.189417623E2,NaN,NaN,NaN,NaN,NaN,NaN,NaN,NaN
1.189517253E2,NaN,NaN,NaN,NaN,NaN,NaN,NaN,NaN
1.189616873E2,NaN,NaN,NaN,NaN,NaN,NaN,NaN,NaN
1.189716503E2,NaN,NaN,NaN,NaN,NaN,NaN,NaN,NaN
1.189816123E2,NaN,NaN,NaN,NaN,NaN,NaN,NaN,NaN
1.189915753E2,NaN,NaN,NaN,NaN,NaN,NaN,NaN,NaN
1.190015373E2,NaN,NaN,NaN,NaN,NaN,NaN,NaN,NaN
1.190114993E2,NaN,NaN,NaN,NaN,NaN,NaN,NaN,NaN
1.190214623E2,NaN,NaN,NaN,NaN,NaN,NaN,NaN,NaN
1.190314243E2,NaN,NaN,NaN,NaN,NaN,NaN,NaN,NaN
1.190413873E2,NaN,NaN,NaN,NaN,NaN,NaN,NaN,NaN
1.190513493E2,NaN,NaN,NaN,NaN,NaN,NaN,NaN,NaN
1.190613123E2,NaN,NaN,NaN,NaN,NaN,NaN,NaN,NaN
1.190712743E2,NaN,NaN,NaN,NaN,NaN,NaN,NaN,NaN
1.190812373E2,NaN,NaN,NaN,NaN,NaN,NaN,NaN,NaN
1.190911993E2,NaN,NaN,NaN,NaN,NaN,NaN,NaN,NaN
1.191011623E2,NaN,NaN,NaN,NaN,NaN,NaN,NaN,NaN
1.191111243E2,NaN,NaN,NaN,NaN,NaN,NaN,NaN,NaN
1.191210863E2,NaN,NaN,NaN,NaN,NaN,NaN,NaN,NaN
1.191310493E2,NaN,NaN,NaN,NaN,NaN,NaN,NaN,NaN
1.191410113E2,NaN,NaN,NaN,NaN,NaN,NaN,NaN,NaN
1.191509743E2,NaN,NaN,NaN,NaN,NaN,NaN,NaN,NaN
1.191609363E2,NaN,NaN,NaN,NaN,NaN,NaN,NaN,NaN
1.191708993E2,NaN,NaN,NaN,NaN,NaN,NaN,NaN,NaN
1.191808613E2,NaN,NaN,NaN,NaN,NaN,NaN,NaN,NaN
1.191908243E2,NaN,NaN,NaN,NaN,NaN,NaN,NaN,NaN
1.192007863E2,NaN,NaN,NaN,NaN,NaN,NaN,NaN,NaN
1.192107483E2,NaN,NaN,NaN,NaN,NaN,NaN,NaN,NaN
1.192207113E2,NaN,NaN,NaN,NaN,NaN,NaN,NaN,NaN
1.192306733E2,NaN,NaN,NaN,NaN,NaN,NaN,NaN,NaN
1.192406363E2,NaN,NaN,NaN,NaN,NaN,NaN,NaN,NaN
1.192505983E2,NaN,NaN,NaN,NaN,NaN,NaN,NaN,NaN
1.192605613E2,NaN,NaN,NaN,NaN,NaN,NaN,NaN,NaN
1.192705233E2,NaN,NaN,NaN,NaN,NaN,NaN,NaN,NaN
1.192804863E2,NaN,NaN,NaN,NaN,NaN,NaN,NaN,NaN
1.192904483E2,NaN,NaN,NaN,NaN,NaN,NaN,NaN,NaN
1.193004113E2,NaN,NaN,NaN,NaN,NaN,NaN,NaN,NaN
1.193103733E2,NaN,NaN,NaN,NaN,NaN,NaN,NaN,NaN
1.193203353E2,NaN,NaN,NaN,NaN,NaN,NaN,NaN,NaN
1.193302983E2,NaN,NaN,NaN,NaN,NaN,NaN,NaN,NaN
1.193402603E2,NaN,NaN,NaN,NaN,NaN,NaN,NaN,NaN
1.193502233E2,NaN,NaN,NaN,NaN,NaN,NaN,NaN,NaN
1.193601853E2,NaN,NaN,NaN,NaN,NaN,NaN,NaN,NaN
1.193701483E2,NaN,NaN,NaN,NaN,NaN,NaN,NaN,NaN
1.193801103E2,NaN,NaN,NaN,NaN,NaN,NaN,NaN,NaN
1.193900733E2,NaN,NaN,NaN,NaN,NaN,NaN,NaN,NaN
1.194000353E2,NaN,NaN,NaN,NaN,NaN,NaN,NaN,NaN
1.194099973E2,NaN,NaN,NaN,NaN,NaN,NaN,NaN,NaN
1.194199603E2,NaN,NaN,NaN,NaN,NaN,NaN,NaN,NaN
1.194299223E2,NaN,NaN,NaN,NaN,NaN,NaN,NaN,NaN
1.194398853E2,NaN,NaN,NaN,NaN,NaN,NaN,NaN,NaN
1.194498473E2,NaN,NaN,NaN,NaN,NaN,NaN,NaN,NaN
1.194598103E2,NaN,NaN,NaN,NaN,NaN,NaN,NaN,NaN
1.194697723E2,NaN,NaN,NaN,NaN,NaN,NaN,NaN,NaN
1.194797353E2,NaN,NaN,NaN,NaN,NaN,NaN,NaN,NaN
1.194896973E2,NaN,NaN,NaN,NaN,NaN,NaN,NaN,NaN
1.194996603E2,NaN,NaN,NaN,NaN,NaN,NaN,NaN,NaN
1.195096223E2,NaN,NaN,NaN,NaN,NaN,NaN,NaN,NaN
1.195195843E2,NaN,NaN,NaN,NaN,NaN,NaN,NaN,NaN
1.195295473E2,NaN,NaN,NaN,NaN,NaN,NaN,NaN,NaN
1.195395093E2,NaN,NaN,NaN,NaN,NaN,NaN,NaN,NaN
1.195494723E2,NaN,NaN,NaN,NaN,NaN,NaN,NaN,NaN
1.195594343E2,NaN,NaN,NaN,NaN,NaN,NaN,NaN,NaN
1.195693973E2,NaN,NaN,NaN,NaN,NaN,NaN,NaN,NaN
1.195793593E2,NaN,NaN,NaN,NaN,NaN,NaN,NaN,NaN
1.195893223E2,NaN,NaN,NaN,NaN,NaN,NaN,NaN,NaN
1.195992843E2,NaN,NaN,NaN,NaN,NaN,NaN,NaN,NaN
1.196092463E2,NaN,NaN,NaN,NaN,NaN,NaN,NaN,NaN
1.196192093E2,NaN,NaN,NaN,NaN,NaN,NaN,NaN,NaN
1.196291713E2,NaN,NaN,NaN,NaN,NaN,NaN,NaN,NaN
1.196391343E2,NaN,NaN,NaN,NaN,NaN,NaN,NaN,NaN
1.196490963E2,NaN,NaN,NaN,NaN,NaN,NaN,NaN,NaN
1.196590593E2,NaN,NaN,NaN,NaN,NaN,NaN,NaN,NaN
1.196690213E2,NaN,NaN,NaN,NaN,NaN,NaN,NaN,NaN
1.196789843E2,NaN,NaN,NaN,NaN,NaN,NaN,NaN,NaN
1.196889463E2,NaN,NaN,NaN,NaN,NaN,NaN,NaN,NaN
1.196989093E2,NaN,NaN,NaN,NaN,NaN,NaN,NaN,NaN
1.197088713E2,NaN,NaN,NaN,NaN,NaN,NaN,NaN,NaN
1.197188333E2,NaN,NaN,NaN,NaN,NaN,NaN,NaN,NaN
1.197287963E2,NaN,NaN,NaN,NaN,NaN,NaN,NaN,NaN
1.197387583E2,NaN,NaN,NaN,NaN,NaN,NaN,NaN,NaN
1.197487213E2,NaN,NaN,NaN,NaN,NaN,NaN,NaN,NaN
1.197586833E2,NaN,NaN,NaN,NaN,NaN,NaN,NaN,NaN
1.197686463E2,NaN,NaN,NaN,NaN,NaN,NaN,NaN,NaN
1.197786083E2,NaN,NaN,NaN,NaN,NaN,NaN,NaN,NaN
1.197885713E2,NaN,NaN,NaN,NaN,NaN,NaN,NaN,NaN
1.197985333E2,NaN,NaN,NaN,NaN,NaN,NaN,NaN,NaN
1.198084953E2,NaN,NaN,NaN,NaN,NaN,NaN,NaN,NaN
1.198184583E2,NaN,NaN,NaN,NaN,NaN,NaN,NaN,NaN
1.198284203E2,NaN,NaN,NaN,NaN,NaN,NaN,NaN,NaN
1.198383833E2,NaN,NaN,NaN,NaN,NaN,NaN,NaN,NaN
1.198483453E2,NaN,NaN,NaN,NaN,NaN,NaN,NaN,NaN
1.198583083E2,NaN,NaN,NaN,NaN,NaN,NaN,NaN,NaN
1.198682703E2,NaN,NaN,NaN,NaN,NaN,NaN,NaN,NaN
1.198782333E2,NaN,NaN,NaN,NaN,NaN,NaN,NaN,NaN
1.198881953E2,NaN,NaN,NaN,NaN,NaN,NaN,NaN,NaN
1.198981573E2,NaN,NaN,NaN,NaN,NaN,NaN,NaN,NaN
1.199081203E2,NaN,NaN,NaN,NaN,NaN,NaN,NaN,NaN
1.199180823E2,NaN,NaN,NaN,NaN,NaN,NaN,NaN,NaN
1.199280453E2,NaN,NaN,NaN,NaN,NaN,NaN,NaN,NaN
1.199380073E2,NaN,NaN,NaN,NaN,NaN,NaN,NaN,NaN
1.199479703E2,NaN,NaN,NaN,NaN,NaN,NaN,NaN,NaN
1.199579323E2,NaN,NaN,NaN,NaN,NaN,NaN,NaN,NaN
1.199678953E2,NaN,NaN,NaN,NaN,NaN,NaN,NaN,NaN
1.199778573E2,NaN,NaN,NaN,NaN,NaN,NaN,NaN,NaN
1.199878203E2,NaN,NaN,NaN,NaN,NaN,NaN,NaN,NaN
1.199977823E2,NaN,NaN,NaN,NaN,NaN,NaN,NaN,NaN
1.200077443E2,NaN,NaN,NaN,NaN,NaN,NaN,NaN,NaN
1.200177073E2,NaN,NaN,NaN,NaN,NaN,NaN,NaN,NaN
1.200276698E2,NaN,NaN,NaN,NaN,NaN,NaN,NaN,NaN
1.200376328E2,NaN,NaN,NaN,NaN,NaN,NaN,NaN,NaN
1.200475948E2,NaN,NaN,NaN,NaN,NaN,NaN,NaN,NaN
1.200575578E2,NaN,NaN,NaN,NaN,NaN,NaN,NaN,NaN
1.200675198E2,NaN,NaN,NaN,NaN,NaN,NaN,NaN,NaN
1.200774828E2,NaN,NaN,NaN,NaN,NaN,NaN,NaN,NaN
1.200874448E2,NaN,NaN,NaN,NaN,NaN,NaN,NaN,NaN
1.200974068E2,NaN,NaN,NaN,NaN,NaN,NaN,NaN,NaN
1.201073698E2,NaN,NaN,NaN,NaN,NaN,NaN,NaN,NaN
1.201173318E2,NaN,NaN,NaN,NaN,NaN,NaN,NaN,NaN
1.201272948E2,NaN,NaN,NaN,NaN,NaN,NaN,NaN,NaN
1.201372568E2,NaN,NaN,NaN,NaN,NaN,NaN,NaN,NaN
1.201472198E2,NaN,NaN,NaN,NaN,NaN,NaN,NaN,NaN
1.201571818E2,NaN,NaN,NaN,NaN,NaN,NaN,NaN,NaN
1.201671448E2,NaN,NaN,NaN,NaN,NaN,NaN,NaN,NaN
1.201771068E2,NaN,NaN,NaN,NaN,NaN,NaN,NaN,NaN
1.201870698E2,NaN,NaN,NaN,NaN,NaN,NaN,NaN,NaN
1.201970318E2,NaN,NaN,NaN,NaN,NaN,NaN,NaN,NaN
1.202069938E2,NaN,NaN,NaN,NaN,NaN,NaN,NaN,NaN
1.202169568E2,NaN,NaN,NaN,NaN,NaN,NaN,NaN,NaN
1.202269188E2,NaN,NaN,NaN,NaN,NaN,NaN,NaN,NaN
1.202368818E2,NaN,NaN,NaN,NaN,NaN,NaN,NaN,NaN
1.202468438E2,NaN,NaN,NaN,NaN,NaN,NaN,NaN,NaN
1.202568068E2,NaN,NaN,NaN,NaN,NaN,NaN,NaN,NaN
1.202667688E2,NaN,NaN,NaN,NaN,NaN,NaN,NaN,NaN
1.202767318E2,NaN,NaN,NaN,NaN,NaN,NaN,NaN,NaN
1.202866938E2,NaN,NaN,NaN,NaN,NaN,NaN,NaN,NaN
1.202966558E2,NaN,NaN,NaN,NaN,NaN,NaN,NaN,NaN
1.203066188E2,NaN,NaN,NaN,NaN,NaN,NaN,NaN,NaN
1.203165808E2,NaN,NaN,NaN,NaN,NaN,NaN,NaN,NaN
1.203265438E2,NaN,NaN,NaN,NaN,NaN,NaN,NaN,NaN
1.203365058E2,NaN,NaN,NaN,NaN,NaN,NaN,NaN,NaN
1.203464688E2,NaN,NaN,NaN,NaN,NaN,NaN,NaN,NaN
1.203564308E2,NaN,NaN,NaN,NaN,NaN,NaN,NaN,NaN
1.203663938E2,NaN,NaN,NaN,NaN,NaN,NaN,NaN,NaN
1.203763558E2,NaN,NaN,NaN,NaN,NaN,NaN,NaN,NaN
1.203863178E2,NaN,NaN,NaN,NaN,NaN,NaN,NaN,NaN
1.203962808E2,NaN,NaN,NaN,NaN,NaN,NaN,NaN,NaN
1.204062428E2,NaN,NaN,NaN,NaN,NaN,NaN,NaN,NaN
1.204162058E2,NaN,NaN,NaN,NaN,NaN,NaN,NaN,NaN
1.204261678E2,NaN,NaN,NaN,NaN,NaN,NaN,NaN,NaN
1.204361308E2,NaN,NaN,NaN,NaN,NaN,NaN,NaN,NaN
1.204460928E2,NaN,NaN,NaN,NaN,NaN,NaN,NaN,NaN
1.204560558E2,NaN,NaN,NaN,NaN,NaN,NaN,NaN,NaN
1.204660178E2,NaN,NaN,NaN,NaN,NaN,NaN,NaN,NaN
1.204759808E2,NaN,NaN,NaN,NaN,NaN,NaN,NaN,NaN
1.204859428E2,NaN,NaN,NaN,NaN,NaN,NaN,NaN,NaN
1.204959048E2,NaN,NaN,NaN,NaN,NaN,NaN,NaN,NaN
1.205058678E2,NaN,NaN,NaN,NaN,NaN,NaN,NaN,NaN
1.205158298E2,NaN,NaN,NaN,NaN,NaN,NaN,NaN,NaN
1.205257928E2,NaN,NaN,NaN,NaN,NaN,NaN,NaN,NaN
1.205357548E2,NaN,NaN,NaN,NaN,NaN,NaN,NaN,NaN
1.205457178E2,NaN,NaN,NaN,NaN,NaN,NaN,NaN,NaN
1.205556798E2,NaN,NaN,NaN,NaN,NaN,NaN,NaN,NaN
1.205656428E2,NaN,NaN,NaN,NaN,NaN,NaN,NaN,NaN
1.205756048E2,NaN,NaN,NaN,NaN,NaN,NaN,NaN,NaN
1.205855668E2,NaN,NaN,NaN,NaN,NaN,NaN,NaN,NaN
1.205955298E2,NaN,NaN,NaN,NaN,NaN,NaN,NaN,NaN
1.206054918E2,NaN,NaN,NaN,NaN,NaN,NaN,NaN,NaN
1.206154548E2,NaN,NaN,NaN,NaN,NaN,NaN,NaN,NaN
1.206254168E2,NaN,NaN,NaN,NaN,NaN,NaN,NaN,NaN
1.206353798E2,NaN,NaN,NaN,NaN,NaN,NaN,NaN,NaN
1.206453418E2,NaN,NaN,NaN,NaN,NaN,NaN,NaN,NaN
1.206553048E2,NaN,NaN,NaN,NaN,NaN,NaN,NaN,NaN
1.206652668E2,NaN,NaN,NaN,NaN,NaN,NaN,NaN,NaN
1.206752288E2,NaN,NaN,NaN,NaN,NaN,NaN,NaN,NaN
1.206851918E2,NaN,NaN,NaN,NaN,NaN,NaN,NaN,NaN
1.206951538E2,NaN,NaN,NaN,NaN,NaN,NaN,NaN,NaN
1.207051168E2,NaN,NaN,NaN,NaN,NaN,NaN,NaN,NaN
1.207150788E2,NaN,NaN,NaN,NaN,NaN,NaN,NaN,NaN
1.207250418E2,NaN,NaN,NaN,NaN,NaN,NaN,NaN,NaN
1.207350038E2,NaN,NaN,NaN,NaN,NaN,NaN,NaN,NaN
1.207449668E2,NaN,NaN,NaN,NaN,NaN,NaN,NaN,NaN
1.207549288E2,NaN,NaN,NaN,NaN,NaN,NaN,NaN,NaN
1.207648908E2,NaN,NaN,NaN,NaN,NaN,NaN,NaN,NaN
1.207748538E2,NaN,NaN,NaN,NaN,NaN,NaN,NaN,NaN
1.207848158E2,NaN,NaN,NaN,NaN,NaN,NaN,NaN,NaN
1.207947788E2,NaN,NaN,NaN,NaN,NaN,NaN,NaN,NaN
1.208047408E2,NaN,NaN,NaN,NaN,NaN,NaN,NaN,NaN
1.208147038E2,NaN,NaN,NaN,NaN,NaN,NaN,NaN,NaN
1.208246658E2,NaN,NaN,NaN,NaN,NaN,NaN,NaN,NaN
1.208346288E2,NaN,NaN,NaN,NaN,NaN,NaN,NaN,NaN
1.208445908E2,NaN,NaN,NaN,NaN,NaN,NaN,NaN,NaN
1.208545538E2,NaN,NaN,NaN,NaN,NaN,NaN,NaN,NaN
1.208645158E2,NaN,NaN,NaN,NaN,NaN,NaN,NaN,NaN
1.208744778E2,NaN,NaN,NaN,NaN,NaN,NaN,NaN,NaN
1.208844408E2,NaN,NaN,NaN,NaN,NaN,NaN,NaN,NaN
1.208944028E2,NaN,NaN,NaN,NaN,NaN,NaN,NaN,NaN
1.209043658E2,NaN,NaN,NaN,NaN,NaN,NaN,NaN,NaN
1.209143278E2,NaN,NaN,NaN,NaN,NaN,NaN,NaN,NaN
1.209242908E2,NaN,NaN,NaN,NaN,NaN,NaN,NaN,NaN
1.209342528E2,NaN,NaN,NaN,NaN,NaN,NaN,NaN,NaN
1.209442158E2,NaN,NaN,NaN,NaN,NaN,NaN,NaN,NaN
1.209541778E2,NaN,NaN,NaN,NaN,NaN,NaN,NaN,NaN
1.209641398E2,NaN,NaN,NaN,NaN,NaN,NaN,NaN,NaN
1.209741028E2,NaN,NaN,NaN,NaN,NaN,NaN,NaN,NaN
1.209840648E2,NaN,NaN,NaN,NaN,NaN,NaN,NaN,NaN
1.209940278E2,NaN,NaN,NaN,NaN,NaN,NaN,NaN,NaN
1.210039898E2,NaN,NaN,NaN,NaN,NaN,NaN,NaN,NaN
1.210139528E2,NaN,NaN,NaN,NaN,NaN,NaN,NaN,NaN
1.210239148E2,NaN,NaN,NaN,NaN,NaN,NaN,NaN,NaN
1.210338773E2,NaN,NaN,NaN,NaN,NaN,NaN,NaN,NaN
1.210438393E2,NaN,NaN,NaN,NaN,NaN,NaN,NaN,NaN
1.210538013E2,NaN,NaN,NaN,NaN,NaN,NaN,NaN,NaN
1.210637643E2,NaN,NaN,NaN,NaN,NaN,NaN,NaN,NaN
1.210737263E2,NaN,NaN,NaN,NaN,NaN,NaN,NaN,NaN
1.210836893E2,NaN,NaN,NaN,NaN,NaN,NaN,NaN,NaN
1.210936513E2,NaN,NaN,NaN,NaN,NaN,NaN,NaN,NaN
1.211036143E2,NaN,NaN,NaN,NaN,NaN,NaN,NaN,NaN
1.211135763E2,NaN,NaN,NaN,NaN,NaN,NaN,NaN,NaN
1.211235393E2,NaN,NaN,NaN,NaN,NaN,NaN,NaN,NaN
1.211335013E2,NaN,NaN,NaN,NaN,NaN,NaN,NaN,NaN
1.211434643E2,NaN,NaN,NaN,NaN,NaN,NaN,NaN,NaN
1.211534263E2,NaN,NaN,NaN,NaN,NaN,NaN,NaN,NaN
1.211633883E2,NaN,NaN,NaN,NaN,NaN,NaN,NaN,NaN
1.211733513E2,NaN,NaN,NaN,NaN,NaN,NaN,NaN,NaN
1.211833133E2,NaN,NaN,NaN,NaN,NaN,NaN,NaN,NaN
1.211932763E2,NaN,NaN,NaN,NaN,NaN,NaN,NaN,NaN
1.212032383E2,NaN,NaN,NaN,NaN,NaN,NaN,NaN,NaN
1.212132013E2,NaN,NaN,NaN,NaN,NaN,NaN,NaN,NaN
1.212231633E2,NaN,NaN,NaN,NaN,NaN,NaN,NaN,NaN
1.212331263E2,NaN,NaN,NaN,NaN,NaN,NaN,NaN,NaN
1.212430883E2,NaN,NaN,NaN,NaN,NaN,NaN,NaN,NaN
1.212530503E2,NaN,NaN,NaN,NaN,NaN,NaN,NaN,NaN
1.212630133E2,NaN,NaN,NaN,NaN,NaN,NaN,NaN,NaN
1.212729753E2,NaN,NaN,NaN,NaN,NaN,NaN,NaN,NaN
1.212829383E2,NaN,NaN,NaN,NaN,NaN,NaN,NaN,NaN
1.212929003E2,NaN,NaN,NaN,NaN,NaN,NaN,NaN,NaN
1.213028633E2,NaN,NaN,NaN,NaN,NaN,NaN,NaN,NaN
1.213128253E2,NaN,NaN,NaN,NaN,NaN,NaN,NaN,NaN
1.213227883E2,NaN,NaN,NaN,NaN,NaN,NaN,NaN,NaN
1.213327503E2,NaN,NaN,NaN,NaN,NaN,NaN,NaN,NaN
1.213427123E2,NaN,NaN,NaN,NaN,NaN,NaN,NaN,NaN
1.213526753E2,NaN,NaN,NaN,NaN,NaN,NaN,NaN,NaN
1.213626373E2,NaN,NaN,NaN,NaN,NaN,NaN,NaN,NaN
1.213726003E2,NaN,NaN,NaN,NaN,NaN,NaN,NaN,NaN
1.213825623E2,NaN,NaN,NaN,NaN,NaN,NaN,NaN,NaN
1.213925253E2,NaN,NaN,NaN,NaN,NaN,NaN,NaN,NaN
1.214024873E2,NaN,NaN,NaN,NaN,NaN,NaN,NaN,NaN
1.214124503E2,NaN,NaN,NaN,NaN,NaN,NaN,NaN,NaN
1.214224123E2,NaN,NaN,NaN,NaN,NaN,NaN,NaN,NaN
1.214323753E2,NaN,NaN,NaN,NaN,NaN,NaN,NaN,NaN
1.214423373E2,NaN,NaN,NaN,NaN,NaN,NaN,NaN,NaN
1.214522993E2,NaN,NaN,NaN,NaN,NaN,NaN,NaN,NaN
1.214622623E2,NaN,NaN,NaN,NaN,NaN,NaN,NaN,NaN
1.214722243E2,NaN,NaN,NaN,NaN,NaN,NaN,NaN,NaN
1.214821873E2,NaN,NaN,NaN,NaN,NaN,NaN,NaN,NaN
1.214921493E2,NaN,NaN,NaN,NaN,NaN,NaN,NaN,NaN
1.215021123E2,NaN,NaN,NaN,NaN,NaN,NaN,NaN,NaN
1.215120743E2,NaN,NaN,NaN,NaN,NaN,NaN,NaN,NaN
1.215220373E2,NaN,NaN,NaN,NaN,NaN,NaN,NaN,NaN
1.215319993E2,NaN,NaN,NaN,NaN,NaN,NaN,NaN,NaN
1.215419613E2,NaN,NaN,NaN,NaN,NaN,NaN,NaN,NaN
1.215519243E2,NaN,NaN,NaN,NaN,NaN,NaN,NaN,NaN
1.215618863E2,NaN,NaN,NaN,NaN,NaN,NaN,NaN,NaN
1.215718493E2,NaN,NaN,NaN,NaN,NaN,NaN,NaN,NaN
1.215818113E2,NaN,NaN,NaN,NaN,NaN,NaN,NaN,NaN
1.215917743E2,NaN,NaN,NaN,NaN,NaN,NaN,NaN,NaN
1.216017363E2,NaN,NaN,NaN,NaN,NaN,NaN,NaN,NaN
1.216116993E2,NaN,NaN,NaN,NaN,NaN,NaN,NaN,NaN
1.216216613E2,NaN,NaN,NaN,NaN,NaN,NaN,NaN,NaN
1.216316233E2,NaN,NaN,NaN,NaN,NaN,NaN,NaN,NaN
1.216415863E2,NaN,NaN,NaN,NaN,NaN,NaN,NaN,NaN
1.216515483E2,NaN,NaN,NaN,NaN,NaN,NaN,NaN,NaN
1.216615113E2,NaN,NaN,NaN,NaN,NaN,NaN,NaN,NaN
1.216714733E2,NaN,NaN,NaN,NaN,NaN,NaN,NaN,NaN
1.216814363E2,NaN,NaN,NaN,NaN,NaN,NaN,NaN,NaN
1.216913983E2,NaN,NaN,NaN,NaN,NaN,NaN,NaN,NaN
1.217013613E2,NaN,NaN,NaN,NaN,NaN,NaN,NaN,NaN
1.217113233E2,NaN,NaN,NaN,NaN,NaN,NaN,NaN,NaN
1.217212853E2,NaN,NaN,NaN,NaN,NaN,NaN,NaN,NaN
1.217312483E2,NaN,NaN,NaN,NaN,NaN,NaN,NaN,NaN
1.217412103E2,NaN,NaN,NaN,NaN,NaN,NaN,NaN,NaN
1.217511733E2,NaN,NaN,NaN,NaN,NaN,NaN,NaN,NaN
1.217611353E2,NaN,NaN,NaN,NaN,NaN,NaN,NaN,NaN
1.217710983E2,NaN,NaN,NaN,NaN,NaN,NaN,NaN,NaN
1.217810603E2,NaN,NaN,NaN,NaN,NaN,NaN,NaN,NaN
1.217910233E2,NaN,NaN,NaN,NaN,NaN,NaN,NaN,NaN
1.218009853E2,NaN,NaN,NaN,NaN,NaN,NaN,NaN,NaN
1.218109473E2,NaN,NaN,NaN,NaN,NaN,NaN,NaN,NaN
1.218209103E2,NaN,NaN,NaN,NaN,NaN,NaN,NaN,NaN
1.218308723E2,NaN,NaN,NaN,NaN,NaN,NaN,NaN,NaN
1.218408353E2,NaN,NaN,NaN,NaN,NaN,NaN,NaN,NaN
1.218507973E2,NaN,NaN,NaN,NaN,NaN,NaN,NaN,NaN
1.218607603E2,NaN,NaN,NaN,NaN,NaN,NaN,NaN,NaN
1.218707223E2,NaN,NaN,NaN,NaN,NaN,NaN,NaN,NaN
1.218806853E2,NaN,NaN,NaN,NaN,NaN,NaN,NaN,NaN
1.218906473E2,NaN,NaN,NaN,NaN,NaN,NaN,NaN,NaN
1.219006093E2,NaN,NaN,NaN,NaN,NaN,NaN,NaN,NaN
1.219105723E2,NaN,NaN,NaN,NaN,NaN,NaN,NaN,NaN
1.219205343E2,NaN,NaN,NaN,NaN,NaN,NaN,NaN,NaN
1.219304973E2,NaN,NaN,NaN,NaN,NaN,NaN,NaN,NaN
1.219404593E2,NaN,NaN,NaN,NaN,NaN,NaN,NaN,NaN
1.219504223E2,NaN,NaN,NaN,NaN,NaN,NaN,NaN,NaN
1.219603843E2,NaN,NaN,NaN,NaN,NaN,NaN,NaN,NaN
1.219703473E2,NaN,NaN,NaN,NaN,NaN,NaN,NaN,NaN
1.219803093E2,NaN,NaN,NaN,NaN,NaN,NaN,NaN,NaN
1.219902713E2,NaN,NaN,NaN,NaN,NaN,NaN,NaN,NaN
1.220002343E2,NaN,NaN,NaN,NaN,NaN,NaN,NaN,NaN
1.220101963E2,NaN,NaN,NaN,NaN,NaN,NaN,NaN,NaN
1.220201593E2,NaN,NaN,NaN,NaN,NaN,NaN,NaN,NaN
1.220301213E2,NaN,NaN,NaN,NaN,NaN,NaN,NaN,NaN
1.220400843E2,NaN,NaN,NaN,NaN,NaN,NaN,NaN,NaN
1.220500463E2,NaN,NaN,NaN,NaN,NaN,NaN,NaN,NaN
1.220600093E2,NaN,NaN,NaN,NaN,NaN,NaN,NaN,NaN
1.220699713E2,NaN,NaN,NaN,NaN,NaN,NaN,NaN,NaN
1.220799333E2,NaN,NaN,NaN,NaN,NaN,NaN,NaN,NaN
1.220898963E2,NaN,NaN,NaN,NaN,NaN,NaN,NaN,NaN
1.220998583E2,NaN,NaN,NaN,NaN,NaN,NaN,NaN,NaN
1.221098213E2,NaN,NaN,NaN,NaN,NaN,NaN,NaN,NaN
1.221197833E2,NaN,NaN,NaN,NaN,NaN,NaN,NaN,NaN
1.221297463E2,NaN,NaN,NaN,NaN,NaN,NaN,NaN,NaN
1.221397083E2,NaN,NaN,NaN,NaN,NaN,NaN,NaN,NaN
1.221496713E2,NaN,NaN,NaN,NaN,NaN,NaN,NaN,NaN
1.221596333E2,NaN,NaN,NaN,NaN,NaN,NaN,NaN,NaN
1.221695963E2,NaN,NaN,NaN,NaN,NaN,NaN,NaN,NaN
1.221795583E2,NaN,NaN,NaN,NaN,NaN,NaN,NaN,NaN
1.221895203E2,NaN,NaN,NaN,NaN,NaN,NaN,NaN,NaN
1.221994833E2,NaN,NaN,NaN,NaN,NaN,NaN,NaN,NaN
1.222094453E2,NaN,NaN,NaN,NaN,NaN,NaN,NaN,NaN
1.222194083E2,NaN,NaN,NaN,NaN,NaN,NaN,NaN,NaN
1.222293703E2,NaN,NaN,NaN,NaN,NaN,NaN,NaN,NaN
1.222393333E2,NaN,NaN,NaN,NaN,NaN,NaN,NaN,NaN
1.222492953E2,NaN,NaN,NaN,NaN,NaN,NaN,NaN,NaN
1.222592583E2,NaN,NaN,NaN,NaN,NaN,NaN,NaN,NaN
1.222692203E2,NaN,NaN,NaN,NaN,NaN,NaN,NaN,NaN
1.222791823E2,NaN,NaN,NaN,NaN,NaN,NaN,NaN,NaN
1.222891453E2,NaN,NaN,NaN,NaN,NaN,NaN,NaN,NaN
1.222991073E2,NaN,NaN,NaN,NaN,NaN,NaN,NaN,NaN
1.223090703E2,NaN,NaN,NaN,NaN,NaN,NaN,NaN,NaN
1.223190323E2,NaN,NaN,NaN,NaN,NaN,NaN,NaN,NaN
1.223289953E2,NaN,NaN,NaN,NaN,NaN,NaN,NaN,NaN
1.223389573E2,NaN,NaN,NaN,NaN,NaN,NaN,NaN,NaN
1.223489203E2,NaN,NaN,NaN,NaN,NaN,NaN,NaN,NaN
1.223588823E2,NaN,NaN,NaN,NaN,NaN,NaN,NaN,NaN
1.223688443E2,NaN,NaN,NaN,NaN,NaN,NaN,NaN,NaN
1.223788073E2,NaN,NaN,NaN,NaN,NaN,NaN,NaN,NaN
1.223887693E2,NaN,NaN,NaN,NaN,NaN,NaN,NaN,NaN
1.223987323E2,NaN,NaN,NaN,NaN,NaN,NaN,NaN,NaN
1.224086943E2,NaN,NaN,NaN,NaN,NaN,NaN,NaN,NaN
1.224186573E2,NaN,NaN,NaN,NaN,NaN,NaN,NaN,NaN
1.224286193E2,NaN,NaN,NaN,NaN,NaN,NaN,NaN,NaN
1.224385823E2,NaN,NaN,NaN,NaN,NaN,NaN,NaN,NaN
1.224485443E2,NaN,NaN,NaN,NaN,NaN,NaN,NaN,NaN
1.224585063E2,NaN,NaN,NaN,NaN,NaN,NaN,NaN,NaN
1.224684693E2,NaN,NaN,NaN,NaN,NaN,NaN,NaN,NaN
1.224784313E2,NaN,NaN,NaN,NaN,NaN,NaN,NaN,NaN
1.224883943E2,NaN,NaN,NaN,NaN,NaN,NaN,NaN,NaN
1.224983563E2,NaN,NaN,NaN,NaN,NaN,NaN,NaN,NaN
1.225083193E2,NaN,NaN,NaN,NaN,NaN,NaN,NaN,NaN
1.225182813E2,NaN,NaN,NaN,NaN,NaN,NaN,NaN,NaN
1.225282443E2,NaN,NaN,NaN,NaN,NaN,NaN,NaN,NaN
1.225382063E2,NaN,NaN,NaN,NaN,NaN,NaN,NaN,NaN
1.225481683E2,NaN,NaN,NaN,NaN,NaN,NaN,NaN,NaN
1.225581313E2,NaN,NaN,NaN,NaN,NaN,NaN,NaN,NaN
1.225680933E2,NaN,NaN,NaN,NaN,NaN,NaN,NaN,NaN
1.225780563E2,NaN,NaN,NaN,NaN,NaN,NaN,NaN,NaN
1.225880183E2,NaN,NaN,NaN,NaN,NaN,NaN,NaN,NaN
1.225979813E2,NaN,NaN,NaN,NaN,NaN,NaN,NaN,NaN
1.226079433E2,NaN,NaN,NaN,NaN,NaN,NaN,NaN,NaN
1.226179063E2,NaN,NaN,NaN,NaN,NaN,NaN,NaN,NaN
1.226278683E2,NaN,NaN,NaN,NaN,NaN,NaN,NaN,NaN
1.226378303E2,NaN,NaN,NaN,NaN,NaN,NaN,NaN,NaN
1.226477933E2,NaN,NaN,NaN,NaN,NaN,NaN,NaN,NaN
1.226577553E2,NaN,NaN,NaN,NaN,NaN,NaN,NaN,NaN
1.226677183E2,NaN,NaN,NaN,NaN,NaN,NaN,NaN,NaN
1.226776803E2,NaN,NaN,NaN,NaN,NaN,NaN,NaN,NaN
1.226876433E2,NaN,NaN,NaN,NaN,NaN,NaN,NaN,NaN
1.226976053E2,NaN,NaN,NaN,NaN,NaN,NaN,NaN,NaN
1.227075683E2,NaN,NaN,NaN,NaN,NaN,NaN,NaN,NaN
1.227175303E2,NaN,NaN,NaN,NaN,NaN,NaN,NaN,NaN
1.227274933E2,NaN,NaN,NaN,NaN,NaN,NaN,NaN,NaN
1.227374553E2,NaN,NaN,NaN,NaN,NaN,NaN,NaN,NaN
1.227474173E2,NaN,NaN,NaN,NaN,NaN,NaN,NaN,NaN
1.227573803E2,NaN,NaN,NaN,NaN,NaN,NaN,NaN,NaN
1.227673423E2,NaN,NaN,NaN,NaN,NaN,NaN,NaN,NaN
1.227773053E2,NaN,NaN,NaN,NaN,NaN,NaN,NaN,NaN
1.227872673E2,NaN,NaN,NaN,NaN,NaN,NaN,NaN,NaN
1.227972303E2,NaN,NaN,NaN,NaN,NaN,NaN,NaN,NaN
1.228071923E2,NaN,NaN,NaN,NaN,NaN,NaN,NaN,NaN
1.228171553E2,NaN,NaN,NaN,NaN,NaN,NaN,NaN,NaN
1.228271173E2,NaN,NaN,NaN,NaN,NaN,NaN,NaN,NaN
1.228370793E2,NaN,NaN,NaN,NaN,NaN,NaN,NaN,NaN
1.228470423E2,NaN,NaN,NaN,NaN,NaN,NaN,NaN,NaN
1.228570043E2,NaN,NaN,NaN,NaN,NaN,NaN,NaN,NaN
1.228669673E2,NaN,NaN,NaN,NaN,NaN,NaN,NaN,NaN
1.228769293E2,NaN,NaN,NaN,NaN,NaN,NaN,NaN,NaN
1.228868923E2,NaN,NaN,NaN,NaN,NaN,NaN,NaN,NaN
1.228968543E2,NaN,NaN,NaN,NaN,NaN,NaN,NaN,NaN
1.229068173E2,NaN,NaN,NaN,NaN,NaN,NaN,NaN,NaN
1.229167793E2,NaN,NaN,NaN,NaN,NaN,NaN,NaN,NaN
1.229267413E2,NaN,NaN,NaN,NaN,NaN,NaN,NaN,NaN
1.229367043E2,NaN,NaN,NaN,NaN,NaN,NaN,NaN,NaN
1.229466663E2,NaN,NaN,NaN,NaN,NaN,NaN,NaN,NaN
1.229566293E2,NaN,NaN,NaN,NaN,NaN,NaN,NaN,NaN
1.229665913E2,NaN,NaN,NaN,NaN,NaN,NaN,NaN,NaN
1.229765543E2,NaN,NaN,NaN,NaN,NaN,NaN,NaN,NaN
1.229865163E2,NaN,NaN,NaN,NaN,NaN,NaN,NaN,NaN
1.229964793E2,NaN,NaN,NaN,NaN,NaN,NaN,NaN,NaN
1.230064413E2,NaN,NaN,NaN,NaN,NaN,NaN,NaN,NaN
1.230164033E2,NaN,NaN,NaN,NaN,NaN,NaN,NaN,NaN
1.230263663E2,NaN,NaN,NaN,NaN,NaN,NaN,NaN,NaN
1.230363282E2,NaN,NaN,NaN,NaN,NaN,NaN,NaN,NaN
1.230462912E2,NaN,NaN,NaN,NaN,NaN,NaN,NaN,NaN
1.230562532E2,NaN,NaN,NaN,NaN,NaN,NaN,NaN,NaN
1.230662162E2,NaN,NaN,NaN,NaN,NaN,NaN,NaN,NaN
1.230761782E2,NaN,NaN,NaN,NaN,NaN,NaN,NaN,NaN
1.230861412E2,NaN,NaN,NaN,NaN,NaN,NaN,NaN,NaN
1.230961032E2,NaN,NaN,NaN,NaN,NaN,NaN,NaN,NaN
1.231060652E2,NaN,NaN,NaN,NaN,NaN,NaN,NaN,NaN
1.231160282E2,NaN,NaN,NaN,NaN,NaN,NaN,NaN,NaN
1.231259902E2,NaN,NaN,NaN,NaN,NaN,NaN,NaN,NaN
1.231359532E2,NaN,NaN,NaN,NaN,NaN,NaN,NaN,NaN
1.231459152E2,NaN,NaN,NaN,NaN,NaN,NaN,NaN,NaN
1.231558782E2,NaN,NaN,NaN,NaN,NaN,NaN,NaN,NaN
1.231658402E2,NaN,NaN,NaN,NaN,NaN,NaN,NaN,NaN
1.231758032E2,NaN,NaN,NaN,NaN,NaN,NaN,NaN,NaN
1.231857652E2,NaN,NaN,NaN,NaN,NaN,NaN,NaN,NaN
1.231957272E2,NaN,NaN,NaN,NaN,NaN,NaN,NaN,NaN
1.232056902E2,NaN,NaN,NaN,NaN,NaN,NaN,NaN,NaN
1.232156522E2,NaN,NaN,NaN,NaN,NaN,NaN,NaN,NaN
1.232256152E2,NaN,NaN,NaN,NaN,NaN,NaN,NaN,NaN
1.232355772E2,NaN,NaN,NaN,NaN,NaN,NaN,NaN,NaN
1.232455402E2,NaN,NaN,NaN,NaN,NaN,NaN,NaN,NaN
1.232555022E2,NaN,NaN,NaN,NaN,NaN,NaN,NaN,NaN
1.232654652E2,NaN,NaN,NaN,NaN,NaN,NaN,NaN,NaN
1.232754272E2,NaN,NaN,NaN,NaN,NaN,NaN,NaN,NaN
1.232853892E2,NaN,NaN,NaN,NaN,NaN,NaN,NaN,NaN
1.232953522E2,NaN,NaN,NaN,NaN,NaN,NaN,NaN,NaN
1.233053142E2,NaN,NaN,NaN,NaN,NaN,NaN,NaN,NaN
1.233152772E2,NaN,NaN,NaN,NaN,NaN,NaN,NaN,NaN
1.233252392E2,NaN,NaN,NaN,NaN,NaN,NaN,NaN,NaN
1.233352022E2,NaN,NaN,NaN,NaN,NaN,NaN,NaN,NaN
1.233451642E2,NaN,NaN,NaN,NaN,NaN,NaN,NaN,NaN
1.233551272E2,NaN,NaN,NaN,NaN,NaN,NaN,NaN,NaN
1.233650892E2,NaN,NaN,NaN,NaN,NaN,NaN,NaN,NaN
1.233750512E2,NaN,NaN,NaN,NaN,NaN,NaN,NaN,NaN
1.233850142E2,NaN,NaN,NaN,NaN,NaN,NaN,NaN,NaN
1.233949762E2,NaN,NaN,NaN,NaN,NaN,NaN,NaN,NaN
1.234049392E2,NaN,NaN,NaN,NaN,NaN,NaN,NaN,NaN
1.234149012E2,NaN,NaN,NaN,NaN,NaN,NaN,NaN,NaN
1.234248642E2,NaN,NaN,NaN,NaN,NaN,NaN,NaN,NaN
1.234348262E2,NaN,NaN,NaN,NaN,NaN,NaN,NaN,NaN
1.234447892E2,NaN,NaN,NaN,NaN,NaN,NaN,NaN,NaN
1.234547512E2,NaN,NaN,NaN,NaN,NaN,NaN,NaN,NaN
1.234647132E2,NaN,NaN,NaN,NaN,NaN,NaN,NaN,NaN
1.234746762E2,NaN,NaN,NaN,NaN,NaN,NaN,NaN,NaN
1.234846382E2,NaN,NaN,NaN,NaN,NaN,NaN,NaN,NaN
1.234946012E2,NaN,NaN,NaN,NaN,NaN,NaN,NaN,NaN
1.235045632E2,NaN,NaN,NaN,NaN,NaN,NaN,NaN,NaN
1.235145262E2,NaN,NaN,NaN,NaN,NaN,NaN,NaN,NaN
1.235244882E2,NaN,NaN,NaN,NaN,NaN,NaN,NaN,NaN
1.235344512E2,NaN,NaN,NaN,NaN,NaN,NaN,NaN,NaN
1.235444132E2,NaN,NaN,NaN,NaN,NaN,NaN,NaN,NaN
1.235543752E2,NaN,NaN,NaN,NaN,NaN,NaN,NaN,NaN
1.235643382E2,NaN,NaN,NaN,NaN,NaN,NaN,NaN,NaN
1.235743002E2,NaN,NaN,NaN,NaN,NaN,NaN,NaN,NaN
1.235842632E2,NaN,NaN,NaN,NaN,NaN,NaN,NaN,NaN
1.235942252E2,NaN,NaN,NaN,NaN,NaN,NaN,NaN,NaN
1.236041882E2,NaN,NaN,NaN,NaN,NaN,NaN,NaN,NaN
1.236141502E2,NaN,NaN,NaN,NaN,NaN,NaN,NaN,NaN
1.236241132E2,NaN,NaN,NaN,NaN,NaN,NaN,NaN,NaN
1.236340752E2,NaN,NaN,NaN,NaN,NaN,NaN,NaN,NaN
1.236440372E2,NaN,NaN,NaN,NaN,NaN,NaN,NaN,NaN
1.236540002E2,NaN,NaN,NaN,NaN,NaN,NaN,NaN,NaN
1.236639622E2,NaN,NaN,NaN,NaN,NaN,NaN,NaN,NaN
1.236739252E2,NaN,NaN,NaN,NaN,NaN,NaN,NaN,NaN
1.236838872E2,NaN,NaN,NaN,NaN,NaN,NaN,NaN,NaN
1.236938502E2,NaN,NaN,NaN,NaN,NaN,NaN,NaN,NaN
1.237038122E2,NaN,NaN,NaN,NaN,NaN,NaN,NaN,NaN
1.237137752E2,NaN,NaN,NaN,NaN,NaN,NaN,NaN,NaN
1.237237372E2,NaN,NaN,NaN,NaN,NaN,NaN,NaN,NaN
1.237336992E2,NaN,NaN,NaN,NaN,NaN,NaN,NaN,NaN
1.237436622E2,NaN,NaN,NaN,NaN,NaN,NaN,NaN,NaN
1.237536242E2,NaN,NaN,NaN,NaN,NaN,NaN,NaN,NaN
1.237635872E2,NaN,NaN,NaN,NaN,NaN,NaN,NaN,NaN
1.237735492E2,NaN,NaN,NaN,NaN,NaN,NaN,NaN,NaN
1.237835122E2,NaN,NaN,NaN,NaN,NaN,NaN,NaN,NaN
1.237934742E2,NaN,NaN,NaN,NaN,NaN,NaN,NaN,NaN
1.238034372E2,NaN,NaN,NaN,NaN,NaN,NaN,NaN,NaN
1.238133992E2,NaN,NaN,NaN,NaN,NaN,NaN,NaN,NaN
1.238233612E2,NaN,NaN,NaN,NaN,NaN,NaN,NaN,NaN
1.238333242E2,NaN,NaN,NaN,NaN,NaN,NaN,NaN,NaN
1.238432862E2,NaN,NaN,NaN,NaN,NaN,NaN,NaN,NaN
1.238532492E2,NaN,NaN,NaN,NaN,NaN,NaN,NaN,NaN
1.238632112E2,NaN,NaN,NaN,NaN,NaN,NaN,NaN,NaN
1.238731742E2,NaN,NaN,NaN,NaN,NaN,NaN,NaN,NaN
1.238831362E2,NaN,NaN,NaN,NaN,NaN,NaN,NaN,NaN
1.238930992E2,NaN,NaN,NaN,NaN,NaN,NaN,NaN,NaN
1.239030612E2,NaN,NaN,NaN,NaN,NaN,NaN,NaN,NaN
1.239130232E2,NaN,NaN,NaN,NaN,NaN,NaN,NaN,NaN
1.239229862E2,NaN,NaN,NaN,NaN,NaN,NaN,NaN,NaN
1.239329482E2,NaN,NaN,NaN,NaN,NaN,NaN,NaN,NaN
1.239429112E2,NaN,NaN,NaN,NaN,NaN,NaN,NaN,NaN
1.239528732E2,NaN,NaN,NaN,NaN,NaN,NaN,NaN,NaN
1.239628362E2,NaN,NaN,NaN,NaN,NaN,NaN,NaN,NaN
1.239727982E2,NaN,NaN,NaN,NaN,NaN,NaN,NaN,NaN
1.239827612E2,NaN,NaN,NaN,NaN,NaN,NaN,NaN,NaN
1.239927232E2,NaN,NaN,NaN,NaN,NaN,NaN,NaN,NaN
1.240026852E2,NaN,NaN,NaN,NaN,NaN,NaN,NaN,NaN
1.240126482E2,NaN,NaN,NaN,NaN,NaN,NaN,NaN,NaN
1.240226102E2,NaN,NaN,NaN,NaN,NaN,NaN,NaN,NaN
1.240325735E2,NaN,NaN,NaN,NaN,NaN,NaN,NaN,NaN
1.240425355E2,NaN,NaN,NaN,NaN,NaN,NaN,NaN,NaN
1.240524985E2,NaN,NaN,NaN,NaN,NaN,NaN,NaN,NaN
1.240624605E2,NaN,NaN,NaN,NaN,NaN,NaN,NaN,NaN
1.240724235E2,NaN,NaN,NaN,NaN,NaN,NaN,NaN,NaN
1.240823855E2,NaN,NaN,NaN,NaN,NaN,NaN,NaN,NaN
1.240923475E2,NaN,NaN,NaN,NaN,NaN,NaN,NaN,NaN
1.241023105E2,NaN,NaN,NaN,NaN,NaN,NaN,NaN,NaN
1.241122725E2,NaN,NaN,NaN,NaN,NaN,NaN,NaN,NaN
1.241222355E2,NaN,NaN,NaN,NaN,NaN,NaN,NaN,NaN
1.241321975E2,NaN,NaN,NaN,NaN,NaN,NaN,NaN,NaN
1.241421605E2,NaN,NaN,NaN,NaN,NaN,NaN,NaN,NaN
1.241521225E2,NaN,NaN,NaN,NaN,NaN,NaN,NaN,NaN
1.241620855E2,NaN,NaN,NaN,NaN,NaN,NaN,NaN,NaN
1.241720475E2,NaN,NaN,NaN,NaN,NaN,NaN,NaN,NaN
1.241820105E2,NaN,NaN,NaN,NaN,NaN,NaN,NaN,NaN
1.241919725E2,NaN,NaN,NaN,NaN,NaN,NaN,NaN,NaN
1.242019345E2,NaN,NaN,NaN,NaN,NaN,NaN,NaN,NaN
1.242118975E2,NaN,NaN,NaN,NaN,NaN,NaN,NaN,NaN
1.242218595E2,NaN,NaN,NaN,NaN,NaN,NaN,NaN,NaN
1.242318225E2,NaN,NaN,NaN,NaN,NaN,NaN,NaN,NaN
1.242417845E2,NaN,NaN,NaN,NaN,NaN,NaN,NaN,NaN
1.242517475E2,NaN,NaN,NaN,NaN,NaN,NaN,NaN,NaN
1.242617095E2,NaN,NaN,NaN,NaN,NaN,NaN,NaN,NaN
1.242716715E2,NaN,NaN,NaN,NaN,NaN,NaN,NaN,NaN
1.242816345E2,NaN,NaN,NaN,NaN,NaN,NaN,NaN,NaN
1.242915965E2,NaN,NaN,NaN,NaN,NaN,NaN,NaN,NaN
1.243015595E2,NaN,NaN,NaN,NaN,NaN,NaN,NaN,NaN
1.243115215E2,NaN,NaN,NaN,NaN,NaN,NaN,NaN,NaN
1.243214845E2,NaN,NaN,NaN,NaN,NaN,NaN,NaN,NaN
1.243314465E2,NaN,NaN,NaN,NaN,NaN,NaN,NaN,NaN
1.243414095E2,NaN,NaN,NaN,NaN,NaN,NaN,NaN,NaN
1.243513715E2,NaN,NaN,NaN,NaN,NaN,NaN,NaN,NaN
1.243613345E2,NaN,NaN,NaN,NaN,NaN,NaN,NaN,NaN
1.243712965E2,NaN,NaN,NaN,NaN,NaN,NaN,NaN,NaN
1.243812585E2,NaN,NaN,NaN,NaN,NaN,NaN,NaN,NaN
1.243912215E2,NaN,NaN,NaN,NaN,NaN,NaN,NaN,NaN
1.244011835E2,NaN,NaN,NaN,NaN,NaN,NaN,NaN,NaN
1.244111465E2,NaN,NaN,NaN,NaN,NaN,NaN,NaN,NaN
1.244211085E2,NaN,NaN,NaN,NaN,NaN,NaN,NaN,NaN
1.244310715E2,NaN,NaN,NaN,NaN,NaN,NaN,NaN,NaN
1.244410335E2,NaN,NaN,NaN,NaN,NaN,NaN,NaN,NaN